idno,0,1,2,3,4,5,6,7,8,9,10,11,12,13,14,15,16,17,18,19,20,21,22,23,24,25,26,27,28,29,30,31,32,33,34,35,36,37,38,39
uj0002,9.362469258076796e-05,0.0001414943689695,0.2042435569208061,0.000166472242249,0.0001097837628664,9.527056835235452e-05,0.0001784129178353,0.0002358294987533,8.93491991323286e-05,8.178369194783506e-05,6.421554023072553e-05,0.0001270722700954,0.0001196251769615,7.74636267172321e-05,0.0001103900113377,0.0001126521057758,0.1758490105154602,0.0001058085997245,0.0001327542351329,0.0001739306031557,0.0001045904687466,0.000317306973141,4.6907089656582495e-05,0.000102932713621,0.0001462021825244,0.1066447207010166,8.295062286767429e-05,0.0001038349062531,0.000128997360101,0.0001289312680488,0.0001141558303337,0.0001620637645263,0.0480060300817198,0.4609557370818546,0.0001528511068801,7.826330225784193e-05,0.0001540835939511,5.189709545299448e-05,0.0001238415258715,8.520178308941382e-05
uj0003,0.0001601634601796,0.0002420539614648,0.1307228627936574,0.0002847835288694,0.0092993039164711,0.0001629790545633,0.0094167075909296,0.0004034327642803,0.000152849387302,0.0001399070985181,0.0001098533179351,0.0002173821233518,0.000204642405103,0.0001325167768363,0.0001888438370024,0.000192713594675,0.0001449289913356,0.0001810064309052,0.0002271022426488,0.0002975425228609,0.000178922578163,0.0005428160174043,8.024380726135791e-05,0.0001760866618067,0.0002501076029566,0.4375587015976161,0.0001419033634858,0.0001776300398378,0.0002206753686267,0.0002205623051657,0.0001952860114351,0.000277241960222,0.0001202864276858,0.4058726135659247,0.0002614818964462,0.0001338847792091,0.0002635903081105,8.878019411229849e-05,0.0002118552996091,0.0001457544160297
uj0006,0.0001017541202273,0.0001537803183621,0.0077974648727053,0.0001809270192018,0.0637946150715913,0.2779593921717507,0.0059825680294293,0.0002563065630213,9.710738588420683e-05,8.888496606725591e-05,6.979137256409516e-05,0.0001381059493221,0.0001300122254421,8.418978977617579e-05,0.0001199751708223,0.0001224336828139,9.207544587420444e-05,0.0001149959554545,0.0001442812791162,0.0059776965155772,0.0059023355805635,0.0003448587226721,5.098003004191149e-05,0.0001118703562961,0.0001588969111461,0.0001314062491524,9.015322154389667e-05,0.0001128508862719,0.0290835158265143,0.0001401263639802,0.0001240679757043,0.0001761357535661,7.641967531629618e-05,0.5646558008091815,0.0233207772666601,8.505890110630817e-05,0.0001674626651557,5.640331780657237e-05,0.0001345946797294,0.0116699269025864
uj0007,0.0001240069987357,0.0001874109441672,0.1364855439391491,0.0002204944290343,0.0001454098760456,0.0001261869804168,0.0002363099932997,0.0003123589252752,0.0001183440577311,0.0001083234551102,8.505423298813867e-05,0.0001683087057774,0.0001584449439493,0.0001026014782596,0.0001462128592261,0.0001492090297276,0.0001122116694105,0.0001401447260395,0.2894145046598405,0.0002303731151591,0.0001385312973331,0.0004202767916508,6.21289880628853e-05,0.000136335581309,0.0001936464982016,0.0001601438304032,0.0001098690687417,0.0001375305459865,0.0001708585099723,0.0001707709702772,0.0001512007304661,0.0002146553488054,9.313209685424728e-05,0.5682136468558122,0.0002024530761614,0.0001036606578523,0.0002040855196807,6.873830901689812e-05,0.000164029547322,0.000112850756746
uj0008,0.0001874976021756,0.0536158740669972,0.1956985618766973,0.000333385834336,0.000219858583541,0.0001907937172511,0.0003572988425295,0.000472284226732,0.0001789352801257,0.0001637842081464,0.0001286013281729,0.0002544814331472,0.0002395675032073,0.0001551326243638,0.0002210726877647,0.000225602873887,0.0001696631574435,0.0002118977183374,0.0002658604272011,0.0003483223296945,0.0002094582268828,0.0006354551879167,9.393853900305856e-05,0.362867207683999,0.0002927919750714,0.0002421362061008,0.0001661211637437,0.0002079450987547,0.0002583367169411,0.0002582043576139,0.000228614309665,0.0003245571911708,0.0001408149945066,0.3791419521750453,0.0003061074513563,0.0001567340955382,0.0003085756930578,0.0001039317800581,0.0002480113793768,0.0001706294524446
uj0009,0.000232050636813,0.0135517645409157,0.0969885544948044,0.0268147406620372,0.0002721012094422,0.0002361299721933,0.0004421999160494,0.0005845080379601,0.0002214537424462,0.0002027024845079,0.0001591594759147,0.0003149511136872,0.0002964933472956,0.0001919951181049,0.0002736038081687,0.3699091136782785,0.0002099783851721,0.0002622486896305,0.0003290339754724,0.0004310904112048,0.0002592295281107,0.0007864515562395,0.0001162601416978,0.0002551207495187,0.0267645009214553,0.0002996724233761,0.0002055947456796,0.0002573568516518,0.0003197224870226,0.0003195586765749,0.000282937464409,0.0004016782189187,0.0001742753441587,0.4560323004754425,0.0003788444662557,0.0001939771296162,0.0003818992096337,0.0001286279689327,0.0003069436507639,0.000211174290441
uj0013,0.0001222817013369,0.0001848035137981,0.0163269545400772,0.000217426711335,0.0001433868024816,0.0001244313531434,0.000233022235182,0.0003080131057105,0.0001166975482837,0.0001068163613394,8.387088165775327e-05,0.0001659670430065,0.0001562405147442,0.0001011739938002,0.0001441786138346,0.0001471330989053,0.0001106504792896,0.0001381949059991,0.0140862916019047,0.0002271679562536,0.0001366039247705,0.0004144295212322,6.126459345139115e-05,0.4244779935549543,0.0001909523131714,0.0001579157647549,0.0001083404709977,0.0001356170967807,0.0001684813720218,0.0001683950502581,0.0001490970893037,0.0002116688696655,9.18363589839237e-05,0.539438790102129,0.0001996363660624,0.0001022184371295,0.0002012460975527,6.778195956119338e-05,0.0001617474200694,0.0001112806750647
uj0014,0.000164664480019,0.0002488563225122,0.0126183145789221,0.0002927867045745,0.0001930845990371,0.0001675592001044,0.0003137876294621,0.0004147702995324,0.0001571448622119,0.0001438388606403,0.0001129404887723,0.0002234911400329,0.000210393401768,0.0001362408512345,0.2156479049713101,0.0001981293599936,0.0001490018820222,0.0001860931937388,0.0002334844205724,0.0003059042602818,0.0001839507791841,0.0286607341741303,8.249887198126662e-05,0.0001810351660246,0.0002571362927815,0.0002126492926241,0.0001458912259709,0.0001826219170892,0.0002268769342718,0.0283294242742291,0.0002007740685165,0.0190201422516291,0.1500045392276439,0.539056923931774,0.0002688302342145,0.0001376472981178,0.0002709978978625,9.127515404007476e-05,0.0002178089978219,0.0001498505033488
uj0015,0.0003605671750443,0.0005449227495196,0.0481426395873475,0.0006411174707915,0.0004227989449293,0.0003669057675788,0.0006871033698703,0.000908225958491,0.0003441014056823,0.0003149651438896,0.0002473067232233,0.0004893803994632,0.0004607001735571,0.0002983277197949,0.0004251337274814,0.0004338454997581,0.0003262706545506,0.0004074898068707,0.0005112627685882,0.0006698410911152,0.0004027985439845,0.0012220117981015,0.0206928601582546,0.0003964142017127,0.0005630534689625,0.4722465089089026,0.000319459225244,0.0003998887236546,0.0004967943011369,0.0004965397675954,0.0004396366399044,0.000624139552735,0.0002707942084804,0.441937787792193,0.0005886597893245,0.0003014074281782,0.0005934063403594,0.0001998659604072,0.0004769381656251,0.0003281288876947
uj0016,0.0002232107749752,0.0003373369447924,0.2202756141526881,0.000396886731267,0.0002617356395373,0.0002271347099582,0.0004253545144757,0.0005622414742065,0.0002130175644052,0.2668567477069692,0.0001530963691868,0.0003029531964701,0.0002851985701645,0.0001846811527528,0.0002631809974593,0.0002685740603221,0.0002019793555666,0.0002522584469175,0.0003164995781397,0.0004146682210872,0.0002493542989614,0.0007564920474238,0.0001118312652941,0.0002454020423922,0.0003485608503995,0.00028825654081,0.000197762708796,0.0002475529612473,0.000307542806542,0.0130055646211391,0.0002721590923758,0.0003863764726824,0.0001676364054113,0.4894526781444406,0.0003644125612814,0.000186587660451,0.0003673509356212,0.0001237279458625,0.0002952507741487,0.0002031297033766
uj0019,0.0004017734893833,0.000607197575575,0.0536444735790345,0.000714385615698,0.0004711172263281,0.0004088364685356,0.0007656268722906,0.0010120197781359,0.0003834259800429,0.0003509599698838,0.0002755694140077,0.0005453077382986,0.0005133498806895,0.0003324211887758,0.0004737188323473,0.000483426202814,0.0003635574961754,0.0004540585303541,0.0005696908669022,0.0007463918269227,0.0004488311408693,0.001361665670566,0.0002012933187672,0.0004417171836111,0.0006274003087126,0.0005188541469455,0.0003559676435499,0.0004455887806426,0.0005535689149989,0.0005532852928719,0.0004898791656602,0.0006954674283195,0.0003017410945204,0.6524380017046674,0.0006559329689052,0.0003358528521914,0.2749378651492645,0.0002227070290353,0.000531443581906,0.0003656280917983
uj0021,0.0004536132942362,0.0264910307532175,0.008955106625202,0.0008065609629672,0.000531904276049,0.0004615875915083,0.0008644137477277,0.0011425980994839,0.0004328984527326,0.1552291716092177,0.0003111254300791,0.000615667399862,0.0005795861016931,0.0003753126438132,0.0005348415606331,0.0005458014482617,0.0004104663892521,0.0005126445402013,0.000643196621132,0.000842696853695,0.0005067426740326,0.0015373579063711,0.0260327537092102,0.2843590791379292,0.0007083521644913,0.0005858005693339,0.0004018972373713,0.0005030819603659,0.0006249944950445,0.0006246742778805,0.0005530870203852,0.0007852018102991,0.0003406739755326,0.4785655266292572,0.0007405663207891,0.0003791870859747,0.000746537742483,0.0002514423468938,0.0006000143868603,0.0004128041485278
uj0023,0.000232050636813,0.0003506965686058,0.0045810786886347,0.0004126047174173,0.0002721012094422,0.0002361299721933,0.0004421999160494,0.01378557601027,0.0002214537424462,0.0002027024845079,0.0001591594759147,0.0003149511136872,0.0002964933472956,0.2246101506473741,0.0002736038081687,0.0002792104535998,0.0002099783851721,0.0002622486896305,0.0003290339754724,0.0004310904112048,0.0002592295281107,0.0007864515562395,0.0001162601416978,0.0002551207495187,0.0003623649768353,0.0002996724233761,0.0002055947456796,0.0002573568516518,0.0003197224870226,0.1719334423166043,0.000282937464409,0.0136027461912287,0.0001742753441587,0.5616408442539221,0.0003788444662557,0.0001939771296162,0.0003818992096337,0.0001286279689327,0.0003069436507639,0.000211174290441
uj0024,9.072536891444813e-05,0.0001371126405889,0.4095299652935891,0.0001613170113111,0.3975227709440488,9.232027601051922e-05,0.0001728879138989,0.0002285264462347,8.658227685498594e-05,7.925105459494e-05,6.222694480355398e-05,0.0001231371582156,0.0001159206830177,7.506477103045389e-05,0.0001069715074839,0.0001091635504884,8.209573014078215e-05,0.0001025319707837,0.0001286431669402,0.0001685444053469,0.0001013515622899,0.0054687325441304,4.545449385721906e-05,9.974514371389972e-05,0.0001416746648773,0.0001171636136736,8.038184856906983e-05,0.0001006193976859,0.0001250026329759,0.00012493858763,0.00011062070844,0.0001570450531694,6.813683042908261e-05,0.1834572446947841,0.0001481176885971,7.583968261022863e-05,0.0001493120086115,5.028997159589531e-05,0.0001200064620979,8.256329596262638e-05
uj0026,0.0542961401813275,0.0001108054731132,0.0139603884855273,0.0334982562441356,0.0501378081924498,0.0501264427833793,0.0001397167103838,0.000184680135144,6.997013629761837e-05,6.404552170677431e-05,5.028774903415254e-05,9.951140183205308e-05,9.367951831586842e-05,6.066244098601472e-05,8.644737965429041e-05,8.821884551733223e-05,0.0668021251642013,8.28596363042953e-05,0.0001039609981571,0.0001362065707059,8.190570732251251e-05,0.0002484858552115,3.673335058924041e-05,8.060750484046886e-05,0.0001144922029249,9.468397362195847e-05,0.0292618634387093,8.1314019750994e-05,0.1127176489919125,0.0001009671993258,8.939642531986866e-05,0.0001269135459851,5.506373226931461e-05,0.5862117138676302,0.0001196990335168,6.128867386905906e-05,0.0001206642048802,4.0641067603958685e-05,9.698137788235218e-05,6.672225865994766e-05
uj0027,7.362540301456226e-05,0.0001112695769942,0.1312956371218271,0.000130911895019,0.8126468532461721,7.491970117089987e-05,0.0001403019077184,0.0001854536598179,7.026320315520453e-05,6.431377357510331e-05,5.049837707297519e-05,9.992820098912298e-05,9.407189088373424e-05,6.091652296861453e-05,8.680946072547883e-05,8.85883462958597e-05,6.662228315753109e-05,8.320669026927749e-05,0.0001043964342539,0.0001367770659739,8.224876579764939e-05,0.0002495266273551,3.6887206622620266e-05,8.094512585125232e-05,0.0001149717485126,9.508055330697052e-05,6.523143489814798e-05,8.165459996859942e-05,0.000101442070072,0.0001013900960271,8.97708583399287e-05,0.0001274451178252,5.529436430516621e-05,0.0525446307089383,0.0001202003876868,6.154537880071774e-05,0.0001211696016282,4.081129093925387e-05,9.738758014469256e-05,6.700172192400861e-05
uj0028,0.0010493524271873,0.00158587927414,0.0804123574730701,0.0018658331114157,0.0012304644731439,0.0010677995236547,0.0019996650799214,0.0026431943336494,0.0010014323827645,0.0009166376228767,0.0007197324887996,0.0014242353312709,0.001340767764754,0.0008682180146475,0.0012372593505137,0.0012626130710305,0.000949539855453,0.001185910552843,0.0014879192125092,0.0019494269679574,0.001172257651423,0.1229490712788219,0.0005257381041969,0.0011536774102845,0.001638644794051,0.0013551438132196,0.0009297166702876,0.001163789251532,0.0014458118813693,0.0014450711167962,0.00127946692626,0.0018164225694855,0.0007880877118177,0.7488968958062372,0.0017131664263099,0.0008771808368088,0.0017269802318748,0.0005816664554662,0.0013880249128487,0.0009549478393046
uj0032,0.0002594508648297,0.0003921063491453,0.005122006316997,0.0004613245291502,0.0003042305553675,0.0002640118826614,0.0004944142891498,0.0006535259632616,0.0297672674552831,0.0297463020739528,0.0001779528133991,0.0003521401188443,0.0003315028841489,0.0002146656441867,0.0003059105789367,0.0003121792495418,0.0002347723513138,0.0002932146632286,0.0741670477458057,0.0004819929888709,0.0002898390031652,0.0008793147013747,0.0001299879833255,0.0002852450655069,0.0004051525473714,0.0003350573412699,0.0002298710975485,0.0002877452035813,0.0003574748895448,0.0003572917365791,0.0003163463407894,0.0004491078443612,0.000194853543095,0.8493561276265387,0.0004235779128036,0.0002168816889595,0.0004269933561833,0.0001438161870151,0.000343187145437,0.0002361094674732
uj0035,0.0001158352810197,0.0001750610820768,0.0615942946701958,0.0002059644569328,0.0001358277680011,0.0001178716079466,0.0002207378193224,0.000291775337337,0.0001105455121409,0.0001011852394755,7.944939463531983e-05,0.0001572176282835,0.0001480038610371,9.584032504947664e-05,0.0001365778368142,0.0001393765679791,0.2307451221952537,0.0001309095767958,0.0001642475260457,0.000215192165006,0.000129402468572,0.0003925817152521,0.0395963728536811,0.0001273514441517,0.0001808857303729,0.0001495907955797,0.0001026290014501,0.000128467663967,0.000159599407445,0.0001595176363733,0.000141237021156,0.0002005101559167,8.69949496484178e-05,0.5834877254774339,0.0001891119792395,0.0791735056953083,0.0001906368492527,6.420864485850694e-05,0.000153220454517,0.0001054142044742
uj0036,0.0009374301386534,0.0014167318713212,0.0185064832798931,0.0016668262702043,0.0010992250570755,0.0009539096966656,0.0017863839302831,0.0023612753603881,0.0008946211712143,0.000818870487784,0.0006429669473174,0.0012723286185624,0.001197763572134,0.0007756152392328,0.0011052952034533,0.0011279447357969,0.0008482634196979,0.0010594231882247,0.0013292200766393,0.001741504136761,0.0010472264839149,0.0031770798026459,0.0004696637003391,0.0010306279822339,0.001463869503412,0.0012106062937566,0.0008305545444557,0.0010396613103104,0.0012916038475764,0.0012909420917939,0.0011430009851897,0.0016226857793907,0.0007040315091666,0.9356668139028392,0.0015304427749375,0.0007836221008015,0.0015427832216078,0.0005196268211427,0.0012399803467303,0.0008530945964508
uj0037,0.0006826090799789,0.0010316225171175,0.0134758772994858,0.0012137339091991,0.000800423385126,0.000694609009861,0.0013007922839897,0.0017194113298371,0.0006514368478589,0.0005962774261676,0.0004681896370386,0.0397592416895783,0.0008721762361738,0.0005647802252559,0.0008048434873431,0.0008213362112247,0.000617680495457,0.0007714408338324,0.0009678989998205,0.0012681121371685,0.000762559552162,0.0023134561517501,0.0003419953052165,0.0007504730109956,0.0010659467556362,0.0008815279286678,0.0006047854128924,0.0007570508150507,0.000940507967194,0.0009400260960794,0.1173306078628066,0.0011815921008854,0.0005126550565557,0.7978233868452128,0.0011144234556627,0.0005706105865635,0.001123409406296,0.0003783769815872,0.0009029172508678,0.0006211984164012
uj0040,0.0002074085120254,0.0829079151631716,0.0040946007618454,0.0003687890353138,0.0002432059991122,0.0002110546510445,0.0003952414346507,0.1775105661738334,0.0001979369323612,0.0119803855062013,0.000142257873228,0.0002815055487361,0.000265007865665,0.0001716066040981,0.0002445490325566,0.0002495602921778,0.0001876801762933,0.0002343997467274,0.0002940929109087,0.0003853116800903,0.0002317011986562,0.0007029360026759,0.0001039141427431,0.0002280287430848,0.0003238843973357,0.0002678493465096,0.0001837620480914,0.0002300273870986,0.0002857702362087,0.0002856238212638,0.0002528915209856,0.0003590228531288,0.0001557685439312,0.4548017527025176,0.2599212026807737,0.0001733781401044,0.0003413442337486,0.0001149685948187,0.00027434842134,0.0001887490849409
uj0042,0.0002124213189238,0.0003210309123406,0.1250373706120355,0.0003777022096199,0.0002490839869449,0.0002161555806079,0.0004047939306925,0.5080790594785891,0.0002027208229079,0.000185555746365,0.0001456960698637,0.0002883091892563,0.0002714127776147,0.000175754123216,0.0002504594798446,0.0123399726974238,0.000192216173747,0.0002400648983448,0.0003012007723854,0.0003946241862604,0.0002373011297084,0.0369730676214595,0.0001064256188946,0.0002335399154335,0.0003317122821481,0.0002743229335326,0.0001882033492383,0.0002355868641982,0.0002926769489441,0.0002925269953312,0.0002590035958882,0.0003676999909052,0.0001595332767473,0.3086967969308256,0.0003467977605848,0.0001775684750538,0.0003495941011863,0.000117747243388,0.0002809790829538,0.0001933109165929
uj0043,0.0003097396181078,0.0004681074041577,0.1823217538559024,0.0005507419818258,0.0003631988511509,0.00031518468734,0.0005902454524822,0.0007801973696138,0.0002955949552904,0.0002705659032153,0.0002124449903052,0.000420394613072,0.0003957573115253,0.0002562737830722,0.0003652045097524,0.0003726882220944,0.0002802777261349,0.0003500477744472,0.0004391923215856,0.0005754165606713,0.0003460178181023,0.0010497502098485,0.0001551832495924,0.0003405334482705,0.0004836823164208,0.0004000007207425,0.0002744264738351,0.0003435181822505,0.0004267634098788,0.0004265447568029,0.2823088006981131,0.0005361573656459,0.0002326215488424,0.4501225605643854,0.0357470712381717,0.0002589193586114,0.0357511486889398,0.000171691741606,0.0004097063058045,0.0002818740123868
uj0047,0.0008899687986462,0.0013450038669918,0.3213447277978673,0.0522116383528847,0.0010435721694339,0.0009056140097842,0.0016959407371291,0.0022417258727953,0.0008493272150741,0.0007774117283095,0.0006104140437551,0.0012079116357105,0.0011371217580923,0.0007363464584819,0.0010493349891436,0.0010708377937352,0.0008053165195312,0.0010057854374478,0.0012619227246548,0.0016533331717465,0.0009942062425463,0.0030162267870173,0.0004458850019042,0.0009784481097625,0.0013897549583778,0.0011493142629655,0.0007885042305139,0.0009870240876456,0.0012262109752579,0.0012255827236427,0.0010851317572336,0.0015405304930126,0.0006683869555571,0.5845195366195507,0.0014529576782803,0.0007439479390376,0.0014646733379813,0.0004933185297637,0.0011772011310728,0.0008099030976596
uj0049,0.0008081380311323,0.0012213335777496,0.0159540347000993,0.0014369344921825,0.0009476178936089,0.0008223446978659,0.0015400025375108,0.4617751342831789,0.0007712333560695,0.0007059303477278,0.0005542877505887,0.0010968466900747,0.0010325657934753,0.0006686409434736,0.0009528508341131,0.0009723765008477,0.000731269351827,0.0009133055725066,0.0011458915724854,0.0015013126485483,0.0009027910603304,0.0027388910496824,0.0004048868096257,0.0008884818548599,0.0012619698999877,0.0010436372230555,0.0007160029175812,0.000896269289534,0.0011134634436681,0.0011128929584734,0.0009853561643328,0.0013988819399245,0.0006069301745411,0.4848002361222759,0.0013193612621366,0.000675543483809,0.0013299996914597,0.0004479589239205,0.0010689599520332,0.0007354342037004
uj0050,0.0003097396181078,0.0004681074041577,0.1647010577504501,0.0005507419818258,0.0003631988511509,0.00031518468734,0.0005902454524822,0.2298492467404941,0.0002955949552904,0.0002705659032153,0.0002124449903052,0.000420394613072,0.0003957573115253,0.0002562737830722,0.0003652045097524,0.0003726882220944,0.0002802777261349,0.0003500477744472,0.0004391923215856,0.0005754165606713,0.0003460178181023,0.0010497502098485,0.0001551832495924,0.0003405334482705,0.0004836823164208,0.0004000007207425,0.0002744264738351,0.0003435181822505,0.0004267634098788,0.0004265447568029,0.0003776630108758,0.0005361573656459,0.0002326215488424,0.591088129408004,0.000505679027267,0.0002589193586114,0.0005097564780352,0.000171691741606,0.0004097063058045,0.0002818740123868
uj0051,0.0008081380311323,0.0012213335777496,0.0159540347000993,0.0014369344921825,0.0009476178936089,0.0008223446978659,0.0015400025375108,0.0020356038727817,0.0007712333560695,0.0007059303477278,0.0005542877505887,0.0010968466900747,0.0010325657934753,0.0006686409434736,0.0009528508341131,0.0009723765008477,0.000731269351827,0.0009133055725066,0.0011458915724854,0.0015013126485483,0.1847986032244893,0.0027388910496824,0.0004048868096257,0.0008884818548599,0.0012619698999877,0.0010436372230555,0.0007160029175812,0.000896269289534,0.0011134634436681,0.0011128929584734,0.2768290744105711,0.0013988819399245,0.0006069301745411,0.4848002361222759,0.0013193612621366,0.000675543483809,0.0013299996914597,0.0004479589239205,0.0010689599520332,0.0007354342037004
uj0053,0.0001206037529679,0.0001822676416996,0.084712869743457,0.0002144431840231,0.0001414192501108,0.0001227239072722,0.0002298247062369,0.3364925588096029,0.0001150962256109,0.000105350628222,8.272000619927895e-05,0.013885680349147,0.0001540965838532,9.978568519777246e-05,0.0001422001962358,0.0001451141398898,0.0001091321344414,0.0001362985967836,0.0001710089351226,0.0002240507596696,0.0001347294469846,0.0004087427231942,6.042392126954466e-05,0.0001325939901502,0.0001883320673051,0.0001557488460989,0.0001068538240618,0.0001337561602393,0.0001661694722011,0.0001660843349438,0.0001470511804302,0.0002087643514035,9.057618131962386e-05,0.5594805974474991,0.0001968969577031,0.0001008157966854,0.0001984846004728,6.685185614217126e-05,0.0001595279234748,0.0001097536826759
uj0054,0.0010493524271873,0.00158587927414,0.0804123574730701,0.0018658331114157,0.0012304644731439,0.0010677995236547,0.0019996650799214,0.1220358657648375,0.0010014323827645,0.0009166376228767,0.0007197324887996,0.120816906762459,0.001340767764754,0.0008682180146475,0.0012372593505137,0.0012626130710305,0.000949539855453,0.001185910552843,0.0014879192125092,0.0019494269679574,0.001172257651423,0.0035563998476338,0.0005257381041969,0.0011536774102845,0.001638644794051,0.0013551438132196,0.0009297166702876,0.001163789251532,0.0014458118813693,0.0014450711167962,0.00127946692626,0.0018164225694855,0.0007880877118177,0.6295042243750492,0.0017131664263099,0.0008771808368088,0.0017269802318748,0.0005816664554662,0.0013880249128487,0.0009549478393046
uj0055,6.715596687902705e-05,0.0001014923616212,0.570568090788187,0.0001194087166385,7.874669106713369e-05,6.833653554907429e-05,0.0001279736324966,0.4089539086898955,6.408920224140547e-05,5.866254677370831e-05,4.606110390304535e-05,9.11475480083822e-05,8.580582964260278e-05,5.5563811284763134e-05,7.918154645772728e-05,8.080412203021615e-05,6.076820849792017e-05,7.589535007002751e-05,9.522315931718497e-05,0.0001247585172544,7.502159805706343e-05,0.0002276008175979,3.3645941818730054e-05,7.383250845649305e-05,0.0001048692247377,8.672586128268193e-05,5.949957354562781e-05,7.447964135322796e-05,9.252839399132346e-05,9.248098688590216e-05,8.188272719112565e-05,0.0001162465638371,5.043566956285645e-05,0.0173642081588195,0.0001096384253781,5.613740979428916e-05,0.0001105224748594,3.722521834026207e-05,8.88301705504009e-05,6.111430612443019e-05
uj0056,0.0008081380311323,0.0012213335777496,0.1538758938232184,0.0014369344921825,0.0009476178936089,0.0008223446978659,0.0015400025375108,0.0020356038727817,0.0007712333560695,0.0007059303477278,0.0005542877505887,0.0010968466900747,0.0010325657934753,0.0006686409434736,0.0009528508341131,0.0009723765008477,0.000731269351827,0.0009133055725066,0.0011458915724854,0.0015013126485483,0.0009027910603304,0.0027388910496824,0.0004048868096257,0.0008884818548599,0.0012619698999877,0.0010436372230555,0.0007160029175812,0.000896269289534,0.0011134634436681,0.0011128929584734,0.0009853561643328,0.0013988819399245,0.0006069301745411,0.3928523300401965,0.3231370325494146,0.000675543483809,0.0013299996914597,0.0004479589239205,0.0930168660341126,0.0007354342037004
uj0057,0.0008081380311323,0.0012213335777496,0.061927987741139,0.0014369344921825,0.0009476178936089,0.0008223446978659,0.0015400025375108,0.27787932211902,0.0007712333560695,0.0007059303477278,0.0005542877505887,0.0010968466900747,0.0010325657934753,0.0006686409434736,0.1388747099572323,0.0009723765008477,0.000731269351827,0.0009133055725066,0.0011458915724854,0.0015013126485483,0.0009027910603304,0.0487128440907221,0.0004048868096257,0.0008884818548599,0.0012619698999877,0.0010436372230555,0.0007160029175812,0.000896269289534,0.0011134634436681,0.0470868459995131,0.0009853561643328,0.0013988819399245,0.0006069301745411,0.3928523300401965,0.0013193612621366,0.000675543483809,0.0013299996914597,0.0004479589239205,0.0010689599520332,0.0007354342037004
uj0058,0.0003097396181078,0.0004681074041577,0.2175631460668071,0.0005507419818258,0.0003631988511509,0.00031518468734,0.0005902454524822,0.1946078545295894,0.0002955949552904,0.0002705659032153,0.0002124449903052,0.000420394613072,0.0003957573115253,0.0002562737830722,0.0003652045097524,0.0003726882220944,0.0002802777261349,0.0003500477744472,0.0004391923215856,0.0005754165606713,0.0003460178181023,0.0010497502098485,0.0001551832495924,0.0003405334482705,0.0004836823164208,0.0004000007207425,0.0002744264738351,0.0003435181822505,0.0709095478316882,0.0004265447568029,0.1237225357490421,0.0005361573656459,0.0002326215488424,0.3620190800371237,0.000505679027267,0.0002589193586114,0.0005097564780352,0.0177923878470583,0.0004097063058045,0.0002818740123868
uj0059,0.107324553577857,0.0005682342312056,0.0288124416992098,0.0006685441073049,0.043220310659134,0.000382601785205,0.0007164972566869,0.214844202435475,0.0003588218658278,0.0003284391715201,0.0002578863625471,0.0005103158113719,0.0004804086619036,0.0003110900079955,0.0004433207037291,0.0004524051606111,0.0003402283254222,0.0004249219863465,0.0005331342956574,0.000698496507579,0.0004200300339334,0.0012742887597014,0.0001883765002325,0.0004133725731726,0.0005871405723942,0.0004855597241445,0.0003331255070891,0.000416995733164,0.0005180468754933,0.0005177814531534,0.0004584440424008,0.0006508398836827,0.0002823786289093,0.3111156459060257,0.0220035546257136,0.0003143014645315,0.000618791922165,0.0002084161111943,0.0004973413059292,0.2570187137643782
uj0060,0.0002594508648297,0.0003921063491453,0.6397947984827744,0.0004613245291502,0.0003042305553675,0.0002640118826614,0.0004944142891498,0.0006535259632616,0.0002476027033865,0.0002266373220561,0.0001779528133991,0.0003521401188443,0.0003315028841489,0.0002146656441867,0.0003059105789367,0.0003121792495418,0.0002347723513138,0.0002932146632286,0.0003678858660641,0.0004819929888709,0.0002898390031652,0.0008793147013747,0.0001299879833255,0.0002852450655069,0.0004051525473714,0.0003350573412699,0.0002298710975485,0.0002877452035813,0.0003574748895448,0.0003572917365791,0.029836011092686,0.0004491078443612,0.000194853543095,0.1704038383329163,0.1480219016722867,0.0002168816889595,0.0004269933561833,0.0001438161870151,0.000343187145437,0.0002361094674732
uj0061,0.0002846600747548,0.0004302048587611,0.0703954895779504,0.000506148534291,0.0003337907263883,0.0002896642580238,0.1139001210901313,0.1140746926456231,0.000271660701928,0.0002486582462581,0.0001952433698698,0.0003863553610436,0.0003637129359549,0.0002355233556904,0.000335633987289,0.0003425117452192,0.0002575837051813,0.0003217044892436,0.0004036310235611,0.0005288252183446,0.0003180008375074,0.0009647521845439,0.0001426180987099,0.000312960535799,0.0004445186740754,0.0003676127573351,0.0002522062273913,0.0003157035965771,0.0003922084778849,0.0003920075290966,0.0003470837265338,0.0166866973555677,0.0002137862372517,0.6727794840770952,0.0004647343164659,0.0002379547196062,0.0004684816170133,0.0001577899020438,0.0003765324834785,0.0002590507405143
uj0062,0.0001135897069075,0.0001716673610058,0.0087044313049283,0.0002019716453434,0.0001331946210285,0.0001155865577526,0.0002164586124324,0.0002861190024248,0.0130323527266058,9.922366997530148e-05,7.79091946008421e-05,0.0906218215096625,0.0001451346692338,9.398237166137194e-05,0.0001339301490636,0.000136674624235,0.0001027852522026,0.0001283717735109,0.0001610634357649,0.0002110204657566,0.0001268938819746,0.0003849711554216,5.690980038606371e-05,0.0001248826185606,0.0001773790931048,0.0001466908395817,0.000100639443288,0.0001259771994219,0.0001565054252444,0.0001564252393806,0.0001384990108054,0.0066585982017559,8.530847204763928e-05,0.6367960271890902,0.0001854458685248,9.495257415576898e-05,0.2328180455247443,0.0065249390216178,0.0001502501342218,0.0001033706525741
uj0063,0.0007726177394597,0.0011676519995539,0.2350190453505994,0.0013737765534264,0.0009059670088857,0.0007861999770406,0.0014723144233501,0.0019461324699945,0.0007373351447493,0.0006749024157584,0.0005299250033685,0.001048636714983,0.0009871811726031,0.0006392520019543,0.0009109699446557,0.0009296373949089,0.0006991276883148,0.000873162825758,0.0010955259154913,0.0014353250806901,0.000863110460548,0.00261850789087,0.0003870907190839,0.0008494301911407,0.0012065022234241,0.0009977659768881,0.0006845322634465,0.0448101238030874,0.001064523108277,0.0010639776977599,0.0009420465600199,0.0013373965344523,0.0005802536217814,0.6832579331919882,0.001261371048773,0.0006458511532194,0.0012715418845688,0.0004282696740374,0.0010219756896673,0.000703109481419
uj0064,0.0004782987600916,0.0007228497031348,0.009442440179217,0.0008504537089795,0.0005608503078599,0.0004867070156395,0.1097507069728257,0.0012047778608131,0.0004564566246592,0.0004178068560345,0.0003280567596467,0.0006491717895498,0.0006111269606262,0.0003957370175511,0.0005639474383727,0.0005755037589879,0.000432803816672,0.000540542464389,0.0006781991407474,0.0008885561013686,0.0005343194208703,0.001621020348781,0.0002396333937534,0.0005258504774834,0.0007469004244132,0.0006176796172723,0.00042376833475,0.0005304594925346,0.0006590064617645,0.0006586688185021,0.0005831858092221,0.0008279321992098,0.0003592133258949,0.5590285097174124,0.000780867663051,0.0003998223054063,0.0007871640472806,0.0002651257453915,0.0006326669454335,0.2997432122144053
uj0067,0.000142044169472,0.0002146703991355,0.0108849098135378,0.0002525659709911,0.0001665601561727,0.0001445412356902,0.0002706819540704,0.0084385060173319,0.0001355575375886,0.0001240794098102,9.742561313516068e-05,0.0001927896858306,0.0001814912117846,0.0001175251551491,0.0001674799355411,0.0001709119075654,0.3152763634897179,0.0001605291751201,0.0002014101681251,0.0002638815401152,0.0001586810686186,0.0004814072465831,7.116582611870475e-05,0.0001561659794524,0.0002218129322429,0.0001834372061061,0.0001258498373413,0.0001575347551417,0.0001957103662993,0.0001956100937065,0.0001731933068422,0.0002458775799322,0.0001066784252801,0.6427812246247712,0.0163933276475978,0.0001187383954266,0.0002337703390926,7.873649160741196e-05,0.0001878881116047,0.000129265220348
uj0069,0.0002416195449208,0.0003651579951496,0.0047699853928277,0.0004296190065399,0.0002833216547077,0.0002458670969711,0.0004604346014615,0.0418449042299948,0.0002305856739104,0.000211061183601,0.0001657226227366,0.0003279385301697,0.0140541507163025,0.0001999122850971,0.0002848862150359,0.0002907240577421,0.0002186371154386,0.0002730628534998,0.0003426021169733,0.0004488669818173,0.0002699191929502,0.0008188819032373,0.0001210542789938,0.0002656409835593,0.0003773075652826,0.0003120298033045,0.0002140727109026,0.0002679692942557,0.2340052350579197,0.0140781671742638,0.000294604756662,0.0004182419397451,0.0001814618133561,0.6672734173015207,0.0003944666077613,0.0002019760274163,0.014143078399825,0.0001339321095794,0.0003196008691572,0.0002198823354079
uj0070,0.0003097396181078,0.0004681074041577,0.0237354889068314,0.0005507419818258,0.0003631988511509,0.00031518468734,0.0005902454524822,0.0007801973696138,0.0002955949552904,0.0002705659032153,0.0002124449903052,0.000420394613072,0.0003957573115253,0.0002562737830722,0.0003652045097524,0.0003726882220944,0.0002802777261349,0.0003500477744472,0.0004391923215856,0.0005754165606713,0.0003460178181023,0.1596360151589195,0.0001551832495924,0.0003405334482705,0.0004836823164208,0.0004000007207425,0.0002744264738351,0.0003435181822505,0.0004267634098788,0.0004265447568029,0.0003776630108758,0.0005361573656459,0.0883361020761041,0.643950217724361,0.000505679027267,0.0002589193586114,0.0709925408998445,0.000171691741606,0.0004097063058045,0.0002818740123868
uj0073,0.0001080062379285,0.000163229101845,0.0082765675178438,0.000192043787907,0.0001266474782025,0.0001099049341515,0.0862265592576482,0.0002720549061449,0.0001030739924927,9.434635935995772e-05,7.407959081825521e-05,0.0001465916464955,0.0001380006168138,8.936269553899821e-05,0.0001273468515711,0.0062742950375289,9.773287304967768e-05,0.0001220616963507,0.0001531464094626,0.0002006478161868,0.0001206564501427,0.0003660480103353,5.41124157135442e-05,0.0001187440497964,0.0001686600754152,0.0001394802940612,0.0553947400727278,0.0001197848268541,0.0001488124466225,0.0001487362022715,0.000131691132244,0.0001869581306867,8.11151589359566e-05,0.4334530226223022,0.0001763303308375,9.028520801219232e-05,0.4057041007062113,5.986892864251352e-05,0.0001428646326093,9.82894982362776e-05
uj0076,0.0009902387993809,0.0014965412455343,0.0195490170714679,0.0017607243212328,0.0011611481814863,0.0010076467075199,0.0018870170751049,0.002494294114799,0.000945018255714,0.0008650002760062,0.0006791874846992,0.0013440032613769,0.0012652377096771,0.0008193083106787,0.0011675602800666,0.0011914857383911,0.0008960490127691,0.057452540144271,0.0014040996107667,0.0018396090486063,0.0011062203500321,0.0033560556243995,0.0004961214703473,0.0010886867977188,0.001546334302406,0.0012788039059364,0.0008773425357367,0.0010982290042044,0.0013643643302711,0.0013636652955116,0.0012073901580456,0.1143809692602393,0.0007436920231356,0.4813752164193263,0.0016166578750629,0.0008277662262712,0.001629693501496,0.0005488991854194,0.2829770127385806,0.0009011523463085
uj0077,0.0001173823149,0.0001773991039879,0.0023173287890804,0.0002087152077421,0.0001376418108137,0.0001194458379171,0.0002236858752356,0.0002956721322369,0.0001120218987055,0.0001025366152591,8.051047813415766e-05,0.0001593173425968,0.0001499805212173,9.712031702298433e-05,0.0001384018971436,0.0001412380066608,0.0001062171139411,0.0001326579348849,0.0001664411279028,0.0002180661561347,0.000131130698532,0.0003978248260638,5.880994230624399e-05,0.0001290522817296,0.0001833015431624,0.0001515886500063,0.0001039996593442,0.5343487277836445,0.0001617309315232,0.000161648068361,0.0068208551117331,0.0002031880620073,8.81568075326455e-05,0.4510481066632595,0.0001916376573963,9.812291327765044e-05,0.0001931828927555,6.506618107832116e-05,0.0001552667847215,0.0001068220600459
uj0078,9.119605471399326e-05,0.0001378239848759,0.0018003669736723,0.0001621539285632,0.0260470784533259,9.279923623353264e-05,0.0261139273582355,0.0002297120479506,8.703146817485103e-05,7.966221132478465e-05,6.254977996662431e-05,0.0001237759973018,0.0001165220828249,7.54542092018595e-05,0.0001075264787134,0.0001097298940994,8.252164512843013e-05,0.0001030639095702,0.0001293105713565,0.0001694188185253,0.0208539913746131,0.0003090759850424,0.0052337188124491,0.0001002626243621,0.0001424096770763,0.0001177714618404,8.079887189027921e-05,0.0001011414139887,0.2180228481242598,0.0001255867725833,0.000111194611828,0.0416620878024403,6.849032624720627e-05,0.6513315910530965,0.0001488861273868,7.623314104499461e-05,0.0001500866435675,5.055087740176795e-05,0.0053086575584258,8.299163669508343e-05
uj0079,0.0008899687986462,0.0013450038669918,0.0681987169634088,0.0015824361859931,0.0010435721694339,0.0009056140097842,0.0016959407371291,0.0022417258727953,0.0008493272150741,0.0007774117283095,0.0006104140437551,0.0012079116357105,0.0011371217580923,0.0007363464584819,0.0010493349891436,0.0010708377937352,0.0008053165195312,0.0010057854374478,0.0012619227246548,0.0522825353386382,0.0009942062425463,0.3067914397883675,0.0004458850019042,0.0516076502766542,0.0013897549583778,0.0011493142629655,0.0007885042305139,0.0009870240876456,0.0012262109752579,0.0518547848905344,0.0010851317572336,0.0015405304930126,0.0006683869555571,0.4326319301188757,0.0014529576782803,0.0007439479390376,0.0014646733379813,0.0004933185297637,0.0011772011310728,0.0008099030976596
uj0080,7.584924164822034e-05,0.0001146304493825,0.0014973944878406,0.0001348660591774,8.894037383912819e-05,7.718263378741827e-05,0.000144539695085,0.0001910552456371,7.238548730311207e-05,0.3711534756041293,0.0043669913347921,0.0001029465096822,9.691331105561616e-05,6.275649275701665e-05,8.943152083821139e-05,9.12641372446121e-05,6.863459414099588e-05,8.571992951583268e-05,0.0001075497049214,0.0001409083862935,8.473307115235598e-05,0.0002570635226564,3.800137634959461e-05,8.339005505644425e-05,0.0001184444441537,9.795243989904536e-05,6.720173562474314e-05,8.412095867892322e-05,0.0001045061048381,0.0001044525609289,9.248236679732206e-05,0.0864306478821539,0.0302617381777504,0.498573398950496,0.0001238310131907,6.340434303719311e-05,0.0001248295020199,4.204398674483366e-05,0.0001003291499602,0.004383993159439
uj0081,0.0002520115678337,0.000380863389569,0.8938455914269092,0.0004480968600647,0.0002955072795436,0.000256441806505,0.000480237829424,0.0006347872562678,0.0002405031315707,0.0002201388956575,0.0001728503296165,0.0003420431205937,0.0003219976222881,0.0002085104845845,0.0002971391313933,0.0003032280588997,0.0002280406672663,0.0002848072487273,0.0003573373862196,0.000468172688073,0.0002815283797761,0.0008541018996336,0.0001262608066421,0.0002770661651962,0.0003935355110182,0.0003254501616058,0.000223279948328,0.0002794946162108,0.0003472249261319,0.0003470470247552,0.0003072756661386,0.0004362304672145,0.0001892664606285,0.0938347073501073,0.0004114325615195,0.000210662988173,0.0004147500730704,0.0001396925109243,0.0003333468579444,0.0002293394439727
uj0083,0.0003043762958961,0.0177755853225449,0.0579556620098698,0.0005412055630684,0.0003569098511271,0.0003097270805775,0.0005800250080812,0.0007666877969362,0.0002904765561684,0.0002658808967337,0.0002087663813426,0.0004131152350585,0.0003889045427632,0.0002518362529899,0.3986173006185803,0.000366234908076,0.0002754245537729,0.0003439864929898,0.0004315874502813,0.0005654528871843,0.0003400263176905,0.0010315731724659,0.0001524961610808,0.0003346369129223,0.0004753070748972,0.0003930744748739,0.0002696746193207,0.0003375699644918,0.0004193737524326,0.0004191588854622,0.000371123555487,0.0005268734880274,0.0002285935709963,0.5115907596795244,0.0004969228998607,0.000254436018845,0.0005009297471898,0.0001687187989229,0.0004026120020677,0.0002769931993969
uj0086,0.000411171381576,0.000621400546915,0.1952453995704592,0.0007310958247529,0.0004821371393392,0.0004183995710231,0.0007835356666629,0.0010356919541831,0.0003923947052563,0.0003591692819666,0.0002820152640024,0.0005580630431452,0.0005253576586125,0.0003401968598373,0.0004847995995798,0.0004947340353545,0.0003720614772623,0.0004646794230466,0.0239740376804741,0.0007638506939418,0.0004593297595838,0.0013935164210824,0.0002060017750463,0.0004520493996008,0.000642075842611,0.2344412022997587,0.0003642940902333,0.0004560115572404,0.0005665174572045,0.0005662272008664,0.0005013379395912,0.0007117351216531,0.0003087991268479,0.5039620446725893,0.000671275910862,0.0003437087933644,0.0240677097843992,0.0002279163738645,0.000543874589977,0.0003741805062312
uj0088,0.0010493524271873,0.00158587927414,0.1401086931886642,0.0018658331114157,0.0012304644731439,0.0010677995236547,0.0019996650799214,0.0026431943336494,0.0010014323827645,0.0009166376228767,0.0007197324887996,0.0014242353312709,0.4789114534895063,0.0008682180146475,0.0012372593505137,0.0012626130710305,0.000949539855453,0.001185910552843,0.0014879192125092,0.0019494269679574,0.001172257651423,0.0035563998476338,0.0005257381041969,0.0011536774102845,0.001638644794051,0.0013551438132196,0.0009297166702876,0.001163789251532,0.0014458118813693,0.0014450711167962,0.00127946692626,0.0018164225694855,0.0007880877118177,0.271326210081485,0.0017131664263099,0.0008771808368088,0.0614233159474688,0.0005816664554662,0.0013880249128487,0.0009549478393046
uj0090,0.0003533198044199,0.0005339698469794,0.38887358118782,0.0006282310622491,0.000414300720838,0.0003595309917647,0.0006732926485307,0.0008899706912691,0.0003371849956706,0.0003086343703486,0.0002423358783845,0.0004795438936005,0.0406512759855063,0.0002923313571126,0.0004165885744524,0.0004251252408213,0.0003197126411732,0.0003992992951978,0.0005009864289021,0.0006563773401618,0.0003947023263106,0.0011974494612577,0.0001770174436522,0.0003884463087944,0.0005517361404496,0.0004562805923373,0.0003130381210366,0.0003918509931305,0.000486808776459,0.0004865593590209,0.000430799979526,0.000611594398952,0.0002653512671157,0.5536543820730141,0.0005768277758741,0.0002953491636102,0.0005814789216227,0.0001958486710073,0.0004673517476413,0.0003215335239836
uj0092,0.0001121404098308,0.0001694770480695,0.3275696929306739,0.0001993946784408,0.0001314951838158,0.0001141117827504,0.0193522761210524,0.0002824683949438,0.0001070193720541,9.795766992343648e-05,7.691514706732539e-05,0.0001522027582023,0.0001432828883147,9.278324561183852e-05,0.0001322213272099,0.0001349307854775,0.0001014738097348,0.0001267338712647,0.0001590084188714,0.0002083280444759,0.0001252748362247,0.0003800592880935,5.618368523371834e-05,0.0001232892346269,0.1405246975508895,0.0001448192034029,9.93553793095813e-05,0.0001243698496732,0.0001545085642481,0.0001544294014801,0.0001367318946032,0.0001941143567124,8.422001674192727e-05,0.5074601106748092,0.0001830797548825,9.374106924130816e-05,0.0001845559851529,6.216054112123124e-05,0.0001483330848144,0.000102051740952
uj0097,0.0004916772049124,0.0007430684569222,0.2055028248895517,0.0008742416611288,0.0005765377934284,0.0005003206469008,0.000936949028547,0.0012384765769232,0.0004692241253838,0.0004294932881049,0.0003372328011154,0.0006673297060871,0.0006282207292147,0.0004068061364671,0.0005797215534564,0.0005916011147123,0.0004449097271671,0.0005556619213822,0.000697168978303,0.0009134098115685,0.0005492648137611,0.0016663617401852,0.1401008155824435,0.0005405589864405,0.0007677918984213,0.0006349566695376,0.0004356215147209,0.0005452969197718,0.0006774394628944,0.0006770923754476,0.0005994980387738,0.0008510902045543,0.0003692608444342,0.5466941420742017,0.0008027092311546,0.0563527974646767,0.0008091817308919,0.0002725415500124,0.028621259092291,0.0004474436541067
uj0101,1.1823207932425623e-05,1.7868334725387448e-05,0.0338637796135708,2.102261573130576e-05,1.3863823957063304e-05,1.2031054077945642e-05,2.25305201785176e-05,2.978125880578607e-05,1.1283285753124329e-05,1.0327890738295715e-05,8.109331670017891e-06,1.6047068677830384e-05,1.5106627345657552e-05,9.782339900208872e-06,1.3940382838462268e-05,1.4226046931634632e-05,0.0134628462664389,1.33618283926816e-05,1.6764604322020022e-05,2.1964479991738025e-05,1.320799914696083e-05,0.0013852852456103,0.3470713332329079,1.2998652840873785e-05,1.846285158874687e-05,0.0154852384150207,0.0726520726259186,1.3112584441498226e-05,1.6290174837084685e-05,0.0047245335100285,1.441594179410296e-05,2.0465899897655703e-05,8.879500008196462e-06,0.4577396632188132,1.93024977656014e-05,0.0087537793052526,1.9458139941957496e-05,6.5537213924666645e-06,0.0006882464636453,0.0437302394371674
uj0102,0.0007101876325278,0.0010733017983245,0.094823682238891,0.0012627707963091,0.0008327618333469,0.0007226723797183,0.0013533464755634,0.0017888784334896,0.0006777559899094,0.000620368035,0.0004871052842027,0.0009639033482668,0.0009074136200099,0.0005875982943054,0.0008373605151125,0.0008545195727209,0.0006426358242125,0.0008026083383357,0.0010070037439727,0.001319345995959,0.0007933682379791,0.002406923663276,0.0003558124895656,0.000780793380263,0.0011090127936906,0.0009171431365768,0.0006292197586687,0.0007876369386424,0.000978506067654,0.0009780047281375,0.0008659260356349,0.0012293304049915,0.0005333671813008,0.8704584692107077,0.0011594480337633,0.0005936642119957,0.0011687970318846,0.0003936640467261,0.0009393966232944,0.0006462958750675
uj0103,6.194918718752825e-05,9.362339045028898e-05,0.0540861500616925,0.0247796283694312,0.0035968523556436,6.303822324682931e-05,0.0635538513661125,0.0001560426566955,5.912019692165444e-05,0.4264836578397774,4.248986471885765e-05,8.408063759139927e-05,7.915307677553271e-05,5.125580206942521e-05,7.304239178245866e-05,7.45391647802638e-05,5.6056688604748174e-05,7.001098289032982e-05,8.78402559783617e-05,0.0001150856595148,6.920497518137826e-05,0.0002099543243686,3.103728298013882e-05,6.810807884182928e-05,9.673843643991316e-05,8.000177592973268e-05,5.4886414274936624e-05,6.870503781387794e-05,8.535442293393582e-05,8.531069142675563e-05,7.553414283091092e-05,0.000107233660354,4.652525873547489e-05,0.4248264032209477,0.0001011378683435,5.178492796975102e-05,0.0001019533751309,3.433904872833714e-05,8.19429325355366e-05,5.637595236709487e-05
uj0104,8.627262169331817e-05,0.0001303832336252,0.0115190511502504,0.0001533996682082,0.0001011627678635,8.77892516963891e-05,0.0001644026777693,0.2652461032419388,8.2332870131397e-05,7.53614599055869e-05,5.9172883311506345e-05,0.0001170936596261,0.0001102313647448,7.138063665205533e-05,0.000101721409431,0.0001038058682667,7.806652046519837e-05,9.74997625552509e-05,0.0001223294367127,0.0001602723460373,9.637728780920169e-05,0.0984512019178594,4.322361429583136e-05,9.484971130279442e-05,0.000134721356471,0.0001114132931023,7.64367551830873e-05,9.568105740917811e-05,0.0001188675779932,0.0001188066759548,0.0001051915097716,0.0001493373752348,6.479271526063621e-05,0.6210758672568025,0.0001408481604134,7.211751603174372e-05,0.0001419838639109,4.782176965906454e-05,0.0001141166162145,7.851113843421131e-05
uj0107,0.0002416195449208,0.0003651579951496,0.0047699853928277,0.0004296190065399,0.0002833216547077,0.0002458670969711,0.0004604346014615,0.0006086109828187,0.0002305856739104,0.000211061183601,0.0001657226227366,0.0003279385301697,0.0003087196339105,0.0001999122850971,0.0002848862150359,0.0002907240577421,0.2476363965984951,0.0002730628534998,0.0003426021169733,0.0004488669818173,0.0002699191929502,0.0008188819032373,0.0001210542789938,0.0002656409835593,0.0003773075652826,0.0003120298033045,0.0002140727109026,0.0002679692942557,0.0003329066572552,0.0003327360918718,0.000294604756662,0.0004182419397451,0.0001814618133561,0.7360005727134808,0.0003944666077613,0.0002019760274163,0.000397647317433,0.0001339321095794,0.0003196008691572,0.0002198823354079
uj0109,0.0001798251795956,0.0002717685859397,0.770802128266145,0.0003197436491904,0.000210861946031,0.0001829864172783,0.0003426781344488,0.0004529583040357,0.0001716132287092,0.0001570821402679,0.000123338947627,0.000244068024809,0.0002297643745287,0.0001487845802488,0.0002120263689757,0.0002163711793819,0.0001627205223107,0.0002032268403103,0.00025498138917,0.00033406894151,0.0002008871731154,0.0006094522914753,9.009456361659588e-05,0.000197703118728,0.0002808108951283,0.0002322279658162,0.0001593234673841,0.0001994359623574,0.0002477655499645,0.0002476386067956,0.0002192593868754,0.0105413038741277,0.000135052829386,0.2101770076504706,0.0002935815006537,0.0001503205190459,0.0002959487416323,9.967888014451188e-05,0.0002378627263532,0.0001636472764137
uj0110,0.0004422020544146,0.0006682969943263,0.1596677310751818,0.0007862708597096,0.0005185235234714,0.0004499757477368,0.0008426682814778,0.0765828055149685,0.0004220083220304,0.0003862754108992,0.0003032986601358,0.0006001794755896,0.0005650058499949,0.0255221881517975,0.0005213869167934,0.0760010220694841,0.0004001405666496,0.0004997482916439,0.0006270161630427,0.0259778146963386,0.0004939948946914,0.0014986836435486,0.0002215485129081,0.0004861650935778,0.0006905326328996,0.0005710639845178,0.0003917869830698,0.000490426271098,0.0006092719354091,0.0006089597737295,0.0005391733879763,0.0007654490246567,0.0003321038730132,0.6174644824909518,0.0007219363996698,0.0003696481354407,0.0007277576023867,0.0002451169835102,0.0005849202347447,0.0004024195165119
uj0112,0.0007101876325278,0.0010733017983245,0.3776354313121273,0.0012627707963091,0.0008327618333469,0.0007226723797183,0.0013533464755634,0.0017888784334896,0.0006777559899094,0.000620368035,0.0004871052842027,0.0009639033482668,0.0009074136200099,0.0005875982943054,0.0008373605151125,0.0008545195727209,0.0006426358242125,0.0008026083383357,0.0010070037439727,0.001319345995959,0.0007933682379791,0.002406923663276,0.0003558124895656,0.000780793380263,0.0011090127936906,0.0009171431365768,0.0006292197586687,0.0007876369386424,0.000978506067654,0.0009780047281375,0.0008659260356349,0.082032687283059,0.0005333671813008,0.5068433632594039,0.0011594480337633,0.0005936642119957,0.0011687970318846,0.0003936640467261,0.0009393966232944,0.0006462958750675
uj0114,0.000164664480019,0.0002488563225122,0.0032507600519879,0.0002927867045745,0.0001930845990371,0.0001675592001044,0.0003137876294621,0.0004147702995324,0.0001571448622119,0.0001438388606403,0.0001129404887723,0.0002234911400329,0.0095779479287022,0.0001362408512345,0.000194150851823,0.0001981293599936,0.0001490018820222,0.0001860931937388,0.0002334844205724,0.0003059042602818,0.0001839507791841,0.0942336158626699,8.249887198126662e-05,0.0001810351660246,0.3000188811546766,0.0002126492926241,0.0001458912259709,0.0001826219170892,0.0002268769342718,0.0002267606934264,0.0376709921762534,0.0002850331977606,0.0001236667966963,0.5484244784587081,0.0002688302342145,0.0001376472981178,0.0002709978978625,9.127515404007476e-05,0.0002178089978219,0.0001498505033488
uj0115,0.0003332263382719,0.0005036027265687,0.0444921130229512,0.0005925032614735,0.0003907392408273,0.0003390842924237,0.0006350021738059,0.0008393576326916,0.0003180091238079,0.0002910821861938,0.0002285541211553,0.0004522720031715,0.0004257665214723,0.0002757063331127,0.0003928969831132,0.3795374678581892,0.0003015304304617,0.0003765909534332,0.000472495091242,0.0006190488471087,0.0003722554163638,0.0011293499380703,0.0001669503770255,0.0003663551815538,0.0005203586424378,0.0004303316969699,0.0002952354934754,0.0003695662398644,0.0004591237286696,0.0004588884957204,0.019363126163438,0.0005768127331697,0.0002502606137292,0.5032109667585725,0.000544023304563,0.0381922044848128,0.0005484099374298,0.0001847106634805,0.0004407732303803,0.0003032477587964
uj0118,0.000421019456595,0.0006362838765364,0.1041167111136913,0.0007486064951227,0.0004936849340798,0.0004284207703283,0.0008023023376208,0.0250117638132983,0.0004017930551114,0.0003677718408795,0.0002887698865293,0.0005714293593834,0.000537940639495,0.0003483450052264,0.0004964111636131,0.000506583541699,0.3356986929833158,0.0004758090833854,0.0005969805015718,0.0007821458848873,0.0004703312887114,0.0014268929031772,0.0002109357783004,0.0004628765548919,0.0006574543717336,0.0005437085740384,0.0003730193947909,0.0004669336112219,0.0005800862673604,0.0005797890590156,0.0005133456178008,0.0007287820786783,0.0003161952567909,0.5160325735203156,0.0006873538185784,0.0003519410540067,0.0006928961709491,0.0002333752594982,0.0005569010748031,0.0003831426029654
uj0121,0.0012782779574435,0.0019318528901995,0.097955025786149,0.0022728811377354,0.0014989012010512,0.0013007494514641,0.0024359097360497,0.0032198305987627,0.0012199037307125,0.0011166102425926,0.0008767485087489,0.0017349448888737,0.0016332681331187,0.0010576274677842,0.074226798759659,0.0015380633004341,0.0011566903887506,0.0014446274482465,0.0018125219731041,0.0750943320533337,0.001427996045404,0.0043322599874963,0.0006404325301694,0.0014053623600224,0.0019961296758319,0.0016507804439426,0.001132542600089,0.0014176801890386,0.0017612285545649,0.0017603261856363,0.0015585939735232,0.0022126912482585,0.000960016029361,0.6941165286129126,0.002086908862501,0.001068545609019,0.0021037362721534,0.0007085621468468,0.0016908348468137,0.0011632781721993
uj0124,0.0003463580363176,0.0005234485736125,0.3220996508705946,0.0006158524779883,0.0201100091120512,0.0003524468392237,0.0006600261765544,0.0008724348229342,0.0003305411457702,0.000302553078307,0.0002375609233237,0.0004700950222371,0.0004425450193153,0.0002865712975525,0.0004083801666216,0.0004167486276115,0.0003134130643044,0.0003914315531075,0.0004911150565738,0.0006434441652517,0.0003869251623056,0.0011738550706825,0.0001735295146503,0.000380792412556,0.0005408648023152,0.0004472900980778,0.0003068700580564,0.0003841300114287,0.0004772167587757,0.0004769722558268,0.0004223115519927,0.0005995436213707,0.0002601228197879,0.6412646057490746,0.000565462035374,0.000289529641578,0.0005700215355434,0.0001919896939173,0.0004581431087579,0.0003151980686735
uj0129,0.0004656290798829,0.0007037021005445,0.0091923189005471,0.0008279259973814,0.0800131466607637,0.0004738146087215,0.000887311247503,0.0276619153538048,0.0004443655218881,0.0004067395489523,0.0003193668474374,0.0006319758449637,0.0005949387874506,0.0003852543195442,0.0005490090059642,0.0005602592106142,0.000421339254336,0.000526224007528,0.0006602342891776,0.0008650190935585,0.0005201658065259,0.0810452338034922,0.0002332857325853,0.0005119211974116,0.0007271157410424,0.0006013178704411,0.0004125431137546,0.0005164081240284,0.0006415500060454,0.0006412213066327,0.0005677377706286,0.0008060010610307,0.0003496981058159,0.5442203750605219,0.0007601832197665,0.2387906896277948,0.0007663128187536,0.0002581028160229,0.0006159081985036,0.0004237389386361
uj0130,0.000229027232746,0.0003461273183492,0.0045213914922165,0.0004072288615359,0.0002685559836477,0.0002330534181787,0.0004364384622436,0.0005768924416255,0.0002185684060612,0.0002000614595814,0.0001570857759094,0.0393980585813081,0.0002926303146215,0.0001894936002082,0.0002700390049097,0.0002755726009632,0.000207242562024,0.0002588318330096,0.0003247469686653,0.000425473703919,0.0002558520083576,0.274386681738423,0.0001147453801351,0.0002517967633308,0.0003576436980673,0.0002957679702962,0.0002029160372789,0.0002540037311319,0.0003155568002534,0.0003153951241035,0.0002792510522864,0.0003964447251547,0.000172004698443,0.6715848191578376,0.000373908475061,0.0001914497879522,0.0003769234179727,0.0001269520660791,0.000302944460351,0.0002084228857591
uj0131,0.0003332263382719,0.0005036027265687,0.025535287038301,0.0005925032614735,0.0003907392408273,0.0003390842924237,0.0006350021738059,0.0008393576326916,0.0003180091238079,0.0002910821861938,0.0002285541211553,0.0004522720031715,0.0004257665214723,0.0002757063331127,0.0003928969831132,0.0004009481651855,0.0003015304304617,0.0003765909534332,0.000472495091242,0.0006190488471087,0.0003722554163638,0.0200861759227205,0.0001669503770255,0.3036755709359567,0.0005203586424378,0.0004303316969699,0.0002952354934754,0.0003695662398644,0.0004591237286696,0.0762861924343211,0.019363126163438,0.0005768127331697,0.0002502606137292,0.5411246187278729,0.000544023304563,0.0002785525155124,0.0005484099374298,0.0001847106634805,0.0004407732303803,0.0003032477587964
uj0133,0.000411171381576,0.000621400546915,0.0081172302708737,0.0007310958247529,0.0004821371393392,0.0004183995710231,0.0007835356666629,0.0244267131166313,0.0003923947052563,0.0003591692819666,0.0002820152640024,0.0005580630431452,0.0005253576586125,0.0003401968598373,0.0004847995995798,0.0004947340353545,0.0003720614772623,0.0004646794230466,0.000583016518026,0.0007638506939418,0.0004593297595838,0.0013935164210824,0.0002060017750463,0.0004520493996008,0.000642075842611,0.0239220118377251,0.0003642940902333,0.0004560115572404,0.0005665174572045,0.0005662272008664,0.0005013379395912,0.0007117351216531,0.0003087991268479,0.9016094044342085,0.000671275910862,0.0003437087933644,0.000676688621951,0.0236189375363127,0.000543874589977,0.0003741805062312
uj0136,0.0007726177394597,0.0011676519995539,0.0152528030489812,0.0013737765534264,0.0009059670088857,0.0007861999770406,0.0014723144233501,0.0019461324699945,0.0007373351447493,0.0006749024157584,0.0005299250033685,0.616394115159514,0.0009871811726031,0.0006392520019543,0.0009109699446557,0.0009296373949089,0.0006991276883148,0.000873162825758,0.0010955259154913,0.0014353250806901,0.000863110460548,0.00261850789087,0.0003870907190839,0.0008494301911407,0.0012065022234241,0.0009977659768881,0.0006845322634465,0.0008568753427638,0.001064523108277,0.0010639776977599,0.0009420465600199,0.0013373965344523,0.0005802536217814,0.331631945509399,0.001261371048773,0.0006458511532194,0.0012715418845688,0.0004282696740374,0.0010219756896673,0.000703109481419
uj0137,0.0012782779574435,0.0019318528901995,0.0252354054676184,0.0022728811377354,0.0014989012010512,0.0013007494514641,0.0024359097360497,0.0032198305987627,0.0012199037307125,0.2919950915167151,0.0008767485087489,0.0017349448888737,0.0016332681331187,0.0010576274677842,0.0015071784411284,0.0015380633004341,0.0011566903887506,0.0014446274482465,0.0018125219731041,0.0023747117348031,0.001427996045404,0.0770518803060269,0.0733600528487,0.0014053623600224,0.0019961296758319,0.0016507804439426,0.0738521629186197,0.0014176801890386,0.0017612285545649,0.0017603261856363,0.0015585939735232,0.0022126912482585,0.000960016029361,0.4032380473387901,0.002086908862501,0.001068545609019,0.0021037362721534,0.0007085621468468,0.0016908348468137,0.0011632781721993
uj0138,0.0001135897069075,0.0001716673610058,0.0216283815464407,0.0002019716453434,0.0001331946210285,0.0001155865577526,0.0002164586124324,0.0002861190024248,0.0001084024850934,9.922366997530148e-05,7.79091946008421e-05,0.000154169819076,0.0001451346692338,9.398237166137194e-05,0.0001339301490636,0.000136674624235,0.0001027852522026,0.0001283717735109,0.3491077199565986,0.0002110204657566,0.0001268938819746,0.0003849711554216,5.690980038606371e-05,0.0001248826185606,0.0001773790931048,0.0001466908395817,0.000100639443288,0.0001259771994219,0.0001565054252444,0.0001564252393806,0.0001384990108054,0.0325064986847806,8.530847204763928e-05,0.5721762759815284,0.0001854458685248,9.495257415576898e-05,0.0195728665397903,6.296390086166752e-05,0.0001502501342218,0.0001033706525741
uj0144,0.0009902387993809,0.0014965412455343,0.0195490170714679,0.0017607243212328,0.0011611481814863,0.0010076467075199,0.0018870170751049,0.002494294114799,0.000945018255714,0.0008650002760062,0.0006791874846992,0.0013440032613769,0.0012652377096771,0.0008193083106787,0.0011675602800666,0.0011914857383911,0.1135629210281039,0.0011191041366036,0.0014040996107667,0.0018396090486063,0.0011062203500321,0.0033560556243995,0.0004961214703473,0.0010886867977188,0.001546334302406,0.0012788039059364,0.0008773425357367,0.0010982290042044,0.0013643643302711,0.0013636652955116,0.0012073901580456,0.0017140972449045,0.0007436920231356,0.4813752164193263,0.0016166578750629,0.0008277662262712,0.001629693501496,0.0005488991854194,0.339310448746248,0.0009011523463085
uj0146,0.0002594508648297,0.0003921063491453,0.0936810005726868,0.0004613245291502,0.0003042305553675,0.0002640118826614,0.0004944142891498,0.0006535259632616,0.0445270998312314,0.0002266373220561,0.0001779528133991,0.0003521401188443,0.0003315028841489,0.0002146656441867,0.0298255753308333,0.0003121792495418,0.0002347723513138,0.2659701974302982,0.0003678858660641,0.0004819929888709,0.0002898390031652,0.0008793147013747,0.0001299879833255,0.0002852450655069,0.0004051525473714,0.0003350573412699,0.0002298710975485,0.0002877452035813,0.0003574748895448,0.0003572917365791,0.0003163463407894,0.0004491078443612,0.000194853543095,0.5541594801075724,0.0004235779128036,0.0002168816889595,0.0004269933561833,0.0001438161870151,0.000343187145437,0.0002361094674732
uj0151,0.0003097396181078,0.0004681074041577,0.1999424499613547,0.0534128302981828,0.0003631988511509,0.00031518468734,0.0005902454524822,0.0007801973696138,0.0002955949552904,0.0002705659032153,0.0002124449903052,0.000420394613072,0.0003957573115253,0.0002562737830722,0.0003652045097524,0.0003726882220944,0.0002802777261349,0.2999018815671368,0.0004391923215856,0.0005754165606713,0.0003460178181023,0.0010497502098485,0.0001551832495924,0.0003405334482705,0.0004836823164208,0.0004000007207425,0.0002744264738351,0.0003435181822505,0.0004267634098788,0.0004265447568029,0.0003776630108758,0.0005361573656459,0.0002326215488424,0.432501864458933,0.000505679027267,0.0002589193586114,0.0005097564780352,0.000171691741606,0.0004097063058045,0.0002818740123868
uj0152,0.0002673427326721,0.0004040332760015,0.0204865961429939,0.0004753569056422,0.0003134845130991,0.0002720424856356,0.0005094531761155,0.0006734046425521,0.0002551341788118,0.0002335310812848,0.0001833657076148,0.0003628513696306,0.0003415864001656,0.0002211952539274,0.0003152156389222,0.1828271643603798,0.0002419135584584,0.0003021335441626,0.0003790760644007,0.0004966540499223,0.0002986552046839,0.0009060613280226,0.0001339419034104,0.0002939215305522,0.0004174763080262,0.000345248975276,0.000236863220407,0.0002964977167804,0.000368348411154,0.000368159687118,0.0003259688314123,0.0004627686188473,0.0002007805166348,0.783938742227426,0.0004364621285142,0.0002234787054227,0.0004399814614215,0.0001481907276136,0.0003536260684244,0.0002432913464576
uj0153,0.0002556771134922,0.0003864031040993,0.005047505974891,0.0004546144954024,0.0002998054767848,0.0002601717906425,0.0004872229599315,0.1024600592944835,0.0002440012853157,0.0002233408485686,0.0001753644633158,0.0003470181885499,0.0003266811254962,0.0002115433005306,0.0003014610641618,0.0003076385560225,0.0002313575526182,0.0148340982357686,0.014907683334876,0.0004749823293088,0.0875565137918648,0.0008665249385324,0.0001280972888148,0.0002810961336921,0.0003992595434358,0.0003301838825108,0.0002265275883164,0.0002835599068871,0.0003522753642188,0.0003520948752401,0.0003117450363095,0.0004425755041069,0.0001920193693899,0.6479151871825648,0.000417416909193,0.1165749144992959,0.0004207826744418,0.0001417243592293,0.0003381954374696,0.0002326752202246
uj0156,0.0008081380311323,0.0012213335777496,0.061927987741139,0.0014369344921825,0.0009476178936089,0.0008223446978659,0.0015400025375108,0.0020356038727817,0.0007712333560695,0.0007059303477278,0.0005542877505887,0.0010968466900747,0.047006518834515,0.0006686409434736,0.0009528508341131,0.0009723765008477,0.000731269351827,0.0009133055725066,0.0011458915724854,0.1394231717716675,0.0009027910603304,0.0027388910496824,0.0004048868096257,0.0008884818548599,0.0012619698999877,0.0010436372230555,0.0007160029175812,0.000896269289534,0.0011134634436681,0.0011128929584734,0.0009853561643328,0.0013988819399245,0.0006069301745411,0.7146700013274746,0.0013193612621366,0.000675543483809,0.0013299996914597,0.0004479589239205,0.0010689599520332,0.0007354342037004
uj0157,0.0208532092842006,0.0002745775215634,0.2206377683773673,0.0003230484436852,0.0002130413650754,0.0001848777214714,0.0003462199743417,0.000457639973596,0.0001733869823237,0.0001587057039999,0.0001246137497259,0.0002465906540051,0.0002321391645892,0.0001503223823692,0.0002142178232195,0.0002186075405551,0.0001644023630218,0.0002053273447136,0.0105933795534182,0.2587315902265097,0.0002029634952736,0.0006157514457596,9.102575965004022e-05,0.0001997465312556,0.0106194760270217,0.0002346282189718,0.0001609701969415,0.0725518364448966,0.0002503263959034,0.0105859608777873,0.000221525599876,0.0003144935528032,0.0001364487033875,0.3880573138651651,0.0002966158893885,0.0001518741962653,0.0002990075976082,0.0001007091373995,0.0002403212190568,0.0001653386958353
uj0158,0.0006113838910515,0.0009239803675496,0.0816314860408064,0.0010870897880969,0.0007169051482615,0.0006221317173533,0.0011650642679115,0.0015400035246913,0.0005834642498904,0.000534060304278,0.0004193375248561,0.0356106600430554,0.000781171122088,0.0005058496024057,0.0007208640456328,0.0007356358762405,0.0005532301222111,0.0006909467109917,0.0008669059261172,0.0011357940517517,0.0006829921251175,0.0020720641803911,0.0003063106345305,0.0006721667247757,0.0009547231266463,0.0007895470349092,0.0005416805457624,0.2441440658472441,0.000842372944359,0.0008419413529171,0.0007454554328761,0.0010583017388186,0.0004591633080151,0.6102338657827243,0.0009981416429784,0.000511071608803,0.0010061899763864,0.0003388961531163,0.0008087045401595,0.0005563809742264
uj0159,0.0001066950963277,0.0001612475823514,0.408779556063289,0.0001897124725652,0.0001251100412869,0.0001085707433302,0.0002033201170529,0.0002687522959257,0.0001018227258798,9.320104183935668e-05,7.318030171098401e-05,0.000144812097372,0.0001363253584852,0.3824824915350569,0.0001258009246134,0.000128378817019,9.654644495004738e-05,0.0001205799285287,0.0001512872888016,0.0001982120522537,0.0001191917413054,0.0003616043709361,5.345551810542014e-05,0.0001173025565409,0.0305153597423273,0.0001377870731923,9.453088125957934e-05,0.0001183306990867,0.0001470059380984,0.0001469306193157,0.000130092467896,0.000184688552675,8.013046155763763e-05,0.1671918949592161,0.0001741897689898,8.918919083369206e-05,0.0062453437396182,5.914214985232964e-05,0.0001411303275666,9.709631298583676e-05
uj0160,0.0002351549330685,0.0003553880706834,0.2855733797036945,0.0004181244061235,0.0002757412889403,0.0002392888404409,0.0004481155194816,0.0005923273921254,0.0002244162769726,0.000205414170941,0.0001612886584582,0.0003191644249554,0.0003004597367027,0.0001945635649507,0.0002772639889329,0.0002829456382022,0.0002127874061848,0.0002657569653948,0.0003334356825826,0.0004368573953754,0.0002626974145362,0.00079697244364,0.0001178154312134,0.0002585336700704,0.0003672125749982,0.0003036813414059,0.0002083451238209,0.0002607996860343,0.0003239996281367,0.0003238336262872,0.0002867225077226,0.0271623866763432,0.000176606741761,0.3818669441273867,0.0271392474613299,0.000196572091153,0.0003870081302672,0.0001303487111284,0.0003110498408558,0.2677673487076956
uj0162,0.0010493524271873,0.00158587927414,0.0207160217574761,0.0018658331114157,0.0012304644731439,0.0010677995236547,0.0019996650799214,0.0026431943336494,0.0010014323827645,0.0009166376228767,0.0007197324887996,0.0014242353312709,0.001340767764754,0.0008682180146475,0.0012372593505137,0.0012626130710305,0.000949539855453,0.001185910552843,0.0014879192125092,0.0019494269679574,0.001172257651423,0.0035563998476338,0.0005257381041969,0.0011536774102845,0.001638644794051,0.0013551438132196,0.0009297166702876,0.001163789251532,0.0014458118813693,0.0014450711167962,0.00127946692626,0.0018164225694855,0.0007880877118177,0.9279859029530192,0.0017131664263099,0.0008771808368088,0.0017269802318748,0.0005816664554662,0.0013880249128487,0.0009549478393046
uj0164,0.0001054154061267,0.0001593135951469,0.2299651609857405,0.0001874370803446,0.006120558946162,0.0001072685568086,0.0002008815161197,0.0002655289080527,0.2939511251155654,9.20831979639119e-05,7.230258456902518e-05,0.0001430752357131,0.0001346902859147,8.721908126323324e-05,0.000124292081039,0.0001268390544636,9.538847664783248e-05,0.0001191337050537,0.0001494727643512,0.0001958347169334,0.0001177621676076,0.0003572673246606,5.281437802432677e-05,0.0001158956415342,0.0001646142916211,0.0001361344689634,9.339708742454308e-05,0.0001169114526422,0.0001452427637356,0.0001451683483187,0.0001285321519853,0.0001824734168417,7.91693849009715e-05,0.4650340853733742,0.0001721005545069,8.811946469370787e-05,0.0001734882559941,5.843280488484509e-05,0.0001394376246826,9.593174962197902e-05
uj0165,0.0010493524271873,0.00158587927414,0.0207160217574761,0.0018658331114157,0.0012304644731439,0.0010677995236547,0.0019996650799214,0.0026431943336494,0.0010014323827645,0.0009166376228767,0.0007197324887996,0.0014242353312709,0.1207334391959421,0.0008682180146475,0.0012372593505137,0.0012626130710305,0.000949539855453,0.001185910552843,0.0014879192125092,0.0019494269679574,0.001172257651423,0.0035563998476338,0.0005257381041969,0.0011536774102845,0.001638644794051,0.0013551438132196,0.0009297166702876,0.001163789251532,0.0014458118813693,0.0014450711167962,0.00127946692626,0.0018164225694855,0.0007880877118177,0.7488968958062372,0.0017131664263099,0.0008771808368088,0.0017269802318748,0.0005816664554662,0.0013880249128487,0.0606512835548987
uj0166,0.0002673427326721,0.0004040332760015,0.1117393408295205,0.2438160094030464,0.0003134845130991,0.0002720424856356,0.0005094531761155,0.0310909862047276,0.0002551341788118,0.0002335310812848,0.0001833657076148,0.0003628513696306,0.0003415864001656,0.0002211952539274,0.0003152156389222,0.0003216749873267,0.0002419135584584,0.0003021335441626,0.0003790760644007,0.0004966540499223,0.0002986552046839,0.0009060613280226,0.0001339419034104,0.0002939215305522,0.0004174763080262,0.000345248975276,0.000236863220407,0.0155052884978681,0.000368348411154,0.000368159687118,0.0003259688314123,0.0765067225242861,0.0002007805166348,0.5101805081678463,0.0004364621285142,0.0002234787054227,0.0004399814614215,0.0001481907276136,0.0003536260684244,0.0002432913464576
uj0167,0.1258725747438463,0.0004765037316054,0.3828963105438704,0.0005606205053816,0.0003697134596698,0.0003208380776045,0.0185375867404158,0.0007941915780603,0.0003008969693463,0.0002754189773163,0.0002162555638774,0.0004279351279138,0.0004028559131451,0.0002608705029271,0.0003717550932767,0.0003793730391275,0.0002853049988164,0.0003563264953358,0.0004470700063046,0.0005857376660829,0.0003522242546546,0.0010685793213343,0.0001579667333964,0.0720936583143677,0.0004923580072415,0.018343929635685,0.0002793487940424,0.0003496797834489,0.0004344181602635,0.0004341955852611,0.0003844370594724,0.0005457742885262,0.0002367940243857,0.3685125272915809,0.0005147492676834,0.0002635635315045,0.0005188998546837,0.0001747713341734,0.000417055107106,0.0002869299172624
uj0170,0.0003210540083365,0.0004852067661054,0.1524530182550605,0.0005708598787089,0.0003764660384666,0.0003266979789507,0.0006118063603856,0.0373374119595242,0.0003063926591625,0.0002804493279778,0.0002202053328056,0.0004357510880731,0.0004102138175603,0.0002656351350515,0.0003785449611995,0.0003863020439367,0.0002905159113088,0.0003628345698302,0.0004552354527234,0.0005964357882123,0.0003586574043587,0.0010880962360669,0.0001608518942869,0.0003529726975444,0.0187657081011822,0.0004146122330633,0.0002844509202815,0.0003560664600212,0.0004423525288433,0.1465569858189139,0.2926211784158843,0.0005557425052414,0.0002411189150989,0.3387144568474848,0.0005241508323267,0.0002683773500656,0.0005283772271318,0.0001779634202999,0.0004246723506758,0.0002921705078463
uj0171,0.0003927956011385,0.0005936293533799,0.0301001069557348,0.0006984222074819,0.0004605898074716,0.0003997007534576,0.000748518445084,0.00098940554223,0.4919790743976807,0.0226887637388828,0.0002694116373797,0.0005331224845105,0.0005018787458807,0.0003249930225032,0.0004631332789231,0.0004726237319239,0.0003554335689939,0.0004439122990824,0.0005569607563491,0.0007297132192345,0.0004388017189936,0.0013312383712539,0.0001967952894843,0.0004318467277073,0.0006133806433906,0.0451985524083803,0.0003480133165298,0.0004356318114013,0.0005411990598791,0.0005409217754718,0.0004789324991454,0.0006799267592252,0.0002949984947793,0.3920567447940789,0.0006412757228535,0.0003283480031823,0.0006464465328886,0.000217730496559,0.0005195681316514,0.0003574578958196
uj0173,0.0010493524271873,0.00158587927414,0.0207160217574761,0.0018658331114157,0.0012304644731439,0.0010677995236547,0.0019996650799214,0.0026431943336494,0.0010014323827645,0.0009166376228767,0.0007197324887996,0.0014242353312709,0.001340767764754,0.0008682180146475,0.0012372593505137,0.0012626130710305,0.000949539855453,0.001185910552843,0.0014879192125092,0.0019494269679574,0.001172257651423,0.0035563998476338,0.0005257381041969,0.0011536774102845,0.001638644794051,0.0013551438132196,0.0009297166702876,0.001163789251532,0.0014458118813693,0.0014450711167962,0.00127946692626,0.0018164225694855,0.4186624377209759,0.5101115529438611,0.0017131664263099,0.0008771808368088,0.0017269802318748,0.0005816664554662,0.0013880249128487,0.0009549478393046
uj0174,0.0010493524271873,0.00158587927414,0.0207160217574761,0.0018658331114157,0.0012304644731439,0.0010677995236547,0.0019996650799214,0.0623395300492435,0.2994831109607347,0.0009166376228767,0.0007197324887996,0.0014242353312709,0.001340767764754,0.0008682180146475,0.0012372593505137,0.0012626130710305,0.000949539855453,0.001185910552843,0.0014879192125092,0.0019494269679574,0.001172257651423,0.0035563998476338,0.0005257381041969,0.0011536774102845,0.001638644794051,0.0013551438132196,0.0009297166702876,0.001163789251532,0.0014458118813693,0.0014450711167962,0.00127946692626,0.0018164225694855,0.0007880877118177,0.5698078886594552,0.0017131664263099,0.0008771808368088,0.0017269802318748,0.0005816664554662,0.0013880249128487,0.0009549478393046
uj0177,0.0005208123827818,0.0007871002555195,0.128795169803018,0.0009260463534013,0.0006107015313283,0.0005299680067816,0.0009924695536569,0.0013118646351762,0.0004970288074336,0.0004549436511025,0.0003572161103796,0.0007068734748243,0.000665447028307,0.0004309121332998,0.000614073950529,0.0006266574556057,0.000471273617759,0.0005885886236026,0.059995199719474,0.415764567045415,0.0005818124443742,0.0017651048692342,0.0002609332266947,0.0005725907382921,0.0008132887270392,0.0006725821183515,0.0004614350163198,0.0005776094260065,0.0007175823026479,0.0007172146479377,0.0006350223254756,0.0009015230174748,0.0003911420304549,0.3716909273352564,0.0008502751463393,0.0004353605422855,0.0008571311851735,0.0002886914680015,0.0006889015963482,0.0004739576968947
uj0178,0.0004017734893833,0.000607197575575,0.167926408239155,0.000714385615698,0.0004711172263281,0.0004088364685356,0.0007656268722906,0.0010120197781359,0.0003834259800429,0.0003509599698838,0.0002755694140077,0.0005453077382986,0.0005133498806895,0.0003324211887758,0.0004737188323473,0.000483426202814,0.0003635574961754,0.0004540585303541,0.0005696908669022,0.0007463918269227,0.0004488311408693,0.001361665670566,0.0002012933187672,0.0690108779796835,0.0006274003087126,0.0005188541469455,0.0003559676435499,0.0004455887806426,0.0005535689149989,0.0005532852928719,0.0004898791656602,0.0006954674283195,0.3888603189389302,0.2867358107922816,0.0006559329689052,0.0003358528521914,0.0006612219649752,0.0002227070290353,0.0691006043779783,0.0003656280917983
uj0181,0.0004782987600916,0.0007228497031348,0.009442440179217,0.1096897058611511,0.0005608503078599,0.0004867070156395,0.0009114548206541,0.0012047778608131,0.0004564566246592,0.0004178068560345,0.0003280567596467,0.0006491717895498,0.0006111269606262,0.0003957370175511,0.0005639474383727,0.0005755037589879,0.000432803816672,0.000540542464389,0.0006781991407474,0.3001964995198405,0.0005343194208703,0.001621020348781,0.0002396333937534,0.0005258504774834,0.0007469004244132,0.0006176796172723,0.00042376833475,0.0005304594925346,0.0006590064617645,0.0006586688185021,0.0005831858092221,0.0008279321992098,0.0003592133258949,0.5590285097174124,0.000780867663051,0.0003998223054063,0.0007871640472806,0.0002651257453915,0.0006326669454335,0.0004352687959334
uj0182,0.0006113838910515,0.0009239803675496,0.0120697695655424,0.0010870897880969,0.0007169051482615,0.0006221317173533,0.0011650642679115,0.0015400035246913,0.0005834642498904,0.000534060304278,0.0004193375248561,0.0008298018054234,0.000781171122088,0.0005058496024057,0.0007208640456328,0.0007356358762405,0.0005532301222111,0.0006909467109917,0.0008669059261172,0.0011357940517517,0.0006829921251175,0.0020720641803911,0.0003063106345305,0.0006721667247757,0.0009547231266463,0.0007895470349092,0.0005416805457624,0.0006780581838198,0.000842372944359,0.0008419413529171,0.0007454554328761,0.0010583017388186,0.0004591633080151,0.9580424481590446,0.0009981416429784,0.000511071608803,0.0010061899763864,0.0003388961531163,0.0008087045401595,0.0005563809742264
uj0184,0.0007400884480212,0.0011184906999197,0.056713316996355,0.0013159368539276,0.0008678233534134,0.0007530988367536,0.0014103260136615,0.0018641950421293,0.0007062913457444,0.0006464872030944,0.0005076137309311,0.0010044862799455,0.0009456181817136,0.0006123377679002,0.0008726156520891,0.0008904971523198,0.0006696925263137,0.0008364003149047,0.0010494013186003,0.0013748940221288,0.0008267711813924,0.0025082616436434,0.0003707931553973,0.0008136668882381,0.0011557052245429,0.0009557573371793,0.0006557116082124,0.2534369872356991,0.0010197038132187,0.0010191813659559,0.0009023838580984,0.0012810885319096,0.0005558233787166,0.6544909306999068,0.0012082639243025,0.0006186590770918,0.0012180065404693,0.0004102383652419,0.00097894775573,0.0006735066751849
uj0186,0.0001958539065507,0.0002959926933134,0.2378460077024309,0.0003482440163806,0.2676348168238112,0.0001992969213225,0.0003732227682033,0.0004933327665765,0.000186909982985,0.000171083665202,0.000134332771289,0.0002658230411919,0.0002502444342824,0.0001620465017289,0.0002309253506604,0.0002356574359733,0.0001772246247284,0.000221341475539,0.0002777091688661,0.0003638461943936,0.000218793261984,0.0006637758539165,9.812514734020456e-05,0.0002153253967394,0.0003058409892129,0.0002529276179105,0.0001735247731301,0.0002172126974779,0.0002698501454489,0.0002697118871939,0.0002388030839955,0.0003390219024263,0.000147090770522,0.4851744244482788,0.0003197499033415,0.0001637193465125,0.0003223281484708,0.0001085637624319,0.0002590646331279,0.0001782339851077
uj0188,0.0004017734893833,0.000607197575575,0.0079316997149863,0.000714385615698,0.0004711172263281,0.0004088364685356,0.0007656268722906,0.0010120197781359,0.0003834259800429,0.0003509599698838,0.0002755694140077,0.2062527901265156,0.0005133498806895,0.0003324211887758,0.0004737188323473,0.000483426202814,0.0003635574961754,0.0004540585303541,0.0005696908669022,0.0007463918269227,0.0004488311408693,0.001361665670566,0.0002012933187672,0.0004417171836111,0.0006274003087126,0.0233752410789696,0.0460687415075981,0.0004455887806426,0.0005535689149989,0.0005532852928719,0.0004898791656602,0.0006954674283195,0.0003017410945204,0.6981507755687155,0.0006559329689052,0.0003358528521914,0.0006612219649752,0.0002227070290353,0.000531443581906,0.0003656280917983
uj0190,0.0009902387993809,0.0014965412455343,0.0195490170714679,0.0017607243212328,0.0011611481814863,0.0010076467075199,0.0018870170751049,0.002494294114799,0.1699453262787162,0.0008650002760062,0.0006791874846992,0.0013440032613769,0.0012652377096771,0.0008193083106787,0.0011675602800666,0.0011914857383911,0.0008960490127691,0.0011191041366036,0.0014040996107667,0.0018396090486063,0.0011062203500321,0.0033560556243995,0.0004961214703473,0.0010886867977188,0.001546334302406,0.0012788039059364,0.0008773425357367,0.0010982290042044,0.0013643643302711,0.0013636652955116,0.0012073901580456,0.0017140972449045,0.057077128030803,0.7067089604499959,0.0016166578750629,0.0008277662262712,0.001629693501496,0.0005488991854194,0.0013098327002436,0.0009011523463085
uj0191,0.0002520115678337,0.000380863389569,0.7504793898740202,0.0147847170153536,0.0002955072795436,0.000256441806505,0.0291534781400018,0.0006347872562678,0.0002405031315707,0.0002201388956575,0.0001728503296165,0.0003420431205937,0.0289952379328659,0.0002085104845845,0.0002971391313933,0.0003032280588997,0.0002280406672663,0.0002848072487273,0.0003573373862196,0.000468172688073,0.0002815283797761,0.0008541018996336,0.0001262608066421,0.0002770661651962,0.0003935355110182,0.0003254501616058,0.000223279948328,0.0002794946162108,0.0003472249261319,0.0003470470247552,0.0003072756661386,0.0004362304672145,0.0001892664606285,0.1655178081265518,0.0004114325615195,0.000210662988173,0.0004147500730704,0.0001396925109243,0.0003333468579444,0.0002293394439727
uj0193,0.0005908341714909,0.0008929237144213,0.0116640827567092,0.0010505507320153,0.0006928086681875,0.0006012207438905,0.0011259043483813,0.0014882412178692,0.000563852960021,0.0005161095704724,0.0004052428313859,0.1352491531340368,0.0007549145462726,0.0004888470813688,0.0006966344998501,0.000710909822485,0.0005346350561154,0.0006677227409951,0.0008377676483054,0.2363802922792416,0.0006600355231549,0.0020024183515727,0.0002960149794926,0.0006495739841192,0.0009226331537214,0.0007630089294983,0.000523473681843,0.0006552674205577,0.000814059264484,0.0008136421796119,0.0007203993260425,0.0010227303011973,0.0004437299978636,0.589722800653689,0.0009645922951052,0.0004938935666759,0.0009723701094549,0.0003275052397988,0.0007815225163102,0.0005376800022895
uj0194,0.0001855187658809,0.0002803732646458,0.2147410303188553,0.0636534385426854,0.0002175382117615,0.0001887800939934,0.0003535279360781,0.0004672997727526,0.000177046809966,0.0001620556413176,0.0001272440789453,0.3801932230860141,0.000237039124898,0.0001534953657321,0.0002187395024159,0.0002232218772777,0.000167872544604,0.0002096613649603,0.0002630545552508,0.0003446461607181,0.0002072476197242,0.0006287486392732,9.294711837528988e-05,0.0002039627524895,0.0002897018694895,0.0002395807178847,0.0001643679328526,0.0002057504610423,0.0002556102496913,0.000255479287275,0.0002262015305777,0.0003211318377682,0.0001393288431173,0.3329248009462802,0.0003028768151892,0.0001550799350942,0.0003053190072442,0.0001028348914784,0.0002453938850018,0.0001688286413967
uj0195,0.000375992031329,0.0005682342312056,0.0074227293899042,0.0006685441073049,0.0004408860405228,0.000382601785205,0.0007164972566869,0.000947079342419,0.0003588218658278,0.0003284391715201,0.0002578863625471,0.0005103158113719,0.0004804086619036,0.0003110900079955,0.0004433207037291,0.0004524051606111,0.0003402283254222,0.0004249219863465,0.0005331342956574,0.3001544688378574,0.0004200300339334,0.0012742887597014,0.0001883765002325,0.0004133725731726,0.0005871405723942,0.0004855597241445,0.0003331255070891,0.000416995733164,0.0219077591847989,0.0005177814531534,0.0004584440424008,0.0006508398836827,0.0002823786289093,0.6533510428549153,0.000613842316408,0.0003143014645315,0.000618791922165,0.0002084161111943,0.0004973413059292,0.000342166052711
uj0197,0.0001047870037609,0.0001583638948728,0.0020686756837548,0.000186319730338,0.0001228726231858,0.0001066291074401,0.0001996840211366,0.000263946037008,0.0001000017688435,9.153427156329988e-05,7.187157436977065e-05,0.0001422223355544,0.0001338873701225,8.669915083725827e-05,0.0001235511510303,0.375681710930266,9.481984681846146e-05,0.0001184235251582,0.000148581727242,0.0001946673069318,0.0001170601637217,0.0003551375825261,5.249954093058446e-05,0.023960006541453,0.0001636329928327,0.0001353229441066,9.284032866549464e-05,0.0001162145200388,0.0001443769425079,0.0001443029706962,0.0001277659460638,0.0001813856562282,7.869744032852747e-05,0.5457187301967872,0.0001710746286049,0.0477771977210387,0.0001724540577254,5.8084475222405774e-05,0.0001386064090524,9.535988123351316e-05
uj0199,0.0003605671750443,0.0005449227495196,0.027630427892023,0.0006411174707915,0.0004227989449293,0.0003669057675788,0.0006871033698703,0.0214204376538155,0.0003441014056823,0.0003149651438896,0.0002473067232233,0.0004893803994632,0.0004607001735571,0.0002983277197949,0.0004251337274814,0.1850437507576783,0.0003262706545506,0.0004074898068707,0.0005112627685882,0.0006698410911152,0.0004027985439845,0.021734223493426,0.0001806484629301,0.0003964142017127,0.0005630534689625,0.0004656399164397,0.000319459225244,0.0003998887236546,0.0004967943011369,0.2261308684161646,0.0004396366399044,0.000624139552735,0.0002707942084804,0.5034744228781665,0.0005886597893245,0.0003014074281782,0.0005934063403594,0.0001998659604072,0.0004769381656251,0.0003281288876947
uj0201,0.0002893457256999,0.0004372862515585,0.0057121822885567,0.0005144799989691,0.0003392850930779,0.0002944322803942,0.0005513824800097,0.0007288275729116,0.000276132376524,0.0002527512886267,0.0001984571759554,0.0003927149686008,0.0003696998375729,0.0002394001910181,0.0003411586949992,0.0003481496643552,0.0002618236651851,0.0003269999102659,0.0004102749973909,0.0005375299528821,0.0003232352945211,0.0009806325007043,0.0001449656658199,0.0003181120268594,0.00045183567962,0.1814393101012126,0.0002563576713505,0.0003209002398259,0.0003986644307497,0.0003984601742411,0.000352796902829,0.0005008556638634,0.0002173052684524,0.51924864676579,0.0004723840818609,0.000241871576432,0.2803049190863864,0.0001603872048243,0.0003827304014289,0.0002633148486727
uj0202,0.0001798251795956,0.0002717685859397,0.3616010243041666,0.0003197436491904,0.000210861946031,0.0001829864172783,0.0003426781344488,0.0004529583040357,0.0001716132287092,0.0513072201355152,0.000123338947627,0.000244068024809,0.0002297643745287,0.0001487845802488,0.0002120263689757,0.0002163711793819,0.0001627205223107,0.0002032268403103,0.00025498138917,0.00033406894151,0.235491521951253,0.0006094522914753,9.009456361659588e-05,0.000197703118728,0.0105108384941778,0.0002322279658162,0.0001593234673841,0.0001994359623574,0.0002477655499645,0.0002476386067956,0.0002192593868754,0.0003112762750783,0.000135052829386,0.3227073112400146,0.0002935815006537,0.0001503205190459,0.0105259763406818,9.967888014451188e-05,0.0002378627263532,0.0001636472764137
uj0204,0.0005908341714909,0.0008929237144213,0.0452758933741461,0.0010505507320153,0.0006928086681875,0.0006012207438905,0.0011259043483813,0.0014882412178692,0.3366819591343893,0.0005161095704724,0.0004052428313859,0.0008019106642895,0.0007549145462726,0.0004888470813688,0.0006966344998501,0.000710909822485,0.0005346350561154,0.0006677227409951,0.0008377676483054,0.0010976179571838,0.0006600355231549,0.0020024183515727,0.0002960149794926,0.0006495739841192,0.0009226331537214,0.0007630089294983,0.000523473681843,0.0006552674205577,0.000814059264484,0.0008136421796119,0.0007203993260425,0.0010227303011973,0.0004437299978636,0.5561109900362522,0.0009645922951052,0.0341057041841128,0.0009723701094549,0.0003275052397988,0.0007815225163102,0.0005376800022895
uj0207,0.0003927956011385,0.0005936293533799,0.0077544607594198,0.0006984222074819,0.0004605898074716,0.8718799024097431,0.000748518445084,0.00098940554223,0.0003748580787504,0.0003431175425677,0.0002694116373797,0.0005331224845105,0.0005018787458807,0.0003249930225032,0.0004631332789231,0.0004726237319239,0.0003554335689939,0.0004439122990824,0.0005569607563491,0.0007297132192345,0.0004388017189936,0.0013312383712539,0.0001967952894843,0.0004318467277073,0.0006133806433906,0.0451985524083803,0.0003480133165298,0.0004356318114013,0.0005411990598791,0.0005409217754718,0.0004789324991454,0.0230255729555402,0.0002949984947793,0.0345264056530386,0.0006412757228535,0.0003283480031823,0.0006464465328886,0.000217730496559,0.0005195681316514,0.0003574578958196
uj0208,0.0003533198044199,0.0005339698469794,0.0873748123306313,0.0006282310622491,0.000414300720838,0.0003595309917647,0.0006732926485307,0.0008899706912691,0.0003371849956706,0.0003086343703486,0.0002423358783845,0.0004795438936005,0.0004514401378812,0.0002923313571126,0.0004165885744524,0.0004251252408213,0.0003197126411732,0.0003992992951978,0.0005009864289021,0.0006563773401618,0.0003947023263106,0.0011974494612577,0.0001770174436522,0.0003884463087944,0.0005517361404496,0.0004562805923373,0.0003130381210366,0.5631895528598828,0.000486808776459,0.0004865593590209,0.000430799979526,0.000611594398952,0.0002653512671157,0.3325552849110757,0.0005768277758741,0.0002953491636102,0.0005814789216227,0.0001958486710073,0.0004673517476413,0.0003215335239836
uj0209,0.0011159718578635,0.0016865607722021,0.0220312039018177,0.0019842878234827,0.0013085820250209,0.0011355900909599,0.0021266162792667,0.0028110007799033,0.0010650095504271,0.0009748314908188,0.0007654255918989,0.0015146546646235,0.0014258880568911,0.0009233379041528,0.0013158082835456,0.0013427716162218,0.0010098225621354,0.0012611995442404,0.0015823815954621,0.0020731887389176,0.0012466798715659,0.0037821822701715,0.0640453463143966,0.001226920040945,0.0017426761761032,0.0014411767864915,0.0009887408776559,0.0012376738448825,0.0015376010285673,0.0015368132356433,0.001360695459199,0.0019317403924698,0.0008381204304011,0.4155241507114828,0.0653081599853575,0.0009328697421129,0.3827540061745218,0.0006185942664691,0.0014761453832098,0.0010155738784995
uj0211,0.0005536179669705,0.000836679114531,0.042423998563448,0.0954682604067876,0.0006491691660515,0.0005633502969086,0.0010549844718378,0.0013944980117168,0.0005283362819206,0.0004836002129293,0.0003797168871852,0.0007513989086576,0.0007073630411208,0.0004580549677144,0.0006527540114264,0.1266446409196248,0.0949848418751561,0.0006256633827337,0.0007849972879499,0.0010284798193594,0.0006184603770212,0.0018762875106303,0.0002773692163504,0.0006086578025397,0.0008645171783715,0.0007149475651742,0.0004905004644081,0.0006139926136562,0.0007627822775718,0.0007623914645653,0.0006750219089126,0.0009583092810614,0.0004157797757045,0.6155658559434962,0.0009038333446828,0.0004627835786697,0.0009111212402981,0.000306875928608,0.0007322949949383,0.0005038119393079
uj0216,0.0007400884480212,0.0011184906999197,0.056713316996355,0.0013159368539276,0.0008678233534134,0.0007530988367536,0.0014103260136615,0.0018641950421293,0.0007062913457444,0.0006464872030944,0.0005076137309311,0.0010044862799455,0.0009456181817136,0.0006123377679002,0.0008726156520891,0.0008904971523198,0.0006696925263137,0.0008364003149047,0.0010494013186003,0.4645045732262789,0.0008267711813924,0.0025082616436434,0.0003707931553973,0.0008136668882381,0.0011557052245429,0.0009557573371793,0.0006557116082124,0.0008207985788899,0.0010197038132187,0.0010191813659559,0.0009023838580984,0.0012810885319096,0.0005558233787166,0.4439774401525658,0.0012082639243025,0.0006186590770918,0.0012180065404693,0.0004102383652419,0.00097894775573,0.0006735066751849
uj0217,0.0001744706605768,0.0002636763373159,0.0530714297592095,0.0003102228832189,0.0101299990359326,0.0001775377684645,0.0003324744655724,0.0202903024402638,0.0001665032307708,0.0001524048236125,0.0001196663766205,0.0002368005949438,0.0002229228536915,0.0001443543337925,0.0002057130193786,0.0002099284576356,0.0001578753157973,0.0101225912750081,0.0002473890002687,0.0003241216220916,0.0001949055069689,0.0005913050893255,8.741188560977695e-05,0.0101172320291257,0.0002724494004699,0.0200761446231822,0.0001545794124183,0.0001934975078213,0.0002403880216758,0.0002402648583981,0.0002127306651485,0.0003020076357323,0.4169984936917766,0.452054119277295,0.0002848397452869,0.0001458445380962,0.0002871364987127,9.671081715853652e-05,0.0002307800669894,0.0001587744746409
uj0219,0.0001798251795956,0.0002717685859397,0.2286106655165236,0.0003197436491904,0.0922811103374762,0.0001829864172783,0.0003426781344488,0.0004529583040357,0.0001716132287092,0.0001570821402679,0.000123338947627,0.000244068024809,0.0002297643745287,0.0001487845802488,0.0002120263689757,0.0002163711793819,0.0001627205223107,0.0002032268403103,0.00025498138917,0.00033406894151,0.0002008871731154,0.215440031871514,9.009456361659588e-05,0.000197703118728,0.0105108384941778,0.0002322279658162,0.0001593234673841,0.0001994359623574,0.0002477655499645,0.0002476386067956,0.0002192593868754,0.0003112762750783,0.000135052829386,0.4454676424286082,0.0002935815006537,0.0001503205190459,0.0002959487416323,9.967888014451188e-05,0.0002378627263532,0.0001636472764137
uj0221,0.0006334145942601,0.0009572752213166,0.0485388506879703,0.0011262621523565,0.000742738221035,0.8294301641398543,0.0012070463768303,0.0015954962537103,0.0006044888923619,0.0005533047172095,0.0004344479991253,0.0008597030140826,0.0008093199650617,0.0005240774664727,0.0007468397739364,0.0007621438950096,0.0005731653033745,0.0007158443933572,0.0008981441504924,0.0011767214331015,0.0007076031706856,0.0021467292666905,0.0003173482800717,0.0006963876861667,0.0009891257698258,0.0008179976968418,0.000561199547673,0.0007024914389718,0.0008727271434142,0.0008722799999385,0.0007723172910921,0.0010964367499864,0.0004757088708132,0.0917107715628345,0.0010341088357986,0.0005294876434691,0.0010424471841174,0.000351107990355,0.0008378455266469,0.0005764296936864
uj0222,0.0051718967628894,0.0103001314809584,0.0729195315339864,0.0001588573036878,0.0001047619250035,9.091260744012256e-05,0.000170251777038,0.0358029251592772,8.526209936907528e-05,7.804266112445929e-05,6.127812924301785e-05,0.0001212596041727,0.0001141531633655,7.392020860614364e-05,0.0001053404418554,0.0001074990613242,8.084396201273e-05,0.0001009685977202,0.000126681659125,0.0001659744968461,9.980618769873912e-05,0.2493479748555259,4.476141899705719e-05,9.822426325379629e-05,0.0001395144571571,0.0001153771422321,7.915621313175625e-05,9.908518689485797e-05,0.0001230966348002,0.0814439094689969,0.0001089340010206,0.0001546504829294,6.709790291688e-05,0.4652830158872869,0.0001458592398146,7.468330459434062e-05,0.0001470353492385,0.0762878443260578,0.0001181766438582,8.130439854791648e-05
uj0223,0.0002260815996836,0.0003416756028893,0.2102471913184303,0.0004019912887629,0.0002651019516749,0.0002300560023445,0.0004308252102793,0.0005694727412294,0.0002157572891666,0.000197488369723,0.0001550654176769,0.0003068496280918,0.0002888666507136,0.0001870564288413,0.0002665658990634,0.000272028324788,0.0002045771124383,0.0002555028681708,0.0003205702365083,0.0004200014751607,0.0002525613685246,0.2837191552403111,0.000113269582775,0.0002485582800195,0.0003530438647245,0.0002919639514393,0.0002003062332781,0.0002507368629109,0.0003114982674197,0.0003113386706671,0.0002756594657206,0.0003913458525192,0.0001697924605333,0.4957477722865309,0.000369099452338,0.0001889874570825,0.0003720756185705,0.0001253192724646,0.0002990481410889,0.0002057422554432
uj0224,0.0005058256001093,0.0007644508315408,0.0963132080622834,0.000899398647045,0.0293689083569509,0.0005147177638849,0.0009639104678873,0.0012741147067315,0.0004827264156986,0.0004418522925774,0.0003469369380896,0.0006865326390562,0.00064629827086,0.0004185123004498,0.0005964034934783,0.0006086248983782,0.0004577123517021,0.0005716515267189,0.0007172305596118,0.000939693891574,0.0005650703373347,0.0017143125994189,0.0002534246695064,0.0005561139930403,0.0007898857093593,0.0006532280431213,0.0004481568636958,0.0005609882641,0.0006969333120037,0.0006965762368447,0.0006167490625911,0.3461849438533974,0.0003798866133444,0.5048741320869434,0.0008258078155859,0.0004228327029961,0.0008324665665533,0.0002803841457615,0.0006690779154056,0.0004603191943664
uj0225,0.0002416195449208,0.0003651579951496,0.0597517097223958,0.0004296190065399,0.0002833216547077,0.0002458670969711,0.0004604346014615,0.0006086109828187,0.0277214478386945,0.000211061183601,0.0001657226227366,0.0003279385301697,0.0003087196339105,0.0001999122850971,0.0002848862150359,0.0002907240577421,0.0002186371154386,0.0002730628534998,0.0003426021169733,0.0004488669818173,0.0002699191929502,0.0008188819032373,0.0001210542789938,0.0002656409835593,0.3852493778722595,0.0003120298033045,0.0002140727109026,0.0002679692942557,0.0003329066572552,0.0003327360918718,0.000294604756662,0.0004182419397451,0.0001814618133561,0.5160736753952083,0.0003944666077613,0.0002019760274163,0.000397647317433,0.0001339321095794,0.0003196008691572,0.0002198823354079
uj0226,0.0003927956011385,0.0005936293533799,0.0524457531520498,0.0006984222074819,0.0004605898074716,0.0003997007534576,0.000748518445084,0.00098940554223,0.0003748580787504,0.0003431175425677,0.0002694116373797,0.0005331224845105,0.0005018787458807,0.0003249930225032,0.0004631332789231,0.0004726237319239,0.0003554335689939,0.1121721432806575,0.0005569607563491,0.0007297132192345,0.0004388017189936,0.0013312383712539,0.0001967952894843,0.0004318467277073,0.0006133806433906,0.0005072600157503,0.380223998653885,0.0004356318114013,0.0005411990598791,0.0005409217754718,0.0004789324991454,0.0006799267592252,0.0002949984947793,0.4367480371867089,0.0006412757228535,0.0003283480031823,0.0006464465328886,0.000217730496559,0.0005195681316514,0.0003574578958196
uj0227,0.0001181714320301,0.0337917101046927,0.109894886240997,0.0002101183215406,0.0001385671249109,0.0001202488273359,0.0002251896311979,0.0002976598247154,0.0001127749797747,0.0001032259303372,8.105171978116442e-05,0.0001603883731372,0.0001509887838211,9.777322036627022e-05,0.0001393323210151,0.0001421874966292,0.0001069311716268,0.0001335497442596,0.000167560048971,0.0002195321328404,0.0001320122408715,0.0004004992526611,5.920529941716765e-05,0.6118886749734795,0.0001845338104575,0.0001526077234549,0.0001046988099171,0.0001310585832478,0.0001628181877136,0.0001627347674936,0.0001440854711858,0.0069271777015424,8.874945257475194e-05,0.2322337518194371,0.0001929259652504,9.878255669826212e-05,0.0001944815886454,6.550359652817836e-05,0.0001563105848856,0.0001075401845566
uj0228,0.0003152953415039,0.0004765037316054,0.0062244723368434,0.0005606205053816,0.0003697134596698,0.0003208380776045,0.0006008325400812,0.0007941915780603,0.0003008969693463,0.0002754189773163,0.0002162555638774,0.0004279351279138,0.0004028559131451,0.0002608705029271,0.0003717550932767,0.0003793730391275,0.0002853049988164,0.0003563264953358,0.0004470700063046,0.0005857376660829,0.0003522242546546,0.0010685793213343,0.0001579667333964,0.5384492675230679,0.0004923580072415,0.0004071754353504,0.0002793487940424,0.0003496797834489,0.0004344181602635,0.0004341955852611,0.0003844370594724,0.0005457742885262,0.0002367940243857,0.4402595440929194,0.0005147492676834,0.0002635635315045,0.0005188998546837,0.0001747713341734,0.000417055107106,0.0002869299172624
uj0229,0.000232050636813,0.0003506965686058,0.0177821466609447,0.0004126047174173,0.0002721012094422,0.0002361299721933,0.0004421999160494,0.0005845080379601,0.0002214537424462,0.0002027024845079,0.0001591594759147,0.0003149511136872,0.0002964933472956,0.0001919951181049,0.0002736038081687,0.0002792104535998,0.0002099783851721,0.0002622486896305,0.0003290339754724,0.0136321583835148,0.0002592295281107,0.0007864515562395,0.0001162601416978,0.0002551207495187,0.2907858603676543,0.0002996724233761,0.0002055947456796,0.0002573568516518,0.0003197224870226,0.0003195586765749,0.000282937464409,0.0004016782189187,0.0001742753441587,0.6672493880324017,0.0003788444662557,0.0001939771296162,0.0003818992096337,0.0001286279689327,0.0003069436507639,0.000211174290441
uj0230,0.0003097396181078,0.0004681074041577,0.0413561850122837,0.0005507419818258,0.0003631988511509,0.00031518468734,0.0005902454524822,0.0007801973696138,0.0002955949552904,0.0002705659032153,0.0002124449903052,0.000420394613072,0.0003957573115253,0.0002562737830722,0.0003652045097524,0.0003726882220944,0.0002802777261349,0.0003500477744472,0.0004391923215856,0.4763342114078843,0.0003460178181023,0.0010497502098485,0.0001551832495924,0.0003405334482705,0.0004836823164208,0.0004000007207425,0.0002744264738351,0.0355849103931551,0.0004267634098788,0.0004265447568029,0.0003776630108758,0.0005361573656459,0.0002326215488424,0.432501864458933,0.000505679027267,0.0002589193586114,0.0005097564780352,0.000171691741606,0.0004097063058045,0.0002818740123868
uj0231,0.0001248880340745,0.0001887424469563,0.0521985634900305,0.0002220609808093,0.0001464429728927,0.0001270835039209,0.0002379889102732,0.0003145781488219,0.0001191848594444,0.0001090930632206,8.565851972791869e-05,0.0001695044924598,0.0001595706513391,0.0001033304333112,0.000147251661046,0.0001502691185081,0.0001130089022053,0.0001411404154558,0.0001770837904383,0.0002320098522597,0.0001395155237859,0.0004232627417125,6.25703972946585e-05,0.4974678931568577,0.000195022302873,0.0001612816079102,0.0001106496580083,0.0001385076623784,0.0001720724123065,0.0001719842506662,0.000152274969728,0.0002161804155346,9.379377457679848e-05,0.4017373024681336,0.0002038914491271,0.042732733333714,0.000205535490705,6.922667564128006e-05,0.0001651949317702,0.0001136525300791
uj0233,0.0005367143483897,0.0008111327893206,0.1937936773186562,0.000954321328709,0.0006293480825029,0.0005461495210768,0.0010227726286815,0.0013519198009143,0.000512204589084,0.0004688344465838,0.000368122990649,0.0007284564441573,0.000685765123859,0.0004440691743962,0.0006328234717863,0.0006457911890506,0.0004856630161475,0.0006065600013178,0.0007610289640621,0.0009970772428145,0.0005995769249944,0.0018189988200174,0.0002689003014688,0.0005900736525406,0.0619041251914733,0.0006931180696232,0.0004755240126694,0.0005952455758579,0.0007394922446439,0.0007391133643317,0.0006544114635104,0.0009290492217137,0.0004030847709153,0.6883697888119377,0.031409238758206,0.0004486534066631,0.000883301973501,0.0002975060852172,0.0007099358302768,0.0004884290482773
uj0235,0.000421019456595,0.0006362838765364,0.0083116482100498,0.0007486064951227,0.0004936849340798,0.0004284207703283,0.0008023023376208,0.0010604980873879,0.0004017930551114,0.0003677718408795,0.0002887698865293,0.0005714293593834,0.000537940639495,0.0003483450052264,0.0004964111636131,0.000506583541699,0.0003809728205705,0.0004758090833854,0.0005969805015718,0.3360998660476325,0.0004703312887114,0.0014268929031772,0.0002109357783004,0.0004628765548919,0.0006574543717336,0.0005437085740384,0.0003730193947909,0.0004669336112219,0.0005800862673604,0.0005797890590156,0.0005133456178008,0.0007287820786783,0.0003161952567909,0.6357889021498675,0.0006873538185784,0.0003519410540067,0.0006928961709491,0.0002333752594982,0.0005569010748031,0.0003831426029654
uj0237,0.0001744706605768,0.0101890921046691,0.1424001716653889,0.0003102228832189,0.0002045832685794,0.0001775377684645,0.0003324744655724,0.0004394709055572,0.0001665032307708,0.0001524048236125,0.0001196663766205,0.0399384636643568,0.0002229228536915,0.0001443543337925,0.0002057130193786,0.0002099284576356,0.0001578753157973,0.0001971755076548,0.0002473890002687,0.0201749531567982,0.2185540523887408,0.0005913050893255,8.741188560977695e-05,0.0001918162617724,0.0002724494004699,0.0002253130884756,0.0001545794124183,0.0001934975078213,0.0002403880216758,0.0002402648583981,0.0002127306651485,0.1293324126113247,0.0001310314629393,0.4322032877425884,0.0002848397452869,0.0001458445380962,0.0002871364987127,9.671081715853652e-05,0.0002307800669894,0.0001587744746409
uj0239,0.0006113838910515,0.0009239803675496,0.0120697695655424,0.0010870897880969,0.0007169051482615,0.0006221317173533,0.0011650642679115,0.0015400035246913,0.0005834642498904,0.000534060304278,0.0004193375248561,0.0008298018054234,0.000781171122088,0.0005058496024057,0.0007208640456328,0.0007356358762405,0.0005532301222111,0.0006909467109917,0.0008669059261172,0.1402592270022798,0.0006829921251175,0.0020720641803911,0.0003063106345305,0.0006721667247757,0.0009547231266463,0.0007895470349092,0.0005416805457624,0.0006780581838198,0.000842372944359,0.0008419413529171,0.0007454554328761,0.0010583017388186,0.0004591633080151,0.8189190152085165,0.0009981416429784,0.000511071608803,0.0010061899763864,0.0003388961531163,0.0008087045401595,0.0005563809742264
uj0242,0.0005536179669705,0.000836679114531,0.0109293708690713,0.0009843773236575,0.0006491691660515,0.0005633502969086,0.0010549844718378,0.0013944980117168,0.0005283362819206,0.0004836002129293,0.0003797168871852,0.0007513989086576,0.0007073630411208,0.0004580549677144,0.0006527540114264,0.0006661301421181,0.000500958792026,0.0006256633827337,0.0007849972879499,0.0010284798193594,0.0006184603770212,0.0018762875106303,0.0002773692163504,0.0006086578025397,0.0008645171783715,0.0007149475651742,0.0004905004644081,0.0636032480024096,0.0007627822775718,0.0007623914645653,0.0006750219089126,0.0009583092810614,0.0004157797757045,0.8990175051928865,0.0009038333446828,0.0004627835786697,0.0009111212402981,0.000306875928608,0.0007322949949383,0.0005038119393079
uj0244,0.0003332263382719,0.0005036027265687,0.025535287038301,0.0005925032614735,0.0003907392408273,0.0003390842924237,0.0006350021738059,0.0008393576326916,0.0761453130624086,0.0002910821861938,0.0002285541211553,0.0004522720031715,0.0004257665214723,0.0002757063331127,0.0003928969831132,0.0004009481651855,0.0003015304304617,0.0003765909534332,0.000472495091242,0.0006190488471087,0.0003722554163638,0.0011293499380703,0.0001669503770255,0.0003663551815538,0.0005203586424378,0.0004303316969699,0.0002952354934754,0.0003695662398644,0.0004591237286696,0.0004588884957204,0.0004063001787878,0.0005768127331697,0.2656458243988318,0.6169519226664736,0.000544023304563,0.0002785525155124,0.0005484099374298,0.0001847106634805,0.0004407732303803,0.0003032477587964
uj0246,0.0001980606751535,0.0002993277678788,0.0602471680609341,0.0003521678286497,0.0227670886514158,0.0002015424838255,0.0003774280266085,0.0117663132903822,0.0001890159766272,0.000173011337044,0.0001358463553028,0.0002688181815571,0.0002530640439105,0.000163872348037,0.0002335272840218,0.0002383126877366,0.0001792214893525,0.0002238354233357,0.3721057621024642,0.0003679458029854,0.0002212584979834,0.0006712548965331,9.923076477775704e-05,0.0002177515588379,0.0003092870286835,0.0002557774601006,0.0001754799499652,0.0002196601245901,0.000272890660897,0.0002727508448279,0.0002414937791023,0.0003428418052462,0.0001487481042963,0.5244433552068987,0.0003233526604163,0.0001655640414686,0.0003259599557212,0.0001097869961502,0.0002619836236579,0.0001802422226211
uj0247,0.0001835812623567,0.000277445128585,0.0140679162800979,0.0003264222667868,0.0002152663065452,0.0001868085301159,0.0003498357941065,0.0004624194311211,0.0001751977850621,0.0001603631797778,0.0001259151791425,0.0629114044262569,0.0002345635578702,0.0001518923051973,0.0002164550512727,0.0002208906135274,0.0001661193330341,0.0002074717232195,0.0002603072907063,0.2718774134021197,0.0002050831864299,0.0006221821730798,9.197640595944896e-05,0.0002018326253842,0.0002866763082185,0.000237078607206,0.0001626513224189,0.0002036016636337,0.0002529407312885,0.0002528111366052,0.0002238391482031,0.000317778031136,0.0001378737335855,0.6427590243283324,0.0002997136586534,0.0001534603257822,0.0003021303451715,0.0001017609140632,0.0002428310633124,0.0001670654446326
uj0248,0.0003681180912611,0.0005563343984745,0.0282090580627315,0.0006545436078393,0.1889076172385052,0.0003745894251666,0.0007014925332143,0.0009272458210663,0.0003513074994818,0.0003215610726855,0.0002524857646784,0.0004996288930873,0.000470348052378,0.0003045752314189,0.000434036781834,0.000442930994075,0.0003331033407933,0.000416023366229,0.0005219695178366,0.0006838687517224,0.0004112338599766,0.0012476028927493,0.0001844315621768,0.0004047158182531,0.0005748448073426,0.0004753912422386,0.0631514706459788,0.0004082631028476,0.0005071980550128,0.0005069381910875,0.0004488434109682,0.0006372101420634,0.0002764651195388,0.7024940344861695,0.0006009873694734,0.0003077194343586,0.0006058333217063,0.0002040515081389,0.0004869260968027,0.0003350004886356
uj0251,4.5216993118640095e-05,6.833613795318275e-05,0.0703457789154124,8.03994547242348e-05,5.3021179704141405e-05,4.6011885485029055e-05,8.616632488357202e-05,0.0001138962439113,4.315210027351704e-05,3.949826198715734e-05,3.101354525909467e-05,6.137083929563767e-05,5.777419027378295e-05,3.741184274860301e-05,0.0051979893587116,5.4406474950762754e-05,4.0916031637699085e-05,5.110133442103654e-05,0.0978129473200779,8.40015456310401e-05,5.051302573316128e-05,0.0001532466150277,0.1029161619572423,4.971239611251578e-05,7.060982417041597e-05,5.839365964146146e-05,4.006184308865767e-05,5.0148119177768025e-05,6.230058100304293e-05,6.226866117731142e-05,5.513271394939752e-05,7.827033577757782e-05,3.395899768170721e-05,0.4129762290942374,7.382098950032609e-05,3.779805414668803e-05,0.002646753924194,2.506422764433723e-05,5.981051866531173e-05,0.3061493344813683
uj0252,0.0004536132942362,0.0006855427244131,0.0347605946540065,0.0008065609629672,0.000531904276049,0.0004615875915083,0.0008644137477277,0.0011425980994839,0.0004328984527326,0.000396243436391,0.0003111254300791,0.000615667399862,0.0005795861016931,0.0003753126438132,0.0005348415606331,0.0005458014482617,0.0004104663892521,0.0005126445402013,0.000643196621132,0.000842696853695,0.0005067426740326,0.0015373579063711,0.0002272656804058,0.0004987108210801,0.0007083521644913,0.0005858005693339,0.0262073852661757,0.0005030819603659,0.0006249944950445,0.0006246742778805,0.0005530870203852,0.0007852018102991,0.0003406739755326,0.917258823118933,0.0007405663207891,0.0003791870859747,0.000746537742483,0.0002514423468938,0.0006000143868603,0.0004128041485278
uj0254,0.0010493524271873,0.00158587927414,0.0804123574730701,0.0018658331114157,0.0012304644731439,0.0010677995236547,0.0019996650799214,0.0026431943336494,0.0010014323827645,0.0009166376228767,0.1798087396355817,0.0014242353312709,0.001340767764754,0.0008682180146475,0.0012372593505137,0.0012626130710305,0.000949539855453,0.001185910552843,0.0014879192125092,0.0019494269679574,0.001172257651423,0.0035563998476338,0.0005257381041969,0.0011536774102845,0.001638644794051,0.0013551438132196,0.0009297166702876,0.001163789251532,0.0014458118813693,0.0014450711167962,0.00127946692626,0.1212090940006736,0.0007880877118177,0.5698078886594552,0.0017131664263099,0.0008771808368088,0.0017269802318748,0.0005816664554662,0.0013880249128487,0.0009549478393046
uj0255,0.0505021773739545,0.0004446046726844,0.2735837235332822,0.0005230903343728,0.0003449633671697,0.0002993598979749,0.0005606104152026,0.0007410252285382,0.0002807537269796,0.0002569813332798,0.000201778554535,0.0003992874448962,0.0003758871327185,0.0002434067917499,0.0003468683256859,0.0003539762958797,0.0002662055450995,0.0003324725795825,0.0004171413582646,0.0005465260522311,0.0003286449592422,0.0009970443626925,0.0001473918106792,0.0003234359485914,0.0004593975999214,0.0003799174888918,0.033732640845235,0.00032627082508,0.0004053364772221,0.0004051288022774,0.0003587013105199,0.0005092379824439,0.00022094208864,0.544674786628123,0.084160271832206,0.0002459195382611,0.0004841626303121,0.0001630714445047,0.0003891357760442,0.0002677216850286
uj0256,0.0002714714857011,0.0004102730327192,0.1906833580327141,0.0004826981609831,0.0003183258645736,0.0002762438201001,0.0005173210030171,0.0006838044818517,0.0002590743869598,0.0156808079903766,0.0001861975471534,0.0003684551265627,0.0003468617479197,0.000224611320508,0.0003200837253332,0.0003266428297851,0.0002456495917041,0.0003067995950149,0.0467159413863506,0.1703846978640001,0.000303267537208,0.0009200542404732,0.0001360104580103,0.0002984607577735,0.0004239236744988,0.0003505808866326,0.0002405212578967,0.0003010767297725,0.0003740370625832,0.0003738454239554,0.0003310029865831,0.0004699154648368,0.0002038813047428,0.5643905787420139,0.0004432027057394,0.0002269300368755,0.0004467763900639,0.0001504793363571,0.000359087352846,0.000247048657807
uj0258,0.463045120406821,0.0279326627411777,0.0638620662553028,0.0008504537089795,0.0005608503078599,0.0004867070156395,0.0009114548206541,0.0012047778608131,0.0004564566246592,0.0004178068560345,0.0003280567596467,0.0006491717895498,0.0006111269606262,0.0003957370175511,0.0005639474383727,0.0005755037589879,0.000432803816672,0.000540542464389,0.0006781991407474,0.0008885561013686,0.0005343194208703,0.001621020348781,0.0002396333937534,0.0005258504774834,0.0007469004244132,0.0006176796172723,0.00042376833475,0.0005304594925346,0.0006590064617645,0.0006586688185021,0.0005831858092221,0.0008279321992098,0.0003592133258949,0.4229794445271978,0.000780867663051,0.0003998223054063,0.0007871640472806,0.0002651257453915,0.0006326669454335,0.0004352687959334
uj0260,0.0008081380311323,0.0012213335777496,0.061927987741139,0.0014369344921825,0.0009476178936089,0.0008223446978659,0.0015400025375108,0.0020356038727817,0.0007712333560695,0.0007059303477278,0.0005542877505887,0.0010968466900747,0.0010325657934753,0.0006686409434736,0.0009528508341131,0.0009723765008477,0.000731269351827,0.0009133055725066,0.0011458915724854,0.0015013126485483,0.230772556265529,0.0027388910496824,0.0004048868096257,0.0008884818548599,0.0012619698999877,0.0470175902640952,0.0007160029175812,0.000896269289534,0.0011134634436681,0.0011128929584734,0.0009853561643328,0.0013988819399245,0.0006069301745411,0.6227220952453951,0.0013193612621366,0.000675543483809,0.0013299996914597,0.0004479589239205,0.0010689599520332,0.0007354342037004
uj0261,0.0009374301386534,0.0014167318713212,0.0185064832798931,0.0016668262702043,0.0010992250570755,0.0009539096966656,0.0017863839302831,0.0023612753603881,0.0008946211712143,0.000818870487784,0.0006429669473174,0.0012723286185624,0.001197763572134,0.0007756152392328,0.0011052952034533,0.0011279447357969,0.0008482634196979,0.0010594231882247,0.0013292200766393,0.001741504136761,0.0543764444064067,0.0031770798026459,0.0004696637003391,0.0010306279822339,0.001463869503412,0.1078690421387401,0.0008305545444557,0.0010396613103104,0.0012916038475764,0.0012909420917939,0.0011430009851897,0.0016226857793907,0.0007040315091666,0.7756791601353639,0.0015304427749375,0.0007836221008015,0.0015427832216078,0.0005196268211427,0.0012399803467303,0.0008530945964508
uj0264,0.0001086739675839,0.0001642382371877,0.0577863352462129,0.0434695054514641,0.000127430454062,0.0062929093145157,0.0002070910901274,0.0002737368379687,0.0001037112294043,9.49296392078185e-05,7.453757491806774e-05,0.0001474979236835,0.000138853781465,8.991516475786387e-05,0.0001281341511841,0.000130759855695,9.833708942548842e-05,0.0001228163214169,0.0496126925091398,0.0125665381108831,0.0001214023875203,0.0003683110380687,5.4446956249277584e-05,0.0001194781640936,0.0001697027868012,0.0001403426065579,9.628414312617236e-05,0.0001205253755733,0.0001497324535185,0.0001496557378002,0.0186794800266671,0.0001881139665956,8.161663920381573e-05,0.6586964668870604,0.0001774204622347,9.084338050290296e-05,0.0001788510598292,6.023905781153595e-05,0.0001437478681866,0.1484746950522939
uj0265,0.0008470817266554,0.0012801889231879,0.0167228502313476,0.001506179518644,0.000993283041516,0.0008619730042877,0.0016142143523436,0.0021336984239271,0.0008083986370476,0.0007399487152138,0.0005809985506743,0.0011497030857501,0.0492717352784574,0.0007008623565414,0.0009987681543396,0.0010192347514486,0.0007665087909895,0.0009573172298784,0.0012011114121444,0.0015736600204302,0.0009462960295562,0.0028708765954691,0.1449926303099095,0.0009312972719057,0.0013227834858496,0.0010939294858691,0.0007505066762732,0.000939459978468,0.0011671205909077,0.0011665226143677,0.0010328398972687,0.0014662932363152,0.0006361777820173,0.7491095275706008,0.0013829405039225,0.0007080975262283,0.0013940915928859,0.0004695458005034,0.0011204725022347,0.0007708743446206
uj0266,0.0004313508555575,0.000651897650387,0.3275226855190143,0.0007669765543822,0.0005057994716288,0.0004389337901728,0.0008219900394805,0.0010865216562948,0.000411652657293,0.0003767965962817,0.0002958560125014,0.0005854516678497,0.0005511411680638,0.0003568930453923,0.000508592600125,0.0005190145982575,0.0003903215148923,0.0004874849653273,0.0006116298096691,0.0008013389674328,0.0004818727510171,0.0014619074366593,0.0002161119326253,0.0004742350854398,0.0006735876484923,0.0005570506419875,0.0003821729199499,0.0004783916978994,0.0742113389440153,0.0005940165062012,0.0005259426089852,0.0007466656664642,0.0003239543740878,0.5777735118846787,0.0007042207980421,0.0003605773376351,0.0007098991542306,0.0002391020563863,0.0005705668736073,0.0003925445415903
uj0267,0.0009902387993809,0.0014965412455343,0.0195490170714679,0.0017607243212328,0.0011611481814863,0.0010076467075199,0.0018870170751049,0.002494294114799,0.000945018255714,0.0008650002760062,0.0006791874846992,0.0013440032613769,0.0012652377096771,0.0008193083106787,0.0011675602800666,0.0011914857383911,0.0008960490127691,0.0011191041366036,0.0014040996107667,0.0018396090486063,0.0011062203500321,0.0596894916320668,0.0004961214703473,0.0010886867977188,0.001546334302406,0.0012788039059364,0.0008773425357367,0.0010982290042044,0.0013643643302711,0.0013636652955116,0.0012073901580456,0.0017140972449045,0.0007436920231356,0.8193758324653306,0.0016166578750629,0.0008277662262712,0.0579631295091633,0.0005488991854194,0.0013098327002436,0.0009011523463085
uj0268,0.0011159718578635,0.0016865607722021,0.0855174349812472,0.0019842878234827,0.2552535063427386,0.0011355900909599,0.0021266162792667,0.0028110007799033,0.0010650095504271,0.0009748314908188,0.0007654255918989,0.0015146546646235,0.0014258880568911,0.0009233379041528,0.0013158082835456,0.0013427716162218,0.0010098225621354,0.1917198927825286,0.0015823815954621,0.0020731887389176,0.0012466798715659,0.0037821822701715,0.0005591152349672,0.001226920040945,0.0017426761761032,0.0014411767864915,0.0009887408776559,0.0012376738448825,0.0015376010285673,0.0015368132356433,0.0648469265386284,0.0654179714718992,0.0008381204304011,0.288551688552624,0.0018219289059281,0.0009328697421129,0.0018366196979452,0.0006185942664691,0.0014761453832098,0.0010155738784995
uj0271,0.0002449869968014,0.0003702472025558,0.0466474681993054,0.0004356066071374,0.0002872703089413,0.0002492937469896,0.0004668516790415,0.0006170931947993,0.0002337993467178,0.0002140027435641,0.0001680322991238,0.0003325090098489,0.00031302225981,0.0002026984628487,0.0142258578460386,0.0002947758792755,0.0002216842611726,0.0002768685308089,0.0003473769630789,0.0004551228414688,0.0002736810570586,0.1123263040332017,0.0001227414126219,0.0002693432222584,0.000382566101262,0.0003163785630387,0.0002170562425252,0.0002717039826237,0.0003375463777274,0.000337373435174,0.0002987106635007,0.0143610721496392,0.0001839908468615,0.6208252030141962,0.0003999642893357,0.000204790967547,0.1815842045579314,0.0001357987215475,0.000324055146845,0.0002229468357741
uj0272,3.3820341635582655e-05,5.111245512431489e-05,0.0391476030690203,6.013529070705175e-05,3.9657533326258776e-05,3.441488650777826e-05,6.444865843685841e-05,8.518943022113895e-05,0.0019562724594882,2.954297980213826e-05,2.3196781202171453e-05,4.590271506986332e-05,4.321257823694184e-05,2.798242907604694e-05,3.987653036487551e-05,4.069367384059937e-05,3.0603409756338735e-05,3.822157266448488e-05,0.0231359140424268,6.282949783292012e-05,3.778154338702015e-05,0.0001146217940926,1.6944395261409922e-05,3.7182707298500257e-05,5.2813073394910216e-05,4.367591434584e-05,0.4675611304830029,3.7508609175404565e-05,4.659812137639928e-05,4.657424673687261e-05,4.123686898359498e-05,5.85428024588881e-05,2.539985133871809e-05,0.4666559526489126,5.521488521421778e-05,2.827129838216201e-05,5.566010038825127e-05,1.87469507213662e-05,4.473566319093338e-05,3.077770759630459e-05
uj0273,0.0002633376849174,0.2251122104808465,0.020179687497812,0.0004682356082403,0.0602325828861305,0.000267967031123,0.0005018210842359,0.0006633164021698,0.0002513120267758,0.0002300325641439,0.0001806187153618,0.0003574155118884,0.0003364691118394,0.0002178815391829,0.0003104934096164,0.0003168559908541,0.0002382894638573,0.0302595046312619,0.000373397145339,0.0004892137010951,0.0002941810663934,0.0008924876697782,0.000131935326631,0.0002895183071908,0.0004112221168859,0.0003400768181,0.0002333147846609,0.0002920558997053,0.0003628302025149,0.000362644305744,0.0003210855090818,0.0004558359059236,0.0001977726340217,0.6523470068351,0.0004299235117718,0.0002201307824086,0.0004333901217335,0.0001459706899303,0.000348328414446,0.0002396466112852
uj0274,0.000421019456595,0.0006362838765364,0.1280679768396017,0.0007486064951227,0.0004936849340798,0.0004284207703283,0.0008023023376208,0.0010604980873879,0.0004017930551114,0.0003677718408795,0.0002887698865293,0.0005714293593834,0.000537940639495,0.0003483450052264,0.0004964111636131,0.000506583541699,0.0003809728205705,0.0004758090833854,0.0005969805015718,0.1444897402403495,0.0004703312887114,0.0014268929031772,0.0002109357783004,0.0004628765548919,0.0006574543717336,0.0005437085740384,0.0003730193947909,0.0004669336112219,0.0005800862673604,0.0005797890590156,0.0005133456178008,0.0007287820786783,0.0003161952567909,0.7076426993275986,0.0006873538185784,0.0003519410540067,0.0006928961709491,0.0002333752594982,0.0005569010748031,0.0003831426029654
uj0276,0.0002484496397213,0.0003754802715401,0.0190388097703993,0.0004417634650675,0.0002913305836266,0.0002528172614587,0.000473450154398,0.00062581518172,0.0002371038635418,0.3677006779820974,0.000170407265381,0.0003372086877247,0.0003174465122227,0.000205563400198,0.0144269259296207,0.0851028615898907,0.0002248175435403,0.0002807817869019,0.0003522867844059,0.0004615555415926,0.0002775492614404,0.0008420300348644,0.0001244762380981,0.0002731501157414,0.0003879732853951,0.0003208502533962,0.0002201241125395,0.0285435173604953,0.0003423172536931,0.0003421418667721,0.0003029326360036,0.0004300647916544,0.0001865913710179,0.4741260859430285,0.0004056173792252,0.0002076854803297,0.0004088880011124,0.0001377180988525,0.0003286353379348,0.0002260979633542
uj0277,0.0004017734893833,0.000607197575575,0.0079316997149863,0.000714385615698,0.0004711172263281,0.0004088364685356,0.0007656268722906,0.0010120197781359,0.0003834259800429,0.0003509599698838,0.297408599530321,0.0005453077382986,0.0005133498806895,0.0003324211887758,0.0004737188323473,0.000483426202814,0.0003635574961754,0.0004540585303541,0.0005696908669022,0.0236027787589468,0.0233052180728934,0.001361665670566,0.0002012933187672,0.0004417171836111,0.0006274003087126,0.0005188541469455,0.0003559676435499,0.0004455887806426,0.0005535689149989,0.0005532852928719,0.0233462660976843,0.0006954674283195,0.0003017410945204,0.5152996801125227,0.0006559329689052,0.0003358528521914,0.0006612219649752,0.0916482547571317,0.000531443581906,0.0003656280917983
uj0279,1.666570029557559e-05,2.5186760904173625e-05,0.000329009588182,2.963295707978944e-05,1.954210196924415e-05,1.69586750608529e-05,3.175846174275635e-05,4.197892285400896e-05,1.5904639399531333e-05,1.4557938311973445e-05,1.1430712542853084e-05,2.2619549511075303e-05,2.1293926763243886e-05,1.378894339828168e-05,1.965001746727582e-05,2.005268247910914e-05,1.5080487965421128e-05,1.883450148775813e-05,2.363096993654725e-05,3.096058555195974e-05,1.8617667603035023e-05,5.648235278852914e-05,0.0009564403792811,1.832257824867595e-05,0.0114031127487483,2.152224559012678e-05,0.1109413733817734,1.8483173403650328e-05,2.296222591609979e-05,2.295046117429725e-05,2.032035356158137e-05,2.884822426561234e-05,1.2516322706743037e-05,0.4954201372546524,0.0047676616430265,1.3931289957999449e-05,2.7427710857784346e-05,9.237962926119658e-06,2.204445961242178e-05,0.375459069441002
uj0281,0.000375992031329,0.0005682342312056,0.0929815786271266,0.0006685441073049,0.0004408860405228,0.000382601785205,0.0007164972566869,0.000947079342419,0.0003588218658278,0.0003284391715201,0.0002578863625471,0.0005103158113719,0.0004804086619036,0.0003110900079955,0.0004433207037291,0.0004524051606111,0.0003402283254222,0.0004249219863465,0.2785993943166302,0.000698496507579,0.021809742343239,0.0012742887597014,0.0001883765002325,0.0004133725731726,0.0005871405723942,0.0004855597241445,0.0003331255070891,0.000416995733164,0.0005180468754933,0.0005177814531534,0.1287967178982344,0.0006508398836827,0.0002823786289093,0.3538950705246369,0.000613842316408,0.0003143014645315,0.000618791922165,0.0002084161111943,0.0004973413059292,0.107290727599239
uj0282,4.332251094532439e-05,6.547301977091294e-05,0.057540209691196,7.70309128727295e-05,5.0799721070346125e-05,4.408409925246559e-05,0.2440742923565007,0.0001091242679612,4.134413209450052e-05,3.784338075665871e-05,2.971415304894672e-05,5.8799550207441325e-05,5.535359204284239e-05,3.584437741599774e-05,5.1080247556586144e-05,0.1109574616082293,3.920174930280212e-05,4.896031264103257e-05,0.0863211334531039,8.048208492051868e-05,4.839665265809578e-05,0.0001468259541153,2.170509562215685e-05,4.76295674737148e-05,6.765144405874364e-05,5.5947107148792285e-05,3.838334917902294e-05,4.804703480096481e-05,5.9690337995778006e-05,5.965975553320696e-05,5.282278715993591e-05,7.499099883801187e-05,3.253619816996474e-05,0.4277128471656066,7.072806936169701e-05,0.0025007773993261,7.129837227164153e-05,2.401409739052897e-05,5.730460322129055e-05,0.0690471887891778
uj0287,0.0003396653145325,0.0005133339081373,0.0067055775198206,0.0006039522797436,0.01972142076713,0.0003456364627011,0.0006472724041358,0.0008555766503692,0.0003241540558366,0.0002967068054737,0.0002329705024295,0.0004610113144362,0.000433993663836,0.0389272962841241,0.0004004889830741,0.0004086957391941,0.0003073569425366,0.0003838678698429,0.213036068603362,0.0006310108092134,0.0003794485566218,0.0011511725151177,0.0001701763810681,0.0003734343108004,0.0005304136007674,0.0004386470528189,0.0003009403676569,0.0003767074168121,0.0004679954367252,0.0004677556583388,0.0004141511704575,0.0005879585613025,0.0002550964324076,0.7061658905077247,0.0005545355382642,0.0002839350223215,0.0005590069346135,0.0001882798518687,0.0004492903493495,0.000309107455032
uj0288,0.0409155114492701,0.00036020679744,0.0047053088937078,0.0004237937783662,0.000279480080522,0.0002425333712316,0.0004541915429102,0.0006003587924129,0.0002274591498422,0.0002081993931905,0.0001634755804124,0.0003234919932705,0.0003045336871022,0.0001972016632259,0.0002810234268891,0.0002867821139591,0.000215672602544,0.0002693603789743,0.230841908967004,0.0004427807692687,0.0002662593434942,0.0008077786376437,0.0001194128972444,0.000262039142584,0.0003721916308711,0.1087802470731709,0.0002111700870247,0.0002643358835853,0.0003283927572426,0.0003282245045648,0.0002906101942649,0.0004125709738573,0.0001790013624647,0.5768714835861379,0.0003891180129316,0.0137582934355783,0.0139513116076136,0.0001321161166037,0.0003152673830706,0.000216900938506
uj0290,0.0001143284947965,0.0001727838861796,0.1128251062667194,0.0067072891014005,0.000134060919354,0.0001163383331671,0.000217866460077,0.0002879799215129,0.0001091075352718,9.986902110501636e-05,7.84159163010508e-05,0.00015517254017,0.0001460786256786,9.459363336676991e-05,0.0001348012312663,0.0001375635565148,0.0001034537678768,0.0001292067040177,0.0001621109929682,0.0002123929436745,0.019639730695375,0.0003874750092916,5.727994194583606e-05,0.0001256948555902,0.000178532767406,0.0912036985611915,0.0001012940026127,0.0001267965556097,0.0001575233371298,0.2538135920661126,0.0001393998089024,0.0001979019182719,8.586331867671375e-05,0.5108576743559019,0.0001866520091643,9.557014606190807e-05,0.0001881570436567,6.337341831413071e-05,0.0001512273616704,0.0001040429756945
uj0293,0.0002673427326721,0.0004040332760015,0.1573657131727838,0.0004753569056422,0.0003134845130991,0.0002720424856356,0.0005094531761155,0.0006734046425521,0.0002551341788118,0.0002335310812848,0.0001833657076148,0.0003628513696306,0.0003415864001656,0.0002211952539274,0.0003152156389222,0.0003216749873267,0.0002419135584584,0.0003021335441626,0.0003790760644007,0.0004966540499223,0.0002986552046839,0.3202906677308655,0.0001339419034104,0.0002939215305522,0.0004174763080262,0.000345248975276,0.000236863220407,0.0002964977167804,0.000368348411154,0.000368159687118,0.0003259688314123,0.0004627686188473,0.0002007805166348,0.4493453450434952,0.0004364621285142,0.0002234787054227,0.0004399814614215,0.0001481907276136,0.0003536260684244,0.0610784544708087
uj0295,0.0002383434119775,0.00036020679744,0.0318234209185696,0.0004237937783662,0.000279480080522,0.0002425333712316,0.0004541915429102,0.0006003587924129,0.0002274591498422,0.1222397035050684,0.0001634755804124,0.0274416040181323,0.1630132058362726,0.0001972016632259,0.0002810234268891,0.0002867821139591,0.000215672602544,0.0002693603789743,0.0003379567556793,0.0004427807692687,0.0138253153559251,0.0008077786376437,0.0001194128972444,0.000262039142584,0.0274903036557328,0.000307798973724,0.0002111700870247,0.0002643358835853,0.0003283927572426,0.0003282245045648,0.0002906101942649,0.0004125709738573,0.0001790013624647,0.6039895956109997,0.0003891180129316,0.0001992374231474,0.0003922555951827,0.0001321161166037,0.0003152673830706,0.000216900938506
uj0296,0.0002232107749752,0.0003373369447924,0.1821810759984036,0.000396886731267,0.0002617356395373,0.0129253140947197,0.0131235338992372,0.0005622414742065,0.0002130175644052,0.0001949806269779,0.0001530963691868,0.0003029531964701,0.0002851985701645,0.0001846811527528,0.0002631809974593,0.0002685740603221,0.0002019793555666,0.4065939987592852,0.0003164995781397,0.0004146682210872,0.0002493542989614,0.0007564920474238,0.0001118312652941,0.0002454020423922,0.0003485608503995,0.00028825654081,0.000197762708796,0.0002475529612473,0.000307542806542,0.0003073852363776,0.0002721590923758,0.0003863764726824,0.0001676364054113,0.3751690636815872,0.0003644125612814,0.000186587660451,0.0003673509356212,0.0001237279458625,0.0002952507741487,0.0002031297033766
uj0297,0.0002991955503695,0.000452172225415,0.0739900643458657,0.0005319937803584,0.0343925497279595,0.0003044552601079,0.0005701524851335,0.0007536381132786,0.0002855323961295,0.0002613553759065,0.000205212998537,0.0004060836595551,0.0003822850540009,0.000247549784041,0.0003527723219919,0.0003600012759329,0.0002707365917202,0.0003381315479471,0.0004242414618369,0.0005558283942284,0.0003342387782268,0.0010140149126056,0.0001499005456699,0.323725231596603,0.0004672169409569,0.0003863840102918,0.0002650845260824,0.0003318242342656,0.0004122356515976,0.0004120244418472,0.0003648067143734,0.0005179056495228,0.0002247027124231,0.5199039037090558,0.0004884648460463,0.0002501052996523,0.0345341182819093,0.0001658470603067,0.0003957592005952,0.0002722785376508
uj0298,0.0002941882147197,0.0004446046726844,0.1396957524419894,0.0172590867207844,0.0003449633671697,0.0002993598979749,0.0005606104152026,0.0007410252285382,0.0002807537269796,0.0002569813332798,0.000201778554535,0.0003992874448962,0.0003758871327185,0.0002434067917499,0.0003468683256859,0.0003539762958797,0.0002662055450995,0.0003324725795825,0.0004171413582646,0.0005465260522311,0.0003286449592422,0.0009970443626925,0.0001473918106792,0.0003234359485914,0.0004593975999214,0.0003799174888918,0.0002606480724118,0.00032627082508,0.0004053364772221,0.2347090782120399,0.0003587013105199,0.0005092379824439,0.00022094208864,0.5948827757873578,0.000480289900148,0.0002459195382611,0.0004841626303121,0.0001630714445047,0.0003891357760442,0.0002677216850286
uj0299,0.0003332263382719,0.0005036027265687,0.0065784610536508,0.0005925032614735,0.0003907392408273,0.0003390842924237,0.0006350021738059,0.0008393576326916,0.0003180091238079,0.0002910821861938,0.0002285541211553,0.2848046617729243,0.0572962444754228,0.0192325323177629,0.0003928969831132,0.0004009481651855,0.0003015304304617,0.0003765909534332,0.000472495091242,0.0195758748317588,0.0003722554163638,0.0011293499380703,0.0001669503770255,0.0003663551815538,0.0005203586424378,0.0004303316969699,0.0002952354934754,0.0003695662398644,0.0004591237286696,0.0004588884957204,0.0004063001787878,0.0005768127331697,0.0002502606137292,0.5979950966818234,0.000544023304563,0.0002785525155124,0.0005484099374298,0.0001847106634805,0.0004407732303803,0.0003032477587964
uj0300,0.0001662215696361,0.0002512095415908,0.1072989889782026,0.0002955553352936,0.0001949104331474,0.0001691436625865,0.0003167548477702,0.0004186924236408,0.0001586308453049,0.000145199020381,0.0001140084693252,0.0002256045025117,0.0002123829102604,0.0001375291631696,0.0001959867685641,0.0002000028980466,0.0001504108639921,0.0001878529161742,0.000235692280865,0.0003087969323837,0.0001856902426573,0.0005633477844158,8.327899248431156e-05,0.000182747059065,0.0002595678083799,0.0002146601331259,0.000147270793156,0.0001843488146626,0.0002290223132793,0.3690181852152956,0.0002026726152914,0.0002877285102695,0.0001248362066693,0.5157859130153672,0.0002713723293063,0.000138948909605,0.0002735604906753,9.213826425449584e-05,0.0002198686291946,0.0001512675099969
uj0301,0.0005716209561673,0.0008638869111682,0.0112847808402476,0.0010163880880847,0.0006702793651067,0.8785891357725601,0.0010892912956449,0.0014398454067395,0.000545517141183,0.0004993263091335,0.0003920648228118,0.0007758334957593,0.0007303656348718,0.0004729503633252,0.0006739807853337,0.0006877918916777,0.000517249368306,0.000646009202039,0.0008105244538614,0.001061924743805,0.0006385719632602,0.0019373021196193,0.0002863889290465,0.0006284506208682,0.000892630235301,0.0007381967985084,0.0005064509484758,0.000633958913614,0.0007875870381141,0.0007871835163395,0.0006969728080141,0.0009894723441544,0.0004293004330112,0.0502450051762437,0.0009332249159663,0.000477832743011,0.0009407498051653,0.0003168551640322,0.0007561083457854,0.0330389903336407
uj0302,0.000232050636813,0.0135517645409157,0.0045810786886347,0.0136136726897273,0.0002721012094422,0.0002361299721933,0.0004421999160494,0.01378557601027,0.0134225217147562,0.0002027024845079,0.0001591594759147,0.0003149511136872,0.0002964933472956,0.4490283061766433,0.0002736038081687,0.0002792104535998,0.0002099783851721,0.0002622486896305,0.0003290339754724,0.0004310904112048,0.0002592295281107,0.0007864515562395,0.0001162601416978,0.0002551207495187,0.0003623649768353,0.0002996724233761,0.0002055947456796,0.0002573568516518,0.0003197224870226,0.0003195586765749,0.000282937464409,0.0004016782189187,0.0001742753441587,0.4824344364200624,0.0003788444662557,0.0001939771296162,0.0003818992096337,0.0001286279689327,0.0003069436507639,0.000211174290441
uj0303,0.0002633376849174,0.0453408264755564,0.020179687497812,0.0004682356082403,0.0003087882177004,0.1650584023693056,0.0005018210842359,0.0006633164021698,0.0002513120267758,0.0002300325641439,0.0001806187153618,0.0003574155118884,0.0003364691118394,0.0002178815391829,0.0003104934096164,0.0003168559908541,0.0002382894638573,0.0002976072970469,0.1052400378150915,0.0004892137010951,0.0002941810663934,0.0008924876697782,0.000131935326631,0.0002895183071908,0.0004112221168859,0.0003400768181,0.0002333147846609,0.0002920558997053,0.0003628302025149,0.000362644305744,0.0003210855090818,0.0004558359059236,0.0001977726340217,0.3826899308271649,0.0004299235117718,0.2698772067903437,0.0004333901217335,0.0001459706899303,0.000348328414446,0.0002396466112852
uj0304,0.0009374301386534,0.0014167318713212,0.0718357012023848,0.0016668262702043,0.0010992250570755,0.0009539096966656,0.0017863839302831,0.0023612753603881,0.0008946211712143,0.000818870487784,0.0006429669473174,0.0012723286185624,0.001197763572134,0.0007756152392328,0.0011052952034533,0.0011279447357969,0.0008482634196979,0.0010594231882247,0.0013292200766393,0.001741504136761,0.0010472264839149,0.0031770798026459,0.0004696637003391,0.0010306279822339,0.001463869503412,0.2145274779837236,0.0008305545444557,0.0010396613103104,0.0546208217700681,0.0012909420917939,0.0011430009851897,0.0016226857793907,0.0007040315091666,0.6156915063678886,0.0015304427749375,0.0007836221008015,0.0015427832216078,0.0005196268211427,0.0012399803467303,0.0008530945964508
uj0305,0.0001518613543613,0.0002295070447114,0.141225218102551,0.000270021716223,0.0001780717293293,0.0001545310018325,0.0002893897602352,0.0176609224656633,0.0001449264079519,0.0001326549853625,0.000104159048662,0.0002061140763888,0.0001940347240491,0.0001256477425212,0.0001790550779673,0.0001827242459571,0.0001374165673354,0.0001716239254231,0.0002153303513078,0.0002821193451432,0.0001696480896153,0.1732986962526705,7.608435304878736e-05,0.0001669591735653,0.0002371432240441,0.0001961152130572,0.000134547773526,0.0001684225502794,0.0174876383371087,0.1470755440454867,0.0001851633209666,0.0002628710663337,0.0001140513560282,0.4971437345607777,0.0002479279286971,0.0001269448342104,0.0002499270504103,8.417825453594616e-05,0.0002008737366887,0.0001381992059712
uj0306,0.0001467888025635,0.0002218409312544,0.002897863433557,0.0002610023106748,0.0001721236849796,0.0001493692770839,0.0002797234132259,0.0003697435876897,0.0001400855008344,0.000128223974673,0.000100679874044,0.3175231613106827,0.0001875534754625,0.000121450791395,0.0001730741872959,0.0001766207958316,0.0001328265078129,0.0252177806195204,0.0002081377751238,0.0002726958483134,0.0001639814160525,0.000497487461358,7.35429439887501e-05,0.0001613823165723,0.0002292220429607,0.0252414538364502,0.0001300535389437,0.0001627968128178,0.0002022475855582,0.0002021439636083,0.0001789783995914,0.0002540905105054,0.0001102417534239,0.5640441793299633,0.0002396465113099,0.0001227045569542,0.0002415788573218,8.136648877645293e-05,0.0001941640478514,0.0585879915239716
uj0308,0.0004656290798829,0.0007037021005445,0.1416375734759878,0.0008279259973814,0.0005459939154992,0.0004738146087215,0.000887311247503,0.0011728644387166,0.0004443655218881,0.0004067395489523,0.0003193668474374,0.0006319758449637,0.0005949387874506,0.0003852543195442,0.0005490090059642,0.0005602592106142,0.000421339254336,0.000526224007528,0.0006602342891776,0.2392664773293519,0.0005201658065259,0.0015780810582277,0.0002332857325853,0.0005119211974116,0.0007271157410424,0.0006013178704411,0.0004125431137546,0.0005164081240284,0.0006415500060454,0.0006412213066327,0.0005677377706286,0.0008060010610307,0.0003496981058159,0.5971984768906983,0.0007601832197665,0.0003892313920014,0.0007663128187536,0.0002581028160229,0.0006159081985036,0.0004237389386361
uj0311,0.000232050636813,0.0003506965686058,0.1629938943563542,0.0004126047174173,0.0002721012094422,0.0002361299721933,0.0004421999160494,0.0665898478995099,0.0002214537424462,0.0002027024845079,0.0001591594759147,0.0003149511136872,0.0002964933472956,0.0001919951181049,0.0002736038081687,0.0002792104535998,0.0002099783851721,0.0002622486896305,0.0267311699200923,0.0004310904112048,0.0002592295281107,0.2384056750578187,0.0001162601416978,0.1586679364172382,0.0003623649768353,0.0002996724233761,0.0002055947456796,0.0002573568516518,0.0003197224870226,0.0003195586765749,0.000282937464409,0.0004016782189187,0.0001742753441587,0.3372226887246529,0.0003788444662557,0.0001939771296162,0.0003818992096337,0.0001286279689327,0.0003069436507639,0.000211174290441
uj0314,0.0005208123827818,0.0007871002555195,0.0102817322128757,0.0009260463534013,0.0006107015313283,0.0005299680067816,0.0009924695536569,0.0013118646351762,0.0004970288074336,0.0004549436511025,0.0003572161103796,0.0007068734748243,0.000665447028307,0.0004309121332998,0.000614073950529,0.0006266574556057,0.000471273617759,0.0005885886236026,0.0007384809244029,0.0009675354799172,0.0005818124443742,0.0017651048692342,0.0002609332266947,0.0005725907382921,0.0008132887270392,0.0006725821183515,0.0004614350163198,0.0005776094260065,0.0007175823026479,0.0007172146479377,0.0006350223254756,0.119414960607617,0.0003911420304549,0.5790894431180054,0.0008502751463393,0.0893204387348922,0.0008571311851735,0.0002886914680015,0.1784590579815616,0.0004739576968947
uj0318,0.0001559019593865,0.000235613583943,0.2425425489640763,0.000277206237315,0.0179209412849415,0.0001586426386948,0.0002970896106965,0.0003926985491041,0.0001487824934894,0.0001361845627373,0.0001069304290254,0.0002115981942957,0.0001991974442445,0.000128990876803,0.0001838192317631,0.0001875860260297,0.0001410728370615,0.0001761903570766,0.0268282570374117,0.0002896257502354,0.0001741619498156,0.0537427679024079,7.810874444552373e-05,0.3460649670256144,0.0002434529406063,0.0002013332892341,0.0001381277126891,0.0001729038023127,0.0002148038155436,0.0002146937603844,0.0001900899979894,0.000269865328673,0.0001170859429659,0.3063828230084033,0.0002545245960242,0.0001303224804667,0.0002565769087634,8.641800196687435e-05,0.000206218423843,0.0001418762995179
uj0319,0.0003681180912611,0.0005563343984745,0.0072672842700969,0.0006545436078393,0.0004316531047938,0.0003745894251666,0.0007014925332143,0.0009272458210663,0.0003513074994818,0.0212633348653201,0.0002524857646784,0.0004996288930873,0.000470348052378,0.0003045752314189,0.000434036781834,0.000442930994075,0.0003331033407933,0.000416023366229,0.0005219695178366,0.0006838687517224,0.0004112338599766,0.0012476028927493,0.0001844315621768,0.0004047158182531,0.0005748448073426,0.0004753912422386,0.000326149268075,0.2517095486144627,0.0005071980550128,0.0005069381910875,0.0004488434109682,0.0006372101420634,0.0002764651195388,0.7024940344861695,0.0006009873694734,0.0003077194343586,0.0006058333217063,0.0002040515081389,0.0004869260968027,0.0003350004886356
uj0320,0.0002003177396473,0.0003027388542863,0.1521003220489268,0.0003561810710627,0.0002348914012017,0.0002038392263963,0.0003817291297788,0.0005045766328329,0.0001911699693331,0.0001749829437022,0.0001373944363892,0.0002718815861042,0.0002559479170857,0.0001657398083896,0.0002361885197299,0.0002410284570608,0.0001812638658102,0.0002263862123101,0.0002840386182043,0.000372138848409,0.0002237799207714,0.0006789043988487,0.0001003615810576,0.0002202330171664,0.0003128116090691,0.0002586922548879,0.0001774796885005,0.000222163332597,0.0002760004746998,0.5586712099233183,0.0002442457995822,0.0003467487699428,0.0001504432114368,0.2797117023999549,0.0003270375302584,0.000167450780061,0.0003296745378404,0.0001110381093794,0.0002649691427895,0.000182296231175
uj0324,0.0007101876325278,0.0010733017983245,0.0140203253608235,0.0416644492353429,0.0008327618333469,0.0007226723797183,0.0013533464755634,0.0017888784334896,0.0006777559899094,0.000620368035,0.0004871052842027,0.0009639033482668,0.0009074136200099,0.0005875982943054,0.0008373605151125,0.0008545195727209,0.0006426358242125,0.0008026083383357,0.0010070037439727,0.001319345995959,0.0007933682379791,0.002406923663276,0.0003558124895656,0.000780793380263,0.0011090127936906,0.0009171431365768,0.0006292197586687,0.0411893153776761,0.000978506067654,0.2029863969233062,0.2028743182308036,0.0012293304049915,0.0005333671813008,0.4664416848203702,0.0011594480337633,0.0005936642119957,0.0011687970318846,0.0003936640467261,0.0009393966232944,0.0006462958750675
uj0326,0.0001080062379285,0.000163229101845,0.0451425992058307,0.000192043787907,0.0001266474782025,0.0001099049341515,0.030927511725668,0.0002720549061449,0.0001030739924927,9.434635935995772e-05,7.407959081825521e-05,0.0001465916464955,0.0001380006168138,8.936269553899821e-05,0.0001273468515711,0.0062742950375289,9.773287304967768e-05,0.0001220616963507,0.0001531464094626,0.0002006478161868,0.0369866881381296,0.1724075292209405,5.41124157135442e-05,0.086139484655099,0.0001686600754152,0.1230262525873507,9.569254074758232e-05,0.0001197848268541,0.0001488124466225,0.0001487362022715,0.000131691132244,0.0001869581306867,8.11151589359566e-05,0.4887520701542824,0.006320668945502,9.028520801219232e-05,0.0001777521383561,5.986892864251352e-05,0.0001428646326093,9.82894982362776e-05
uj0327,0.0002633376849174,0.0003979804742339,0.2448939175044246,0.0004682356082403,0.0003087882177004,0.000267967031123,0.0005018210842359,0.0006633164021698,0.0002513120267758,0.0002300325641439,0.0001806187153618,0.0003574155118884,0.0003364691118394,0.0002178815391829,0.0003104934096164,0.0003168559908541,0.0002382894638573,0.1201451966339069,0.000373397145339,0.0004892137010951,0.1501036677374684,0.0008924876697782,0.000131935326631,0.1051561589769433,0.0004112221168859,0.0003400768181,0.0002333147846609,0.0002920558997053,0.0003628302025149,0.000362644305744,0.0003210855090818,0.0004558359059236,0.0001977726340217,0.3377470848258424,0.0004299235117718,0.0002201307824086,0.0004333901217335,0.0301078680241453,0.000348328414446,0.0002396466112852
uj0330,0.0003605671750443,0.0005449227495196,0.0071182161966986,0.0006411174707915,0.0004227989449293,0.0003669057675788,0.0006871033698703,0.000908225958491,0.0003441014056823,0.0003149651438896,0.0002473067232233,0.0004893803994632,0.0004607001735571,0.0002983277197949,0.0004251337274814,0.0004338454997581,0.0003262706545506,0.0004074898068707,0.3492188615891042,0.0006698410911152,0.0004027985439845,0.0012220117981015,0.0001806484629301,0.0003964142017127,0.0005630534689625,0.0414900633070887,0.000319459225244,0.0003998887236546,0.0004967943011369,0.0004965397675954,0.0004396366399044,0.000624139552735,0.0002707942084804,0.5855232696594643,0.0005886597893245,0.0003014074281782,0.0005934063403594,0.0001998659604072,0.0004769381656251,0.0003281288876947
uj0333,7.786515541562487e-05,0.0001176770863172,0.0015371920929014,0.0001384505161811,9.130422244465488e-05,7.923398632141224e-05,0.000148381257043,0.0001961330933735,7.430934174441819e-05,0.0089273182247744,5.340634914074865e-05,0.0001056826120039,9.948906361103224e-05,6.442442871779577e-05,9.180842310091062e-05,9.368974660791978e-05,7.045875770865235e-05,0.0089472990986904,0.0001104081505185,0.0001446534356796,8.698509847627728e-05,0.0002638957319595,3.901137323418794e-05,8.56063878291906e-05,0.0001215924490704,0.4607842032980246,6.898781681811493e-05,8.63567173370599e-05,0.0001072836579282,0.031114781887222,9.494035414719624e-05,0.000134784103042,5.847851548436845e-05,0.4852465315167164,0.0001271221818155,6.508949749970864e-05,0.0001281472083836,4.316142773532604e-05,0.0001029956883498,7.086004662949727e-05
uj0335,0.0001531847481696,0.0089459941457806,0.1947428458283234,0.0002723748169762,0.0001796235331112,0.0001558776602491,0.0002919116435575,0.0091003412811477,0.0001461893672594,0.0001338110055165,0.0001050667413442,0.0002079102548414,0.000195725637142,0.1395585357364963,0.0001806154511282,0.0001843165940349,0.0001386140822339,0.0001731195399012,0.0002172068448689,0.0002845778705272,0.0437435618101816,0.1573799313697344,7.674738915927204e-05,0.0001684141371237,0.0002392098056026,0.0001978242565446,0.000135720288358,0.0001698902664153,0.0002110600053995,0.0002109518683889,0.0001867769243321,0.000265161852841,0.000115045255095,0.4056167294911378,0.0351080367530118,0.0001280510933261,0.0002521050364582,8.491182484624525e-05,0.0002026242482688,0.000139403541164
uj0336,0.0003097396181078,0.070950891825967,0.2175631460668071,0.0005507419818258,0.0003631988511509,0.00031518468734,0.0005902454524822,0.0007801973696138,0.0002955949552904,0.0002705659032153,0.0002124449903052,0.000420394613072,0.0003957573115253,0.0002562737830722,0.0003652045097524,0.0003726882220944,0.0002802777261349,0.0003500477744472,0.0004391923215856,0.0005754165606713,0.0003460178181023,0.0010497502098485,0.0001551832495924,0.0003405334482705,0.0004836823164208,0.0004000007207425,0.0002744264738351,0.0003435181822505,0.0004267634098788,0.0180472408622552,0.0003776630108758,0.0005361573656459,0.0002326215488424,0.3796397761425761,0.000505679027267,0.0002589193586114,0.0005097564780352,0.000171691741606,0.2999615400984942,0.0002818740123868
uj0337,0.0005908341714909,0.0008929237144213,0.0452758933741461,0.0010505507320153,0.0006928086681875,0.0006012207438905,0.0011259043483813,0.0014882412178692,0.000563852960021,0.0005161095704724,0.0004052428313859,0.0008019106642895,0.0007549145462726,0.0004888470813688,0.0006966344998501,0.000710909822485,0.0005346350561154,0.0006677227409951,0.0008377676483054,0.0010976179571838,0.0006600355231549,0.0020024183515727,0.0002960149794926,0.0006495739841192,0.0009226331537214,0.0007630089294983,0.000523473681843,0.0006552674205577,0.3033203548214155,0.0008136421796119,0.1687794524132267,0.0010227303011973,0.0004437299978636,0.4552755581839416,0.0009645922951052,0.0004938935666759,0.0009723701094549,0.0003275052397988,0.0007815225163102,0.0005376800022895
uj0338,0.000375992031329,0.0005682342312056,0.3068787017201826,0.0006685441073049,0.0004408860405228,0.000382601785205,0.0007164972566869,0.000947079342419,0.0003588218658278,0.0003284391715201,0.0002578863625471,0.0005103158113719,0.0004804086619036,0.0003110900079955,0.0004433207037291,0.0004524051606111,0.0003402283254222,0.0004249219863465,0.0005331342956574,0.000698496507579,0.0004200300339334,0.0012742887597014,0.0001883765002325,0.0004133725731726,0.0005871405723942,0.0004855597241445,0.0003331255070891,0.000416995733164,0.0005180468754933,0.449701739948571,0.0004584440424008,0.0006508398836827,0.0002823786289093,0.2255567966688033,0.000613842316408,0.0003143014645315,0.000618791922165,0.0002084161111943,0.0004973413059292,0.000342166052711
uj0340,0.0003605671750443,0.0005449227495196,0.2122403331499433,0.0006411174707915,0.0004227989449293,0.0003669057675788,0.0006871033698703,0.000908225958491,0.0003441014056823,0.0003149651438896,0.0002473067232233,0.0620260154854366,0.0004607001735571,0.0002983277197949,0.0004251337274814,0.0004338454997581,0.0003262706545506,0.0004074898068707,0.1030723212452106,0.0006698410911152,0.0004027985439845,0.0012220117981015,0.0001806484629301,0.0003964142017127,0.0005630534689625,0.0004656399164397,0.000319459225244,0.0003998887236546,0.0004967943011369,0.0004965397675954,0.0004396366399044,0.000624139552735,0.0002707942084804,0.6060354813547888,0.0005886597893245,0.0003014074281782,0.0005934063403594,0.0001998659604072,0.0004769381656251,0.0003281288876947
uj0342,0.0002941882147197,0.0004446046726844,0.4409436873973983,0.0005230903343728,0.0003449633671697,0.0002993598979749,0.0005606104152026,0.0007410252285382,0.0002807537269796,0.0002569813332798,0.000201778554535,0.0003992874448962,0.0003758871327185,0.0002434067917499,0.0003468683256859,0.0003539762958797,0.0002662055450995,0.0003324725795825,0.0004171413582646,0.0005465260522311,0.0003286449592422,0.0009970443626925,0.0001473918106792,0.0003234359485914,0.0004593975999214,0.0003799174888918,0.0002606480724118,0.00032627082508,0.0004053364772221,0.3183890601440979,0.0003587013105199,0.0005092379824439,0.00022094208864,0.2099548588998908,0.0172162862865596,0.0002459195382611,0.0004841626303121,0.0001630714445047,0.0003891357760442,0.0002677216850286
uj0343,0.0001694257961707,0.000256052067628,0.0515368556016444,0.0003012527080826,0.000198667690302,0.0001724042178382,0.0003228608801606,0.0004267634903297,0.0001616887466642,0.0001479979986058,0.0001162061923005,0.0002299534443178,0.0002164769815536,0.0001401802907872,0.0387534439577006,0.0002038583218302,0.0001533103100901,0.0001914741267061,0.0002402356831562,0.0292300089490433,0.0001892697636788,0.0005742073492904,8.488434826379987e-05,0.0001862698448085,0.0002645714553853,0.1833487742243539,0.0001501097086122,0.0001879024771917,0.0002334371396754,0.058063836313151,0.000206579502786,0.000293275006608,0.0001272426542005,0.6317512530792854,0.000276603530168,0.0001416274054469,0.0002788338723728,9.391439879479831e-05,0.0002241070014909,0.0001541834695225
uj0344,0.0002846600747548,0.0004302048587611,0.0056196794797642,0.000506148534291,0.0003337907263883,0.8585691480589906,0.0005424534183055,0.0007170249737973,0.000271660701928,0.0002486582462581,0.0001952433698698,0.0003863553610436,0.0003637129359549,0.0002355233556904,0.000335633987289,0.0003425117452192,0.0002575837051813,0.0003217044892436,0.0004036310235611,0.0167227777428911,0.0003180008375074,0.0009647521845439,0.0001426180987099,0.000312960535799,0.0004445186740754,0.0003676127573351,0.0002522062273913,0.0003157035965771,0.0003922084778849,0.0003920075290966,0.0003470837265338,0.0004927448310211,0.0002137862372517,0.1059911457179661,0.0004647343164659,0.0002379547196062,0.0004684816170133,0.0001577899020438,0.0003765324834785,0.0002590507405143
uj0345,0.0001895191081291,0.0002864189550131,0.0037414331598624,0.0003369802346968,0.000222228989511,0.000192850760279,0.0003611510610591,0.0004773761605221,0.0001808644713786,0.0001655500480718,0.0216929937706234,0.0002572251254728,0.000242150400953,0.0001568051872131,0.0002234561836029,0.0002280352119404,0.0001714923812783,0.0002141822942156,0.0002687268021848,0.0003520777679244,0.0002117165013767,0.1300203419110061,9.495133763969984e-05,0.0002083608025303,0.0002959487126183,0.0002447467983244,0.0001679121995629,0.0002101870594532,0.0002611219750204,0.2158910474571569,0.0002310791155222,0.0003280564054893,0.0001423331917872,0.620422737451325,0.0003094077497502,0.0001584239246537,0.000311902602807,0.0001050523208528,0.0002506853147985,0.0001724690943918
uj0346,0.0002026268393421,0.0233605990918817,0.0040002023187882,0.0003602868362533,0.0002375990378983,0.0002061889189213,0.0003861293921751,0.0005103929811551,0.0001933736209848,0.0001770000045108,0.0001389782075105,0.0002750156155148,0.0002588982761417,0.0001676503218651,0.000238911108552,0.0002438068367371,0.0001833533279715,0.0002289958081187,0.000287312783976,0.0003764285618553,0.0002263594733746,0.0006867302556249,0.000101518467595,0.0002227716839546,0.0003164174464369,0.0233160447591722,0.0001795255297489,0.0002247242504888,0.0002791819833022,0.0002790389438617,0.0002470612661618,0.000350745807251,0.0001521773982055,0.7670777717371143,0.0003308073524552,0.0001693810162239,0.0003334747573121,0.0001123180662367,0.0002680234911854,0.173092176424139
uj0348,0.0002801237638224,0.0004233491625219,0.0852095624928503,0.0004980826081808,0.0003284714749179,0.0002850482009897,0.1598926841279802,0.0007055985444668,0.0002673315475389,0.0002446956564152,0.0001921319934888,0.0003801984454678,0.0959732419593181,0.0002317700819861,0.0003302853618201,0.0003370535165735,0.0002534788802289,0.0003165778426887,0.0003971988049706,0.000520397919148,0.00031293321193,0.0009493780022476,0.0001403453527308,0.0003079732319027,0.0004374348744854,0.0003617545217838,0.0002481870973201,0.0003106725795728,0.032257733324964,0.0481934230971063,0.0003415526393082,0.0164207800234519,0.0002103793638219,0.5505069332635655,0.0004573283626727,0.00023416269996,0.00046101594666,0.0001552753799133,0.0003705321041746,0.0002549225370519
uj0350,0.00038421017647,0.0005806542587515,0.0075849697098732,0.0006831566311065,0.0004505225890923,0.0003909644012714,0.0007321579036101,0.0009677798755354,0.0003666647186742,0.0003356179427616,0.0002635230446592,0.0005214699025657,0.0004909090655865,0.1314612828845417,0.0004530104672977,0.0004622934852634,0.0003476647749382,0.0004342096048768,0.0005447871357611,0.0007137637079489,0.0004292107279237,0.1980172311500364,0.0001924938891426,0.0004224077534971,0.0005999738402298,0.000496172715791,0.0003404067086554,0.0004261101057378,0.000529369946351,0.0005290987226133,0.0004684643602946,0.0006650654421574,0.0002885506441749,0.5802025594453518,0.0661989558654634,0.0003211712246283,0.0006323170009026,0.0002129715105347,0.0005082118103446,0.0003496448555824
uj0352,0.0002714714857011,0.0004102730327192,0.0362466547121126,0.0004826981609831,0.0003183258645736,0.0002762438201001,0.0005173210030171,0.0006838044818517,0.0002590743869598,0.0002371376583165,0.0001861975471534,0.0003684551265627,0.0003468617479197,0.000224611320508,0.3246371606985965,0.0003266428297851,0.0002456495917041,0.0003067995950149,0.0003849303901701,0.0005043242113384,0.000303267537208,0.0009200542404732,0.0001360104580103,0.0002984607577735,0.0004239236744988,0.0003505808866326,0.0002405212578967,0.0003010767297725,0.0003740370625832,0.0003738454239554,0.0003310029865831,0.0004699154648368,0.0002038813047428,0.6261652600702545,0.0004432027057394,0.0002269300368755,0.0004467763900639,0.0001504793363571,0.000359087352846,0.000247048657807
uj0353,0.0006826090799789,0.0010316225171175,0.0134758772994858,0.0400465032869364,0.000800423385126,0.000694609009861,0.2342974085504131,0.0017194113298371,0.0783169756033334,0.0005962774261676,0.0004681896370386,0.0009264723118411,0.0008721762361738,0.0005647802252559,0.0008048434873431,0.0008213362112247,0.000617680495457,0.0007714408338324,0.0009678989998205,0.0012681121371685,0.000762559552162,0.0023134561517501,0.0003419953052165,0.0007504730109956,0.0010659467556362,0.0008815279286678,0.0006047854128924,0.0007570508150507,0.000940507967194,0.0009400260960794,0.0008322997295949,0.0011815921008854,0.0005126550565557,0.6036595399565265,0.0011144234556627,0.0005706105865635,0.001123409406296,0.0003783769815872,0.0009029172508678,0.0006211984164012
uj0354,0.0003097396181078,0.0004681074041577,0.3056666265940687,0.0005507419818258,0.0003631988511509,0.00031518468734,0.0005902454524822,0.0007801973696138,0.0002955949552904,0.0002705659032153,0.0002124449903052,0.000420394613072,0.0003957573115253,0.0002562737830722,0.4937446954624176,0.0003726882220944,0.0002802777261349,0.0003500477744472,0.0004391923215856,0.0005754165606713,0.0003460178181023,0.0010497502098485,0.0001551832495924,0.0003405334482705,0.0004836823164208,0.0004000007207425,0.0002744264738351,0.0003435181822505,0.0004267634098788,0.0004265447568029,0.0003776630108758,0.0005361573656459,0.0002326215488424,0.1858121189826004,0.000505679027267,0.0002589193586114,0.0005097564780352,0.000171691741606,0.0004097063058045,0.0002818740123868
uj0357,0.0646022029372929,0.0016865607722021,0.0220312039018177,0.0019842878234827,0.0013085820250209,0.0011355900909599,0.0021266162792667,0.0028110007799033,0.0010650095504271,0.0009748314908188,0.0007654255918989,0.0015146546646235,0.0014258880568911,0.0009233379041528,0.0013158082835456,0.0013427716162218,0.0010098225621354,0.0012611995442404,0.0015823815954621,0.0020731887389176,0.0012466798715659,0.0037821822701715,0.0005591152349672,0.001226920040945,0.0017426761761032,0.0014411767864915,0.0009887408776559,0.0012376738448825,0.0015376010285673,0.0015368132356433,0.001360695459199,0.0019317403924698,0.0008381204304011,0.8599277682674888,0.0018219289059281,0.0009328697421129,0.0018366196979452,0.0006185942664691,0.0014761453832098,0.0010155738784995
uj0358,0.0009902387993809,0.0014965412455343,0.0195490170714679,0.0017607243212328,0.0011611481814863,0.0010076467075199,0.0018870170751049,0.002494294114799,0.0572784542633814,0.0008650002760062,0.0006791874846992,0.0013440032613769,0.0012652377096771,0.0008193083106787,0.0011675602800666,0.0011914857383911,0.0008960490127691,0.0011191041366036,0.1140709716261015,0.0018396090486063,0.0011062203500321,0.0033560556243995,0.0004961214703473,0.0010886867977188,0.001546334302406,0.0012788039059364,0.0008773425357367,0.0010982290042044,0.0013643643302711,0.0013636652955116,0.0012073901580456,0.0017140972449045,0.0007436920231356,0.7630423964576633,0.0016166578750629,0.0008277662262712,0.001629693501496,0.0005488991854194,0.0013098327002436,0.0009011523463085
uj0360,0.0007726177394597,0.0011676519995539,0.4108320391918941,0.0013737765534264,0.0009059670088857,0.0007861999770406,0.0014723144233501,0.0019461324699945,0.0007373351447493,0.0885813993364057,0.0005299250033685,0.001048636714983,0.0009871811726031,0.0006392520019543,0.0009109699446557,0.0009296373949089,0.0006991276883148,0.000873162825758,0.0010955259154913,0.0014353250806901,0.000863110460548,0.00261850789087,0.0003870907190839,0.0008494301911407,0.0012065022234241,0.0009977659768881,0.0006845322634465,0.0008568753427638,0.001064523108277,0.0010639776977599,0.0009420465600199,0.0013373965344523,0.0005802536217814,0.331631945509399,0.001261371048773,0.0006458511532194,0.0012715418845688,0.0004282696740374,0.1328817210706382,0.000703109481419
uj0361,0.0002714714857011,0.0004102730327192,0.4686694240097969,0.0004826981609831,0.0003183258645736,0.0002762438201001,0.0005173210030171,0.0006838044818517,0.0002590743869598,0.0002371376583165,0.0001861975471534,0.0003684551265627,0.0003468617479197,0.000224611320508,0.077538435385634,0.0003266428297851,0.0002456495917041,0.0003067995950149,0.0003849303901701,0.0005043242113384,0.000303267537208,0.0009200542404732,0.0001360104580103,0.0002984607577735,0.0004239236744988,0.0003505808866326,0.0002405212578967,0.0003010767297725,0.0003740370625832,0.0312611860880757,0.0003310029865831,0.0931319374571977,0.0002038813047428,0.3172918534290515,0.0004432027057394,0.0002269300368755,0.0004467763900639,0.0001504793363571,0.000359087352846,0.000247048657807
uj0362,0.0002757297652971,0.0004167085420675,0.0211292982973037,0.0004902697249896,0.0003233190981373,0.0002805769581444,0.0005254356581015,0.4869580036496397,0.0002631382066754,0.0002408573802948,0.0001891182267004,0.0003742346836437,0.0003523025930235,0.0002281345553726,0.0003251045325575,0.0003317665225871,0.0002495028311757,0.0003116120284538,0.0003909683768931,0.000512234999808,0.0003080245670761,0.000934486136292,0.0001381439069679,0.0003031423888912,0.0004305733067013,0.0003560800698431,0.0002442940547423,0.0003057993948138,0.0003799041774576,0.0003797095328019,0.0003361950724493,0.0004772865205135,0.0002070793702698,0.4791280524383529,0.0004501547472544,0.000230489642936,0.0004537844880999,0.0001528397429611,0.0003647199677921,0.0002509238429154
uj0363,0.0005536179669705,0.0323313068089076,0.1054132539522014,0.0009843773236575,0.1266276799435582,0.0005633502969086,0.0010549844718378,0.0013944980117168,0.0005283362819206,0.0004836002129293,0.0003797168871852,0.0007513989086576,0.0007073630411208,0.0004580549677144,0.0006527540114264,0.0006661301421181,0.000500958792026,0.0006256633827337,0.0007849972879499,0.0010284798193594,0.0006184603770212,0.0018762875106303,0.0002773692163504,0.0006086578025397,0.0008645171783715,0.0007149475651742,0.0004905004644081,0.0006139926136562,0.0007627822775718,0.0007623914645653,0.3156212988526795,0.0009583092810614,0.0004157797757045,0.3321142066941061,0.0638930887334362,0.0004627835786697,0.0009111212402981,0.000306875928608,0.0007322949949383,0.0005038119393079
uj0366,0.000411171381576,0.000621400546915,0.0782902937582183,0.0007310958247529,0.0004821371393392,0.0004183995710231,0.0007835356666629,0.0244267131166313,0.0003923947052563,0.0003591692819666,0.0002820152640024,0.0005580630431452,0.0005253576586125,0.0003401968598373,0.4683052228485435,0.0004947340353545,0.0003720614772623,0.0004646794230466,0.0239740376804741,0.0007638506939418,0.0004593297595838,0.0013935164210824,0.0002060017750463,0.0004520493996008,0.000642075842611,0.0005309906752769,0.0003642940902333,0.0004560115572404,0.0005665174572045,0.0005662272008664,0.0005013379395912,0.0007117351216531,0.0003087991268479,0.3870069388603484,0.000671275910862,0.0003437087933644,0.000676688621951,0.0002279163738645,0.000543874589977,0.0003741805062312
uj0370,0.0002673427326721,0.1372831503057913,0.0052778053619062,0.0004753569056422,0.0003134845130991,0.0002720424856356,0.1525973609869932,0.0006734046425521,0.0002551341788118,0.0002335310812848,0.0001833657076148,0.0003628513696306,0.0003415864001656,0.0002211952539274,0.0003152156389222,0.0003216749873267,0.0154507043395462,0.0003021335441626,0.0003790760644007,0.0004966540499223,0.0002986552046839,0.0009060613280226,0.0001339419034104,0.0002939215305522,0.0004174763080262,0.000345248975276,0.000236863220407,0.0002964977167804,0.000368348411154,0.000368159687118,0.0003259688314123,0.0004627686188473,0.0002007805166348,0.6470596251976362,0.0004364621285142,0.0002234787054227,0.030857563023597,0.0001481907276136,0.0003536260684244,0.0002432913464576
uj0377,0.0003681180912611,0.0005563343984745,0.0491508318553661,0.0006545436078393,0.1051405220679668,0.0003745894251666,0.0007014925332143,0.0009272458210663,0.0003513074994818,0.0003215610726855,0.0002524857646784,0.0004996288930873,0.000470348052378,0.0003045752314189,0.1470264533302761,0.000442930994075,0.0003331033407933,0.000416023366229,0.0005219695178366,0.0006838687517224,0.0004112338599766,0.0012476028927493,0.0001844315621768,0.0004047158182531,0.0005748448073426,0.0004753912422386,0.000326149268075,0.0004082631028476,0.0005071980550128,0.0005069381910875,0.0004488434109682,0.0006372101420634,0.0002764651195388,0.6815522606935349,0.0006009873694734,0.0003077194343586,0.0006058333217063,0.0002040515081389,0.0004869260968027,0.0003350004886356
uj0378,0.0003210540083365,0.2013931391702162,0.0063381583247981,0.0005708598787089,0.1099626109861634,0.0003266979789507,0.0006118063603856,0.0008086969769586,0.0003063926591625,0.0002804493279778,0.0002202053328056,0.0004357510880731,0.0004102138175603,0.0002656351350515,0.0003785449611995,0.0003863020439367,0.0002905159113088,0.0003628345698302,0.0004552354527234,0.0005964357882123,0.0003586574043587,0.0010880962360669,0.0001608518942869,0.0003529726975444,0.0005013506098994,0.0004146122330633,0.0002844509202815,0.0003560664600212,0.0004423525288433,0.0004421258886514,0.0003914585553595,0.0005557425052414,0.0002411189150989,0.5944154617254441,0.0005241508323267,0.0002683773500656,0.0005283772271318,0.0001779634202999,0.073482102315807,0.0002921705078463
uj0380,0.0001080062379285,0.000163229101845,0.2540501121044228,0.000192043787907,0.0001266474782025,0.0001099049341515,0.0002058186523456,0.2521899381073884,0.0001030739924927,9.434635935995772e-05,7.407959081825521e-05,0.0001465916464955,0.0001380006168138,8.936269553899821e-05,0.0001273468515711,0.0001299564228644,9.773287304967768e-05,0.0001220616963507,0.0001531464094626,0.0002006478161868,0.0369866881381296,0.0003660480103353,5.41124157135442e-05,0.0001187440497964,0.0001686600754152,0.0001394802940612,9.569254074758232e-05,0.0001197848268541,0.0001488124466225,0.0001487362022715,0.000131691132244,0.0001869581306867,8.11151589359566e-05,0.4518860384662956,0.0001763303308375,9.028520801219232e-05,0.0001777521383561,5.986892864251352e-05,0.0001428646326093,9.82894982362776e-05
uj0384,0.0002074085120254,0.0003134550909488,0.1456851037427988,0.0003687890353138,0.0002432059991122,0.0002110546510445,0.0003952414346507,0.4724907807174863,0.0001979369323612,0.0001811769244552,0.000142257873228,0.0002815055487361,0.000265007865665,0.0001716066040981,0.0002445490325566,0.0002495602921778,0.0001876801762933,0.0002343997467274,0.0002940929109087,0.0003853116800903,0.0002317011986562,0.0007029360026759,0.0001039141427431,0.0002280287430848,0.0121230929790819,0.0002678493465096,0.0001837620480914,0.0002300273870986,0.0002857702362087,0.0002856238212638,0.0002528915209856,0.0003590228531288,0.0001557685439312,0.3604080840485487,0.0003386138823591,0.0001733781401044,0.0003413442337486,0.0001149685948187,0.00027434842134,0.0001887490849409
uj0385,0.0001248880340745,0.0001887424469563,0.45006303464927,0.0002220609808093,0.0001464429728927,0.0001270835039209,0.0002379889102732,0.263189318021891,0.0001191848594444,0.0001090930632206,8.565851972791869e-05,0.0001695044924598,0.0001595706513391,0.0001033304333112,0.000147251661046,0.0001502691185081,0.0001130089022053,0.0001411404154558,0.0001770837904383,0.0002320098522597,0.0001395155237859,0.0004232627417125,6.25703972946585e-05,0.0001373042078082,0.000195022302873,0.0001612816079102,0.0001106496580083,0.0001385076623784,0.0001720724123065,0.0001719842506662,0.000152274969728,0.0073209031148068,9.379377457679848e-05,0.2738522938812352,0.0002038914491271,0.0001043971380811,0.000205535490705,6.922667564128006e-05,0.0001651949317702,0.0001136525300791
uj0387,0.0004782987600916,0.0007228497031348,0.0910718792933457,0.0008504537089795,0.0005608503078599,0.7623614720808408,0.0009114548206541,0.0828342169749418,0.0004564566246592,0.0004178068560345,0.0003280567596467,0.0006491717895498,0.0006111269606262,0.0003957370175511,0.0005639474383727,0.0005755037589879,0.000432803816672,0.000540542464389,0.0006781991407474,0.0008885561013686,0.0005343194208703,0.001621020348781,0.0002396333937534,0.0005258504774834,0.0007469004244132,0.0006176796172723,0.00042376833475,0.0005304594925346,0.0006590064617645,0.0006586688185021,0.0005831858092221,0.0008279321992098,0.0003592133258949,0.0420420619945971,0.000780867663051,0.0003998223054063,0.0007871640472806,0.0002651257453915,0.0006326669454335,0.0004352687959334
uj0389,0.0005716209561673,0.0008638869111682,0.0112847808402476,0.0010163880880847,0.0006702793651067,0.0005816697697479,0.0010892912956449,0.0014398454067395,0.000545517141183,0.0004993263091335,0.0003920648228118,0.0007758334957593,0.0007303656348718,0.0004729503633252,0.0006739807853337,0.0006877918916777,0.000517249368306,0.000646009202039,0.0333293194910026,0.001061924743805,0.0006385719632602,0.0019373021196193,0.3579931343375997,0.0006284506208682,0.000892630235301,0.0007381967985084,0.0005064509484758,0.000633958913614,0.0007875870381141,0.0007871835163395,0.0006969728080141,0.0009894723441544,0.0004293004330112,0.5705457257705028,0.0009332249159663,0.000477832743011,0.0009407498051653,0.0003168551640322,0.0007561083457854,0.0005201952964995
uj0390,0.0009374301386534,0.0014167318713212,0.0185064832798931,0.0016668262702043,0.0010992250570755,0.0009539096966656,0.0017863839302831,0.0023612753603881,0.1608822749386896,0.000818870487784,0.0006429669473174,0.0012723286185624,0.001197763572134,0.0007756152392328,0.0011052952034533,0.0544571626582887,0.0008482634196979,0.0010594231882247,0.0013292200766393,0.001741504136761,0.0010472264839149,0.0031770798026459,0.0004696637003391,0.0010306279822339,0.001463869503412,0.0012106062937566,0.0008305545444557,0.0010396613103104,0.1079500396925599,0.0012909420917939,0.0011430009851897,0.0016226857793907,0.0007040315091666,0.6156915063678886,0.0015304427749375,0.0007836221008015,0.0015427832216078,0.0005196268211427,0.0012399803467303,0.0008530945964508
uj0392,0.0001559019593865,0.000235613583943,0.5086145224535908,0.000277206237315,0.0001828097189738,0.0001586426386948,0.0002970896106965,0.0003926985491041,0.0001487824934894,0.0001361845627373,0.0001069304290254,0.0002115981942957,0.0001991974442445,0.000128990876803,0.0001838192317631,0.0001875860260297,0.0001410728370615,0.0001761903570766,0.0002210596884602,0.0002896257502354,0.0001741619498156,0.0093974389874888,7.810874444552373e-05,0.0001714014892455,0.0002434529406063,0.0002013332892341,0.0001381277126891,0.0001729038023127,0.0002148038155436,0.0002146937603844,0.0001900899979894,0.000269865328673,0.0001170859429659,0.466026007102112,0.0002545245960242,0.0001303224804667,0.0091256426917472,8.641800196687435e-05,0.000206218423843,0.0001418762995179
uj0393,0.0002449869968014,0.0003702472025558,0.1163324740567552,0.0004356066071374,0.0002872703089413,0.1396193054618892,0.0004668516790415,0.3211681201390685,0.0002337993467178,0.0002140027435641,0.0001680322991238,0.0003325090098489,0.00031302225981,0.0002026984628487,0.0002888566745486,0.0002947758792755,0.0002216842611726,0.0002768685308089,0.0003473769630789,0.0004551228414688,0.0002736810570586,0.000830294661282,0.0001227414126219,0.0002693432222584,0.000382566101262,0.0003163785630387,0.0002170562425252,0.0002717039826237,0.0003375463777274,0.000337373435174,0.0002987106635007,0.0004240709781493,0.0141209920183514,0.3978331842703568,0.0003999642893357,0.000204790967547,0.0004031893285619,0.0001357987215475,0.000324055146845,0.0002229468357741
uj0394,0.0001545314101444,0.0266068331791517,0.1173349763781601,0.0002747692904033,0.0001812026210081,0.0001572479958751,0.0002944778671214,0.1322557007834384,0.0001474745321623,0.0001349873510411,0.0001059903932552,0.30789813181322,0.0001974462801968,0.0001278569054973,0.0089733002247631,0.0001859369390854,0.0001398326520717,0.0001746414505632,0.0002191163313038,0.0002870796221813,0.000172630875227,0.0005237282244301,7.742208289923479e-05,0.0265431855792051,0.0002413127221988,0.0001995633487661,0.0001369134185732,0.0001713837882209,0.0002129154543726,0.000212806366719,0.0001884188983848,0.0002674929164009,0.000116056629088,0.3740181576282386,0.0002522870456204,0.0001291768029041,0.0002543213162793,8.565829293200232e-05,0.0002044055376829,0.0001406290512117
uj0395,0.0003681180912611,0.0005563343984745,0.5308116290859617,0.0006545436078393,0.0004316531047938,0.0003745894251666,0.0007014925332143,0.0009272458210663,0.0003513074994818,0.0003215610726855,0.0002524857646784,0.0004996288930873,0.000470348052378,0.0003045752314189,0.000434036781834,0.000442930994075,0.0003331033407933,0.0213577971588635,0.0005219695178366,0.0006838687517224,0.0004112338599766,0.0012476028927493,0.0001844315621768,0.0004047158182531,0.0005748448073426,0.0004753912422386,0.000326149268075,0.0004082631028476,0.0005071980550128,0.0005069381910875,0.0004488434109682,0.0006372101420634,0.0002764651195388,0.3046003324261123,0.1262516301252809,0.0003077194343586,0.0006058333217063,0.0002040515081389,0.0004869260968027,0.0003350004886356
uj0396,0.0564334689761055,0.0007430684569222,0.2055028248895517,0.0008742416611288,0.0005765377934284,0.0005003206469008,0.000936949028547,0.0012384765769232,0.0004692241253838,0.0004294932881049,0.0003372328011154,0.0006673297060871,0.0006282207292147,0.0004068061364671,0.0005797215534564,0.0005916011147123,0.0004449097271671,0.0005556619213822,0.000697168978303,0.0009134098115685,0.0005492648137611,0.0576081535113783,0.0002463361544608,0.0005405589864405,0.0007677918984213,0.0006349566695376,0.0004356215147209,0.0005452969197718,0.0006774394628944,0.0006770923754476,0.0005994980387738,0.0008510902045543,0.0003692608444342,0.6585777256165879,0.0008027092311546,0.0004110056934836,0.0008091817308919,0.0002725415500124,0.0006503632066945,0.0004474436541067
uj0397,0.0002449869968014,0.0003702472025558,0.0327104670278154,0.3767346382373664,0.0002872703089413,0.0002492937469896,0.0004668516790415,0.0006170931947993,0.0002337993467178,0.0002140027435641,0.0001680322991238,0.0003325090098489,0.00031302225981,0.2789427218926479,0.0002888566745486,0.0002947758792755,0.0002216842611726,0.0002768685308089,0.0003473769630789,0.0004551228414688,0.0002736810570586,0.000830294661282,0.0001227414126219,0.0002693432222584,0.000382566101262,0.0003163785630387,0.0002170562425252,0.0002717039826237,0.0003375463777274,0.000337373435174,0.0002987106635007,0.0004240709781493,0.0001839908468615,0.300274176069927,0.0003999642893357,0.000204790967547,0.0004031893285619,0.0001357987215475,0.000324055146845,0.0002229468357741
uj0398,0.000375992031329,0.0005682342312056,0.071591866317821,0.0006685441073049,0.0004408860405228,0.000382601785205,0.0007164972566869,0.000947079342419,0.0003588218658278,0.0003284391715201,0.0002578863625471,0.0005103158113719,0.0004804086619036,0.0003110900079955,0.0218330330130347,0.0004524051606111,0.0003402283254222,0.0004249219863465,0.0005331342956574,0.2573750442192463,0.0859788792711558,0.0012742887597014,0.0001883765002325,0.0004133725731726,0.0005871405723942,0.0004855597241445,0.0003331255070891,0.000416995733164,0.0005180468754933,0.0005177814531534,0.0004584440424008,0.0006508398836827,0.0002823786289093,0.5464024813083873,0.000613842316408,0.0003143014645315,0.000618791922165,0.0002084161111943,0.0004973413059292,0.000342166052711
uj0399,0.0008081380311323,0.0012213335777496,0.0159540347000993,0.0014369344921825,0.0009476178936089,0.0008223446978659,0.0015400025375108,0.0020356038727817,0.0007712333560695,0.0007059303477278,0.0005542877505887,0.0010968466900747,0.0010325657934753,0.0006686409434736,0.0009528508341131,0.0009723765008477,0.000731269351827,0.0009133055725066,0.0011458915724854,0.0474752656895881,0.0009027910603304,0.0027388910496824,0.0004048868096257,0.0008884818548599,0.0012619698999877,0.0010436372230555,0.0007160029175812,0.000896269289534,0.0011134634436681,0.0011128929584734,0.0009853561643328,0.2772426001861628,0.0006069301745411,0.6227220952453951,0.0013193612621366,0.000675543483809,0.0013299996914597,0.0004479589239205,0.0010689599520332,0.0007354342037004
uj0401,0.0009374301386534,0.1080751677163047,0.0185064832798931,0.0016668262702043,0.0010992250570755,0.0009539096966656,0.0017863839302831,0.0023612753603881,0.0008946211712143,0.000818870487784,0.0006429669473174,0.0012723286185624,0.001197763572134,0.0007756152392328,0.0011052952034533,0.0011279447357969,0.0008482634196979,0.0010594231882247,0.0013292200766393,0.001741504136761,0.0010472264839149,0.0031770798026459,0.0004696637003391,0.0010306279822339,0.001463869503412,0.0012106062937566,0.0008305545444557,0.0010396613103104,0.0012916038475764,0.0012909420917939,0.3744475264426319,0.0016226857793907,0.0007040315091666,0.4557038526004134,0.0015304427749375,0.0007836221008015,0.0015427832216078,0.0005196268211427,0.0012399803467303,0.0008530945964508
uj0402,0.0002351549330685,0.0003553880706834,0.1116637025951123,0.0004181244061235,0.0002757412889403,0.0002392888404409,0.0004481155194816,0.0005923273921254,0.0002244162769726,0.000205414170941,0.0670496260079129,0.0003191644249554,0.0003004597367027,0.0001945635649507,0.0002772639889329,0.0136606131080931,0.0002127874061848,0.0002657569653948,0.0003334356825826,0.0004368573953754,0.0002626974145362,0.00079697244364,0.0001178154312134,0.0002585336700704,0.1742768896835805,0.0003036813414059,0.0002083451238209,0.0002607996860343,0.0003239996281367,0.0003238336262872,0.0002867225077226,0.0004070517365613,0.000176606741761,0.6226649585854237,0.000383912521548,0.000196572091153,0.0003870081302672,0.0001303487111284,0.0003110498408558,0.0002139993098767
uj0403,0.0005208123827818,0.0007871002555195,0.0399100916104113,0.0009260463534013,0.0006107015313283,0.0005299680067816,0.0898775477462636,0.0013118646351762,0.0004970288074336,0.0004549436511025,0.0003572161103796,0.1488486704625021,0.000665447028307,0.0004309121332998,0.000614073950529,0.0006266574556057,0.000471273617759,0.0005885886236026,0.0007384809244029,0.0009675354799172,0.0005818124443742,0.0017651048692342,0.0002609332266947,0.0005725907382921,0.0008132887270392,0.0006725821183515,0.0004614350163198,0.0005776094260065,0.0007175823026479,0.0007172146479377,0.0006350223254756,0.0009015230174748,0.0003911420304549,0.5790894431180054,0.0008502751463393,0.0004353605422855,0.0008571311851735,0.1188021290581437,0.0006889015963482,0.0004739576968947
uj0404,0.0002449869968014,0.0003702472025558,0.0048364646848355,0.3627976370658765,0.0002872703089413,0.0002492937469896,0.0004668516790415,0.0006170931947993,0.1256668098901275,0.0002140027435641,0.0001680322991238,0.0003325090098489,0.00031302225981,0.0002026984628487,0.0002888566745486,0.0002947758792755,0.0002216842611726,0.0002768685308089,0.0003473769630789,0.0004551228414688,0.0002736810570586,0.000830294661282,0.0001227414126219,0.0002693432222584,0.000382566101262,0.0003163785630387,0.0002170562425252,0.0002717039826237,0.0003375463777274,0.000337373435174,0.0002987106635007,0.0004240709781493,0.0001839908468615,0.4953921924707865,0.0003999642893357,0.000204790967547,0.0004031893285619,0.0001357987215475,0.000324055146845,0.0002229468357741
uj0406,0.0004422020544146,0.0006682969943263,0.2351366820506513,0.0007862708597096,0.0005185235234714,0.0004499757477368,0.0008426682814778,0.0011138545394991,0.0004220083220304,0.0003862754108992,0.0003032986601358,0.0006001794755896,0.0005650058499949,0.0003658711599744,0.0005213869167934,0.0005320710940146,0.0004001405666496,0.0004997482916439,0.1264086011221585,0.0008214977045154,0.0004939948946914,0.0014986836435486,0.0002215485129081,0.0004861650935778,0.0006905326328996,0.0005710639845178,0.0003917869830698,0.000490426271098,0.0006092719354091,0.0006089597737295,0.0005391733879763,0.0007654490246567,0.0003321038730132,0.6174644824909518,0.0007219363996698,0.0003696481354407,0.0007277576023867,0.0002451169835102,0.0005849202347447,0.0004024195165119
uj0408,0.0002383434119775,0.00036020679744,0.0182643649061387,0.0004237937783662,0.000279480080522,0.0002425333712316,0.0004541915429102,0.0141594148048438,0.0002274591498422,0.0002081993931905,0.0001634755804124,0.0003234919932705,0.0003045336871022,0.0001972016632259,0.0002810234268891,0.0002867821139591,0.000215672602544,0.0002693603789743,0.0003379567556793,0.0004427807692687,0.0002662593434942,0.0008077786376437,0.0001194128972444,0.000262039142584,0.0003721916308711,0.1358983590980327,0.0002111700870247,0.0002643358835853,0.0003283927572426,0.0003282245045648,0.0002906101942649,0.0004125709738573,0.0001790013624647,0.7395801557353084,0.0003891180129316,0.0544354614728709,0.0275103676200445,0.0001321161166037,0.0003152673830706,0.000216900938506
uj0409,0.0002074085120254,0.0003134550909488,0.5114605697769283,0.0121679976170599,0.0002432059991122,0.0002110546510445,0.0003952414346507,0.0005224374476417,0.0001979369323612,0.0001811769244552,0.000142257873228,0.0002815055487361,0.000265007865665,0.0001716066040981,0.0002445490325566,0.0002495602921778,0.0001876801762933,0.0002343997467274,0.0002940929109087,0.0003853116800903,0.0002317011986562,0.0007029360026759,0.0001039141427431,0.0002280287430848,0.0003238843973357,0.0002678493465096,0.0001837620480914,0.0002300273870986,0.0002857702362087,0.0002856238212638,0.0002528915209856,0.0121582314348749,0.0001557685439312,0.4430025441207715,0.0121378224641053,0.0001733781401044,0.0003413442337486,0.0001149685948187,0.00027434842134,0.0001887490849409
uj0410,0.0001780041918007,0.0002690165393179,0.084525580112455,0.5167646347252608,0.0002087266664723,0.000181133417419,0.0205920758285004,0.0004483714517101,0.0001698753986922,0.0001554914583574,0.0001220899639265,0.0002415964860885,0.0002274376807773,0.0001472779230314,0.0002098792979651,0.0002141801109358,0.0001610727436973,0.0002011688771451,0.0002523993369867,0.0003306860144555,0.0001988529024353,0.00060328071313,8.918222697331418e-05,0.0001957010911643,0.0002779672821602,0.0002298763246705,0.0001577100888228,0.0001974163872671,0.0002452565684999,0.0002451309108126,0.0002170390711871,0.0003081241564538,0.0001336852258361,0.3599451725865079,0.0002906085669929,0.0001487983082459,0.0002929518362621,0.0102251033893181,0.0002354540251773,0.0001619901130861
uj0411,0.0004782987600916,0.0007228497031348,0.009442440179217,0.0008504537089795,0.0005608503078599,0.0004867070156395,0.0009114548206541,0.0012047778608131,0.0004564566246592,0.0004178068560345,0.0003280567596467,0.0006491717895498,0.0006111269606262,0.0003957370175511,0.0005639474383727,0.0005755037589879,0.000432803816672,0.000540542464389,0.0006781991407474,0.5722946299002696,0.0005343194208703,0.001621020348781,0.0002396333937534,0.0005258504774834,0.0007469004244132,0.0006176796172723,0.00042376833475,0.0005304594925346,0.0006590064617645,0.0006586688185021,0.0005831858092221,0.0280377452372528,0.0003592133258949,0.368559818451112,0.000780867663051,0.0003998223054063,0.0007871640472806,0.0002651257453915,0.0006326669454335,0.0004352687959334
uj0412,0.0004916772049124,0.0007430684569222,0.0097065536903759,0.0008742416611288,0.0005765377934284,0.0005003206469008,0.000936949028547,0.0571802683481163,0.0004692241253838,0.0004294932881049,0.0003372328011154,0.0006673297060871,0.0006282207292147,0.0004068061364671,0.0005797215534564,0.0005916011147123,0.0004449097271671,0.0005556619213822,0.000697168978303,0.0009134098115685,0.0005492648137611,0.0016663617401852,0.0002463361544608,0.028511454872037,0.0007677918984213,0.0006349566695376,0.0004356215147209,0.0005452969197718,0.0006774394628944,0.0566188841466407,0.0005994980387738,0.0567928819757474,0.0003692608444342,0.714519517387781,0.0008027092311546,0.0563527974646767,0.0008091817308919,0.0002725415500124,0.0006503632066945,0.0004474436541067
uj0413,0.0005208123827818,0.0007871002555195,0.0102817322128757,0.4453514373164347,0.0006107015313283,0.0005299680067816,0.0009924695536569,0.0013118646351762,0.0004970288074336,0.0004549436511025,0.0003572161103796,0.0007068734748243,0.000665447028307,0.0004309121332998,0.000614073950529,0.0006266574556057,0.000471273617759,0.0005885886236026,0.0007384809244029,0.0009675354799172,0.0005818124443742,0.0017651048692342,0.0002609332266947,0.0005725907382921,0.0008132887270392,0.0006725821183515,0.0004614350163198,0.0005776094260065,0.0007175823026479,0.0007172146479377,0.0006350223254756,0.0009015230174748,0.0003911420304549,0.4902043649253986,0.0008502751463393,0.0004353605422855,0.0304854905827091,0.0002886914680015,0.0006889015963482,0.0004739576968947
uj0414,0.0002893457256999,0.0004372862515585,0.2361593684238994,0.0005144799989691,0.0003392850930779,0.0002944322803942,0.0005513824800097,0.0007288275729116,0.000276132376524,0.0002527512886267,0.0001984571759554,0.0003927149686008,0.0003696998375729,0.0002394001910181,0.0003411586949992,0.0003481496643552,0.0002618236651851,0.3624582924086616,0.0004102749973909,0.0005375299528821,0.0003232352945211,0.0009806325007043,0.0001449656658199,0.0003181120268594,0.00045183567962,0.0003736638520147,0.0002563576713505,0.0003209002398259,0.0003986644307497,0.0003984601742411,0.000352796902829,0.0005008556638634,0.0002173052684524,0.387564540402737,0.0004723840818609,0.000241871576432,0.0004761930648988,0.0001603872048243,0.0003827304014289,0.0002633148486727
uj0416,0.0001936957711913,0.0002927311178421,0.0148429957281454,0.0003444066779344,0.0002271265200081,0.0001971008470113,0.0003691101861916,0.0004878966795141,0.0001848504016858,0.0001691984758085,0.0001328525439667,0.0002628939083773,0.0002474869638207,0.0001602608938163,0.0002283807592686,0.0002330607012222,0.0001752717674383,0.0002189024899028,0.0002746490615263,0.2427802141601268,0.0002163823553884,0.0006564616360574,9.704389573867753e-05,0.0002129527029256,0.0003024708943049,0.0002501405811585,0.0001716126849046,0.0002148192072933,0.0002668766375373,0.000266739902765,0.0002361716870089,0.0003352861834502,0.0001454699614276,0.7332677203214063,0.0003162265446058,0.0001619153053425,0.0003187763797733,0.0001073674866028,0.000256209971942,0.0001762700055665
uj0418,0.0002176824337889,0.0003289819998944,0.0662158207944363,0.3718974277729278,0.0002552531392362,0.0002215091832691,0.0004148196069138,0.0253156742967957,0.0002077416821148,0.000190151471975,0.0001493045765937,0.0002954498461782,0.0002781349550595,0.0001801070885159,0.000256662699461,0.0002619221904049,0.0001969768605468,0.0002460106716394,0.0003086607197626,0.0004043979847801,0.0002431784517556,0.0007377557380169,0.0001090615003044,0.00023932408214,0.0003399279190125,0.0002811171878511,0.0001928646489767,0.0002414217284176,0.000299925783734,0.0002997721161663,0.000265418430686,0.0003768069482381,0.0001634844945348,0.5268649445291398,0.0003553870248951,0.0001819663770553,0.0003582526234655,0.0001206635315254,0.0002879381925083,0.0001980987172807
uj0419,0.0008470817266554,0.0012801889231879,0.0167228502313476,0.001506179518644,0.000993283041516,0.0008619730042877,0.3389400895871964,0.0021336984239271,0.0008083986370476,0.0007399487152138,0.0005809985506743,0.0011497030857501,0.0010823245306213,0.0007008623565414,0.0009987681543396,0.0010192347514486,0.0007665087909895,0.0009573172298784,0.0012011114121444,0.0015736600204302,0.0009462960295562,0.0028708765954691,0.0004243980664011,0.0009312972719057,0.0013227834858496,0.0010939294858691,0.0007505066762732,0.000939459978468,0.0011671205909077,0.0011665226143677,0.0010328398972687,0.0014662932363152,0.0006361777820173,0.4599730630835841,0.1459511727474308,0.0007080975262283,0.0013940915928859,0.0004695458005034,0.0011204725022347,0.0007708743446206
uj0421,0.0001054154061267,0.0001593135951469,0.2419590599098698,0.0001874370803446,0.0001236094840974,0.0001072685568086,0.0002008815161197,0.3480885977078026,0.0001006014743974,9.20831979639119e-05,7.230258456902518e-05,0.0001430752357131,0.0001346902859147,8.721908126323324e-05,0.000124292081039,0.0001268390544636,9.538847664783248e-05,0.0001191337050537,0.0001494727643512,0.0001958347169334,0.0001177621676076,0.0003572673246606,5.281437802432677e-05,0.0001158956415342,0.0001646142916211,0.0001361344689634,9.339708742454308e-05,0.0001169114526422,0.0001452427637356,0.0001451683483187,0.0001285321519853,0.0001824734168417,7.91693849009715e-05,0.4050645907527277,0.0001721005545069,8.811946469370787e-05,0.0001734882559941,5.843280488484509e-05,0.0001394376246826,9.593174962197902e-05
uj0424,0.0006334145942601,0.0009572752213166,0.1926754792845669,0.361467833643848,0.000742738221035,0.0006445497094239,0.0012070463768303,0.0015954962537103,0.0006044888923619,0.0005533047172095,0.0004344479991253,0.0008597030140826,0.0008093199650617,0.0005240774664727,0.0007468397739364,0.0007621438950096,0.0005731653033745,0.0007158443933572,0.0008981441504924,0.0011767214331015,0.0007076031706856,0.0021467292666905,0.0003173482800717,0.072764701984465,0.0009891257698258,0.0008179976968418,0.000561199547673,0.0007024914389718,0.0008727271434142,0.0008722799999385,0.0007723172910921,0.0010964367499864,0.0004757088708132,0.3439498716068786,0.0010341088357986,0.0005294876434691,0.0010424471841174,0.000351107990355,0.0008378455266469,0.0005764296936864
uj0425,0.0008470817266554,0.0012801889231879,0.0167228502313476,0.001506179518644,0.000993283041516,0.1936196159956321,0.0016142143523436,0.0021336984239271,0.0008083986370476,0.0007399487152138,0.0005809985506743,0.0975285245814224,0.0010823245306213,0.0007008623565414,0.0009987681543396,0.0010192347514486,0.0007665087909895,0.0009573172298784,0.0012011114121444,0.0015736600204302,0.0009462960295562,0.0028708765954691,0.0004243980664011,0.0009312972719057,0.0013227834858496,0.0010939294858691,0.0007505066762732,0.000939459978468,0.0011671205909077,0.0011665226143677,0.0010328398972687,0.0496557039841513,0.0006361777820173,0.6045412953270924,0.0013829405039225,0.0007080975262283,0.0013940915928859,0.0004695458005034,0.0011204725022347,0.0007708743446206
uj0426,0.0009374301386534,0.0014167318713212,0.0185064832798931,0.0016668262702043,0.0010992250570755,0.0009539096966656,0.0017863839302831,0.0023612753603881,0.0008946211712143,0.000818870487784,0.0006429669473174,0.0012723286185624,0.001197763572134,0.0007756152392328,0.0011052952034533,0.0011279447357969,0.0008482634196979,0.0010594231882247,0.0013292200766393,0.001741504136761,0.0010472264839149,0.0031770798026459,0.0004696637003391,0.0010306279822339,0.001463869503412,0.0012106062937566,0.0008305545444557,0.0010396613103104,0.0012916038475764,0.0012909420917939,0.0011430009851897,0.0016226857793907,0.0007040315091666,0.5623622884453969,0.0015304427749375,0.0007836221008015,0.0015427832216078,0.0005196268211427,0.3745445058041726,0.0008530945964508
uj0427,0.0001324141612517,0.0002001166324021,0.3717249376804507,0.0002354430409486,0.0001552680652753,0.0001347419366901,0.0002523308351722,0.0003335355707459,0.0001263672962281,0.0001156673381223,9.082055881405296e-05,0.2713632041992285,0.0001691868569639,0.0001095574348661,0.0001561254874001,0.0001593247858911,0.0001198191572986,0.0001496459598375,0.0001877553903056,0.0002459914612057,0.0001479231473263,0.0004487698228921,6.634107693628558e-05,0.0001455785708214,0.0002067749312548,0.000171000920905,0.0001173177379766,0.0001468545491703,0.0001824420115103,0.0001823485369853,0.0001614515157163,0.0002292080951886,9.944606849851672e-05,0.3506184503810597,0.0002161785588398,0.000110688422462,0.0002179216752897,7.339848256251213e-05,0.0001751500733876,0.0001205015721168
uj0428,0.0009374301386534,0.0014167318713212,0.0185064832798931,0.0016668262702043,0.0010992250570755,0.0009539096966656,0.0017863839302831,0.0023612753603881,0.0008946211712143,0.000818870487784,0.0006429669473174,0.0012723286185624,0.001197763572134,0.0007756152392328,0.0011052952034533,0.0011279447357969,0.0008482634196979,0.0010594231882247,0.0013292200766393,0.001741504136761,0.0010472264839149,0.0031770798026459,0.0004696637003391,0.1076890638272174,0.001463869503412,0.0012106062937566,0.0008305545444557,0.0010396613103104,0.0012916038475764,0.0012909420917939,0.0011430009851897,0.0016226857793907,0.0007040315091666,0.7756791601353639,0.0548596606974293,0.0007836221008015,0.0015427832216078,0.0005196268211427,0.0012399803467303,0.0008530945964508
uj0429,0.0001334191912861,0.0002016355275418,0.3290060515261062,0.0002372300652768,0.0001564465575719,0.0001357646346553,0.000254246038694,0.0003360671222279,0.0001273264302579,0.0001165452589408,9.150989134835389e-05,0.0001810834198084,0.0001704709935779,0.0001103889812165,0.000157310487573,0.0001605340688978,0.00012072859063,0.0001507817800757,0.0001891804630063,0.0002478585485655,0.0380992932418403,0.0004521760080485,6.684460899213181e-05,0.0001466835193757,0.0002083443632122,0.0001722988263541,0.0001182081854115,0.0001479691824634,0.0001838267554031,0.0001837325714019,0.0001626769407076,0.00023094779597,0.000100200869078,0.3305095133542776,0.0002178193647958,0.2961234578870267,0.0002195757115858,7.395558067619199e-05,0.0001764794711093,0.0001214161850104
uj0433,0.0002991955503695,0.000452172225415,0.0569692069516102,0.7324288617333448,0.0003508349394485,0.0003044552601079,0.0005701524851335,0.0007536381132786,0.0002855323961295,0.0002613553759065,0.000205212998537,0.0004060836595551,0.0003822850540009,0.000247549784041,0.0003527723219919,0.0003600012759329,0.0002707365917202,0.0003381315479471,0.0004242414618369,0.0005558283942284,0.0003342387782268,0.0010140149126056,0.0001499005456699,0.0003289411057486,0.0004672169409569,0.0003863840102918,0.0002650845260824,0.0003318242342656,0.0004122356515976,0.0004120244418472,0.0003648067143734,0.0005179056495228,0.0002247027124231,0.1965076132182014,0.0004884648460463,0.0002501052996523,0.0004924034933983,0.0001658470603067,0.0003957592005952,0.0002722785376508
uj0435,0.0009902387993809,0.0014965412455343,0.1322158890868026,0.1144275963365676,0.0011611481814863,0.0010076467075199,0.0582204530827722,0.1714946021378011,0.000945018255714,0.0008650002760062,0.0006791874846992,0.0013440032613769,0.0012652377096771,0.0008193083106787,0.0011675602800666,0.0011914857383911,0.0008960490127691,0.0011191041366036,0.0014040996107667,0.0018396090486063,0.0011062203500321,0.0033560556243995,0.0004961214703473,0.0010886867977188,0.001546334302406,0.0012788039059364,0.0008773425357367,0.0010982290042044,0.0013643643302711,0.0013636652955116,0.0012073901580456,0.0017140972449045,0.0007436920231356,0.4813752164193263,0.0016166578750629,0.0008277662262712,0.001629693501496,0.0005488991854194,0.0013098327002436,0.0009011523463085
uj0438,0.000229027232746,0.0003461273183492,0.0045213914922165,0.0004072288615359,0.0002685559836477,0.0002330534181787,0.0004364384622436,0.0005768924416255,0.0002185684060612,0.0002000614595814,0.0392442967637409,0.0003108475934767,0.0002926303146215,0.0001894936002082,0.0002700390049097,0.0002755726009632,0.000207242562024,0.0002588318330096,0.0003247469686653,0.0916289660088591,0.0002558520083576,0.0007762048236027,0.0001147453801351,0.1956878517024882,0.0003576436980673,0.0002957679702962,0.0002029160372789,0.0002540037311319,0.0003155568002534,0.0003153951241035,0.0002792510522864,0.0003964447251547,0.000172004698443,0.5803813268528976,0.000373908475061,0.0001914497879522,0.0003769234179727,0.0001269520660791,0.0784773664360139,0.0002084228857591
uj0441,0.0003270269453761,0.00049423362573,0.0064560743751766,0.633122591937274,0.0003834698692456,0.0003327759172682,0.0006231884978957,0.0008237420971006,0.0003120928342578,0.0002856668494394,0.0002243020659236,0.0004438578668281,0.0004178454970953,0.0002705770510407,0.0003855874685696,0.0003934888652403,0.0002959207130001,0.0003695847987173,0.0004637047215277,0.0006075319692868,0.0003653299206314,0.0011083393420314,0.0001638444071113,0.0003595394546769,0.000510677812021,0.0004223257413817,0.0002897428879679,0.0003626907739759,0.0004505821217949,0.0376586519531288,0.0003987413091769,0.1121909836862832,0.0002456047276462,0.1961827487744617,0.0005339022132143,0.0002733702826351,0.0005382072365037,0.0001812742785269,0.0004325730189347,0.0002976060919003
uj0442,0.000232050636813,0.0003506965686058,0.1497928263840443,0.0004126047174173,0.0002721012094422,0.0002361299721933,0.0004421999160494,0.1193941197887497,0.0002214537424462,0.0002027024845079,0.0001591594759147,0.3567437863660559,0.0002964933472956,0.0001919951181049,0.0134746717804787,0.0002792104535998,0.0002099783851721,0.0002622486896305,0.0003290339754724,0.0004310904112048,0.0002592295281107,0.0007864515562395,0.0001162601416978,0.0002551207495187,0.0003623649768353,0.0002996724233761,0.0002055947456796,0.0002573568516518,0.0003197224870226,0.0003195586765749,0.000282937464409,0.0004016782189187,0.0001742753441587,0.3504237566969629,0.0003788444662557,0.0001939771296162,0.0003818992096337,0.0001286279689327,0.0003069436507639,0.000211174290441
uj0444,0.0009374301386534,0.0014167318713212,0.0185064832798931,0.0016668262702043,0.0010992250570755,0.0009539096966656,0.0017863839302831,0.1090197112053716,0.0008946211712143,0.000818870487784,0.0006429669473174,0.0012723286185624,0.001197763572134,0.0007756152392328,0.0011052952034533,0.0011279447357969,0.0008482634196979,0.0010594231882247,0.0013292200766393,0.001741504136761,0.0010472264839149,0.0031770798026459,0.0004696637003391,0.0010306279822339,0.001463869503412,0.0012106062937566,0.0008305545444557,0.0010396613103104,0.0012916038475764,0.0012909420917939,0.0011430009851897,0.0016226857793907,0.2673501211216254,0.5623622884453969,0.0015304427749375,0.0007836221008015,0.0015427832216078,0.0005196268211427,0.0012399803467303,0.0008530945964508
uj0446,0.0001915846789125,0.0002895406382626,0.265358467384534,0.0003406529858735,0.000224651065641,0.0001949526427748,0.0003650872503304,0.0658766431645702,0.0001828357151837,0.0001673543798138,0.0001314045826712,0.0002600286248623,0.000244789600759,0.0001585142086231,0.0002258916349344,0.0002305205701506,0.0001733614785732,0.0002165166693276,0.0002716556584716,0.0003559150672769,0.0002140240017862,0.0006493068536754,9.59862132826547e-05,0.0002106317291422,0.0002991742607976,0.0002474142962931,0.0001697422764191,0.0002124778904588,0.0111629786255775,0.0002638327017161,0.00023359764927,0.2837059095591878,0.0001438844827645,0.3656084751878203,0.0003127799881191,0.0001601505887004,0.0003153020326059,0.0001061972872197,0.0002534175367217,0.0001743488368934
uj0449,0.0004916772049124,0.0007430684569222,0.3173864084319379,0.0008742416611288,0.0005765377934284,0.0005003206469008,0.000936949028547,0.0012384765769232,0.0004692241253838,0.0004294932881049,0.0003372328011154,0.0006673297060871,0.0006282207292147,0.0004068061364671,0.0005797215534564,0.0005916011147123,0.0004449097271671,0.0005556619213822,0.000697168978303,0.0009134098115685,0.0005492648137611,0.197462632939361,0.0002463361544608,0.0005405589864405,0.0007677918984213,0.0006349566695376,0.0004356215147209,0.0005452969197718,0.0006774394628944,0.0006770923754476,0.0005994980387738,0.0008510902045543,0.0003692608444342,0.462781454417412,0.0008027092311546,0.0004110056934836,0.0008091817308919,0.0002725415500124,0.0006503632066945,0.0004474436541067
uj0450,0.0006570923637572,0.0009930592753013,0.0503532890173998,0.0011683631331019,0.0007705026340336,0.0006686437223934,0.0012521671652395,0.0016551377474037,0.000627085385696,0.0005739878869288,0.0004506881673737,0.000891839706208,0.0008395732805929,0.0005436680877849,0.0007747575077221,0.0007906337145262,0.0005945908847552,0.0007426034839992,0.0009317178167187,0.5619380423982008,0.0007340541949007,0.0022269764874051,0.0003292111255033,0.00072241946261,0.0010261004341197,0.0008485753960147,0.0005821778352782,0.0007287513807484,0.0009053506925445,0.0009048868343289,0.0008011874039105,0.0011374228227255,0.0004934914181257,0.3568071152704692,0.0010727650190802,0.0005492805034493,0.0010814150644949,0.0003642328127692,0.0008691651606337,0.0005979773017493
uj0451,0.0005536179669705,0.000836679114531,0.042423998563448,0.0009843773236575,0.0006491691660515,0.0005633502969086,0.0010549844718378,0.4738139134273672,0.0005283362819206,0.0004836002129293,0.0003797168871852,0.0007513989086576,0.0007073630411208,0.0004580549677144,0.0006527540114264,0.0006661301421181,0.000500958792026,0.0006256633827337,0.0007849972879499,0.0010284798193594,0.0006184603770212,0.0018762875106303,0.0002773692163504,0.0006086578025397,0.0008645171783715,0.0007149475651742,0.0004905004644081,0.0006139926136562,0.0007627822775718,0.0007623914645653,0.0006750219089126,0.0009583092810614,0.0004157797757045,0.4580927174716128,0.0009038333446828,0.0004627835786697,0.0009111212402981,0.000306875928608,0.0007322949949383,0.0005038119393079
uj0452,0.0002673427326721,0.0004040332760015,0.2942448302025736,0.0004753569056422,0.0003134845130991,0.0002720424856356,0.0005094531761155,0.2744316387021318,0.0002551341788118,0.0002335310812848,0.0153921564887026,0.2437035038670347,0.0003415864001656,0.0002211952539274,0.0003152156389222,0.0003216749873267,0.0002419135584584,0.0003021335441626,0.0003790760644007,0.0004966540499223,0.0002986552046839,0.0617412244523736,0.0001339419034104,0.0002939215305522,0.0004174763080262,0.000345248975276,0.000236863220407,0.0002964977167804,0.000368348411154,0.0155769504682057,0.0003259688314123,0.0004627686188473,0.0002007805166348,0.084334366297389,0.0004364621285142,0.0002234787054227,0.0004399814614215,0.0001481907276136,0.0003536260684244,0.0002432913464576
uj0453,0.0007101876325278,0.0010733017983245,0.0140203253608235,0.0012627707963091,0.0008327618333469,0.0007226723797183,0.0013533464755634,0.0017888784334896,0.0006777559899094,0.000620368035,0.0004871052842027,0.0009639033482668,0.0009074136200099,0.0005875982943054,0.0008373605151125,0.0008545195727209,0.0006426358242125,0.0008026083383357,0.0010070037439727,0.001319345995959,0.0007933682379791,0.002406923663276,0.0003558124895656,0.000780793380263,0.0011090127936906,0.0009171431365768,0.0006292197586687,0.0007876369386424,0.5262003257750927,0.0009780047281375,0.0008659260356349,0.0012293304049915,0.0005333671813008,0.4260400063813365,0.0011594480337633,0.0005936642119957,0.0011687970318846,0.0003936640467261,0.0009393966232944,0.0006462958750675
uj0454,0.0002150196988533,0.0003249578264733,0.481300635205908,0.0003823223383611,0.0002521308319401,0.0002187996387709,0.0004097454507678,0.2574177964844299,0.0002052005444359,0.000187825501254,0.0001474782532418,0.0002918358447476,0.0002747327528296,0.0001779039826962,0.0002535231501432,0.000258718305945,0.0001945674003118,0.0002430014200498,0.0003048851202921,0.0003994513079941,0.0002402038444444,0.0007287313627224,0.000107727438286,0.0002363966222465,0.0003357698529262,0.000277678506355,0.0001905054901335,0.0002384686096966,0.0002962570317428,0.0002961052438674,0.000262171779518,0.0003721977705126,0.0001614847195991,0.2513118407140297,0.0003510398599431,0.0001797405280474,0.0003538704059404,0.0001191875511477,0.0002844160751232,0.0001956755342705
uj0455,0.0006826090799789,0.0010316225171175,0.0911414160549603,0.5060397358197835,0.000800423385126,0.000694609009861,0.0013007922839897,0.0017194113298371,0.0006514368478589,0.0005962774261676,0.0004681896370386,0.0009264723118411,0.0008721762361738,0.0005647802252559,0.0008048434873431,0.0008213362112247,0.000617680495457,0.0007714408338324,0.0009678989998205,0.0012681121371685,0.000762559552162,0.0023134561517501,0.0003419953052165,0.0007504730109956,0.0010659467556362,0.0008815279286678,0.0006047854128924,0.0007570508150507,0.000940507967194,0.0009400260960794,0.0008322997295949,0.0011815921008854,0.0005126550565557,0.3706629236901031,0.0011144234556627,0.0005706105865635,0.001123409406296,0.0003783769815872,0.0009029172508678,0.0006211984164012
uj0456,0.0008081380311323,0.0012213335777496,0.1079019407821787,0.1393587936153016,0.0009476178936089,0.0008223446978659,0.0475139555785505,0.0020356038727817,0.0007712333560695,0.0007059303477278,0.0005542877505887,0.0010968466900747,0.0010325657934753,0.0006686409434736,0.0009528508341131,0.0009723765008477,0.000731269351827,0.0009133055725066,0.0011458915724854,0.0015013126485483,0.0009027910603304,0.0027388910496824,0.0004048868096257,0.0008884818548599,0.0012619698999877,0.0010436372230555,0.0007160029175812,0.000896269289534,0.0011134634436681,0.0011128929584734,0.0469593092053725,0.0013988819399245,0.0006069301745411,0.4848002361222759,0.0013193612621366,0.000675543483809,0.1392518588145788,0.0004479589239205,0.0010689599520332,0.0007354342037004
uj0457,0.2653561382307645,0.0007037021005445,0.1151485225608997,0.0273169769124695,0.0005459939154992,0.0004738146087215,0.000887311247503,0.0011728644387166,0.0004443655218881,0.0004067395489523,0.0003193668474374,0.0006319758449637,0.0005949387874506,0.0003852543195442,0.0005490090059642,0.0005602592106142,0.000421339254336,0.000526224007528,0.0006602342891776,0.0008650190935585,0.0005201658065259,0.0280671319733159,0.0002332857325853,0.0005119211974116,0.0272161666561305,0.0006013178704411,0.0004125431137546,0.0005164081240284,0.0006415500060454,0.0006412213066327,0.0005677377706286,0.0008060010610307,0.0003496981058159,0.4912422732303456,0.0007601832197665,0.0268782823070896,0.0007663128187536,0.0002581028160229,0.0006159081985036,0.0004237389386361
uj0459,0.0001587173078754,0.000239868401202,0.3643024489114616,0.3343636262001281,0.0001861109800234,0.0001615074796171,0.0003024545900068,0.0003997900781083,0.0001514692754251,0.0001386438455098,0.0001088614273461,0.000215419330726,0.0002027946422903,0.000131320252723,0.0001871387230538,0.0001909735398043,0.000143620394515,0.0001793720826784,0.0002250516848553,0.0002948559437588,0.0001773070455165,0.0005379148081431,7.951926767761873e-05,0.000174496735294,0.0002478493245334,0.0002049690573402,0.0001406220857472,0.0001760261778139,0.0002186828405403,0.000218570797955,0.0001935227296285,0.0002747386795165,0.0001192003341762,0.2938571685599548,0.0002591209169404,0.0001326759030913,0.0002612102912764,8.797857755045094e-05,0.0002099424099316,0.0001444383662619
uj0460,0.034935543238331,0.0004600018513275,0.0060089115962176,0.5546398766420256,0.0003569098511271,0.0003097270805775,0.0005800250080812,0.0007666877969362,0.0002904765561684,0.0002658808967337,0.0002087663813426,0.0004131152350585,0.0003889045427632,0.0002518362529899,0.0003588807805797,0.000366234908076,0.0002754245537729,0.0003439864929898,0.0004315874502813,0.0351966198296191,0.0003400263176905,0.0010315731724659,0.0001524961610808,0.0003346369129223,0.0004753070748972,0.0003930744748739,0.0002696746193207,0.0003375699644918,0.0004193737524326,0.0004191588854622,0.000371123555487,0.0005268734880274,0.0002285935709963,0.3211193414961328,0.0004969228998607,0.0348856029612799,0.0005009297471898,0.0001687187989229,0.0004026120020677,0.0002769931993969
uj0461,0.1280884340167224,0.0016865607722021,0.0855174349812472,0.0019842878234827,0.0013085820250209,0.0011355900909599,0.0021266162792667,0.0028110007799033,0.0010650095504271,0.0009748314908188,0.0007654255918989,0.0015146546646235,0.0014258880568911,0.0009233379041528,0.0013158082835456,0.0013427716162218,0.0010098225621354,0.0012611995442404,0.0015823815954621,0.0020731887389176,0.0012466798715659,0.0037821822701715,0.0005591152349672,0.001226920040945,0.0017426761761032,0.0014411767864915,0.0009887408776559,0.0012376738448825,0.0015376010285673,0.0015368132356433,0.001360695459199,0.0019317403924698,0.0008381204304011,0.7329553061086299,0.0018219289059281,0.0009328697421129,0.0018366196979452,0.0006185942664691,0.0014761453832098,0.0010155738784995
uj0462,0.0004536132942362,0.0006855427244131,0.0605660826828109,0.0008065609629672,0.000531904276049,0.0004615875915083,0.0008644137477277,0.0011425980994839,0.310098754798386,0.000396243436391,0.0003111254300791,0.000615667399862,0.0005795861016931,0.0003753126438132,0.0005348415606331,0.0005458014482617,0.0004104663892521,0.0005126445402013,0.000643196621132,0.000842696853695,0.0005067426740326,0.0015373579063711,0.0002272656804058,0.0004987108210801,0.0007083521644913,0.0005858005693339,0.0004018972373713,0.0005030819603659,0.0006249944950445,0.0006246742778805,0.0005530870203852,0.0007852018102991,0.0003406739755326,0.6075929667732796,0.0007405663207891,0.0003791870859747,0.000746537742483,0.0002514423468938,0.0006000143868603,0.0004128041485278
uj0464,0.0003463580363176,0.0005234485736125,0.3812112660290043,0.0006158524779883,0.0004061373925813,0.0003524468392237,0.0006600261765544,0.0008724348229342,0.0003305411457702,0.000302553078307,0.0002375609233237,0.0004700950222371,0.0004425450193153,0.0002865712975525,0.0004083801666216,0.0004167486276115,0.0003134130643044,0.0003914315531075,0.0004911150565738,0.0006434441652517,0.0003869251623056,0.0011738550706825,0.0001735295146503,0.0397885358514958,0.0005408648023152,0.0004472900980778,0.0003068700580564,0.0003841300114287,0.0004772167587757,0.0201808439752967,0.0004223115519927,0.0005995436213707,0.0002601228197879,0.542745247151725,0.000565462035374,0.000289529641578,0.0005700215355434,0.0001919896939173,0.0004581431087579,0.0003151980686735
uj0465,0.0004656290798829,0.0007037021005445,0.0091923189005471,0.0008279259973814,0.0005459939154992,0.0004738146087215,0.000887311247503,0.0011728644387166,0.0004443655218881,0.0004067395489523,0.0003193668474374,0.0006319758449637,0.0005949387874506,0.0003852543195442,0.0005490090059642,0.0005602592106142,0.000421339254336,0.000526224007528,0.0006602342891776,0.0008650190935585,0.0005201658065259,0.0015780810582277,0.0002332857325853,0.0005119211974116,0.0007271157410424,0.0006013178704411,0.0004125431137546,0.0005164081240284,0.0006415500060454,0.0006412213066327,0.0005677377706286,0.0008060010610307,0.0003496981058159,0.8885780369566679,0.0007601832197665,0.0003892313920014,0.0802334655640181,0.0002581028160229,0.0006159081985036,0.0004237389386361
uj0471,0.000411171381576,0.000621400546915,0.0315082514333219,0.0007310958247529,0.0004821371393392,0.0004183995710231,0.0007835356666629,0.1413818189288722,0.0003923947052563,0.0003591692819666,0.0002820152640024,0.0005580630431452,0.0005253576586125,0.0003401968598373,0.0004847995995798,0.1642318821724918,0.0003720614772623,0.0004646794230466,0.000583016518026,0.0007638506939418,0.0004593297595838,0.0013935164210824,0.0002060017750463,0.0004520493996008,0.000642075842611,0.0005309906752769,0.0003642940902333,0.0004560115572404,0.0005665174572045,0.0005662272008664,0.0005013379395912,0.0007117351216531,0.0003087991268479,0.597526129322382,0.000671275910862,0.0003437087933644,0.0474587309468474,0.0002279163738645,0.000543874589977,0.0003741805062312
uj0475,6.238893071226443e-05,9.428797188522748e-05,0.0083301199149679,0.0001109325424831,7.315689254623496e-05,6.348569724515237e-05,0.0001188894816333,0.0001571503184903,5.953985898596412e-05,5.449841222095264e-05,4.2791477116458176e-05,8.467748022348389e-05,7.971494133833352e-05,5.161963907986022e-05,7.356087992210685e-05,7.506827769585606e-05,0.2626992939041545,7.050795271001837e-05,8.846378609282024e-05,0.0001159025899034,6.96962235915215e-05,0.0002114446757166,3.125759974030235e-05,6.85915409825391e-05,9.742512988899393e-05,8.056966494538675e-05,5.527602302315681e-05,6.919273744105707e-05,8.596030747410211e-05,8.591626554078105e-05,7.60703185535373e-05,0.0036572224117825,4.6855516196378574e-05,0.5627126615843256,0.0001018557909625,0.1597673926356158,0.0001026770865882,3.4582802924468485e-05,8.25246007642305e-05,5.677613453460612e-05
uj0476,0.0002941882147197,0.0004446046726844,0.6417756440343376,0.0005230903343728,0.0003449633671697,0.0002993598979749,0.0005606104152026,0.0007410252285382,0.0002807537269796,0.0002569813332798,0.000201778554535,0.0003992874448962,0.0003758871327185,0.0002434067917499,0.0003468683256859,0.0003539762958797,0.0002662055450995,0.0003324725795825,0.0004171413582646,0.0005465260522311,0.0672726305048886,0.0009970443626925,0.0001473918106792,0.0003234359485914,0.0004593975999214,0.0003799174888918,0.0002606480724118,0.00032627082508,0.0004053364772221,0.0004051288022774,0.0003587013105199,0.0005092379824439,0.00022094208864,0.2768988444455372,0.000480289900148,0.0002459195382611,0.0004841626303121,0.0001630714445047,0.0003891357760442,0.0002677216850286
uj0477,0.0001041660490629,0.0001574254502091,0.3990900496682685,0.0001852156228846,0.0001221444953658,0.0001059972366658,0.0001985007185649,0.0002623819257557,9.940917085014352e-05,9.099185090128248e-05,7.144567239574418e-05,0.0001413795437553,0.0001330939702876,8.618538249682885e-05,0.000122819002339,0.0001253357896707,9.425795624780136e-05,0.0119694719919365,0.000147701250482,0.2253767680989643,0.0001163664798106,0.0003530330815635,5.218843520744026e-05,0.000114522075338,0.0001626633241525,0.0001345210372396,9.229016847219668e-05,0.0001155258473065,0.0001435213827771,0.0001434478493132,0.0001270088210235,0.0001803107874817,7.823108912527836e-05,0.3587827405918939,0.0001700608617205,8.707509480777445e-05,0.0001714321165162,5.774027387612333e-05,0.0001377850447822,9.47947904863517e-05
uj0478,0.0002484496397213,0.0003754802715401,0.0049048232116827,0.0004417634650675,0.0002913305836266,0.0002528172614587,0.000473450154398,0.00062581518172,0.1981129156855745,0.0002170274554652,0.000170407265381,0.0003372086877247,0.0003174465122227,0.000205563400198,0.0002929393709041,0.000298942237591,0.0002248175435403,0.0002807817869019,0.0003522867844059,0.0004615555415926,0.0002775492614404,0.0008420300348644,0.0001244762380981,0.0002731501157414,0.0003879732853951,0.0003208502533962,0.0002201241125395,0.000275544243062,0.0003423172536931,0.0003421418667721,0.0003029326360036,0.0004300647916544,0.0143205779297346,0.7709398036760776,0.0004056173792252,0.0002076854803297,0.0004088880011124,0.0001377180988525,0.0003286353379348,0.0002260979633542
uj0481,0.0003681180912611,0.0005563343984745,0.0072672842700969,0.0006545436078393,0.0004316531047938,0.0003745894251666,0.0007014925332143,0.0009272458210663,0.0003513074994818,0.0003215610726855,0.0002524857646784,0.0004996288930873,0.000470348052378,0.0003045752314189,0.000434036781834,0.000442930994075,0.0003331033407933,0.000416023366229,0.0005219695178366,0.0006838687517224,0.0004112338599766,0.0012476028927493,0.0001844315621768,0.0004047158182531,0.2309343565263232,0.0004753912422386,0.000326149268075,0.0004082631028476,0.0005071980550128,0.0005069381910875,0.0004488434109682,0.0006372101420634,0.0002764651195388,0.7443775820714387,0.0006009873694734,0.0003077194343586,0.0006058333217063,0.0002040515081389,0.0004869260968027,0.0003350004886356
uj0482,0.0006826090799789,0.0010316225171175,0.3241380323213838,0.0012137339091991,0.000800423385126,0.000694609009861,0.0013007922839897,0.0017194113298371,0.0006514368478589,0.0005962774261676,0.0004681896370386,0.0009264723118411,0.0008721762361738,0.0005647802252559,0.0008048434873431,0.0008213362112247,0.000617680495457,0.0007714408338324,0.0009678989998205,0.0012681121371685,0.000762559552162,0.0023134561517501,0.0391747646829538,0.0395832423887328,0.0010659467556362,0.0008815279286678,0.0006047854128924,0.0007570508150507,0.000940507967194,0.0009400260960794,0.0008322997295949,0.0011815921008854,0.0005126550565557,0.5648267705787894,0.0011144234556627,0.0005706105865635,0.001123409406296,0.0003783769815872,0.0009029172508678,0.0006211984164012
uj0483,0.0010493524271873,0.00158587927414,0.5579830431978224,0.0018658331114157,0.0012304644731439,0.0010677995236547,0.0019996650799214,0.0026431943336494,0.0010014323827645,0.0009166376228767,0.0007197324887996,0.0014242353312709,0.001340767764754,0.0008682180146475,0.0012372593505137,0.0012626130710305,0.000949539855453,0.001185910552843,0.0014879192125092,0.0019494269679574,0.001172257651423,0.0035563998476338,0.0005257381041969,0.0011536774102845,0.001638644794051,0.0013551438132196,0.0009297166702876,0.001163789251532,0.0014458118813693,0.0014450711167962,0.00127946692626,0.0018164225694855,0.0007880877118177,0.3907188815126731,0.0017131664263099,0.0008771808368088,0.0017269802318748,0.0005816664554662,0.0013880249128487,0.0009549478393046
uj0484,0.0001285410274979,0.0001942631913779,0.1195382111522961,0.0002285562972622,0.0001507264514569,0.0001308007151613,0.000244950121013,0.0003237796060897,0.109810724331657,0.000112284051416,8.8164044068532e-05,0.000174462523874,0.0074767750029341,0.0001063528637315,0.2122151285023359,0.0001546645123961,0.0001163144292688,0.0001452687934326,0.0001822635174366,0.0002387961746704,0.0001435963734416,0.0004356432393583,6.44005906475389e-05,0.0001413203761453,0.0002007267340068,0.000165999118738,0.000113886176831,0.0001425590319393,0.000177105555755,0.0001770148153737,0.0001567290350601,0.0002225037245856,9.65372563220658e-05,0.5451138417970436,0.0002098553040975,0.0001074507697734,0.000211547434134,7.125156611790636e-05,0.0001700269078983,0.0001169768833528
uj0486,0.0005058256001093,0.0007644508315408,0.3552952302103986,0.000899398647045,0.0005931281182714,0.0005147177638849,0.0009639104678873,0.0012741147067315,0.0004827264156986,0.0004418522925774,0.0003469369380896,0.0006865326390562,0.00064629827086,0.0004185123004498,0.0005964034934783,0.0006086248983782,0.0004577123517021,0.0005716515267189,0.0870445712756502,0.000939693891574,0.0005650703373347,0.0017143125994189,0.0002534246695064,0.0005561139930403,0.0007898857093593,0.0006532280431213,0.0004481568636958,0.0005609882641,0.0006969333120037,0.0006965762368447,0.0006167490625911,0.0008755809892438,0.0003798866133444,0.5336499123256229,0.0008258078155859,0.0004228327029961,0.0008324665665533,0.0002803841457615,0.0006690779154056,0.0004603191943664
uj0491,0.0002556771134922,0.0003864031040993,0.1214086933615836,0.0004546144954024,0.0002998054767848,0.0002601717906425,0.0004872229599315,0.0297343171778006,0.0002440012853157,0.0584039345419149,0.0001753644633158,0.0003470181885499,0.0003266811254962,0.0002115433005306,0.0003014610641618,0.0003076385560225,0.0002313575526182,0.000288949812432,0.0003625349115394,0.0004749823293088,0.0002856232518453,0.0008665249385324,0.0001280972888148,0.0002810961336921,0.0003992595434358,0.0585107775758571,0.0002265275883164,0.0002835599068871,0.0003522753642188,0.0003520948752401,0.0003117450363095,0.0004425755041069,0.0001920193693899,0.7206409292992477,0.000417416909193,0.0002137271126032,0.0004207826744418,0.0001417243592293,0.0003381954374696,0.0002326752202246
uj0492,0.0002150196988533,0.0003249578264733,0.1999600490500566,0.0003823223383611,0.0124843302300206,0.0002187996387709,0.0004097454507678,0.0005416091247394,0.0002052005444359,0.000187825501254,0.0001474782532418,0.0002918358447476,0.0002747327528296,0.0001779039826962,0.0002535231501432,0.000258718305945,0.0001945674003118,0.0002430014200498,0.0003048851202921,0.0003994513079941,0.0002402038444444,0.0007287313627224,0.000107727438286,0.0002363966222465,0.0003357698529262,0.000277678506355,0.0001905054901335,0.0002384686096966,0.0002962570317428,0.0002961052438674,0.000262171779518,0.0003721977705126,0.0001614847195991,0.6182778226564446,0.0003510398599431,0.0001797405280474,0.0003538704059404,0.1591377797261942,0.0002844160751232,0.0001956755342705
uj0494,0.0007400884480212,0.0011184906999197,0.0146106188868868,0.0013159368539276,0.0008678233534134,0.0007530988367536,0.0014103260136615,0.0018641950421293,0.0007062913457444,0.0006464872030944,0.0005076137309311,0.0431071843894137,0.0009456181817136,0.0006123377679002,0.0008726156520891,0.0008904971523198,0.0006696925263137,0.0008364003149047,0.0010494013186003,0.0013748940221288,0.2113402617287333,0.2130217521909844,0.0003707931553973,0.0008136668882381,0.0011557052245429,0.0009557573371793,0.0006557116082124,0.0008207985788899,0.0010197038132187,0.0010191813659559,0.0009023838580984,0.0012810885319096,0.0005558233787166,0.486080138262034,0.0012082639243025,0.0006186590770918,0.0012180065404693,0.0004102383652419,0.00097894775573,0.0006735066751849
uj0495,0.0001855187658809,0.0002803732646458,0.0353242451427619,0.0003298673040642,0.0002175382117615,0.0001887800939934,0.0003535279360781,0.0004672997727526,0.000177046809966,0.0001620556413176,0.0001272440789453,0.000251795654287,0.000237039124898,0.0001534953657321,0.0002187395024159,0.5068117917862471,0.000167872544604,0.0002096613649603,0.0002630545552508,0.0003446461607181,0.0002072476197242,0.0006287486392732,9.294711837528988e-05,0.0002039627524895,0.0002897018694895,0.0002395807178847,0.0001643679328526,0.0002057504610423,0.0002556102496913,0.000255479287275,0.0002262015305777,0.0003211318377682,0.0001393288431173,0.4490180148837523,0.0003028768151892,0.0001550799350942,0.0003053190072442,0.0001028348914784,0.0002453938850018,0.0001688286413967
uj0496,0.0002260815996836,0.0003416756028893,0.0301862335903463,0.0004019912887629,0.0002651019516749,0.0002300560023445,0.0004308252102793,0.0005694727412294,0.0002157572891666,0.000197488369723,0.0001550654176769,0.0003068496280918,0.0002888666507136,0.0001870564288413,0.0002665658990634,0.000272028324788,0.0002045771124383,0.0002555028681708,0.0003205702365083,0.0004200014751607,0.0002525613685246,0.0007662216676076,0.000113269582775,0.0002485582800195,0.0003530438647245,0.0002919639514393,0.0002003062332781,0.0002507368629109,0.0003114982674197,0.0003113386706671,0.0002756594657206,0.116144818677716,0.0902002713245753,0.7529777118980795,0.000369099452338,0.0001889874570825,0.0003720756185705,0.0001253192724646,0.0002990481410889,0.0002057422554432
uj0497,0.000164664480019,0.0002488563225122,0.0407209781597248,0.0002927867045745,0.0001930845990371,0.0001675592001044,0.0003137876294621,0.0004147702995324,0.0001571448622119,0.0001438388606403,0.0001129404887723,0.0002234911400329,0.000210393401768,0.0001362408512345,0.000194150851823,0.0001981293599936,0.0001490018820222,0.0001860931937388,0.0002334844205724,0.0003059042602818,0.0001839507791841,0.0005580705933276,8.249887198126662e-05,0.0001810351660246,0.0002571362927815,0.0002126492926241,0.0001458912259709,0.0001826219170892,0.0002268769342718,0.0002267606934264,0.0002007740685165,0.30941433258659,0.0001236667966963,0.6421000237280503,0.0002688302342145,0.0001376472981178,0.0002709978978625,9.127515404007476e-05,0.0002178089978219,0.0001498505033488
uj0501,0.0006570923637572,0.0009930592753013,0.0877344446012751,0.0011683631331019,0.2624385917211608,0.0006686437223934,0.0012521671652395,0.0016551377474037,0.000627085385696,0.0379551434708041,0.0004506881673737,0.000891839706208,0.0008395732805929,0.0005436680877849,0.0007747575077221,0.0007906337145262,0.0005945908847552,0.0381237590678745,0.0756940289844693,0.0012207086400712,0.0007340541949007,0.0022269764874051,0.0003292111255033,0.00072241946261,0.0010261004341197,0.0008485753960147,0.0005821778352782,0.0007287513807484,0.0009053506925445,0.0009048868343289,0.0008011874039105,0.0011374228227255,0.0004934914181257,0.4689505820220951,0.0010727650190802,0.0005492805034493,0.0010814150644949,0.0003642328127692,0.0008691651606337,0.0005979773017493
uj0504,0.0001694257961707,0.000256052067628,0.0033447566220984,0.0003012527080826,0.000198667690302,0.0001724042178382,0.0003228608801606,0.0100651832862389,0.0001616887466642,0.0001479979986058,0.0001162061923005,0.0002299534443178,0.0098548967774628,0.0001401802907872,0.0001997647740638,0.0002038583218302,0.3471364229628216,0.0001914741267061,0.0002402356831562,0.0003147495613157,0.0001892697636788,0.0198510469411088,8.488434826379987e-05,0.0001862698448085,0.0002645714553853,0.0002187981020789,0.0001501097086122,0.0001879024771917,0.0002334371396754,0.0002333175376958,0.000206579502786,0.000293275006608,0.0001272426542005,0.4486212769570104,0.000276603530168,0.0001416274054469,0.0966630318314648,9.391439879479831e-05,0.0002241070014909,0.0579847022449778
uj0505,5.514695437444753e-05,0.0847888410619602,0.0450100649804469,9.805572541664802e-05,6.466499376355717e-05,5.6116410546529386e-05,0.0001050890397444,0.0001389086388366,5.262859692375755e-05,4.817235073461361e-05,3.782433212455492e-05,7.484829576522423e-05,7.046179799460269e-05,4.5627739547119726e-05,6.50220871314145e-05,6.635450933041767e-05,4.99014723068234e-05,6.232353731253682e-05,7.81950951836497e-05,0.0001024488601474,6.160603200909432e-05,0.006461381942354,2.762928306438084e-05,6.0629578642442486e-05,0.4863584186413132,7.121730707646714e-05,4.885969810442197e-05,6.116098947589426e-05,7.598221511682219e-05,7.594328547882886e-05,6.724023538516823e-05,9.545903737281916e-05,4.141662606448431e-05,0.3750417692521156,9.003258419173468e-05,4.6098765612324994e-05,9.075854554226714e-05,3.0568503631065904e-05,7.294531804212962e-05,5.018567981518426e-05
uj0507,0.0006570923637572,0.0757553704430519,0.0503532890173998,0.0011683631331019,0.0007705026340336,0.0006686437223934,0.0012521671652395,0.0016551377474037,0.000627085385696,0.0005739878869288,0.0004506881673737,0.000891839706208,0.0008395732805929,0.0005436680877849,0.0007747575077221,0.1503152560500274,0.0005945908847552,0.0007426034839992,0.0009317178167187,0.0012207086400712,0.0007340541949007,0.0022269764874051,0.0003292111255033,0.00072241946261,0.0010261004341197,0.0008485753960147,0.22486911133853,0.0007287513807484,0.0009053506925445,0.0009048868343289,0.0008011874039105,0.0011374228227255,0.0004934914181257,0.4689505820220951,0.0010727650190802,0.0005492805034493,0.0010814150644949,0.0003642328127692,0.0008691651606337,0.0005979773017493
uj0508,0.1915107739874218,0.0004233491625219,0.0374018999369505,0.0004980826081808,0.0003284714749179,0.0002850482009897,0.0164696964602806,0.0007055985444668,0.0002673315475389,0.0002446956564152,0.0001921319934888,0.0003801984454678,0.0003579168475184,0.0002317700819861,0.0003302853618201,0.1278241536656398,0.0002534788802289,0.0003165778426887,0.0003971988049706,0.000520397919148,0.00031293321193,0.2081159157444803,0.0001403453527308,0.0003079732319027,0.0004374348744854,0.0003617545217838,0.0002481870973201,0.0003106725795728,0.0003859582876975,0.0003857605412064,0.0003415526393082,0.0004848925048186,0.0002103793638219,0.4070839455958659,0.0004573283626727,0.00023416269996,0.00046101594666,0.0001552753799133,0.0003705321041746,0.0002549225370519
uj0509,0.0003152953415039,0.0004765037316054,0.0600347349378473,0.0005606205053816,0.0003697134596698,0.0003208380776045,0.0006008325400812,0.0007941915780603,0.0003008969693463,0.0002754189773163,0.0002162555638774,0.0004279351279138,0.0004028559131451,0.0002608705029271,0.0003717550932767,0.0003793730391275,0.0002853049988164,0.0003563264953358,0.0004470700063046,0.0005857376660829,0.0003522242546546,0.0010685793213343,0.0001579667333964,0.0003466415130292,0.0004923580072415,0.0004071754353504,0.0002793487940424,0.0003496797834489,0.0004344181602635,0.0004341955852611,0.0721314538608109,0.0005457742885262,0.0002367940243857,0.8348681365002811,0.018451503468018,0.0002635635315045,0.0005188998546837,0.0001747713341734,0.000417055107106,0.0002869299172624
uj0514,0.0002594508648297,0.0003921063491453,0.005122006316997,0.0004613245291502,0.0150640629313158,0.0002640118826614,0.0004944142891498,0.0006535259632616,0.0002476027033865,0.0002266373220561,0.0001779528133991,0.0003521401188443,0.0003315028841489,0.0002146656441867,0.0003059105789367,0.0003121792495418,0.0002347723513138,0.0002932146632286,0.0003678858660641,0.0004819929888709,0.0002898390031652,0.0008793147013747,0.0001299879833255,0.0002852450655069,0.0004051525473714,0.0003350573412699,0.0002298710975485,0.0002877452035813,0.0003574748895448,0.0003572917365791,0.0003163463407894,0.0004491078443612,0.000194853543095,0.6869979714911073,0.0004235779128036,0.0002168816889595,0.266103976123253,0.0149036485629634,0.000343187145437,0.0002361094674732
uj0516,0.00038421017647,0.0005806542587515,0.2043000596748742,0.0006831566311065,0.0004505225890923,0.0003909644012714,0.0007321579036101,0.0009677798755354,0.0003666647186742,0.0003356179427616,0.0002635230446592,0.0005214699025657,0.02234814128392,0.000317889574541,0.0004530104672977,0.0004622934852634,0.0003476647749382,0.0441486740415437,0.0005447871357611,0.0007137637079489,0.0004292107279237,0.0013021411850354,0.0001924938891426,0.0004224077534971,0.0005999738402298,0.000496172715791,0.0003404067086554,0.0004261101057378,0.000529369946351,0.0005290987226133,0.0004684643602946,0.0006650654421574,0.0002885506441749,0.7113459527553524,0.0006272592104631,0.0003211712246283,0.0006323170009026,0.0002129715105347,0.0005082118103446,0.0003496448555824
uj0520,0.0007101876325278,0.0010733017983245,0.0140203253608235,0.2032711629914779,0.0008327618333469,0.0007226723797183,0.0013533464755634,0.0017888784334896,0.0006777559899094,0.000620368035,0.0004871052842027,0.0009639033482668,0.0009074136200099,0.0005875982943054,0.0412390389541463,0.0008545195727209,0.0006426358242125,0.0008026083383357,0.0010070037439727,0.001319345995959,0.0007933682379791,0.002406923663276,0.0003558124895656,0.000780793380263,0.0011090127936906,0.0009171431365768,0.0006292197586687,0.0007876369386424,0.000978506067654,0.0009780047281375,0.0008659260356349,0.0012293304049915,0.0005333671813008,0.5068433632594039,0.203167840228932,0.0005936642119957,0.0011687970318846,0.0003936640467261,0.0009393966232944,0.0006462958750675
uj0521,0.0007101876325278,0.0010733017983245,0.094823682238891,0.0012627707963091,0.0008327618333469,0.0007226723797183,0.0013533464755634,0.0017888784334896,0.0006777559899094,0.000620368035,0.0004871052842027,0.0009639033482668,0.0009074136200099,0.0005875982943054,0.0008373605151125,0.0008545195727209,0.0006426358242125,0.0008026083383357,0.0010070037439727,0.001319345995959,0.0007933682379791,0.002406923663276,0.0003558124895656,0.000780793380263,0.0415106912327243,0.0009171431365768,0.0006292197586687,0.0007876369386424,0.000978506067654,0.0009780047281375,0.0008659260356349,0.0012293304049915,0.0005333671813008,0.7088517554545727,0.1223644833508645,0.0005936642119957,0.0011687970318846,0.0003936640467261,0.0009393966232944,0.0006462958750675
uj0523,0.0009902387993809,0.0014965412455343,0.0758824530791353,0.0017607243212328,0.0011611481814863,0.0010076467075199,0.0018870170751049,0.002494294114799,0.000945018255714,0.0008650002760062,0.0006791874846992,0.0013440032613769,0.0012652377096771,0.0008193083106787,0.0011675602800666,0.0011914857383911,0.0008960490127691,0.0011191041366036,0.0014040996107667,0.3961736611022781,0.0011062203500321,0.0033560556243995,0.0004961214703473,0.0010886867977188,0.001546334302406,0.0012788039059364,0.0008773425357367,0.0010982290042044,0.0013643643302711,0.0013636652955116,0.0012073901580456,0.0017140972449045,0.0007436920231356,0.4813752164193263,0.0016166578750629,0.0008277662262712,0.001629693501496,0.0005488991854194,0.0013098327002436,0.0009011523463085
uj0524,0.0008081380311323,0.0012213335777496,0.061927987741139,0.0014369344921825,0.0009476178936089,0.0008223446978659,0.0934879086195902,0.0020356038727817,0.0007712333560695,0.0007059303477278,0.0005542877505887,0.0010968466900747,0.0010325657934753,0.0006686409434736,0.0009528508341131,0.0009723765008477,0.000731269351827,0.0468872586135463,0.0011458915724854,0.0015013126485483,0.0009027910603304,0.0027388910496824,0.0463788398506654,0.0008884818548599,0.0012619698999877,0.0010436372230555,0.0007160029175812,0.000896269289534,0.0011134634436681,0.0011128929584734,0.0009853561643328,0.0013988819399245,0.0006069301745411,0.7146700013274746,0.0013193612621366,0.000675543483809,0.0013299996914597,0.0004479589239205,0.0010689599520332,0.0007354342037004
uj0526,0.000136527953039,0.0235070427908824,0.0026952966156864,0.0002427576939969,0.0001600918732859,0.0001389280469016,0.0002601701516592,0.0003438977244516,0.0700324202641191,0.0001192608461061,9.36421366984353e-05,0.0001853027918804,0.0001744430885944,0.0001129611227461,0.0001609759334686,0.0001642746265238,0.0001235416523898,0.0001542951024576,0.0001935885019257,0.0002536338284819,0.0001525187662758,0.0004627120296345,6.840213577531761e-05,0.0001501013493776,0.0002131989345938,0.0001763135111702,0.0001209625199427,0.0001514169693268,0.0001881100491395,0.0001880136705842,0.0001664674287661,0.000236329043361,0.0001025356203712,0.7576233815773983,0.0002228947104322,0.0001141272474258,0.140028946056868,7.567879814138483e-05,0.0001805915679123,0.0001242452682067
uj0527,0.1847039501952911,0.0012213335777496,0.0159540347000993,0.0014369344921825,0.0009476178936089,0.0008223446978659,0.0015400025375108,0.0020356038727817,0.0007712333560695,0.0007059303477278,0.0005542877505887,0.0010968466900747,0.0010325657934753,0.0006686409434736,0.0009528508341131,0.0009723765008477,0.000731269351827,0.0009133055725066,0.0011458915724854,0.0015013126485483,0.0009027910603304,0.0027388910496824,0.0004048868096257,0.0008884818548599,0.0012619698999877,0.1389654963461747,0.0007160029175812,0.000896269289534,0.0011134634436681,0.0011128929584734,0.0009853561643328,0.0013988819399245,0.0006069301745411,0.6227220952453951,0.0013193612621366,0.000675543483809,0.0013299996914597,0.0004479589239205,0.0010689599520332,0.0007354342037004
uj0528,0.0007101876325278,0.0010733017983245,0.0140203253608235,0.0012627707963091,0.0008327618333469,0.0007226723797183,0.0013533464755634,0.0017888784334896,0.0006777559899094,0.000620368035,0.0004871052842027,0.0009639033482668,0.0009074136200099,0.0005875982943054,0.0008373605151125,0.0008545195727209,0.0006426358242125,0.0008026083383357,0.0010070037439727,0.324532773508229,0.0007933682379791,0.002406923663276,0.0003558124895656,0.000780793380263,0.0011090127936906,0.0009171431365768,0.0006292197586687,0.0007876369386424,0.000978506067654,0.0009780047281375,0.0008659260356349,0.0012293304049915,0.0005333671813008,0.6280483985765052,0.0011594480337633,0.0005936642119957,0.0011687970318846,0.0003936640467261,0.0009393966232944,0.0006462958750675
uj0533,0.0002520115678337,0.000380863389569,0.062321622420153,0.0004480968600647,0.0002955072795436,0.000256441806505,0.0291534781400018,0.0006347872562678,0.0002405031315707,0.0002201388956575,0.0001728503296165,0.0003420431205937,0.0003219976222881,0.0002085104845845,0.2296830616160157,0.0003032280588997,0.0002280406672663,0.0002848072487273,0.0003573373862196,0.000468172688073,0.0002815283797761,0.0008541018996336,0.0001262608066421,0.0002770661651962,0.0003935355110182,0.0146620703168947,0.000223279948328,0.0002794946162108,0.0003472249261319,0.0003470470247552,0.0003072756661386,0.0004362304672145,0.0001892664606285,0.6529628934063744,0.0004114325615195,0.000210662988173,0.0004147500730704,0.0001396925109243,0.0003333468579444,0.0002293394439727
uj0534,2.2371160205312496e-05,3.380938413909652e-05,0.1226176849115822,3.977772421391207e-05,2.623229064179056e-05,2.276443413283371e-05,4.263088996686846e-05,5.635029982285265e-05,2.134955205627332e-05,1.9541811292662897e-05,1.53439877725948e-05,3.036329448565706e-05,2.858384817751625e-05,1.8509552935308663e-05,2.637715073481308e-05,0.0636602716939678,2.0243254484678785e-05,0.0178426215724709,3.172097210927094e-05,4.155986290099389e-05,2.499137853254957e-05,7.581894193432834e-05,1.1208218564425176e-05,2.459526609177793e-05,3.49342930530722e-05,2.8890331371351328e-05,1.9820643701471456e-05,2.4810840587683303e-05,3.082328528228854e-05,3.080749291119276e-05,2.727697467807061e-05,3.872434012605696e-05,1.6801253801994426e-05,0.4753985602790717,3.652302085398275e-05,1.870063147600261e-05,3.68175175829472e-05,0.3194518377708819,2.9591324029747057e-05,2.0358547373891168e-05
uj0539,0.0003043762958961,0.0004600018513275,0.0925868289523047,0.0005412055630684,0.0003569098511271,0.0003097270805775,0.0005800250080812,0.0007666877969362,0.0002904765561684,0.0002658808967337,0.0002087663813426,0.0004131152350585,0.0003889045427632,0.0002518362529899,0.0003588807805797,0.000366234908076,0.0002754245537729,0.0003439864929898,0.0004315874502813,0.0005654528871843,0.0003400263176905,0.0010315731724659,0.0001524961610808,0.0003346369129223,0.0351064740173321,0.0003930744748739,0.0002696746193207,0.0003375699644918,0.0004193737524326,0.0004191588854622,0.000371123555487,0.0005268734880274,0.0002285935709963,0.8405868456326552,0.0004969228998607,0.0175700194900624,0.0005009297471898,0.0001687187989229,0.0004026120020677,0.0002769931993969
uj0540,0.0007726177394597,0.0011676519995539,0.1031592999696285,0.0013737765534264,0.0009059670088857,0.0007861999770406,0.0014723144233501,0.0019461324699945,0.0007373351447493,0.0006749024157584,0.0005299250033685,0.001048636714983,0.0009871811726031,0.0006392520019543,0.0009109699446557,0.0009296373949089,0.0006991276883148,0.000873162825758,0.0010955259154913,0.0014353250806901,0.000863110460548,0.00261850789087,0.0003870907190839,0.0008494301911407,0.0012065022234241,0.0009977659768881,0.0006845322634465,0.0008568753427638,0.132924268489248,0.0010639776977599,0.0009420465600199,0.0013373965344523,0.0005802536217814,0.7272111816523119,0.001261371048773,0.0006458511532194,0.0012715418845688,0.0004282696740374,0.0010219756896673,0.000703109481419
uj0541,0.0004656290798829,0.0007037021005445,0.0621704207307234,0.0008279259973814,0.0005459939154992,0.0004738146087215,0.000887311247503,0.0011728644387166,0.0004443655218881,0.0004067395489523,0.0003193668474374,0.0006319758449637,0.0005949387874506,0.0003852543195442,0.0005490090059642,0.0005602592106142,0.000421339254336,0.000526224007528,0.0006602342891776,0.0008650190935585,0.0005201658065259,0.0015780810582277,0.0002332857325853,0.0005119211974116,0.0007271157410424,0.0006013178704411,0.0004125431137546,0.0005164081240284,0.0006415500060454,0.0006412213066327,0.0005677377706286,0.0008060010610307,0.0003496981058159,0.8620889860415798,0.0007601832197665,0.0003892313920014,0.0007663128187536,0.0532362046461992,0.0006159081985036,0.0004237389386361
uj0544,0.0003927956011385,0.0005936293533799,0.1194826917409948,0.0006984222074819,0.0004605898074716,0.0003997007534576,0.023094164641399,0.00098940554223,0.0003748580787504,0.0003431175425677,0.0002694116373797,0.0005331224845105,0.0005018787458807,0.0003249930225032,0.0004631332789231,0.0004726237319239,0.0450467259616239,0.0004439122990824,0.0005569607563491,0.0230753594155495,0.0227844479153086,0.0013312383712539,0.0001967952894843,0.0004318467277073,0.0006133806433906,0.0005072600157503,0.0003480133165298,0.0004356318114013,0.0005411990598791,0.0005409217754718,0.0004789324991454,0.0006799267592252,0.0002949984947793,0.7495870839351191,0.0006412757228535,0.0003283480031823,0.0006464465328886,0.000217730496559,0.0005195681316514,0.0003574578958196
uj0545,0.0001121404098308,0.0001694770480695,0.340328745807675,0.0001993946784408,0.0001314951838158,0.0001141117827504,0.0002136968055507,0.0002824683949438,0.0001070193720541,9.795766992343648e-05,7.691514706732539e-05,0.0001522027582023,0.0001432828883147,9.278324561183852e-05,0.0065117477657104,0.0001349307854775,0.0001014738097348,0.0001267338712647,0.0001590084188714,0.0002083280444759,0.0001252748362247,0.0003800592880935,5.618368523371834e-05,0.0001232892346269,0.0001751159038766,0.0001448192034029,9.93553793095813e-05,0.0001243698496732,0.0065340350027487,0.0001544294014801,0.0001367318946032,0.0001941143567124,8.422001674192727e-05,0.3798695819047975,0.0448397648243866,9.374106924130816e-05,0.2170884548941729,6.216054112123124e-05,0.0001483330848144,0.000102051740952
uj0546,0.0003927956011385,0.0005936293533799,0.32059350750783,0.0006984222074819,0.0004605898074716,0.0003997007534576,0.000748518445084,0.00098940554223,0.0003748580787504,0.0003431175425677,0.0002694116373797,0.0005331224845105,0.0005018787458807,0.0003249930225032,0.0004631332789231,0.0004726237319239,0.0003554335689939,0.0004439122990824,0.0005569607563491,0.0007297132192345,0.0004388017189936,0.0013312383712539,0.0001967952894843,0.0004318467277073,0.0006133806433906,0.0005072600157503,0.0003480133165298,0.0004356318114013,0.0005411990598791,0.0005409217754718,0.0004789324991454,0.0006799267592252,0.0002949984947793,0.6602044991498591,0.0006412757228535,0.0003283480031823,0.0006464465328886,0.000217730496559,0.0005195681316514,0.0003574578958196
uj0550,0.0002893457256999,0.0004372862515585,0.0880147487654648,0.0005144799989691,0.0003392850930779,0.0002944322803942,0.0005513824800097,0.0007288275729116,0.000276132376524,0.0002527512886267,0.0001984571759554,0.0003927149686008,0.0003696998375729,0.0002394001910181,0.0003411586949992,0.0003481496643552,0.0002618236651851,0.0003269999102659,0.0004102749973909,0.0005375299528821,0.0003232352945211,0.0009806325007043,0.0001449656658199,0.016778625322241,0.00045183567962,0.0003736638520147,0.0002563576713505,0.0003209002398259,0.0003986644307497,0.0003984601742411,0.0168133101982106,0.0005008556638634,0.0002173052684524,0.4040250536981186,0.0004723840818609,0.000241871576432,0.0004761930648988,0.4610547594755098,0.0003827304014289,0.0002633148486727
uj0553,0.0004916772049124,0.0007430684569222,0.0097065536903759,0.0008742416611288,0.0005765377934284,0.0005003206469008,0.000936949028547,0.0012384765769232,0.0004692241253838,0.0004294932881049,0.0003372328011154,0.0006673297060871,0.0006282207292147,0.0004068061364671,0.0005797215534564,0.0005916011147123,0.0004449097271671,0.0005556619213822,0.000697168978303,0.0009134098115685,0.0005492648137611,0.0016663617401852,0.0002463361544608,0.0005405589864405,0.0007677918984213,0.0006349566695376,0.0004356215147209,0.0005452969197718,0.0006774394628944,0.0006770923754476,0.0005994980387738,0.0008510902045543,0.0003692608444342,0.6306068297309914,0.0008027092311546,0.0004110056934836,0.3364599323580505,0.0002725415500124,0.0006503632066945,0.0004474436541067
uj0554,0.0002941882147197,0.0004446046726844,0.0058077813506965,0.0005230903343728,0.0003449633671697,0.0002993598979749,0.0005606104152026,0.0007410252285382,0.0002807537269796,0.0002569813332798,0.000201778554535,0.0003992874448962,0.0003758871327185,0.0002434067917499,0.0003468683256859,0.0003539762958797,0.0002662055450995,0.0003324725795825,0.0004171413582646,0.0005465260522311,0.0003286449592422,0.0009970443626925,0.0001473918106792,0.0003234359485914,0.017195393986333,0.2012118741258311,0.0002606480724118,0.00032627082508,0.0673493220228685,0.0004051288022774,0.0003587013105199,0.0005092379824439,0.0169569384750516,0.6785627577194159,0.000480289900148,0.0002459195382611,0.0004841626303121,0.0001630714445047,0.0003891357760442,0.0002677216850286
uj0556,0.0008899687986462,0.0013450038669918,0.0175695147965172,0.0015824361859931,0.0010435721694339,0.0009056140097842,0.0016959407371291,0.0022417258727953,0.0008493272150741,0.0007774117283095,0.0006104140437551,0.0012079116357105,0.0011371217580923,0.0007363464584819,0.0010493349891436,0.0010708377937352,0.0008053165195312,0.0010057854374478,0.0012619227246548,0.0016533331717465,0.0009942062425463,0.0030162267870173,0.0004458850019042,0.0009784481097625,0.0013897549583778,0.0011493142629655,0.0007885042305139,0.0009870240876456,0.1024846153090413,0.0012255827236427,0.0010851317572336,0.0015405304930126,0.0006683869555571,0.8376655474540091,0.0014529576782803,0.0007439479390376,0.0014646733379813,0.0004933185297637,0.0011772011310728,0.0008099030976596
uj0558,0.0002098849887863,0.0003171977736417,0.2548854272996701,0.0003731924104053,0.0002461099011702,0.0002135746630415,0.0003999606538298,0.0005286753989459,0.0002003003175874,0.0001833401936414,0.0001439564453534,0.0002848667509486,0.0122082643043594,0.0001736556027767,0.0002474689705577,0.0002525400650809,0.0001899210949062,0.0002371985013197,0.0002976044073863,0.0003899123370841,0.0002344677323357,0.0962320668860863,0.0001051548871904,0.0002307514273061,0.0003277516069087,0.0002710474924081,0.0001859561838922,0.0002327739353137,0.0002891823591829,0.00028903419603,0.0002559110690679,0.0003633096191044,0.0001576284347108,0.4960524042327751,0.0003426569633416,0.0001754482910862,0.1316864343391094,0.0001163413304433,0.0002776241667914,0.0001910027664216
uj0559,0.0002893457256999,0.0004372862515585,0.0057121822885567,0.0005144799989691,0.0003392850930779,0.0002944322803942,0.0663934356615362,0.0007288275729116,0.000276132376524,0.0002527512886267,0.016658970471337,0.0003927149686008,0.0003696998375729,0.0002394001910181,0.0003411586949992,0.0003481496643552,0.0002618236651851,0.0003269999102659,0.0004102749973909,0.0005375299528821,0.0003232352945211,0.0009806325007043,0.1647500986196361,0.0003181120268594,0.00045183567962,0.0003736638520147,0.0002563576713505,0.0003209002398259,0.0003986644307497,0.0003984601742411,0.000352796902829,0.0005008556638634,0.0002173052684524,0.7332353196057511,0.0004723840818609,0.000241871576432,0.0004761930648988,0.0001603872048243,0.0003827304014289,0.0002633148486727
uj0560,0.0007400884480212,0.0011184906999197,0.1409187132152913,0.0013159368539276,0.0008678233534134,0.0007530988367536,0.0435130241231297,0.0018641950421293,0.0007062913457444,0.0006464872030944,0.0426103118403993,0.0010044862799455,0.0009456181817136,0.0006123377679002,0.0008726156520891,0.0008904971523198,0.0006696925263137,0.0008364003149047,0.0010494013186003,0.0013748940221288,0.0008267711813924,0.0025082616436434,0.0003707931553973,0.0008136668882381,0.0853611014434793,0.0009557573371793,0.0006557116082124,0.0008207985788899,0.0010197038132187,0.0010191813659559,0.0009023838580984,0.0012810885319096,0.0005558233787166,0.6544909306999068,0.0012082639243025,0.0006186590770918,0.0012180065404693,0.0004102383652419,0.00097894775573,0.0006735066751849
uj0562,0.0002351549330685,0.0003553880706834,0.0046423628359847,0.0004181244061235,0.0002757412889403,0.0002392888404409,0.0004481155194816,0.0005923273921254,0.0002244162769726,0.000205414170941,0.0001612886584582,0.0003191644249554,0.0003004597367027,0.0001945635649507,0.0002772639889329,0.0002829456382022,0.0002127874061848,0.0002657569653948,0.0003334356825826,0.0004368573953754,0.0002626974145362,0.00079697244364,0.0001178154312134,0.0002585336700704,0.0003672125749982,0.0003036813414059,0.0002083451238209,0.0002607996860343,0.0137016670980276,0.0003238336262872,0.0002867225077226,0.0004070517365613,0.000176606741761,0.3952446115972777,0.000383912521548,0.5754362732964636,0.0003870081302672,0.0001303487111284,0.0003110498408558,0.0002139993098767
uj0563,0.0002260815996836,0.0003416756028893,0.2874161732018949,0.0261249852499177,0.0002651019516749,0.0002300560023445,0.0004308252102793,0.0005694727412294,0.0002157572891666,0.000197488369723,0.0001550654176769,0.0003068496280918,0.0002888666507136,0.0001870564288413,0.0002665658990634,0.000272028324788,0.0002045771124383,0.0002555028681708,0.0003205702365083,0.0004200014751607,0.0002525613685246,0.0007662216676076,0.000113269582775,0.0002485582800195,0.0003530438647245,0.0002919639514393,0.0002003062332781,0.0002507368629109,0.0003114982674197,0.2189567873404834,0.0002756594657206,0.026114339813674,0.0001697924605333,0.4314402873836437,0.000369099452338,0.0001889874570825,0.0003720756185705,0.0001253192724646,0.0002990481410889,0.0002057422554432
uj0564,0.0002757297652971,0.0004167085420675,0.00544337981129,0.0004902697249896,0.0003233190981373,0.0002805769581444,0.0005254356581015,0.0006945305832144,0.0002631382066754,0.0002408573802948,0.0001891182267004,0.0003742346836437,0.0160382210790372,0.0002281345553726,0.0003251045325575,0.0003317665225871,0.0002495028311757,0.0003116120284538,0.0160768868629068,0.0318840719718354,0.0003080245670761,0.000934486136292,0.0001381439069679,0.0003031423888912,0.0004305733067013,0.0003560800698431,0.0002442940547423,0.0003057993948138,0.0003799041774576,0.0944952204488842,0.0003361950724493,0.0004772865205135,0.0002070793702698,0.7771605036726136,0.0475079102052956,0.000230489642936,0.0004537844880999,0.0001528397429611,0.0003647199677921,0.0002509238429154
uj0566,5.711807913814529e-05,8.632216930842429e-05,0.0011276091230308,0.0001015605439652,6.697632304724231e-05,5.8122186708292304e-05,0.0001088452509619,0.0001438736683837,5.450970770950846e-05,4.989418133315937e-05,3.917629214785558e-05,7.752360813699444e-05,0.0033223557849846,4.7258617776988976e-05,6.734618004979752e-05,6.872622718878054e-05,5.168510712264804e-05,6.45511756137175e-05,8.099003264238292e-05,0.0001061107030821,6.380802442488126e-05,0.0001935810340559,2.861684012295614e-05,6.279666955852858e-05,8.919428840202453e-05,7.376283654721768e-05,5.060609664941664e-05,6.33470746785261e-05,7.869805731547631e-05,7.865773621036824e-05,6.964361186512092e-05,9.887104216290596e-05,4.289698591736391e-05,0.3429556795308626,9.325063055989932e-05,0.6499228388355295,9.40025400414166e-05,3.166111763268877e-05,7.555261203360476e-05,5.197947309694983e-05
uj0567,0.0004916772049124,0.0007430684569222,0.0936192413471655,0.0008742416611288,0.0005765377934284,0.0005003206469008,0.000936949028547,0.0012384765769232,0.0004692241253838,0.0004294932881049,0.0003372328011154,0.0006673297060871,0.0006282207292147,0.0004068061364671,0.0005797215534564,0.0005916011147123,0.0004449097271671,0.0005556619213822,0.000697168978303,0.0009134098115685,0.0005492648137611,0.0016663617401852,0.0002463361544608,0.0005405589864405,0.0007677918984213,0.0006349566695376,0.0004356215147209,0.0005452969197718,0.0006774394628944,0.0006770923754476,0.0005994980387738,0.0008510902045543,0.0003692608444342,0.770461309158974,0.0008027092311546,0.0004110056934836,0.0008091817308919,0.0002725415500124,0.1125339467490807,0.0004474436541067
uj0568,0.0002673427326721,0.0004040332760015,0.0204865961429939,0.0004753569056422,0.0003134845130991,0.0002720424856356,0.0005094531761155,0.0006734046425521,0.0002551341788118,0.0002335310812848,0.0001833657076148,0.0003628513696306,0.0003415864001656,0.0002211952539274,0.0003152156389222,0.0003216749873267,0.0154507043395462,0.28926915838483,0.0003790760644007,0.0004966540499223,0.0002986552046839,0.0009060613280226,0.0001339419034104,0.0002939215305522,0.0004174763080262,0.000345248975276,0.000236863220407,0.0002964977167804,0.000368348411154,0.000368159687118,0.0003259688314123,0.0004627686188473,0.0002007805166348,0.5862244620732852,0.0004364621285142,0.045849851048686,0.030857563023597,0.0001481907276136,0.0003536260684244,0.0002432913464576
uj0571,0.0006826090799789,0.0010316225171175,0.1299741854326975,0.1177120420424109,0.000800423385126,0.000694609009861,0.0013007922839897,0.0017194113298371,0.0006514368478589,0.0005962774261676,0.0004681896370386,0.0009264723118411,0.0008721762361738,0.0005647802252559,0.1561359209982921,0.0008213362112247,0.000617680495457,0.0007714408338324,0.0009678989998205,0.0012681121371685,0.000762559552162,0.0023134561517501,0.0003419953052165,0.0007504730109956,0.0010659467556362,0.0008815279286678,0.0006047854128924,0.0007570508150507,0.000940507967194,0.0009400260960794,0.0008322997295949,0.0011815921008854,0.0005126550565557,0.5648267705787894,0.0011144234556627,0.0005706105865635,0.001123409406296,0.0003783769815872,0.0009029172508678,0.0006211984164012
uj0572,0.0002893457256999,0.0004372862515585,0.0057121822885567,0.0005144799989691,0.0003392850930779,0.0002944322803942,0.0005513824800097,0.0007288275729116,0.000276132376524,0.0002527512886267,0.0001984571759554,0.0003927149686008,0.0003696998375729,0.0002394001910181,0.0003411586949992,0.0003481496643552,0.0002618236651851,0.0003269999102659,0.0004102749973909,0.0005375299528821,0.0003232352945211,0.0009806325007043,0.0001449656658199,0.0003181120268594,0.00045183567962,0.0003736638520147,0.0002563576713505,0.0003209002398259,0.0003986644307497,0.0003984601742411,0.000352796902829,0.0005008556638634,0.0002173052684524,0.7003142930149878,0.0004723840818609,0.000241871576432,0.2803049190863864,0.0001603872048243,0.0003827304014289,0.0002633148486727
uj0577,0.0002893457256999,0.0004372862515585,0.0386332088793199,0.0334355065897324,0.0003392850930779,0.0002944322803942,0.0005513824800097,0.0007288275729116,0.000276132376524,0.0002527512886267,0.0001984571759554,0.0003927149686008,0.0003696998375729,0.0002394001910181,0.0003411586949992,0.0003481496643552,0.0002618236651851,0.0003269999102659,0.0004102749973909,0.0005375299528821,0.0003232352945211,0.4124934648852448,0.0001449656658199,0.0003181120268594,0.00045183567962,0.0003736638520147,0.0002563576713505,0.0003209002398259,0.0003986644307497,0.0003984601742411,0.000352796902829,0.0005008556638634,0.016677818563834,0.4863276201750268,0.0004723840818609,0.000241871576432,0.0004761930648988,0.0001603872048243,0.0003827304014289,0.0002633148486727
uj0581,0.0004017734893833,0.000607197575575,0.0307880866470104,0.3892729634601078,0.0004711172263281,0.0004088364685356,0.0007656268722906,0.0010120197781359,0.0003834259800429,0.0003509599698838,0.0002755694140077,0.0005453077382986,0.0005133498806895,0.0003324211887758,0.0004737188323473,0.000483426202814,0.0003635574961754,0.0004540585303541,0.0005696908669022,0.0007463918269227,0.0233052180728934,0.001361665670566,0.0002012933187672,0.0004417171836111,0.0006274003087126,0.0005188541469455,0.0003559676435499,0.0004455887806426,0.0005535689149989,0.0005532852928719,0.0004898791656602,0.0006954674283195,0.0003017410945204,0.5381560670445468,0.0006559329689052,0.0003358528521914,0.0006612219649752,0.0002227070290353,0.000531443581906,0.0003656280917983
uj0586,0.0012782779574435,0.0019318528901995,0.6797119883343943,0.0022728811377354,0.0014989012010512,0.0013007494514641,0.0024359097360497,0.0032198305987627,0.0012199037307125,0.0011166102425926,0.0008767485087489,0.0017349448888737,0.0016332681331187,0.0010576274677842,0.0015071784411284,0.0015380633004341,0.0011566903887506,0.0014446274482465,0.0018125219731041,0.0023747117348031,0.001427996045404,0.0043322599874963,0.0006404325301694,0.0014053623600224,0.0019961296758319,0.0016507804439426,0.001132542600089,0.0014176801890386,0.0017612285545649,0.0017603261856363,0.0015585939735232,0.0022126912482585,0.000960016029361,0.2577988067017288,0.002086908862501,0.001068545609019,0.0021037362721534,0.0007085621468468,0.0016908348468137,0.0011632781721993
uj0588,0.0005367143483897,0.0008111327893206,0.0105956643647296,0.000954321328709,0.0006293480825029,0.0005461495210768,0.0010227726286815,0.0013519198009143,0.000512204589084,0.0004688344465838,0.000368122990649,0.0007284564441573,0.000685765123859,0.0004440691743962,0.0006328234717863,0.0006457911890506,0.0004856630161475,0.0006065600013178,0.0007610289640621,0.06206308156079,0.0005995769249944,0.0018189988200174,0.0002689003014688,0.0005900736525406,0.0008381208734978,0.0006931180696232,0.0004755240126694,0.0005952455758579,0.0007394922446439,0.0007391133643317,0.0006544114635104,0.0009290492217137,0.0004030847709153,0.8105017974478889,0.0008762365992183,0.0004486534066631,0.000883301973501,0.0002975060852172,0.0007099358302768,0.0920874355252406
uj0589,0.0002556771134922,0.0149315515274358,0.0777732480915738,0.0004546144954024,0.0002998054767848,0.0002601717906425,0.0004872229599315,0.0006440203311274,0.0002440012853157,0.3202166061619733,0.0001753644633158,0.0003470181885499,0.0003266811254962,0.0002115433005306,0.0003014610641618,0.0003076385560225,0.0002313575526182,0.0148340982357686,0.0003625349115394,0.0004749823293088,0.0002856232518453,0.0008665249385324,0.0001280972888148,0.0002810961336921,0.0003992595434358,0.0148753323058474,0.0002265275883164,0.0002835599068871,0.0003522753642188,0.0003520948752401,0.0003117450363095,0.0004425755041069,0.0001920193693899,0.5460991482192088,0.000417416909193,0.0002137271126032,0.0004207826744418,0.0001417243592293,0.0003381954374696,0.0002326752202246
uj0592,0.0001874976021756,0.1389478903875605,0.0890335414759932,0.000333385834336,0.000219858583541,0.0001907937172511,0.0003572988425295,0.000472284226732,0.0001789352801257,0.0001637842081464,0.0001286013281729,0.0002544814331472,0.0002395675032073,0.0001551326243638,0.0002210726877647,0.000225602873887,0.0001696631574435,0.0002118977183374,0.0002658604272011,0.0003483223296945,0.0002094582268828,0.0966339735485504,9.393853900305856e-05,0.000206138321605,0.0002927919750714,0.0002421362061008,0.0001661211637437,0.0002079450987547,0.0002583367169411,0.0002582043576139,0.000228614309665,0.0003245571911708,0.0001408149945066,0.475140470535679,0.170970140092483,0.0001567340955382,0.0109750777331282,0.0001039317800581,0.0109145134194472,0.0001706294524446
uj0593,0.0005536179669705,0.000836679114531,0.5778326693678517,0.0009843773236575,0.0006491691660515,0.0005633502969086,0.0010549844718378,0.0013944980117168,0.0005283362819206,0.0004836002129293,0.0003797168871852,0.0007513989086576,0.0007073630411208,0.0004580549677144,0.0006527540114264,0.0006661301421181,0.000500958792026,0.0006256633827337,0.0007849972879499,0.0010284798193594,0.0006184603770212,0.0018762875106303,0.0002773692163504,0.0006086578025397,0.0008645171783715,0.0007149475651742,0.0004905004644081,0.0006139926136562,0.0007627822775718,0.0007623914645653,0.0006750219089126,0.0009583092810614,0.0004157797757045,0.3636088343884827,0.0009038333446828,0.0319574112730464,0.0009111212402981,0.000306875928608,0.0007322949949383,0.0005038119393079
uj0594,0.0001100345057157,0.0001662944093269,0.0272111672386814,0.0001956502113527,0.0001290258130589,0.0001119688578829,0.2318194795341301,0.0002771638721924,0.0001050096367915,9.611810592944992e-05,7.547074424263771e-05,0.0001493445163312,0.00014059215422,9.104085302526357e-05,0.0001297383200807,0.0001323968969638,9.956821554436512e-05,0.0001243539140181,0.0001560223723237,0.0002044158161649,0.000122922278449,0.0003729220891125,5.512860210968932e-05,0.0001209739648064,0.1065871389456626,0.0001420996185819,9.748956748974484e-05,0.0001220342867961,0.0001516070212472,0.0001515293450904,0.0001341641827503,0.0001904690496976,8.263843450857599e-05,0.5354887749145498,0.0001796416685604,0.093987843842674,0.0001810901764477,6.099321758870221e-05,0.0001455475122079,0.0001001352936914
uj0595,0.0002351549330685,0.0003553880706834,0.64677040139075,0.0004181244061235,0.0002757412889403,0.0002392888404409,0.0004481155194816,0.0005923273921254,0.0002244162769726,0.000205414170941,0.0001612886584582,0.0003191644249554,0.0003004597367027,0.0001945635649507,0.0002772639889329,0.0002829456382022,0.0002127874061848,0.0136434244352858,0.0003334356825826,0.0004368573953754,0.0002626974145362,0.00079697244364,0.0001178154312134,0.0002585336700704,0.0003672125749982,0.0003036813414059,0.0002083451238209,0.0002607996860343,0.0003239996281367,0.0003238336262872,0.0002867225077226,0.0004070517365613,0.000176606741761,0.328356274247823,0.000383912521548,0.000196572091153,0.0003870081302672,0.0001303487111284,0.0003110498408558,0.0002139993098767
uj0598,0.0001678083884772,0.0002536076902459,0.0414984562633865,0.0002983768269669,0.0001967711275708,0.2579237612213951,0.0003197787186287,0.0004226894321394,0.0287993677382736,0.0001465851494,0.0001150968406333,0.3057127986232988,0.0002144104040705,0.0001388420726061,0.0001978577381239,0.0002019122072151,0.0001518467473941,0.0001896462366644,0.0002379422954257,0.0003117448337389,0.0001874629173849,0.0005687257319372,8.407400768381873e-05,0.0001844916369626,0.0002620457484559,0.0002167093662334,0.0001486767001622,0.0001861086835718,0.0002312086536114,0.000231090193401,0.0002046074106686,0.0002904752838816,0.0001260279439705,0.358420887813459,0.0002739629601496,0.0001402753725195,0.0002761720105987,9.301785367258747e-05,0.0002219675847282,0.0001527115712907
uj0599,0.3776191054875339,0.0001928529470887,0.0097786511078809,0.0002268971038211,0.0001496322600359,0.0001298511736641,0.0002431719173973,0.0003214291436206,0.0001217805096992,0.0001114689307482,8.752402143334591e-05,0.0001731960215776,0.0001630458377322,0.0001055808002353,0.0001504585600874,0.0001535417328113,0.0001154700502669,0.0001442142216174,0.1090727185373104,0.000237062645332,0.0001425539424789,0.0004324807082267,6.393307765889085e-05,0.0001402944676755,0.0001992695679409,0.0001647940561239,0.0001130594256109,0.0001415241315073,0.0219541754971174,0.00017572978484,0.0001555912681724,0.0002208884695045,9.583644875547032e-05,0.4685620953263618,0.0074677837464901,0.0001066707360811,0.0002100117157162,7.073431880252154e-05,0.0001687926057427,0.0001161276952974
uj0601,0.0010493524271873,0.00158587927414,0.0207160217574761,0.0018658331114157,0.0012304644731439,0.0010677995236547,0.0019996650799214,0.0026431943336494,0.0010014323827645,0.0009166376228767,0.0007197324887996,0.0014242353312709,0.001340767764754,0.0008682180146475,0.0012372593505137,0.0012626130710305,0.000949539855453,0.001185910552843,0.0014879192125092,0.0019494269679574,0.001172257651423,0.0035563998476338,0.0005257381041969,0.0011536774102845,0.001638644794051,0.0013551438132196,0.0009297166702876,0.001163789251532,0.0014458118813693,0.0014450711167962,0.00127946692626,0.0018164225694855,0.0007880877118177,0.8682895672374252,0.0017131664263099,0.0008771808368088,0.0017269802318748,0.0005816664554662,0.0610843606284427,0.0009549478393046
uj0603,0.00038421017647,0.0005806542587515,0.0075849697098732,0.0006831566311065,0.2627373092090936,0.0003909644012714,0.0007321579036101,0.0009677798755354,0.0003666647186742,0.0003356179427616,0.0002635230446592,0.0005214699025657,0.0004909090655865,0.000317889574541,0.0004530104672977,0.0004622934852634,0.0003476647749382,0.0004342096048768,0.0005447871357611,0.0007137637079489,0.1097153718195909,0.0013021411850354,0.0001924938891426,0.0004224077534971,0.0443144382768967,0.000496172715791,0.0003404067086554,0.0004261101057378,0.000529369946351,0.0005290987226133,0.0004684643602946,0.0006650654421574,0.0002885506441749,0.5583453272270184,0.0006272592104631,0.0003211712246283,0.0006323170009026,0.0002129715105347,0.0005082118103446,0.0003496448555824
uj0604,0.0003396653145325,0.0005133339081373,0.7216614326849495,0.0006039522797436,0.0003982895464508,0.0003456364627011,0.0006472724041358,0.0008555766503692,0.0003241540558366,0.0002967068054737,0.0002329705024295,0.0004610113144362,0.000433993663836,0.0002810338427658,0.0004004889830741,0.0004086957391941,0.0003073569425366,0.0003838678698429,0.0391278876172495,0.0006310108092134,0.0003794485566218,0.0011511725151177,0.0001701763810681,0.0003734343108004,0.0005304136007674,0.0004386470528189,0.0003009403676569,0.0003767074168121,0.0004679954367252,0.0004677556583388,0.0004141511704575,0.0005879585613025,0.0002550964324076,0.2230876099907458,0.0005545355382642,0.0002839350223215,0.0005590069346135,0.0001882798518687,0.0004492903493495,0.000309107455032
uj0605,0.0003152953415039,0.0004765037316054,0.0062244723368434,0.0005606205053816,0.0003697134596698,0.0003208380776045,0.0006008325400812,0.0007941915780603,0.0003008969693463,0.0002754189773163,0.0002162555638774,0.0004279351279138,0.0004028559131451,0.0002608705029271,0.0003717550932767,0.0003793730391275,0.0002853049988164,0.0003563264953358,0.0004470700063046,0.0185224918664175,0.0003522242546546,0.0010685793213343,0.0001579667333964,0.0003466415130292,0.0004923580072415,0.0004071754353504,0.0002793487940424,0.0003496797834489,0.0183711723605982,0.0004341955852611,0.0003844370594724,0.0005457742885262,0.0002367940243857,0.9424886617022888,0.0005147492676834,0.0002635635315045,0.0005188998546837,0.0001747713341734,0.000417055107106,0.0002869299172624
uj0606,0.0001895191081291,0.0002864189550131,0.0037414331598624,0.0003369802346968,0.000222228989511,0.000192850760279,0.0219241569879087,0.0004773761605221,0.0001808644713786,0.0001655500480718,0.0001299878437737,0.0002572251254728,0.000242150400953,0.0001568051872131,0.0002234561836029,0.0002280352119404,0.0001714923812783,0.0002141822942156,0.0002687268021848,0.2806711548169694,0.0002117165013767,0.0006423063499083,9.495133763969984e-05,0.0002083608025303,0.0542034635297423,0.0002447467983244,0.0001679121995629,0.0002101870594532,0.0002611219750204,0.0002609881886607,0.1080461087497702,0.0003280564054893,0.0001423331917872,0.5233892107805018,0.0003094077497502,0.0001584239246537,0.000311902602807,0.0001050523208528,0.0002506853147985,0.0001724690943918
uj0607,0.0002124213189238,0.0003210309123406,0.3304718449263514,0.0003777022096199,0.0002490839869449,0.0002161555806079,0.0004047939306925,0.0005350641138086,0.0002027208229079,0.000185555746365,0.0001456960698637,0.0002883091892563,0.0002714127776147,0.000175754123216,0.0002504594798446,0.0002555918554052,0.000192216173747,0.0002400648983448,0.012385581614404,0.0003946241862604,0.1935873946020057,0.0007199250954037,0.0001064256188946,0.0002335399154335,0.0003317122821481,0.0002743229335326,0.0001882033492383,0.0002355868641982,0.0002926769489441,0.0002925269953312,0.0002590035958882,0.0003676999909052,0.0001595332767473,0.4295406053510114,0.0003467977605848,0.0001775684750538,0.0003495941011863,0.000117747243388,0.024449740766991,0.0001933109165929
uj0608,0.0002003177396473,0.0003027388542863,0.2090794394834172,0.0003561810710627,0.0002348914012017,0.0115996627132944,0.0003817291297788,0.0005045766328329,0.0001911699693331,0.0001749829437022,0.0001373944363892,0.5358755854703149,0.0002559479170857,0.0001657398083896,0.0002361885197299,0.0002410284570608,0.0001812638658102,0.0002263862123101,0.0002840386182043,0.000372138848409,0.0002237799207714,0.0006789043988487,0.0001003615810576,0.0002202330171664,0.0003128116090691,0.0002586922548879,0.0001774796885005,0.000222163332597,0.0002760004746998,0.0002758590653114,0.0002442457995822,0.0003467487699428,0.0001504432114368,0.2341284084523625,0.0003270375302584,0.000167450780061,0.0003296745378404,0.0001110381093794,0.0002649691427895,0.000182296231175
uj0610,0.0011159718578635,0.0016865607722021,0.212489897140106,0.0019842878234827,0.0013085820250209,0.0011355900909599,0.0021266162792667,0.0028110007799033,0.0010650095504271,0.0009748314908188,0.0007654255918989,0.0015146546646235,0.0014258880568911,0.0009233379041528,0.0013158082835456,0.0013427716162218,0.0010098225621354,0.0012611995442404,0.0015823815954621,0.0020731887389176,0.0012466798715659,0.0037821822701715,0.0005591152349672,0.001226920040945,0.0017426761761032,0.0014411767864915,0.0009887408776559,0.0012376738448825,0.0015376010285673,0.0015368132356433,0.001360695459199,0.0019317403924698,0.0008381204304011,0.7329553061086299,0.0018219289059281,0.0009328697421129,0.0018366196979452,0.0006185942664691,0.0014761453832098,0.0010155738784995
uj0613,0.0002846600747548,0.0004302048587611,0.2161410622988693,0.000506148534291,0.0003337907263883,0.0002896642580238,0.0005424534183055,0.0007170249737973,0.000271660701928,0.0002486582462581,0.0001952433698698,0.0003863553610436,0.0003637129359549,0.0002355233556904,0.000335633987289,0.0003425117452192,0.0002575837051813,0.0003217044892436,0.0004036310235611,0.0005288252183446,0.0003180008375074,0.0009647521845439,0.0001426180987099,0.000312960535799,0.0004445186740754,0.0003676127573351,0.0164461587519379,0.5185221843820664,0.0003922084778849,0.0003920075290966,0.0003470837265338,0.0004927448310211,0.0002137862372517,0.1059911457179661,0.1300163545128383,0.0002379547196062,0.0004684816170133,0.0001577899020438,0.0003765324834785,0.0002590507405143
uj0614,0.0005058256001093,0.0007644508315408,0.0099858673462451,0.2598814207951602,0.0005931281182714,0.0005147177638849,0.0009639104678873,0.0012741147067315,0.0004827264156986,0.0004418522925774,0.0003469369380896,0.0006865326390562,0.00064629827086,0.0004185123004498,0.0005964034934783,0.0006086248983782,0.0004577123517021,0.0005716515267189,0.0007172305596118,0.1735943753236508,0.0005650703373347,0.0017143125994189,0.0002534246695064,0.0005561139930403,0.0007898857093593,0.0006532280431213,0.0004481568636958,0.0005609882641,0.0006969333120037,0.0006965762368447,0.0006167490625911,0.0008755809892438,0.0003798866133444,0.5336499123256229,0.0008258078155859,0.0004228327029961,0.0008324665665533,0.0002803841457615,0.0006690779154056,0.0004603191943664
uj0615,0.0002520115678337,0.000380863389569,0.0049751417989974,0.0004480968600647,0.0002955072795436,0.000256441806505,0.000480237829424,0.0006347872562678,0.0002405031315707,0.0002201388956575,0.0001728503296165,0.0003420431205937,0.0003219976222881,0.0002085104845845,0.0002971391313933,0.0003032280588997,0.0002280406672663,0.0002848072487273,0.0003573373862196,0.000468172688073,0.0002815283797761,0.0008541018996336,0.0001262608066421,0.0002770661651962,0.0003935355110182,0.0003254501616058,0.000223279948328,0.0002794946162108,0.0003472249261319,0.0003470470247552,0.0433171361320053,0.1581390521753924,0.0001892664606285,0.71030937402753,0.072094533337964,0.000210662988173,0.0004147500730704,0.0001396925109243,0.0003333468579444,0.0002293394439727
uj0617,0.0004536132942362,0.0006855427244131,0.008955106625202,0.0008065609629672,0.000531904276049,0.774626228455642,0.0008644137477277,0.0011425980994839,0.0004328984527326,0.000396243436391,0.0003111254300791,0.000615667399862,0.0005795861016931,0.0003753126438132,0.0005348415606331,0.0005458014482617,0.0004104663892521,0.0005126445402013,0.000643196621132,0.000842696853695,0.0005067426740326,0.0015373579063711,0.0002272656804058,0.0004987108210801,0.0007083521644913,0.0005858005693339,0.0004018972373713,0.0005030819603659,0.0006249944950445,0.0006246742778805,0.0005530870203852,0.0007852018102991,0.0003406739755326,0.1947051583124082,0.0007405663207891,0.0003791870859747,0.000746537742483,0.0002514423468938,0.0006000143868603,0.0004128041485278
uj0619,0.0005716209561673,0.0008638869111682,0.401510321285942,0.0010163880880847,0.0006702793651067,0.0005816697697479,0.0010892912956449,0.4241841808895751,0.000545517141183,0.0004993263091335,0.0003920648228118,0.0007758334957593,0.0007303656348718,0.0004729503633252,0.0006739807853337,0.0006877918916777,0.000517249368306,0.000646009202039,0.0008105244538614,0.001061924743805,0.0006385719632602,0.0019373021196193,0.0002863889290465,0.0006284506208682,0.000892630235301,0.0007381967985084,0.0005064509484758,0.000633958913614,0.0333063820752553,0.0007871835163395,0.0332157678451553,0.0009894723441544,0.0004293004330112,0.0827638002133848,0.0009332249159663,0.000477832743011,0.0009407498051653,0.0003168551640322,0.0007561083457854,0.0005201952964995
uj0620,0.0009902387993809,0.0014965412455343,0.0758824530791353,0.0017607243212328,0.0011611481814863,0.0010076467075199,0.0018870170751049,0.002494294114799,0.000945018255714,0.0008650002760062,0.0006791874846992,0.0013440032613769,0.0012652377096771,0.0008193083106787,0.0011675602800666,0.0011914857383911,0.0008960490127691,0.0011191041366036,0.0014040996107667,0.0018396090486063,0.0011062203500321,0.0033560556243995,0.0004961214703473,0.0010886867977188,0.001546334302406,0.0012788039059364,0.0008773425357367,0.0010982290042044,0.0013643643302711,0.0013636652955116,0.508208314227052,0.0017140972449045,0.0007436920231356,0.3123749083963241,0.0579500938827302,0.0008277662262712,0.001629693501496,0.0005488991854194,0.0013098327002436,0.0009011523463085
uj0621,0.0001531847481696,0.0002315070808838,0.0030241304005948,0.0002723748169762,0.0001796235331112,0.0001558776602491,0.0002919116435575,0.0003858542162509,0.0001461893672594,0.0001338110055165,0.0001050667413442,0.0002079102548414,0.000195725637142,0.0001267426981482,0.0001806154511282,0.0001843165940349,0.0001386140822339,0.0001731195399012,0.0002172068448689,0.0002845778705272,0.0001711264856979,0.0005191642015928,7.674738915927204e-05,0.0001684141371237,0.0002392098056026,0.0001978242565446,0.000135720288358,0.0001698902664153,0.0002110600053995,0.0002109518683889,0.0001867769243321,0.000265161852841,0.000115045255095,0.5711919837241761,0.418545467608469,0.0001280510933261,0.0002521050364582,8.491182484624525e-05,0.0002026242482688,0.000139403541164
uj0622,0.0001798251795956,0.0002717685859397,0.3513709967051171,0.0003197436491904,0.000210861946031,0.0001829864172783,0.0003426781344488,0.0004529583040357,0.0001716132287092,0.0001570821402679,0.000123338947627,0.000244068024809,0.0002297643745287,0.0001487845802488,0.0002120263689757,0.0002163711793819,0.0001627205223107,0.0002032268403103,0.00025498138917,0.00033406894151,0.0002008871731154,0.0006094522914753,9.009456361659588e-05,0.2150282826987667,0.0002808108951283,0.0002322279658162,0.0001593234673841,0.0001994359623574,0.0002477655499645,0.0002476386067956,0.0002192593868754,0.0003112762750783,0.000135052829386,0.1692568972542727,0.2560442714768903,0.0001503205190459,0.0002959487416323,9.967888014451188e-05,0.0002378627263532,0.0001636472764137
uj0624,0.0003152953415039,0.0004765037316054,0.4008330647442051,0.126117899907724,0.0003697134596698,0.0003208380776045,0.0006008325400812,0.2160352419820758,0.0003008969693463,0.0002754189773163,0.0002162555638774,0.0004279351279138,0.0004028559131451,0.0002608705029271,0.0003717550932767,0.0003793730391275,0.0002853049988164,0.0003563264953358,0.0004470700063046,0.0005857376660829,0.0003522242546546,0.0548788419223381,0.0001579667333964,0.0003466415130292,0.0004923580072415,0.0004071754353504,0.0002793487940424,0.0003496797834489,0.0004344181602635,0.0004341955852611,0.0003844370594724,0.0005457742885262,0.0002367940243857,0.1891449852882347,0.0005147492676834,0.0002635635315045,0.0005188998546837,0.0001747713341734,0.000417055107106,0.0002869299172624
uj0626,0.0008470817266554,0.0012801889231879,0.0167228502313476,0.5315896977448413,0.000993283041516,0.0008619730042877,0.0016142143523436,0.0021336984239271,0.0008083986370476,0.0007399487152138,0.0005809985506743,0.0011497030857501,0.0010823245306213,0.0007008623565414,0.0009987681543396,0.0010192347514486,0.0007665087909895,0.0009573172298784,0.0012011114121444,0.0015736600204302,0.0009462960295562,0.0028708765954691,0.0004243980664011,0.0009312972719057,0.0013227834858496,0.0010939294858691,0.0007505066762732,0.000939459978468,0.0011671205909077,0.0011665226143677,0.0010328398972687,0.0014662932363152,0.0006361777820173,0.2672154200922397,0.0013829405039225,0.1452763297697367,0.0013940915928859,0.0004695458005034,0.0011204725022347,0.0007708743446206
uj0628,0.0007400884480212,0.0011184906999197,0.0146106188868868,0.0013159368539276,0.0008678233534134,0.0007530988367536,0.0014103260136615,0.0018641950421293,0.0007062913457444,0.0006464872030944,0.0005076137309311,0.0010044862799455,0.0009456181817136,0.0006123377679002,0.0008726156520891,0.0008904971523198,0.0006696925263137,0.0008364003149047,0.0010494013186003,0.043477592131597,0.0008267711813924,0.0025082616436434,0.0003707931553973,0.0008136668882381,0.0011557052245429,0.0009557573371793,0.0006557116082124,0.0008207985788899,0.1273277981416233,0.0010191813659559,0.0009023838580984,0.0012810885319096,0.0005558233787166,0.7807990250283113,0.0012082639243025,0.0006186590770918,0.0012180065404693,0.0004102383652419,0.00097894775573,0.0006735066751849
uj0629,0.0003463580363176,0.0005234485736125,0.0068377033590762,0.0006158524779883,0.0004061373925813,0.0003524468392237,0.0006600261765544,0.0008724348229342,0.0003305411457702,0.000302553078307,0.0002375609233237,0.0004700950222371,0.0004425450193153,0.3549562622480107,0.0004083801666216,0.0004167486276115,0.0003134130643044,0.0003914315531075,0.0004911150565738,0.0006434441652517,0.0003869251623056,0.0011738550706825,0.0001735295146503,0.000380792412556,0.0202447365217851,0.0004472900980778,0.0003068700580564,0.0003841300114287,0.0004772167587757,0.0004769722558268,0.0004223115519927,0.0005995436213707,0.0002601228197879,0.6018568623101348,0.000565462035374,0.000289529641578,0.0005700215355434,0.0001919896939173,0.0004581431087579,0.0003151980686735
uj0630,0.0002098849887863,0.0003171977736417,0.0280236751132256,0.0003731924104053,0.0002461099011702,0.0002135746630415,0.0003999606538298,0.0005286753989459,0.0002003003175874,0.0001833401936414,0.0001439564453534,0.0002848667509486,0.0002681720840202,0.0001736556027767,0.0002474689705577,0.0002525400650809,0.0001899210949062,0.0002371985013197,0.0002976044073863,0.0003899123370841,0.0002344677323357,0.0007113291233729,0.0001051548871904,0.0002307514273061,0.0003277516069087,0.0002710474924081,0.0001859561838922,0.0002327739353137,0.0002891823591829,0.00028903419603,0.0002559110690679,0.0003633096191044,0.0001576284347108,0.3885915742497225,0.5734670835396223,0.0001754482910862,0.0003454199153785,0.0001163413304433,0.0002776241667914,0.0001910027664216
uj0632,0.0004536132942362,0.0006855427244131,0.008955106625202,0.0008065609629672,0.000531904276049,0.0004615875915083,0.0008644137477277,0.0011425980994839,0.0004328984527326,0.000396243436391,0.0003111254300791,0.000615667399862,0.0005795861016931,0.0003753126438132,0.0005348415606331,0.0005458014482617,0.0004104663892521,0.0005126445402013,0.000643196621132,0.000842696853695,0.0005067426740326,0.0015373579063711,0.0002272656804058,0.0004987108210801,0.0007083521644913,0.0005858005693339,0.0004018972373713,0.0005030819603659,0.0006249944950445,0.0006246742778805,0.0005530870203852,0.0007852018102991,0.0003406739755326,0.7366204069173018,0.2329899585800292,0.0003791870859747,0.000746537742483,0.0002514423468938,0.0006000143868603,0.0004128041485278
uj0633,0.0001505606308299,0.000227541269976,0.04579834751112,0.0002677089250473,0.0001765465085804,0.0001532074122249,0.0002869110778049,0.1374225138164411,0.0001436850836536,0.0001315187683061,0.0001032669051263,0.0002043486672072,0.0001923727769886,0.0001245715439317,0.0001775214346364,0.0001811591754526,0.0001362395663565,0.0001701539314322,0.0002134860028482,0.0002797029353038,0.0001681950190619,0.0005102707066475,7.543267501784492e-05,0.0001655291341272,0.0002351120438723,0.0001944354461832,0.0001333953443523,0.0001669799767208,0.000207444461251,0.0002073381766715,0.0001835773592863,0.0002606195219355,0.0001130744828585,0.4586247795277438,0.3428539779768398,0.0086910618658033,0.0002477863741534,8.345725058485806e-05,0.0001991532120874,0.0001370155015324
uj0634,0.084404364861702,0.0007430684569222,0.065648345461569,0.0008742416611288,0.0005765377934284,0.0005003206469008,0.000936949028547,0.0012384765769232,0.0004692241253838,0.0004294932881049,0.0003372328011154,0.0006673297060871,0.0285991166148113,0.0004068061364671,0.0005797215534564,0.0005916011147123,0.0004449097271671,0.0005556619213822,0.000697168978303,0.0009134098115685,0.0005492648137611,0.0016663617401852,0.0002463361544608,0.0005405589864405,0.0007677918984213,0.0006349566695376,0.0004356215147209,0.0005452969197718,0.0006774394628944,0.0006770923754476,0.0005994980387738,0.0008510902045543,0.0003692608444342,0.6585777256165879,0.1126862927735408,0.0004110056934836,0.0287800776164885,0.0002725415500124,0.0006503632066945,0.0004474436541067
uj0635,0.0008470817266554,0.0012801889231879,0.0167228502313476,0.001506179518644,0.000993283041516,0.0008619730042877,0.0016142143523436,0.0021336984239271,0.0008083986370476,0.0007399487152138,0.0005809985506743,0.0011497030857501,0.0010823245306213,0.0007008623565414,0.0009987681543396,0.0010192347514486,0.0007665087909895,0.0009573172298784,0.0012011114121444,0.0015736600204302,0.0009462960295562,0.0028708765954691,0.0004243980664011,0.0009312972719057,0.0013227834858496,0.0010939294858691,0.0007505066762732,0.000939459978468,0.0011671205909077,0.0011665226143677,0.0010328398972687,0.0014662932363152,0.0006361777820173,0.7491095275706008,0.0013829405039225,0.0007080975262283,0.0013940915928859,0.0004695458005034,0.0011204725022347,0.193528517335965
uj0636,0.0005716209561673,0.0008638869111682,0.2714351411373772,0.0335351831252259,0.0006702793651067,0.0005816697697479,0.0010892912956449,0.0014398454067395,0.000545517141183,0.0004993263091335,0.0003920648228118,0.0007758334957593,0.0007303656348718,0.0004729503633252,0.0006739807853337,0.0006877918916777,0.000517249368306,0.000646009202039,0.0333293194910026,0.001061924743805,0.0006385719632602,0.0019373021196193,0.0002863889290465,0.0006284506208682,0.000892630235301,0.0007381967985084,0.0005064509484758,0.0656715489878964,0.0007875870381141,0.0007871835163395,0.0006969728080141,0.0009894723441544,0.0004293004330112,0.3429141605105144,0.2285647901759547,0.000477832743011,0.0009407498051653,0.0003168551640322,0.0007561083457854,0.0005201952964995
uj0637,0.0007400884480212,0.0011184906999197,0.3514322037626324,0.0013159368539276,0.0008678233534134,0.0007530988367536,0.0014103260136615,0.0018641950421293,0.0007062913457444,0.0006464872030944,0.0005076137309311,0.0010044862799455,0.0009456181817136,0.0006123377679002,0.0008726156520891,0.0008904971523198,0.0006696925263137,0.0008364003149047,0.0010494013186003,0.2960937807884062,0.0008267711813924,0.0025082616436434,0.0003707931553973,0.0008136668882381,0.0011557052245429,0.0009557573371793,0.0006557116082124,0.0008207985788899,0.0010197038132187,0.0010191813659559,0.0009023838580984,0.0012810885319096,0.0005558233787166,0.3176693458241612,0.0012082639243025,0.0006186590770918,0.0012180065404693,0.0004102383652419,0.00097894775573,0.0006735066751849
uj0638,0.0001231383070244,0.0001860980962193,0.2265968158889755,0.0002189498252228,0.0001443912532634,0.000125303017535,0.0002346545985673,0.0003101707938623,0.0001175150359575,0.000107564629491,8.445841252667319e-05,0.0001671296725039,0.0001573350081318,0.000101882736135,0.0001451886113998,0.0001481637931789,0.0001114256061389,0.0001391629865963,0.0001746027817447,0.0002287593093441,0.0001375608602531,0.000417332675842,6.169376313594752e-05,0.0001353805256214,0.000192289969057,0.0001590219935753,0.0001090994158163,0.0001365671193528,0.000169661614854,0.0001695746883905,0.0001501415416893,0.0002131516488191,9.247968947867688e-05,0.2349896083754384,0.5325949379041197,0.0001029344959809,0.000202655863281,6.825678458760232e-05,0.0001628804903363,0.0001120602165506
uj0639,0.0002520115678337,0.000380863389569,0.0049751417989974,0.0004480968600647,0.0002955072795436,0.000256441806505,0.000480237829424,0.402060151604357,0.0002405031315707,0.0002201388956575,0.0001728503296165,0.0003420431205937,0.0003219976222881,0.0002085104845845,0.0002971391313933,0.0003032280588997,0.0002280406672663,0.0002848072487273,0.0003573373862196,0.000468172688073,0.0002815283797761,0.0008541018996336,0.0001262608066421,0.0002770661651962,0.0003935355110182,0.0003254501616058,0.000223279948328,0.0002794946162108,0.0003472249261319,0.0003470470247552,0.0003072756661386,0.0004362304672145,0.0001892664606285,0.4522502112323298,0.0004114325615195,0.000210662988173,0.1294443314706705,0.0001396925109243,0.0003333468579444,0.0002293394439727
uj0640,0.0001559019593865,0.000235613583943,0.0562921675214161,0.000277206237315,0.0001828097189738,0.0001586426386948,0.0002970896106965,0.0003926985491041,0.0001487824934894,0.0001361845627373,0.0001069304290254,0.0002115981942957,0.0001991974442445,0.000128990876803,0.0001838192317631,0.0001875860260297,0.0001410728370615,0.0001761903570766,0.0002210596884602,0.0002896257502354,0.0001741619498156,0.000528373204505,7.810874444552373e-05,0.0001714014892455,0.0002434529406063,0.0002013332892341,0.0001381277126891,0.0001729038023127,0.0002148038155436,0.0002146937603844,0.0001900899979894,0.000269865328673,0.0001170859429659,0.5547166649319502,0.0978142482088462,0.0001303224804667,0.0002565769087634,8.641800196687435e-05,0.000206218423843,0.2839519813550001
uj0642,0.0002124213189238,0.0003210309123406,0.1250373706120355,0.0003777022096199,0.0002490839869449,0.0002161555806079,0.0004047939306925,0.1697163959020687,0.0002027208229079,0.000185555746365,0.0243144577539009,0.0123726900312749,0.0002714127776147,0.000175754123216,0.0002504594798446,0.0002555918554052,0.000192216173747,0.0002400648983448,0.0003012007723854,0.0003946241862604,0.0002373011297084,0.0007199250954037,0.0001064256188946,0.0002335399154335,0.0003317122821481,0.0002743229335326,0.0001882033492383,0.0002355868641982,0.0002926769489441,0.0002925269953312,0.0002590035958882,0.1453802700951282,0.0001595332767473,0.2603592735627513,0.2420344146009564,0.0001775684750538,0.0003495941011863,0.000117747243388,0.0002809790829538,0.0122776917586115
uj0643,0.0003332263382719,0.0005036027265687,0.1013625909769017,0.0005925032614735,0.0003907392408273,0.0003390842924237,0.0006350021738059,0.3231053993717447,0.0003180091238079,0.0002910821861938,0.0002285541211553,0.0004522720031715,0.0004257665214723,0.0002757063331127,0.0003928969831132,0.0004009481651855,0.0003015304304617,0.0003765909534332,0.000472495091242,0.0006190488471087,0.0003722554163638,0.0959134798613212,0.0001669503770255,0.0003663551815538,0.0005203586424378,0.0004303316969699,0.0002952354934754,0.0003695662398644,0.0004591237286696,0.0004588884957204,0.0004063001787878,0.0005768127331697,0.0002502606137292,0.4652973147892721,0.000544023304563,0.0002785525155124,0.0005484099374298,0.0001847106634805,0.0004407732303803,0.0003032477587964
uj0644,0.00038421017647,0.0005806542587515,0.0075849697098732,0.0006831566311065,0.1097366836807595,0.0222481966196048,0.0007321579036101,0.0009677798755354,0.0003666647186742,0.0003356179427616,0.0002635230446592,0.0005214699025657,0.0004909090655865,0.000317889574541,0.0004530104672977,0.0004622934852634,0.0003476647749382,0.0004342096048768,0.044259251572428,0.0444282281446158,0.0004292107279237,0.0013021411850354,0.0001924938891426,0.0004224077534971,0.0005999738402298,0.000496172715791,0.0003404067086554,0.0004261101057378,0.000529369946351,0.0005290987226133,0.0004684643602946,0.0006650654421574,0.0002885506441749,0.5583453272270184,0.0006272592104631,0.0003211712246283,0.0006323170009026,0.0002129715105347,0.1972233017753456,0.0003496448555824
uj0645,0.0001197819297049,0.0001810256257229,0.1522780443110093,0.0002129819160868,0.0614686413570834,0.0001218876367629,0.0002282586248726,0.0480014165223457,0.0001143119319769,0.0001046327434555,8.215633198736142e-05,0.0001625742237913,0.0001530465323064,9.910572130452756e-05,0.0001412312095634,0.0001441252968976,0.0001083884815731,0.0001353698250431,0.0001698436387068,0.0002225240233794,0.000133811367812,0.0004059574510097,6.001217799524503e-05,0.0001316904624991,0.0001870487268595,0.0001546875356358,0.0001061256961537,0.000132844713279,0.000165037153061,0.0001649525959497,0.0001460491379734,0.0002073417804118,8.995897322245761e-05,0.3648693605992086,0.3681646698865446,0.0001001288133623,0.0001971320782005,6.639631135853836e-05,0.0001584408614607,0.0001090057944269
uj0646,0.00038421017647,0.0005806542587515,0.0294422019282066,0.0006831566311065,0.0004505225890923,0.1971060543662724,0.0007321579036101,0.0009677798755354,0.0003666647186742,0.0003356179427616,0.0002635230446592,0.0005214699025657,0.0004909090655865,0.000317889574541,0.0004530104672977,0.0004622934852634,0.0003476647749382,0.0004342096048768,0.0005447871357611,0.0007137637079489,0.0004292107279237,0.0450166056217023,0.0001924938891426,0.0004224077534971,0.0005999738402298,0.000496172715791,0.0003404067086554,0.0004261101057378,0.000529369946351,0.0005290987226133,0.0004684643602946,0.0006650654421574,0.0002885506441749,0.7113459527553524,0.0006272592104631,0.0003211712246283,0.0006323170009026,0.0002129715105347,0.0005082118103446,0.0003496448555824
uj0647,0.0004782987600916,0.0007228497031348,0.009442440179217,0.0008504537089795,0.0549804763839457,0.0004867070156395,0.0009114548206541,0.0012047778608131,0.0004564566246592,0.0004178068560345,0.0003280567596467,0.0006491717895498,0.0006111269606262,0.0003957370175511,0.0005639474383727,0.0005755037589879,0.000432803816672,0.000540542464389,0.0006781991407474,0.164147434329626,0.0005343194208703,0.001621020348781,0.0002396333937534,0.0005258504774834,0.0007469004244132,0.0006176796172723,0.00042376833475,0.0005304594925346,0.0006590064617645,0.1094979209706738,0.0005831858092221,0.0008279321992098,0.0003592133258949,0.640657948831541,0.000780867663051,0.0003998223054063,0.0007871640472806,0.0002651257453915,0.0006326669454335,0.0004352687959334
uj0648,0.0001150769557577,0.0001739150302024,0.0350047311920973,0.0002046160935551,0.000134938560267,0.0001170999517017,0.0002192927409041,0.0002898652059229,0.000109821816789,0.0001005228219239,7.892927259242537e-05,0.0001561883900574,0.0001470349415015,9.521289842294018e-05,0.0001356837186926,0.0001384641277321,0.0001041310365375,0.0001300525664079,0.0001631722660116,0.0002137833916731,0.0001285553245929,0.000390011646535,5.765492983036929e-05,0.0001265177273738,0.000179701546956,0.0001486114870456,0.0001019571321912,0.0001276266397637,0.0001585545767043,0.0001584733409537,0.0001403124012981,0.0198389459941406,8.642543000462029e-05,0.4487362181209646,0.4649952549801159,9.619580393932308e-05,0.0263757201554192,6.378829764644091e-05,0.00015221738412,0.000104724101653
uj0649,8.262304089646343e-05,0.0001248676466831,0.1426407377071883,0.0001469104196801,9.68832909251566e-05,8.40755130748792e-05,0.0001574479701928,0.0002081176427177,7.884995219191871e-05,7.217345273139818e-05,5.666969963179993e-05,0.0001121402600051,0.0001055682599952,6.83610297862913e-05,9.741830034264864e-05,9.941458055591466e-05,7.476408142515327e-05,9.337524130928188e-05,0.0001171545486155,0.0001534923634092,9.230025048336547e-05,0.0002800208609063,4.1395130709630815e-05,9.083729487028552e-05,0.0001290222544169,0.0001067001893733,0.004773523818967,9.16334726379095e-05,0.0001138391365074,0.0001137808108009,0.0001007416054274,0.0001430199734193,6.205179647608966e-05,0.2845814093510826,0.5641733569629558,6.906673704229867e-05,0.0001359775368395,4.579877083517637e-05,0.0001092891541186,7.518989077134015e-05
uj0650,0.0002124213189238,0.0003210309123406,0.2458811790322213,0.1091371297877872,0.0002490839869449,0.0002161555806079,0.0004047939306925,0.0609569683239015,0.0002027208229079,0.000185555746365,0.0001456960698637,0.0002883091892563,0.0002714127776147,0.000175754123216,0.0002504594798446,0.0002555918554052,0.000192216173747,0.0002400648983448,0.0607231049824783,0.0003946241862604,0.0002373011297084,0.0007199250954037,0.0001064256188946,0.0002335399154335,0.0124160931241667,0.0002743229335326,0.0001882033492383,0.0002355868641982,0.0002926769489441,0.0002925269953312,0.0002590035958882,0.0003676999909052,0.0001595332767473,0.5020468904031229,0.0003467977605848,0.0001775684750538,0.0003495941011863,0.000117747243388,0.0002809790829538,0.0001933109165929
uj0652,0.0006113838910515,0.0009239803675496,0.0468506278031744,0.0010870897880969,0.0007169051482615,0.0006221317173533,0.0011650642679115,0.0711017199999554,0.0005834642498904,0.000534060304278,0.0004193375248561,0.0008298018054234,0.000781171122088,0.0005058496024057,0.0007208640456328,0.0007356358762405,0.0005532301222111,0.0006909467109917,0.0008669059261172,0.0011357940517517,0.0006829921251175,0.0020720641803911,0.0003063106345305,0.0006721667247757,0.0009547231266463,0.0007895470349092,0.0005416805457624,0.0006780581838198,0.000842372944359,0.0008419413529171,0.0007454554328761,0.0010583017388186,0.0004591633080151,0.3667678581193,0.0009981416429784,0.3135387957474913,0.0010061899763864,0.0003388961531163,0.1747129957283197,0.0005563809742264
uj0653,0.0003043762958961,0.0004600018513275,0.0060089115962176,0.3641684584586341,0.0003569098511271,0.0003097270805775,0.0178956084792986,0.0007666877969362,0.0002904765561684,0.0002658808967337,0.0002087663813426,0.0004131152350585,0.0003889045427632,0.0002518362529899,0.0003588807805797,0.000366234908076,0.0002754245537729,0.0003439864929898,0.0004315874502813,0.0005654528871843,0.0003400263176905,0.0010315731724659,0.0001524961610808,0.0003346369129223,0.0004753070748972,0.0003930744748739,0.0002696746193207,0.0522843203781441,0.0004193737524326,0.0004191588854622,0.000371123555487,0.0005268734880274,0.0002285935709963,0.5462219266219591,0.0004969228998607,0.000254436018845,0.0005009297471898,0.0001687187989229,0.0004026120020677,0.0002769931993969
uj0654,0.0007726177394597,0.0011676519995539,0.0152528030489812,0.0013737765534264,0.0009059670088857,0.0007861999770406,0.0014723144233501,0.0019461324699945,0.0007373351447493,0.0006749024157584,0.0005299250033685,0.001048636714983,0.0009871811726031,0.0006392520019543,0.0009109699446557,0.0009296373949089,0.0006991276883148,0.000873162825758,0.0010955259154913,0.0014353250806901,0.000863110460548,0.00261850789087,0.0003870907190839,0.0008494301911407,0.396785738366337,0.0009977659768881,0.0006845322634465,0.0008568753427638,0.001064523108277,0.0010639776977599,0.0009420465600199,0.0013373965344523,0.0005802536217814,0.5513981878110173,0.001261371048773,0.0006458511532194,0.0012715418845688,0.0004282696740374,0.0010219756896673,0.000703109481419
uj0655,0.0001678083884772,0.0002536076902459,0.0605912712889033,0.0002983768269669,0.0001967711275708,0.0001707583769178,0.0003197787186287,0.0004226894321394,0.0001601451999983,0.0001465851494,0.0001150968406333,0.0002277582150294,0.0002144104040705,0.0001388420726061,0.0001978577381239,0.0002019122072151,0.0001518467473941,0.0001896462366644,0.0002379422954257,0.0003117448337389,0.0001874629173849,0.0005687257319372,8.407400768381873e-05,0.0001844916369626,0.0002620457484559,0.0002167093662334,0.0001486767001622,0.0001861086835718,0.0002312086536114,0.000231090193401,0.0002046074106686,0.0002904752838816,0.0001260279439705,0.4538849629410432,0.4775943385980705,0.0001402753725195,0.0002761720105987,9.301785367258747e-05,0.0002219675847282,0.0001527115712907
uj0656,0.0003396653145325,0.0005133339081373,0.0260287087404998,0.0006039522797436,0.0003982895464508,0.0003456364627011,0.0006472724041358,0.0008555766503692,0.0003241540558366,0.0002967068054737,0.0002329705024295,0.2323385859625862,0.000433993663836,0.0002810338427658,0.0004004889830741,0.0004086957391941,0.0003073569425366,0.0003838678698429,0.1550666749413245,0.0006310108092134,0.0003794485566218,0.0011511725151177,0.0001701763810681,0.0003734343108004,0.0005304136007674,0.0004386470528189,0.019624071588336,0.0003767074168121,0.0004679954367252,0.0004677556583388,0.0390604136118158,0.0005879585613025,0.0002550964324076,0.5129345783009331,0.0005545355382642,0.0002839350223215,0.0005590069346135,0.0001882798518687,0.0004492903493495,0.000309107455032
uj0657,0.0001780041918007,0.0002690165393179,0.2769278242269841,0.0003165057862617,0.0002087266664723,0.000181133417419,0.0003392080269711,0.0004483714517101,0.0001698753986922,0.0001554914583574,0.0001220899639265,0.0204944642876179,0.0002274376807773,0.0001472779230314,0.0002098792979651,0.0002141801109358,0.0001610727436973,0.0002011688771451,0.0002523993369867,0.0003306860144555,0.0001988529024353,0.00060328071313,8.918222697331418e-05,0.0001957010911643,0.0002779672821602,0.0002298763246705,0.2735714254094694,0.0001974163872671,0.0002452565684999,0.0002451309108126,0.0002170390711871,0.0003081241564538,0.0001336852258361,0.420703775991096,0.0002906085669929,0.0001487983082459,0.0002929518362621,9.866948855342624e-05,0.0002354540251773,0.0001619901130861
uj0658,0.000181683809986,0.0002745775215634,0.106944378269187,0.0003230484436852,0.0002130413650754,0.0001848777214714,0.0003462199743417,0.0624722163962398,0.0001733869823237,0.0311659939153218,0.0001246137497259,0.0002465906540051,0.0002321391645892,0.0001503223823692,0.1035718451942925,0.0002186075405551,0.0001644023630218,0.0002053273447136,0.0002576168163109,0.0003375217988273,0.0002029634952736,0.0006157514457596,9.102575965004022e-05,0.0001997465312556,0.0002837132899144,0.0002346282189718,0.0001609701969415,0.0002014972851455,0.0002503263959034,0.00025019814068,0.0105572883369833,0.3000516129289148,0.0001364487033875,0.3777215511280578,0.0002966158893885,0.0001518741962653,0.0002990075976082,0.0001007091373995,0.0002403212190568,0.0001653386958353
uj0661,0.0001005895619703,0.0344864999871628,0.2881064747789715,0.0001788563408483,0.0001179507276743,0.0001023578766997,0.0001916852996813,0.0002533731788632,9.59960086957834e-05,8.786769304748032e-05,6.899262241022954e-05,0.0001365253506862,0.0001285242580722,8.322625223468559e-05,0.0001186020758016,0.0058434457268618,9.102165836641868e-05,0.00011367984669,0.0001426300049019,0.0001868695394602,0.0001123710972767,0.000340911874406,5.039657244043426e-05,0.0001105900194719,0.0001570783635583,0.0001299023274229,8.91214335601665e-05,0.0001115593274522,0.0001385936507797,0.000138522642049,0.2633536587495904,0.0001741199104169,7.554506538709335e-05,0.4036882546465654,0.0001642219105231,8.408541673638968e-05,0.000165546083999,5.5757791617283634e-05,0.000133054266965,9.154006068072586e-05
uj0662,0.000229027232746,0.0003461273183492,0.0045213914922165,0.0004072288615359,0.0002685559836477,0.0002330534181787,0.0004364384622436,0.0005768924416255,0.0002185684060612,0.0002000614595814,0.0001570857759094,0.0003108475934767,0.0002926303146215,0.0001894936002082,0.0002700390049097,0.0002755726009632,0.000207242562024,0.0002588318330096,0.0003247469686653,0.0134545440331961,0.0002558520083576,0.0007762048236027,0.0131438157094123,0.0002517967633308,0.0003576436980673,0.0002957679702962,0.0002029160372789,0.0002540037311319,0.0003155568002534,0.0003153951241035,0.0002792510522864,0.2870359919692522,0.000172004698443,0.5282650455357889,0.1436936820971097,0.0001914497879522,0.0003769234179727,0.0001269520660791,0.000302944460351,0.0002084228857591
uj0664,0.00038421017647,0.0005806542587515,0.0512994341465401,0.0006831566311065,0.0004505225890923,0.0003909644012714,0.0007321579036101,0.0009677798755354,0.0003666647186742,0.0003356179427616,0.0002635230446592,0.0005214699025657,0.0004909090655865,0.000317889574541,0.0004530104672977,0.3501780089785984,0.0003476647749382,0.0004342096048768,0.0005447871357611,0.0007137637079489,0.0004292107279237,0.0013021411850354,0.0001924938891426,0.0004224077534971,0.0005999738402298,0.0223534049341244,0.0003404067086554,0.0004261101057378,0.000529369946351,0.0005290987226133,0.0878973932336284,0.0006650654421574,0.0002885506441749,0.4709163983536846,0.0006272592104631,0.0003211712246283,0.0006323170009026,0.0002129715105347,0.0005082118103446,0.0003496448555824
uj0665,0.0002416195449208,0.0003651579951496,0.15596972729914,0.0004296190065399,0.0002833216547077,0.0002458670969711,0.0004604346014615,0.0006086109828187,0.0002305856739104,0.000211061183601,0.0001657226227366,0.0003279385301697,0.0003087196339105,0.0001999122850971,0.02777574837982,0.0002907240577421,0.0002186371154386,0.0002730628534998,0.0278334642817573,0.0004488669818173,0.0002699191929502,0.0008188819032373,0.0001210542789938,0.0002656409835593,0.1103407562244189,0.0003120298033045,0.0002140727109026,0.0002679692942557,0.0003329066572552,0.0003327360918718,0.2889486574868947,0.0004182419397451,0.0001814618133561,0.378619364571288,0.0003944666077613,0.0002019760274163,0.000397647317433,0.0001339321095794,0.0003196008691572,0.0002198823354079
uj0666,0.0003533198044199,0.0005339698469794,0.0873748123306313,0.0006282310622491,0.0205142186446506,0.0003595309917647,0.0006732926485307,0.0209898886150817,0.0003371849956706,0.0003086343703486,0.0002423358783845,0.0004795438936005,0.0004514401378812,0.0002923313571126,0.0004165885744524,0.0004251252408213,0.0003197126411732,0.0204992172190104,0.0005009864289021,0.0006563773401618,0.0003947023263106,0.0011974494612577,0.0001770174436522,0.0003884463087944,0.0005517361404496,0.1411557060590254,0.0003130381210366,0.0003918509931305,0.000486808776459,0.0004865593590209,0.000430799979526,0.1815108557132653,0.0002653512671157,0.513454546225389,0.0005768277758741,0.0002953491636102,0.0005814789216227,0.0001958486710073,0.0004673517476413,0.0003215335239836
uj0667,0.0062141629313361,0.0001622322917105,0.002119207773027,0.0001908710117789,0.0001258740653223,0.1100319265827636,0.0002045617556513,0.0002703935168184,0.0001024445385586,9.3770203477824e-05,7.36272003679448e-05,0.0001456964382439,0.000137157872402,8.881697397615884e-05,0.0001265691677463,0.0001291628028671,9.713603635065292e-05,0.0001213162879978,0.000152211172478,0.0001994224968388,0.0001199196233702,0.000363812622391,5.378196113298243e-05,0.0001180189017014,0.000167630099323,0.5131111949968412,9.510816398305142e-05,0.0001190533229249,0.0001479036763526,0.0001478278976119,0.0001308869186953,0.0001858164117329,8.061980356381279e-05,0.3636310257082437,0.0001752535139047,8.973385283517454e-05,0.0001766666387059,5.950332009515214e-05,0.0001419921845468,9.768926232950831e-05
uj0668,0.000375992031329,0.0005682342312056,0.0074227293899042,0.0006685441073049,0.0004408860405228,0.000382601785205,0.0007164972566869,0.000947079342419,0.0003588218658278,0.0003284391715201,0.0002578863625471,0.0005103158113719,0.0004804086619036,0.0003110900079955,0.0004433207037291,0.0004524051606111,0.0003402283254222,0.0004249219863465,0.021922846604963,0.000698496507579,0.0004200300339334,0.0012742887597014,0.0001883765002325,0.0004133725731726,0.0005871405723942,0.0004855597241445,0.0003331255070891,0.000416995733164,0.0005180468754933,0.0005177814531534,0.4068629779192072,0.0006508398836827,0.0002823786289093,0.5464024813083873,0.000613842316408,0.0003143014645315,0.000618791922165,0.0002084161111943,0.0004973413059292,0.000342166052711
uj0669,0.0001855187658809,0.0002803732646458,0.0142163880632215,0.0530995100029152,0.0002175382117615,0.0001887800939934,0.0003535279360781,0.0004672997727526,0.000177046809966,0.0001620556413176,0.0001272440789453,0.000251795654287,0.000237039124898,0.0001534953657321,0.0002187395024159,0.3168410780703836,0.000167872544604,0.0002096613649603,0.0002630545552508,0.0003446461607181,0.0002072476197242,0.0006287486392732,9.294711837528988e-05,0.0002039627524895,0.0002897018694895,0.0002395807178847,0.0001643679328526,0.0002057504610423,0.0002556102496913,0.000255479287275,0.0002262015305777,0.0003211318377682,0.0001393288431173,0.6073269429803053,0.0003028768151892,0.0001550799350942,0.0003053190072442,0.0001028348914784,0.0002453938850018,0.0001688286413967
uj0670,0.0001181714320301,0.0001785916914056,0.0157781546837932,0.0002101183215406,0.0001385671249109,0.0001202488273359,0.0136704369965127,0.0002976598247154,0.0001127749797747,0.0001032259303372,8.105171978116442e-05,0.0001603883731372,0.0001509887838211,9.777322036627022e-05,0.0001393323210151,0.0001421874966292,0.0001069311716268,0.0001335497442596,0.000167560048971,0.0002195321328404,0.0001320122408715,0.0004004992526611,5.920529941716765e-05,0.0001299198516551,0.0001845338104575,0.0001526077234549,0.0001046988099171,0.0001310585832478,0.0001628181877136,0.0001627347674936,0.1816549249029359,0.000204554018885,8.874945257475194e-05,0.4002993438858724,0.3833824758767228,9.878255669826212e-05,0.0001944815886454,6.550359652817836e-05,0.0001563105848856,0.0001075401845566
uj0672,0.0038147053490808,9.958998465601082e-05,0.2674663030276596,0.0001171705147841,7.727065987833017e-05,6.70556327398474e-05,0.0076231912022776,0.0001659872144263,6.288791162091192e-05,5.756297360461071e-05,4.519773269302648e-05,8.943907465134119e-05,8.419748167245547e-05,5.452232094004269e-05,7.769736432174825e-05,7.928952627153464e-05,5.9629166719591015e-05,7.447276453315692e-05,9.343829253556052e-05,0.0038712281949028,7.361539016355711e-05,0.0002233346585909,3.301528091313371e-05,7.244858890695319e-05,0.0001029035517124,8.510026820195231e-05,5.83843111125818e-05,0.0150683162174532,9.079403800086463e-05,9.074751949616072e-05,0.2662457270172592,0.0001140676335038,4.949030131570689e-05,0.4331564380915406,0.0001075833582615,5.508516789571372e-05,0.0001084508370833,3.6527467329576375e-05,8.71651342109394e-05,5.9968777078075206e-05
uj0673,6.639499690900851e-05,0.0001003423128174,0.0655219208052103,0.0001180556507571,7.78543821640639e-05,0.5175340447536706,0.0001265235142747,0.0001672411242073,6.336298295554502e-05,5.7997818998438336e-05,4.553916790115201e-05,9.011472024789226e-05,8.483353093788503e-05,5.4934196467607e-05,7.828431004175103e-05,7.988849958925758e-05,6.007962066354288e-05,7.503535080337452e-05,9.41441492446891e-05,0.0001233448307341,7.417149960896774e-05,0.0002250217856013,3.326468677130938e-05,7.299588403788049e-05,0.0001036809114051,8.57431373472348e-05,0.0113902081910024,7.363568402402066e-05,9.147991933637167e-05,9.143304941901076e-05,8.09548826621665e-05,0.0303319502092607,4.986416368275725e-05,0.3722174430055922,0.0001083960704072,5.550129531283093e-05,0.0001092701023855,3.680340514032184e-05,8.782360188104873e-05,6.042179652535039e-05
uj0674,0.0002484496397213,0.0003754802715401,0.0190388097703993,0.0145757500237842,0.0002913305836266,0.0002528172614587,0.2266172350938639,0.00062581518172,0.0002371038635418,0.0002170274554652,0.000170407265381,0.0427391683638746,0.0003174465122227,0.000205563400198,0.0002929393709041,0.000298942237591,0.0002248175435403,0.0002807817869019,0.0992901926954222,0.0004615555415926,0.0002775492614404,0.0008420300348644,0.0001244762380981,0.0002731501157414,0.0003879732853951,0.0003208502533962,0.0002201241125395,0.000275544243062,0.0003423172536931,0.0003421418667721,0.0003029326360036,0.0004300647916544,0.0001865913710179,0.5871979784127616,0.0004056173792252,0.0002076854803297,0.0004088880011124,0.0001377180988525,0.0003286353379348,0.0002260979633542
uj0678,0.000421019456595,0.0006362838765364,0.0083116482100498,0.0007486064951227,0.0004936849340798,0.0004284207703283,0.0008023023376208,0.0010604980873879,0.0004017930551114,0.0003677718408795,0.0002887698865293,0.0005714293593834,0.000537940639495,0.0003483450052264,0.0004964111636131,0.000506583541699,0.0003809728205705,0.0004758090833854,0.0005969805015718,0.0007821458848873,0.0004703312887114,0.0014268929031772,0.0002109357783004,0.0004628765548919,0.0006574543717336,0.0005437085740384,0.0003730193947909,0.0004669336112219,0.0005800862673604,0.0005797890590156,0.0005133456178008,0.0007287820786783,0.0721699924345221,0.8753015594089713,0.0006873538185784,0.0003519410540067,0.0006928961709491,0.0002333752594982,0.0005569010748031,0.0243344083288757
uj0679,0.0002893457256999,0.0004372862515585,0.0386332088793199,0.0005144799989691,0.0003392850930779,0.0002944322803942,0.0170118957753913,0.0007288275729116,0.000276132376524,0.0002527512886267,0.0001984571759554,0.0003927149686008,0.0003696998375729,0.0002394001910181,0.0003411586949992,0.0003481496643552,0.0002618236651851,0.0003269999102659,0.0004102749973909,0.0169980432482637,0.0003232352945211,0.0009806325007043,0.0001449656658199,0.0003181120268594,0.00045183567962,0.2143603366919758,0.0002563576713505,0.1320050066028789,0.0003986644307497,0.0003984601742411,0.000352796902829,0.0005008556638634,0.0002173052684524,0.5686301866519349,0.0004723840818609,0.000241871576432,0.0004761930648988,0.0001603872048243,0.0003827304014289,0.0002633148486727
uj0680,0.0001047870037609,0.0120807647834071,0.133215085457632,0.000186319730338,0.0001228726231858,0.0001066291074401,0.0001996840211366,0.000263946037008,0.0001000017688435,9.153427156329988e-05,7.187157436977065e-05,0.0001422223355544,0.0001338873701225,8.669915083725827e-05,0.0001235511510303,0.0001260829414358,9.481984681846146e-05,0.0001184235251582,0.000148581727242,0.0359618699725347,0.0001170601637217,0.0003551375825261,5.249954093058446e-05,0.0001152047643844,0.17303844587658,0.0001353229441066,9.284032866549464e-05,0.0656894194069774,0.0001443769425079,0.0001443029706962,0.0001277659460638,0.0001813856562282,7.869744032852747e-05,0.575524732418123,0.0001710746286049,8.759416690162716e-05,0.0001724540577254,5.8084475222405774e-05,0.0001386064090524,9.535988123351316e-05
uj0681,7.926970373297004e-05,0.0001197997707541,0.1729279509517562,0.0001409479161862,9.29511875257188e-05,8.066322590322856e-05,0.0001510577898746,0.0001996709840359,7.564974953469411e-05,6.924422235406173e-05,5.436970428234945e-05,0.0001075889375493,0.0001012836686065,6.558653033396163e-05,9.346448306118678e-05,9.537974228375507e-05,7.17297078410149e-05,8.958551554471028e-05,0.0001123997163377,0.0001472627252726,8.855415427597126e-05,0.0002686559395812,3.971506872340811e-05,8.715057415152804e-05,0.0001237857596576,0.0091214765343259,7.023223380427504e-05,8.791443826344593e-05,0.0001092188634822,0.0001091629049818,9.66529085491469e-05,0.581869608921452,5.953336344666933e-05,0.2324454127480564,0.0001294152389039,6.62635957687235e-05,0.0001304587551203,4.393998279472688e-05,0.0001048535465919,7.213823529719097e-05
uj0682,0.0001835812623567,0.0838270963977293,0.0036242098714549,0.0003264222667868,0.0002152663065452,0.0001868085301159,0.0003498357941065,0.0004624194311211,0.0106189041937052,0.0001603631797778,0.0001259151791425,0.0002491659743987,0.0002345635578702,0.0001518923051973,0.0002164550512727,0.0002208906135274,0.0001661193330341,0.0002074717232195,0.0002603072907063,0.0003410467774007,0.010648789595073,0.0006221821730798,9.197640595944896e-05,0.0002018326253842,0.0107303827168615,0.000237078607206,0.0001626513224189,0.0002036016636337,0.0002529407312885,0.0002528111366052,0.0002238391482031,0.2822978510644981,0.0001378737335855,0.4547723089727577,0.0002997136586534,0.0001534603257822,0.0107458367538146,0.1254262378177797,0.0002428310633124,0.0001670654446326
uj0683,0.0008470817266554,0.0012801889231879,0.0167228502313476,0.001506179518644,0.000993283041516,0.0008619730042877,0.0016142143523436,0.0021336984239271,0.0008083986370476,0.0007399487152138,0.0005809985506743,0.0011497030857501,0.0010823245306213,0.0007008623565414,0.0009987681543396,0.0010192347514486,0.0007665087909895,0.0009573172298784,0.0012011114121444,0.0015736600204302,0.0009462960295562,0.0028708765954691,0.0004243980664011,0.0009312972719057,0.0013227834858496,0.0010939294858691,0.0007505066762732,0.000939459978468,0.0011671205909077,0.0011665226143677,0.0010328398972687,0.0014662932363152,0.0006361777820173,0.7491095275706008,0.1941405834952669,0.0007080975262283,0.0013940915928859,0.0004695458005034,0.0011204725022347,0.0007708743446206
uj0684,0.0003152953415039,0.0004765037316054,0.1138449975388511,0.0005606205053816,0.0003697134596698,0.0003208380776045,0.0006008325400812,0.0007941915780603,0.0003008969693463,0.0002754189773163,0.0002162555638774,0.0004279351279138,0.0004028559131451,0.2872489377082811,0.0003717550932767,0.0003793730391275,0.0002853049988164,0.0003563264953358,0.0004470700063046,0.0005857376660829,0.0003522242546546,0.0369420877220035,0.0001579667333964,0.0362201499136984,0.0004923580072415,0.0004071754353504,0.0002793487940424,0.0003496797834489,0.0004344181602635,0.0004341955852611,0.0003844370594724,0.0005457742885262,0.0002367940243857,0.4940698066939232,0.0005147492676834,0.0002635635315045,0.0184556540550183,0.0001747713341734,0.000417055107106,0.0002869299172624
uj0685,0.0001029459592665,0.0001555815366958,0.0781663849923974,0.0001830462049826,0.0528289055361337,0.0001047556982944,0.0001961756932474,0.0002593086642347,9.824479804236832e-05,8.992606958540868e-05,7.060883412962258e-05,0.0001397235748451,0.0001315350497318,8.517589901609153e-05,0.0001213804317788,0.0469755937053744,9.31539192637604e-05,0.0001163428952025,0.0001459712358539,0.0001912471196873,0.0001150034872047,0.0647700212314445,5.157715564121708e-05,0.0352519751600314,0.0001607580597806,0.0001329454015463,9.12091800515608e-05,0.0001141727009715,0.0001418403266531,0.0001417676544816,0.2343841510015114,0.0001781988195808,7.731477373786376e-05,0.4834225893354373,0.0001680689504978,8.605519018769207e-05,0.0001694241438801,5.7063966003923085e-05,0.0001361711779922,9.368446559965244e-05
uj0686,0.0003533198044199,0.0005339698469794,0.0873748123306313,0.0006282310622491,0.000414300720838,0.0003595309917647,0.0006732926485307,0.0008899706912691,0.0204371029194832,0.0003086343703486,0.0002423358783845,0.0004795438936005,0.0004514401378812,0.0002923313571126,0.0004165885744524,0.0004251252408213,0.0003197126411732,0.0003992992951978,0.0005009864289021,0.0006563773401618,0.0003947023263106,0.0011974494612577,0.0001770174436522,0.0003884463087944,0.0005517361404496,0.0004562805923373,0.0003130381210366,0.0003918509931305,0.000486808776459,0.0004865593590209,0.000430799979526,0.3624101170275785,0.0002653512671157,0.513454546225389,0.0005768277758741,0.0002953491636102,0.0005814789216227,0.0001958486710073,0.0004673517476413,0.0003215335239836
uj0687,0.0005058256001093,0.0007644508315408,0.0099858673462451,0.1735540800791217,0.0005931281182714,0.0005147177638849,0.0009639104678873,0.0012741147067315,0.0004827264156986,0.0004418522925774,0.0003469369380896,0.0006865326390562,0.00064629827086,0.0004185123004498,0.0005964034934783,0.0006086248983782,0.0004577123517021,0.0005716515267189,0.0007172305596118,0.000939693891574,0.0005650703373347,0.0017143125994189,0.0002534246695064,0.0005561139930403,0.0007898857093593,0.0006532280431213,0.0004481568636958,0.0005609882641,0.0006969333120037,0.0006965762368447,0.0006167490625911,0.0008755809892438,0.0003798866133444,0.3609952308935461,0.0008258078155859,0.0004228327029961,0.0008324665665533,0.0290561643844409,0.0006690779154056,0.4033212425358788
uj0691,0.000411171381576,0.000621400546915,0.0081172302708737,0.0007310958247529,0.0004821371393392,0.0004183995710231,0.0007835356666629,0.0010356919541831,0.0003923947052563,0.0003591692819666,0.0002820152640024,0.0005580630431452,0.0239163788210606,0.0003401968598373,0.0004847995995798,0.0004947340353545,0.0003720614772623,0.0004646794230466,0.000583016518026,0.0007638506939418,0.0004593297595838,0.0013935164210824,0.0002060017750463,0.0004520493996008,0.000642075842611,0.0005309906752769,0.0003642940902333,0.0004560115572404,0.0005665174572045,0.0005662272008664,0.3279756342138658,0.0007117351216531,0.0003087991268479,0.6209171504848302,0.000671275910862,0.0003437087933644,0.000676688621951,0.0002279163738645,0.000543874589977,0.0003741805062312
uj0692,0.0144369036295428,0.0001900930050442,0.1742166100818959,0.0002236499516978,0.0430808567090907,0.0001279928576823,0.0002396918544322,0.0003168291319475,0.0001200376939736,0.0001098736852865,8.627145448892538e-05,0.0001707173921913,0.0001607124688647,0.0001040698205274,0.0001483053292854,0.0001513443783483,0.0001138175442958,0.0001421503543047,0.0001783509242986,0.0002336700129045,0.0001405138356234,0.0004262914240695,6.301812358777811e-05,0.0072938476722021,0.0001964177968528,0.0001624356682899,0.0001114414183832,0.0001394987624022,0.000173303686945,0.0001732148944587,0.4294870231283187,0.0002177273076797,9.446492164992968e-05,0.2901229826199801,0.0002053504068238,0.0001051441581684,0.0002070062124414,6.972203133998057e-05,0.0359441818729907,0.0001144657776881
uj0693,0.0002416195449208,0.0003651579951496,0.0047699853928277,0.0004296190065399,0.0002833216547077,0.0002458670969711,0.0004604346014615,0.0006086109828187,0.0002305856739104,0.000211061183601,0.0001657226227366,0.0003279385301697,0.0003087196339105,0.0001999122850971,0.0002848862150359,0.0002907240577421,0.0002186371154386,0.0002730628534998,0.0003426021169733,0.0004488669818173,0.0002699191929502,0.0008188819032373,0.0001210542789938,0.0002656409835593,0.0003773075652826,0.0003120298033045,0.0002140727109026,0.0002679692942557,0.0003329066572552,0.0003327360918718,0.000294604756662,0.399035743329114,0.0001814618133561,0.5435645375599923,0.0003944666077613,0.0414382692745924,0.000397647317433,0.0001339321095794,0.0003196008691572,0.0002198823354079
uj0695,0.0002801237638224,0.0004233491625219,0.0055301248996839,0.0004980826081808,0.0003284714749179,0.0002850482009897,0.0005338089416473,0.0007055985444668,0.0002673315475389,0.0161805831750485,0.0001921319934888,0.0003801984454678,0.0003579168475184,0.0002317700819861,0.0003302853618201,0.1915677037401729,0.0002534788802289,0.0003165778426887,0.0003971988049706,0.000520397919148,0.00031293321193,0.0009493780022476,0.0001403453527308,0.0003079732319027,0.0004374348744854,0.0003617545217838,0.0002481870973201,0.0003106725795728,0.0003859582876975,0.0003857605412064,0.0162774401579415,0.0004848925048186,0.0002103793638219,0.7576734710057982,0.0004573283626727,0.00023416269996,0.00046101594666,0.0001552753799133,0.0003705321041746,0.0002549225370519
uj0696,0.0001855187658809,0.0002803732646458,0.0458781736825321,0.0003298673040642,0.0002175382117615,0.0001887800939934,0.0003535279360781,0.0004672997727526,0.000177046809966,0.0001620556413176,0.0001272440789453,0.000251795654287,0.000237039124898,0.0001534953657321,0.0002187395024159,0.0002232218772777,0.000167872544604,0.0002096613649603,0.0002630545552508,0.0003446461607181,0.0002072476197242,0.0006287486392732,9.294711837528988e-05,0.0002039627524895,0.0002897018694895,0.4223967223086926,0.0001643679328526,0.0002057504610423,0.0002556102496913,0.000255479287275,0.0002262015305777,0.0003211318377682,0.0001393288431173,0.5228955146621437,0.0003028768151892,0.0001550799350942,0.0003053190072442,0.0001028348914784,0.0002453938850018,0.0001688286413967
uj0697,7.786515541562487e-05,0.0001176770863172,0.0591226480288645,0.0001384505161811,9.130422244465488e-05,0.0045088844429339,0.000148381257043,0.0001961330933735,7.430934174441819e-05,6.801731154938794e-05,5.340634914074865e-05,0.0045353330686164,9.948906361103224e-05,6.442442871779577e-05,9.180842310091062e-05,0.0133826411164455,0.0133594101275462,8.79981854653563e-05,0.0001104081505185,0.0001446534356796,0.0665317419476644,0.0002638957319595,3.901137323418794e-05,8.56063878291906e-05,0.0001215924490704,0.1019825163124083,6.898781681811493e-05,8.63567173370599e-05,0.0001072836579282,0.0001072286909342,0.1728513081620365,0.000134784103042,5.847851548436845e-05,0.5118244342563917,0.0444236267479409,0.0044947399541122,0.0001281472083836,4.316142773532604e-05,0.0001029956883498,7.086004662949727e-05
uj0698,0.0002556771134922,0.0003864031040993,0.005047505974891,0.0004546144954024,0.0002998054767848,0.0002601717906425,0.0004872229599315,0.0006440203311274,0.0002440012853157,0.0002233408485686,0.0001753644633158,0.0003470181885499,0.0003266811254962,0.0002115433005306,0.0003014610641618,0.0003076385560225,0.0002313575526182,0.000288949812432,0.0003625349115394,0.0004749823293088,0.0002856232518453,0.0008665249385324,0.0001280972888148,0.0002810961336921,0.0003992595434358,0.0148753323058474,0.0002265275883164,0.0002835599068871,0.0003522753642188,0.0003520948752401,0.0003117450363095,0.2622552471241653,0.0001920193693899,0.7060957808759112,0.000417416909193,0.0002137271126032,0.0004207826744418,0.0001417243592293,0.0003381954374696,0.0002326752202246
uj0699,0.0002176824337889,0.0003289819998944,0.0042974256481958,0.0003870568954851,0.0002552531392362,0.0002215091832691,0.0004148196069138,0.0005483162382995,0.0002077416821148,0.000190151471975,0.0001493045765937,0.0002954498461782,0.0002781349550595,0.0001801070885159,0.000256662699461,0.0002619221904049,0.0001969768605468,0.0002460106716394,0.0003086607197626,0.0004043979847801,0.0002431784517556,0.0007377557380169,0.0001090615003044,0.00023932408214,0.0003399279190125,0.0002811171878511,0.0001928646489767,0.0002414217284176,0.000299925783734,0.0002997721161663,0.000265418430686,0.2975851036501922,0.0001634844945348,0.6878527719093649,0.0003553870248951,0.0001819663770553,0.0003582526234655,0.0001206635315254,0.0002879381925083,0.0001980987172807
uj0701,0.0002026268393421,0.0003062285811436,0.0040002023187882,0.0003602868362533,0.0002375990378983,0.0232605594296594,0.0003861293921751,0.0005103929811551,0.0001933736209848,0.0001770000045108,0.0001389782075105,0.0002750156155148,0.0002588982761417,0.0001676503218651,0.000238911108552,0.0002438068367371,0.0001833533279715,0.0002289958081187,0.000287312783976,0.0003764285618553,0.0002263594733746,0.0006867302556249,0.000101518467595,0.0002227716839546,0.0003164174464369,0.0002616742484341,0.0001795255297489,0.0002247242504888,0.0002791819833022,0.0002790389438617,0.0002470612661618,0.4268566002559062,0.0001521773982055,0.5365340666297331,0.0003308073524552,0.0001693810162239,0.0003334747573121,0.0001123180662367,0.0002680234911854,0.0001843975936031
uj0704,0.0004017734893833,0.0463199714396232,0.1907827951711791,0.0235707725477221,0.0004711172263281,0.0004088364685356,0.0007656268722906,0.0010120197781359,0.0003834259800429,0.0003509599698838,0.0002755694140077,0.0234016946703227,0.0005133498806895,0.0003324211887758,0.0004737188323473,0.0461962000668623,0.1832146529523683,0.0004540585303541,0.0005696908669022,0.0007463918269227,0.0004488311408693,0.001361665670566,0.0002012933187672,0.0004417171836111,0.0006274003087126,0.0005188541469455,0.023212354575574,0.0004455887806426,0.0005535689149989,0.0005532852928719,0.0004898791656602,0.0006954674283195,0.0003017410945204,0.4467305193164504,0.0006559329689052,0.0003358528521914,0.0006612219649752,0.0002227070290353,0.000531443581906,0.0003656280917983
uj0705,0.0002416195449208,0.0690923134071097,0.0047699853928277,0.0004296190065399,0.0002833216547077,0.0002458670969711,0.0004604346014615,0.0555903353123869,0.0002305856739104,0.000211061183601,0.0001657226227366,0.0003279385301697,0.1377630304578308,0.0001999122850971,0.0002848862150359,0.0002907240577421,0.0002186371154386,0.0002730628534998,0.0003426021169733,0.0004488669818173,0.0002699191929502,0.0008188819032373,0.0001210542789938,0.0277565031483434,0.0003773075652826,0.0003120298033045,0.0002140727109026,0.0002679692942557,0.0003329066572552,0.0003327360918718,0.000294604756662,0.0004182419397451,0.0001814618133561,0.5710553997247765,0.0003944666077613,0.1239108557689446,0.000397647317433,0.0001339321095794,0.0003196008691572,0.0002198823354079
uj0709,0.0007726177394597,0.0011676519995539,0.1471125484299521,0.0013737765534264,0.0009059670088857,0.0007861999770406,0.0014723144233501,0.1338058778509655,0.0007373351447493,0.0006749024157584,0.0005299250033685,0.001048636714983,0.0009871811726031,0.0006392520019543,0.0009109699446557,0.0009296373949089,0.0006991276883148,0.000873162825758,0.0010955259154913,0.0014353250806901,0.000863110460548,0.00261850789087,0.0003870907190839,0.0008494301911407,0.0012065022234241,0.0009977659768881,0.0006845322634465,0.0008568753427638,0.001064523108277,0.0010639776977599,0.2646615373219618,0.0013373965344523,0.0005802536217814,0.4195384424300463,0.001261371048773,0.0006458511532194,0.0012715418845688,0.0004282696740374,0.0010219756896673,0.000703109481419
uj0711,0.0006113838910515,0.0009239803675496,0.1164123442784385,0.0010870897880969,0.0007169051482615,0.0006221317173533,0.453316221357128,0.0015400035246913,0.0005834642498904,0.000534060304278,0.0004193375248561,0.0008298018054234,0.000781171122088,0.0005058496024057,0.0007208640456328,0.0007356358762405,0.0005532301222111,0.0006909467109917,0.0008669059261172,0.0011357940517517,0.0006829921251175,0.0020720641803911,0.0003063106345305,0.0006721667247757,0.0009547231266463,0.0007895470349092,0.0005416805457624,0.0006780581838198,0.000842372944359,0.0356227995905492,0.0007454554328761,0.0010583017388186,0.0004591633080151,0.3667678581193,0.0009981416429784,0.000511071608803,0.0010061899763864,0.0003388961531163,0.0008087045401595,0.0005563809742264
uj0712,0.0005058256001093,0.0007644508315408,0.0099858673462451,0.0296751788857244,0.0005931281182714,0.0005147177638849,0.0009639104678873,0.0012741147067315,0.2306889683251342,0.0004418522925774,0.0003469369380896,0.0006865326390562,0.00064629827086,0.0004185123004498,0.0005964034934783,0.0006086248983782,0.0004577123517021,0.0005716515267189,0.0007172305596118,0.000939693891574,0.0005650703373347,0.0017143125994189,0.0002534246695064,0.0005561139930403,0.0007898857093593,0.0006532280431213,0.0004481568636958,0.0005609882641,0.0006969333120037,0.0006965762368447,0.0006167490625911,0.0008755809892438,0.0003798866133444,0.7063045937576996,0.0008258078155859,0.0004228327029961,0.0008324665665533,0.0002803841457615,0.0006690779154056,0.0004603191943664
uj0714,0.0003152953415039,0.0004765037316054,0.024161226537178,0.0005606205053816,0.0003697134596698,0.0003208380776045,0.0006008325400812,0.0007941915780603,0.0003008969693463,0.0002754189773163,0.0002162555638774,0.0004279351279138,0.0004028559131451,0.0002608705029271,0.0003717550932767,0.0003793730391275,0.0002853049988164,0.0003563264953358,0.0542573326073084,0.0005857376660829,0.1259095036569969,0.0369420877220035,0.0001579667333964,0.0003466415130292,0.0004923580072415,0.0004071754353504,0.0002793487940424,0.0003496797834489,0.0004344181602635,0.0004341955852611,0.0003844370594724,0.0005457742885262,0.0002367940243857,0.745184365498608,0.0005147492676834,0.0002635635315045,0.0005188998546837,0.0001747713341734,0.000417055107106,0.0002869299172624
uj0715,0.0001443775161886,0.0002181967703539,0.1014117174780178,0.0084701695980737,0.000169296224784,0.0001469156014875,0.1399038591505275,0.0003636698432374,0.0001377843289903,0.0001261176510457,9.902601486486749e-05,0.0001959566245518,0.0001844725514952,0.0001194557302364,0.0001702311132848,0.0001737194620031,0.0001306445787902,0.0083766209220865,0.0002047187147288,0.0002682162982928,0.0001612877081717,0.0004893152798542,7.23348607036694e-05,0.0001587313038635,0.0002254566332062,0.0001864505124893,0.0001279171612296,0.0001601225643071,0.238389112996089,0.0001988233630127,0.0001760383376193,0.0002499165886852,0.0001084308221175,0.4972844934023903,0.0002357098597573,0.0001206889003022,0.0002376104632961,8.002988882919522e-05,0.0001909745326097,0.0001313886484238
uj0716,0.0002520115678337,0.000380863389569,0.1770145836624642,0.0004480968600647,0.0002955072795436,0.000256441806505,0.0864999587611574,0.0006347872562678,0.0002405031315707,0.0002201388956575,0.0001728503296165,0.0003420431205937,0.0003219976222881,0.0002085104845845,0.0002971391313933,0.0003032280588997,0.0145646608225552,0.0002848072487273,0.0003573373862196,0.000468172688073,0.0002815283797761,0.0008541018996336,0.0001262608066421,0.0002770661651962,0.0003935355110182,0.0003254501616058,0.000223279948328,0.0002794946162108,0.1580500466343098,0.0003470470247552,0.0003072756661386,0.0004362304672145,0.0001892664606285,0.5526065523193521,0.0004114325615195,0.000210662988173,0.0004147500730704,0.0001396925109243,0.0003333468579444,0.0002293394439727
uj0717,0.0001114295421208,0.0001684027184747,0.0655906715290115,0.000198130698412,0.0001306616245277,0.0001133884183378,0.0002123421631071,0.0002806778034758,0.0001063409670434,9.73367078224466e-05,7.642757532987794e-05,0.0001512379318178,0.0001423746057531,9.219508463192932e-05,0.0001313831648362,0.0001340754476147,0.0001008305585209,0.0001259304943466,0.0001580004508181,0.0002070074350709,0.0001244807082553,0.000377650059554,5.582753201721826e-05,0.000122507693557,0.0001740058290895,0.0001439011820077,9.872555700848994e-05,0.0001235814584914,0.393176865542549,0.0001534504602121,0.0001358651393546,0.0889400888474755,8.368613880687279e-05,0.4471915027136693,0.0001819191965584,9.31468365349706e-05,0.0001833860688781,6.176650010082439e-05,0.0001473927886226,0.0001014048261824
uj0721,0.0002801237638224,0.0004233491625219,0.2286325501605499,0.0004980826081808,0.0003284714749179,0.0002850482009897,0.0005338089416473,0.0007055985444668,0.0002673315475389,0.0002446956564152,0.0001921319934888,0.0003801984454678,0.0003579168475184,0.0161676576006194,0.0003302853618201,0.0003370535165735,0.0002534788802289,0.0003165778426887,0.0003971988049706,0.000520397919148,0.00031293321193,0.0009493780022476,0.0001403453527308,0.0003079732319027,0.0004374348744854,0.0003617545217838,0.0002481870973201,0.0003106725795728,0.2712960461044633,0.0003857605412064,0.0003415526393082,0.0004848925048186,0.0002103793638219,0.4708274956703991,0.0004573283626727,0.00023416269996,0.00046101594666,0.0001552753799133,0.0003705321041746,0.0002549225370519
uj0722,0.0011916235456418,0.0018008926597481,0.0235246983364815,0.002118802615972,0.0013972907483562,0.0012125716979781,0.0022707795121025,0.0030015584107678,0.0011372065054149,0.0010409152787389,0.0008173137622751,0.0016173330439864,0.0015225489514527,0.0009859309438846,0.0014050068746583,0.0014337980505823,0.0010782783933859,0.0013466962110915,0.0016896511807679,0.002213730120922,0.001331192250385,0.0040385762555642,0.0005970176344675,0.0013100929016336,0.0018608121246437,0.1371187944127724,0.0010557675823555,0.0013215757055116,0.0016418349410277,0.1372209140530015,0.0014529369501608,0.0020626929967045,0.0008949365809828,0.579272436640868,0.06973539754854,0.0009961089447602,0.0019611240740882,0.000660528747145,0.0015762132199201,0.0010844195912571
uj0723,0.0001334191912861,0.0002016355275418,0.0709443695426518,0.0002372300652768,0.0001564465575719,0.0001357646346553,0.000254246038694,0.0003360671222279,0.0001273264302579,0.0001165452589408,9.150989134835389e-05,0.0001810834198084,0.0001704709935779,0.0001103889812165,0.000157310487573,0.0001605340688978,0.00012072859063,0.0229209301903805,0.1216299719846319,0.0002478585485655,0.0001490458913323,0.0004521760080485,6.684460899213181e-05,0.0001466835193757,0.0002083443632122,0.0001722988263541,0.0001182081854115,0.0001479691824634,0.2961957560893654,0.0001837325714019,0.0001626769407076,0.00023094779597,0.000100200869078,0.4595403543460047,0.0002178193647958,0.0001115285530643,0.0078096251816874,0.0152540545208793,0.0001764794711093,0.0001214161850104
uj0724,8.380476872866899e-05,0.0001266535840176,0.0540974734856781,0.0001490116269208,9.826897801824476e-05,8.52780150976751e-05,0.0001596998922533,0.0002110942749998,7.997771488453168e-05,7.320572383778293e-05,5.748022609719045e-05,0.0001137441620755,0.0001070781650977,6.93387731694951e-05,9.881163948427292e-05,0.0144034791654373,7.583340536809675e-05,9.471075402216254e-05,0.0001188301682643,0.0001556877098392,9.362038798656412e-05,0.0002840258992267,4.19871904734279e-05,9.21365082420736e-05,0.0001308676136214,0.0001082262840572,7.42502599869948e-05,9.294407345582856e-05,0.3147736065974607,0.0430233362580549,0.0430101105575859,0.0001450655369972,6.293930114958671e-05,0.5270290537939093,0.0001368191585885,7.005457390423146e-05,0.0001379223749633,4.645381429024058e-05,0.0001108522778402,7.626530491321775e-05
uj0725,0.0007726177394597,0.0011676519995539,0.3668787907315704,0.0892802734740737,0.0009059670088857,0.0007861999770406,0.0014723144233501,0.0019461324699945,0.0007373351447493,0.0006749024157584,0.0005299250033685,0.001048636714983,0.0009871811726031,0.0006392520019543,0.0009109699446557,0.0009296373949089,0.0006991276883148,0.000873162825758,0.0010955259154913,0.0014353250806901,0.000863110460548,0.00261850789087,0.0003870907190839,0.0008494301911407,0.0012065022234241,0.0009977659768881,0.0006845322634465,0.0008568753427638,0.001064523108277,0.0010639776977599,0.0009420465600199,0.0013373965344523,0.0005802536217814,0.5074449393506937,0.001261371048773,0.0006458511532194,0.0012715418845688,0.0004282696740374,0.0010219756896673,0.000703109481419
uj0730,0.000229027232746,0.0003461273183492,0.0305795321507709,0.0004072288615359,0.0002685559836477,0.0002330534181787,0.0004364384622436,0.0005768924416255,0.0002185684060612,0.0002000614595814,0.0001570857759094,0.0003108475934767,0.0002926303146215,0.0001894936002082,0.104502601639127,0.0002755726009632,0.000207242562024,0.0002588318330096,0.0003247469686653,0.2219196693016307,0.0002558520083576,0.0007762048236027,0.0001147453801351,0.0002517967633308,0.0003576436980673,0.0002957679702962,0.0392901270251103,0.0002540037311319,0.0003155568002534,0.0003153951241035,0.0002792510522864,0.0003964447251547,0.000172004698443,0.5934103971821747,0.000373908475061,0.0001914497879522,0.0003769234179727,0.0001269520660791,0.000302944460351,0.0002084228857591
uj0731,0.0001572970371565,0.0002377219556053,0.1015380440282977,0.0002796867979244,0.0001844455789469,0.0001600622412417,0.1524230580501114,0.0003962125845808,0.0001501138632172,0.0001374032007637,0.0001078872884841,0.0002134916659249,0.0002009799486299,0.0001301451426343,0.0001854641252907,0.0001892646264521,0.0001423352174685,0.0001777669841531,0.0002230378256076,0.0002922174459868,0.0001757204258317,0.000533101315138,7.880769507737026e-05,0.0001729352634735,0.0002456314622029,0.000203134906079,0.0001393637388568,0.000174451019884,0.2865664858855431,0.0002166149324701,0.0001917910050296,0.0002722801996753,0.0001181336783302,0.4433509182117266,0.0002568021915544,0.0001314886620602,0.0002588728692704,8.719130740798009e-05,0.0091564937522571,0.0001431458696524
uj0735,0.000411171381576,0.000621400546915,0.546110717007182,0.0007310958247529,0.0004821371393392,0.0004183995710231,0.0007835356666629,0.0010356919541831,0.0003923947052563,0.0003591692819666,0.0002820152640024,0.0005580630431452,0.0005253576586125,0.0003401968598373,0.0004847995995798,0.0004947340353545,0.0003720614772623,0.0004646794230466,0.000583016518026,0.0007638506939418,0.0004593297595838,0.0013935164210824,0.0002060017750463,0.0004520493996008,0.000642075842611,0.0005309906752769,0.0003642940902333,0.0004560115572404,0.0005665174572045,0.0005662272008664,0.0005013379395912,0.0241027562841013,0.0003087991268479,0.4103979600227966,0.000671275910862,0.0003437087933644,0.000676688621951,0.0002279163738645,0.000543874589977,0.0003741805062312
uj0736,0.0007400884480212,0.0011184906999197,0.0146106188868868,0.0013159368539276,0.0008678233534134,0.0007530988367536,0.0014103260136615,0.0018641950421293,0.0849116875646808,0.0006464872030944,0.0005076137309311,0.0010044862799455,0.0009456181817136,0.0006123377679002,0.0008726156520891,0.0008904971523198,0.0006696925263137,0.0008364003149047,0.0010494013186003,0.1276829883505334,0.127134865509797,0.0025082616436434,0.0003707931553973,0.0008136668882381,0.0011557052245429,0.0009557573371793,0.0006557116082124,0.0008207985788899,0.0010197038132187,0.0010191813659559,0.0009023838580984,0.0012810885319096,0.0005558233787166,0.5702855344809704,0.0433109620337706,0.0006186590770918,0.0012180065404693,0.0004102383652419,0.00097894775573,0.0006735066751849
uj0737,0.0006334145942601,0.0009572752213166,0.4088804221794618,0.0011262621523565,0.000742738221035,0.0006445497094239,0.0012070463768303,0.0015954962537103,0.0006044888923619,0.0005533047172095,0.0364686051482745,0.0008597030140826,0.0008093199650617,0.0005240774664727,0.0007468397739364,0.0007621438950096,0.0005731653033745,0.0007158443933572,0.1090006155979399,0.0011767214331015,0.0007076031706856,0.0021467292666905,0.0003173482800717,0.0006963876861667,0.0009891257698258,0.0008179976968418,0.000561199547673,0.0007024914389718,0.0008727271434142,0.0008722799999385,0.0007723172910921,0.0010964367499864,0.0004757088708132,0.4160181859051769,0.0010341088357986,0.0005294876434691,0.0010424471841174,0.000351107990355,0.0008378455266469,0.0005764296936864
uj0738,0.0005908341714909,0.0008929237144213,0.0116640827567092,0.0010505507320153,0.0006928086681875,0.0006012207438905,0.0011259043483813,0.0014882412178692,0.000563852960021,0.0005161095704724,0.0004052428313859,0.0008019106642895,0.0007549145462726,0.0004888470813688,0.0006966344998501,0.000710909822485,0.0005346350561154,0.0006677227409951,0.0008377676483054,0.0010976179571838,0.0006600355231549,0.4053441457608147,0.0002960149794926,0.0006495739841192,0.0009226331537214,0.0007630089294983,0.000523473681843,0.0006552674205577,0.000814059264484,0.0008136421796119,0.0007203993260425,0.0010227303011973,0.0004437299978636,0.5561109900362522,0.0009645922951052,0.0004938935666759,0.0009723701094549,0.0003275052397988,0.0007815225163102,0.0005376800022895
uj0740,0.0005908341714909,0.0008929237144213,0.0452758933741461,0.0010505507320153,0.0006928086681875,0.0006012207438905,0.0011259043483813,0.0014882412178692,0.000563852960021,0.0005161095704724,0.0004052428313859,0.0008019106642895,0.0007549145462726,0.0004888470813688,0.0343084451172869,0.000710909822485,0.0005346350561154,0.0006677227409951,0.0008377676483054,0.0010976179571838,0.0006600355231549,0.0020024183515727,0.0002960149794926,0.0006495739841192,0.0009226331537214,0.0007630089294983,0.000523473681843,0.0006552674205577,0.000814059264484,0.0008136421796119,0.0007203993260425,0.4715880789453129,0.0004437299978636,0.4216637475665049,0.0009645922951052,0.0004938935666759,0.0009723701094549,0.0003275052397988,0.0007815225163102,0.0005376800022895
uj0742,0.0003927956011385,0.0229392755496949,0.0747913993483648,0.0006984222074819,0.0004605898074716,0.0003997007534576,0.000748518445084,0.00098940554223,0.0003748580787504,0.0003431175425677,0.0002694116373797,0.0005331224845105,0.0005018787458807,0.0003249930225032,0.0004631332789231,0.0004726237319239,0.0003554335689939,0.0004439122990824,0.0005569607563491,0.0007297132192345,0.0004388017189936,0.0013312383712539,0.0001967952894843,0.0004318467277073,0.514563243158636,0.0005072600157503,0.0003480133165298,0.0004356318114013,0.0005411990598791,0.0005409217754718,0.0004789324991454,0.0006799267592252,0.0002949984947793,0.3697110985977639,0.0006412757228535,0.0003283480031823,0.0006464465328886,0.000217730496559,0.0005195681316514,0.0003574578958196
uj0750,0.0003396653145325,0.0005133339081373,0.045351839961179,0.0006039522797436,0.0970139456498466,0.0003456364627011,0.0006472724041358,0.0008555766503692,0.0003241540558366,0.0002967068054737,0.0002329705024295,0.0004610113144362,0.0197571248845152,0.0002810338427658,0.0004004889830741,0.0004086957391941,0.0003073569425366,0.0003838678698429,0.0004816251758912,0.0006310108092134,0.0003794485566218,0.0011511725151177,0.0001701763810681,0.0003734343108004,0.0005304136007674,0.0004386470528189,0.0003009403676569,0.0003767074168121,0.0004679954367252,0.0004677556583388,0.0004141511704575,0.0005879585613025,0.0002550964324076,0.6868427592870456,0.0005545355382642,0.0002839350223215,0.1358209254793676,0.0001882798518687,0.0004492903493495,0.000309107455032
uj0757,0.0003605671750443,0.0005449227495196,0.0071182161966986,0.0006411174707915,0.0004227989449293,0.0003669057675788,0.0006871033698703,0.000908225958491,0.0003441014056823,0.0003149651438896,0.0617839418091967,0.0004893803994632,0.0004607001735571,0.0002983277197949,0.0004251337274814,0.0004338454997581,0.0003262706545506,0.0004074898068707,0.0005112627685882,0.0006698410911152,0.0004027985439845,0.0012220117981015,0.0001806484629301,0.0003964142017127,0.8005393095866169,0.0004656399164397,0.000319459225244,0.0003998887236546,0.0004967943011369,0.0004965397675954,0.0004396366399044,0.000624139552735,0.0002707942084804,0.1137424006670014,0.0005886597893245,0.0003014074281782,0.0005934063403594,0.0001998659604072,0.0004769381656251,0.0003281288876947
uj0759,0.0006113838910515,0.0009239803675496,0.3946592101794948,0.0010870897880969,0.0007169051482615,0.0006221317173533,0.0011650642679115,0.0015400035246913,0.0005834642498904,0.000534060304278,0.0004193375248561,0.0008298018054234,0.000781171122088,0.0005058496024057,0.0007208640456328,0.0007356358762405,0.0005532301222111,0.0006909467109917,0.0008669059261172,0.0011357940517517,0.0006829921251175,0.0020720641803911,0.0003063106345305,0.0006721667247757,0.0009547231266463,0.0007895470349092,0.0005416805457624,0.0006780581838198,0.000842372944359,0.0008419413529171,0.0007454554328761,0.0010583017388186,0.0004591633080151,0.5058912910698282,0.0009981416429784,0.000511071608803,0.0705679064516505,0.0003388961531163,0.0008087045401595,0.0005563809742264
uj0760,0.0004536132942362,0.0006855427244131,0.008955106625202,0.0008065609629672,0.000531904276049,0.0004615875915083,0.0008644137477277,0.0011425980994839,0.0004328984527326,0.000396243436391,0.0003111254300791,0.000615667399862,0.0005795861016931,0.0003753126438132,0.0263403295894375,0.0005458014482617,0.0004104663892521,0.0005126445402013,0.000643196621132,0.4137305053145663,0.0005067426740326,0.0015373579063711,0.0002272656804058,0.0263041988498846,0.0007083521644913,0.0005858005693339,0.0004018972373713,0.0005030819603659,0.0006249944950445,0.0006246742778805,0.0005530870203852,0.0007852018102991,0.0003406739755326,0.5043710146580617,0.0007405663207891,0.0003791870859747,0.000746537742483,0.0002514423468938,0.0006000143868603,0.0004128041485278
uj0763,0.0006334145942601,0.0009572752213166,0.3368121078811635,0.0011262621523565,0.000742738221035,0.0006445497094239,0.0012070463768303,0.0015954962537103,0.0006044888923619,0.0005533047172095,0.0004344479991253,0.0008597030140826,0.0008093199650617,0.0005240774664727,0.0367809969230855,0.0007621438950096,0.0005731653033745,0.0007158443933572,0.0008981441504924,0.2534158214771456,0.0007076031706856,0.0021467292666905,0.0003173482800717,0.0006963876861667,0.0009891257698258,0.0008179976968418,0.000561199547673,0.0007024914389718,0.0008727271434142,0.0008722799999385,0.0007723172910921,0.0010964367499864,0.0004757088708132,0.3439498716068786,0.0010341088357986,0.0005294876434691,0.0010424471841174,0.000351107990355,0.0008378455266469,0.0005764296936864
uj0767,9.16716498459796e-05,0.0001385427486041,0.5076729531631429,0.0001629995750037,0.0001074936364633,9.328319209262254e-05,0.0001746911640611,0.0002309100156928,8.748534463610142e-05,8.007765648881237e-05,6.287598235500878e-05,0.0001244214995876,0.0001171297553337,7.584770927921293e-05,0.0001080872383865,0.00011030214477,8.29520024813844e-05,0.0001036013965682,0.0001299849369137,0.0001703023519809,0.0001024086762143,0.0003106878424233,4.592859191054372e-05,0.000100785502421,0.0001431523555768,0.0001183856499664,8.12202448352111e-05,0.0001016688750098,0.0001263064315649,0.0053413262246437,0.0001117745011254,0.0679547816431865,6.88475090864583e-05,0.336608185450009,0.000149662581123,7.663070331773474e-05,0.000150869358097,0.0782770821009261,0.0001212581497802,8.34244450937751e-05
uj0768,6.793458243083531e-05,0.0001026690780743,0.0013411455019877,0.0001207931577853,7.96596910754391e-05,6.912883877703696e-05,0.0542354350078625,0.0001711191575754,6.483226130059572e-05,5.9342688440181024e-05,4.6595142701071605e-05,9.220432526417477e-05,8.68006742781642e-05,5.62080257841536e-05,8.009958823946905e-05,8.174097617716443e-05,6.14727634971392e-05,7.677529123714529e-05,0.2165202377153818,0.0001262049847281,7.589140882270932e-05,0.1200363329795768,3.403603751346541e-05,7.468853275313962e-05,0.0001060850930079,8.773137289210155e-05,6.018941981605733e-05,0.0078047685445126,9.36011809660872e-05,9.355322421614044e-05,8.283208683522591e-05,0.0001175943425477,5.102042767911203e-05,0.5702194455634763,0.000110909588419,5.6788274673992304e-05,0.0001118038876921,0.0039023695006184,0.0078192854557265,0.0155206736256565
uj0770,0.0008081380311323,0.0012213335777496,0.0159540347000993,0.0014369344921825,0.0009476178936089,0.0008223446978659,0.0015400025375108,0.0020356038727817,0.0007712333560695,0.0007059303477278,0.0005542877505887,0.0010968466900747,0.0010325657934753,0.0006686409434736,0.0929007569161926,0.0009723765008477,0.000731269351827,0.0009133055725066,0.0011458915724854,0.0015013126485483,0.0009027910603304,0.0946867971317619,0.0004048868096257,0.0008884818548599,0.0012619698999877,0.0010436372230555,0.0007160029175812,0.000896269289534,0.0011134634436681,0.0011128929584734,0.0009853561643328,0.0013988819399245,0.0006069301745411,0.7146700013274746,0.0013193612621366,0.000675543483809,0.0473039527324994,0.0004479589239205,0.0010689599520332,0.0007354342037004
uj0771,0.0007726177394597,0.0011676519995539,0.1471125484299521,0.0013737765534264,0.0009059670088857,0.0007861999770406,0.0014723144233501,0.0019461324699945,0.0007373351447493,0.0006749024157584,0.0005299250033685,0.001048636714983,0.0009871811726031,0.0006392520019543,0.0009109699446557,0.0009296373949089,0.0006991276883148,0.000873162825758,0.0010955259154913,0.0014353250806901,0.000863110460548,0.00261850789087,0.0003870907190839,0.0008494301911407,0.0012065022234241,0.0009977659768881,0.0006845322634465,0.0008568753427638,0.001064523108277,0.0010639776977599,0.0009420465600199,0.0013373965344523,0.0005802536217814,0.8151176785729591,0.001261371048773,0.0006458511532194,0.0012715418845688,0.0004282696740374,0.0010219756896673,0.000703109481419
uj0772,0.0004656290798829,0.0007037021005445,0.0091923189005471,0.0008279259973814,0.0005459939154992,0.0004738146087215,0.000887311247503,0.0011728644387166,0.0004443655218881,0.0268957904640405,0.0003193668474374,0.0006319758449637,0.0005949387874506,0.0003852543195442,0.0005490090059642,0.0005602592106142,0.000421339254336,0.000526224007528,0.0006602342891776,0.0008650190935585,0.0005201658065259,0.0015780810582277,0.0002332857325853,0.0005119211974116,0.0007271157410424,0.0006013178704411,0.0004125431137546,0.0005164081240284,0.0006415500060454,0.0006412213066327,0.1065239414309813,0.0008060010610307,0.0003496981058159,0.8355999351264917,0.0007601832197665,0.0003892313920014,0.0007663128187536,0.0002581028160229,0.0006159081985036,0.0004237389386361
uj0773,0.0001060513909587,0.0001602747547512,0.5692078415203696,0.0001885679125866,0.000124355236164,0.0001079157219392,0.0002020934603883,0.0002671308784304,0.0001012084161542,9.263874785301538e-05,7.273879544926588e-05,0.0001439384271866,0.0001355028898974,8.774528530474021e-05,0.0363238209720655,0.0001276042909476,9.596396771238286e-05,0.2052462669051595,0.0001503745529456,0.0001970162132072,0.0001184726420546,0.0124256824384047,5.3133014024197054e-05,0.0001165948549871,0.0001656074310154,0.0001369557858899,9.396056417935374e-05,0.0001176167946154,0.0001461190321871,0.0001460441678123,0.0001293076031464,0.0001835743026573,7.964702407917818e-05,0.1722163343860615,0.0001731388594972,8.865110086535379e-05,0.0001745349331676,5.878533758344341e-05,0.0001402788699764,9.651051832291924e-05
uj0774,0.0894058905753885,0.0007871002555195,0.0102817322128757,0.0009260463534013,0.0006107015313283,0.0005299680067816,0.0009924695536569,0.0013118646351762,0.0004970288074336,0.0004549436511025,0.0299855755079151,0.0007068734748243,0.000665447028307,0.0004309121332998,0.000614073950529,0.0006266574556057,0.000471273617759,0.0005885886236026,0.0007384809244029,0.0009675354799172,0.0598385312394453,0.0017651048692342,0.0002609332266947,0.0005725907382921,0.0008132887270392,0.0895576603109582,0.0004614350163198,0.0005776094260065,0.0007175823026479,0.0007172146479377,0.0006350223254756,0.0009015230174748,0.0003911420304549,0.6976028807081476,0.0008502751463393,0.0004353605422855,0.0008571311851735,0.0002886914680015,0.0006889015963482,0.0004739576968947
uj0775,0.0003927956011385,0.0005936293533799,0.0747913993483648,0.0006984222074819,0.0004605898074716,0.0003997007534576,0.000748518445084,0.00098940554223,0.0003748580787504,0.0003431175425677,0.0002694116373797,0.0005331224845105,0.0005018787458807,0.0003249930225032,0.0004631332789231,0.0004726237319239,0.0003554335689939,0.0004439122990824,0.0005569607563491,0.0007297132192345,0.0004388017189936,0.0013312383712539,0.0001967952894843,0.0004318467277073,0.0006133806433906,0.0005072600157503,0.0003480133165298,0.0004356318114013,0.0005411990598791,0.0005409217754718,0.0004789324991454,0.0006799267592252,0.0002949984947793,0.4590936833830239,0.0229869219191685,0.0003283480031823,0.4252137242628739,0.000217730496559,0.0005195681316514,0.0003574578958196
uj0777,0.0008899687986462,0.0013450038669918,0.0681987169634088,0.0015824361859931,0.0010435721694339,0.0009056140097842,0.0016959407371291,0.0022417258727953,0.0008493272150741,0.0007774117283095,0.0006104140437551,0.0012079116357105,0.0011371217580923,0.0007363464584819,0.0010493349891436,0.0010708377937352,0.0008053165195312,0.0010057854374478,0.0012619227246548,0.1029117375055298,0.0009942062425463,0.0030162267870173,0.0004458850019042,0.0009784481097625,0.0013897549583778,0.0011493142629655,0.0007885042305139,0.0009870240876456,0.0012262109752579,0.0012255827236427,0.0010851317572336,0.0521697326599043,0.0006683869555571,0.7364071431202258,0.0014529576782803,0.0007439479390376,0.0014646733379813,0.0004933185297637,0.0011772011310728,0.0008099030976596
uj0778,0.0009374301386534,0.0014167318713212,0.0185064832798931,0.0016668262702043,0.0010992250570755,0.0009539096966656,0.0017863839302831,0.0023612753603881,0.0008946211712143,0.000818870487784,0.0006429669473174,0.0012723286185624,0.001197763572134,0.0007756152392328,0.0011052952034533,0.0011279447357969,0.0008482634196979,0.0010594231882247,0.0013292200766393,0.001741504136761,0.0010472264839149,0.0031770798026459,0.0004696637003391,0.0010306279822339,0.001463869503412,0.0012106062937566,0.0008305545444557,0.0543688792328021,0.0012916038475764,0.0012909420917939,0.0011430009851897,0.0016226857793907,0.0007040315091666,0.8290083780578557,0.0015304427749375,0.0007836221008015,0.0548720011440996,0.0005196268211427,0.0012399803467303,0.0008530945964508
uj0779,0.0002416195449208,0.0003651579951496,0.0322608475576117,0.0004296190065399,0.0002833216547077,0.0002458670969711,0.0004604346014615,0.0006086109828187,0.0002305856739104,0.000211061183601,0.0001657226227366,0.0003279385301697,0.0003087196339105,0.0001999122850971,0.0002848862150359,0.0002907240577421,0.0002186371154386,0.0002730628534998,0.0003426021169733,0.0004488669818173,0.0002699191929502,0.0008188819032373,0.0138664853613858,0.0002656409835593,0.0003773075652826,0.0003120298033045,0.0002140727109026,0.0002679692942557,0.3714595458818401,0.0003327360918718,0.000294604756662,0.0004182419397451,0.0001814618133561,0.5710553997247765,0.0003944666077613,0.0002019760274163,0.000397647317433,0.0001339321095794,0.0003196008691572,0.0002198823354079
uj0782,0.0008899687986462,0.0013450038669918,0.1188279191303005,0.0015824361859931,0.0010435721694339,0.0009056140097842,0.0016959407371291,0.0022417258727953,0.0008493272150741,0.0007774117283095,0.0006104140437551,0.0012079116357105,0.0011371217580923,0.0007363464584819,0.0010493349891436,0.0010708377937352,0.0008053165195312,0.0010057854374478,0.0012619227246548,0.0016533331717465,0.0009942062425463,0.0030162267870173,0.0004458850019042,0.0009784481097625,0.0013897549583778,0.0011493142629655,0.0007885042305139,0.0009870240876456,0.0012262109752579,0.0012255827236427,0.0010851317572336,0.0015405304930126,0.0006683869555571,0.8376655474540091,0.0014529576782803,0.0007439479390376,0.0014646733379813,0.0004933185297637,0.0011772011310728,0.0008099030976596
uj0785,0.0003396653145325,0.0005133339081373,0.0067055775198206,0.0006039522797436,0.0003982895464508,0.0003456364627011,0.0006472724041358,0.0201787078710483,0.0003241540558366,0.0002967068054737,0.0002329705024295,0.0004610113144362,0.000433993663836,0.0002810338427658,0.0004004889830741,0.0004086957391941,0.0003073569425366,0.0003838678698429,0.0004816251758912,0.0006310108092134,0.0003794485566218,0.0011511725151177,0.0001701763810681,0.0003734343108004,0.1744385945868798,0.0004386470528189,0.0003009403676569,0.0003767074168121,0.0004679954367252,0.0004677556583388,0.0004141511704575,0.0005879585613025,0.0002550964324076,0.7834584153904414,0.0005545355382642,0.0002839350223215,0.0005590069346135,0.0001882798518687,0.0004492903493495,0.000309107455032
uj0786,0.0006113838910515,0.0009239803675496,0.0120697695655424,0.0010870897880969,0.0007169051482615,0.0006221317173533,0.0011650642679115,0.0015400035246913,0.0005834642498904,0.000534060304278,0.0004193375248561,0.0008298018054234,0.000781171122088,0.0005058496024057,0.0007208640456328,0.0007356358762405,0.0005532301222111,0.0006909467109917,0.0008669059261172,0.0011357940517517,0.0006829921251175,0.0020720641803911,0.0003063106345305,0.0006721667247757,0.0009547231266463,0.0007895470349092,0.0005416805457624,0.0006780581838198,0.000842372944359,0.0008419413529171,0.0007454554328761,0.0010583017388186,0.0004591633080151,0.2624252834064039,0.0009981416429784,0.000511071608803,0.0010061899763864,0.6959560609057571,0.0008087045401595,0.0005563809742264
uj0791,4.364521005373181e-05,6.596071276570449e-05,0.8351230663432633,7.760469787183104e-05,5.117811614346263e-05,4.441247125153252e-05,8.317110647393493e-05,0.0001099371087501,4.165209472809792e-05,3.8125267123880326e-05,0.1241759823362453,5.923753411032834e-05,5.576590782070478e-05,3.611137368147644e-05,5.146073220496084e-05,5.251525729007948e-05,3.9493753835133845e-05,4.932500639704661e-05,6.18863071075289e-05,8.108157688162405e-05,4.875714784459089e-05,0.000147919625822,2.186677173123574e-05,4.798434882461565e-05,6.815536361935689e-05,5.636384387990363e-05,3.866925764294816e-05,4.840492576696767e-05,6.013495716561525e-05,6.010414690153434e-05,5.321625157250468e-05,7.554958900131402e-05,3.277855259290356e-05,0.0385972706708708,7.125490597445021e-05,3.648416002643173e-05,7.18294569355013e-05,2.4192972706110585e-05,5.773145161866276e-05,3.9718685502566144e-05
uj0792,0.0003152953415039,0.0004765037316054,0.0600347349378473,0.0005606205053816,0.0003697134596698,0.0003208380776045,0.0006008325400812,0.0007941915780603,0.0003008969693463,0.0002754189773163,0.0002162555638774,0.0004279351279138,0.0004028559131451,0.0002608705029271,0.0003717550932767,0.0003793730391275,0.0002853049988164,0.0003563264953358,0.0004470700063046,0.0005857376660829,0.0003522242546546,0.2342463839256844,0.0001579667333964,0.0003466415130292,0.0184291122075761,0.0004071754353504,0.0002793487940424,0.0003496797834489,0.0901181891619367,0.1080547207872688,0.0003844370594724,0.0005457742885262,0.0002367940243857,0.4761330524935886,0.0005147492676834,0.0002635635315045,0.0005188998546837,0.0001747713341734,0.000417055107106,0.0002869299172624
uj0793,0.0006334145942601,0.0369914323704658,0.0125046935388211,0.0011262621523565,0.000742738221035,0.0006445497094239,0.0012070463768303,0.0015954962537103,0.0006044888923619,0.0005533047172095,0.0004344479991253,0.0008597030140826,0.0008093199650617,0.0005240774664727,0.0007468397739364,0.0007621438950096,0.0005731653033745,0.0007158443933572,0.0008981441504924,0.0011767214331015,0.0007076031706856,0.0021467292666905,0.0003173482800717,0.0006963876861667,0.0009891257698258,0.036852154845991,0.000561199547673,0.0007024914389718,0.2170776700383091,0.0008722799999385,0.0007723172910921,0.0010964367499864,0.0004757088708132,0.5241206573526244,0.0010341088357986,0.0005294876434691,0.0010424471841174,0.000351107990355,0.0008378455266469,0.144713058290283
uj0795,0.6953455504404313,0.0003027388542863,0.0039546167192515,0.0003561810710627,0.0002348914012017,0.0002038392263963,0.0003817291297788,0.0005045766328329,0.0001911699693331,0.0001749829437022,0.0001373944363892,0.0002718815861042,0.0002559479170857,0.0001657398083896,0.0002361885197299,0.0002410284570608,0.0001812638658102,0.0002263862123101,0.0002840386182043,0.000372138848409,0.0002237799207714,0.0006789043988487,0.0001003615810576,0.0002202330171664,0.0003128116090691,0.0002586922548879,0.0001774796885005,0.000222163332597,0.0002760004746998,0.0002758590653114,0.0002442457995822,0.0003467487699428,0.0001504432114368,0.291107525886853,0.0003270375302584,0.000167450780061,0.0003296745378404,0.0001110381093794,0.0002649691427895,0.000182296231175
uj0796,0.4021369188165582,0.0004852067661054,0.2255104482201917,0.0005708598787089,0.0003764660384666,0.0003266979789507,0.0006118063603856,0.0008086969769586,0.0003063926591625,0.0002804493279778,0.0002202053328056,0.0004357510880731,0.0004102138175603,0.0002656351350515,0.0003785449611995,0.0003863020439367,0.0002905159113088,0.0003628345698302,0.0004552354527234,0.0005964357882123,0.0003586574043587,0.0010880962360669,0.0001608518942869,0.0003529726975444,0.0005013506098994,0.0004146122330633,0.0002844509202815,0.0003560664600212,0.0004423525288433,0.0004421258886514,0.0003914585553595,0.0005557425052414,0.0002411189150989,0.3569788143387676,0.0005241508323267,0.0002683773500656,0.0005283772271318,0.0001779634202999,0.0004246723506758,0.0002921705078463
uj0804,0.0003533198044199,0.0005339698469794,0.1074747302544439,0.0006282310622491,0.000414300720838,0.0003595309917647,0.0006732926485307,0.0008899706912691,0.0003371849956706,0.0003086343703486,0.0002423358783845,0.0004795438936005,0.0004514401378812,0.0002923313571126,0.0004165885744524,0.0004251252408213,0.0003197126411732,0.0003992992951978,0.0005009864289021,0.0006563773401618,0.0003947023263106,0.081597121156508,0.0001770174436522,0.0003884463087944,0.0005517361404496,0.0004562805923373,0.0003130381210366,0.0003918509931305,0.000486808776459,0.0004865593590209,0.000430799979526,0.000611594398952,0.0404651871147409,0.4933546283015764,0.0005768277758741,0.0002953491636102,0.2618804119311863,0.0001958486710073,0.0004673517476413,0.0003215335239836
uj0805,0.0003097396181078,0.0004681074041577,0.0942182733286407,0.0005507419818258,0.0003631988511509,0.00031518468734,0.0005902454524822,0.0184008934750661,0.0002955949552904,0.0002705659032153,0.0002124449903052,0.000420394613072,0.03563714952243,0.0002562737830722,0.0003652045097524,0.0003726882220944,0.0002802777261349,0.0003500477744472,0.018059888427038,0.0005754165606713,0.0179667139235547,0.0010497502098485,0.0001551832495924,0.1413061022918892,0.0004836823164208,0.0004000007207425,0.0002744264738351,0.0179642142877028,0.0004267634098788,0.0004265447568029,0.0003776630108758,0.0005361573656459,0.0002326215488424,0.591088129408004,0.000505679027267,0.0002589193586114,0.0005097564780352,0.000171691741606,0.0532717946221615,0.0002818740123868
uj0806,0.0003152953415039,0.0004765037316054,0.7416313945505629,0.0005606205053816,0.0003697134596698,0.0003208380776045,0.0006008325400812,0.0007941915780603,0.0003008969693463,0.0002754189773163,0.0002162555638774,0.0004279351279138,0.0004028559131451,0.0002608705029271,0.0003717550932767,0.0003793730391275,0.0002853049988164,0.0003563264953358,0.0004470700063046,0.0005857376660829,0.0003522242546546,0.0010685793213343,0.0001579667333964,0.0003466415130292,0.0004923580072415,0.0004071754353504,0.0002793487940424,0.0003496797834489,0.0004344181602635,0.0004341955852611,0.0003844370594724,0.0005457742885262,0.0002367940243857,0.2429552478892385,0.0005147492676834,0.0002635635315045,0.0005188998546837,0.0001747713341734,0.000417055107106,0.0002869299172624
uj0807,0.0001248880340745,0.0001887424469563,0.2227119082725617,0.0002220609808093,0.0001464429728927,0.0001270835039209,0.0002379889102732,0.0003145781488219,0.0001191848594444,0.0001090930632206,8.565851972791869e-05,0.0001695044924598,0.0001595706513391,0.4050725242918229,0.000147251661046,0.0001502691185081,0.0001130089022053,0.0001411404154558,0.0001770837904383,0.0002320098522597,0.0001395155237859,0.0998893805315224,6.25703972946585e-05,0.0001373042078082,0.000195022302873,0.0001612816079102,0.0001106496580083,0.0001385076623784,0.0001720724123065,0.0001719842506662,0.000152274969728,0.0002161804155346,9.379377457679848e-05,0.2667475711819631,0.0002038914491271,0.0001043971380811,0.000205535490705,6.922667564128006e-05,0.0001651949317702,0.0001136525300791
uj0808,0.0005716209561673,0.0008638869111682,0.1088411659516711,0.0010163880880847,0.0006702793651067,0.0005816697697479,0.0010892912956449,0.0664774354810219,0.000545517141183,0.0004993263091335,0.0003920648228118,0.0332946285329005,0.0982867507462954,0.0004729503633252,0.0006739807853337,0.0006877918916777,0.000517249368306,0.000646009202039,0.0008105244538614,0.001061924743805,0.0006385719632602,0.0344560971567605,0.0002863889290465,0.0006284506208682,0.000892630235301,0.0007381967985084,0.0005064509484758,0.000633958913614,0.0007875870381141,0.0007871835163395,0.0006969728080141,0.0009894723441544,0.0004293004330112,0.6355833158447852,0.0009332249159663,0.000477832743011,0.0009407498051653,0.0003168551640322,0.0007561083457854,0.0005201952964995
uj0811,0.0010493524271873,0.00158587927414,0.0207160217574761,0.0018658331114157,0.0012304644731439,0.0010677995236547,0.0019996650799214,0.0026431943336494,0.0010014323827645,0.0009166376228767,0.0007197324887996,0.0014242353312709,0.001340767764754,0.0008682180146475,0.0012372593505137,0.0012626130710305,0.000949539855453,0.001185910552843,0.0014879192125092,0.0019494269679574,0.001172257651423,0.0035563998476338,0.0005257381041969,0.0011536774102845,0.001638644794051,0.0013551438132196,0.0009297166702876,0.001163789251532,0.0014458118813693,0.0014450711167962,0.00127946692626,0.0018164225694855,0.0007880877118177,0.9279859029530192,0.0017131664263099,0.0008771808368088,0.0017269802318748,0.0005816664554662,0.0013880249128487,0.0009549478393046
uj0812,0.0002260815996836,0.0003416756028893,0.7761530584638372,0.0004019912887629,0.0002651019516749,0.0002300560023445,0.0004308252102793,0.0005694727412294,0.0002157572891666,0.000197488369723,0.0001550654176769,0.0003068496280918,0.0002888666507136,0.0001870564288413,0.0002665658990634,0.000272028324788,0.0002045771124383,0.0002555028681708,0.0003205702365083,0.0004200014751607,0.0002525613685246,0.0007662216676076,0.000113269582775,0.0002485582800195,0.0003530438647245,0.0002919639514393,0.0002003062332781,0.0002507368629109,0.0003114982674197,0.0003113386706671,0.0002756594657206,0.0518373337748289,0.0001697924605333,0.1613488507915177,0.000369099452338,0.0001889874570825,0.0003720756185705,0.0001253192724646,0.0002990481410889,0.0002057422554432
uj0815,0.0001375966528957,0.0002079488972102,0.1279595944412973,0.0002446579283959,0.000161345024441,0.000140015533973,0.0002622066855529,0.0003465896526661,0.0001313131226457,0.0001201943842301,9.43751392510053e-05,0.0001867532865427,0.1097636084475349,0.0001138453485256,0.0001622360047815,0.0001655605190164,0.000124508699381,0.0001555028782297,0.0471613037992594,0.0002556191979987,0.0236368126097306,0.297918933649838,6.89375671728947e-05,0.0001512762977087,0.0002148677918922,0.0001776936404399,0.000121909378259,0.0001526022159362,0.0001895825181694,0.07846648529289,0.0001677704858568,0.0002381789562115,0.0001033382384458,0.3095472306497287,0.000224639463355,0.0001150206012795,0.000226450802768,7.627118906889761e-05,0.0001820051845268,0.0001252178228915
uj0819,0.0007726177394597,0.0011676519995539,0.0592060515093048,0.0013737765534264,0.2646254577708276,0.0007861999770406,0.0014723144233501,0.0019461324699945,0.0007373351447493,0.0006749024157584,0.0005299250033685,0.001048636714983,0.0009871811726031,0.0006392520019543,0.0009109699446557,0.0009296373949089,0.0006991276883148,0.000873162825758,0.0010955259154913,0.0014353250806901,0.000863110460548,0.1344782532718409,0.0003870907190839,0.0008494301911407,0.0012065022234241,0.0009977659768881,0.0006845322634465,0.0008568753427638,0.001064523108277,0.0010639776977599,0.0009420465600199,0.0013373965344523,0.0005802536217814,0.5074449393506937,0.001261371048773,0.0006458511532194,0.0012715418845688,0.0004282696740374,0.0010219756896673,0.000703109481419
uj0820,0.0007726177394597,0.0011676519995539,0.2350190453505994,0.0013737765534264,0.0009059670088857,0.0007861999770406,0.0014723144233501,0.0019461324699945,0.0007373351447493,0.0006749024157584,0.0005299250033685,0.001048636714983,0.0449404296329267,0.0006392520019543,0.0009109699446557,0.0009296373949089,0.0006991276883148,0.000873162825758,0.0010955259154913,0.0014353250806901,0.000863110460548,0.00261850789087,0.0003870907190839,0.0008494301911407,0.0012065022234241,0.0449510144372118,0.0006845322634465,0.0008568753427638,0.001064523108277,0.0010639776977599,0.0009420465600199,0.0013373965344523,0.0005802536217814,0.6393046847316646,0.001261371048773,0.0006458511532194,0.0012715418845688,0.0004282696740374,0.0010219756896673,0.000703109481419
uj0821,0.0001678083884772,0.0002536076902459,0.3756227192099312,0.0002983768269669,0.0001967711275708,0.0001707583769178,0.0003197787186287,0.0004226894321394,0.0001601451999983,0.0001465851494,0.0001150968406333,0.0002277582150294,0.0002144104040705,0.0001388420726061,0.0001978577381239,0.0002019122072151,0.0001518467473941,0.0001896462366644,0.0002379422954257,0.0003117448337389,0.0001874629173849,0.0005687257319372,8.407400768381873e-05,0.0001844916369626,0.0002620457484559,0.0002167093662334,0.0001486767001622,0.0001861086835718,0.0002312086536114,0.000231090193401,0.0002046074106686,0.0002904752838816,0.0001260279439705,0.2534104051731163,0.0002739629601496,0.0001402753725195,0.3630396574954187,9.301785367258747e-05,0.0002219675847282,0.0001527115712907
uj0829,0.0003097396181078,0.1590543723532287,0.0061147928013791,0.0005507419818258,0.0003631988511509,0.00031518468734,0.0182109415579345,0.0007801973696138,0.0002955949552904,0.0002705659032153,0.0002124449903052,0.000420394613072,0.0003957573115253,0.0002562737830722,0.0003652045097524,0.0003726882220944,0.0002802777261349,0.0003500477744472,0.0004391923215856,0.0005754165606713,0.0003460178181023,0.0010497502098485,0.0001551832495924,0.0532026217646275,0.0004836823164208,0.0004000007207425,0.0002744264738351,0.0003435181822505,0.0004267634098788,0.0004265447568029,0.0003776630108758,0.0005361573656459,0.0002326215488424,0.6968123060407181,0.000505679027267,0.0002589193586114,0.0005097564780352,0.000171691741606,0.0532717946221615,0.0002818740123868
uj0832,0.0301491717803174,0.0007871002555195,0.3065653261882313,0.0305544057509368,0.0006107015313283,0.0005299680067816,0.0009924695536569,0.0013118646351762,0.0004970288074336,0.0004549436511025,0.0003572161103796,0.0303352328723599,0.000665447028307,0.0004309121332998,0.000614073950529,0.0598833762506768,0.000471273617759,0.0005885886236026,0.0007384809244029,0.0009675354799172,0.0005818124443742,0.0017651048692342,0.0002609332266947,0.1487143877259699,0.0008132887270392,0.0006725821183515,0.0004614350163198,0.0005776094260065,0.0007175823026479,0.0007172146479377,0.0006350223254756,0.0009015230174748,0.0003911420304549,0.3716909273352564,0.0008502751463393,0.0004353605422855,0.0008571311851735,0.0002886914680015,0.0006889015963482,0.0004739576968947
uj0843,0.0002846600747548,0.0004302048587611,0.0703954895779504,0.000506148534291,0.0003337907263883,0.0002896642580238,0.0005424534183055,0.0007170249737973,0.000271660701928,0.0002486582462581,0.0001952433698698,0.0003863553610436,0.0003637129359549,0.0002355233556904,0.000335633987289,0.0003425117452192,0.0002575837051813,0.0003217044892436,0.0004036310235611,0.0005288252183446,0.0003180008375074,0.0009647521845439,0.0001426180987099,0.000312960535799,0.2433538065422736,0.0003676127573351,0.0002522062273913,0.0003157035965771,0.0003922084778849,0.0003920075290966,0.0003470837265338,0.0004927448310211,0.0002137862372517,0.5756157689298159,0.0004647343164659,0.0002379547196062,0.0004684816170133,0.0001577899020438,0.0975402476307577,0.0002590507405143
uj0844,0.0009374301386534,0.0014167318713212,0.2318233549698601,0.0016668262702043,0.0010992250570755,0.0009539096966656,0.0017863839302831,0.0023612753603881,0.0008946211712143,0.000818870487784,0.0006429669473174,0.0012723286185624,0.001197763572134,0.0007756152392328,0.0011052952034533,0.0011279447357969,0.0008482634196979,0.0010594231882247,0.0013292200766393,0.001741504136761,0.0010472264839149,0.0031770798026459,0.0004696637003391,0.0010306279822339,0.0547930874259037,0.0012106062937566,0.0008305545444557,0.0010396613103104,0.0012916038475764,0.0012909420917939,0.0011430009851897,0.0016226857793907,0.0007040315091666,0.6690207242903804,0.0015304427749375,0.0007836221008015,0.0015427832216078,0.0005196268211427,0.0012399803467303,0.0008530945964508
uj0848,0.0002556771134922,0.0003864031040993,0.0195926543982275,0.0004546144954024,0.0002998054767848,0.0002601717906425,0.0004872229599315,0.0006440203311274,0.0002440012853157,0.0002233408485686,0.0001753644633158,0.1457985024219157,0.0148718295488328,0.0002115433005306,0.0003014610641618,0.0003076385560225,0.0002313575526182,0.000288949812432,0.0003625349115394,0.0004749823293088,0.0002856232518453,0.2044986028652445,0.0001280972888148,0.0002810961336921,0.0003992595434358,0.0003301838825108,0.0002265275883164,0.0002835599068871,0.0003522753642188,0.0003520948752401,0.0003117450363095,0.0004425755041069,0.0001920193693899,0.6042797419125551,0.000417416909193,0.0002137271126032,0.0004207826744418,0.0001417243592293,0.0003381954374696,0.0002326752202246
uj0854,0.0002556771134922,0.0003864031040993,0.005047505974891,0.0004546144954024,0.0002998054767848,0.0002601717906425,0.0004872229599315,0.0006440203311274,0.0002440012853157,0.0002233408485686,0.0001753644633158,0.0003470181885499,0.0003266811254962,0.0002115433005306,0.0003014610641618,0.0003076385560225,0.0002313575526182,0.000288949812432,0.0003625349115394,0.0004749823293088,0.0002856232518453,0.1754083060185713,0.0001280972888148,0.0002810961336921,0.2476667827401576,0.0003301838825108,0.0002265275883164,0.0002835599068871,0.0003522753642188,0.0003520948752401,0.0003117450363095,0.0004425755041069,0.0001920193693899,0.5606442966425453,0.000417416909193,0.0002137271126032,0.0004207826744418,0.0001417243592293,0.0003381954374696,0.0002326752202246
uj0855,0.0001276078900946,0.0001928529470887,0.0533353623691239,0.0002268971038211,0.0001496322600359,0.0001298511736641,0.0002431719173973,0.0003214291436206,0.0001217805096992,0.0001114689307482,8.752402143334591e-05,0.0001731960215776,0.0001630458377322,0.0001055808002353,0.0001504585600874,0.0001535417328113,0.0001154700502669,0.0001442142216174,0.0001809403842029,0.000237062645332,0.0001425539424789,0.0004324807082267,6.393307765889085e-05,0.0001402944676755,0.0001992695679409,0.0001647940561239,0.0001130594256109,0.0001415241315073,0.0001758198664959,0.00017572978484,0.0001555912681724,0.0002208884695045,0.6679654091211481,0.2725568946507684,0.0002083318696163,0.0001066707360811,0.0002100117157162,7.073431880252154e-05,0.0001687926057427,0.0001161276952974
uj0859,0.0002556771134922,0.0003864031040993,0.005047505974891,0.2040866924221145,0.0002998054767848,0.0002601717906425,0.0004872229599315,0.0006440203311274,0.0002440012853157,0.0002233408485686,0.0001753644633158,0.0003470181885499,0.0003266811254962,0.0002115433005306,0.0003014610641618,0.0003076385560225,0.0002313575526182,0.000288949812432,0.0003625349115394,0.0004749823293088,0.0730113653685282,0.0008665249385324,0.0001280972888148,0.0002810961336921,0.0003992595434358,0.0003301838825108,0.0002265275883164,0.1457350441402529,0.0003522753642188,0.0003520948752401,0.0003117450363095,0.0004425755041069,0.0001920193693899,0.5315539997958723,0.0295077137558662,0.0002137271126032,0.0004207826744418,0.0001417243592293,0.0003381954374696,0.0002326752202246
uj0860,0.0002124213189238,0.0003210309123406,0.052531085559924,0.0003777022096199,0.0002490839869449,0.0002161555806079,0.0004047939306925,0.0005350641138086,0.0002027208229079,0.000185555746365,0.0001456960698637,0.0002883091892563,0.1452839828818377,0.000175754123216,0.0002504594798446,0.1452681619596282,0.000192216173747,0.0002400648983448,0.012385581614404,0.0003946241862604,0.0002373011297084,0.0007199250954037,0.0001064256188946,0.2660899184398423,0.0003317122821481,0.0002743229335326,0.0001882033492383,0.0002355868641982,0.0002926769489441,0.0002925269953312,0.0002590035958882,0.0003676999909052,0.0243282949607845,0.3449499394568813,0.0003467977605848,0.0001775684750538,0.0003495941011863,0.000117747243388,0.0002809790829538,0.0001933109165929
uj0863,9.72505161034878e-05,0.0001469740517028,0.2508805550823804,0.0001729192484306,0.0001140353821651,9.896013205860492e-05,0.0167826998616143,0.000244962518263,9.280944470451776e-05,8.49509465028609e-05,6.670242921134209e-05,0.0001319934251166,0.3099419714187428,8.046357718077277e-05,0.0001146651089508,0.0001170148080048,8.800021671570502e-05,0.0001099062720288,0.0001378954368311,0.0001806664508777,0.0001086409662316,0.1441735337952207,4.872367056457792e-05,0.0001069190108682,0.0001518641857615,0.000125590251488,8.616306940637359e-05,0.0001078561429076,0.0001339930684952,0.0001339244168818,0.0001185767676257,0.000168340042647,7.303736544882609e-05,0.2741062793708612,0.0001587706044349,8.12942219273235e-05,0.0001600508222966,5.390692538425938e-05,0.0001286375631691,8.850141079218853e-05
uj0864,0.0011916235456418,0.0018008926597481,0.0235246983364815,0.002118802615972,0.0013972907483562,0.0012125716979781,0.0022707795121025,0.0707915185654422,0.0011372065054149,0.0010409152787389,0.0008173137622751,0.0016173330439864,0.0015225489514527,0.0009859309438846,0.0014050068746583,0.0014337980505823,0.0010782783933859,0.0013466962110915,0.0016896511807679,0.002213730120922,0.001331192250385,0.0040385762555642,0.0005970176344675,0.0013100929016336,0.0018608121246437,0.0015388741034236,0.0010557675823555,0.0013215757055116,0.0016418349410277,0.0016409937436527,0.0014529369501608,0.0020626929967045,0.0008949365809828,0.3081125960221704,0.0019454373938656,0.0009961089447602,0.0019611240740882,0.000660528747145,0.0015762132199201,0.5434041008286523
uj0865,9.671544187028044e-05,0.0001461653976085,0.4640789647688256,0.0001719678433588,0.000113407957272,9.841565148512384e-05,0.0001843027059226,0.0002436147297177,0.0110963377481792,8.448354474108632e-05,6.633543114703005e-05,0.0001312671947215,0.000123574257279,0.3522092670361056,0.0001140342192887,0.0001163709902527,8.751603780984573e-05,0.0386234378655434,0.0001371367334526,0.0001796724205472,0.00010804322152,0.0003277819480088,4.845559198041239e-05,0.0056083502118119,0.0001510286260545,0.0001248992514789,8.568899852078213e-05,0.0001072627163092,0.0001332558360233,0.0001331875621325,0.0001179243559414,0.0001674138324545,7.263551244198519e-05,0.1130395766132467,0.0111619359883245,8.084693953536515e-05,0.0001591702195559,5.361032843115062e-05,0.0001279297967918,8.801447430676147e-05
uj0866,0.0001467888025635,0.0002218409312544,0.002897863433557,0.0002610023106748,0.0001721236849796,0.0001493692770839,0.0002797234132259,0.0003697435876897,0.0001400855008344,0.000128223974673,0.000100679874044,0.0001992293470043,0.4511215620554266,0.000121450791395,0.0001730741872959,0.0001766207958316,0.0001328265078129,0.0001658912539669,0.0002081377751238,0.0002726958483134,0.0085146112045704,0.0088481172498759,0.0167748025210244,0.0001613823165723,0.0002292220429607,0.0001895644708966,0.0001300535389437,0.0001627968128178,0.0002022475855582,0.016903403540644,0.0001789783995914,0.0002540905105054,0.0001102417534239,0.4888885112333026,0.0002396465113099,0.0001227045569542,0.0002415788573218,8.136648877645293e-05,0.0001941640478514,0.0001335830043467
uj0867,0.0002991955503695,0.000452172225415,0.0229274921630992,0.0005319937803584,0.0003508349394485,0.0003044552601079,0.0005701524851335,0.0177744955075341,0.0002855323961295,0.0002613553759065,0.000205212998537,0.0004060836595551,0.0003822850540009,0.000247549784041,0.0003527723219919,0.0003600012759329,0.0002707365917202,0.0003381315479471,0.0004242414618369,0.0005558283942284,0.0003342387782268,0.3073894480092046,0.0001499005456699,0.0003289411057486,0.0004672169409569,0.0174072414045473,0.0002650845260824,0.0003318242342656,0.0004122356515976,0.0004120244418472,0.1365316658684174,0.0005179056495228,0.0002247027124231,0.4858621889205448,0.0004884648460463,0.0002501052996523,0.0004924034933983,0.0001658470603067,0.0003957592005952,0.0002722785376508
uj0868,0.0005536179669705,0.000836679114531,0.5778326693678517,0.0009843773236575,0.0006491691660515,0.0320579779912853,0.0010549844718378,0.0013944980117168,0.0005283362819206,0.0004836002129293,0.0003797168871852,0.0007513989086576,0.0007073630411208,0.0004580549677144,0.0006527540114264,0.0006661301421181,0.000500958792026,0.0006256633827337,0.0007849972879499,0.0010284798193594,0.0006184603770212,0.0018762875106303,0.0002773692163504,0.0006086578025397,0.0008645171783715,0.0007149475651742,0.0004905004644081,0.0006139926136562,0.0007627822775718,0.0007623914645653,0.0006750219089126,0.0009583092810614,0.0004157797757045,0.3636088343884827,0.0009038333446828,0.0004627835786697,0.0009111212402981,0.000306875928608,0.0007322949949383,0.0005038119393079
uj0871,0.0002941882147197,0.0004446046726844,0.0058077813506965,0.0005230903343728,0.0003449633671697,0.0002993598979749,0.3520165345298464,0.0007410252285382,0.0002807537269796,0.0002569813332798,0.0169377749409467,0.0003992874448962,0.0003758871327185,0.0002434067917499,0.0003468683256859,0.0003539762958797,0.0002662055450995,0.0003324725795825,0.0004171413582646,0.0005465260522311,0.0003286449592422,0.0009970443626925,0.0001473918106792,0.0003234359485914,0.0004593975999214,0.0003799174888918,0.0002606480724118,0.00032627082508,0.0004053364772221,0.0004051288022774,0.0003587013105199,0.0005092379824439,0.00022094208864,0.6116187721737695,0.000480289900148,0.0002459195382611,0.0004841626303121,0.0001630714445047,0.0003891357760442,0.0002677216850286
uj0878,8.072585394181526e-05,0.000122000440783,0.1898817386567623,0.0001435370685096,9.465866068070794e-05,8.214497451226572e-05,0.0001538326562096,0.0002033388537442,7.703940274892982e-05,7.051620880151777e-05,5.53684522594113e-05,0.0001095652998479,0.3904564630752669,6.679132655932597e-05,0.0046875733719325,9.713182694038446e-05,7.30473515830043e-05,9.123116275955764e-05,0.0001144644505642,0.0001499678779105,9.018085582991482e-05,0.0002735910331177,4.044461737683445e-05,8.875149254500687e-05,0.0001260596505805,0.0001042501439,7.152236959519798e-05,8.952938851063075e-05,0.000111225166816,0.0001111681803821,9.842838071999596e-05,0.00013973595452,6.062696561160426e-05,0.4112262300460207,0.0001317925409283,6.748082939359613e-05,0.0001328552260868,4.474714129425569e-05,0.0001067796609405,7.346338351204472e-05
uj0879,0.0008081380311323,0.0012213335777496,0.1079019407821787,0.0014369344921825,0.0009476178936089,0.0008223446978659,0.0015400025375108,0.0020356038727817,0.0007712333560695,0.0007059303477278,0.0005542877505887,0.0010968466900747,0.0010325657934753,0.0006686409434736,0.0009528508341131,0.0009723765008477,0.000731269351827,0.0009133055725066,0.0011458915724854,0.0015013126485483,0.0009027910603304,0.3705305153780002,0.0004048868096257,0.0008884818548599,0.0012619698999877,0.0010436372230555,0.0007160029175812,0.000896269289534,0.0011134634436681,0.0011128929584734,0.0009853561643328,0.0013988819399245,0.0006069301745411,0.4848002361222759,0.0013193612621366,0.000675543483809,0.0013299996914597,0.0004479589239205,0.0010689599520332,0.0007354342037004
uj0880,0.0007726177394597,0.0011676519995539,0.4108320391918941,0.0013737765534264,0.0009059670088857,0.0007861999770406,0.0014723144233501,0.0019461324699945,0.0007373351447493,0.0006749024157584,0.0005299250033685,0.3526746243975722,0.0009871811726031,0.0006392520019543,0.0009109699446557,0.0009296373949089,0.0006991276883148,0.000873162825758,0.0010955259154913,0.0014353250806901,0.000863110460548,0.00261850789087,0.0003870907190839,0.0008494301911407,0.0012065022234241,0.0009977659768881,0.0006845322634465,0.0008568753427638,0.001064523108277,0.0010639776977599,0.0009420465600199,0.0013373965344523,0.0005802536217814,0.1997722001284281,0.001261371048773,0.0006458511532194,0.0012715418845688,0.0004282696740374,0.0010219756896673,0.000703109481419
uj0881,0.0003043762958961,0.0004600018513275,0.0060089115962176,0.0005412055630684,0.0003569098511271,0.0003097270805775,0.0005800250080812,0.0007666877969362,0.0002904765561684,0.0175814643679511,0.0002087663813426,0.0004131152350585,0.0523356549564155,0.0002518362529899,0.0003588807805797,0.000366234908076,0.0002754245537729,0.0003439864929898,0.0004315874502813,0.0005654528871843,0.0003400263176905,0.2607653252407272,0.0001524961610808,0.0003346369129223,0.0004753070748972,0.0003930744748739,0.0002696746193207,0.0003375699644918,0.0004193737524326,0.0004191588854622,0.0696334574403566,0.0005268734880274,0.0002285935709963,0.580853093564394,0.0004969228998607,0.000254436018845,0.0005009297471898,0.0001687187989229,0.0004026120020677,0.0002769931993969
uj0882,0.000103552410411,0.0001564980622365,0.2082281122031561,0.0001841245239501,0.0001214249462982,0.0177782707690282,0.0001973313575836,0.0002608362427557,9.8823554805953e-05,9.045582100260534e-05,7.102478836980255e-05,0.0001405466816719,0.0001323099182357,8.567766734003589e-05,0.0001220954797738,0.0060155634269564,9.370268583362068e-05,0.029571858198038,0.0001468311474393,0.0001923737499643,0.0001156809688361,0.2006437969051087,5.188099491076234e-05,0.0001138474296875,0.0001617050800427,0.0001337285783848,9.174649022887004e-05,0.0001148452884695,0.0001426759031929,0.0295974327337093,0.0001262606163789,0.0001792485827658,0.2592802736234552,0.2388498439474573,0.0001690590389685,0.0059775281245454,0.0001704222157489,5.7400127886687554e-05,0.00013697335777,9.42363575999315e-05
uj0886,0.0005908341714909,0.0008929237144213,0.0452758933741461,0.0010505507320153,0.0006928086681875,0.0006012207438905,0.0011259043483813,0.0014882412178692,0.000563852960021,0.0005161095704724,0.0004052428313859,0.0008019106642895,0.0007549145462726,0.0004888470813688,0.0006966344998501,0.000710909822485,0.0005346350561154,0.0006677227409951,0.0008377676483054,0.0010976179571838,0.0006600355231549,0.5734031988479987,0.0002960149794926,0.0006495739841192,0.0009226331537214,0.0007630089294983,0.000523473681843,0.0006552674205577,0.000814059264484,0.0008136421796119,0.0007203993260425,0.0010227303011973,0.0004437299978636,0.3544401263316312,0.0009645922951052,0.0004938935666759,0.0009723701094549,0.0003275052397988,0.0007815225163102,0.0005376800022895
uj0887,0.0002204119445646,0.0003331070911941,0.0043513108855591,0.0003919101854297,0.000258453747489,0.0002242866774938,0.0756537657346138,0.0005551915522827,0.0002103465462282,0.0001925357731919,0.0001511767003273,0.0002991544792291,0.0002816224774274,0.0001823654436359,0.1256494555192926,0.0002652064216065,0.0001994467450206,0.0002490953889842,0.0003125310033953,0.0004094687139056,0.0002462276560158,0.0007470064258271,0.0001104290178165,0.0002423249566236,0.2135064669739036,0.000284642104309,0.0001952829706045,0.0002444489051987,0.0003036865403755,0.0629983182145583,0.0002687465010958,0.0003815317145303,0.0001655344196561,0.4958544092912963,0.0128988006613962,0.0001842480457152,0.0003627447378689,0.0001221765264135,0.0002915486372534,0.0002005826686684
uj0888,7.821160548959425e-05,0.0001182006739867,0.0104427507417178,0.0001390665323094,9.171046776004432e-05,7.958652681626412e-05,0.0001490414586082,0.0001970057600284,7.463997072482093e-05,6.831994502506396e-05,5.364397319108907e-05,0.0001061528319444,0.5028775624851112,6.471107616588185e-05,9.221691178631224e-05,9.410660597806076e-05,7.077225405614767e-05,8.838972103349216e-05,0.000110899396079,0.0001452970508271,8.737212645612888e-05,0.0002650698989584,3.9184948860801525e-05,8.598728142963828e-05,0.0001221334575967,0.0001010032192761,6.92947684206905e-05,8.674094942327973e-05,0.0001077610014977,0.0001077057899358,9.53627779199532e-05,0.00013538380598,5.873870742654126e-05,0.4829562082484956,0.0001276877941109,6.53791040779404e-05,0.0001287173813908,4.335346844662638e-05,0.0001034539532008,7.117532845569057e-05
uj0890,0.0001354757262141,0.0002047435549636,0.0797449553245624,0.0002408867499748,0.0001588580383109,0.0386730730605441,0.0002581650090746,0.0003412472898509,0.0001292890508415,0.0001183416976194,9.292043271046524e-05,0.000183874655268,0.0001730986481838,0.0001120905264991,0.0001597352850036,0.0001630085548892,0.0001225895115443,0.0001531059434455,0.0001920965069885,0.0002516790616221,0.0001513432975633,0.362690173826144,6.787495756350796e-05,0.0078559876594203,0.0002115558012059,0.0001749546553321,0.0001200302565823,0.0001502499922109,0.0001866602768742,0.0001865646411127,0.00016518445711,0.0002345076452268,0.0001017453739208,0.5051589647621325,0.0002211768512815,0.0001132476638056,0.0002229602705525,7.509553837874923e-05,0.0001791997409063,0.0001232877045638
uj0892,0.0004916772049124,0.0566848602281153,0.2614446166607448,0.0008742416611288,0.0005765377934284,0.0005003206469008,0.000936949028547,0.0012384765769232,0.0004692241253838,0.0004294932881049,0.0003372328011154,0.0286382255916837,0.0006282207292147,0.0004068061364671,0.0005797215534564,0.0005916011147123,0.0004449097271671,0.0005556619213822,0.000697168978303,0.0009134098115685,0.0005492648137611,0.0016663617401852,0.0002463361544608,0.0005405589864405,0.0007677918984213,0.0006349566695376,0.0004356215147209,0.0285161928053683,0.0006774394628944,0.0006770923754476,0.0005994980387738,0.0008510902045543,0.0003692608444342,0.5746650379597983,0.0008027092311546,0.0004110056934836,0.0287800776164885,0.0002725415500124,0.0006503632066945,0.0004474436541067
uj0893,0.0003332263382719,0.0005036027265687,0.1013625909769017,0.0005925032614735,0.0003907392408273,0.0003390842924237,0.0006350021738059,0.0008393576326916,0.2088430949549599,0.0002910821861938,0.0002285541211553,0.0004522720031715,0.0004257665214723,0.0002757063331127,0.0003928969831132,0.0004009481651855,0.0003015304304617,0.0003765909534332,0.000472495091242,0.0006190488471087,0.0003722554163638,0.0011293499380703,0.0001669503770255,0.0003663551815538,0.0005203586424378,0.0004303316969699,0.0002952354934754,0.0003695662398644,0.0004591237286696,0.0004588884957204,0.0004063001787878,0.0005768127331697,0.0002502606137292,0.5411246187278729,0.000544023304563,0.0002785525155124,0.1332461918299811,0.0001847106634805,0.0004407732303803,0.0003032477587964
uj0895,9.72505161034878e-05,0.0001469740517028,0.0461795658109259,0.0001729192484306,0.0001140353821651,9.896013205860492e-05,0.000185322353118,0.000244962518263,9.280944470451776e-05,0.4537466028454018,6.670242921134209e-05,0.0001319934251166,0.0001242579268118,8.046357718077277e-05,0.0001146651089508,0.0001170148080048,8.800021671570502e-05,0.0001099062720288,0.0001378954368311,0.0001806664508777,0.0001086409662316,0.0003295953882527,4.872367056457792e-05,0.0001069190108682,0.0001518641857615,0.0499177227769769,8.616306940637359e-05,0.0001078561429076,0.0001339930684952,0.0001339244168818,0.0001185767676257,0.000168340042647,7.303736544882609e-05,0.445612513625323,0.0001587706044349,8.12942219273235e-05,0.0001600508222966,5.390692538425938e-05,0.0001286375631691,8.850141079218853e-05
uj0896,0.0005208123827818,0.0007871002555195,0.0102817322128757,0.0009260463534013,0.0006107015313283,0.0005299680067816,0.0009924695536569,0.0013118646351762,0.0004970288074336,0.0004549436511025,0.0003572161103796,0.0007068734748243,0.000665447028307,0.0004309121332998,0.000614073950529,0.0006266574556057,0.000471273617759,0.0005885886236026,0.0007384809244029,0.0009675354799172,0.0005818124443742,0.0906501830618408,0.0002609332266947,0.0005725907382921,0.0008132887270392,0.0006725821183515,0.2967450289916754,0.0598343282210777,0.0007175823026479,0.0007172146479377,0.0006350223254756,0.0009015230174748,0.0003911420304549,0.4902043649253986,0.0008502751463393,0.0004353605422855,0.0008571311851735,0.0002886914680015,0.0303172609938838,0.0004739576968947
uj0897,9.945135842278884e-05,0.0001503001699157,0.1151165871167326,0.0001768325232904,0.000116616076901,0.0001011996640969,0.0397931525054577,0.0002505061790931,9.490978269469536e-05,8.687344157660654e-05,6.821194849093429e-05,0.0001349805220237,0.1981452509002107,8.228452017333588e-05,0.0001172600548127,0.0001196629290818,8.999171875410544e-05,0.2490495352702355,0.0001410161000952,0.0001847550499587,0.0001110995818325,0.0625713397828571,4.982631886328819e-05,0.0001093386575013,0.0001553009708831,0.0001284324404186,8.81129956083963e-05,0.0001102969974472,0.0001370254186302,0.0001369552133863,0.000121260236863,0.0001721496871068,7.46902484484287e-05,0.331228443248547,0.000162363686295,8.3133962949797e-05,0.0001636728763182,5.512687410476625e-05,0.0001315487147415,9.050425517793994e-05
uj0899,0.000411171381576,0.000621400546915,0.0081172302708737,0.0007310958247529,0.0004821371393392,0.0004183995710231,0.0007835356666629,0.0010356919541831,0.0003923947052563,0.0003591692819666,0.0002820152640024,0.0005580630431452,0.0005253576586125,0.0003401968598373,0.0004847995995798,0.0004947340353545,0.0003720614772623,0.0004646794230466,0.0239740376804741,0.0007638506939418,0.0004593297595838,0.0013935164210824,0.0002060017750463,0.0004520493996008,0.000642075842611,0.0005309906752769,0.0003642940902333,0.0004560115572404,0.0005665174572045,0.0707392906882109,0.0005013379395912,0.0007117351216531,0.0003087991268479,0.8548273621093121,0.000671275910862,0.0003437087933644,0.0240677097843992,0.0002279163738645,0.000543874589977,0.0003741805062312
uj0902,0.0002074085120254,0.0003134550909488,0.063090643670576,0.0003687890353138,0.0002432059991122,0.0002110546510445,0.0003952414346507,0.0005224374476417,0.0001979369323612,0.0001811769244552,0.000142257873228,0.0002815055487361,0.2480483880823334,0.0001716066040981,0.0002445490325566,0.0002495602921778,0.0001876801762933,0.0002343997467274,0.0002940929109087,0.0003853116800903,0.0002317011986562,0.0007029360026759,0.0001039141427431,0.0002280287430848,0.0003238843973357,0.0002678493465096,0.0001837620480914,0.0002300273870986,0.0002857702362087,0.0002856238212638,0.0002528915209856,0.0003590228531288,0.0001557685439312,0.6789867157556938,0.0003386138823591,0.0001733781401044,0.0003413442337486,0.0001149685948187,0.00027434842134,0.0001887490849409
uj0903,0.0002484496397213,0.0003754802715401,0.0049048232116827,0.0004417634650675,0.0002913305836266,0.0002528172614587,0.000473450154398,0.00062581518172,0.0002371038635418,0.0002170274554652,0.000170407265381,0.0003372086877247,0.0003174465122227,0.000205563400198,0.0002929393709041,0.000298942237591,0.0002248175435403,0.0002807817869019,0.0003522867844059,0.0004615555415926,0.0002775492614404,0.0008420300348644,0.0001244762380981,0.0002731501157414,0.0003879732853951,0.0003208502533962,0.0002201241125395,0.000275544243062,0.0003423172536931,0.0003421418667721,0.0003029326360036,0.0004300647916544,0.480742134367383,0.5023940590604618,0.0004056173792252,0.0002076854803297,0.0004088880011124,0.0001377180988525,0.0003286353379348,0.0002260979633542
uj0904,0.0003210540083365,0.0004852067661054,0.0063381583247981,0.0005708598787089,0.0003764660384666,0.0003266979789507,0.0006118063603856,0.0008086969769586,0.0003063926591625,0.0002804493279778,0.0002202053328056,0.0552288235619215,0.0004102138175603,0.0002656351350515,0.0003785449611995,0.0003863020439367,0.0002905159113088,0.0003628345698302,0.0004552354527234,0.0005964357882123,0.0003586574043587,0.4942257485007026,0.0001608518942869,0.0003529726975444,0.0005013506098994,0.0186789697243461,0.0002844509202815,0.0003560664600212,0.0004423525288433,0.0004421258886514,0.0003914585553595,0.0005557425052414,0.0002411189150989,0.3935075293213332,0.0005241508323267,0.0002683773500656,0.0005283772271318,0.0184423209115827,0.0004246723506758,0.0002921705078463
uj0905,0.0003332263382719,0.0005036027265687,0.0065784610536508,0.0005925032614735,0.0003907392408273,0.0003390842924237,0.0575054801277565,0.0008393576326916,0.0003180091238079,0.0002910821861938,0.0002285541211553,0.0004522720031715,0.0004257665214723,0.0002757063331127,0.0003928969831132,0.0004009481651855,0.0003015304304617,0.0003765909534332,0.000472495091242,0.0006190488471087,0.0003722554163638,0.0011293499380703,0.0001669503770255,0.0003663551815538,0.0005203586424378,0.0004303316969699,0.0002952354934754,0.0003695662398644,0.0004591237286696,0.0004588884957204,0.0004063001787878,0.0005768127331697,0.0002502606137292,0.6927792266050743,0.000544023304563,0.0002785525155124,0.0005484099374298,0.0001847106634805,0.2279226850461825,0.0003032477587964
uj0906,0.0005536179669705,0.0323313068089076,0.0109293708690713,0.0009843773236575,0.1581223076379349,0.0005633502969086,0.0010549844718378,0.0013944980117168,0.0005283362819206,0.0004836002129293,0.0003797168871852,0.0007513989086576,0.0007073630411208,0.0004580549677144,0.0006527540114264,0.0006661301421181,0.000500958792026,0.0006256633827337,0.0007849972879499,0.0010284798193594,0.0006184603770212,0.0018762875106303,0.0002773692163504,0.0006086578025397,0.0008645171783715,0.0007149475651742,0.0004905004644081,0.0006139926136562,0.0007627822775718,0.0007623914645653,0.0006750219089126,0.0009583092810614,0.0004157797757045,0.4265980897772361,0.0009038333446828,0.0004627835786697,0.0009111212402981,0.000306875928608,0.3471731996330819,0.0005038119393079
uj0912,0.0002176824337889,0.0003289819998944,0.2767383642916537,0.0003870568954851,0.0002552531392362,0.0002215091832691,0.0004148196069138,0.0005483162382995,0.0002077416821148,0.000190151471975,0.0001493045765937,0.4461078948991093,0.0002781349550595,0.0001801070885159,0.000256662699461,0.0002619221904049,0.0001969768605468,0.0002460106716394,0.0003086607197626,0.0004043979847801,0.0002431784517556,0.0007377557380169,0.0001090615003044,0.00023932408214,0.0003399279190125,0.0002811171878511,0.0001928646489767,0.0002414217284176,0.000299925783734,0.0002997721161663,0.000265418430686,0.0003768069482381,0.0001634844945348,0.2668076849149299,0.0003553870248951,0.0001819663770553,0.0003582526234655,0.0001206635315254,0.0002879381925083,0.0001980987172807
uj0913,0.0002846600747548,0.0004302048587611,0.1027833946270435,0.000506148534291,0.0003337907263883,0.0002896642580238,0.0005424534183055,0.0007170249737973,0.000271660701928,0.0002486582462581,0.0001952433698698,0.0003863553610436,0.0003637129359549,0.0002355233556904,0.000335633987289,0.0003425117452192,0.0002575837051813,0.0003217044892436,0.0004036310235611,0.0005288252183446,0.0003180008375074,0.0009647521845439,0.0001426180987099,0.000312960535799,0.0004445186740754,0.0003676127573351,0.0002522062273913,0.0003157035965771,0.0003922084778849,0.0003920075290966,0.0003470837265338,0.0166866973555677,0.0002137862372517,0.3974822911598039,0.0004647343164659,0.4698625779314559,0.0004684816170133,0.0001577899020438,0.0003765324834785,0.0002590507405143
uj0915,0.0003152953415039,0.0004765037316054,0.1497185059395204,0.0005606205053816,0.0003697134596698,0.0003208380776045,0.0006008325400812,0.0725412083793988,0.0003008969693463,0.0002754189773163,0.0002162555638774,0.0004279351279138,0.0004028559131451,0.0002608705029271,0.0003717550932767,0.0003793730391275,0.0002853049988164,0.0003563264953358,0.0363205784069738,0.0005857376660829,0.0003522242546546,0.2163096297253498,0.0001579667333964,0.0003466415130292,0.0004923580072415,0.0004071754353504,0.0002793487940424,0.0003496797834489,0.0004344181602635,0.0004341955852611,0.0003844370594724,0.0005457742885262,0.0002367940243857,0.5120065608942579,0.0005147492676834,0.0002635635315045,0.0005188998546837,0.0001747713341734,0.000417055107106,0.0002869299172624
uj0916,0.0002633376849174,0.0003979804742339,0.1400272768346721,0.0004682356082403,0.0003087882177004,0.000267967031123,0.0304637184184509,0.0006633164021698,0.0002513120267758,0.0002300325641439,0.0001806187153618,0.0003574155118884,0.0003364691118394,0.0002178815391829,0.0003104934096164,0.0003168559908541,0.1200858788007173,0.0002976072970469,0.0153543458124465,0.0004892137010951,0.0002941810663934,0.1956448203421758,0.000131935326631,0.0002895183071908,0.0004112221168859,0.0003400768181,0.0002333147846609,0.0002920558997053,0.0003628302025149,0.000362644305744,0.0003210855090818,0.0004558359059236,0.0001977726340217,0.4875565714969175,0.0004299235117718,0.0002201307824086,0.0004333901217335,0.0001459706899303,0.000348328414446,0.0002396466112852
uj0918,0.4899211078821736,0.000197146473091,0.032259567062479,0.0002319485620944,0.0001529635547294,0.0001327420778425,0.0002485857052918,0.0003285851887154,0.0001244917349766,0.0001139505871597,8.947258725783894e-05,0.0001770519212844,0.0001666757617465,0.0001079313679502,0.0001538082508739,0.000156960064925,0.0001180407844496,0.0001474248933742,0.0001849686982949,0.0002423404212087,0.0001457276510895,0.0004421091178221,6.535643330618186e-05,0.0001434178731201,0.0002037059485321,0.0001684629010945,0.0001155764915463,0.0001446749132182,0.0001797341814178,0.0001796420942549,0.0001590552295259,0.0002258061562796,9.797007590979276e-05,0.4715727218925644,0.0002129700061488,0.0001090455692686,0.0002146872510183,7.230909192172005e-05,0.0001725504712702,0.0001187130707707
uj0921,0.0002846600747548,0.0004302048587611,0.0542015370534038,0.000506148534291,0.0003337907263883,0.0002896642580238,0.0005424534183055,0.0492988825474369,0.000271660701928,0.2755458511635494,0.0001952433698698,0.0003863553610436,0.0003637129359549,0.0002355233556904,0.0813053966100217,0.0003425117452192,0.0002575837051813,0.0003217044892436,0.0004036310235611,0.0329167302674377,0.0003180008375074,0.0009647521845439,0.0001426180987099,0.000312960535799,0.0004445186740754,0.0003676127573351,0.0002522062273913,0.0003157035965771,0.0003922084778849,0.0003920075290966,0.0003470837265338,0.0004927448310211,0.0002137862372517,0.4946460063070832,0.0004647343164659,0.0002379547196062,0.0004684816170133,0.0001577899020438,0.0003765324834785,0.0002590507405143
uj0924,0.0009902387993809,0.0014965412455343,0.5265499411404744,0.0017607243212328,0.0011611481814863,0.0010076467075199,0.0018870170751049,0.002494294114799,0.000945018255714,0.0008650002760062,0.0006791874846992,0.0013440032613769,0.0012652377096771,0.0008193083106787,0.0011675602800666,0.0011914857383911,0.0008960490127691,0.0011191041366036,0.0014040996107667,0.0018396090486063,0.0011062203500321,0.0033560556243995,0.0004961214703473,0.0010886867977188,0.001546334302406,0.0012788039059364,0.0008773425357367,0.0010982290042044,0.0013643643302711,0.0013636652955116,0.0012073901580456,0.0017140972449045,0.0007436920231356,0.3123749083963241,0.0016166578750629,0.113494638241606,0.001629693501496,0.0005488991854194,0.0013098327002436,0.0009011523463085
uj0926,0.0007101876325278,0.0010733017983245,0.0140203253608235,0.0012627707963091,0.0008327618333469,0.0007226723797183,0.0013533464755634,0.0017888784334896,0.0006777559899094,0.000620368035,0.0004871052842027,0.0009639033482668,0.0009074136200099,0.0813909551723729,0.0008373605151125,0.0008545195727209,0.0006426358242125,0.0008026083383357,0.2030153959391414,0.001319345995959,0.0007933682379791,0.002406923663276,0.0003558124895656,0.000780793380263,0.0011090127936906,0.0009171431365768,0.0006292197586687,0.0007876369386424,0.000978506067654,0.0009780047281375,0.0008659260356349,0.0012293304049915,0.0005333671813008,0.6684500770155389,0.0011594480337633,0.0005936642119957,0.0011687970318846,0.0003936640467261,0.0009393966232944,0.0006462958750675
uj0927,0.0001710746858089,0.0002585440234618,0.0325739776811394,0.0003041845666312,0.0002006011685763,0.0001740820941405,0.0003260030342595,0.000430916847806,0.000163262337611,0.0001494383481388,0.0001173371368835,0.0002321914025284,0.0196830298781934,0.0001415445566439,0.3700261847224473,0.0002058423164882,0.0001548023602233,0.000193337595615,0.0002425737104086,0.0003178127742504,0.000191111779235,0.000579795663289,8.571046167431814e-05,0.0001880826644851,0.000267146323801,0.0002209274940106,0.000151570609778,0.0001897311860109,0.0002357090019862,0.0002355882360134,0.0002085899805841,0.0002961292243865,0.0001284810080923,0.569774035854294,0.0002792954974193,0.0001430057549463,0.0002815475458118,9.482839467121164e-05,0.0002262880608158,0.0001556840174381
uj0928,0.1020717160768483,0.0003864031040993,0.005047505974891,0.0004546144954024,0.0002998054767848,0.0002601717906425,0.0004872229599315,0.0006440203311274,0.0002440012853157,0.0002233408485686,0.0001753644633158,0.0003470181885499,0.0003266811254962,0.0002115433005306,0.0003014610641618,0.0003076385560225,0.0002313575526182,0.000288949812432,0.0003625349115394,0.0004749823293088,0.218462849601894,0.0008665249385324,0.0001280972888148,0.0002810961336921,0.0003992595434358,0.0003301838825108,0.0002265275883164,0.0002835599068871,0.0003522753642188,0.0003520948752401,0.0003117450363095,0.0004425755041069,0.0147371677927264,0.5897345934892185,0.000417416909193,0.0002137271126032,0.0586013763677881,0.0001417243592293,0.0003381954374696,0.0002326752202246
uj0931,0.0006334145942601,0.0009572752213166,0.0125046935388211,0.0011262621523565,0.000742738221035,0.0006445497094239,0.0372412035259794,0.0015954962537103,0.0006044888923619,0.0005533047172095,0.0004344479991253,0.0008597030140826,0.0008093199650617,0.0005240774664727,0.0007468397739364,0.0007621438950096,0.0005731653033745,0.0007158443933572,0.0729664584487907,0.0372108785822507,0.0007076031706856,0.0021467292666905,0.0003173482800717,0.0006963876861667,0.0009891257698258,0.0008179976968418,0.000561199547673,0.0007024914389718,0.0008727271434142,0.0008722799999385,0.0007723172910921,0.0010964367499864,0.0004757088708132,0.8123939145458176,0.0010341088357986,0.0005294876434691,0.0010424471841174,0.000351107990355,0.0008378455266469,0.0005764296936864
uj0932,0.1691508808858939,0.0011184906999197,0.0146106188868868,0.0013159368539276,0.0008678233534134,0.0007530988367536,0.0014103260136615,0.0018641950421293,0.0007062913457444,0.0848518834220308,0.0005076137309311,0.0010044862799455,0.0009456181817136,0.0006123377679002,0.0008726156520891,0.0008904971523198,0.0006696925263137,0.0008364003149047,0.0010494013186003,0.0013748940221288,0.0008267711813924,0.0025082616436434,0.0003707931553973,0.0008136668882381,0.0011557052245429,0.0009557573371793,0.0006557116082124,0.0008207985788899,0.0010197038132187,0.0010191813659559,0.0009023838580984,0.0012810885319096,0.0005558233787166,0.6965936288093749,0.0012082639243025,0.0006186590770918,0.0012180065404693,0.0004102383652419,0.00097894775573,0.0006735066751849
uj0935,0.0001304488515758,0.000197146473091,0.0025752846969882,0.0002319485620944,0.0001529635547294,0.0001327420778425,0.0002485857052918,0.0003285851887154,0.0001244917349766,0.0001139505871597,8.947258725783894e-05,0.0224402636954025,0.0001666757617465,0.0001079313679502,0.3489441260453905,0.000156960064925,0.0001180407844496,0.0001474248933742,0.0001849686982949,0.0002423404212087,0.0001457276510895,0.0004421091178221,6.535643330618186e-05,0.0001434178731201,0.0298879883140229,0.0075895334924672,0.0001155764915463,0.0001446749132182,0.0001797341814178,0.0001796420942549,0.0001590552295259,0.0002258061562796,9.797007590979276e-05,0.5828887807631549,0.0002129700061488,0.0001090455692686,0.0002146872510183,7.230909192172005e-05,0.0001725504712702,0.0001187130707707
uj0936,0.000421019456595,0.0006362838765364,0.1041167111136913,0.0007486064951227,0.0004936849340798,0.0004284207703283,0.0008023023376208,0.0250117638132983,0.0004017930551114,0.0003677718408795,0.0002887698865293,0.0005714293593834,0.000537940639495,0.0003483450052264,0.0004964111636131,0.0244578492676093,0.0003809728205705,0.0004758090833854,0.144304574857034,0.0007821458848873,0.0004703312887114,0.0014268929031772,0.0241622015042108,0.0004628765548919,0.0006574543717336,0.0005437085740384,0.0003730193947909,0.0004669336112219,0.0005800862673604,0.0005797890590156,0.0005133456178008,0.0007287820786783,0.0003161952567909,0.6597401678757778,0.0006873538185784,0.0003519410540067,0.0006928961709491,0.0002333752594982,0.0005569010748031,0.0003831426029654
uj0937,0.0007101876325278,0.0010733017983245,0.0544220037998572,0.0012627707963091,0.0008327618333469,0.0007226723797183,0.0013533464755634,0.0017888784334896,0.0006777559899094,0.000620368035,0.0004871052842027,0.0009639033482668,0.0009074136200099,0.0005875982943054,0.0008373605151125,0.0008545195727209,0.0006426358242125,0.0008026083383357,0.283818752817209,0.001319345995959,0.0007933682379791,0.002406923663276,0.0003558124895656,0.000780793380263,0.0011090127936906,0.0009171431365768,0.0006292197586687,0.0007876369386424,0.000978506067654,0.0009780047281375,0.0008659260356349,0.0012293304049915,0.0005333671813008,0.6280483985765052,0.0011594480337633,0.0005936642119957,0.0011687970318846,0.0003936640467261,0.0009393966232944,0.0006462958750675
uj0938,0.0005208123827818,0.0007871002555195,0.0102817322128757,0.0009260463534013,0.0006107015313283,0.0005299680067816,0.0009924695536569,0.0309402240327117,0.0004970288074336,0.0004549436511025,0.0003572161103796,0.0007068734748243,0.000665447028307,0.0004309121332998,0.000614073950529,0.0006266574556057,0.000471273617759,0.0005885886236026,0.0007384809244029,0.0009675354799172,0.0005818124443742,0.0017651048692342,0.0002609332266947,0.0005725907382921,0.0008132887270392,0.0006725821183515,0.0004614350163198,0.0005776094260065,0.0007175823026479,0.2377440898282222,0.0006350223254756,0.0009015230174748,0.0003911420304549,0.667974521310612,0.0008502751463393,0.0004353605422855,0.0008571311851735,0.0002886914680015,0.0006889015963482,0.0301023170944303
uj0939,0.0002232107749752,0.0003373369447924,0.0044065646117427,0.000396886731267,0.0002617356395373,0.0002271347099582,0.0004253545144757,0.0005622414742065,0.0002130175644052,0.0001949806269779,0.0001530963691868,0.0003029531964701,0.0256815573396875,0.0001846811527528,0.0002631809974593,0.0002685740603221,0.0002019793555666,0.0002522584469175,0.0003164995781397,0.0004146682210872,0.0002493542989614,0.0007564920474238,0.0001118312652941,0.0002454020423922,0.0003485608503995,0.1907609473122324,0.000197762708796,0.0002475529612473,0.000307542806542,0.0003073852363776,0.0002721590923758,0.0003863764726824,0.0001676364054113,0.7434162658396705,0.0003644125612814,0.000186587660451,0.0257637097051442,0.0001237279458625,0.0002952507741487,0.0002031297033766
uj0941,0.0002846600747548,0.0004302048587611,0.0056196794797642,0.000506148534291,0.0003337907263883,0.0002896642580238,0.0005424534183055,0.0007170249737973,0.000271660701928,0.0002486582462581,0.0001952433698698,0.1623258806065091,0.0003637129359549,0.0002355233556904,0.000335633987289,0.0975062268924984,0.0002575837051813,0.0003217044892436,0.0004036310235611,0.0005288252183446,0.0003180008375074,0.0009647521845439,0.0001426180987099,0.000312960535799,0.0004445186740754,0.0003676127573351,0.2917433516692291,0.0003157035965771,0.0003922084778849,0.0003920075290966,0.0003470837265338,0.0004927448310211,0.0002137862372517,0.429870196208897,0.0004647343164659,0.0002379547196062,0.0004684816170133,0.0001577899020438,0.0003765324834785,0.0002590507405143
uj0942,0.0002150196988533,0.0125571572245538,0.0042448586807687,0.0003823223383611,0.0002521308319401,0.0002187996387709,0.0126419448488483,0.0005416091247394,0.0002052005444359,0.000187825501254,0.0001474782532418,0.0002918358447476,0.0125069321509101,0.0001779039826962,0.0002535231501432,0.000258718305945,0.0001945674003118,0.0002430014200498,0.0003048851202921,0.0003994513079941,0.2571163912041349,0.0007287313627224,0.000107727438286,0.0002363966222465,0.0003357698529262,0.0125098779044355,0.0001905054901335,0.0002384686096966,0.0002962570317428,0.0002961052438674,0.000262171779518,0.0493009953628346,0.0001614847195991,0.6305100220545251,0.0003510398599431,0.0001797405280474,0.0003538704059404,0.0001191875511477,0.0002844160751232,0.0001956755342705
uj0943,0.0004782987600916,0.0007228497031348,0.0638620662553028,0.0552700797850653,0.0005608503078599,0.0004867070156395,0.0009114548206541,0.0012047778608131,0.0004564566246592,0.0004178068560345,0.0003280567596467,0.0006491717895498,0.0006111269606262,0.0003957370175511,0.0005639474383727,0.0005755037589879,0.000432803816672,0.000540542464389,0.0006781991407474,0.0008885561013686,0.0005343194208703,0.001621020348781,0.0002396333937534,0.0005258504774834,0.0007469004244132,0.0006176796172723,0.00042376833475,0.0005304594925346,0.0006590064617645,0.0006586688185021,0.4903598204939943,0.0280377452372528,0.0003592133258949,0.3413500054130691,0.000780867663051,0.0003998223054063,0.0007871640472806,0.0002651257453915,0.0006326669454335,0.0004352687959334
uj0944,0.000375992031329,0.0005682342312056,0.1143712909364322,0.1503965302724441,0.0004408860405228,0.000382601785205,0.0007164972566869,0.000947079342419,0.0003588218658278,0.0003284391715201,0.0002578863625471,0.0005103158113719,0.0004804086619036,0.0003110900079955,0.0646124576316459,0.0004524051606111,0.0003402283254222,0.0004249219863465,0.021922846604963,0.000698496507579,0.0004200300339334,0.0012742887597014,0.0001883765002325,0.0004133725731726,0.0005871405723942,0.0218752720334501,0.0003331255070891,0.000416995733164,0.0005180468754933,0.0005177814531534,0.0004584440424008,0.0006508398836827,0.0216720909382149,0.5891819059269985,0.000613842316408,0.0003143014645315,0.000618791922165,0.0002084161111943,0.0004973413059292,0.000342166052711
uj0946,0.000411171381576,0.000621400546915,0.1016813149206664,0.0007310958247529,0.0004821371393392,0.0004183995710231,0.0007835356666629,0.0010356919541831,0.0939564793550491,0.0003591692819666,0.0002820152640024,0.0005580630431452,0.0005253576586125,0.0003401968598373,0.0004847995995798,0.0004947340353545,0.0003720614772623,0.0004646794230466,0.000583016518026,0.0007638506939418,0.0004593297595838,0.1417396433957715,0.0002060017750463,0.0004520493996008,0.000642075842611,0.0005309906752769,0.0003642940902333,0.0004560115572404,0.0005665174572045,0.0005662272008664,0.0005013379395912,0.0007117351216531,0.0003087991268479,0.6443081716472784,0.000671275910862,0.0003437087933644,0.000676688621951,0.0002279163738645,0.000543874589977,0.0003741805062312
uj0947,0.0006570923637572,0.0009930592753013,0.2746402225206517,0.0011683631331019,0.0007705026340336,0.0380497993062687,0.0012521671652395,0.0016551377474037,0.000627085385696,0.0005739878869288,0.0004506881673737,0.000891839706208,0.0008395732805929,0.0005436680877849,0.0007747575077221,0.0007906337145262,0.0005945908847552,0.0007426034839992,0.0009317178167187,0.0012207086400712,0.0007340541949007,0.0396081320712804,0.0003292111255033,0.00072241946261,0.0010261004341197,0.0008485753960147,0.0005821778352782,0.0007287513807484,0.0009053506925445,0.0009048868343289,0.0008011874039105,0.0011374228227255,0.0004934914181257,0.4689505820220951,0.0010727650190802,0.0005492805034493,0.1506060373999961,0.0003642328127692,0.0008691651606337,0.0005979773017493
uj0948,0.000375992031329,0.0005682342312056,0.0074227293899042,0.0006685441073049,0.0218305983498284,0.000382601785205,0.0007164972566869,0.000947079342419,0.0003588218658278,0.0217181514808257,0.0002578863625471,0.0005103158113719,0.0004804086619036,0.0003110900079955,0.0004433207037291,0.0218421174699167,0.0003402283254222,0.0004249219863465,0.0005331342956574,0.000698496507579,0.021809742343239,0.0012742887597014,0.0001883765002325,0.299869344903451,0.0005871405723942,0.0004855597241445,0.0003331255070891,0.000416995733164,0.0005180468754933,0.0005177814531534,0.0004584440424008,0.0006508398836827,0.0002823786289093,0.567792193617693,0.0220035546257136,0.0003143014645315,0.000618791922165,0.0002084161111943,0.0004973413059292,0.000342166052711
uj0949,0.0002383434119775,0.00036020679744,0.0047053088937078,0.0004237937783662,0.000279480080522,0.0002425333712316,0.4750211519779907,0.0006003587924129,0.0002274591498422,0.0002081993931905,0.0001634755804124,0.0003234919932705,0.0003045336871022,0.0001972016632259,0.0002810234268891,0.0002867821139591,0.000215672602544,0.0002693603789743,0.0003379567556793,0.0004427807692687,0.0002662593434942,0.0008077786376437,0.0001194128972444,0.000262039142584,0.0003721916308711,0.000307798973724,0.0002111700870247,0.0002643358835853,0.0003283927572426,0.0003282245045648,0.0002906101942649,0.0004125709738573,0.0001790013624647,0.5090762035239836,0.0003891180129316,0.0001992374231474,0.0003922555951827,0.0001321161166037,0.0003152673830706,0.000216900938506
uj0950,0.0002991955503695,0.000452172225415,0.0399483495573547,0.0005319937803584,0.2046011236705145,0.0003044552601079,0.0005701524851335,0.0007536381132786,0.0002855323961295,0.0002613553759065,0.000205212998537,0.0004060836595551,0.0003822850540009,0.000247549784041,0.0003527723219919,0.0003600012759329,0.0002707365917202,0.0003381315479471,0.0004242414618369,0.0005558283942284,0.0003342387782268,0.0010140149126056,0.0001499005456699,0.0003289411057486,0.0004672169409569,0.0003863840102918,0.0002650845260824,0.0173526816285211,0.0004122356515976,0.0004120244418472,0.1535525232626728,0.0005179056495228,0.0002247027124231,0.5539456184975668,0.0004884648460463,0.0002501052996523,0.0175132608876538,0.0001658470603067,0.0003957592005952,0.0002722785376508
uj0952,0.0004656290798829,0.0007037021005445,0.0091923189005471,0.0008279259973814,0.0005459939154992,0.0004738146087215,0.1068435149078556,0.0276619153538048,0.0004443655218881,0.0004067395489523,0.0003193668474374,0.0006319758449637,0.0005949387874506,0.0003852543195442,0.0005490090059642,0.0005602592106142,0.000421339254336,0.0799933767527925,0.0006602342891776,0.0008650190935585,0.0005201658065259,0.0015780810582277,0.0002332857325853,0.0005119211974116,0.0007271157410424,0.0006013178704411,0.0004125431137546,0.0005164081240284,0.0006415500060454,0.0006412213066327,0.0005677377706286,0.0008060010610307,0.0003496981058159,0.7561327823812272,0.0007601832197665,0.0003892313920014,0.0007663128187536,0.0002581028160229,0.0006159081985036,0.0004237389386361
uj0953,0.0010493524271873,0.00158587927414,0.0804123574730701,0.0018658331114157,0.0012304644731439,0.0607641352392487,0.0019996650799214,0.0026431943336494,0.0010014323827645,0.0009166376228767,0.0007197324887996,0.0014242353312709,0.001340767764754,0.0008682180146475,0.0012372593505137,0.0012626130710305,0.000949539855453,0.1205785819840311,0.0014879192125092,0.0019494269679574,0.001172257651423,0.0035563998476338,0.0005257381041969,0.0011536774102845,0.001638644794051,0.0013551438132196,0.0009297166702876,0.001163789251532,0.0014458118813693,0.0014450711167962,0.00127946692626,0.0018164225694855,0.1798770948585998,0.5101115529438611,0.0017131664263099,0.0008771808368088,0.0017269802318748,0.0005816664554662,0.0013880249128487,0.0009549478393046
uj0954,0.0007726177394597,0.0011676519995539,0.0152528030489812,0.0013737765534264,0.0009059670088857,0.0007861999770406,0.0014723144233501,0.0019461324699945,0.0007373351447493,0.0885813993364057,0.0005299250033685,0.001048636714983,0.0009871811726031,0.0006392520019543,0.0009109699446557,0.0009296373949089,0.0006991276883148,0.000873162825758,0.0010955259154913,0.0453885735410137,0.000863110460548,0.00261850789087,0.0003870907190839,0.0008494301911407,0.0012065022234241,0.0009977659768881,0.0006845322634465,0.0008568753427638,0.001064523108277,0.0010639776977599,0.0009420465600199,0.0013373965344523,0.0005802536217814,0.6832579331919882,0.001261371048773,0.0006458511532194,0.1331312872655398,0.0004282696740374,0.0010219756896673,0.000703109481419
uj0955,0.0001189712308441,0.0001798004219806,0.212160516795593,0.0002115404282333,0.0001395049642876,0.0001210626862173,0.0002267137423715,0.0273721673357218,0.0001135382547349,0.0001039245761541,8.160028780849748e-05,0.000161473901411,0.0001520106945161,0.4941714306171166,0.0001402753393334,0.0001431498391279,0.0001076548949733,0.0001344536253858,0.0001686941160305,0.000221017953368,0.0001329057159853,0.0004032098809559,5.9606008179383045e-05,0.0001307991652209,0.0001857827580264,0.0001536405913328,0.0001054074243645,0.0001319456038893,0.0001639201612719,0.0001638361764535,0.0001450606594102,0.0002059384656917,8.935011980620943e-05,0.2202692920131722,0.0001942317119571,9.945112921478848e-05,0.000195797864003,6.594693294136862e-05,0.040766107883135,0.0001082680297777
uj0956,0.0001294879126354,0.0001956942125255,0.0025563141095277,0.0002302399352817,0.0001518367633899,0.000131764246071,0.0002467545225611,0.0003261646974711,0.0001235746785637,0.0001131111811001,8.881349603430179e-05,0.0001757476853055,0.0001654479607506,0.000107136301891,0.0001526752371613,0.0001558038336769,0.0369491911852333,0.0001463389020518,0.0001836061441382,0.0002405552437636,0.0001446541623395,0.0004388523634537,6.487499141527441e-05,0.0001423613991276,0.0002022053682206,0.0001672219353082,0.0001147251084181,0.0296092251288718,0.0001784101868271,0.0001783187780155,0.0001578835644489,0.0002241427769096,9.724838875196716e-05,0.3576028669030096,0.0002114011830463,0.0001082422955523,0.0002131057779963,0.5672848834620288,0.0001712793947906,0.0001178385823328
uj0957,0.0006113838910515,0.0009239803675496,0.0120697695655424,0.0010870897880969,0.0007169051482615,0.0006221317173533,0.2794119301689678,0.0015400035246913,0.0005834642498904,0.000534060304278,0.0004193375248561,0.1399532347559515,0.000781171122088,0.0005058496024057,0.0007208640456328,0.0007356358762405,0.0005532301222111,0.0006909467109917,0.0008669059261172,0.0011357940517517,0.0006829921251175,0.0020720641803911,0.0003063106345305,0.0006721667247757,0.0009547231266463,0.0007895470349092,0.0005416805457624,0.0006780581838198,0.000842372944359,0.0008419413529171,0.0007454554328761,0.0010583017388186,0.0004591633080151,0.5058912910698282,0.0009981416429784,0.000511071608803,0.0357870482140184,0.0003388961531163,0.0008087045401595,0.0005563809742264
uj0958,0.000229027232746,0.0003461273183492,0.043608602480048,0.0004072288615359,0.0002685559836477,0.0002330534181787,0.0004364384622436,0.0005768924416255,0.0002185684060612,0.0002000614595814,0.0001570857759094,0.0003108475934767,0.0002926303146215,0.0001894936002082,0.0002700390049097,0.0002755726009632,0.000207242562024,0.0002588318330096,0.0003247469686653,0.000425473703919,0.0132849223376347,0.0007762048236027,0.0001147453801351,0.0002517967633308,0.0003576436980673,0.0002957679702962,0.0002029160372789,0.0002540037311319,0.0003155568002534,0.0003153951241035,0.4693257829062642,0.0003964447251547,0.000172004698443,0.4631196938894031,0.000373908475061,0.0001914497879522,0.0003769234179727,0.0001269520660791,0.000302944460351,0.0002084228857591
uj0960,0.0009902387993809,0.0014965412455343,0.0758824530791353,0.0017607243212328,0.0011611481814863,0.0010076467075199,0.0018870170751049,0.2278280381454685,0.000945018255714,0.0008650002760062,0.0006791874846992,0.0013440032613769,0.0012652377096771,0.0008193083106787,0.0011675602800666,0.0575249217460585,0.0008960490127691,0.0011191041366036,0.0014040996107667,0.0018396090486063,0.2264399643807016,0.0033560556243995,0.0004961214703473,0.0010886867977188,0.001546334302406,0.0012788039059364,0.0008773425357367,0.0010982290042044,0.0013643643302711,0.0013636652955116,0.0012073901580456,0.0017140972449045,0.0007436920231356,0.3687083444039915,0.0016166578750629,0.0008277662262712,0.001629693501496,0.0005488991854194,0.0013098327002436,0.0009011523463085
uj0961,0.000421019456595,0.0006362838765364,0.1041167111136913,0.0007486064951227,0.0004936849340798,0.0004284207703283,0.0008023023376208,0.0010604980873879,0.0004017930551114,0.0003677718408795,0.0002887698865293,0.0005714293593834,0.000537940639495,0.0003483450052264,0.0004964111636131,0.3597755694303546,0.0003809728205705,0.0004758090833854,0.0005969805015718,0.0007821458848873,0.0004703312887114,0.0014268929031772,0.0002109357783004,0.0004628765548919,0.0006574543717336,0.0005437085740384,0.0003730193947909,0.0004669336112219,0.0005800862673604,0.0484823205108363,0.0005133456178008,0.0007287820786783,0.0003161952567909,0.4441787763425845,0.0006873538185784,0.0003519410540067,0.0006928961709491,0.0241846409854086,0.0005569010748031,0.0003831426029654
uj0962,0.0001443775161886,0.0002181967703539,0.1096251722267528,0.0002567148493387,0.000169296224784,0.0001469156014875,0.0002751284220326,0.0003636698432374,0.0001377843289903,0.0001261176510457,0.0247393902610698,0.0001959566245518,0.0001844725514952,0.0001194557302364,0.0001702311132848,0.0001737194620031,0.0001306445787902,0.0001631661733515,0.0002047187147288,0.0002682162982928,0.0001612877081717,0.0251296795260592,0.2218356130765484,0.0001587313038635,0.0002254566332062,0.0001864505124893,0.0001279171612296,0.0658677605541871,0.0001989252827742,0.0001988233630127,0.0001760383376193,0.0002499165886852,0.0001084308221175,0.4233634006637753,0.0002357098597573,0.0001206889003022,0.0002376104632961,8.002988882919522e-05,0.0001909745326097,0.1233332098794487
uj0963,0.0003270269453761,0.00049423362573,0.0250602247191636,0.0005814802417177,0.0003834698692456,0.0003327759172682,0.0006231884978957,0.5775524027606962,0.0003120928342578,0.0002856668494394,0.0002243020659236,0.0004438578668281,0.0004178454970953,0.0002705770510407,0.0003855874685696,0.0003934888652403,0.1305249731209088,0.0003695847987173,0.0004637047215277,0.0006075319692868,0.0003653299206314,0.0011083393420314,0.0001638444071113,0.0189636897986638,0.000510677812021,0.0004223257413817,0.0002897428879679,0.0561751418059368,0.0004505821217949,0.0004503512651549,0.0003987413091769,0.0563785326543223,0.0002456047276462,0.1217661473985139,0.0005339022132143,0.0002733702826351,0.0005382072365037,0.0001812742785269,0.0004325730189347,0.0002976060919003
uj0964,0.0006826090799789,0.0010316225171175,0.052308646677223,0.0012137339091991,0.000800423385126,0.000694609009861,0.0013007922839897,0.0017194113298371,0.0006514368478589,0.0005962774261676,0.0004681896370386,0.0009264723118411,0.0008721762361738,0.0393975496029931,0.0008048434873431,0.3891490299885972,0.000617680495457,0.0007714408338324,0.0009678989998205,0.0012681121371685,0.000762559552162,0.0023134561517501,0.0003419953052165,0.0007504730109956,0.0010659467556362,0.0008815279286678,0.0006047854128924,0.039589820192788,0.000940507967194,0.0009400260960794,0.0784978384850694,0.0011815921008854,0.0005126550565557,0.3706629236901031,0.0011144234556627,0.0005706105865635,0.001123409406296,0.0003783769815872,0.0009029172508678,0.0006211984164012
uj0965,0.0002026268393421,0.0003062285811436,0.0270545728295264,0.0003602868362533,0.0002375990378983,0.0002061889189213,0.0580220556690204,0.0005103929811551,0.0001933736209848,0.0001770000045108,0.0001389782075105,0.0002750156155148,0.0002588982761417,0.0001676503218651,0.000238911108552,0.0002438068367371,0.0001833533279715,0.0002289958081187,0.1155591653376666,0.0119036138172244,0.0002263594733746,0.0006867302556249,0.000101518467595,0.0002227716839546,0.0003164174464369,0.0002616742484341,0.0001795255297489,0.0002247242504888,0.0002791819833022,0.0002790389438617,0.2307907663735429,0.000350745807251,0.0001521773982055,0.5480612518851022,0.0003308073524552,0.0001693810162239,0.0003334747573121,0.0001123180662367,0.0002680234911854,0.0001843975936031
uj0966,0.0001798251795956,0.0002717685859397,0.0035500583374354,0.0003197436491904,0.000210861946031,0.0001829864172783,0.0003426781344488,0.0004529583040357,0.4298327723887866,0.0001570821402679,0.000123338947627,0.000244068024809,0.0002297643745287,0.0001487845802488,0.0002120263689757,0.0002163711793819,0.0001627205223107,0.0002032268403103,0.00025498138917,0.00033406894151,0.0002008871731154,0.0006094522914753,9.009456361659588e-05,0.000197703118728,0.0514309488903756,0.0002322279658162,0.0001593234673841,0.0001994359623574,0.0002477655499645,0.0002476386067956,0.0002192593868754,0.0003112762750783,0.000135052829386,0.506847808022905,0.0002935815006537,0.0001503205190459,0.0002959487416323,9.967888014451188e-05,0.0002378627263532,0.0001636472764137
uj0970,0.0001143284947965,0.0001727838861796,0.0868090909399117,0.0002032852696986,0.000134060919354,0.0001163383331671,0.0392418894502887,0.0002879799215129,0.4163653527641961,9.986902110501636e-05,7.84159163010508e-05,0.00015517254017,0.0001460786256786,9.459363336676991e-05,0.0001348012312663,0.0001375635565148,0.0001034537678768,0.0001292067040177,0.0001621109929682,0.0002123929436745,0.0001277192002692,0.0003874750092916,5.727994194583606e-05,0.0001256948555902,0.000178532767406,0.0001476449173644,0.0001012940026127,0.0001267965556097,0.0001575233371298,0.0001574426297369,0.156235491769749,0.0001979019182719,8.586331867671375e-05,0.2962255479097378,0.0001866520091643,9.557014606190807e-05,0.0001881570436567,6.337341831413071e-05,0.0001512273616704,0.0001040429756945
uj0971,0.0009374301386534,0.0014167318713212,0.0185064832798931,0.0016668262702043,0.0010992250570755,0.0009539096966656,0.1617740376977584,0.0023612753603881,0.0008946211712143,0.000818870487784,0.0006429669473174,0.0012723286185624,0.001197763572134,0.0007756152392328,0.0011052952034533,0.0011279447357969,0.0008482634196979,0.0010594231882247,0.0013292200766393,0.001741504136761,0.0010472264839149,0.0031770798026459,0.0004696637003391,0.0010306279822339,0.001463869503412,0.0012106062937566,0.0008305545444557,0.0010396613103104,0.0012916038475764,0.0012909420917939,0.0011430009851897,0.0016226857793907,0.0007040315091666,0.7756791601353639,0.0015304427749375,0.0007836221008015,0.0015427832216078,0.0005196268211427,0.0012399803467303,0.0008530945964508
uj0972,0.1478577746243129,0.0003921063491453,0.005122006316997,0.0890203187848401,0.0003042305553675,0.0002640118826614,0.0004944142891498,0.0006535259632616,0.0002476027033865,0.0002266373220561,0.0001779528133991,0.0003521401188443,0.0003315028841489,0.0002146656441867,0.0003059105789367,0.0003121792495418,0.0002347723513138,0.0002932146632286,0.0003678858660641,0.1333204843724058,0.0002898390031652,0.0008793147013747,0.0001299879833255,0.0298049098174035,0.0004051525473714,0.0003350573412699,0.0002298710975485,0.0002877452035813,0.0003574748895448,0.0003572917365791,0.0003163463407894,0.0004491078443612,0.000194853543095,0.5836791448594691,0.0004235779128036,0.0002168816889595,0.0004269933561833,0.0001438161870151,0.000343187145437,0.0002361094674732
uj0973,0.0002232107749752,0.0003373369447924,0.1059919996898347,0.000396886731267,0.0002617356395373,0.0002271347099582,0.0004253545144757,0.0005622414742065,0.0002130175644052,0.0001949806269779,0.0001530963691868,0.0003029531964701,0.0002851985701645,0.0001846811527528,0.0002631809974593,0.0002685740603221,0.0002019793555666,0.0002522584469175,0.0003164995781397,0.0004146682210872,0.0002493542989614,0.0007564920474238,0.0001118312652941,0.0002454020423922,0.0003485608503995,0.00028825654081,0.000197762708796,0.0002475529612473,0.3177620274255792,0.0003073852363776,0.0002721590923758,0.0130845558574439,0.0001676364054113,0.5529435750682481,0.0003644125612814,0.000186587660451,0.0003673509356212,0.0001237279458625,0.0002952507741487,0.0002031297033766
uj0975,0.000411171381576,0.000621400546915,0.0315082514333219,0.0007310958247529,0.0004821371393392,0.0004183995710231,0.0007835356666629,0.1413818189288722,0.0003923947052563,0.0003591692819666,0.0002820152640024,0.0005580630431452,0.0005253576586125,0.0003401968598373,0.0004847995995798,0.0004947340353545,0.0003720614772623,0.304547954534873,0.000583016518026,0.0007638506939418,0.0004593297595838,0.0013935164210824,0.0002060017750463,0.0004520493996008,0.000642075842611,0.0005309906752769,0.0003642940902333,0.0004560115572404,0.0005665174572045,0.0005662272008664,0.0005013379395912,0.0241027562841013,0.0003087991268479,0.4805710235101411,0.000671275910862,0.0003437087933644,0.000676688621951,0.0002279163738645,0.000543874589977,0.0003741805062312
uj0976,0.0008899687986462,0.0013450038669918,0.0175695147965172,0.0015824361859931,0.0010435721694339,0.0009056140097842,0.0016959407371291,0.0022417258727953,0.0008493272150741,0.0007774117283095,0.0006104140437551,0.2037247203032773,0.0011371217580923,0.0007363464584819,0.0010493349891436,0.0010708377937352,0.0008053165195312,0.0010057854374478,0.0012619227246548,0.0016533331717465,0.0009942062425463,0.0030162267870173,0.0004458850019042,0.0009784481097625,0.0013897549583778,0.0517785164298572,0.0007885042305139,0.0009870240876456,0.0012262109752579,0.0012255827236427,0.0010851317572336,0.0015405304930126,0.0006683869555571,0.6857779409533341,0.0014529576782803,0.0007439479390376,0.0014646733379813,0.0004933185297637,0.0011772011310728,0.0008099030976596
uj0979,0.0012782779574435,0.0019318528901995,0.0252354054676184,0.0022728811377354,0.0014989012010512,0.0013007494514641,0.0024359097360497,0.0032198305987627,0.0012199037307125,0.0011166102425926,0.0008767485087489,0.0017349448888737,0.0016332681331187,0.0010576274677842,0.0015071784411284,0.0015380633004341,0.0011566903887506,0.0014446274482465,0.0018125219731041,0.6568512946015789,0.001427996045404,0.0043322599874963,0.0006404325301694,0.0014053623600224,0.0019961296758319,0.0016507804439426,0.001132542600089,0.0014176801890386,0.0017612285545649,0.0017603261856363,0.0015585939735232,0.0022126912482585,0.000960016029361,0.2577988067017288,0.002086908862501,0.001068545609019,0.0021037362721534,0.0007085621468468,0.0016908348468137,0.0011632781721993
uj0980,0.00038421017647,0.0005806542587515,0.0075849697098732,0.0006831566311065,0.0004505225890923,0.0003909644012714,0.0007321579036101,0.0009677798755354,0.0003666647186742,0.0003356179427616,0.0002635230446592,0.0005214699025657,0.0004909090655865,0.000317889574541,0.0004530104672977,0.0004622934852634,0.0003476647749382,0.0004342096048768,0.0005447871357611,0.0007137637079489,0.0004292107279237,0.0013021411850354,0.0001924938891426,0.0004224077534971,0.0005999738402298,0.000496172715791,0.0003404067086554,0.0004261101057378,0.000529369946351,0.0005290987226133,0.0004684643602946,0.0006650654421574,0.0002885506441749,0.7987748816286862,0.0006272592104631,0.0003211712246283,0.0006323170009026,0.0002129715105347,0.1753660695570122,0.0003496448555824
uj0981,0.0003043762958961,0.0004600018513275,0.0060089115962176,0.0698035394479381,0.0003569098511271,0.0003097270805775,0.0005800250080812,0.0007666877969362,0.0002904765561684,0.0002658808967337,0.0002087663813426,0.0004131152350585,0.0003889045427632,0.0002518362529899,0.0003588807805797,0.000366234908076,0.0002754245537729,0.0003439864929898,0.0004315874502813,0.0005654528871843,0.0003400263176905,0.0183471566436833,0.0001524961610808,0.0003346369129223,0.0004753070748972,0.0003930744748739,0.0002696746193207,0.0003375699644918,0.0004193737524326,0.0004191588854622,0.000371123555487,0.0005268734880274,0.0002285935709963,0.6674310109204811,0.0004969228998607,0.000254436018845,0.0005009297471898,0.1906401369823144,0.0004026120020677,0.0349081601418318
uj0982,0.0002351549330685,0.0003553880706834,0.0046423628359847,0.0004181244061235,0.0002757412889403,0.0002392888404409,0.5890654841946831,0.0005923273921254,0.0002244162769726,0.000205414170941,0.0001612886584582,0.0003191644249554,0.0003004597367027,0.0001945635649507,0.0002772639889329,0.0002829456382022,0.0269681223459667,0.0002657569653948,0.0003334356825826,0.0004368573953754,0.0002626974145362,0.00079697244364,0.0001178154312134,0.0002585336700704,0.0003672125749982,0.0003036813414059,0.0002083451238209,0.0002607996860343,0.0003239996281367,0.0003238336262872,0.0002867225077226,0.0004070517365613,0.000176606741761,0.3684892766574958,0.000383912521548,0.000196572091153,0.0003870081302672,0.0001303487111284,0.0003110498408558,0.0002139993098767
uj0985,0.0008081380311323,0.0012213335777496,0.0159540347000993,0.0014369344921825,0.0009476178936089,0.0008223446978659,0.0015400025375108,0.0020356038727817,0.0007712333560695,0.0007059303477278,0.0005542877505887,0.0010968466900747,0.0010325657934753,0.0006686409434736,0.0009528508341131,0.0009723765008477,0.000731269351827,0.0009133055725066,0.0011458915724854,0.0015013126485483,0.0009027910603304,0.1406607501728016,0.0004048868096257,0.0008884818548599,0.1391838290231069,0.0010436372230555,0.0007160029175812,0.000896269289534,0.0011134634436681,0.0011128929584734,0.0009853561643328,0.0013988819399245,0.0006069301745411,0.6686960482864348,0.0013193612621366,0.000675543483809,0.0013299996914597,0.0004479589239205,0.0010689599520332,0.0007354342037004
uj0987,0.0005716209561673,0.0008638869111682,0.07632237091453,0.0010163880880847,0.0006702793651067,0.0005816697697479,0.0010892912956449,0.0014398454067395,0.000545517141183,0.0004993263091335,0.0003920648228118,0.0007758334957593,0.0007303656348718,0.0004729503633252,0.0006739807853337,0.0006877918916777,0.000517249368306,0.000646009202039,0.0008105244538614,0.001061924743805,0.0006385719632602,0.0344560971567605,0.0002863889290465,0.0006284506208682,0.000892630235301,0.0007381967985084,0.0005064509484758,0.000633958913614,0.0007875870381141,0.0007871835163395,0.0006969728080141,0.0009894723441544,0.0004293004330112,0.5705457257705028,0.0009332249159663,0.2281093980029994,0.0009407498051653,0.0003168551640322,0.0657936984200678,0.0005201952964995
uj0989,0.0003605671750443,0.0005449227495196,0.027630427892023,0.0006411174707915,0.0004227989449293,0.0003669057675788,0.0006871033698703,0.000908225958491,0.0003441014056823,0.0003149651438896,0.0002473067232233,0.0004893803994632,0.0004607001735571,0.0002983277197949,0.4106693676339709,0.0004338454997581,0.0003262706545506,0.0004074898068707,0.0005112627685882,0.0006698410911152,0.0004027985439845,0.0012220117981015,0.0001806484629301,0.0003964142017127,0.0005630534689625,0.0004656399164397,0.000319459225244,0.0003998887236546,0.0004967943011369,0.0004965397675954,0.0004396366399044,0.1236974097246818,0.0002707942084804,0.4214255760968685,0.0005886597893245,0.0003014074281782,0.0005934063403594,0.0001998659604072,0.0004769381656251,0.0003281288876947
uj0991,0.0001678083884772,0.0002536076902459,0.0128592337251112,0.0002983768269669,0.0001967711275708,0.0001707583769178,0.0003197787186287,0.0004226894321394,0.0001601451999983,0.0001465851494,0.0001150968406333,0.0002277582150294,0.0002144104040705,0.0001388420726061,0.0001978577381239,0.0002019122072151,0.0001518467473941,0.0001896462366644,0.0002379422954257,0.0003117448337389,0.0001874629173849,0.0005687257319372,8.407400768381873e-05,0.0001844916369626,0.0002620457484559,0.0002167093662334,0.0001486767001622,0.0001861086835718,0.0002312086536114,0.000231090193401,0.0002046074106686,0.0002904752838816,0.5251784411456836,0.406152925377251,0.0002739629601496,0.0478723129363116,0.0002761720105987,9.301785367258747e-05,0.0002219675847282,0.0001527115712907
uj0993,0.0002484496397213,0.0003754802715401,0.2451825947098652,0.0004417634650675,0.0002913305836266,0.0002528172614587,0.000473450154398,0.0147598017404367,0.0002371038635418,0.0002170274554652,0.000170407265381,0.0003372086877247,0.0003174465122227,0.000205563400198,0.0002929393709041,0.000298942237591,0.0284927906609735,0.0002807817869019,0.0003522867844059,0.3396772329507915,0.0002775492614404,0.014976016593581,0.0001244762380981,0.0002731501157414,0.0003879732853951,0.0003208502533962,0.0002201241125395,0.000275544243062,0.0003423172536931,0.0003421418667721,0.0003029326360036,0.0004300647916544,0.0001865913710179,0.346920206914579,0.0004056173792252,0.0002076854803297,0.0004088880011124,0.0001377180988525,0.0003286353379348,0.0002260979633542
uj0995,0.0007726177394597,0.0011676519995539,0.1031592999696285,0.0013737765534264,0.0009059670088857,0.0007861999770406,0.0014723144233501,0.0019461324699945,0.0007373351447493,0.0006749024157584,0.0005299250033685,0.001048636714983,0.0009871811726031,0.0006392520019543,0.0009109699446557,0.0009296373949089,0.0006991276883148,0.000873162825758,0.0010955259154913,0.0014353250806901,0.000863110460548,0.3542444955734592,0.0003870907190839,0.0008494301911407,0.0012065022234241,0.0009977659768881,0.0006845322634465,0.0008568753427638,0.001064523108277,0.0010639776977599,0.0009420465600199,0.0013373965344523,0.0005802536217814,0.5074449393506937,0.001261371048773,0.0006458511532194,0.0012715418845688,0.0004282696740374,0.0010219756896673,0.000703109481419
uj0996,0.0139870506273128,0.0003651579951496,0.0460062786400038,0.0004296190065399,0.0002833216547077,0.0002458670969711,0.0004604346014615,0.0006086109828187,0.0002305856739104,0.000211061183601,0.0001657226227366,0.0003279385301697,0.0003087196339105,0.0001999122850971,0.0002848862150359,0.0002907240577421,0.0002186371154386,0.0002730628534998,0.0003426021169733,0.0004488669818173,0.0002699191929502,0.2482366413862939,0.0001210542789938,0.0002656409835593,0.0141227386476747,0.0003120298033045,0.0002140727109026,0.0002679692942557,0.0003329066572552,0.0278235982566559,0.000294604756662,0.0004182419397451,0.0001814618133561,0.6397825551367365,0.0003944666077613,0.0002019760274163,0.000397647317433,0.0001339321095794,0.0003196008691572,0.0002198823354079
uj0997,0.00038421017647,0.0005806542587515,0.0075849697098732,0.0006831566311065,0.0004505225890923,0.0003909644012714,0.0007321579036101,0.0009677798755354,0.0003666647186742,0.0003356179427616,0.0002635230446592,0.0005214699025657,0.0004909090655865,0.000317889574541,0.0878819393406314,0.0004622934852634,0.0003476647749382,0.0004342096048768,0.0005447871357611,0.0007137637079489,0.0004292107279237,0.0013021411850354,0.0001924938891426,0.0004224077534971,0.0005999738402298,0.000496172715791,0.0003404067086554,0.0004261101057378,0.000529369946351,0.0005290987226133,0.0004684643602946,0.0006650654421574,0.0002885506441749,0.842489346065353,0.0006272592104631,0.0440356356612952,0.0006323170009026,0.0002129715105347,0.0005082118103446,0.0003496448555824
uj0998,0.0001855187658809,0.0002803732646458,0.0458781736825321,0.0003298673040642,0.0002175382117615,0.0001887800939934,0.0003535279360781,0.0004672997727526,0.000177046809966,0.0001620556413176,0.0001272440789453,0.000251795654287,0.000237039124898,0.0001534953657321,0.0002187395024159,0.179640007053371,0.000167872544604,0.0002096613649603,0.0002630545552508,0.0003446461607181,0.0002072476197242,0.2961387477528387,9.294711837528988e-05,0.0002039627524895,0.0002897018694895,0.0002395807178847,0.0001643679328526,0.0002057504610423,0.0002556102496913,0.000255479287275,0.0002262015305777,0.0003211318377682,0.0001393288431173,0.4279101578042119,0.0003028768151892,0.0001550799350942,0.0003053190072442,0.0001028348914784,0.0424611080440826,0.0001688286413967
uj0999,0.0007101876325278,0.0010733017983245,0.0140203253608235,0.0012627707963091,0.0008327618333469,0.0007226723797183,0.0821567033536309,0.0017888784334896,0.0006777559899094,0.000620368035,0.0004871052842027,0.0009639033482668,0.0009074136200099,0.0005875982943054,0.0008373605151125,0.0008545195727209,0.0006426358242125,0.0008026083383357,0.0010070037439727,0.001319345995959,0.0007933682379791,0.002406923663276,0.0003558124895656,0.000780793380263,0.0011090127936906,0.0009171431365768,0.0006292197586687,0.0007876369386424,0.000978506067654,0.0009780047281375,0.0008659260356349,0.0012293304049915,0.0005333671813008,0.8300567907716739,0.0011594480337633,0.0005936642119957,0.0011687970318846,0.0003936640467261,0.0413410750623281,0.0006462958750675
uj1000,0.0008899687986462,0.0013450038669918,0.2707155256309756,0.0015824361859931,0.0010435721694339,0.0009056140097842,0.0016959407371291,0.0022417258727953,0.0008493272150741,0.0007774117283095,0.0006104140437551,0.0012079116357105,0.0011371217580923,0.0007363464584819,0.0010493349891436,0.0010708377937352,0.0008053165195312,0.0010057854374478,0.0012619227246548,0.0016533331717465,0.0009942062425463,0.0030162267870173,0.0004458850019042,0.2034952567773293,0.0013897549583778,0.0011493142629655,0.0007885042305139,0.0009870240876456,0.0012262109752579,0.0012255827236427,0.0010851317572336,0.0015405304930126,0.0006683869555571,0.4832611322857673,0.0014529576782803,0.0007439479390376,0.0014646733379813,0.0004933185297637,0.0011772011310728,0.0008099030976596
uj1001,6.421215923319061e-05,9.704340490129037e-05,0.2788917618291255,0.0001141743896032,7.529479956707779e-05,6.534097722137245e-05,0.3909878778050321,0.0001617428149391,6.12798274033711e-05,5.609105146596057e-05,4.404199769183244e-05,8.71520601731811e-05,8.204449808714692e-05,5.312815023938576e-05,7.571059290431776e-05,7.726204225231426e-05,5.810441069835594e-05,7.256844819960926e-05,9.104901549220529e-05,0.0001192896796507,7.173299744230221e-05,0.000217623848191,3.217105901411246e-05,7.059603204186508e-05,0.0001002722419237,8.292419978630875e-05,5.6891386847293966e-05,7.121479761909267e-05,8.847237624119124e-05,8.842704724447558e-05,7.8293366341011e-05,0.0001111508509864,4.8224802582868326e-05,0.3271036833331264,0.0001048323828192,5.367660483755951e-05,0.0001056776796513,3.559343657222654e-05,8.493626584766193e-05,5.843533700224974e-05
uj1002,0.0002260815996836,0.0003416756028893,0.0944937184932334,0.0004019912887629,0.0002651019516749,0.0002300560023445,0.0004308252102793,0.0005694727412294,0.0002157572891666,0.000197488369723,0.0001550654176769,0.0003068496280918,0.013150363631291,0.0001870564288413,0.0002665658990634,0.000272028324788,0.0002045771124383,0.0002555028681708,0.0003205702365083,0.0004200014751607,0.0002525613685246,0.0007662216676076,0.000113269582775,0.0002485582800195,0.0003530438647245,0.0002919639514393,0.0002003062332781,0.0002507368629109,0.0003114982674197,0.0003113386706671,0.0002756594657206,0.0003913458525192,0.0001697924605333,0.4957477722865309,0.000369099452338,0.0001889874570825,0.3862169850358934,0.0001253192724646,0.0002990481410889,0.0002057422554432
uj1005,0.0002556771134922,0.0003864031040993,0.0486829512449007,0.0004546144954024,0.0002998054767848,0.0002601717906425,0.0004872229599315,0.0006440203311274,0.0002440012853157,0.0002233408485686,0.0001753644633158,0.0003470181885499,0.0003266811254962,0.0002115433005306,0.0003014610641618,0.0003076385560225,0.0002313575526182,0.000288949812432,0.0003625349115394,0.0004749823293088,0.1748274043318843,0.0008665249385324,0.0001280972888148,0.0002810961336921,0.0003992595434358,0.0003301838825108,0.0002265275883164,0.0002835599068871,0.0003522753642188,0.0003520948752401,0.0003117450363095,0.0004425755041069,0.0001920193693899,0.7642763745692575,0.000417416909193,0.0002137271126032,0.0004207826744418,0.0001417243592293,0.0003381954374696,0.0002326752202246
uj1007,0.0001375966528957,0.0002079488972102,0.0027163945889801,0.0002446579283959,0.000161345024441,0.000140015533973,0.0002622066855529,0.0707958895695946,0.0001313131226457,0.0001201943842301,9.43751392510053e-05,0.0001867532865427,0.0001758085767573,0.0001138453485256,0.0001622360047815,0.0001655605190164,0.000124508699381,0.0001555028782297,0.0001951038546404,0.0002556191979987,0.0001537126374211,0.0943987338898225,6.89375671728947e-05,0.0001512762977087,0.0002148677918922,0.0001776936404399,0.000121909378259,0.2897775018744198,0.0080172825089392,0.0001894853851917,0.0001677704858568,0.0002381789562115,0.0001033382384458,0.5287228303912839,0.000224639463355,0.0001150206012795,0.000226450802768,7.627118906889761e-05,0.0001820051845268,0.0001252178228915
uj1011,0.0008081380311323,0.0012213335777496,0.2458237999052979,0.0014369344921825,0.0009476178936089,0.0008223446978659,0.0015400025375108,0.0020356038727817,0.0007712333560695,0.0007059303477278,0.0005542877505887,0.0010968466900747,0.0010325657934753,0.0006686409434736,0.0009528508341131,0.0009723765008477,0.000731269351827,0.0009133055725066,0.0011458915724854,0.0015013126485483,0.0009027910603304,0.0027388910496824,0.0004048868096257,0.0008884818548599,0.0012619698999877,0.0010436372230555,0.0007160029175812,0.000896269289534,0.0011134634436681,0.0011128929584734,0.0009853561643328,0.0013988819399245,0.0006069301745411,0.7146700013274746,0.0013193612621366,0.000675543483809,0.0013299996914597,0.0004479589239205,0.0010689599520332,0.0007354342037004
uj1012,0.0002449869968014,0.0003702472025558,0.1023954728852652,0.0004356066071374,0.0002872703089413,0.0002492937469896,0.0004668516790415,0.0006170931947993,0.0002337993467178,0.0002140027435641,0.0001680322991238,0.0003325090098489,0.00031302225981,0.0002026984628487,0.0002888566745486,0.0002947758792755,0.0002216842611726,0.2372058884461383,0.0003473769630789,0.0004551228414688,0.0002736810570586,0.0705153005187319,0.0001227414126219,0.0002693432222584,0.000382566101262,0.0003163785630387,0.0002170562425252,0.0002717039826237,0.0003375463777274,0.000337373435174,0.0002987106635007,0.0004240709781493,0.0001839908468615,0.5790141994997263,0.0003999642893357,0.000204790967547,0.0004031893285619,0.0001357987215475,0.000324055146845,0.0002229468357741
uj1015,0.0001798251795956,0.0002717685859397,0.3718310519032161,0.0003197436491904,0.000210861946031,0.0001829864172783,0.0003426781344488,0.0004529583040357,0.0001716132287092,0.0001570821402679,0.000123338947627,0.000244068024809,0.0002297643745287,0.0001487845802488,0.0002120263689757,0.0002163711793819,0.0001627205223107,0.0002032268403103,0.00025498138917,0.00033406894151,0.0002008871731154,0.0006094522914753,9.009456361659588e-05,0.000197703118728,0.0002808108951283,0.0002322279658162,0.0001593234673841,0.0001994359623574,0.0002477655499645,0.0002476386067956,0.0002192593868754,0.4504324906332546,0.000135052829386,0.1692568972542727,0.0002935815006537,0.0001503205190459,0.0002959487416323,9.967888014451188e-05,0.0002378627263532,0.0001636472764137
uj1016,0.0001936957711913,0.0002927311178421,0.4776455340691964,0.0003444066779344,0.0002271265200081,0.0001971008470113,0.0113882182419309,0.0004878966795141,0.0001848504016858,0.0001691984758085,0.0001328525439667,0.0002628939083773,0.0002474869638207,0.0001602608938163,0.0002283807592686,0.0002330607012222,0.0001752717674383,0.0002189024899028,0.0002746490615263,0.0003598369338619,0.0002163823553884,0.0006564616360574,9.704389573867753e-05,0.0002129527029256,0.0003024708943049,0.0002501405811585,0.0001716126849046,0.0002148192072933,0.0002668766375373,0.000266739902765,0.0002361716870089,0.1766410150752792,0.0001454699614276,0.3145416142033125,0.0113353346003451,0.0001619153053425,0.0003187763797733,0.0001073674866028,0.000256209971942,0.0001762700055665
uj1018,0.000421019456595,0.0006362838765364,0.0562141796618705,0.0007486064951227,0.0004936849340798,0.0004284207703283,0.0008023023376208,0.0010604980873879,0.0004017930551114,0.0003677718408795,0.0002887698865293,0.0005714293593834,0.000537940639495,0.0003483450052264,0.0004964111636131,0.000506583541699,0.0003809728205705,0.0004758090833854,0.0005969805015718,0.0007821458848873,0.0004703312887114,0.0014268929031772,0.0002109357783004,0.0004628765548919,0.0006574543717336,0.0005437085740384,0.0003730193947909,0.0004669336112219,0.0005800862673604,0.0005797890590156,0.0005133456178008,0.0007287820786783,0.0003161952567909,0.539983839246226,0.0006873538185784,0.0003519410540067,0.3839131477855151,0.0002333752594982,0.0005569010748031,0.0003831426029654
uj1020,0.0002383434119775,0.00036020679744,0.0453824769310004,0.0004237937783662,0.000279480080522,0.0002425333712316,0.1089266396423572,0.0006003587924129,0.0002274591498422,0.0002081993931905,0.0001634755804124,0.0003234919932705,0.0003045336871022,0.0001972016632259,0.0002810234268891,0.0002867821139591,0.000215672602544,0.0002693603789743,0.0003379567556793,0.0004427807692687,0.0002662593434942,0.1635164507868142,0.0001194128972444,0.000262039142584,0.0003721916308711,0.000307798973724,0.0002111700870247,0.0002643358835853,0.0003283927572426,0.0003282245045648,0.0002906101942649,0.0004125709738573,0.0001790013624647,0.3463675313748132,0.0003891180129316,0.0001992374231474,0.0003922555951827,0.0001321161166037,0.3257326116814116,0.000216900938506
uj1021,0.000232050636813,0.0003506965686058,0.0573853505778745,0.0004126047174173,0.0002721012094422,0.0002361299721933,0.2512624913899386,0.0005845080379601,0.0002214537424462,0.0002027024845079,0.0001591594759147,0.0003149511136872,0.0002964933472956,0.0001919951181049,0.2378928273097479,0.0002792104535998,0.0002099783851721,0.0002622486896305,0.0003290339754724,0.0004310904112048,0.0002592295281107,0.0007864515562395,0.0001162601416978,0.0002551207495187,0.0003623649768353,0.0002996724233761,0.0002055947456796,0.0002573568516518,0.0003197224870226,0.0003195586765749,0.000282937464409,0.0004016782189187,0.0001742753441587,0.4428312325031326,0.0003788444662557,0.0001939771296162,0.0003818992096337,0.0001286279689327,0.0003069436507639,0.000211174290441
uj1023,0.0002003177396473,0.0003027388542863,0.0039546167192515,0.0003561810710627,0.0002348914012017,0.0002038392263963,0.4790063155794989,0.0005045766328329,0.0001911699693331,0.0001749829437022,0.0001373944363892,0.0002718815861042,0.0002559479170857,0.0001657398083896,0.0002361885197299,0.0002410284570608,0.0001812638658102,0.0002263862123101,0.0002840386182043,0.000372138848409,0.0002237799207714,0.0006789043988487,0.0001003615810576,0.0002202330171664,0.0003128116090691,0.0002586922548879,0.0001774796885005,0.000222163332597,0.0002760004746998,0.0002758590653114,0.0002442457995822,0.0003467487699428,0.0001504432114368,0.5076281721379169,0.0003270375302584,0.000167450780061,0.0003296745378404,0.0001110381093794,0.0002649691427895,0.000182296231175
uj1024,0.0001150769557577,0.0132670806932478,0.2117624676432107,0.0002046160935551,0.000134938560267,0.0001170999517017,0.0002192927409041,0.0002898652059229,0.000109821816789,0.0001005228219239,7.892927259242537e-05,0.0001561883900574,0.0066936177730242,9.521289842294018e-05,0.0001356837186926,0.0001384641277321,0.0001041310365375,0.0132232182294533,0.0001631722660116,0.0002137833916731,0.0001285553245929,0.000390011646535,5.765492983036929e-05,0.0001265177273738,0.000179701546956,0.0001486114870456,0.0001019571321912,0.0001276266397637,0.0001585545767043,0.1179969643083626,0.0001403124012981,0.0001991974995724,8.642543000462029e-05,0.6320405374036008,0.0001878739420029,9.619580393932308e-05,0.0001893888293283,6.378829764644091e-05,0.00015221738412,0.000104724101653
uj1025,0.000164664480019,0.0002488563225122,0.1156614143751986,0.0658656683931141,0.0001930845990371,0.0001675592001044,0.0003137876294621,0.0004147702995324,0.0001571448622119,0.0001438388606403,0.0001129404887723,0.0002234911400329,0.000210393401768,0.0001362408512345,0.000194150851823,0.0001981293599936,0.0001490018820222,0.0001860931937388,0.0002334844205724,0.0003059042602818,0.0001839507791841,0.3846278061976307,8.249887198126662e-05,0.0001810351660246,0.0002571362927815,0.0002126492926241,0.0001458912259709,0.0001826219170892,0.0002268769342718,0.0002267606934264,0.0002007740685165,0.0002850331977606,0.0001236667966963,0.3517058333930895,0.0002688302342145,0.0001376472981178,0.0002709978978625,9.127515404007476e-05,0.0751582452132956,0.0001498505033488
uj1028,0.000421019456595,0.0006362838765364,0.0083116482100498,0.0007486064951227,0.0004936849340798,0.0004284207703283,0.0008023023376208,0.0010604980873879,0.0004017930551114,0.0003677718408795,0.0002887698865293,0.0005714293593834,0.000537940639495,0.0003483450052264,0.0483989426154339,0.000506583541699,0.0003809728205705,0.0004758090833854,0.0005969805015718,0.0007821458848873,0.0004703312887114,0.0014268929031772,0.0002109357783004,0.0004628765548919,0.0006574543717336,0.0005437085740384,0.3835932710093568,0.0004669336112219,0.0005800862673604,0.0724335862367467,0.0005133456178008,0.0007287820786783,0.0003161952567909,0.4681300420684949,0.0006873538185784,0.0003519410540067,0.0006928961709491,0.0002333752594982,0.0005569010748031,0.0003831426029654
uj1030,0.0002484496397213,0.0003754802715401,0.0049048232116827,0.0004417634650675,0.0002913305836266,0.0002528172614587,0.000473450154398,0.00062581518172,0.0002371038635418,0.0002170274554652,0.000170407265381,0.0003372086877247,0.0709873793058058,0.000205563400198,0.0002929393709041,0.000298942237591,0.0002248175435403,0.0002807817869019,0.0003522867844059,0.0004615555415926,0.0002775492614404,0.0008420300348644,0.0001244762380981,0.0002731501157414,0.0569239195202615,0.0003208502533962,0.0002201241125395,0.000275544243062,0.0992802231647095,0.0003421418667721,0.0003029326360036,0.0004300647916544,0.1556604435169008,0.530662032177895,0.0004056173792252,0.0708776182739128,0.0004088880011124,0.0001377180988525,0.0003286353379348,0.0002260979633542
uj1031,0.0002846600747548,0.0004302048587611,0.0056196794797642,0.000506148534291,0.0003337907263883,0.0002896642580238,0.0167364059428521,0.0007170249737973,0.000271660701928,0.0002486582462581,0.0001952433698698,0.0003863553610436,0.0003637129359549,0.0002355233556904,0.000335633987289,0.0003425117452192,0.0002575837051813,0.0003217044892436,0.0004036310235611,0.0005288252183446,0.4699426240493571,0.0009647521845439,0.0001426180987099,0.000312960535799,0.0004445186740754,0.0003676127573351,0.0002522062273913,0.0003157035965771,0.0003922084778849,0.0003920075290966,0.0003470837265338,0.0004927448310211,0.0002137862372517,0.4784520537825367,0.0166586868410125,0.0002379547196062,0.0004684816170133,0.0001577899020438,0.0003765324834785,0.0002590507405143
uj1032,0.0002124213189238,0.0003210309123406,0.0041935621918497,0.0003777022096199,0.0002490839869449,0.0002161555806079,0.4837800276114358,0.0005350641138086,0.0002027208229079,0.000185555746365,0.0001456960698637,0.0002883091892563,0.0002714127776147,0.000175754123216,0.0002504594798446,0.0002555918554052,0.000192216173747,0.0002400648983448,0.0003012007723854,0.0003946241862604,0.0002373011297084,0.0007199250954037,0.0001064256188946,0.0002335399154335,0.0003317122821481,0.0002743229335326,0.0001882033492383,0.0002355868641982,0.0002926769489441,0.0002925269953312,0.0002590035958882,0.0003676999909052,0.0001595332767473,0.3207811777728442,0.0003467977605848,0.0001775684750538,0.0003495941011863,0.1209615556635739,0.0607028832930467,0.0001933109165929
uj1033,0.0005536179669705,0.000836679114531,0.0109293708690713,0.0009843773236575,0.0006491691660515,0.0320579779912853,0.2530120060268513,0.0013944980117168,0.0005283362819206,0.0004836002129293,0.0003797168871852,0.0007513989086576,0.0007073630411208,0.0004580549677144,0.0006527540114264,0.0006661301421181,0.000500958792026,0.0006256633827337,0.0007849972879499,0.0010284798193594,0.0006184603770212,0.0018762875106303,0.0002773692163504,0.0006086578025397,0.0008645171783715,0.0007149475651742,0.0004905004644081,0.0006139926136562,0.0007627822775718,0.0007623914645653,0.0006750219089126,0.0009583092810614,0.0004157797757045,0.6470604836378729,0.0323984610390595,0.0004627835786697,0.0009111212402981,0.000306875928608,0.0007322949949383,0.0005038119393079
uj1034,0.000145573174873,0.0416273750755202,0.1767848243718742,0.0002588408267564,0.0001706982471124,0.00014813227926,0.2155957377249665,0.0003666815656844,0.0001389253863646,0.0001271620911269,9.984609625832304e-05,0.0001975794342947,0.0001860002561826,0.0001204449997919,0.0001716408778682,0.0001751581152566,0.000131726508507,0.0001645174298167,0.0416137854017244,0.000270437524664,0.0001626234081759,0.0004933675317507,7.293389999089336e-05,0.0001600458330711,0.0002273237465115,0.0001879945976098,0.0001289765039081,0.0001614486152023,0.0002005726773837,0.0002004699135763,0.0001774961945816,0.0002519862664823,0.0001093287891802,0.3606176796674377,0.0002376618848943,0.0580920082222437,0.0002395782282325,8.06926542937926e-05,0.0995702472374347,0.0001324767401342
uj1037,0.0003927956011385,0.0005936293533799,0.1641739841336249,0.0230440684037969,0.0004605898074716,0.0003997007534576,0.000748518445084,0.00098940554223,0.0003748580787504,0.0003431175425677,0.0002694116373797,0.0005331224845105,0.0005018787458807,0.0003249930225032,0.0004631332789231,0.0004726237319239,0.0003554335689939,0.0004439122990824,0.0005569607563491,0.0007297132192345,0.0004388017189936,0.0013312383712539,0.0001967952894843,0.0004318467277073,0.0006133806433906,0.0005072600157503,0.0003480133165298,0.3132746785598116,0.0005411990598791,0.0005409217754718,0.0004789324991454,0.0006799267592252,0.0002949984947793,0.4590936833830239,0.0229869219191685,0.0003283480031823,0.0006464465328886,0.000217730496559,0.0005195681316514,0.0003574578958196
uj1038,0.0002416195449208,0.0003651579951496,0.2109514516287081,0.0004296190065399,0.0002833216547077,0.0002458670969711,0.1379147454253819,0.0006086109828187,0.0002305856739104,0.000211061183601,0.0001657226227366,0.0003279385301697,0.0003087196339105,0.0001999122850971,0.0002848862150359,0.0002907240577421,0.0002186371154386,0.0002730628534998,0.0003426021169733,0.0004488669818173,0.0002699191929502,0.0008188819032373,0.0001210542789938,0.0002656409835593,0.0003773075652826,0.0003120298033045,0.0002140727109026,0.0002679692942557,0.0003329066572552,0.0003327360918718,0.000294604756662,0.0004182419397451,0.0001814618133561,0.5435645375599923,0.0966124841845055,0.0002019760274163,0.000397647317433,0.0001339321095794,0.0003196008691572,0.0002198823354079
uj1039,0.0001214369311883,0.0001835268183473,0.0162141615083963,0.0002159246419882,0.0001423962299829,0.0001235717323536,0.0002314124258149,0.0003058852298776,0.0001158913556635,0.0001060784318499,8.32914685780694e-05,0.0001648204773139,0.0001551611437393,0.0001004750440077,0.0001431825711912,0.0001461166455155,0.0001098860622034,0.0001372402011659,0.1176148851022321,0.0002255985905508,0.0001356602110622,0.000411566478893,6.084135351321925e-05,0.000133510001651,0.0001896331393931,0.0001568248204632,0.0001075920123585,0.0001346802004688,0.0001673174363543,0.1866938645809999,0.0001480670678949,0.0002102065777565,9.1201917249986e-05,0.6738800107037601,0.0001982571994269,0.0001015122719111,0.0001998558102581,6.731369509133101e-05,0.0001606300051939,0.0001105119043379
uj1040,0.0002757297652971,0.0004167085420675,0.1779884831574409,0.0004902697249896,0.016009237584151,0.0002805769581444,0.0005254356581015,0.0006945305832144,0.0002631382066754,0.0002408573802948,0.0001891182267004,0.0003742346836437,0.0003523025930235,0.0002281345553726,0.0003251045325575,0.063075440466642,0.0002495028311757,0.0787412044585224,0.0003909683768931,0.000512234999808,0.0003080245670761,0.000934486136292,0.0001381439069679,0.0003031423888912,0.0004305733067013,0.0003560800698431,0.0002442940547423,0.0003057993948138,0.0003799041774576,0.0003797095328019,0.0003361950724493,0.0004772865205135,0.0002070793702698,0.6516731557845038,0.0004501547472544,0.000230489642936,0.0004537844880999,0.0001528397429611,0.0003647199677921,0.0002509238429154
uj1041,0.0001505606308299,0.000227541269976,0.3027544777122552,0.0002677089250473,0.0001765465085804,0.0001532074122249,0.3428950846793185,0.0003792443758356,0.0001436850836536,0.0001315187683061,0.0001032669051263,0.0002043486672072,0.0001923727769886,0.0001245715439317,0.0001775214346364,0.0001811591754526,0.0001362395663565,0.0001701539314322,0.0002134860028482,0.0002797029353038,0.0001681950190619,0.0005102707066475,7.543267501784492e-05,0.0001655291341272,0.0002351120438723,0.0001944354461832,0.0001333953443523,0.0001669799767208,0.000207444461251,0.0002073381766715,0.0001835773592863,0.0002606195219355,0.0001130744828585,0.3472771231072518,0.0002458043753262,0.0001258575257655,0.0002477863741534,8.345725058485806e-05,0.0001991532120874,0.0001370155015324
uj1043,0.0002351549330685,0.0137330555405744,0.0581530327155485,0.0004181244061235,0.2544514232168682,0.0002392888404409,0.0807141203388272,0.0005923273921254,0.0002244162769726,0.000205414170941,0.0001612886584582,0.0003191644249554,0.0003004597367027,0.0001945635649507,0.0002772639889329,0.0002829456382022,0.0002127874061848,0.0002657569653948,0.0003334356825826,0.0004368573953754,0.0002626974145362,0.00079697244364,0.0001178154312134,0.0002585336700704,0.0003672125749982,0.0003036813414059,0.0002083451238209,0.0002607996860343,0.0003239996281367,0.0003238336262872,0.0002867225077226,0.0004070517365613,0.000176606741761,0.542398953766078,0.000383912521548,0.000196572091153,0.0003870081302672,0.0001303487111284,0.0003110498408558,0.0403470017195495
uj1045,0.0002026268393421,0.0003062285811436,0.0040002023187882,0.0003602868362533,0.0002375990378983,0.0002061889189213,0.0003861293921751,0.0005103929811551,0.0001933736209848,0.1615575935796776,0.0001389782075105,0.0002750156155148,0.0002588982761417,0.0001676503218651,0.000238911108552,0.0002438068367371,0.0001833533279715,0.0002289958081187,0.000287312783976,0.0003764285618553,0.0002263594733746,0.0006867302556249,0.000101518467595,0.3114567735789192,0.0003164174464369,0.0002616742484341,0.0001795255297489,0.0002247242504888,0.0002791819833022,0.0002790389438617,0.0002470612661618,0.000350745807251,0.0001521773982055,0.501952510863626,0.0118579926078242,0.0001693810162239,0.0003334747573121,0.0001123180662367,0.0002680234911854,0.0001843975936031
uj1046,0.1454153139701638,0.0012801889231879,0.209480493222692,0.001506179518644,0.000993283041516,0.0008619730042877,0.0016142143523436,0.0021336984239271,0.0008083986370476,0.0007399487152138,0.0005809985506743,0.0011497030857501,0.0010823245306213,0.0007008623565414,0.0009987681543396,0.0010192347514486,0.0007665087909895,0.0009573172298784,0.0012011114121444,0.0015736600204302,0.0009462960295562,0.0028708765954691,0.0004243980664011,0.0009312972719057,0.0013227834858496,0.0010939294858691,0.0007505066762732,0.1455076922219764,0.0011671205909077,0.0011665226143677,0.0010328398972687,0.0014662932363152,0.0006361777820173,0.4599730630835841,0.0013829405039225,0.0007080975262283,0.0013940915928859,0.0004695458005034,0.0011204725022347,0.0007708743446206
uj1047,4.9973274180065707e-05,7.552427357080089e-05,0.1744044662036367,8.885650543635267e-05,5.8598366851893e-05,5.08517796141836e-05,9.522998062249006e-05,0.0001258767519132,4.769117956950541e-05,4.365300166557481e-05,3.4275795306913296e-05,6.78263096958865e-05,6.385133667574294e-05,4.1347116345220366e-05,5.892195906078724e-05,6.012937841204055e-05,4.521990354436187e-05,5.647657705343878e-05,7.085912495939192e-05,9.283749276195828e-05,5.582638540348616e-05,0.0001693663063763,2.5037207469334187e-05,5.4941539225319874e-05,7.803712409217694e-05,0.0029074524883595,4.427586468599023e-05,5.542309508971133e-05,6.885384899154239e-05,6.881857158601313e-05,6.093200897404647e-05,8.650342891478713e-05,3.753107371769458e-05,0.2972130108381713,8.158606519597994e-05,4.177395251359029e-05,8.224391957843517e-05,2.7700681398597983e-05,0.5231627418416082,4.547744777142677e-05
uj1048,0.0001545314101444,0.0002335422820801,0.3283213035547325,0.0090658662560938,0.0001812026210081,0.0001572479958751,0.0002944778671214,0.0003892462980806,0.0001474745321623,0.0001349873510411,0.0001059903932552,0.0002097380140519,0.0001974462801968,0.0001278569054973,0.0001822032590726,0.008977033904776,0.0001398326520717,0.0001746414505632,0.0002191163313038,0.0002870796221813,0.000172630875227,0.16755457057255,7.742208289923479e-05,0.0001698946821335,0.0002413127221988,0.0001995633487661,0.0001369134185732,0.0001713837882209,0.0002129154543726,0.000212806366719,0.0001884188983848,0.0002674929164009,0.0264893475261595,0.2597338970742618,0.0002522870456204,0.0001291768029041,0.0002543213162793,8.565829293200232e-05,0.1936085387828743,0.0001406290512117
uj1050,0.0008081380311323,0.0012213335777496,0.0159540347000993,0.0014369344921825,0.0009476178936089,0.0008223446978659,0.0015400025375108,0.0020356038727817,0.0007712333560695,0.0007059303477278,0.0005542877505887,0.0010968466900747,0.0010325657934753,0.0006686409434736,0.0009528508341131,0.0009723765008477,0.000731269351827,0.0009133055725066,0.0011458915724854,0.0015013126485483,0.0009027910603304,0.0027388910496824,0.0004048868096257,0.0008884818548599,0.0472359229410275,0.0010436372230555,0.0007160029175812,0.0928441753716134,0.0011134634436681,0.0011128929584734,0.0009853561643328,0.0013988819399245,0.0006069301745411,0.806617907409554,0.0013193612621366,0.000675543483809,0.0013299996914597,0.0004479589239205,0.0010689599520332,0.0007354342037004
uj1051,0.0003605671750443,0.0005449227495196,0.2737769682359167,0.0006411174707915,0.0004227989449293,0.0003669057675788,0.0006871033698703,0.04193264934914,0.0003441014056823,0.0003149651438896,0.0002473067232233,0.0004893803994632,0.0004607001735571,0.0002983277197949,0.0004251337274814,0.0004338454997581,0.0003262706545506,0.0004074898068707,0.0005112627685882,0.0006698410911152,0.0004027985439845,0.0012220117981015,0.0001806484629301,0.0003964142017127,0.1646607470315582,0.0004656399164397,0.000319459225244,0.0003998887236546,0.0004967943011369,0.0004965397675954,0.0004396366399044,0.000624139552735,0.0002707942084804,0.5034744228781665,0.0005886597893245,0.0003014074281782,0.0005934063403594,0.0001998659604072,0.0004769381656251,0.0003281288876947
uj1052,0.0002074085120254,0.0003134550909488,0.4760629440316899,0.023967206198806,0.0002432059991122,0.0002110546510445,0.2127809959060808,0.0005224374476417,0.0001979369323612,0.0001811769244552,0.000142257873228,0.0002815055487361,0.000265007865665,0.0001716066040981,0.0002445490325566,0.0002495602921778,0.0001876801762933,0.0002343997467274,0.0002940929109087,0.0003853116800903,0.0120309097804023,0.0007029360026759,0.0001039141427431,0.0002280287430848,0.0003238843973357,0.0002678493465096,0.0119829706298375,0.0002300273870986,0.0002857702362087,0.0002856238212638,0.0002528915209856,0.0003590228531288,0.0001557685439312,0.2542152068128337,0.0003386138823591,0.0001733781401044,0.0003413442337486,0.0001149685948187,0.00027434842134,0.0001887490849409
uj1053,0.0002991955503695,0.000452172225415,0.0059066347688437,0.0175528511746139,0.0003508349394485,0.0003044552601079,0.0005701524851335,0.0007536381132786,0.0002855323961295,0.0002613553759065,0.000205212998537,0.0004060836595551,0.0003822850540009,0.000247549784041,0.0003527723219919,0.0003600012759329,0.0002707365917202,0.0003381315479471,0.0004242414618369,0.0005558283942284,0.0003342387782268,0.0861183018838831,0.0001499005456699,0.0003289411057486,0.0004672169409569,0.0003863840102918,0.0002650845260824,0.0003318242342656,0.0004122356515976,0.0004120244418472,0.0003648067143734,0.0005179056495228,0.0002247027124231,0.7241541924401218,0.0004884648460463,0.0002501052996523,0.0004924034933983,0.0001658470603067,0.1535834757488947,0.0002722785376508
uj1054,0.0004313508555575,0.000651897650387,0.0575936197526841,0.0007669765543822,0.0005057994716288,0.0004389337901728,0.0008219900394805,0.0010865216562948,0.000411652657293,0.19668884442634,0.0002958560125014,0.0005854516678497,0.0005511411680638,0.0003568930453923,0.000508592600125,0.0005190145982575,0.0003903215148923,0.0004874849653273,0.0006116298096691,0.0008013389674328,0.0004818727510171,0.0014619074366593,0.0002161119326253,0.0004742350854398,0.0006735876484923,0.0005570506419875,0.0003821729199499,0.0004783916978994,0.0005943210077434,0.0005940165062012,0.0005259426089852,0.0007466656664642,0.0003239543740878,0.7250075477572225,0.0007042207980421,0.0003605773376351,0.0007098991542306,0.0002391020563863,0.0005705668736073,0.0003925445415903
uj1055,0.0001240069987357,0.0001874109441672,0.1153217388080506,0.0002204944290343,0.0001454098760456,0.0001261869804168,0.0143455134140321,0.0003123589252752,0.0001183440577311,0.0001083234551102,8.505423298813867e-05,0.0001683087057774,0.0001584449439493,0.0001026014782596,0.0001462128592261,0.0001492090297276,0.0001122116694105,0.0001401447260395,0.0001758345348274,0.0002303731151591,0.0001385312973331,0.374314167441058,6.21289880628853e-05,0.000136335581309,0.0001936464982016,0.0001601438304032,0.0001098690687417,0.0001375305459865,0.0001708585099723,0.0989351949154037,0.0001512007304661,0.0002146553488054,9.313209685424728e-05,0.3918486040966579,0.0002024530761614,0.0001036606578523,0.0002040855196807,6.873830901689812e-05,0.000164029547322,0.000112850756746
uj1057,0.0002204119445646,0.0003331070911941,0.0168902683392754,0.0003919101854297,0.000258453747489,0.0002242866774938,0.0380368933734648,0.0256331064597154,0.0002103465462282,0.0001925357731919,0.0001511767003273,0.0002991544792291,0.0002816224774274,0.0001823654436359,0.0002598809821295,0.0002652064216065,0.0001994467450206,0.0002490953889842,0.0003125310033953,0.0004094687139056,0.0002462276560158,0.1888313682315718,0.0001104290178165,0.0002423249566236,0.0003441902607263,0.000284642104309,0.0001952829706045,0.0002444489051987,0.0504595163552408,0.0003035309459767,0.0002687465010958,0.0003815317145303,0.0001655344196561,0.6337829412821757,0.0254377581151125,0.0001842480457152,0.0003627447378689,0.0001221765264135,0.0128305060909697,0.0002005826686684
uj1058,9.566276507798192e-05,0.0001445744942437,0.0944048258039233,0.0001700960992585,0.0001121735946679,9.734446915566418e-05,0.0001822967058721,0.0002409631617025,9.129420039620562e-05,8.356400319570066e-05,6.561341853430526e-05,0.0001298384473901,0.0001222292419407,7.914989646931318e-05,0.000112793040281,0.0001151043772034,8.656348979708984e-05,0.5116687094744801,0.0001356441004885,0.0001777168177637,0.0001068672501378,0.0003242142814301,4.792818832957368e-05,0.00010517340811,0.0001493847900077,0.0001235398145486,8.475633649335621e-05,0.0001060952401549,0.0001318054437869,0.0001317379130075,0.0001166408356436,0.0001655916554296,7.184492805581301e-05,0.3893580584182906,0.0001561784517131,7.996697977577074e-05,0.0001574377682233,5.30268192471398e-05,0.000126537374594,8.705650117757546e-05
uj1059,0.0001114295421208,0.0001684027184747,0.1479987904560768,0.000198130698412,0.0001306616245277,0.0001133884183378,0.0002123421631071,0.0002806778034758,0.0001063409670434,9.73367078224466e-05,7.642757532987794e-05,0.0001512379318178,0.0001423746057531,9.219508463192932e-05,0.0001313831648362,0.1395939690164944,0.0064399166298336,0.0001259304943466,0.0001580004508181,0.0002070074350709,0.0001244807082553,0.000377650059554,5.582753201721826e-05,0.000122507693557,0.0001740058290895,0.0255002454672586,9.872555700848994e-05,0.0064626675298041,0.1713088530466039,0.0001534504602121,0.0001358651393546,0.0001928838490975,0.0127618582814323,0.4852260191415456,0.0001819191965584,9.31468365349706e-05,0.0001833860688781,6.176650010082439e-05,0.0001473927886226,0.0001014048261824
uj1060,0.0005058256001093,0.0007644508315408,0.0963132080622834,0.000899398647045,0.0005931281182714,0.0005147177638849,0.0009639104678873,0.0012741147067315,0.0004827264156986,0.0004418522925774,0.0003469369380896,0.0006865326390562,0.00064629827086,0.0004185123004498,0.0005964034934783,0.0293844051370577,0.0004577123517021,0.0005716515267189,0.0007172305596118,0.000939693891574,0.0005650703373347,0.1168174335541367,0.0002534246695064,0.0293318942317198,0.0007898857093593,0.0006532280431213,0.0004481568636958,0.0005609882641,0.0006969333120037,0.0006965762368447,0.0006167490625911,0.0008755809892438,0.0003798866133444,0.6199772530416613,0.0008258078155859,0.0004228327029961,0.0008324665665533,0.0002803841457615,0.086996418631444,0.0004603191943664
uj1061,0.0004536132942362,0.0006855427244131,0.1121770587404199,0.0266120489917717,0.0263373923048535,0.0004615875915083,0.0008644137477277,0.0011425980994839,0.0004328984527326,0.0520072194939999,0.0003111254300791,0.000615667399862,0.0005795861016931,0.0003753126438132,0.0005348415606331,0.0005458014482617,0.0004104663892521,0.0005126445402013,0.000643196621132,0.000842696853695,0.0005067426740326,0.0789538219927845,0.0002272656804058,0.0004987108210801,0.0007083521644913,0.0005858005693339,0.0004018972373713,0.0521140580179748,0.0006249944950445,0.0006246742778805,0.0005530870203852,0.0007852018102991,0.0003406739755326,0.297927110427626,0.0007405663207891,0.0003791870859747,0.3362178821169409,0.0002514423468938,0.0006000143868603,0.0004128041485278
uj1062,0.0008081380311323,0.0012213335777496,0.0159540347000993,0.0014369344921825,0.0928955239756884,0.0008223446978659,0.0015400025375108,0.0020356038727817,0.0007712333560695,0.0007059303477278,0.0005542877505887,0.0010968466900747,0.0010325657934753,0.0006686409434736,0.0009528508341131,0.0009723765008477,0.000731269351827,0.0009133055725066,0.0011458915724854,0.0015013126485483,0.0009027910603304,0.0027388910496824,0.0004048868096257,0.0008884818548599,0.0012619698999877,0.0010436372230555,0.0007160029175812,0.000896269289534,0.0011134634436681,0.0011128929584734,0.0009853561643328,0.0013988819399245,0.0006069301745411,0.8525918604505938,0.0013193612621366,0.000675543483809,0.0013299996914597,0.0004479589239205,0.0010689599520332,0.0007354342037004
uj1063,0.0001958539065507,0.0002959926933134,0.2155622443951812,0.0003482440163806,0.0002296571368144,0.0001992969213225,0.022656986075453,0.0004933327665765,0.000186909982985,0.0224548469724517,0.000134332771289,0.0002658230411919,0.0002502444342824,0.0335876914626035,0.0002309253506604,0.0002356574359733,0.0001772246247284,0.000221341475539,0.0002777091688661,0.0003638461943936,0.000218793261984,0.0006637758539165,9.812514734020456e-05,0.0002153253967394,0.0003058409892129,0.0002529276179105,0.0001735247731301,0.0002172126974779,0.0002698501454489,0.0002697118871939,0.0002388030839955,0.0003390219024263,0.000147090770522,0.4963163061019037,0.0003197499033415,0.0001637193465125,0.2008761979137183,0.0001085637624319,0.0002590646331279,0.0001782339851077
uj1066,0.0007400884480212,0.0011184906999197,0.0146106188868868,0.0013159368539276,0.0008678233534134,0.0007530988367536,0.0014103260136615,0.0018641950421293,0.0007062913457444,0.0006464872030944,0.0005076137309311,0.0010044862799455,0.0009456181817136,0.0427150358773684,0.0008726156520891,0.0008904971523198,0.0006696925263137,0.0008364003149047,0.0010494013186003,0.0013748940221288,0.0008267711813924,0.0025082616436434,0.0003707931553973,0.0008136668882381,0.0011557052245429,0.0009557573371793,0.1690665040460852,0.0008207985788899,0.0010197038132187,0.0010191813659559,0.0009023838580984,0.0012810885319096,0.0005558233787166,0.7386963269188431,0.0012082639243025,0.0006186590770918,0.0012180065404693,0.0004102383652419,0.00097894775573,0.0006735066751849
uj1067,0.0008899687986462,0.0013450038669918,0.1188279191303005,0.0015824361859931,0.0010435721694339,0.0009056140097842,0.0016959407371291,0.0022417258727953,0.0008493272150741,0.0007774117283095,0.0006104140437551,0.0012079116357105,0.0011371217580923,0.0007363464584819,0.0010493349891436,0.0010708377937352,0.0008053165195312,0.0010057854374478,0.0012619227246548,0.0016533331717465,0.0009942062425463,0.0030162267870173,0.0004458850019042,0.0009784481097625,0.0013897549583778,0.0011493142629655,0.0007885042305139,0.0009870240876456,0.0012262109752579,0.0012255827236427,0.0010851317572336,0.0015405304930126,0.0006683869555571,0.8376655474540091,0.0014529576782803,0.0007439479390376,0.0014646733379813,0.0004933185297637,0.0011772011310728,0.0008099030976596
uj1069,0.0002150196988533,0.0003249578264733,0.1999600490500566,0.0003823223383611,0.0002521308319401,0.0002187996387709,0.0004097454507678,0.0005416091247394,0.0002052005444359,0.0858132212878175,0.0001474782532418,0.0002918358447476,0.0002747327528296,0.0001779039826962,0.0002535231501432,0.000258718305945,0.0001945674003118,0.0002430014200498,0.0003048851202921,0.0003994513079941,0.0002402038444444,0.3432303145089763,0.000107727438286,0.0002363966222465,0.0003357698529262,0.000277678506355,0.0001905054901335,0.0002384686096966,0.0002962570317428,0.0002961052438674,0.000262171779518,0.0003721977705126,0.0368580829138406,0.3247050371025127,0.0003510398599431,0.0001797405280474,0.0003538704059404,0.0001191875511477,0.0002844160751232,0.0001956755342705
uj1071,0.0001314241595412,0.5684167724107965,0.1521256315751182,0.0002336827381905,0.0001541071951029,0.0001337345312394,0.0002504442698979,0.0003310418738298,0.0001254225042343,0.0001148025449498,9.014153394445536e-05,0.0001783756596464,0.0375506950775355,0.0001087383227191,0.0001549582066642,0.0001581335854253,0.0001189233228232,0.0001485271236434,0.0001863516268727,0.0002441522926072,0.0001468171918341,0.0004454145707944,6.584507425028743e-05,0.0001444901446835,0.000205228967185,0.0001697224231779,0.0001164406054994,0.0001457565831106,0.0001810779738442,0.0001809851981867,0.0001602444146388,0.000227494408343,9.870255453454242e-05,0.2358487129160728,0.0002145622880346,0.0001098608544245,0.0002162923719791,7.284971479779587e-05,0.0001738405542953,0.0001196006355297
uj1072,0.0004536132942362,0.0006855427244131,0.3960374270572689,0.0008065609629672,0.000531904276049,0.0004615875915083,0.0008644137477277,0.0011425980994839,0.0004328984527326,0.000396243436391,0.051922101487688,0.000615667399862,0.0005795861016931,0.0003753126438132,0.0005348415606331,0.0005458014482617,0.0004104663892521,0.0005126445402013,0.000643196621132,0.000842696853695,0.0005067426740326,0.0015373579063711,0.0002272656804058,0.0004987108210801,0.0007083521644913,0.0005858005693339,0.0004018972373713,0.0005030819603659,0.0006249944950445,0.0006246742778805,0.0005530870203852,0.0007852018102991,0.0003406739755326,0.4269545505716483,0.1039625184360069,0.0003791870859747,0.000746537742483,0.0002514423468938,0.0006000143868603,0.0004128041485278
uj1073,0.0006113838910515,0.1748282715557098,0.0120697695655424,0.0010870897880969,0.0007169051482615,0.0006221317173533,0.0011650642679115,0.0363208617623234,0.0005834642498904,0.000534060304278,0.0004193375248561,0.0008298018054234,0.000781171122088,0.0005058496024057,0.0007208640456328,0.0007356358762405,0.0005532301222111,0.0006909467109917,0.0008669059261172,0.0011357940517517,0.0006829921251175,0.0020720641803911,0.0003063106345305,0.0006721667247757,0.0009547231266463,0.0355704052725413,0.0005416805457624,0.0006780581838198,0.000842372944359,0.0008419413529171,0.0007454554328761,0.0010583017388186,0.0004591633080151,0.7145764404956204,0.0009981416429784,0.000511071608803,0.0010061899763864,0.0003388961531163,0.0008087045401595,0.0005563809742264
uj1077,0.0009902387993809,0.0014965412455343,0.0195490170714679,0.0017607243212328,0.0011611481814863,0.0010076467075199,0.0018870170751049,0.002494294114799,0.000945018255714,0.0008650002760062,0.0006791874846992,0.0013440032613769,0.0012652377096771,0.0008193083106787,0.0011675602800666,0.0011914857383911,0.1698963570357713,0.0011191041366036,0.0014040996107667,0.0018396090486063,0.0011062203500321,0.0033560556243995,0.0004961214703473,0.0010886867977188,0.001546334302406,0.0012788039059364,0.0008773425357367,0.0010982290042044,0.0013643643302711,0.0013636652955116,0.0012073901580456,0.0017140972449045,0.0007436920231356,0.7067089604499959,0.0016166578750629,0.0008277662262712,0.001629693501496,0.0005488991854194,0.0013098327002436,0.0572345883539759
uj1078,0.1709446602001236,0.0005036027265687,0.3667581547620043,0.0005925032614735,0.0003907392408273,0.0003390842924237,0.0006350021738059,0.0008393576326916,0.0003180091238079,0.0002910821861938,0.0002285541211553,0.0004522720031715,0.0004257665214723,0.0002757063331127,0.0003928969831132,0.0004009481651855,0.0003015304304617,0.0003765909534332,0.000472495091242,0.0006190488471087,0.1709836892782154,0.0011293499380703,0.0001669503770255,0.0003663551815538,0.0005203586424378,0.0004303316969699,0.0002952354934754,0.0193263922245146,0.0004591237286696,0.0004588884957204,0.0004063001787878,0.0005768127331697,0.0002502606137292,0.2567722289581201,0.000544023304563,0.0002785525155124,0.0005484099374298,0.0001847106634805,0.0004407732303803,0.0003032477587964
uj1083,0.0001480249037341,0.0002237090426499,0.2134460168127403,0.0002632001980893,0.0001735731299288,0.0001506271083014,0.0002820789501094,0.0003728571799636,0.0001412651538361,0.0001293037423557,0.0001015276942318,0.0002009070473789,0.0001891328539063,0.0001224735224398,0.0001745316363777,0.0001781081107266,0.0001339450331971,0.000167288215926,0.0002098904929263,0.0002749922064239,0.1349005626896219,0.0426064269016142,7.416224544474436e-05,0.000162741308995,0.1433873027292302,0.0001911607838325,0.0001311487132957,0.0001641677166427,0.0002039507023688,0.0002038462078236,0.0001804855677498,0.0170981302432786,0.0001111700937201,0.3414283165104771,0.0507673647104527,0.0001237378458961,0.0002436131808063,8.205167191211997e-05,0.0001957990935949,0.0506604080479979
uj1089,0.000229027232746,0.0003461273183492,0.0305795321507709,0.0004072288615359,0.0002685559836477,0.0002330534181787,0.0004364384622436,0.0005768924416255,0.0002185684060612,0.0002000614595814,0.0001570857759094,0.0003108475934767,0.0002926303146215,0.0001894936002082,0.0002700390049097,0.0002755726009632,0.000207242562024,0.0002588318330096,0.0003247469686653,0.000425473703919,0.0002558520083576,0.0007762048236027,0.0001147453801351,0.0002517967633308,0.1306483469908389,0.0002957679702962,0.0002029160372789,0.0002540037311319,0.0003155568002534,0.0003153951241035,0.0002792510522864,0.0003964447251547,0.000172004698443,0.8279336631091636,0.000373908475061,0.0001914497879522,0.0003769234179727,0.0001269520660791,0.000302944460351,0.0002084228857591
uj1092,0.0001616362080344,0.1289781990743616,0.1135343362050386,0.0002874021931437,0.0001895336651511,0.0001644776925966,0.0003080168992639,0.0004071424414906,0.0001542548802091,0.0001411935834566,0.0001108634499474,0.0278052208754668,0.0002065241493084,0.0001337353056979,0.0001905803089513,0.000194485650129,0.0001462616539844,0.0001826708357108,0.0002291905113482,0.0003002785096569,0.0001805678213593,0.0557194870879153,8.098167153371786e-05,0.0001777058279582,0.0002524074123845,0.0002087385530686,0.0001432082046395,0.0001792633977824,0.0002227045404202,0.0002225904373091,0.0001970817209814,0.0002797912776613,0.000121392495063,0.5751197650492128,0.0002638862956869,0.018525675795658,0.0002660140947868,0.0736518361865413,0.0002138033683988,0.0001470946686897
uj1093,0.0003270269453761,0.00049423362573,0.0622685254071375,0.0005814802417177,0.0003834698692456,0.0003327759172682,0.0006231884978957,0.0194278924410876,0.0003120928342578,0.0002856668494394,0.1490575048178193,0.0004438578668281,0.0004178454970953,0.0002705770510407,0.0003855874685696,0.0003934888652403,0.0002959207130001,0.0003695847987173,0.0004637047215277,0.0006075319692868,0.0003653299206314,0.2987747448458226,0.0001638444071113,0.0003595394546769,0.000510677812021,0.0562347767733426,0.0002897428879679,0.0003626907739759,0.0004505821217949,0.0004503512651549,0.0003987413091769,0.0005660816223615,0.0002456047276462,0.4008284025583182,0.0005339022132143,0.0002733702826351,0.0005382072365037,0.0001812742785269,0.0004325730189347,0.0002976060919003
uj1094,0.0002556771134922,0.0003864031040993,0.005047505974891,0.0004546144954024,0.0002998054767848,0.0002601717906425,0.0004872229599315,0.0006440203311274,0.0002440012853157,0.0002233408485686,0.0001753644633158,0.5239723614286667,0.0003266811254962,0.0002115433005306,0.0003014610641618,0.0003076385560225,0.0002313575526182,0.000288949812432,0.0003625349115394,0.0004749823293088,0.0002856232518453,0.0008665249385324,0.0001280972888148,0.0002810961336921,0.0003992595434358,0.0003301838825108,0.0002265275883164,0.0002835599068871,0.0003522753642188,0.0003520948752401,0.0003117450363095,0.0004425755041069,0.0001920193693899,0.4588282576791893,0.000417416909193,0.0002137271126032,0.0004207826744418,0.0001417243592293,0.0003381954374696,0.0002326752202246
uj1097,0.0001100345057157,0.1816982965054258,0.1085875819714154,0.0001956502113527,0.0001290258130589,0.0001119688578829,0.0002096837563486,0.0002771638721924,0.0001050096367915,9.611810592944992e-05,7.547074424263771e-05,0.0001493445163312,0.1441142489890572,9.104085302526357e-05,0.0001297383200807,0.0001323968969638,9.956821554436512e-05,0.0001243539140181,0.0001560223723237,0.0064641400263752,0.000122922278449,0.0003729220891125,5.512860210968932e-05,0.0001209739648064,0.0001718273720873,0.0001420996185819,9.748956748974484e-05,0.0001220342867961,0.0001516070212472,0.0001515293450904,0.0001341641827503,0.0001904690496976,8.263843450857599e-05,0.4603720843920261,0.0001796416685604,0.0376503259507813,0.0565186080683405,6.099321758870221e-05,0.0001455475122079,0.0001001352936914
uj1099,0.0002351549330685,0.348174742287848,0.3123287146434764,0.0004181244061235,0.0002757412889403,0.0002392888404409,0.0004481155194816,0.0005923273921254,0.0002244162769726,0.000205414170941,0.0001612886584582,0.0003191644249554,0.0003004597367027,0.0001945635649507,0.0002772639889329,0.0002829456382022,0.0002127874061848,0.0002657569653948,0.0003334356825826,0.0004368573953754,0.0002626974145362,0.00079697244364,0.0001178154312134,0.0002585336700704,0.0003672125749982,0.0003036813414059,0.0002083451238209,0.0002607996860343,0.0404570020378095,0.0003238336262872,0.0002867225077226,0.0004070517365613,0.000176606741761,0.2882232718381501,0.000383912521548,0.000196572091153,0.0003870081302672,0.0001303487111284,0.0003110498408558,0.0002139993098767
uj1100,0.0001980606751535,0.0002993277678788,0.1278516996731554,0.0003521678286497,0.034034510586786,0.0002015424838255,0.0003774280266085,0.000498891355012,0.0001890159766272,0.000173011337044,0.0001358463553028,0.0002688181815571,0.0002530640439105,0.000163872348037,0.0002335272840218,0.0002383126877366,0.0001792214893525,0.0002238354233357,0.0228156821059875,0.0003679458029854,0.0002212584979834,0.1133454742502352,9.923076477775704e-05,0.0002177515588379,0.0003092870286835,0.0002557774601006,0.0001754799499652,0.0002196601245901,0.000272890660897,0.0002727508448279,0.0565786034559534,0.0566799514820973,0.0001487481042963,0.5807804648837498,0.0003233526604163,0.0001655640414686,0.0003259599557212,0.0001097869961502,0.0002619836236579,0.0001802422226211
uj1101,0.0002594508648297,0.0003921063491453,0.0198818386929453,0.0004613245291502,0.0003042305553675,0.0002640118826614,0.1333329056726847,0.1334920173467964,0.0002476027033865,0.0002266373220561,0.0001779528133991,0.0003521401188443,0.0003315028841489,0.0002146656441867,0.0003059105789367,0.0003121792495418,0.0002347723513138,0.0002932146632286,0.0003678858660641,0.0004819929888709,0.0002898390031652,0.0008793147013747,0.0296496527352221,0.0002852450655069,0.0004051525473714,0.0003350573412699,0.0002298710975485,0.0002877452035813,0.0003574748895448,0.0003572917365791,0.0003163463407894,0.0299687725962578,0.000194853543095,0.6427184743632623,0.0004235779128036,0.0002168816889595,0.0004269933561833,0.0001438161870151,0.000343187145437,0.0002361094674732
uj1102,0.000411171381576,0.000621400546915,0.171854378408011,0.0007310958247529,0.0004821371393392,0.0004183995710231,0.0007835356666629,0.0010356919541831,0.0003923947052563,0.0003591692819666,0.0002820152640024,0.0005580630431452,0.0005253576586125,0.0003401968598373,0.023875820762028,0.0004947340353545,0.0003720614772623,0.0004646794230466,0.000583016518026,0.0007638506939418,0.2343695413840656,0.0013935164210824,0.0002060017750463,0.0004520493996008,0.000642075842611,0.0005309906752769,0.0003642940902333,0.0004560115572404,0.0005665174572045,0.0005662272008664,0.0005013379395912,0.0007117351216531,0.0003087991268479,0.5039620446725893,0.000671275910862,0.0003437087933644,0.000676688621951,0.0002279163738645,0.000543874589977,0.0471562228311275
uj1104,6.421215923319061e-05,9.704340490129037e-05,0.1985268898028548,0.00376712311807,7.529479956707779e-05,6.534097722137245e-05,0.0001223638590793,0.0001617428149391,6.12798274033711e-05,5.609105146596057e-05,4.404199769183244e-05,8.71520601731811e-05,8.204449808714692e-05,5.312815023938576e-05,7.571059290431776e-05,7.726204225231426e-05,5.810441069835594e-05,7.256844819960926e-05,9.104901549220529e-05,0.0001192896796507,0.5881964782806047,0.000217623848191,3.217105901411246e-05,0.0037235447605087,0.0001002722419237,8.292419978630875e-05,5.6891386847293966e-05,7.121479761909267e-05,8.847237624119124e-05,8.842704724447558e-05,7.8293366341011e-05,0.0001111508509864,4.8224802582868326e-05,0.2029034265652536,0.0001048323828192,5.367660483755951e-05,0.0001056776796513,3.559343657222654e-05,8.493626584766193e-05,5.843533700224974e-05
uj1105,0.0007101876325278,0.0010733017983245,0.0140203253608235,0.0012627707963091,0.0008327618333469,0.0007226723797183,0.0013533464755634,0.0017888784334896,0.0006777559899094,0.000620368035,0.0004871052842027,0.0009639033482668,0.0413090920590436,0.0005875982943054,0.0008373605151125,0.0008545195727209,0.0006426358242125,0.0008026083383357,0.0010070037439727,0.001319345995959,0.0007933682379791,0.002406923663276,0.0003558124895656,0.000780793380263,0.0011090127936906,0.0009171431365768,0.0006292197586687,0.0007876369386424,0.000978506067654,0.0009780047281375,0.0008659260356349,0.0012293304049915,0.0005333671813008,0.9108601476497414,0.0011594480337633,0.0005936642119957,0.0011687970318846,0.0003936640467261,0.0009393966232944,0.0006462958750675
uj1109,0.0001334191912861,0.0002016355275418,0.0026339243117374,0.0002372300652768,0.0001564465575719,0.0001357646346553,0.000254246038694,0.0003360671222279,0.0001273264302579,0.0001165452589408,9.150989134835389e-05,0.0001810834198084,0.0001704709935779,0.0001103889812165,0.000157310487573,0.0001605340688978,0.00012072859063,0.0001507817800757,0.0001891804630063,0.0078379080186671,0.0001490458913323,0.0004521760080485,6.684460899213181e-05,0.0001466835193757,0.0002083443632122,0.0001722988263541,0.0001182081854115,0.0001479691824634,0.0001838267554031,0.0001837325714019,0.0001626769407076,0.00023094779597,0.000100200869078,0.2546090186532616,0.0002178193647958,0.0001115285530643,0.0002195757115858,7.395558067619199e-05,0.7288212286008628,0.0001214161850104
uj1110,0.0006113838910515,0.0009239803675496,0.0120697695655424,0.0010870897880969,0.0007169051482615,0.0006221317173533,0.0011650642679115,0.0015400035246913,0.0005834642498904,0.000534060304278,0.0004193375248561,0.0008298018054234,0.000781171122088,0.0005058496024057,0.0007208640456328,0.0007356358762405,0.0005532301222111,0.0006909467109917,0.0008669059261172,0.0011357940517517,0.0006829921251175,0.0716337806556552,0.0003063106345305,0.0006721667247757,0.0009547231266463,0.0007895470349092,0.0005416805457624,0.0006780581838198,0.000842372944359,0.0008419413529171,0.0007454554328761,0.0010583017388186,0.0004591633080151,0.8189190152085165,0.0009981416429784,0.0700727880840671,0.0010061899763864,0.0003388961531163,0.0008087045401595,0.0005563809742264
uj1111,7.331831246743291e-05,0.0001108054731132,0.2016547718777353,0.0001303658632986,8.59726211944335e-05,7.460721212389542e-05,0.0001397167103838,0.000184680135144,6.997013629761837e-05,6.404552170677431e-05,0.496397657163984,9.951140183205308e-05,9.367951831586842e-05,0.0125736213337998,8.644737965429041e-05,8.821884551733223e-05,6.634440252736589e-05,8.28596363042953e-05,0.0001039609981571,0.0001362065707059,8.190570732251251e-05,0.0002484858552115,3.673335058924041e-05,0.0125935663976543,0.0001144922029249,9.468397362195847e-05,6.495935547701473e-05,8.1314019750994e-05,0.0001010189565878,0.0001009671993258,8.939642531986866e-05,0.0001269135459851,5.506373226931461e-05,0.2733877415472836,0.0001196990335168,6.128867386905906e-05,0.0001206642048802,4.0641067603958685e-05,9.698137788235218e-05,6.672225865994766e-05
uj1113,0.0001835812623567,0.1464893348495876,0.2229420444529587,0.0003264222667868,0.0002152663065452,0.0001868085301159,0.0003498357941065,0.0004624194311211,0.0001751977850621,0.0001603631797778,0.0001259151791425,0.0002491659743987,0.0002345635578702,0.0001518923051973,0.0002164550512727,0.0002208906135274,0.0001661193330341,0.0002074717232195,0.0002603072907063,0.0003410467774007,0.0002050831864299,0.2826022552064418,9.197640595944896e-05,0.0002018326253842,0.0002866763082185,0.000237078607206,0.0001626513224189,0.0002036016636337,0.0211403535485746,0.0002528111366052,0.0002238391482031,0.000317778031136,0.0001378737335855,0.3190041256603982,0.0002997136586534,0.0001534603257822,0.0003021303451715,0.0001017609140632,0.0002428310633124,0.0001670654446326
uj1114,0.0001874976021756,0.0002833638666451,0.1636990557564861,0.000333385834336,0.000219858583541,0.0001907937172511,0.0003572988425295,0.000472284226732,0.0001789352801257,0.0001637842081464,0.0001286013281729,0.0002544814331472,0.0002395675032073,0.0001551326243638,0.0002210726877647,0.000225602873887,0.0001696631574435,0.0962104160789711,0.0002658604272011,0.0003483223296945,0.0002094582268828,0.0646344674283392,0.0854259548595663,0.1495371668825908,0.0002927919750714,0.0002421362061008,0.0001661211637437,0.0002079450987547,0.0002583367169411,0.0002582043576139,0.0855606306302283,0.0003245571911708,0.0001408149945066,0.3471424460548341,0.0003061074513563,0.0001567340955382,0.0003085756930578,0.0001039317800581,0.0002480113793768,0.0001706294524446
uj1115,0.0001710746858089,0.0002585440234618,0.0325739776811394,0.0003041845666312,0.0002006011685763,0.0001740820941405,0.0003260030342595,0.000430916847806,0.000163262337611,0.0001494383481388,0.0001173371368835,0.0002321914025284,0.0002185837838226,0.0001415445566439,0.000201708929402,0.0002058423164882,0.0001548023602233,0.000193337595615,0.0002425737104086,0.0003178127742504,0.000191111779235,0.000579795663289,8.571046167431814e-05,0.0001880826644851,0.000267146323801,0.0002209274940106,0.000151570609778,0.0001897311860109,0.0002357090019862,0.0002355882360134,0.0002085899805841,0.0002961292243865,0.0001284810080923,0.2972717905331027,0.0002792954974193,0.0001430057549463,0.0002815475458118,9.482839467121164e-05,0.6620174552694232,0.0001556840174381
uj1116,0.0009374301386534,0.0014167318713212,0.0185064832798931,0.0016668262702043,0.0010992250570755,0.0009539096966656,0.0017863839302831,0.0023612753603881,0.0008946211712143,0.000818870487784,0.0006429669473174,0.0012723286185624,0.001197763572134,0.0007756152392328,0.0011052952034533,0.0011279447357969,0.0008482634196979,0.0010594231882247,0.0013292200766393,0.001741504136761,0.1077056623288984,0.0031770798026459,0.0004696637003391,0.0010306279822339,0.001463869503412,0.0012106062937566,0.0008305545444557,0.0010396613103104,0.0012916038475764,0.0012909420917939,0.0011430009851897,0.0016226857793907,0.0007040315091666,0.8290083780578557,0.0015304427749375,0.0007836221008015,0.0015427832216078,0.0005196268211427,0.0012399803467303,0.0008530945964508
uj1117,0.0003210540083365,0.4388297865568927,0.0428668733073637,0.0005708598787089,0.0003764660384666,0.0003266979789507,0.0006118063603856,0.0008086969769586,0.0003063926591625,0.0002804493279778,0.0002202053328056,0.0004357510880731,0.0004102138175603,0.0002656351350515,0.0003785449611995,0.0003863020439367,0.0002905159113088,0.0003628345698302,0.0004552354527234,0.0005964357882123,0.0003586574043587,0.3115821735878746,0.0001608518942869,0.0003529726975444,0.0005013506098994,0.0004146122330633,0.0002844509202815,0.0003560664600212,0.0004423525288433,0.0004421258886514,0.0003914585553595,0.0005557425052414,0.0002411189150989,0.1925995969172224,0.0005241508323267,0.0002683773500656,0.0005283772271318,0.0001779634202999,0.0004246723506758,0.0002921705078463
uj1119,0.0011159718578635,0.0016865607722021,0.1490036660606766,0.0019842878234827,0.0013085820250209,0.0011355900909599,0.0021266162792667,0.0028110007799033,0.0010650095504271,0.0009748314908188,0.0007654255918989,0.0015146546646235,0.0014258880568911,0.0009233379041528,0.0013158082835456,0.0013427716162218,0.0010098225621354,0.0012611995442404,0.0015823815954621,0.0020731887389176,0.0012466798715659,0.0037821822701715,0.0005591152349672,0.001226920040945,0.0017426761761032,0.0014411767864915,0.0009887408776559,0.0012376738448825,0.0015376010285673,0.0015368132356433,0.001360695459199,0.0019317403924698,0.0008381204304011,0.7964415371880594,0.0018219289059281,0.0009328697421129,0.0018366196979452,0.0006185942664691,0.0014761453832098,0.0010155738784995
uj1121,0.0001222817013369,0.4453977134651927,0.2389334095157745,0.000217426711335,0.0001433868024816,0.0001244313531434,0.000233022235182,0.0003080131057105,0.0001166975482837,0.0001068163613394,8.387088165775327e-05,0.0001659670430065,0.0001562405147442,0.0001011739938002,0.0001441786138346,0.0001471330989053,0.0001106504792896,0.0140510983419802,0.0001733881659236,0.0002271679562536,0.0001366039247705,0.0004144295212322,6.126459345139115e-05,0.0001344387575313,0.0001909523131714,0.0001579157647549,0.0001083404709977,0.0001356170967807,0.0001684813720218,0.0001683950502581,0.0001490970893037,0.0002116688696655,9.18363589839237e-05,0.2890065282544695,0.0001996363660624,0.0001022184371295,0.0071576978155432,6.778195956119338e-05,0.0001617474200694,0.0001112806750647
uj1122,0.0008470817266554,0.0012801889231879,0.1131016717270198,0.001506179518644,0.000993283041516,0.0008619730042877,0.0016142143523436,0.0021336984239271,0.0008083986370476,0.0007399487152138,0.0005809985506743,0.0011497030857501,0.0010823245306213,0.0007008623565414,0.0009987681543396,0.0010192347514486,0.0007665087909895,0.0009573172298784,0.0012011114121444,0.0015736600204302,0.0009462960295562,0.2438179303346497,0.0004243980664011,0.0009312972719057,0.0013227834858496,0.0010939294858691,0.0007505066762732,0.000939459978468,0.0011671205909077,0.0011665226143677,0.0010328398972687,0.0014662932363152,0.0006361777820173,0.6045412953270924,0.0013829405039225,0.0007080975262283,0.0013940915928859,0.0004695458005034,0.0011204725022347,0.0007708743446206
uj1124,0.0001189712308441,0.5890065212717415,0.3610592278150728,0.0002115404282333,0.0001395049642876,0.0001210626862173,0.0002267137423715,0.0002996744230891,0.0001135382547349,0.0001039245761541,8.160028780849748e-05,0.000161473901411,0.0001520106945161,9.8434961570123e-05,0.0001402753393334,0.0001431498391279,0.0001076548949733,0.0001344536253858,0.0001686941160305,0.000221017953368,0.0001329057159853,0.0004032098809559,5.9606008179383045e-05,0.0001307991652209,0.0001857827580264,0.0001536405913328,0.0001054074243645,0.0001319456038893,0.0001639201612719,0.0001638361764535,0.0001450606594102,0.0002059384656917,8.935011980620943e-05,0.0442980880810598,0.0001942317119571,9.945112921478848e-05,0.000195797864003,6.594693294136862e-05,0.000157368514186,0.0001082680297777
uj1125,0.0002594508648297,0.1332305977326801,0.2707989890840666,0.0004613245291502,0.0003042305553675,0.0002640118826614,0.0004944142891498,0.0006535259632616,0.0002476027033865,0.0002266373220561,0.0001779528133991,0.0741513019985859,0.0003315028841489,0.0002146656441867,0.0003059105789367,0.0003121792495418,0.0002347723513138,0.0002932146632286,0.0003678858660641,0.0004819929888709,0.0002898390031652,0.0008793147013747,0.0001299879833255,0.0002852450655069,0.0004051525473714,0.0003350573412699,0.0002298710975485,0.0002877452035813,0.0003574748895448,0.0003572917365791,0.0150761787167377,0.0004491078443612,0.000194853543095,0.4951201506037792,0.0004235779128036,0.0002168816889595,0.0004269933561833,0.0001438161870151,0.000343187145437,0.0002361094674732
uj1126,0.0007400884480212,0.0011184906999197,0.1830214113247595,0.0013159368539276,0.0008678233534134,0.0007530988367536,0.0014103260136615,0.0018641950421293,0.0007062913457444,0.0006464872030944,0.0005076137309311,0.0010044862799455,0.0430483162911818,0.0006123377679002,0.0008726156520891,0.0008904971523198,0.0006696925263137,0.0008364003149047,0.0010494013186003,0.0855802902410652,0.0008267711813924,0.0025082616436434,0.0003707931553973,0.0008136668882381,0.0011557052245429,0.0009557573371793,0.0006557116082124,0.0008207985788899,0.0010197038132187,0.0010191813659559,0.0009023838580984,0.0012810885319096,0.0005558233787166,0.6544909306999068,0.0012082639243025,0.0006186590770918,0.0012180065404693,0.0004102383652419,0.00097894775573,0.0006735066751849
uj1129,0.0007400884480212,0.0853238869188561,0.2251241094342277,0.0013159368539276,0.0008678233534134,0.0007530988367536,0.0014103260136615,0.0018641950421293,0.0007062913457444,0.0006464872030944,0.0005076137309311,0.0010044862799455,0.1693564106195864,0.0006123377679002,0.0008726156520891,0.0008904971523198,0.0006696925263137,0.0008364003149047,0.0010494013186003,0.0013748940221288,0.0008267711813924,0.0025082616436434,0.0003707931553973,0.0008136668882381,0.0011557052245429,0.0009557573371793,0.0006557116082124,0.0008207985788899,0.0010197038132187,0.0010191813659559,0.0009023838580984,0.0012810885319096,0.0005558233787166,0.486080138262034,0.0012082639243025,0.0006186590770918,0.0012180065404693,0.0004102383652419,0.00097894775573,0.0006735066751849
uj1131,0.0001480249037341,0.2360103097326047,0.0366060662952742,0.0002632001980893,0.0001735731299288,0.0085715771329426,0.0002820789501094,0.0003728571799636,0.0001412651538361,0.0001293037423557,0.075890077916003,0.0002009070473789,0.0001891328539063,0.0001224735224398,0.0001745316363777,0.0001781081107266,0.0001339450331971,0.000167288215926,0.0002098904929263,0.0002749922064239,0.0001653622953621,0.0762902270001792,7.416224544474436e-05,0.000162741308995,0.0002311523103291,0.0001911607838325,0.0001311487132957,0.0001641677166427,0.0002039507023688,0.0002038462078236,0.0001804855677498,0.0002562301939961,0.0001111700937201,0.5603730171511494,0.0002416645626053,0.0001237378458961,0.0002436131808063,8.205167191211997e-05,0.0001957990935949,0.0001347079001504
uj1134,0.0008081380311323,0.0012213335777496,0.1079019407821787,0.0014369344921825,0.0009476178936089,0.0008223446978659,0.0475139555785505,0.0020356038727817,0.0007712333560695,0.0007059303477278,0.0005542877505887,0.0010968466900747,0.0010325657934753,0.0006686409434736,0.0009528508341131,0.0009723765008477,0.000731269351827,0.0009133055725066,0.0011458915724854,0.0015013126485483,0.0009027910603304,0.0027388910496824,0.0004048868096257,0.0008884818548599,0.0012619698999877,0.0010436372230555,0.0007160029175812,0.000896269289534,0.0930613695257475,0.0011128929584734,0.0009853561643328,0.0013988819399245,0.0006069301745411,0.7146700013274746,0.0013193612621366,0.000675543483809,0.0013299996914597,0.0004479589239205,0.0010689599520332,0.0007354342037004
uj1135,0.0011159718578635,0.0016865607722021,0.4029485903783943,0.0019842878234827,0.0013085820250209,0.0011355900909599,0.0021266162792667,0.0028110007799033,0.0010650095504271,0.0009748314908188,0.0007654255918989,0.0015146546646235,0.0014258880568911,0.0009233379041528,0.0013158082835456,0.0013427716162218,0.0010098225621354,0.0012611995442404,0.0015823815954621,0.0020731887389176,0.0012466798715659,0.0037821822701715,0.0005591152349672,0.001226920040945,0.0017426761761032,0.0014411767864915,0.0009887408776559,0.0012376738448825,0.0015376010285673,0.0015368132356433,0.001360695459199,0.0019317403924698,0.0008381204304011,0.5424966128703417,0.0018219289059281,0.0009328697421129,0.0018366196979452,0.0006185942664691,0.0014761453832098,0.0010155738784995
uj1136,0.0004017734893833,0.000607197575575,0.0765008605110586,0.000714385615698,0.0004711172263281,0.0004088364685356,0.0007656268722906,0.0010120197781359,0.0003834259800429,0.2974839900861972,0.0002755694140077,0.0005453077382986,0.0005133498806895,0.0003324211887758,0.0004737188323473,0.000483426202814,0.0003635574961754,0.0004540585303541,0.0005696908669022,0.0007463918269227,0.0004488311408693,0.001361665670566,0.0002012933187672,0.0004417171836111,0.0234837872407367,0.0005188541469455,0.0003559676435499,0.0004455887806426,0.0005535689149989,0.0005532852928719,0.0004898791656602,0.0006954674283195,0.0003017410945204,0.583868840908595,0.0006559329689052,0.0003358528521914,0.0006612219649752,0.0002227070290353,0.000531443581906,0.0003656280917983
uj1138,0.0002026268393421,0.0003062285811436,0.0385817580848954,0.0003602868362533,0.0002375990378983,0.0002061889189213,0.0003861293921751,0.0005103929811551,0.0001933736209848,0.0808672967920942,0.0001389782075105,0.0002750156155148,0.0002588982761417,0.0001676503218651,0.000238911108552,0.0002438068367371,0.0001833533279715,0.253827071426238,0.000287312783976,0.0003764285618553,0.0117535447287437,0.0006867302556249,0.000101518467595,0.0002227716839546,0.0003164174464369,0.0002616742484341,0.0001795255297489,0.0002247242504888,0.0348607377494094,0.0002790389438617,0.0002470612661618,0.000350745807251,0.0001521773982055,0.5711156223958403,0.0003308073524552,0.0001693810162239,0.0003334747573121,0.0001123180662367,0.0002680234911854,0.0001843975936031
uj1139,0.0002801237638224,0.0004233491625219,0.2286325501605499,0.0483057451640807,0.0003284714749179,0.0002850482009897,0.0324055839789139,0.0007055985444668,0.0002673315475389,0.0002446956564152,0.0001921319934888,0.0003801984454678,0.0003579168475184,0.0002317700819861,0.0003302853618201,0.0003370535165735,0.0002534788802289,0.0003165778426887,0.0003971988049706,0.0801998355123145,0.00031293321193,0.0009493780022476,0.0001403453527308,0.0003079732319027,0.0004374348744854,0.0003617545217838,0.0002481870973201,0.0003106725795728,0.0003859582876975,0.0003857605412064,0.0003415526393082,0.0004848925048186,0.0002103793638219,0.5983145958194653,0.0004573283626727,0.00023416269996,0.00046101594666,0.0001552753799133,0.0003705321041746,0.0002549225370519
uj1143,0.0007726177394597,0.0011676519995539,0.4108320391918941,0.0013737765534264,0.0009059670088857,0.0007861999770406,0.0893788113439974,0.0019461324699945,0.0007373351447493,0.0006749024157584,0.0005299250033685,0.001048636714983,0.0009871811726031,0.0006392520019543,0.0009109699446557,0.0009296373949089,0.0006991276883148,0.000873162825758,0.0010955259154913,0.0014353250806901,0.000863110460548,0.00261850789087,0.0003870907190839,0.0008494301911407,0.0012065022234241,0.0009977659768881,0.0006845322634465,0.0008568753427638,0.001064523108277,0.0010639776977599,0.0009420465600199,0.0013373965344523,0.0005802536217814,0.46349169089037,0.001261371048773,0.0006458511532194,0.0012715418845688,0.0004282696740374,0.0010219756896673,0.000703109481419
uj1144,0.0002991955503695,0.4770361792645689,0.1080317791343767,0.0005319937803584,0.017371692333704,0.0003044552601079,0.0005701524851335,0.0007536381132786,0.0002855323961295,0.0002613553759065,0.000205212998537,0.0004060836595551,0.0003822850540009,0.000247549784041,0.0003527723219919,0.0003600012759329,0.0002707365917202,0.0003381315479471,0.0004242414618369,0.0005558283942284,0.0003342387782268,0.0010140149126056,0.0001499005456699,0.0003289411057486,0.0004672169409569,0.0003863840102918,0.0002650845260824,0.0003318242342656,0.0004122356515976,0.0004120244418472,0.0003648067143734,0.0005179056495228,0.0002247027124231,0.3837370445550118,0.0004884648460463,0.0002501052996523,0.0004924034933983,0.0001658470603067,0.0003957592005952,0.0002722785376508
uj1146,0.000143201338475,0.0002164192208764,0.0842924755469839,0.000254623510656,0.0001679170457274,0.0001457187471517,0.0002728870763792,0.0003607071910462,0.000136661862963,0.0001250902281175,0.6844078718237022,0.0164874472203553,0.0001829697378331,0.0001184825789358,0.0001688443181184,0.0001723042488521,0.0001295802770483,0.0001618369330254,0.0002030509648176,0.000266031262556,0.0001599737708439,0.0004853290516502,7.174558161564761e-05,0.0001574381923945,0.0002236199409404,0.000184931585282,0.0001268750785135,0.0001588181188745,0.0001973047293083,0.0001972036398405,0.0001746042336473,0.0165409675972945,0.0001075474857103,0.1918112348018515,0.0002337896391355,0.000119705702928,0.0002356747593249,7.93779218599499e-05,0.0001894187502757,0.0001303182850864
uj1147,0.0008899687986462,0.0013450038669918,0.0175695147965172,0.0015824361859931,0.3048187851707841,0.0009056140097842,0.0016959407371291,0.0022417258727953,0.0008493272150741,0.0007774117283095,0.0006104140437551,0.0012079116357105,0.0011371217580923,0.0007363464584819,0.0010493349891436,0.0010708377937352,0.0008053165195312,0.0010057854374478,0.0012619227246548,0.0016533331717465,0.0009942062425463,0.2055330354545841,0.0004458850019042,0.0009784481097625,0.0013897549583778,0.0011493142629655,0.0007885042305139,0.0009870240876456,0.0012262109752579,0.0012255827236427,0.0010851317572336,0.0015405304930126,0.0006683869555571,0.4326319301188757,0.0014529576782803,0.0007439479390376,0.0014646733379813,0.0004933185297637,0.0011772011310728,0.0008099030976596
uj1148,0.00038421017647,0.0005806542587515,0.0512994341465401,0.0006831566311065,0.0004505225890923,0.0003909644012714,0.0007321579036101,0.0009677798755354,0.0003666647186742,0.0003356179427616,0.0002635230446592,0.0005214699025657,0.2409204634672544,0.000317889574541,0.0004530104672977,0.0004622934852634,0.0003476647749382,0.0004342096048768,0.0005447871357611,0.0007137637079489,0.0004292107279237,0.0013021411850354,0.0001924938891426,0.0004224077534971,0.0005999738402298,0.000496172715791,0.0003404067086554,0.0004261101057378,0.000529369946351,0.0005290987226133,0.0004684643602946,0.0006650654421574,0.0002885506441749,0.6457742561003521,0.0006272592104631,0.0003211712246283,0.0006323170009026,0.0002129715105347,0.0005082118103446,0.0440641092922492
uj1150,0.0003332263382719,0.0005036027265687,0.1013625909769017,0.0005925032614735,0.0003907392408273,0.0003390842924237,0.0006350021738059,0.038753009601992,0.0003180091238079,0.0002910821861938,0.0002285541211553,0.0004522720031715,0.0004257665214723,0.0002757063331127,0.0003928969831132,0.0004009481651855,0.0003015304304617,0.0003765909534332,0.000472495091242,0.0006190488471087,0.0003722554163638,0.0011293499380703,0.0191237763616757,0.0003663551815538,0.0005203586424378,0.0004303316969699,0.2277771473092776,0.0003695662398644,0.0004591237286696,0.0004588884957204,0.0004063001787878,0.0005768127331697,0.0002502606137292,0.5979950966818234,0.000544023304563,0.0002785525155124,0.0005484099374298,0.0001847106634805,0.0004407732303803,0.0003032477587964
uj1151,0.0001005895619703,0.0001520203292912,0.0305978773449347,0.0001788563408483,0.0001179507276743,0.0001023578766997,0.0001916852996813,0.0002533731788632,0.3777752722452831,8.786769304748032e-05,6.899262241022954e-05,0.0001365253506862,0.0001285242580722,8.322625223468559e-05,0.0001186020758016,0.0001210324505499,9.102165836641868e-05,0.00011367984669,0.0001426300049019,0.0001868695394602,0.0687813304130198,0.000340911874406,5.039657244043426e-05,0.0001105900194719,0.0001570783635583,0.0001299023274229,8.91214335601665e-05,0.0001115593274522,0.0001385936507797,0.000138522642049,0.0001226480392417,0.0001741199104169,7.554506538709335e-05,0.5066916936201802,0.0001642219105231,8.408541673638968e-05,0.000165546083999,0.0115005843442411,0.000133054266965,9.154006068072586e-05
uj1153,0.0006113838910515,0.5226368539320302,0.0468506278031744,0.0010870897880969,0.0007169051482615,0.0006221317173533,0.0011650642679115,0.0015400035246913,0.0005834642498904,0.000534060304278,0.0004193375248561,0.0008298018054234,0.000781171122088,0.0005058496024057,0.0007208640456328,0.0007356358762405,0.0005532301222111,0.0006909467109917,0.0008669059261172,0.0011357940517517,0.0006829921251175,0.0020720641803911,0.0003063106345305,0.0006721667247757,0.0009547231266463,0.0007895470349092,0.0005416805457624,0.0006780581838198,0.000842372944359,0.0008419413529171,0.0007454554328761,0.0010583017388186,0.0004591633080151,0.401548716356932,0.0009981416429784,0.000511071608803,0.0010061899763864,0.0003388961531163,0.0008087045401595,0.0005563809742264
uj1154,0.0001980606751535,0.6200075342132406,0.161653965479266,0.0003521678286497,0.0002322447806754,0.0002015424838255,0.0003774280266085,0.000498891355012,0.0001890159766272,0.000173011337044,0.0001358463553028,0.0002688181815571,0.0002530640439105,0.000163872348037,0.0002335272840218,0.0002383126877366,0.0001792214893525,0.0002238354233357,0.000280838235247,0.0003679458029854,0.0002212584979834,0.0006712548965331,9.923076477775704e-05,0.0002177515588379,0.0003092870286835,0.0002557774601006,0.0001754799499652,0.0002196601245901,0.000272890660897,0.0002727508448279,0.0002414937791023,0.0003428418052462,0.0001487481042963,0.2089555410165326,0.0003233526604163,0.0001655640414686,0.0003259599557212,0.0001097869961502,0.0002619836236579,0.0001802422226211
uj1155,0.000136527953039,0.1322436848496205,0.3677397378128784,0.0002427576939969,0.0001600918732859,0.0001389280469016,0.0002601701516592,0.0003438977244516,0.0001302932263589,0.0001192608461061,9.36421366984353e-05,0.0001853027918804,0.1399786971641147,0.0001129611227461,0.0001609759334686,0.0001642746265238,0.0001235416523898,0.0001542951024576,0.0001935885019257,0.0002536338284819,0.0001525187662758,0.0004627120296345,6.840213577531761e-05,0.0001501013493776,0.0002131989345938,0.0001763135111702,0.0078878655241383,0.0001514169693268,0.0001881100491395,0.0001880136705842,0.0001664674287661,0.000236329043361,0.0001025356203712,0.3459775223550328,0.0002228947104322,0.0001141272474258,0.0002246919813477,7.567879814138483e-05,0.0001805915679123,0.0001242452682067
uj1156,0.0002484496397213,0.0003754802715401,0.0049048232116827,0.0004417634650675,0.0002913305836266,0.0002528172614587,0.000473450154398,0.00062581518172,0.0002371038635418,0.0002170274554652,0.000170407265381,0.0003372086877247,0.0003174465122227,0.000205563400198,0.0002929393709041,0.000298942237591,0.0002248175435403,0.0002807817869019,0.0003522867844059,0.0004615555415926,0.0144115358201571,0.0008420300348644,0.0001244762380981,0.0002731501157414,0.0003879732853951,0.0003208502533962,0.0002201241125395,0.000275544243062,0.0003423172536931,0.0003421418667721,0.0003029326360036,0.0004300647916544,0.0001865913710179,0.8274757499109441,0.1276114964076748,0.0002076854803297,0.014542874559829,0.0001377180988525,0.0003286353379348,0.0002260979633542
uj1157,0.0009902387993809,0.0014965412455343,0.0195490170714679,0.0017607243212328,0.0011611481814863,0.0010076467075199,0.0018870170751049,0.002494294114799,0.000945018255714,0.0008650002760062,0.0006791874846992,0.0013440032613769,0.0012652377096771,0.0008193083106787,0.0011675602800666,0.0011914857383911,0.0008960490127691,0.0011191041366036,0.0014040996107667,0.0018396090486063,0.0011062203500321,0.0033560556243995,0.0004961214703473,0.0010886867977188,0.001546334302406,0.0012788039059364,0.0008773425357367,0.0010982290042044,0.0013643643302711,0.0013636652955116,0.0012073901580456,0.0017140972449045,0.0007436920231356,0.9320427044806652,0.0016166578750629,0.0008277662262712,0.001629693501496,0.0005488991854194,0.0013098327002436,0.0009011523463085
uj1159,0.0001150769557577,0.2816769767856794,0.0611910625181881,0.0002046160935551,0.000134938560267,0.0001170999517017,0.0002192927409041,0.0002898652059229,0.000109821816789,0.0001005228219239,7.892927259242537e-05,0.0001561883900574,0.0001470349415015,9.521289842294018e-05,0.0001356837186926,0.0001384641277321,0.0001041310365375,0.0001300525664079,0.0001631722660116,0.0329466975492867,0.0001285553245929,0.000390011646535,5.765492983036929e-05,0.0001265177273738,0.0067262843784787,0.0525212741392273,0.0001019571321912,0.0001276266397637,0.0001585545767043,0.0001584733409537,0.0066868952328208,0.0001991974995724,8.642543000462029e-05,0.5534815434253282,0.0001878739420029,9.619580393932308e-05,0.0001893888293283,6.378829764644091e-05,0.00015221738412,0.000104724101653
uj1161,0.0007101876325278,0.3242867293105945,0.0140203253608235,0.0012627707963091,0.0008327618333469,0.0007226723797183,0.0013533464755634,0.0825922353115571,0.0006777559899094,0.000620368035,0.0004871052842027,0.0009639033482668,0.0009074136200099,0.0005875982943054,0.0412390389541463,0.0008545195727209,0.0006426358242125,0.0412042867773694,0.0010070037439727,0.001319345995959,0.0007933682379791,0.002406923663276,0.0003558124895656,0.000780793380263,0.0011090127936906,0.0009171431365768,0.0006292197586687,0.0007876369386424,0.000978506067654,0.0009780047281375,0.0008659260356349,0.0012293304049915,0.0005333671813008,0.4664416848203702,0.0011594480337633,0.0005936642119957,0.0011687970318846,0.0003936640467261,0.0009393966232944,0.0006462958750675
uj1162,0.0002351549330685,0.4551960820469756,0.0715307001854394,0.0004181244061235,0.0002757412889403,0.0002392888404409,0.0004481155194816,0.0005923273921254,0.0002244162769726,0.000205414170941,0.0001612886584582,0.0003191644249554,0.0003004597367027,0.0001945635649507,0.0002772639889329,0.0002829456382022,0.0002127874061848,0.0002657569653948,0.0003334356825826,0.0004368573953754,0.0002626974145362,0.0409299748533129,0.0001178154312134,0.0002585336700704,0.0003672125749982,0.0003036813414059,0.0002083451238209,0.0002607996860343,0.0003239996281367,0.0003238336262872,0.0002867225077226,0.0004070517365613,0.000176606741761,0.4219999465370596,0.000383912521548,0.000196572091153,0.0003870081302672,0.0001303487111284,0.0003110498408558,0.0002139993098767
uj1163,0.0002026268393421,0.4959751945620131,0.2345439074261694,0.0003602868362533,0.0002375990378983,0.0232605594296594,0.0003861293921751,0.0005103929811551,0.0001933736209848,0.0001770000045108,0.0001389782075105,0.0002750156155148,0.0002588982761417,0.0001676503218651,0.000238911108552,0.0002438068367371,0.0001833533279715,0.0002289958081187,0.000287312783976,0.0003764285618553,0.0002263594733746,0.0006867302556249,0.000101518467595,0.0002227716839546,0.0003164174464369,0.0002616742484341,0.0001795255297489,0.0002247242504888,0.0002791819833022,0.0002790389438617,0.0002470612661618,0.000350745807251,0.0001521773982055,0.2368272499901376,0.0003308073524552,0.0001693810162239,0.0003334747573121,0.0001123180662367,0.0002680234911854,0.0001843975936031
uj1166,0.0003152953415039,0.0004765037316054,0.0779714891381819,0.0005606205053816,0.0003697134596698,0.0003208380776045,0.0006008325400812,0.0007941915780603,0.0003008969693463,0.0002754189773163,0.0002162555638774,0.0004279351279138,0.0004028559131451,0.0002608705029271,0.0003717550932767,0.0003793730391275,0.0002853049988164,0.0003563264953358,0.0004470700063046,0.0005857376660829,0.0003522242546546,0.3059934007270228,0.0001579667333964,0.0362201499136984,0.0004923580072415,0.0004071754353504,0.0002793487940424,0.0003496797834489,0.0004344181602635,0.0004341955852611,0.0003844370594724,0.0005457742885262,0.0002367940243857,0.5658168234952617,0.0005147492676834,0.0002635635315045,0.0005188998546837,0.0001747713341734,0.000417055107106,0.0002869299172624
uj1167,7.552336078841562e-05,0.0001141379478282,0.1862373957707415,0.0001342866167681,8.855824786307069e-05,7.685102410333878e-05,0.0001439186905887,0.0001902343903936,7.207448821693631e-05,6.597169083633133e-05,0.5972553914947418,0.0001025042073419,9.649692992316136e-05,6.24868639595023e-05,8.90472846840839e-05,9.087202738473316e-05,6.833971049990756e-05,8.535163994923984e-05,0.000107087625281,0.0001403029834565,8.436902155237332e-05,0.0002559590675562,3.783810614504856e-05,8.303177562938036e-05,0.0001179355560427,9.753159422358936e-05,6.691300815812813e-05,8.375953897654804e-05,0.0001040571018085,0.0001040037879468,9.208502290101176e-05,0.0001307304710078,5.671977407253296e-05,0.2128670187134705,0.0001232989820699,6.31319307971322e-05,0.0001242931809629,4.18633477529032e-05,9.989809291941828e-05,6.872893065605565e-05
uj1168,9.5144973381816e-05,0.3682058619879454,0.2670995229409225,0.0055818529243529,0.0001115664351759,9.681757493767464e-05,0.0001813099925938,0.0489537564096324,9.080005433180191e-05,8.311169819575796e-05,6.525827426007874e-05,0.0001291356737473,0.000121567654473,7.872148360553286e-05,0.0001121825279296,0.0001144813543308,8.609494954350698e-05,0.0001075267232057,0.0001349099027177,0.0055894323943665,0.0001062888121774,0.0490365569178973,4.766876850296613e-05,0.0001046041383703,0.000148576218316,0.000122871133374,8.429757777780028e-05,0.0001055209808356,0.0001310920234269,0.0001310248581698,0.0055286869968406,0.000164695361202,7.145605463020576e-05,0.2465209738048641,0.0001553331081215,7.953414430356159e-05,0.0001565856083575,5.2739802175681774e-05,0.0001258524685936,8.658529241238598e-05
uj1172,0.0003533198044199,0.0005339698469794,0.1275746481782565,0.0006282310622491,0.000414300720838,0.0003595309917647,0.0810729643437811,0.0008899706912691,0.0003371849956706,0.0003086343703486,0.1208418434212599,0.0004795438936005,0.0004514401378812,0.0002923313571126,0.0004165885744524,0.0004251252408213,0.0003197126411732,0.0003992992951978,0.0005009864289021,0.0006563773401618,0.0003947023263106,0.0011974494612577,0.0001770174436522,0.0003884463087944,0.0005517361404496,0.0004562805923373,0.0003130381210366,0.0003918509931305,0.000486808776459,0.0004865593590209,0.000430799979526,0.000611594398952,0.0002653512671157,0.5737542999968267,0.0005768277758741,0.0002953491636102,0.0005814789216227,0.0001958486710073,0.0808670234428916,0.0003215335239836
uj1173,0.0003681180912611,0.0005563343984745,0.1329179270259044,0.0006545436078393,0.0632569744826976,0.0003745894251666,0.0007014925332143,0.0009272458210663,0.0003513074994818,0.0003215610726855,0.0002524857646784,0.0004996288930873,0.000470348052378,0.0003045752314189,0.000434036781834,0.0423264785793442,0.0003331033407933,0.000416023366229,0.0005219695178366,0.0006838687517224,0.0004112338599766,0.1897235670264606,0.0001844315621768,0.0004047158182531,0.0005748448073426,0.0004753912422386,0.000326149268075,0.0004082631028476,0.0005071980550128,0.0005069381910875,0.0004488434109682,0.0006372101420634,0.0002764651195388,0.5559016179377274,0.0006009873694734,0.0003077194343586,0.0006058333217063,0.0002040515081389,0.0004869260968027,0.0003350004886356
uj1174,0.0001121404098308,0.4212182219891081,0.3211901664921733,0.0001993946784408,0.0001314951838158,0.0001141117827504,0.0002136968055507,0.0066619948334444,0.0001070193720541,9.795766992343648e-05,7.691514706732539e-05,0.0001522027582023,0.0001432828883147,9.278324561183852e-05,0.0001322213272099,0.0192735101009792,0.0001014738097348,0.0001267338712647,0.0001590084188714,0.0002083280444759,0.0001252748362247,0.0003800592880935,5.618368523371834e-05,0.0065028156731275,0.0001751159038766,0.0001448192034029,9.93553793095813e-05,0.0001243698496732,0.0001545085642481,0.0129134822784812,0.0001367318946032,0.0001941143567124,8.422001674192727e-05,0.2076223680652817,0.0001830797548825,9.374106924130816e-05,0.0001845559851529,6.216054112123124e-05,0.0001483330848144,0.000102051740952
uj1175,0.0006826090799789,0.078697161272592,0.0134758772994858,0.0012137339091991,0.000800423385126,0.000694609009861,0.0013007922839897,0.0017194113298371,0.0006514368478589,0.1559273549371166,0.0004681896370386,0.0009264723118411,0.0008721762361738,0.0005647802252559,0.0008048434873431,0.0396541055889619,0.000617680495457,0.0007714408338324,0.0009678989998205,0.0012681121371685,0.000762559552162,0.0023134561517501,0.0003419953052165,0.0007504730109956,0.0010659467556362,0.0008815279286678,0.0006047854128924,0.0007570508150507,0.000940507967194,0.0009400260960794,0.0396650691073322,0.0011815921008854,0.0005126550565557,0.6424923093342638,0.0011144234556627,0.0005706105865635,0.001123409406296,0.0003783769815872,0.0009029172508678,0.0006211984164012
uj1176,0.0002098849887863,0.0003171977736417,0.0160835828928865,0.0003731924104053,0.0002461099011702,0.0002135746630415,0.0003999606538298,0.0005286753989459,0.0002003003175874,0.0001833401936414,0.2867061697334938,0.0002848667509486,0.0002681720840202,0.0001736556027767,0.0002474689705577,0.0002525400650809,0.0001899210949062,0.0002371985013197,0.0002976044073863,0.0003899123370841,0.0002344677323357,0.0962320668860863,0.0001051548871904,0.0002307514273061,0.0003277516069087,0.0002710474924081,0.0001859561838922,0.0002327739353137,0.0002891823591829,0.00028903419603,0.0002559110690679,0.0003633096191044,0.0001576284347108,0.5915731419954885,0.0003426569633416,0.0001754482910862,0.0003454199153785,0.0001163413304433,0.0002776241667914,0.0001910027664216
uj1177,0.0005536179669705,0.000836679114531,0.0109293708690713,0.0009843773236575,0.0006491691660515,0.0005633502969086,0.0010549844718378,0.0013944980117168,0.0005283362819206,0.0004836002129293,0.0003797168871852,0.0007513989086576,0.0007073630411208,0.0004580549677144,0.0006527540114264,0.0006661301421181,0.000500958792026,0.0006256633827337,0.0007849972879499,0.0010284798193594,0.0006184603770212,0.0018762875106303,0.0002773692163504,0.0006086578025397,0.0008645171783715,0.0322095752595509,0.0004905004644081,0.0006139926136562,0.0007627822775718,0.0007623914645653,0.0006750219089126,0.0009583092810614,0.0004157797757045,0.8675228774985098,0.0009038333446828,0.0004627835786697,0.0009111212402981,0.000306875928608,0.0007322949949383,0.0634930673280613
uj1178,0.0002941882147197,0.0004446046726844,0.1396957524419894,0.0005230903343728,0.0003449633671697,0.0002993598979749,0.0005606104152026,0.0007410252285382,0.0002807537269796,0.0002569813332798,0.000201778554535,0.0003992874448962,0.0003758871327185,0.0002434067917499,0.0003468683256859,0.0003539762958797,0.0002662055450995,0.0003324725795825,0.3351370690864968,0.0005465260522311,0.0003286449592422,0.0009970443626925,0.0001473918106792,0.0003234359485914,0.0004593975999214,0.0003799174888918,0.0002606480724118,0.00032627082508,0.0004053364772221,0.0004051288022774,0.0003587013105199,0.0005092379824439,0.00022094208864,0.5112027938552998,0.000480289900148,0.0002459195382611,0.0004841626303121,0.0001630714445047,0.0003891357760442,0.0002677216850286
uj1181,0.0002801237638224,0.0004233491625219,0.0692736749742171,0.0004980826081808,0.0003284714749179,0.0002850482009897,0.0005338089416473,0.0007055985444668,0.0002673315475389,0.0002446956564152,0.0001921319934888,0.0003801984454678,0.0003579168475184,0.0002317700819861,0.0003302853618201,0.0003370535165735,0.0002534788802289,0.0003165778426887,0.2394355115844699,0.000520397919148,0.00031293321193,0.0009493780022476,0.0001403453527308,0.0003079732319027,0.0004374348744854,0.0003617545217838,0.04805584965322,0.0003106725795728,0.0003859582876975,0.0003857605412064,0.0003415526393082,0.0164207800234519,0.0002103793638219,0.6142504833380986,0.0004573283626727,0.00023416269996,0.00046101594666,0.0001552753799133,0.0003705321041746,0.0002549225370519
uj1186,6.328741648291377e-05,0.0360990586480212,0.0120504262934214,0.0001125301225311,7.421045166685623e-05,6.43999779510935e-05,0.0001206016524672,0.0001594134976056,6.039731423442922e-05,5.528326375382051e-05,4.3407732802447134e-05,0.0036862382315962,8.086294531408622e-05,5.236303234962485e-05,7.462025701243202e-05,7.614936337190245e-05,5.726762786479192e-05,7.15233634808767e-05,8.973778537626268e-05,0.000117571745419,7.069994435496563e-05,0.0002144897676944,3.1707751846945094e-05,6.957935280838928e-05,9.882818475641315e-05,8.172997810788152e-05,5.6072073213108666e-05,0.3961077300142072,8.719825324788566e-05,8.715357705060225e-05,0.0036775071150484,0.0001095501269979,4.753029959302044e-05,0.4880086426401488,0.0001033226533977,0.0576583640694551,0.0001041557768016,3.508084249626542e-05,8.371306767123909e-05,5.759378837815545e-05
uj1189,0.0001727559855935,0.000261084960532,0.0328941105014786,0.0003071740530296,0.0002025726507971,0.0001757929503433,0.2460259587195509,0.0102630219133906,0.0001648668586524,0.0591181274335666,0.0001184903110192,0.000234473349464,0.0002207319968496,0.0001429356381559,0.0002036912985522,0.0002078653080298,0.0001563237377063,0.0001952376923845,0.0002449576933171,0.0003209361969026,0.0001929900009703,0.0005854938197354,8.655281295536104e-05,0.0001899311164742,0.0002697718031612,0.0002230987407168,0.0001530602260374,0.1967489972553178,0.0002380255194322,0.0002379035665872,0.0002106399758113,0.0002990395439279,0.0001297437027464,0.4476113901280709,0.0002820403772793,0.0001444111969253,0.0002843145585108,9.57603558130622e-05,0.0002285119904761,0.0001572140597336
uj1190,0.0003332263382719,0.0005036027265687,0.0444921130229512,0.0005925032614735,0.0003907392408273,0.0003390842924237,0.0006350021738059,0.0008393576326916,0.0003180091238079,0.0002910821861938,0.0002285541211553,0.0004522720031715,0.0004257665214723,0.0002757063331127,0.0003928969831132,0.0004009481651855,0.0382151823997621,0.189944850799935,0.000472495091242,0.0006190488471087,0.0003722554163638,0.0011293499380703,0.0001669503770255,0.0003663551815538,0.0005203586424378,0.0004303316969699,0.0002952354934754,0.0003695662398644,0.0004591237286696,0.0004588884957204,0.0004063001787878,0.0005768127331697,0.0002502606137292,0.7117360525897245,0.000544023304563,0.0002785525155124,0.0005484099374298,0.0001847106634805,0.0004407732303803,0.0003032477587964
uj1192,0.0004017734893833,0.000607197575575,0.0307880866470104,0.000714385615698,0.0004711172263281,0.0004088364685356,0.0007656268722906,0.02386840671016,0.0003834259800429,0.0003509599698838,0.0002755694140077,0.0005453077382986,0.0005133498806895,0.0003324211887758,0.0918992665604437,0.000483426202814,0.0003635574961754,0.0004540585303541,0.0005696908669022,0.0007463918269227,0.0004488311408693,0.001361665670566,0.0002012933187672,0.0004417171836111,0.0006274003087126,0.0005188541469455,0.0003559676435499,0.1832966842368355,0.0005535689149989,0.0005532852928719,0.0004898791656602,0.0006954674283195,0.0003017410945204,0.6524380017046674,0.0006559329689052,0.0003358528521914,0.0006612219649752,0.0002227070290353,0.000531443581906,0.0003656280917983
uj1194,0.0002026268393421,0.0003062285811436,0.1077448696171098,0.0003602868362533,0.0002375990378983,0.0002061889189213,0.0119133146475442,0.0005103929811551,0.0001933736209848,0.0001770000045108,0.0001389782075105,0.0002750156155148,0.0002588982761417,0.0001676503218651,0.000238911108552,0.0002438068367371,0.0001833533279715,0.0002289958081187,0.000287312783976,0.0003764285618553,0.0002263594733746,0.0006867302556249,0.000101518467595,0.0002227716839546,0.1616970110216037,0.0002616742484341,0.0001795255297489,0.0002247242504888,0.0233335524940404,0.0002790389438617,0.0002470612661618,0.01187793106262,0.0001521773982055,0.6748602896941619,0.0003308073524552,0.0001693810162239,0.0003334747573121,0.0001123180662367,0.0002680234911854,0.0001843975936031
uj1195,9.412602573837916e-05,0.0001422520304029,0.0446958964771036,0.0001673636529715,0.0001103716231731,9.578071469882496e-05,0.000179368267423,0.00023709229753,8.98276382587631e-05,8.222161997082896e-05,6.455939588102638e-05,0.0108371744143533,0.000120265735195,7.787842204004357e-05,0.0001109811179297,0.0001132553252294,8.517292242183102e-05,0.0001063751741819,0.0001334650956768,0.0001748619512444,0.1446823435918815,0.0003190060602343,0.0054018691180556,0.0001034838885399,0.0001469850529381,0.0001215552545908,8.339479946833112e-05,0.2464210902190106,0.0001296881036654,0.0001296216577093,0.0001147671017975,0.0001629315691253,7.069080160750997e-05,0.4955522868976309,0.0483460672708334,7.868237961195078e-05,0.0001549086670441,5.217498939333349e-05,0.0001245046614343,8.56580140021452e-05
uj1197,0.000232050636813,0.0003506965686058,0.0969885544948044,0.0004126047174173,0.0002721012094422,0.0002361299721933,0.0004421999160494,0.0005845080379601,0.0002214537424462,0.0002027024845079,0.0001591594759147,0.0003149511136872,0.0002964933472956,0.0001919951181049,0.0002736038081687,0.0002792104535998,0.0002099783851721,0.0002622486896305,0.0003290339754724,0.0004310904112048,0.0002592295281107,0.0271885875008594,0.0001162601416978,0.0002551207495187,0.0003623649768353,0.0002996724233761,0.0002055947456796,0.237876580353231,0.0003197224870226,0.0003195586765749,0.000282937464409,0.0004016782189187,0.0001742753441587,0.6276461841154719,0.0003788444662557,0.0001939771296162,0.0003818992096337,0.0001286279689327,0.0003069436507639,0.000211174290441
uj1198,0.0001314241595412,0.0001986204494674,0.0325007574779963,0.0002336827381905,0.0001541071951029,0.0001337345312394,0.0002504442698979,0.0003310418738298,0.0001254225042343,0.1421693405352821,9.014153394445536e-05,0.0001783756596464,0.0001679219221849,0.0001087383227191,0.0001549582066642,0.0001581335854253,0.0001189233228232,0.0001485271236434,0.0001863516268727,0.0002441522926072,0.0001468171918341,0.0004454145707944,6.584507425028743e-05,0.0001444901446835,0.000205228967185,0.0001697224231779,0.2468427434308134,0.0001457565831106,0.0001810779738442,0.0001809851981867,0.0001602444146388,0.000227494408343,9.870255453454242e-05,0.5722936713142283,0.0002145622880346,0.0001098608544245,0.0002162923719791,7.284971479779587e-05,0.0001738405542953,0.0001196006355297
uj1199,0.0003533198044199,0.0005339698469794,0.4692732528830703,0.0006282310622491,0.000414300720838,0.0003595309917647,0.0006732926485307,0.0008899706912691,0.0003371849956706,0.0003086343703486,0.0002423358783845,0.0004795438936005,0.0004514401378812,0.0002923313571126,0.0004165885744524,0.0004251252408213,0.0003197126411732,0.0003992992951978,0.0005009864289021,0.0006563773401618,0.0003947023263106,0.0011974494612577,0.1408764429103403,0.0003884463087944,0.0005517361404496,0.0004562805923373,0.0003130381210366,0.0003918509931305,0.000486808776459,0.0004865593590209,0.000430799979526,0.000611594398952,0.0002653512671157,0.3727551207587009,0.0005768277758741,0.0002953491636102,0.0005814789216227,0.0001958486710073,0.0004673517476413,0.0003215335239836
uj1200,0.0001492819999956,0.0002256088837854,0.1388265177591136,0.0002654354164661,0.0001750471935981,0.0001519063036932,0.0002844744956203,0.000376023656382,0.0001424648431606,0.0001304018498161,0.0001023899145855,0.0002026132433757,0.0001907390579813,0.0001235136244991,0.000176013840129,0.0001796206875599,0.0001350825566559,0.0001687089051853,0.0936287840755481,0.0002773275680146,0.0256441605638176,0.0005059372507119,7.479206569217788e-05,0.0001641233838079,0.0002331153631521,0.0001927842100307,0.0001322624891066,0.0001655619051721,0.000205682746498,0.0002055773645366,0.0341518769150643,0.0002584062198596,0.0001121142018106,0.7010113995073647,0.0002437168903591,0.0001247886851776,0.0002456820571314,8.274849283489701e-05,0.0001974619104748,0.0001358519022298
uj1201,0.0005536179669705,0.000836679114531,0.0109293708690713,0.0009843773236575,0.0006491691660515,0.0005633502969086,0.0010549844718378,0.0013944980117168,0.0005283362819206,0.0004836002129293,0.0003797168871852,0.0007513989086576,0.0007073630411208,0.0004580549677144,0.0006527540114264,0.1896338963083782,0.000500958792026,0.0006256633827337,0.0007849972879499,0.0010284798193594,0.0951023434601513,0.0018762875106303,0.0002773692163504,0.0321032854969163,0.0008645171783715,0.0007149475651742,0.0004905004644081,0.0006139926136562,0.0007627822775718,0.0007623914645653,0.0006750219089126,0.0009583092810614,0.0004157797757045,0.6470604836378729,0.0009038333446828,0.0004627835786697,0.0009111212402981,0.000306875928608,0.0007322949949383,0.0005038119393079
uj1203,0.0003332263382719,0.0005036027265687,0.1013625909769017,0.0005925032614735,0.0003907392408273,0.0003390842924237,0.0006350021738059,0.0008393576326916,0.0003180091238079,0.0002910821861938,0.0002285541211553,0.0004522720031715,0.0004257665214723,0.0002757063331127,0.0003928969831132,0.0004009481651855,0.0003015304304617,0.0003765909534332,0.000472495091242,0.0954031787703596,0.0003722554163638,0.0011293499380703,0.0001669503770255,0.0003663551815538,0.0005203586424378,0.0004303316969699,0.0002952354934754,0.0003695662398644,0.0004591237286696,0.0004588884957204,0.0004063001787878,0.03849046470247,0.0002502606137292,0.7496497045590248,0.000544023304563,0.0002785525155124,0.0005484099374298,0.0001847106634805,0.0004407732303803,0.0003032477587964
uj1204,0.0004422020544146,0.0006682969943263,0.0087298291242429,0.0007862708597096,0.0005185235234714,0.0004499757477368,0.0008426682814778,0.0011138545394991,0.0004220083220304,0.0003862754108992,0.0003032986601358,0.0006001794755896,0.0005650058499949,0.0506785051436207,0.0005213869167934,0.0005320710940146,0.0004001405666496,0.0004997482916439,0.0006270161630427,0.0008214977045154,0.0004939948946914,0.0014986836435486,0.0002215485129081,0.0004861650935778,0.0006905326328996,0.0005710639845178,0.0003917869830698,0.000490426271098,0.0006092719354091,0.0006089597737295,0.0005391733879763,0.0007654490246567,0.0003321038730132,0.9193402863928296,0.0007219363996698,0.0003696481354407,0.0007277576023867,0.0002451169835102,0.0005849202347447,0.0004024195165119
uj1206,0.0002416195449208,0.0003651579951496,0.0047699853928277,0.0004296190065399,0.0002833216547077,0.0002458670969711,0.0004604346014615,0.0006086109828187,0.0002305856739104,0.1514108030899134,0.0001657226227366,0.0003279385301697,0.0003087196339105,0.0001999122850971,0.0002848862150359,0.0002907240577421,0.0002186371154386,0.0002730628534998,0.0003426021169733,0.0004488669818173,0.0002699191929502,0.0008188819032373,0.0001210542789938,0.0002656409835593,0.0003773075652826,0.0003120298033045,0.0002140727109026,0.2751765909420964,0.0003329066572552,0.0003327360918718,0.000294604756662,0.0004182419397451,0.0001814618133561,0.5573099686423844,0.0003944666077613,0.0002019760274163,0.000397647317433,0.0001339321095794,0.0003196008691572,0.0002198823354079
uj1207,0.0009902387993809,0.0014965412455343,0.4138830691251396,0.1144275963365676,0.0011611481814863,0.0010076467075199,0.0018870170751049,0.002494294114799,0.000945018255714,0.0008650002760062,0.0006791874846992,0.0013440032613769,0.0012652377096771,0.0008193083106787,0.0011675602800666,0.0011914857383911,0.0008960490127691,0.0011191041366036,0.0014040996107667,0.0018396090486063,0.0011062203500321,0.0033560556243995,0.0004961214703473,0.0010886867977188,0.001546334302406,0.0012788039059364,0.0008773425357367,0.0010982290042044,0.0013643643302711,0.0013636652955116,0.0012073901580456,0.0017140972449045,0.0007436920231356,0.4250417804116589,0.0016166578750629,0.0008277662262712,0.001629693501496,0.0005488991854194,0.0013098327002436,0.0009011523463085
uj1209,0.0001304488515758,0.000197146473091,0.395892026039741,0.0002319485620944,0.0001529635547294,0.0001327420778425,0.0002485857052918,0.0003285851887154,0.0001244917349766,0.0520614447267685,8.947258725783894e-05,0.0001770519212844,0.0001666757617465,0.0001079313679502,0.0001538082508739,0.000156960064925,0.0001180407844496,0.0075684954847469,0.0001849686982949,0.0002423404212087,0.0001457276510895,0.0004421091178221,6.535643330618186e-05,0.0001434178731201,0.0002037059485321,0.0001684629010945,0.0001155764915463,0.0001446749132182,0.0001797341814178,0.0001796420942549,0.0001590552295259,0.0002258061562796,9.797007590979276e-05,0.5383623572149187,0.0002129700061488,0.0001090455692686,0.0002146872510183,7.230909192172005e-05,0.0001725504712702,0.0001187130707707
uj1210,0.0001397850436658,0.0002112561974803,0.0425205710906976,0.0718183020905469,0.0001639111185635,0.00014224239557,0.0002663769228256,0.0003521019495201,0.0001334015777028,0.00012210600254,9.587611823058246e-05,0.0001897234835637,0.0001786047048504,0.0001156559892983,0.0081170110501967,0.0001681936580068,0.0557918523997997,0.000157976056583,0.0001982068623496,0.0002596846653031,0.0001561573430872,0.0004737507581957,7.00339770966406e-05,0.0001536822548789,0.0002182851329587,0.0001805197493201,0.000123848272502,0.0001550292610264,0.0001925977123924,0.0001924990345741,0.0001704387730208,0.0002419670471165,0.0001049817700467,0.6246059868446695,0.0002282122168911,0.0001168499337298,0.0002300523645517,7.748423577217493e-05,0.0001848998658838,0.1909798840749894
uj1211,0.0001304488515758,0.000197146473091,0.0396806376538517,0.0002319485620944,0.0001529635547294,0.0001327420778425,0.0002485857052918,0.0003285851887154,0.0001244917349766,0.2004828565542225,8.947258725783894e-05,0.0001770519212844,0.0001666757617465,0.0001079313679502,0.0001538082508739,0.000156960064925,0.0001180407844496,0.0001474248933742,0.0150271098810403,0.0002423404212087,0.0001457276510895,0.0004421091178221,6.535643330618186e-05,0.0001434178731201,0.0002037059485321,0.0001684629010945,0.0001155764915463,0.0001446749132182,0.0076008047727905,0.0001796420942549,0.0001590552295259,0.0002258061562796,9.797007590979276e-05,0.701625910225118,0.0002129700061488,0.0001090455692686,0.0002146872510183,7.230909192172005e-05,0.029856832836761,0.0001187130707707
uj1212,0.0001107276301429,0.0001673419236175,0.0273825746038671,0.0127951930112401,0.0001298385666781,0.0001126741670945,0.0002110045868695,0.0002789097704349,0.0001056711087895,9.672356879473224e-05,7.594614617250592e-05,0.0001502852606155,0.0001414777660172,9.161433348659186e-05,0.0001305555618923,0.0001332308855637,0.0001001954111855,0.0001251372386203,0.0001570051814592,0.0002057034631131,0.0001236965849565,0.0003752711832235,5.547586572947851e-05,0.000121735998584,0.2458399619318313,0.000142994726131,9.810366940422496e-05,0.0001228029997065,0.0001525620174011,0.0001524838519501,0.0001350093037576,0.0001916688437995,0.2961434526546708,0.387682177381122,0.0253773939969966,9.256009015669885e-05,0.0001822308915715,6.137742333149068e-05,0.000146464338574,0.0001007660614458
uj1213,0.0010493524271873,0.00158587927414,0.1998050289042582,0.0018658331114157,0.0012304644731439,0.0010677995236547,0.0019996650799214,0.0026431943336494,0.0010014323827645,0.0009166376228767,0.0007197324887996,0.0014242353312709,0.001340767764754,0.0008682180146475,0.0012372593505137,0.0012626130710305,0.000949539855453,0.001185910552843,0.0611842549281032,0.0019494269679574,0.001172257651423,0.0035563998476338,0.0005257381041969,0.0011536774102845,0.001638644794051,0.0013551438132196,0.0009297166702876,0.001163789251532,0.0014458118813693,0.0014450711167962,0.00127946692626,0.2406017654318616,0.0007880877118177,0.4504152172282671,0.0017131664263099,0.0008771808368088,0.0017269802318748,0.0005816664554662,0.0013880249128487,0.0009549478393046
uj1214,0.0005716209561673,0.0008638869111682,0.1413599609888124,0.0010163880880847,0.0006702793651067,0.0005816697697479,0.0010892912956449,0.0014398454067395,0.000545517141183,0.0004993263091335,0.0003920648228118,0.0007758334957593,0.0007303656348718,0.0004729503633252,0.0006739807853337,0.0006877918916777,0.000517249368306,0.000646009202039,0.0008105244538614,0.001061924743805,0.0006385719632602,0.0344560971567605,0.0002863889290465,0.0006284506208682,0.000892630235301,0.0007381967985084,0.0005064509484758,0.000633958913614,0.0007875870381141,0.0007871835163395,0.0006969728080141,0.0660270624184368,0.5207300210272705,0.2128389803619496,0.0009332249159663,0.000477832743011,0.0009407498051653,0.0003168551640322,0.0007561083457854,0.0005201952964995
uj1215,0.0001397850436658,0.0002112561974803,0.0743293502138747,0.0002485490633985,0.0001639111185635,0.00014224239557,0.0002663769228256,0.0003521019495201,0.0001334015777028,0.2307357546455739,9.587611823058246e-05,0.0001897234835637,0.0001786047048504,0.0001156559892983,0.0001648162694025,0.0001681936580068,0.0001264889342398,0.000157976056583,0.0001982068623496,0.0002596846653031,0.0001561573430872,0.0004737507581957,7.00339770966406e-05,0.0001536822548789,0.0002182851329587,0.0001805197493201,0.000123848272502,0.0001550292610264,0.0001925977123924,0.0001924990345741,0.0001704387730208,0.0002419670471165,0.0001049817700467,0.6564147659678466,0.0002282122168911,0.0001168499337298,0.0002300523645517,7.748423577217493e-05,0.0319936789890608,0.0001272093359268
uj1216,0.0002232107749752,0.0003373369447924,0.0678974615355502,0.000396886731267,0.0002617356395373,0.0002271347099582,0.0004253545144757,0.0005622414742065,0.0383075557186897,0.0001949806269779,0.0001530963691868,0.0003029531964701,0.0002851985701645,0.0001846811527528,0.0002631809974593,0.0002685740603221,0.2287692082812734,0.0002522584469175,0.0003164995781397,0.0004146682210872,0.0002493542989614,0.0007564920474238,0.0001118312652941,0.0002454020423922,0.0003485608503995,0.00028825654081,0.000197762708796,0.0002475529612473,0.000307542806542,0.0257037440059006,0.0002721590923758,0.0003863764726824,0.0001676364054113,0.6291326513768171,0.0003644125612814,0.000186587660451,0.0003673509356212,0.0001237279458625,0.0002952507741487,0.0002031297033766
uj1218,0.0009374301386534,0.0014167318713212,0.1784941370473683,0.0016668262702043,0.0010992250570755,0.0009539096966656,0.0017863839302831,0.0023612753603881,0.0008946211712143,0.000818870487784,0.0006429669473174,0.0012723286185624,0.001197763572134,0.0007756152392328,0.0011052952034533,0.0011279447357969,0.0008482634196979,0.0010594231882247,0.0013292200766393,0.001741504136761,0.0010472264839149,0.0031770798026459,0.0004696637003391,0.0010306279822339,0.001463869503412,0.0012106062937566,0.0008305545444557,0.0010396613103104,0.0012916038475764,0.0012909420917939,0.0011430009851897,0.0016226857793907,0.0007040315091666,0.7756791601353639,0.0015304427749375,0.0007836221008015,0.0015427832216078,0.0005196268211427,0.0012399803467303,0.0008530945964508
uj1219,0.0002757297652971,0.0004167085420675,0.1309307276993998,0.0004902697249896,0.0003233190981373,0.0002805769581444,0.0005254356581015,0.0006945305832144,0.0002631382066754,0.0002408573802948,0.0001891182267004,0.0003742346836437,0.0003523025930235,0.0159140530413863,0.0003251045325575,0.0003317665225871,0.0002495028311757,0.0003116120284538,0.0003909683768931,0.000512234999808,0.0003080245670761,0.000934486136292,0.0001381439069679,0.0003031423888912,0.0004305733067013,0.0003560800698431,0.0002442940547423,0.0003057993948138,0.0003799041774576,0.0003797095328019,0.0003361950724493,0.0161632050065273,0.0002070793702698,0.4320702969803118,0.0004501547472544,0.000230489642936,0.0004537844880999,0.0001528397429611,0.3925126821181351,0.0002509238429154
uj1221,8.223650297084514e-05,0.0001242834745127,0.0063018209163068,0.0001462231241236,9.64300388311286e-05,8.368218000378124e-05,0.000156711376488,0.0002071439995181,7.848106602379088e-05,7.183580143702785e-05,5.640458002468529e-05,0.0001116156307611,0.0001050743767419,6.804121426800463e-05,9.696254529752875e-05,9.89494862513798e-05,0.3182009157904713,9.2938401032185e-05,0.0001166064608702,0.0001527742753419,9.186843936907114e-05,0.000278710830659,4.120147059035186e-05,9.04123279464472e-05,0.0001284186456168,0.0001062010105798,7.28607908432504e-05,9.120478093101577e-05,0.0047916374634769,0.0001132485065175,0.0001002703028614,0.0001423508786577,6.17614976389794e-05,0.6621948465826961,0.0048125897215169,6.874361999194696e-05,0.0001353413889267,4.5584509030207446e-05,0.0001087778632914,7.483812758166719e-05
uj1224,0.0001189712308441,0.0001798004219806,0.0497255593197969,0.0002115404282333,0.0001395049642876,0.0001210626862173,0.0002267137423715,0.1695027551270434,0.0001135382547349,0.0001039245761541,8.160028780849748e-05,0.000161473901411,0.0001520106945161,9.8434961570123e-05,0.0069083985674916,0.0001431498391279,0.0001076548949733,0.0001344536253858,0.0137049405723469,0.000221017953368,0.0001329057159853,0.0004032098809559,5.9606008179383045e-05,0.0001307991652209,0.0001857827580264,0.0001536405913328,0.0001054074243645,0.0001319456038893,0.0001639201612719,0.0001638361764535,0.0001450606594102,0.0002059384656917,8.935011980620943e-05,0.7549510270376677,0.0001942317119571,9.945112921478848e-05,0.000195797864003,6.594693294136862e-05,0.000157368514186,0.0001082680297777
uj1225,0.0003681180912611,0.0005563343984745,0.1748014746111736,0.0006545436078393,0.0004316531047938,0.0003745894251666,0.0007014925332143,0.0009272458210663,0.0003513074994818,0.0003215610726855,0.0002524857646784,0.0004996288930873,0.000470348052378,0.0003045752314189,0.000434036781834,0.000442930994075,0.0003331033407933,0.000416023366229,0.0005219695178366,0.0006838687517224,0.0004112338599766,0.0012476028927493,0.0001844315621768,0.0004047158182531,0.0005748448073426,0.0004753912422386,0.000326149268075,0.0004082631028476,0.0005071980550128,0.0005069381910875,0.0004488434109682,0.0006372101420634,0.0002764651195388,0.6396687131082658,0.0006009873694734,0.0003077194343586,0.0006058333217063,0.0002040515081389,0.1680211164378794,0.0003350004886356
uj1227,0.0002351549330685,0.0003553880706834,0.0046423628359847,0.0004181244061235,0.0002757412889403,0.0002392888404409,0.0004481155194816,0.0407253298017982,0.0002244162769726,0.2945140985085418,0.0001612886584582,0.0003191644249554,0.0003004597367027,0.0001945635649507,0.0002772639889329,0.0002829456382022,0.0002127874061848,0.0002657569653948,0.0538441055621463,0.0004368573953754,0.0002626974145362,0.00079697244364,0.0001178154312134,0.0002585336700704,0.0003672125749982,0.0538143512209697,0.0002083451238209,0.0002607996860343,0.0003239996281367,0.0003238336262872,0.0002867225077226,0.0004070517365613,0.000176606741761,0.542398953766078,0.000383912521548,0.000196572091153,0.0003870081302672,0.0001303487111284,0.0003110498408558,0.0002139993098767
uj1228,0.0002260815996836,0.0003416756028893,0.0944937184932334,0.0004019912887629,0.0002651019516749,0.0002300560023445,0.0004308252102793,0.0005694727412294,0.0002157572891666,0.000197488369723,0.0001550654176769,0.0003068496280918,0.0002888666507136,0.0001870564288413,0.0002665658990634,0.000272028324788,0.0002045771124383,0.0002555028681708,0.1289355400422826,0.0132814984557381,0.0002525613685246,0.0007662216676076,0.000113269582775,0.0002485582800195,0.0646605287676116,0.0002919639514393,0.0002003062332781,0.0002507368629109,0.0003114982674197,0.0003113386706671,0.0002756594657206,0.0003913458525192,0.0001697924605333,0.6886702269951923,0.000369099452338,0.0001889874570825,0.0003720756185705,0.0001253192724646,0.0002990481410889,0.0002057422554432
uj1230,0.0002449869968014,0.0003702472025558,0.0048364646848355,0.0004356066071374,0.0002872703089413,0.0002492937469896,0.0283408540220214,0.0006170931947993,0.0002337993467178,0.0002140027435641,0.0001680322991238,0.0003325090098489,0.00031302225981,0.0002026984628487,0.0002888566745486,0.0002947758792755,0.0002216842611726,0.0002768685308089,0.0003473769630789,0.0004551228414688,0.0002736810570586,0.000830294661282,0.0001227414126219,0.0002693432222584,0.000382566101262,0.0003163785630387,0.0002170562425252,0.0002717039826237,0.4741955862083861,0.000337373435174,0.0002987106635007,0.0004240709781493,0.0001839908468615,0.4814551912992965,0.0003999642893357,0.000204790967547,0.0004031893285619,0.0001357987215475,0.000324055146845,0.0002229468357741
uj1231,0.0002893457256999,0.0004372862515585,0.2196988551285178,0.0005144799989691,0.0003392850930779,0.0002944322803942,0.0005513824800097,0.0007288275729116,0.000276132376524,0.0002527512886267,0.0001984571759554,0.0003927149686008,0.0003696998375729,0.0002394001910181,0.0003411586949992,0.0003481496643552,0.0002618236651851,0.0003269999102659,0.0004102749973909,0.0334585565436453,0.0003232352945211,0.0009806325007043,0.0001449656658199,0.0003181120268594,0.00045183567962,0.0003736638520147,0.0002563576713505,0.0332419268305892,0.115622257498421,0.0003984601742411,0.000352796902829,0.0005008556638634,0.0002173052684524,0.5850906999473164,0.0004723840818609,0.000241871576432,0.0004761930648988,0.0001603872048243,0.0003827304014289,0.0002633148486727
