0	file:/home/ulrike/Git/johnson-topics/data/letters-leipzig-txt/uj0295.txt	1.1734528638355939E-4	1.2916494956575824E-4	1.063118611990112E-4	0.011680387240854507	9.514828098874958E-5	1.5875834596824272E-4	1.605474499377269E-4	1.1444021945051278E-4	1.0149525123579519E-4	1.5413191329996257E-4	8.596460694621531E-5	1.3946924167072347E-4	1.0074193472175493E-4	1.0182284795916793E-4	0.5490680308398477	1.1011264140467962E-4	8.84575273947542E-5	1.0064584218877785E-4	8.202963194730905E-5	1.2658064096174773E-4	2.409119220246647E-4	2.803518471491509E-5	1.3129693403378446E-4	0.24252218078638305	1.0079875876739865E-4	1.1359580016849727E-4	7.274081135420349E-5	1.1573330434093207E-4	1.3064208199222663E-4	3.972313705160085E-5	9.700245125636324E-5	1.4639496275036068E-4	0.005830177644030796	1.0792675819905199E-4	5.774989105693647E-5	8.484287786829146E-5	0.18479781052828487	0.002349263266232745	7.640110432513373E-5	1.3518524123764172E-4
1	file:/home/ulrike/Git/johnson-topics/data/letters-leipzig-txt/uj0008.txt	8.605071868919975E-5	9.471822074946985E-5	7.795977446813806E-5	9.908687002733908E-5	6.977338599150532E-5	1.1641941648872152E-4	1.1773138808237033E-4	8.392039794830706E-5	7.4427696088564E-5	1.130267974211654E-4	6.303888666969752E-5	1.0227448285886067E-4	7.387527997172295E-5	7.466792673058833E-5	0.16134918215032848	8.074693259231197E-5	6.48669754054529E-5	7.380481415432047E-5	6.0153321879535177E-5	9.2823115973272E-5	1.7666362808351632E-4	2.055854025033004E-5	9.62816307624482E-5	5.2518727910869934E-5	7.39169497321127E-5	8.330117506912857E-5	5.334171731964585E-5	0.38953386164797066	9.580141983495554E-5	2.9129457153540495E-5	7.113307148904445E-5	1.073531979458539E-4	4.2198598302699855E-5	7.914399798273517E-5	4.234869403641092E-5	6.221630916100737E-5	5.395168641961863E-5	0.4462025721701084	5.6025854454324155E-5	9.913297349369902E-5
2	file:/home/ulrike/Git/johnson-topics/data/letters-leipzig-txt/uj0495.txt	8.906698365397756E-5	9.803830052480093E-5	0.004462214475422401	0.004484082121660475	7.221909502038889E-5	1.205001704036668E-4	1.2185812945695554E-4	8.686199053483662E-5	7.703654881566205E-5	1.1698863265433572E-4	6.52485368408619E-5	1.0585942606604237E-4	7.64647693116862E-5	7.728520006451038E-5	0.28968743928709334	0.004465099329504602	6.714070406532903E-5	7.639183351402694E-5	6.226182672486446E-5	0.004477598809394819	1.828560727261167E-4	2.1279161828262634E-5	9.965651146122957E-5	5.435962362220509E-5	7.650789968786475E-5	8.622106254610987E-5	5.521146060085477E-5	8.784346302808809E-5	9.915946809563107E-5	3.0150508022070295E-5	0.508330183218841	1.111161611697924E-4	4.3677751011265684E-5	8.191816735545108E-5	4.38331079271011E-5	6.439712620029242E-5	5.584281044527536E-5	0.18142553277215948	5.798968258367049E-5	1.0260779996067217E-4
3	file:/home/ulrike/Git/johnson-topics/data/letters-leipzig-txt/uj0878.txt	3.5648460052499454E-5	3.923916917913079E-5	3.229660307506645E-5	4.1048981132334716E-5	2.8905206152078147E-5	4.8229381244602845E-5	4.877289520542318E-5	3.476592641434338E-5	3.083335957246051E-5	4.682391192202876E-5	2.6115287210039354E-5	4.236952197636597E-5	3.0604508678783584E-5	3.093288055933945E-5	0.4298532120976683	3.3451246482618646E-5	2.6872614391749217E-5	3.057531661722961E-5	2.491987661129078E-5	3.845407908414163E-5	0.12458408871002571	8.516841137592691E-6	3.988684720253737E-5	2.175707306641841E-5	3.062177132122608E-5	3.450939930558422E-5	0.16662119197154696	3.515875416636684E-5	3.968790894465569E-5	1.2067537674375232E-5	2.9468486678741195E-5	4.447349478048187E-5	1.7481725530946368E-5	3.278719449947769E-5	1.7543906089676797E-5	2.5774515838163458E-5	0.2385221062673339	0.03929452821138386	2.3209979705524495E-5	4.106808053793934E-5
4	file:/home/ulrike/Git/johnson-topics/data/letters-leipzig-txt/uj0229.txt	1.276625739990129E-4	1.405214511822747E-4	1.1565906280146131E-4	1.4700266389272373E-4	1.0351395302663772E-4	1.727167721410176E-4	1.746631785535397E-4	1.2450208640090086E-4	1.1041896458529984E-4	1.6768357207761468E-4	9.352282766344542E-5	1.517317221177238E-4	1.0959941462140954E-4	1.1077536442229633E-4	0.7166668035996036	1.1979401699701482E-4	9.623493183944952E-5	1.0949487339542588E-4	8.924187993674988E-5	0.26390512487720175	2.620934936593002E-4	3.050010744824672E-5	1.4284088499425164E-4	7.791539792330595E-5	1.0966123477759547E-4	0.012683936516708665	7.913636327837446E-5	1.2590886251094056E-4	1.4212845674263427E-4	4.321569344291462E-5	1.0553114652704204E-4	1.5926636971264914E-4	6.260472614912847E-5	1.1741594553720771E-4	6.282740421624645E-5	9.230247339246754E-5	8.00412973282996E-5	0.002555816299159161	8.311847825427617E-5	1.4707106177801096E-4
5	file:/home/ulrike/Git/johnson-topics/data/letters-leipzig-txt/uj1147.txt	3.4908891685562945E-4	3.842510741525607E-4	3.162657284210135E-4	4.019737273478432E-4	2.8305534354800704E-4	4.722880717568375E-4	4.776104531331792E-4	3.4044667224313155E-4	3.019368601145428E-4	4.585249593315421E-4	2.557349549489758E-4	4.149051743788677E-4	2.996958289317801E-4	3.029114232082306E-4	0.20806219472182372	0.051846352781046434	2.6315111051864354E-4	2.9940996454567054E-4	2.4402885066002994E-4	3.765630491862583E-4	7.166856420828576E-4	8.340149457718977E-5	3.905934861201247E-4	2.130569752387457E-4	2.998648740221835E-4	0.27510476215465934	2.163956629995174E-4	3.4429345312126053E-4	3.886453755744577E-4	1.1817182704829873E-4	2.8857128978100247E-4	4.3550840902633535E-4	1.7119046997761097E-4	3.210698638230523E-4	1.7179937549175424E-4	2.523979381766279E-4	2.1887017402822802E-4	0.4534848864896748	2.2728461941162026E-4	4.021607590121924E-4
6	file:/home/ulrike/Git/johnson-topics/data/letters-leipzig-txt/uj0297.txt	1.3621725830754224E-4	1.4993781038438565E-4	1.2340939039312117E-4	0.03366191295921435	1.1045043536387829E-4	1.842905436401417E-4	0.01358839123069163	0.22796725046518193	1.1781815257056813E-4	1.7892006824023792E-4	9.978980349857117E-5	1.6189928291214002E-4	1.1694368446585919E-4	1.1819843480314548E-4	0.6239694811344801	1.2782142836244745E-4	1.0268364609885097E-4	1.1683213791985492E-4	9.522198895417009E-5	1.4693788219376152E-4	2.7965640992630404E-4	3.25439232857528E-5	1.524126697327155E-4	8.313651803022528E-5	1.1700964719808372E-4	1.3186476364824895E-4	8.443930041934752E-5	0.02693839373382979	1.5165250157899408E-4	4.6111582214365945E-5	1.1260280124131229E-4	1.6993882814097258E-4	6.679987631453142E-5	1.2528400205051324E-4	6.703747606548325E-5	9.848767314235739E-5	8.540487420787926E-5	0.0027270818541688022	0.06709880751596038	1.5692631116723935E-4
7	file:/home/ulrike/Git/johnson-topics/data/letters-leipzig-txt/uj0952.txt	2.134580421623295E-4	2.3495871116784505E-4	1.9338758674974495E-4	2.457956145191808E-4	1.7308037161870382E-4	2.8879085604292966E-4	2.92045342374001E-4	2.0817355295113331E-4	1.8462588728746722E-4	2.8037510037006027E-4	1.563747233443559E-4	2.537028302235108E-4	1.8325555982761526E-4	1.8522180517513908E-4	0.49475081119798187	2.003014315780702E-4	1.6090949363305922E-4	0.30470515245216195	1.4921677022062545E-4	2.3025770039905943E-4	4.382330879560028E-4	5.0997665311791126E-5	2.3883691748094612E-4	1.3027834058191806E-4	1.8335892614001407E-4	2.0663750414799702E-4	1.3231985412873857E-4	2.1052575113109583E-4	2.3764570274190637E-4	7.225874447027288E-5	1.7645321740874883E-4	2.6630112801443817E-4	1.046781515936306E-4	1.963251802615609E-4	1.0505048016848656E-4	1.5433423155990084E-4	1.3383294793949425E-4	0.18278638792295138	1.3897814433701716E-4	0.010746671071885948
8	file:/home/ulrike/Git/johnson-topics/data/letters-leipzig-txt/uj1143.txt	4.397001856670048E-4	4.839892087364686E-4	0.10855044548220752	5.063120426169278E-4	3.565266071267695E-4	5.948775306598345E-4	6.01581416020755E-4	4.288147167299702E-4	3.803091047630777E-4	0.022207959643049394	3.221148015395506E-4	5.22600040848725E-4	3.7748638029499093E-4	3.8153663033764636E-4	0.7595674666299004	0.08693426959799043	3.314559316169254E-4	3.7712631551613707E-4	3.073702021530983E-4	4.743056414793226E-4	9.027121592033644E-4	1.050496044985069E-4	4.919778889410246E-4	2.6835911152364104E-4	3.7769930357627404E-4	4.2565062444705225E-4	2.7256440581232395E-4	4.33659987331996E-4	4.895241170586482E-4	1.4884509872662322E-4	3.634743000086388E-4	5.485511543399017E-4	2.1562552633175498E-4	4.044083668043254E-4	2.1639248241284186E-4	3.1791161196942147E-4	2.756812133253195E-4	0.008802837558952314	2.8627975432366507E-4	5.065476211574345E-4
9	file:/home/ulrike/Git/johnson-topics/data/letters-leipzig-txt/uj0453.txt	2.4423372171232223E-4	0.024298286974503897	2.2126957394716569E-4	2.812336190591232E-4	1.980345312248342E-4	3.304277733148794E-4	3.341514807978468E-4	2.3818733220024396E-4	2.1124464142871973E-4	3.2079866162536345E-4	1.78920317441508E-4	2.90280871157416E-4	2.0967674465568683E-4	2.1192647680051783E-4	0.20564056813896153	2.2918023421865467E-4	1.841088960188296E-4	2.0947674482884207E-4	1.7073035414220275E-4	2.634554995056899E-4	5.014160954759595E-4	5.8350341226619885E-5	2.732716399333889E-4	1.490614439095728E-4	2.097950139835655E-4	2.3642982092485974E-4	1.513972961755039E-4	0.1083734157582938	2.719086797650716E-4	8.267677295950061E-5	0.27654059957408933	3.04695550152637E-4	1.1977030374070796E-4	2.24630700044833E-4	1.2019631342680713E-4	1.7658563425228482E-4	1.5312854288308735E-4	0.37734609790204926	1.590155568010367E-4	2.8136447236685205E-4
10	file:/home/ulrike/Git/johnson-topics/data/letters-leipzig-txt/uj0605.txt	1.7489164021163893E-4	1.9250768892046459E-4	1.5844740212464243E-4	2.0138664134938645E-4	1.4180918073733334E-4	2.3661374375888761E-4	2.392802277513463E-4	1.7056192287485207E-4	1.5126871738418242E-4	2.297184996240743E-4	1.2812181530521915E-4	2.0786522566520167E-4	1.5014597300475863E-4	1.5175696816991356E-4	0.9473851847883864	1.6411209224334507E-4	1.3183726872988426E-4	1.5000275650904426E-4	1.2225712100892634E-4	0.025999283435896504	3.590555913060958E-4	4.178369314640591E-5	1.9568520266652237E-4	1.0674038062756642E-4	1.5023066367152822E-4	1.6930339875505652E-4	1.084130449558853E-4	1.7248913907916654E-4	1.947092099260075E-4	5.920343975810127E-5	1.4457263966549734E-4	2.181873336645544E-4	8.576549021568543E-5	1.6085424771524265E-4	8.607054855171524E-5	1.2644998813297174E-4	1.0965276146258828E-4	0.02070843142122182	1.1386835263009971E-4	2.014803431914391E-4
11	file:/home/ulrike/Git/johnson-topics/data/letters-leipzig-txt/uj0083.txt	1.4705699581785952E-4	1.6186938592504879E-4	1.3322991838487884E-4	1.6933522059059872E-4	1.1923973080353268E-4	1.9895580077064877E-4	2.011979040801773E-4	1.4341636883581578E-4	1.2719374758461607E-4	1.9315795996665546E-4	1.0773075965618575E-4	1.747827145101685E-4	1.2624969208082154E-4	0.007361861499403819	0.30467587641062766	1.379930523464991E-4	1.108548850750522E-4	1.2612926901436832E-4	1.0279945291356901E-4	0.5137908924961557	3.0191058031809627E-4	3.513366551340069E-5	1.6454118673325067E-4	8.975225853305337E-5	1.2632090391812763E-4	1.4235814343408997E-4	9.115871221395322E-5	1.4503686153034953E-4	1.6372052680813093E-4	4.9780995720403795E-5	1.2156337513295897E-4	1.8346202125722302E-4	7.211559866842267E-5	1.352537056941111E-4	7.237210585419468E-5	1.0632500989490577E-4	9.220112330301921E-5	0.16933201016377378	9.57457877131668E-5	1.6941400944167352E-4
12	file:/home/ulrike/Git/johnson-topics/data/letters-leipzig-txt/uj0760.txt	2.1123986282948736E-4	2.325171046024321E-4	1.913779723833287E-4	2.4324139474509026E-4	1.7128178254069998E-4	2.8578984515620435E-4	2.890105120338343E-4	2.060102881327979E-4	1.8270732135600767E-4	2.7746154299464193E-4	1.547497333651188E-4	2.5106644150287694E-4	1.8135123384710754E-4	1.8329704667895293E-4	0.32334328314637506	1.9821997101858804E-4	1.5923737994917415E-4	1.811782522633508E-4	1.4766616312021394E-4	2.278649450496754E-4	4.3367912705190927E-4	5.0467715884391294E-5	2.3635500998798285E-4	1.2892453484253993E-4	1.814535260139012E-4	2.0449020139731125E-4	1.3094483371357964E-4	2.083380431138222E-4	2.3517617392481E-4	7.150785754196876E-5	1.7461957892830248E-4	2.6353382230653253E-4	1.0359037382656698E-4	0.54055961463467	1.0395883329655622E-4	1.5273044563865687E-4	1.324422039967246E-4	0.1289287326396541	1.3753393336064792E-4	2.4335457090512926E-4
13	file:/home/ulrike/Git/johnson-topics/data/letters-leipzig-txt/uj0899.txt	2.134580421623295E-4	2.3495871116784505E-4	1.9338758674974495E-4	2.457956145191808E-4	1.7308037161870382E-4	2.8879085604292966E-4	2.92045342374001E-4	2.0817355295113331E-4	1.8462588728746722E-4	2.8037510037006027E-4	1.563747233443559E-4	2.537028302235108E-4	1.8325555982761526E-4	1.8522180517513908E-4	0.5682561388473782	2.003014315780702E-4	1.6090949363305922E-4	1.8308076180557402E-4	1.4921677022062545E-4	2.3025770039905943E-4	4.382330879560028E-4	5.0997665311791126E-5	2.3883691748094612E-4	1.3027834058191806E-4	1.8335892614001407E-4	2.0663750414799702E-4	1.3231985412873857E-4	2.1052575113109583E-4	2.3764570274190637E-4	7.225874447027288E-5	0.32570004709330697	2.6630112801443817E-4	1.046781515936306E-4	1.963251802615609E-4	1.0505048016848656E-4	1.5433423155990084E-4	1.3383294793949425E-4	0.0987802991807841	1.3897814433701716E-4	2.459099791150378E-4
14	file:/home/ulrike/Git/johnson-topics/data/letters-leipzig-txt/uj0104.txt	4.3414159955354356E-5	4.7787073123192406E-5	3.933213075264987E-5	4.99911365107776E-5	3.520194817898811E-5	5.873572291250062E-5	5.939763655472449E-5	4.2339374214919484E-5	3.755013266964115E-5	0.3268186804682856	3.1804270213831436E-5	5.1599345430487496E-5	3.727142864457571E-5	3.767133341819841E-5	0.5128144249861879	4.07383029551249E-5	3.27265743850879E-5	3.723587735209732E-5	3.0348450050212397E-5	4.683095813497052E-5	8.913002848485954E-5	1.0372159215777022E-5	4.857584204242008E-5	2.6496657888580905E-5	3.729245180011025E-5	4.202696495751668E-5	2.691187108352479E-5	4.281777599822605E-5	4.8333566854762734E-5	1.4696343407009482E-5	3.588793435758522E-5	5.416164999357616E-5	2.1289963924904362E-5	3.992959315469328E-5	0.008564154092153052	3.138926483000734E-5	2.7219611640227024E-5	0.1503679524544161	2.8266067314330427E-5	5.0014396551989765E-5
15	file:/home/ulrike/Git/johnson-topics/data/letters-leipzig-txt/uj0736.txt	4.49421357325552E-4	4.946895503155254E-4	4.071643815644506E-4	5.175059116201953E-4	3.6440892435495357E-4	6.080294618617387E-4	6.148815609885321E-4	4.3829522551056075E-4	3.887172205911437E-4	5.903106619556433E-4	3.2923632066007304E-4	5.341540152873478E-4	3.858320895333089E-4	0.15515042873275184	0.4668395540977435	4.217210105656723E-4	3.387839703886261E-4	3.8546406421307363E-4	3.1416573828260886E-4	4.8479189258800355E-4	9.226698943691156E-4	1.0737210803905775E-4	0.04472012823439671	2.742921656234458E-4	3.8604972025806127E-4	4.3506117946089817E-4	2.785904332357423E-4	4.432476184400037E-4	5.003468279149265E-4	1.52135860937833E-4	3.715102212545993E-4	5.606788725184673E-4	2.2039271275505805E-4	0.08884789605455809	2.211766251895008E-4	3.2494020429878814E-4	2.8177614911368323E-4	0.2300838232216482	2.926090094044321E-4	5.177466984810666E-4
16	file:/home/ulrike/Git/johnson-topics/data/letters-leipzig-txt/uj0396.txt	2.632079507082159E-4	2.897197043553038E-4	2.384597454618207E-4	3.0308232632182095E-4	2.1341959974940263E-4	3.5609831624205387E-4	3.601113141555162E-4	2.566918243457297E-4	2.2765598779204114E-4	3.457211302532849E-4	1.928204253027472E-4	3.128324487358632E-4	2.2596628297299036E-4	2.2839079414749904E-4	0.6100606274071293	2.469849755742293E-4	1.984120984134488E-4	2.257507453961286E-4	1.8399419344061006E-4	2.8392304568564195E-4	5.40370518931841E-4	6.288351022826377E-5	2.945017904540732E-4	1.6064185119882594E-4	2.2609374050508026E-4	2.547977740978883E-4	1.6315917306479265E-4	2.5959224100998785E-4	2.930329435221893E-4	8.909983367272532E-5	2.1757854274100688E-4	0.11686159300640941	1.2907511699151989E-4	2.4208199347096728E-4	1.2953422286631015E-4	1.903043633376752E-4	1.6502491828162278E-4	0.2642321715102152	1.7136928734855832E-4	3.0322334546827316E-4
17	file:/home/ulrike/Git/johnson-topics/data/letters-leipzig-txt/uj0630.txt	0.09258760330286678	1.0347904935120917E-4	8.517055415277899E-5	1.0825177069928502E-4	7.622697718861403E-5	1.271874666664156E-4	1.2862078722725742E-4	9.168249711779542E-5	8.13117811515523E-5	1.2348105207011462E-4	6.886957982448613E-5	1.117342172961022E-4	0.2636874495854476	8.157423158891282E-5	0.24101846321745216	8.821550654735435E-5	7.0866755056546E-5	8.063128662891926E-5	6.571711877776622E-5	1.0140865952430793E-4	0.009442363226274572	2.246007351404592E-5	1.051870647743142E-4	5.7376373778453346E-5	8.075379402925439E-5	9.100600008937897E-5	5.827548443501329E-5	9.271843756170725E-5	1.0466243741252667E-4	3.1823745320744124E-5	7.771242488377423E-5	1.1728268099156962E-4	4.610169829801592E-5	8.646431075568206E-5	4.626567692549853E-5	6.797091916613103E-5	5.894187176893234E-5	0.39035517835788497	6.120788705857443E-5	1.0830213844091882E-4
18	file:/home/ulrike/Git/johnson-topics/data/letters-leipzig-txt/uj1016.txt	0.008306203838110144	9.199230579301688E-5	7.571615424868218E-5	0.008318864819395193	6.776536351249699E-5	1.1306895840244135E-4	1.1434317249852241E-4	8.150523573232915E-5	7.228572627180847E-5	1.097739762096557E-4	6.12246777175933E-5	9.933110469695595E-5	7.174920825084767E-5	7.251904326728295E-5	0.15670568119185535	7.842310018182707E-5	6.300015551548385E-5	7.168077038354875E-5	0.17684495835446445	9.015174062295404E-5	1.7157938956801616E-4	1.9966881835425447E-5	9.351072211097304E-5	5.100728074924317E-5	7.178967878872058E-5	8.090383359444387E-5	5.180658517829044E-5	8.242618108984056E-5	9.30443312715178E-5	2.8291134576322573E-5	6.908591834431533E-5	1.0426365840860181E-4	4.0984156251904427E-5	7.686629675368386E-5	4.112993234994048E-5	6.042577333447539E-5	5.2398999853365516E-5	0.6471495868683571	5.4413474983968094E-5	9.628000546932193E-5
19	file:/home/ulrike/Git/johnson-topics/data/letters-leipzig-txt/uj0650.txt	1.0101745977025207E-4	0.3529391967032453	9.151926330188214E-5	1.1632097975729305E-4	8.190902202558591E-5	0.005106076673838693	1.3820832574637713E-4	9.851661383870182E-5	8.737285300979957E-5	1.3268546893479977E-4	7.400319596536854E-5	1.2006301185041706E-4	8.672435554563564E-5	8.765486679871311E-5	0.24407602572014128	9.479118988158899E-5	7.614924289134032E-5	8.664163365808997E-5	7.061574691735418E-5	1.0896777535870049E-4	2.073906088716172E-4	2.4134272720879428E-5	0.015021253357148899	6.165327338035342E-5	8.677327289819153E-5	9.77896899589355E-5	6.261940475913526E-5	0.02991608083435576	1.1246409351982891E-4	3.419592318299119E-5	8.350519666700809E-5	1.260250642864684E-4	4.953817087571908E-5	9.290945798086993E-5	4.97143726550047E-5	7.303754812816517E-5	6.333546535637614E-5	0.3498809743968285	6.577039198097977E-5	1.1637510196718541E-4
20	file:/home/ulrike/Git/johnson-topics/data/letters-leipzig-txt/uj0078.txt	0.0040878194151636365	4.5273140533946295E-5	3.726298696875098E-5	4.736125484960297E-5	3.335008073977552E-5	5.5645815154349965E-5	5.6272907532836606E-5	4.011202849795581E-5	3.557473438556185E-5	5.4024220928779865E-5	3.013114427950975E-5	4.888486078885511E-5	3.5310692131673744E-5	3.568955913132745E-5	0.5283270536268198	3.859518472803756E-5	0.16392191518527893	3.527701108457574E-5	2.875191038732794E-5	0.14167848729855373	0.016271197737282108	9.826511462750349E-6	4.602041471909978E-5	2.510274929743347E-5	3.533060932293022E-5	3.981605414150085E-5	2.5496119388917902E-5	4.056526301833528E-5	4.579088489226935E-5	0.00810730149774311	3.399997927170505E-5	5.131237030123797E-5	2.016996366883688E-5	3.782901869079701E-5	0.04048713312733708	2.9737971066834077E-5	2.5787670650817916E-5	0.004870120935054765	2.677907547433777E-5	0.09109788898927619
21	file:/home/ulrike/Git/johnson-topics/data/letters-leipzig-txt/uj0346.txt	9.669290104258737E-5	1.0643234229033731E-4	8.760132248490123E-5	1.1134127714584362E-4	7.840249575893016E-5	1.308173980351959E-4	1.322916255769037E-4	9.429911635692893E-5	8.363242006975286E-5	1.2700520233513172E-4	7.083511821212692E-5	0.01914159538861683	8.301168479021421E-5	8.390236084480382E-5	0.6474572499777411	0.31878749379781457	7.288929284211346E-5	8.293250422771836E-5	6.759268590060966E-5	1.0430286352035661E-4	1.9851221428843086E-4	2.3101084201109753E-5	1.0818910448798854E-4	5.901389596883963E-5	8.305850799028981E-5	9.360331209762962E-5	5.993866725110267E-5	9.536462254982613E-5	1.0764950425688152E-4	3.273199527995452E-5	0.009593266476053306	1.2062992969385365E-4	4.7417441155328465E-5	8.893200291213646E-5	4.75860997342191E-5	6.991080977102126E-5	6.062407328513857E-5	0.0019358006403626124	6.29547606702127E-5	1.1139308238324744E-4
22	file:/home/ulrike/Git/johnson-topics/data/letters-leipzig-txt/uj1206.txt	9.488750753367484E-5	1.0444509960925671E-4	8.596568163349335E-5	1.0926237769339464E-4	0.004744792944345009	1.283748518015117E-4	1.2982155342553827E-4	9.253841820089777E-5	8.207088425170892E-5	1.246338351983346E-4	6.951252615785706E-5	1.127773353970937E-4	8.146173897963047E-5	0.27548574150882554	0.47666125808903986	8.903906081653425E-5	7.152834643604361E-5	8.138403683046198E-5	6.633063465321584E-5	1.0235538122610107E-4	0.17757327041346646	2.2669754217048603E-5	1.0616906056675333E-4	5.791202288851022E-5	8.15076879241964E-5	9.185560559330885E-5	5.881952738022065E-5	9.358402988299199E-5	1.0563953543675659E-4	3.212084253580261E-5	7.843792544242034E-5	1.1837759793318037E-4	4.653209032245432E-5	8.72715163711292E-5	4.669759980663098E-5	6.860547586540363E-5	5.949213591214962E-5	0.0018996564987247468	6.177930606037444E-5	0.06079141956161433
23	file:/home/ulrike/Git/johnson-topics/data/letters-leipzig-txt/uj0989.txt	1.8275326771170794E-4	2.0116118281737378E-4	1.6556983777880064E-4	2.1043925676235292E-4	1.4818370472085697E-4	2.472498674328273E-4	2.5003621366603254E-4	1.7822892343425533E-4	1.580684609685445E-4	2.4004467228580815E-4	1.3388107278226833E-4	2.1720906264002836E-4	1.5689524763544093E-4	1.5857865932020497E-4	0.4775253105287834	0.027142340911352352	1.3776354111275297E-4	1.56745593354937E-4	1.277527521519584E-4	1.9713638679263483E-4	0.10825860264021335	4.36619294686036E-5	2.0448153031704964E-4	0.018092106343991575	1.5698374526790693E-4	0.2519048634710657	1.1328636522756908E-4	1.8024277074278998E-4	2.0346166531734955E-4	6.186471841920672E-5	1.5107138505079107E-4	2.279951640470031E-4	8.962077075179684E-5	1.6808487449540655E-4	8.99395418930857E-5	1.3213409460533708E-4	1.1458180875112428E-4	0.11154214396950855	1.189868967259814E-4	2.1053717063522305E-4
24	file:/home/ulrike/Git/johnson-topics/data/letters-leipzig-txt/uj0772.txt	2.0280975807802925E-4	2.232378732961399E-4	1.8374051071911904E-4	2.3353418129529226E-4	1.64446314322279E-4	2.743846193654902E-4	2.7747675671851096E-4	1.9778888386953435E-4	0.01015234997212116	2.6638868089079703E-4	1.4857402180644768E-4	2.41046948150178E-4	1.7411391662080662E-4	1.7598207646718104E-4	0.6895628799357024	0.2895213979655291	1.528825765738148E-4	1.7394783834048707E-4	1.4177314081526132E-4	2.1877137090025182E-4	4.163719747909764E-4	4.8453663584917564E-5	2.2692261656544514E-4	1.2377944849757802E-4	1.7421212653877767E-4	1.9632946035470978E-4	1.2571912181393317E-4	2.00023743418499E-4	2.2579082518107597E-4	6.865414081655252E-5	1.676509068116701E-4	2.5301678400780237E-4	9.945631649996489E-5	1.8653156334673523E-4	9.98100715865718E-5	1.466353192821791E-4	1.271567354386068E-4	0.004060269733621079	1.3204526540953207E-4	2.336428408509758E-4
25	file:/home/ulrike/Git/johnson-topics/data/letters-leipzig-txt/uj0991.txt	8.497162798420047E-5	9.353043808871154E-5	7.698214558515041E-5	9.784430375871601E-5	0.004248955330456545	1.1495949712804586E-4	1.1625501637389913E-4	8.286802182913788E-5	7.349436007153709E-5	1.1160942208286594E-4	6.224836826735313E-5	1.0099194338106482E-4	7.294887134712292E-5	7.373157818029252E-5	0.37668879541798733	7.973435227055689E-5	6.40535324582271E-5	7.287928918310229E-5	5.9398988952352054E-5	9.165909824998483E-5	1.744482360231093E-4	2.0300732645345225E-5	9.50742426731844E-5	5.186013409561435E-5	0.4765994782873796	8.225656411059283E-5	5.267280307668378E-5	8.380436560268798E-5	9.460005367271559E-5	2.8764168787157507E-5	7.024105062703263E-5	1.0600697051370745E-4	4.1669420674830064E-5	7.815151873467551E-5	4.181763418241245E-5	6.143610602107206E-5	5.327512305999438E-5	0.1396430178747303	5.532328067339313E-5	9.788982907973592E-5
26	file:/home/ulrike/Git/johnson-topics/data/letters-leipzig-txt/uj1210.txt	6.681715876178422E-5	7.354735079331048E-5	6.053465568933433E-5	7.693954480191878E-5	5.417804151038193E-5	9.039802052760204E-5	9.141674780378438E-5	6.516299501596052E-5	5.77920470808058E-5	8.776370009067573E-5	4.8948798603165666E-5	7.94146808133233E-5	0.006631310976182408	0.31560747645587994	0.5854616953833761	0.003349672780496387	5.03682834970545E-5	5.730838812101817E-5	4.670819859843972E-5	7.207582889749951E-5	1.3717679369679286E-4	1.596341400445784E-5	7.476131642472184E-5	0.026336571534431138	5.739545980174694E-5	6.468217726037108E-5	4.141908457088028E-5	0.03622261258380895	7.438843947180166E-5	2.261860903570807E-5	5.523381795407792E-5	0.009944280039355251	3.276661119473186E-5	6.145418839968931E-5	3.288315839644741E-5	4.831007887102099E-5	4.189271689857609E-5	0.014485581317528218	4.350327886696709E-5	7.697534348760284E-5
27	file:/home/ulrike/Git/johnson-topics/data/letters-leipzig-txt/uj0411.txt	2.1123986282948736E-4	2.325171046024321E-4	1.913779723833287E-4	2.4324139474509026E-4	1.7128178254069998E-4	2.8578984515620435E-4	2.890105120338343E-4	2.060102881327979E-4	1.8270732135600767E-4	2.7746154299464193E-4	1.547497333651188E-4	2.5106644150287694E-4	1.8135123384710754E-4	1.8329704667895293E-4	0.17786030979382342	1.9821997101858804E-4	1.5923737994917415E-4	1.811782522633508E-4	1.4766616312021394E-4	2.278649450496754E-4	4.3367912705190927E-4	5.0467715884391294E-5	2.3635500998798285E-4	1.2892453484253993E-4	1.814535260139012E-4	2.0449020139731125E-4	1.3094483371357964E-4	2.083380431138222E-4	2.3517617392481E-4	7.150785754196876E-5	1.7461957892830248E-4	0.5302372224637446	1.0359037382656698E-4	0.02097756694698548	1.0395883329655622E-4	1.5273044563865687E-4	1.324422039967246E-4	0.26402006503845205	1.3753393336064792E-4	2.4335457090512926E-4
28	file:/home/ulrike/Git/johnson-topics/data/letters-leipzig-txt/uj1117.txt	1.6907312883479345E-4	1.8610310504922585E-4	1.5317597799723303E-4	1.9468666150805082E-4	1.3709129753569592E-4	2.2874178510887396E-4	2.3131955721420342E-4	1.6488745788897265E-4	1.4623612261867165E-4	2.2207594048335676E-4	1.2385930030408247E-4	2.0094970826871586E-4	1.4515073108777203E-4	1.4670812967343833E-4	0.15067395848404858	1.586522081994863E-4	1.2745114342927645E-4	1.4501227929555438E-4	1.181897199105663E-4	1.8237958828071633E-4	3.4711008584679335E-4	4.0393581568489544E-5	0.44932387049375794	1.0318920963792538E-4	1.4523260416070169E-4	1.6367080390602414E-4	1.0480622570076862E-4	1.6675055708119393E-4	1.8823138313131278E-4	5.723378650672778E-5	1.3976281829463974E-4	2.1092840761368934E-4	8.291213782012887E-5	1.5550274967215453E-4	8.320704709816687E-5	1.2224309354576718E-4	1.0600469778555649E-4	0.3942983907047208	1.1008003945264233E-4	1.9477724596134004E-4
29	file:/home/ulrike/Git/johnson-topics/data/letters-leipzig-txt/uj0593.txt	2.4133415784832282E-4	2.6564266267230897E-4	2.1864264243123255E-4	2.7789478921429894E-4	1.9568344814532425E-4	3.265049062167228E-4	3.301844055224491E-4	2.353595515953866E-4	2.0873672677854013E-4	3.1699011217385117E-4	1.7679615996091336E-4	0.16649604526547998	2.0718744421157874E-4	2.094104673418433E-4	0.5000013473777813	2.264593866599132E-4	1.8192313928468864E-4	2.0698981879997306E-4	1.6870342861411515E-4	2.603277330335465E-4	4.954632402310878E-4	5.7657600929798686E-5	2.700273353932484E-4	1.4729177355756116E-4	2.0730430943576966E-4	2.336229056458425E-4	1.4959989438340096E-4	2.380189302775068E-4	2.6868055640590977E-4	8.169522716154639E-5	1.9949676382107544E-4	3.01078178233027E-4	1.1834838033769877E-4	2.2196386494921885E-4	1.1876933239996587E-4	1.7448919433240174E-4	1.513105875803644E-4	0.3253778665017779	1.571277103600071E-4	2.780240890202431E-4
30	file:/home/ulrike/Git/johnson-topics/data/letters-leipzig-txt/uj1207.txt	3.5518854368848615E-4	3.909650889759654E-4	3.217918360407165E-4	4.0899740989703263E-4	2.880011664754159E-4	4.8054035607819146E-4	4.859557353662121E-4	3.463952932302303E-4	3.0721259957476984E-4	4.6653676093975487E-4	2.6020340902467847E-4	4.221548079608444E-4	3.049324108786184E-4	3.0820419119875336E-4	0.7009413574738531	3.3329629120663385E-4	2.6774914699964527E-4	3.046415515872114E-4	2.482927641032994E-4	3.831427312333648E-4	7.292082824821792E-4	8.485876798135736E-5	3.9741832183859193E-4	2.167797174409308E-4	3.0510440969204076E-4	3.43839348596364E-4	2.2017674205649458E-4	3.503092888686436E-4	3.9543617197863005E-4	1.2023664209211062E-4	2.936134927767172E-4	4.431180427023605E-4	1.7418167919046784E-4	3.266799140481835E-4	1.748012241040117E-4	2.56808084594701E-4	2.2269449018939307E-4	0.2866787321404052	2.312559610851002E-4	4.09187709563611E-4
31	file:/home/ulrike/Git/johnson-topics/data/letters-leipzig-txt/uj0019.txt	1.276625739990129E-4	1.405214511822747E-4	1.1565906280146131E-4	1.4700266389272373E-4	0.006383690499536721	1.727167721410176E-4	1.746631785535397E-4	0.006404678632910984	1.1041896458529984E-4	1.6768357207761468E-4	0.41458517489732893	1.517317221177238E-4	1.0959941462140954E-4	1.1077536442229633E-4	0.4277786824601398	1.1979401699701482E-4	9.623493183944952E-5	1.0949487339542588E-4	8.924187993674988E-5	1.377099237782903E-4	2.620934936593002E-4	3.050010744824672E-5	1.4284088499425164E-4	7.791539792330595E-5	1.0966123477759547E-4	1.2358342368850068E-4	7.913636327837446E-5	0.08804838051365209	1.4212845674263427E-4	4.321569344291462E-5	1.0553114652704204E-4	1.5926636971264914E-4	6.260472614912847E-5	1.1741594553720771E-4	6.282740421624645E-5	9.230247339246754E-5	8.00412973282996E-5	0.05279722867123982	8.311847825427617E-5	1.4707106177801096E-4
32	file:/home/ulrike/Git/johnson-topics/data/letters-leipzig-txt/uj0948.txt	1.6495713046932244E-4	1.8157252067150265E-4	1.4944698759283771E-4	1.8994711486294702E-4	1.3375388040462365E-4	0.13817525876028802	2.2568820156380036E-4	1.6087335752994496E-4	1.4267607942422994E-4	2.16669615928181E-4	1.2084400934026448E-4	1.9605769097137167E-4	1.4161711119192228E-4	1.4313659571000631E-4	0.13077622133126515	1.5478990178729746E-4	1.243484108918967E-4	1.41482029937379E-4	1.153124519655062E-4	1.7793965100368036E-4	3.386598693290643E-4	3.9410220600030265E-5	1.8456953956241267E-4	1.0067712140053929E-4	1.4169699110699963E-4	1.596863223624739E-4	1.0225477203898025E-4	1.6269110053054227E-4	1.83648986918276E-4	5.5840459410134E-5	0.3571888171500653	2.0579346401293727E-4	8.08936844674449E-5	1.5171711520801535E-4	8.118141433078388E-5	1.1926714830424896E-4	1.0342406793725022E-4	0.3684697420480229	1.074001975074401E-4	1.9003549408430943E-4
33	file:/home/ulrike/Git/johnson-topics/data/letters-leipzig-txt/uj0121.txt	7.200497801553067E-4	7.925771575911034E-4	6.523468870665647E-4	8.291328656667897E-4	0.07142747006254581	9.741670554929867E-4	9.851452887020416E-4	7.022238165316863E-4	6.227913842253917E-4	0.42600752683745685	5.27492822595659E-4	8.558059714062939E-4	6.181689114611338E-4	6.248015710502218E-4	0.42916039534431255	6.756690931461913E-4	5.427897882960775E-4	6.175792720356645E-4	5.033471754188496E-4	7.767194192914256E-4	0.0014782747721424963	1.7202845732213647E-4	8.05659361357508E-4	4.3946290120880284E-4	6.185175930557191E-4	6.970423223523057E-4	4.463494601113448E-4	7.101583959235263E-4	8.016410826256574E-4	2.4374763556835695E-4	5.952228321584806E-4	8.98303323404818E-4	3.531067711411778E-4	6.622561579515667E-4	3.543627327613388E-4	5.206097103646931E-4	4.5145352110034445E-4	0.0498372742040059	4.6880961364838183E-4	8.295186473467402E-4
34	file:/home/ulrike/Git/johnson-topics/data/letters-leipzig-txt/uj0491.txt	9.809268405673965E-5	1.0797311915490608E-4	0.2317142316933675	0.0049384814978504395	7.953749616379091E-5	1.327111872353422E-4	1.3420675655756984E-4	9.566424554327801E-5	8.484313191916285E-5	1.2884380395966453E-4	7.186056883166239E-5	1.1658680702453937E-4	8.421341051250199E-5	8.511698051482598E-5	0.656830219980052	9.204668442034336E-5	7.39444808955676E-5	8.413308368585194E-5	6.857119717273431E-5	1.0581281280421287E-4	0.06293325492320598	2.343550901331983E-5	1.0975531327007825E-4	5.986821565813873E-5	8.426091155261992E-5	9.49583684143798E-5	6.080637447060233E-5	9.67451766272914E-5	1.092079014702853E-4	3.3205842796350915E-5	8.108745648903077E-5	1.2237623914121908E-4	4.810388377922451E-5	9.02194346237584E-5	4.827498395839165E-5	7.09228795607156E-5	6.150170284344384E-5	0.04056805145695565	6.386613062287729E-5	1.1300567382411712E-4
35	file:/home/ulrike/Git/johnson-topics/data/letters-leipzig-txt/uj1053.txt	1.3996899389695687E-4	0.027696360070347533	1.2680836793648432E-4	1.6117343024429494E-4	0.32373543088330814	1.8936632772182003E-4	1.9150036386680178E-4	1.3650384153887442E-4	1.2106313460566468E-4	1.8384793711689572E-4	1.0253824346791059E-4	1.6635836033851743E-4	1.2016458164452119E-4	1.2145389068277327E-4	0.6273838848609405	1.3134192354665166E-4	1.055117891279093E-4	1.2004996285090514E-4	9.7844620838653E-5	0.007036558045571765	2.8735878860404565E-4	3.3440257544181916E-5	1.566104640828479E-4	8.542628833796268E-5	1.2023236114161925E-4	1.3549662155609154E-4	8.676495234087791E-5	1.3804622808641538E-4	1.5582935915538947E-4	4.738160090529621E-5	1.157041405439359E-4	1.7461933307464587E-4	6.863969805556147E-5	1.2873461069670987E-4	6.888384184838256E-5	1.0120024945638496E-4	8.775712024524821E-5	0.009687765097847668	9.113093533259855E-5	1.6124842155058338E-4
36	file:/home/ulrike/Git/johnson-topics/data/letters-leipzig-txt/uj0976.txt	4.813471447653552E-4	5.298310788046242E-4	4.3608833741790894E-4	5.542682582775658E-4	3.9029563772646807E-4	0.02433040222447779	6.585612341878506E-4	4.694306399216623E-4	4.1633073551761466E-4	6.322448789434525E-4	3.5262445880599195E-4	5.720990022671904E-4	4.1324065184818935E-4	4.176745282875648E-4	0.5710402269164533	4.5167903352733095E-4	3.628503500796229E-4	4.128464829147172E-4	3.3648329933704245E-4	5.192303158249594E-4	9.882140934699963E-4	1.1499955840905744E-4	5.385764205903535E-4	2.937772061836211E-4	4.134737425241558E-4	4.6596685519788213E-4	2.9838081215136694E-4	4.747348386596335E-4	5.358902354851647E-4	1.6294321817420565E-4	3.9790139328538666E-4	6.005081200925799E-4	2.3604886880107054E-4	4.4271260059895376E-4	2.3688846844606862E-4	3.480231569088365E-4	3.0179283344694086E-4	0.38850349098466513	3.1339523347889296E-4	5.545261500445863E-4
37	file:/home/ulrike/Git/johnson-topics/data/letters-leipzig-txt/uj0633.txt	6.659825204312343E-5	7.330639458495452E-5	6.033633173950198E-5	7.668747507013193E-5	5.4000543132565715E-5	9.010185806852953E-5	9.11172477851782E-5	6.494950767705841E-5	5.7602708479380795E-5	8.74761682057467E-5	4.8788432297815744E-5	7.915450202822535E-5	0.43579245816398077	5.778863302585441E-5	0.2067800122121994	6.249343004228547E-5	5.020326666800575E-5	5.712063408556095E-5	4.655517295833141E-5	7.183969369673531E-5	1.3672737438084092E-4	1.5911114585519693E-5	7.45163830159302E-5	4.064644121131936E-5	5.7207420501602176E-5	6.447026517906898E-5	4.128338715331018E-5	6.568338626817465E-5	7.414472768439801E-5	2.2544505832632185E-5	5.5052860636055146E-5	8.308513215625983E-5	3.265926105486966E-5	6.125285187206921E-5	3.277542642404445E-5	4.815180514253753E-5	4.175546776434176E-5	0.3551634576516946	4.3360753201341214E-5	7.67231564719781E-5
38	file:/home/ulrike/Git/johnson-topics/data/letters-leipzig-txt/uj0999.txt	3.319854323492352E-4	3.6542483253901894E-4	3.007704040931163E-4	3.8227917078730164E-4	2.6918714994727004E-4	4.4914848946758204E-4	4.5421010270431237E-4	3.237666113680623E-4	2.871435734774476E-4	0.2127461501886907	2.4320531385033803E-4	3.9457704627462726E-4	2.8501234080234876E-4	2.8807038820684034E-4	0.7204777166915234	3.115233171306188E-4	2.502581175753659E-4	2.847404822378585E-4	2.3207274588313973E-4	3.581134795595568E-4	0.017013117312266273	7.93152686862056E-5	3.7145650033917275E-4	0.016534163748768125	2.85173103590035E-4	3.2137763683773784E-4	2.057934362009685E-4	3.274249206162662E-4	3.696038367610999E-4	1.1238204136498884E-4	2.744328444009082E-4	4.1417083293460605E-4	1.6280305516857733E-4	3.0533916262855197E-4	1.633821275785338E-4	2.4003179300097023E-4	2.0814670946188725E-4	0.02297792385986933	2.161488921543266E-4	3.824570389032855E-4
39	file:/home/ulrike/Git/johnson-topics/data/letters-leipzig-txt/uj0942.txt	1.1278771233805355E-4	1.2414831157481424E-4	0.1998456318815937	0.011226732634257252	9.145281652423423E-5	1.5259232993648442E-4	1.5431194688976768E-4	1.0999547531119709E-4	9.755327676856033E-5	0.1388588741021908	8.262582723443753E-5	1.3405239523764915E-4	9.682921831761106E-5	9.786814996148844E-5	0.4667100548535548	1.0583597608633267E-4	8.502192513574062E-5	9.673685792290523E-5	7.88436827451958E-5	1.2166437494297411E-4	0.05016741740972392	2.694632606404422E-5	1.2619749188959021E-4	6.883692857193021E-5	9.688383537391956E-5	1.0918385243304103E-4	6.99156306921245E-5	1.1123833807240406E-4	1.2556807364908423E-4	3.818032997334558E-5	9.323497266543464E-5	1.4070912820867334E-4	5.531021052391687E-5	1.0373499040723979E-4	5.550694280802616E-5	0.05556583907255094	7.071512453053525E-5	0.05774231162842735	7.343376152976945E-5	0.01677522220338075
40	file:/home/ulrike/Git/johnson-topics/data/letters-leipzig-txt/uj0698.txt	1.0254624227737225E-4	1.128752642745312E-4	9.290430158257791E-5	1.1808136335304447E-4	8.314862041118016E-5	1.38736478566345E-4	1.4029994902833227E-4	1.0000754893289109E-4	8.869514016275666E-5	1.3469351016171148E-4	0.5196704439032827	1.2188002677720828E-4	8.803682843894514E-5	8.898142190444033E-5	0.4142421215212596	9.622574498968284E-5	7.730167367635011E-5	8.795285465123366E-5	7.16844346358932E-5	1.1061687670402298E-4	2.105292260542807E-4	2.4499517046381794E-5	1.1473837273442451E-4	6.258632441989598E-5	8.808648609909787E-5	9.926962390031493E-5	6.356707708053168E-5	1.0113755594505791E-4	1.1416610759980357E-4	3.4713438959925996E-5	8.476895131109136E-5	0.01526177660180608	5.0287873840352835E-5	0.025317389358284013	5.0466742229930465E-5	7.414288700913918E-5	6.429397442735615E-5	0.022231444120689215	6.67657508523634E-5	1.1813630464003417E-4
41	file:/home/ulrike/Git/johnson-topics/data/letters-leipzig-txt/uj1201.txt	2.4423372171232223E-4	2.6883428656959956E-4	2.2126957394716569E-4	2.812336190591232E-4	1.980345312248342E-4	3.304277733148794E-4	3.341514807978468E-4	2.3818733220024396E-4	2.1124464142871973E-4	3.2079866162536345E-4	1.78920317441508E-4	2.90280871157416E-4	2.0967674465568683E-4	0.2405064533561435	0.5780970848019431	2.2918023421865467E-4	1.841088960188296E-4	2.0947674482884207E-4	1.7073035414220275E-4	2.634554995056899E-4	5.014160954759595E-4	5.8350341226619885E-5	2.732716399333889E-4	1.490614439095728E-4	0.04826870038985216	2.3642982092485974E-4	1.513972961755039E-4	2.4087866258947483E-4	2.719086797650716E-4	8.267677295950061E-5	2.0189366284489272E-4	3.04695550152637E-4	1.1977030374070796E-4	2.24630700044833E-4	1.2019631342680713E-4	1.7658563425228482E-4	1.5312854288308735E-4	0.12503684467873913	1.590155568010367E-4	2.8136447236685205E-4
42	file:/home/ulrike/Git/johnson-topics/data/letters-leipzig-txt/uj0716.txt	9.856832832235209E-5	1.084966729291775E-4	8.93004121611877E-5	1.1350082005200992E-4	7.992316767757674E-5	1.3335469409620653E-4	1.3485751532492225E-4	9.612811448778034E-5	8.52545300734901E-5	1.294685581612894E-4	7.220901548512186E-5	1.1715212794261324E-4	8.46217551936891E-5	8.552970654100653E-5	0.29634561571675333	9.24930120749914E-5	7.430303228652885E-5	8.454103886811935E-5	6.890369390309724E-5	1.0632589141066159E-4	2.023624992424323E-4	2.354914608606469E-5	1.1028750877353918E-4	6.015851226633197E-5	8.466948656288366E-5	9.541881461220315E-5	6.110122014240487E-5	9.721428692772744E-5	1.0973744261388235E-4	3.33668555045135E-5	8.148064364730852E-5	1.2296963259308006E-4	4.833713600076675E-5	9.065690207750618E-5	4.850906583221478E-5	7.126677942733831E-5	6.179992011177716E-5	0.38018965396753024	6.41758128289433E-5	0.32014273656347375
43	file:/home/ulrike/Git/johnson-topics/data/letters-leipzig-txt/uj0533.txt	1.1216537072653083E-4	1.2346328429044376E-4	1.0161898864039297E-4	1.291577302322171E-4	9.094819689826474E-5	1.5175035385105726E-4	1.5346048227794237E-4	1.0938854074406799E-4	9.701499593800762E-5	1.4732814354017357E-4	8.216991329302914E-5	1.3331271906237015E-4	9.629493270687317E-5	9.732813171924211E-5	0.5689733004871732	1.0525199286201449E-4	8.455278997192819E-5	9.620308193964085E-5	7.840863797337739E-5	1.2099305355877959E-4	2.302774647292821E-4	2.679764125042684E-5	1.2550115760951106E-4	6.84570992077941E-5	9.634924839642694E-5	0.0056263953373413556	6.95298492503913E-5	1.106245456198043E-4	1.2487521238174732E-4	3.7969658016343184E-5	9.272051943346402E-5	1.399327214194047E-4	5.50050190732033E-5	0.2704760457135102	0.005573014606916585	8.109770015385967E-5	7.032493163055464E-5	0.14570872335379575	7.30285676966537E-5	1.2921782516779482E-4
44	file:/home/ulrike/Git/johnson-topics/data/letters-leipzig-txt/uj0274.txt	2.0280975807802925E-4	2.232378732961399E-4	0.060045345028964435	2.3353418129529226E-4	1.64446314322279E-4	2.743846193654902E-4	2.7747675671851096E-4	1.9778888386953435E-4	1.7541588574694015E-4	2.6638868089079703E-4	1.4857402180644768E-4	2.41046948150178E-4	1.7411391662080662E-4	1.7598207646718104E-4	0.899078495749561	1.9030946067676618E-4	1.528825765738148E-4	1.7394783834048707E-4	1.4177314081526132E-4	2.1877137090025182E-4	4.163719747909764E-4	0.020002321836333353	2.2692261656544514E-4	1.2377944849757802E-4	1.7421212653877767E-4	1.9632946035470978E-4	1.2571912181393317E-4	2.00023743418499E-4	2.2579082518107597E-4	6.865414081655252E-5	1.676509068116701E-4	2.5301678400780237E-4	9.945631649996489E-5	1.8653156334673523E-4	9.98100715865718E-5	1.466353192821791E-4	1.271567354386068E-4	0.014037203819995297	1.3204526540953207E-4	2.336428408509758E-4
45	file:/home/ulrike/Git/johnson-topics/data/letters-leipzig-txt/uj0931.txt	3.0235762830605275E-4	3.3281275298370424E-4	2.739283630692034E-4	3.4816293778957826E-4	2.451637340005406E-4	4.090645516331105E-4	0.030161770953653085	2.948722901640908E-4	2.615176492703291E-4	3.9714385799292E-4	2.2150062840667537E-4	3.593632981163512E-4	2.5957661694113525E-4	2.623617510776744E-4	0.8644158703076777	2.837216400223329E-4	2.2792400967409273E-4	2.5932902020108466E-4	2.1136157855831605E-4	3.2615389650637226E-4	6.20745490670478E-4	7.223683388369528E-5	3.38306128876373E-4	1.8453579766294928E-4	2.597230325680521E-4	2.926965179684223E-4	1.8742754719797922E-4	2.982041162025702E-4	3.36618804943057E-4	1.0235258592782354E-4	2.499412801795903E-4	0.030125304960067146	1.4827381217730082E-4	2.7808938599512554E-4	1.4880120568144627E-4	2.186103261708072E-4	1.8957080425866538E-4	0.06554942013349004	1.9685883784205605E-4	3.483249321919217E-4
46	file:/home/ulrike/Git/johnson-topics/data/letters-leipzig-txt/uj0670.txt	6.510516686891489E-5	7.166291765317851E-5	5.898363433945541E-5	7.496819673230768E-5	5.27898895812047E-5	8.808183885896147E-5	8.90744642644539E-5	6.349338617221821E-5	5.631129695751187E-5	8.551501508479088E-5	4.769463054323549E-5	7.737991471062311E-5	5.5893344103475696E-5	5.649305320864221E-5	0.35907914526355167	0.4612578065500917	4.907774533885283E-5	5.584003032678184E-5	0.0032482663988505247	7.022909914976695E-5	0.003336417004015785	1.5554398777462295E-5	7.284577900901589E-5	3.973517707307045E-5	5.592487105345227E-5	6.302488794823967E-5	4.035784314263846E-5	6.421081173025251E-5	7.24824559241779E-5	2.2039074137566593E-5	5.3818614878970736E-5	8.122242292270002E-5	3.1927063782634076E-5	5.987960674622177E-5	3.2040624807323086E-5	4.707227611341003E-5	4.0819340044041946E-5	0.1710494241971924	4.238863612977727E-5	7.500307818264676E-5
47	file:/home/ulrike/Git/johnson-topics/data/letters-leipzig-txt/uj0478.txt	1.1941327318540231E-4	1.314412353817015E-4	1.0818540493148203E-4	1.375036450584133E-4	9.682508791782913E-5	1.6155615893766707E-4	1.633767924513711E-4	1.1645700998993087E-4	1.0328391140676532E-4	1.5684819421989032E-4	8.747956914085609E-5	1.419271209765471E-4	1.0251731912633805E-4	1.0361728139740036E-4	0.7291008653630769	1.1205316663716857E-4	9.001642255632108E-5	1.0241953314579202E-4	8.347524771471694E-5	1.288113832688745E-4	2.4515753503996017E-4	2.8529251360150156E-5	1.3361079200858888E-4	7.28806603698669E-5	1.0257514458737765E-4	1.1559770942904812E-4	7.402272937981679E-5	1.1777288303460382E-4	1.3294439944912159E-4	4.042318155856127E-5	9.871193439903403E-5	1.489748946773618E-4	5.8559333657184285E-5	1.0982876141025727E-4	0.01768185982842201	0.19981471640310922	7.486918839700156E-5	0.04938557709794935	7.774752803127364E-5	1.3756762320882385E-4
48	file:/home/ulrike/Git/johnson-topics/data/letters-leipzig-txt/uj0610.txt	4.930214892777477E-4	5.426813275587806E-4	4.4666499824205254E-4	5.677111937344082E-4	0.04890672650157956	6.670167893126478E-4	6.745336375022262E-4	4.808159676933474E-4	4.2642820569145293E-4	6.475790189986092E-4	3.6117682991770563E-4	0.1461068689017572	4.2326317673208193E-4	4.2780459011572213E-4	0.34235511684246084	4.626338230254446E-4	3.7165073466554726E-4	4.2285944782931214E-4	3.4464419112137417E-4	5.318234591605739E-4	0.0010121817266109268	1.1778869817697856E-4	5.516387743377472E-4	3.009023264885263E-4	4.2350192066865965E-4	4.772681741276703E-4	3.0561758593266897E-4	4.8624881172215016E-4	5.488874398893389E-4	1.6689515865128256E-4	4.0755188773142524E-4	6.150725332249511E-4	2.4177387589026305E-4	4.534499228736893E-4	2.42633838750489E-4	3.5646393042588885E-4	3.09112360626744E-4	0.4464330184079553	3.209961592638746E-4	5.679753402748659E-4
49	file:/home/ulrike/Git/johnson-topics/data/letters-leipzig-txt/uj1032.txt	1.0152196388151518E-4	1.1174781492041115E-4	9.197633126518849E-5	1.1690191311918092E-4	8.231809426374584E-5	1.3735071566994922E-4	0.17493683879058364	9.90086281580322E-5	8.780921285943826E-5	1.3334813026814475E-4	7.437278471464068E-5	1.2066263376950834E-4	8.715747665181792E-5	8.809263508919226E-5	0.38513334894140266	0.3696680524946371	7.652954948582041E-5	0.03504666238585322	7.096841797759213E-5	1.095119851496484E-4	2.0842636462167319E-4	2.4254804754032116E-5	1.1359231380766459E-4	6.196118381448983E-5	8.720663830873004E-5	9.827807385549786E-5	6.293214027255721E-5	1.0012734814744689E-4	1.1302576471686033E-4	3.43667053811725E-5	8.392224056344097E-5	1.2665446204799714E-4	4.978557573947327E-5	0.010081827195812021	0.005044189520970535	7.340231421306811E-5	6.36517770388687E-5	0.017015159506346984	6.609886423943147E-5	1.1695630562766784E-4
50	file:/home/ulrike/Git/johnson-topics/data/letters-leipzig-txt/uj0815.txt	5.58103323028491E-5	6.14318561853686E-5	5.056274933666587E-5	6.426525225255433E-5	0.011027289078884079	7.550670604166412E-5	0.002821866571640779	0.35971610160952955	4.827193211762876E-5	7.330633862554567E-5	4.088543671255864E-5	0.024775913242108934	4.791364891535008E-5	4.842773967118482E-5	0.2474134878402804	5.237043000988092E-5	4.2071089097288904E-5	4.78679465581225E-5	3.90139319503262E-5	6.020273888199862E-5	1.145795867757869E-4	1.3333752239496705E-5	6.24458446061402E-5	3.4062326282423585E-5	4.79406748741074E-5	5.402704745113744E-5	3.4596096517991345E-5	0.008291570522529606	6.213439187399483E-5	1.88926334178862E-5	4.61351214493013E-5	0.005560644492303548	2.7368949729454314E-5	5.1330806929644555E-5	2.7466298048018744E-5	4.035193362502883E-5	3.4991707137896874E-5	0.3388149292289363	3.633696036799444E-5	6.429515380151355E-5
51	file:/home/ulrike/Git/johnson-topics/data/letters-leipzig-txt/uj0975.txt	1.6907312883479345E-4	1.8610310504922585E-4	1.5317597799723303E-4	1.9468666150805082E-4	1.3709129753569592E-4	2.2874178510887396E-4	2.3131955721420342E-4	1.6488745788897265E-4	1.4623612261867165E-4	0.1998374962020032	1.2385930030408247E-4	2.0094970826871586E-4	1.4515073108777203E-4	1.4670812967343833E-4	0.3336547603904417	0.2663125458902259	1.2745114342927645E-4	1.4501227929555438E-4	1.181897199105663E-4	1.8237958828071633E-4	3.4711008584679335E-4	4.0393581568489544E-5	1.8917490533831594E-4	1.0318920963792538E-4	1.4523260416070169E-4	1.6367080390602414E-4	1.0480622570076862E-4	1.6675055708119393E-4	1.8823138313131278E-4	5.723378650672778E-5	1.3976281829463974E-4	2.1092840761368934E-4	8.291213782012887E-5	1.5550274967215453E-4	8.320704709816687E-5	1.2224309354576718E-4	1.0600469778555649E-4	0.194682970443201	1.1008003945264233E-4	1.9477724596134004E-4
52	file:/home/ulrike/Git/johnson-topics/data/letters-leipzig-txt/uj0673.txt	2.201817275059038E-5	2.4235964311035277E-5	1.9947907559451582E-5	2.5353789658134203E-5	1.785322063030493E-5	2.978874392705481E-5	3.0124443821638635E-5	2.1473078290001895E-5	1.9044139257283435E-5	2.89206596873845E-5	0.17548680448039364	2.6169418057938026E-5	1.8902790135787446E-5	1.9105608119561988E-5	0.2925764552967548	2.0661069866473373E-5	1.6597795951526664E-5	1.8884759739711583E-5	1.539169286254558E-5	0.008688969546720236	0.08886369322726996	5.260403371721591E-6	2.4636000850765892E-5	0.4321912104413529	1.8913452359144944E-5	2.13146350308106E-5	1.3648777891084965E-5	2.1715707264508527E-5	2.451312718603284E-5	7.453481266718054E-6	1.8201129289608744E-5	2.7468931040976962E-5	1.0797539421111559E-5	2.0250919995801902E-5	1.0835945071224875E-5	1.591955841715863E-5	1.3804853345425223E-5	0.0015239581249586144	1.4335579768139355E-5	2.5365586353178443E-5
53	file:/home/ulrike/Git/johnson-topics/data/letters-leipzig-txt/uj0603.txt	1.5609059172401875E-4	1.7181289533711475E-4	1.414141277698594E-4	0.02321569321203823	1.2656453393885896E-4	2.1117749955725006E-4	2.1355733351444684E-4	1.522263238820626E-4	0.04620691888306798	2.0502350194031337E-4	1.1434857572120938E-4	1.855194795684052E-4	1.3400511163901618E-4	1.3544292300775434E-4	0.36178513628970166	1.4646985731468787E-4	1.1766461371409002E-4	1.3387729107804683E-4	1.0911434267335727E-4	1.6837529446170379E-4	3.204567104577716E-4	3.729189902813484E-5	1.7464882277328704E-4	9.526566937585987E-5	1.3408069796363162E-4	0.00782975504641329	9.675852040319888E-5	1.539463621717575E-4	1.737777503526673E-4	5.2839003240844076E-5	0.2612031973501545	1.9473194932115312E-4	7.654560332939214E-5	1.43562234746102E-4	7.681786755038986E-5	1.1285647185472035E-4	9.786496598783137E-5	0.2949137220377145	1.0162737635236986E-4	1.7982097915859779E-4
54	file:/home/ulrike/Git/johnson-topics/data/letters-leipzig-txt/uj0927.txt	8.091297775825176E-5	8.906297827080133E-5	7.330511114453358E-5	0.016014760631353257	6.560749886633036E-5	1.0946848324420632E-4	1.1070212231187964E-4	7.890984986633532E-5	6.998391890209448E-5	1.0627842376141616E-4	5.927508930440084E-5	9.616808648263311E-5	6.946448532087478E-5	7.02098063425605E-5	0.5218926377677734	7.592585931195497E-5	6.099403024376165E-5	6.939822673288093E-5	5.6561809935640565E-5	0.34638186000365695	0.10763684716416755	1.933107282956207E-5	0.004070930502938096	4.9383046743539227E-5	6.95036671481386E-5	7.83275982847845E-5	5.015689877803618E-5	7.980146939535533E-5	9.008150391296616E-5	2.7390254894758848E-5	6.688600303336655E-5	1.0094357200017543E-4	3.967909040048841E-5	7.4418629455095E-5	3.982022452404217E-5	5.850162457709883E-5	5.0730449086169894E-5	0.0016198851463674975	5.2680776923235006E-5	9.321414395591524E-5
55	file:/home/ulrike/Git/johnson-topics/data/letters-leipzig-txt/uj0343.txt	6.448557240836018E-5	7.098091422794349E-5	5.842229743091642E-5	7.425473754547174E-5	0.0032245623994986896	8.724357943874726E-5	8.822675820225676E-5	6.288913074601867E-5	5.577539221539247E-5	8.470118367648697E-5	0.36803112936607957	7.664350362654694E-5	5.5361416945403585E-5	5.5955418724141564E-5	0.5015864974764247	6.0510966645628324E-5	4.8610681039490946E-5	5.5308610546576946E-5	4.5078314890971606E-5	6.956074112388929E-5	0.01599376451641356	1.5406370290887967E-5	7.21525184996057E-5	3.935702435819906E-5	5.539264385892371E-5	6.242509113751287E-5	3.997376462393253E-5	0.10792094639814885	7.179265309687781E-5	2.1829332132314E-5	5.330643255524093E-5	8.044944336153764E-5	3.162321951323336E-5	5.930974302534606E-5	3.173569979755695E-5	4.662429751312022E-5	4.0430869540222944E-5	0.001291007002750622	4.198523091019831E-5	7.428928703516245E-5
56	file:/home/ulrike/Git/johnson-topics/data/letters-leipzig-txt/uj0622.txt	9.488750753367484E-5	1.0444509960925671E-4	8.596568163349335E-5	1.0926237769339464E-4	0.009412647278649681	1.283748518015117E-4	1.2982155342553827E-4	9.253841820089777E-5	8.207088425170892E-5	1.246338351983346E-4	6.951252615785706E-5	1.127773353970937E-4	0.44819547783222813	8.233578484989259E-5	0.18725428936215016	0.014092602063730551	7.152834643604361E-5	8.138403683046198E-5	6.633063465321584E-5	1.0235538122610107E-4	1.9480570988891617E-4	2.2669754217048603E-5	1.0616906056675333E-4	5.791202288851022E-5	8.15076879241964E-5	9.185560559330885E-5	5.881952738022065E-5	9.358402988299199E-5	1.0563953543675659E-4	3.212084253580261E-5	7.843792544242034E-5	1.1837759793318037E-4	4.653209032245432E-5	8.72715163711292E-5	4.669759980663098E-5	6.860547586540363E-5	5.949213591214962E-5	0.3379851685686612	6.177930606037444E-5	1.0931321565359064E-4
57	file:/home/ulrike/Git/johnson-topics/data/letters-leipzig-txt/uj0628.txt	3.818788001081983E-4	0.3009959889125121	3.459725332234199E-4	4.3973107498597165E-4	0.037881598347778093	5.16650037968707E-4	5.224723500375721E-4	3.724247904175179E-4	3.3029775590573613E-4	5.015941579193851E-4	2.797561109109275E-4	4.538771714027555E-4	3.278462249124666E-4	3.313638596027525E-4	0.4530371874848687	3.5834147814781526E-4	2.878688651509359E-4	3.27533509316267E-4	2.669504535441173E-4	4.1193357464225616E-4	7.840038449761566E-4	9.123538771509992E-5	4.272818889615975E-4	2.3306939329873562E-4	3.280311483894675E-4	3.6967678210681094E-4	2.367216836306762E-4	3.766328989969908E-4	4.251507926083865E-4	1.2927169365981584E-4	3.1567675903276766E-4	4.7641566559613165E-4	1.8727037184066472E-4	3.512279205310801E-4	1.8793647178223482E-4	2.761056485231681E-4	2.3942862520593485E-4	0.19550502641676365	2.4863343851117854E-4	4.3993567451381467E-4
58	file:/home/ulrike/Git/johnson-topics/data/letters-leipzig-txt/uj0416.txt	0.004160677334259053	9.124205616211373E-5	7.509864590068735E-5	9.545037574001452E-5	6.721269838985443E-5	1.1214681666920876E-4	1.134106388238439E-4	8.08405141287372E-5	7.169619501712926E-5	1.0887870693225144E-4	0.004138510037904636	9.852100298253897E-5	7.116405260610376E-5	7.19276091796632E-5	0.3144612597484972	7.778351514850831E-5	6.24863533771976E-5	7.109617288857875E-5	5.79456912285905E-5	8.941650184896538E-5	1.701800619548609E-4	1.9804040545622143E-5	9.274808893046447E-5	5.059128733299381E-5	7.120419308369783E-5	8.024401676770346E-5	5.138407297932656E-5	8.175394865250444E-5	9.228550177385142E-5	2.806040426588254E-5	6.852248334514214E-5	0.31817061854776374	4.064990712274299E-5	7.623940833871035E-5	4.079449433369981E-5	5.993296674863732E-5	5.197165617542647E-5	0.3564267857628795	5.396970211436818E-5	9.549478720629416E-5
59	file:/home/ulrike/Git/johnson-topics/data/letters-leipzig-txt/uj1059.txt	6.193154201541603E-5	6.816962783493278E-5	5.6108410499444616E-5	7.131378735415983E-5	5.021658682129175E-5	8.378819019191305E-5	0.237722110610589	6.039832938825099E-5	5.356633921987274E-5	8.134648914019336E-5	4.5369701936951115E-5	7.360794341713569E-5	5.316875994951589E-5	5.373923555736478E-5	0.5670262729455906	5.811435540147772E-5	4.66853952405162E-5	5.311804501305064E-5	4.3292932797048816E-5	6.680570243304718E-5	1.271465372040331E-4	1.4796182050350952E-5	6.929482927869764E-5	3.779824101128018E-5	5.319875008272641E-5	5.9952668639068156E-5	3.839055452038566E-5	6.108078322758749E-5	0.19200683159426424	2.0964754589750786E-5	5.1195165743133634E-5	7.726314422876964E-5	3.0370743017435497E-5	5.6960707719817744E-5	3.047876838178179E-5	4.4777684876357126E-5	3.8829555234365873E-5	0.0012398750828593234	4.0322354210889946E-5	7.134696846882593E-5
60	file:/home/ulrike/Git/johnson-topics/data/letters-leipzig-txt/uj1021.txt	1.2453418727047401E-4	0.09203127893088522	1.1282482355835991E-4	1.4340034593550145E-4	1.0097733115913852E-4	1.6848432686879385E-4	0.36774718693541114	1.2145114780103374E-4	1.0771313457915936E-4	1.6357446597823694E-4	9.123103952450333E-5	1.4801351801998165E-4	1.0691366778569322E-4	1.0806080079528964E-4	0.5275689555715326	1.1685845020408206E-4	9.387668326151698E-5	1.068116883550244E-4	8.705499693667698E-5	1.3433532553511654E-4	2.55670861077832E-4	2.975269864728644E-5	1.393405519294317E-4	7.600607172709451E-5	1.0697397303151732E-4	1.2055499702887923E-4	7.719711717930384E-5	1.228234506933181E-4	1.3864558181779675E-4	4.215668767797943E-5	1.0294509309022785E-4	1.5536352816947712E-4	6.107058980600366E-5	1.1453865367138423E-4	6.128781112030766E-5	0.006216320655165914	7.807987571150825E-5	0.0024931857133859586	8.108164994883219E-5	1.434670677223842E-4
61	file:/home/ulrike/Git/johnson-topics/data/letters-leipzig-txt/uj0504.txt	8.829326587295503E-5	9.718664962987493E-5	7.99914654910936E-5	1.0166914923095048E-4	7.159173350376101E-5	0.03486713426535385	1.2079955760849953E-4	8.610742735312037E-5	0.14775401103730817	1.1597236173610383E-4	6.468172800701155E-5	1.0493983367752794E-4	7.580052596122E-5	7.661382969755034E-5	0.51303087327103	8.285125907604295E-5	6.655745812576141E-5	7.5728223751016E-5	6.172096320350482E-5	9.524215698169275E-5	1.8126761661104506E-4	2.1094311447163562E-5	9.87908032970036E-5	0.2823787944772318	7.584328166726171E-5	8.54720670546969E-5	5.4731843047519125E-5	8.708037387312721E-5	9.829807770746672E-5	2.988859296436309E-5	7.298685343961449E-5	1.1015090394282674E-4	4.329832587294753E-5	8.120655077126397E-5	4.345233321564983E-5	6.38377135027491E-5	5.535770840621186E-5	0.01914147961832127	5.748593083762341E-5	1.0171645418871249E-4
62	file:/home/ulrike/Git/johnson-topics/data/letters-leipzig-txt/uj0314.txt	0.42626851896673074	2.325171046024321E-4	1.913779723833287E-4	2.4324139474509026E-4	1.7128178254069998E-4	2.8578984515620435E-4	2.890105120338343E-4	2.060102881327979E-4	1.8270732135600767E-4	2.7746154299464193E-4	0.010546390687118807	0.03142598930276394	1.8135123384710754E-4	1.8329704667895293E-4	0.24021015551634553	1.9821997101858804E-4	1.5923737994917415E-4	1.811782522633508E-4	1.4766616312021394E-4	2.278649450496754E-4	4.3367912705190927E-4	5.0467715884391294E-5	2.3635500998798285E-4	1.2892453484253993E-4	1.814535260139012E-4	2.0449020139731125E-4	1.3094483371357964E-4	2.083380431138222E-4	2.3517617392481E-4	7.150785754196876E-5	1.7461957892830248E-4	2.6353382230653253E-4	1.0359037382656698E-4	1.942850394781018E-4	1.0395883329655622E-4	1.5273044563865687E-4	1.324422039967246E-4	0.28480334694595943	1.3753393336064792E-4	2.4335457090512926E-4
63	file:/home/ulrike/Git/johnson-topics/data/letters-leipzig-txt/uj0157.txt	0.35439147251018555	7.928038725777179E-5	6.525334894867237E-5	8.293700373348612E-5	5.840123492526112E-5	9.744457138782694E-5	9.854270873872577E-5	7.024246861399517E-5	6.22969532357704E-5	9.460490493964299E-5	5.276437107799431E-5	8.560507728587375E-5	6.18345737345081E-5	6.249802941921401E-5	0.3830749846328743	6.758623668331016E-5	5.4294505214441E-5	6.177559292545258E-5	5.0349115679283266E-5	7.76941598206199E-5	1.478697629452941E-4	1.7207766569134768E-5	8.05889818480296E-5	0.003587153330215406	6.186945186792844E-5	6.972417098053356E-5	4.4647713741178845E-5	7.103615352011145E-5	8.018703903284802E-5	2.4381735905383204E-5	5.9539309436593E-5	0.003633050497466328	3.5320777657153374E-5	6.624455948972916E-5	3.5446409745680744E-5	5.2075862964956796E-5	4.515826584064263E-5	0.253008765859592	4.68943715627306E-5	8.297559293668293E-5
64	file:/home/ulrike/Git/johnson-topics/data/letters-leipzig-txt/uj0006.txt	4.0155297002888826E-5	4.419995955545133E-5	0.0020117617123679744	4.623857598918383E-5	3.255953093786014E-5	0.10672495632114747	5.493898164970587E-5	3.916118953504851E-5	3.4731450093654394E-5	5.274359922692767E-5	0.2509029345831735	4.7726065482935545E-5	3.4473666851645064E-5	3.4843552966548735E-5	0.40518188679573963	3.7680301916217326E-5	3.026996988244759E-5	3.444078419976894E-5	2.8070358302379558E-5	4.331561487711492E-5	0.21342369865976143	9.593578092933003E-6	4.492951991665161E-5	2.450769905934067E-5	3.449311191416143E-5	3.8872231127691045E-5	2.489174447631145E-5	3.9603680319510125E-5	4.470543099896171E-5	1.359316948598772E-5	3.3194023895221774E-5	5.009603189132606E-5	1.969184306374875E-5	3.693229752643128E-5	1.976188476540848E-5	2.9033044823335898E-5	2.5176384636731934E-5	0.020557732974698935	2.6144288620989446E-5	4.626009002663462E-5
65	file:/home/ulrike/Git/johnson-topics/data/letters-leipzig-txt/uj0775.txt	1.7489164021163893E-4	1.9250768892046459E-4	1.5844740212464243E-4	2.0138664134938645E-4	1.4180918073733334E-4	2.3661374375888761E-4	0.2583455542825828	1.7056192287485207E-4	1.5126871738418242E-4	2.297184996240743E-4	1.2812181530521915E-4	2.0786522566520167E-4	1.5014597300475863E-4	1.5175696816991356E-4	0.7322966230760268	1.6411209224334507E-4	1.3183726872988426E-4	1.5000275650904426E-4	1.2225712100892634E-4	1.8865603041335498E-4	3.590555913060958E-4	4.178369314640591E-5	1.9568520266652237E-4	1.0674038062756642E-4	1.5023066367152822E-4	1.6930339875505652E-4	1.084130449558853E-4	1.7248913907916654E-4	1.947092099260075E-4	5.920343975810127E-5	1.4457263966549734E-4	2.181873336645544E-4	8.576549021568543E-5	1.6085424771524265E-4	8.607054855171524E-5	1.2644998813297174E-4	1.0965276146258828E-4	0.0035013464842330575	1.1386835263009971E-4	2.014803431914391E-4
66	file:/home/ulrike/Git/johnson-topics/data/letters-leipzig-txt/uj1198.txt	6.10022841393919E-5	6.714676999045224E-5	5.5266526369467275E-5	7.024375266082913E-5	0.0720715323106687	8.253098210182122E-5	8.346105293862203E-5	5.949207675096382E-5	5.276259784689907E-5	8.012591779221013E-5	4.468894780931637E-5	7.250348583490263E-5	5.2370984093567955E-5	5.2932899944394465E-5	0.5915283868575624	5.724237287513523E-5	4.598489966409813E-5	5.2321030114324326E-5	0.24911896600197353	6.580330974058394E-5	0.06314454930764933	0.015019171922026498	6.825508823916485E-5	3.723109360922055E-5	5.240052423689317E-5	5.905310296205577E-5	3.781451969237957E-5	6.0164290644957634E-5	6.791466152464138E-5	2.065018688018868E-5	5.0427002874375654E-5	7.610384182865985E-5	2.99150422350679E-5	5.610603521288463E-5	3.0021446722275304E-5	4.410581372657817E-5	3.8246933377234226E-5	0.00422219080612707	0.0030406368836528048	7.027643590621675E-5
67	file:/home/ulrike/Git/johnson-topics/data/letters-leipzig-txt/uj0209.txt	4.930214892777477E-4	5.426813275587806E-4	4.4666499824205254E-4	5.677111937344082E-4	3.9976166611378484E-4	6.670167893126478E-4	6.745336375022262E-4	4.808159676933474E-4	4.2642820569145293E-4	6.475790189986092E-4	3.6117682991770563E-4	5.859743953598802E-4	4.2326317673208193E-4	4.2780459011572213E-4	0.4636225289311253	4.626338230254446E-4	3.7165073466554726E-4	4.2285944782931214E-4	3.4464419112137417E-4	5.318234591605739E-4	0.0010121817266109268	1.1778869817697856E-4	5.516387743377472E-4	3.009023264885263E-4	4.2350192066865965E-4	4.772681741276703E-4	3.0561758593266897E-4	0.26727455540678385	5.488874398893389E-4	1.6689515865128256E-4	4.0755188773142524E-4	6.150725332249511E-4	2.4177387589026305E-4	4.534499228736893E-4	2.42633838750489E-4	3.5646393042588885E-4	3.09112360626744E-4	0.25240515906609223	3.209961592638746E-4	5.679753402748659E-4
68	file:/home/ulrike/Git/johnson-topics/data/letters-leipzig-txt/uj0276.txt	1.068587313484733E-4	1.1762213098335618E-4	9.681130759601571E-5	1.2304716782965647E-4	8.664536011452732E-5	1.4457091515117956E-4	1.462001359432674E-4	1.0421327556141195E-4	9.242513371607543E-5	1.403579233827193E-4	7.828238459546453E-5	1.270055805936078E-4	9.173913729069644E-5	9.27234547763616E-5	0.5000005965963611	1.0027243128857349E-4	8.055252534583775E-5	0.2629297244448864	7.46990584199532E-5	1.1526876897497646E-4	2.1938284142178192E-4	0.22606627244101093	1.1956359077717583E-4	6.521833544309017E-5	9.179088325864037E-5	1.0344431776188495E-4	6.624033276600227E-5	1.0539080399203363E-4	1.189672595521354E-4	3.617328110343521E-5	8.83338325586068E-5	1.3331238499156528E-4	0.005309164140952216	9.828188941486064E-5	5.2589075232947504E-5	7.726089877462096E-5	6.699779912047029E-5	0.0021393214842277087	6.957352385779322E-5	1.231044196225646E-4
69	file:/home/ulrike/Git/johnson-topics/data/letters-leipzig-txt/uj0985.txt	4.046860707606863E-4	4.4544827943845185E-4	3.666353435216552E-4	4.6599350599463985E-4	3.2813575354966734E-4	5.475063652778739E-4	5.536764082161674E-4	3.946674312510542E-4	3.5002440821719507E-4	0.02043949996046581	2.9646422179957906E-4	4.80984461695475E-4	3.4742646236439256E-4	3.511541837272437E-4	0.7986214894322068	3.7974300940803244E-4	3.05061500924542E-4	3.470950701900803E-4	2.828937613241252E-4	4.3653583202090844E-4	8.308275698854634E-4	9.668431596174101E-5	4.5280080670118497E-4	2.469891938539624E-4	3.4762243018265763E-4	3.9175530131516193E-4	2.508596130112749E-4	3.991268642593246E-4	4.505424330775404E-4	1.3699229638552247E-4	3.345301891784596E-4	5.048690414453738E-4	0.13955409557078305	3.7220460277160574E-4	1.9916076068278823E-4	2.9259573975830457E-4	2.537282235483348E-4	0.028009800476144788	2.634827837059799E-4	4.662103249931777E-4
70	file:/home/ulrike/Git/johnson-topics/data/letters-leipzig-txt/uj0428.txt	4.813471447653552E-4	5.298310788046242E-4	4.3608833741790894E-4	5.542682582775658E-4	3.9029563772646807E-4	6.512223787984259E-4	6.585612341878506E-4	4.694306399216623E-4	4.1633073551761466E-4	6.322448789434525E-4	3.5262445880599195E-4	5.720990022671904E-4	4.1324065184818935E-4	4.176745282875648E-4	0.4526443276880565	4.5167903352733095E-4	0.2608338286525526	4.128464829147172E-4	3.3648329933704245E-4	5.192303158249594E-4	9.882140934699963E-4	1.1499955840905744E-4	5.385764205903535E-4	2.937772061836211E-4	4.134737425241558E-4	4.6596685519788213E-4	2.9838081215136694E-4	4.747348386596335E-4	5.358902354851647E-4	1.6294321817420565E-4	3.9790139328538666E-4	6.005081200925799E-4	2.3604886880107054E-4	4.4271260059895376E-4	2.3688846844606862E-4	3.480231569088365E-4	3.0179283344694086E-4	0.2701075917562683	3.1339523347889296E-4	5.545261500445863E-4
71	file:/home/ulrike/Git/johnson-topics/data/letters-leipzig-txt/uj0859.txt	9.904860779238979E-5	0.2827171382622575	8.973553321230932E-5	1.1405385888944611E-4	8.031259760166339E-5	1.3400447200050564E-4	1.355146158063166E-4	9.659650388493972E-5	8.566993734699181E-5	1.3009940065967178E-4	7.256085778862245E-5	1.1772295797371673E-4	8.503407923762715E-5	8.594645462661528E-5	0.36600532703231103	9.29436892405439E-5	7.466507779928281E-5	8.49529696174289E-5	6.923943084978862E-5	1.0684397002320531E-4	2.033485213810427E-4	2.366389056428154E-5	1.1082489057930854E-4	6.0451637846133226E-5	8.50820431804799E-5	9.588374790764974E-5	6.139893911692863E-5	9.76879687583967E-5	1.1027214419276603E-4	3.352943729880064E-5	8.187766245664938E-5	0.009868676151261148	4.85726612902458E-5	9.10986326985496E-5	4.874542885902525E-5	7.161403063507634E-5	6.210104353940177E-5	0.3381891654203474	6.448851292134949E-5	1.1410692624584843E-4
72	file:/home/ulrike/Git/johnson-topics/data/letters-leipzig-txt/uj0507.txt	2.3573678290489373E-4	2.5948148931332563E-4	2.1357156231882312E-4	2.7144944660749214E-4	1.9114487126396606E-4	3.189321266431294E-4	3.225262856165883E-4	2.2990074846307283E-4	2.0389539915769865E-4	3.096380136271057E-4	1.726956447057059E-4	2.801819430409423E-4	2.0238204981916176E-4	2.0455351334394426E-4	0.19848629267056528	0.5104774005515534	1.777037116224757E-4	2.0218900802529576E-4	1.6479061182674305E-4	2.5428983130030956E-4	4.839717317310656E-4	5.6320321476197574E-5	2.6376446628824157E-4	1.4387556720685265E-4	2.0249620453405935E-4	2.2820438134769897E-4	1.4613015471692751E-4	2.3249844694321457E-4	2.6244892376997667E-4	7.980043190509047E-5	1.9486974294237707E-4	2.9409513254285166E-4	1.1560347151665242E-4	2.168157541840851E-4	1.1601466024269423E-4	1.704421855999323E-4	1.4780117101393636E-4	0.28304103186824603	1.5348337456962864E-4	2.715757475031269E-4
73	file:/home/ulrike/Git/johnson-topics/data/letters-leipzig-txt/uj1174.txt	5.3043343772750575E-5	5.8386161339382175E-5	4.8055927719736366E-5	6.10790820842461E-5	4.3009677963337584E-5	7.176320226840062E-5	7.257192718461368E-5	5.173017245789467E-5	4.58786856167769E-5	6.967192560933705E-5	3.8858401040779564E-5	6.304398889516449E-5	4.553816553237131E-5	4.60267684767896E-5	0.13859965145205996	4.9773986427224265E-5	3.998527064436762E-5	4.549472902616144E-5	3.7079682542262986E-5	5.7217981739484654E-5	1.0889891100643933E-4	1.2672685766900563E-5	0.4723591093656146	3.237356969841865E-5	4.556385158658388E-5	5.134847138029124E-5	3.2880876444905045E-5	5.231468290977312E-5	5.9053866413098864E-5	1.795596635618554E-5	4.3847814661873295E-5	6.617460807402613E-5	2.6012040231562342E-5	4.878590622480181E-5	2.6104562173544196E-5	3.835134819755142E-5	3.325687331225802E-5	0.3872517911353825	3.453543100222586E-5	6.110750116141941E-5
74	file:/home/ulrike/Git/johnson-topics/data/letters-leipzig-txt/uj0352.txt	1.5257586092616755E-4	1.6794414150615326E-4	1.3822987057258523E-4	1.756901596081385E-4	1.2371464875079392E-4	2.0642236311174667E-4	2.0874860975396984E-4	1.487986057673287E-4	1.3196716983247095E-4	2.0040693659454924E-4	1.1177376031216567E-4	1.8134209116056778E-4	1.309876851064812E-4	1.3239312091790112E-4	0.7139147220502456	1.4317175899386777E-4	1.1501513025022191E-4	1.3086274271297395E-4	0.007612407219845301	0.2553600782356313	3.132409067556789E-4	3.645218803353315E-5	1.707162116566923E-4	9.312054853010602E-5	1.310615694349668E-4	1.4770066648994647E-4	9.457978465840187E-5	1.5047991352571159E-4	1.698647533910969E-4	5.1649214221742185E-5	1.2612549654539686E-4	1.9034712143341736E-4	7.482200688139099E-5	1.4032960808809937E-4	7.508814046099564E-5	1.1031525452071255E-4	9.566131613175127E-5	0.018066082224970463	9.933900736340456E-5	1.757719053062419E-4
75	file:/home/ulrike/Git/johnson-topics/data/letters-leipzig-txt/uj0615.txt	1.0915391573664884E-4	1.2014849897715695E-4	9.889068659471097E-5	1.256900584484012E-4	8.850638799061347E-5	1.4767610742935812E-4	1.4934032173184706E-4	1.0645163905394845E-4	9.441030349399835E-5	1.433726261631052E-4	7.996378680495494E-5	1.297334926894291E-4	9.370957277160866E-5	9.47150320965751E-5	0.3335408472188862	1.0242615065201442E-4	8.228268717977312E-5	9.362018804580708E-5	7.630349551679451E-5	1.1774458986164618E-4	2.2409489504913446E-4	2.6078168832710514E-5	1.2213165876266482E-4	6.661913913449498E-5	9.376243017458721E-5	0.3383948602963252	6.766308760983706E-5	1.0765445923973594E-4	1.2152251913066857E-4	3.695023539635997E-5	9.023112659230695E-5	1.3617575891451854E-4	5.352822513864386E-5	1.0039285456837503E-4	5.37186190983864E-5	7.892036081807011E-5	6.843682334098028E-5	0.3243654561705715	7.106787124310913E-5	1.2574853993419096E-4
76	file:/home/ulrike/Git/johnson-topics/data/letters-leipzig-txt/uj1214.txt	2.6666070990576243E-4	2.9352024446524977E-4	0.18389344425358178	3.070581571696572E-4	2.1621923586977328E-4	3.6076961030185456E-4	3.6483525068078254E-4	2.600591050644921E-4	2.30642376704726E-4	3.502562964937284E-4	1.9534984166402172E-4	3.1693618158951537E-4	2.2893050635519098E-4	2.3138682224241756E-4	0.17205174521326858	2.502249219503747E-4	2.0101486628523317E-4	2.2871214135860681E-4	1.8640782738285174E-4	0.21017548342600093	0.013665448836401006	6.370841547041334E-5	0.013416354804465055	1.6274914935507552E-4	2.2905963587387947E-4	2.581402086849276E-4	1.6529949342345869E-4	2.62997569364801E-4	2.9687694666954105E-4	9.026864437690655E-5	2.204327358328812E-4	3.32674501863146E-4	1.307683230522324E-4	2.452576225781742E-4	1.3123345147317888E-4	1.928007740239003E-4	1.671897134669054E-4	0.3988782638511829	1.7361730790218388E-4	3.07201026203826E-4
77	file:/home/ulrike/Git/johnson-topics/data/letters-leipzig-txt/uj0103.txt	3.083571305078512E-5	3.3941655807206547E-5	2.793637603058334E-5	3.550713274457468E-5	2.5002837184737718E-5	4.171813757130916E-5	4.218827402349446E-5	0.01671617596781335	2.6670678811030684E-5	4.050241468541869E-5	2.2589573335332633E-5	3.664939298466419E-5	0.004577228262636195	0.277622844614396	0.5219954905932007	2.8935135941637728E-5	0.0015401631698389459	2.644747313789478E-5	2.1555550038208647E-5	3.326255738745862E-5	0.018266328411476754	7.36701863225413E-6	3.4501893574831086E-5	1.8819743150560147E-5	2.648765618984666E-5	2.9850432051618136E-5	1.91146560303062E-5	3.0412120273935088E-5	3.4329813125189545E-5	1.0438350728434435E-5	2.5490071602765802E-5	3.846931736733959E-5	1.5121592105548768E-5	0.009129871811858637	1.5175377931458928E-5	2.229480805729222E-5	1.933323447361404E-5	0.0021342522821915975	2.007649904259803E-5	0.14717661939951585
78	file:/home/ulrike/Git/johnson-topics/data/letters-leipzig-txt/uj0793.txt	3.1162796714762016E-4	3.4301685138280537E-4	0.5674956285020215	3.5883767559416875E-4	2.5268049783607507E-4	4.216065437864365E-4	4.2635777709293426E-4	3.0391312720241787E-4	2.695358270664988E-4	4.093203595519117E-4	2.2829187720186536E-4	3.703814409673383E-4	2.675352823397019E-4	2.7040580918589286E-4	0.26238535679241165	2.9242059613740696E-4	2.349122004852363E-4	2.6728009423941613E-4	2.1784196227577537E-4	3.361538331775617E-4	6.39777658190543E-4	0.01540454085638431	3.486786551606723E-4	1.901936981509199E-4	0.015597775415378469	3.0167064544294934E-4	1.9317410924274555E-4	3.073471076218233E-4	3.469395975744468E-4	1.0549073447786153E-4	2.576045244335589E-4	3.8877372963604746E-4	1.528199137190921E-4	2.866156561966127E-4	1.5336347720219147E-4	2.2531295778365209E-4	1.9538307894739065E-4	0.12887953396563762	2.028945649410455E-4	3.59004636773797E-4
79	file:/home/ulrike/Git/johnson-topics/data/letters-leipzig-txt/uj1078.txt	1.4192344238752686E-4	1.5621875273510804E-4	1.2857904883090845E-4	1.6342396558566383E-4	1.150772390723907E-4	1.9201053286380427E-4	1.9417436749205193E-4	1.3840990458630238E-4	1.227535922856556E-4	1.864150865489839E-4	1.0397002996284741E-4	1.6868129513432427E-4	1.2184249243516392E-4	1.2314980466136163E-4	0.3010217884059576	1.3317590846772135E-4	1.069850965459093E-4	1.2172627316902937E-4	9.92108682209074E-5	1.5309315660273315E-4	2.913713054836959E-4	3.390719853633917E-5	1.5879728472513617E-4	8.661913309342362E-5	1.2191121836712663E-4	1.3738862034885698E-4	0.20953955960315324	1.399738281541204E-4	1.5800527288676883E-4	4.8043210993301275E-5	1.1731976823791841E-4	1.7705761945829545E-4	6.959814428370706E-5	1.3053218856417335E-4	6.984569716345574E-5	1.0261335295372774E-4	8.898251142957268E-5	0.4845799613380151	9.240343657766824E-5	1.6350000402847375E-4
80	file:/home/ulrike/Git/johnson-topics/data/letters-leipzig-txt/uj0444.txt	0.043122132842832596	0.3327467406428435	1.975361465131881E-4	2.5106843380175766E-4	1.7679330003157203E-4	2.9498601130374983E-4	2.983103130313038E-4	2.1263930196895237E-4	1.885864906548485E-4	2.863897204375404E-4	1.5972928139117328E-4	2.5914527547569186E-4	1.8718676686476548E-4	1.8919519220155797E-4	0.4195560378937175	2.0459830747155845E-4	1.6436133178907264E-4	1.8700821906719232E-4	1.5241777551456553E-4	2.3519719960453129E-4	4.476340851257765E-4	5.209166966800566E-5	2.43960458461725E-4	1.3307307777715328E-4	1.8729235059624334E-4	2.1107030177340008E-4	1.3515838597025488E-4	2.1504195961681067E-4	2.4274368972711057E-4	7.380884251381594E-5	1.8023850027087642E-4	2.7201383255358655E-4	1.0692371230986675E-4	2.0053675742156654E-4	1.0730402809512432E-4	1.5764501687933225E-4	1.3670393874183178E-4	0.19743355418408984	1.4195951013864252E-4	2.5118525175239667E-4
81	file:/home/ulrike/Git/johnson-topics/data/letters-leipzig-txt/uj1051.txt	1.950266845698782E-4	2.146708457816221E-4	1.7668924299460494E-4	0.17291759783224533	1.581354850769604E-4	0.00985791176221602	2.668282454495777E-4	1.9019849257455795E-4	1.6868408572802494E-4	2.5616568814744597E-4	1.4287231127693597E-4	0.009825853465070863	1.6743208126587046E-4	1.6922854818411805E-4	0.739852513580185	1.8300610143123135E-4	1.470155199643802E-4	1.6727237644349535E-4	0.03851256038065109	2.103757508998545E-4	4.0039318897098944E-4	4.6594194745772536E-5	2.1821418250325702E-4	1.1902926016549394E-4	1.6752652225764168E-4	1.8879507622922585E-4	1.208944961364962E-4	1.9234758664401697E-4	2.1712582500305554E-4	6.601945385830172E-5	1.6121709739446547E-4	2.4330695422746676E-4	9.563955822607873E-5	1.7937318555034037E-4	9.597973752684065E-5	1.4100800884268185E-4	1.2227693957299354E-4	0.02309256587585488	1.2697786620337402E-4	2.246765099296759E-4
82	file:/home/ulrike/Git/johnson-topics/data/letters-leipzig-txt/uj0248.txt	1.5977107106504454E-4	1.7586409281689704E-4	1.4474854895461846E-4	0.2123960869904863	1.29548814716602E-4	2.161568799018653E-4	2.1859282825787235E-4	1.5581568717436676E-4	1.3819051022598825E-4	2.0985777641503795E-4	1.170448149113442E-4	1.8989386629067874E-4	1.3716483471733773E-4	1.3863654841792363E-4	0.5903875321300297	1.4992348817081814E-4	1.2043904217362317E-4	1.3703400025957417E-4	1.1168716323597612E-4	1.7234543632586635E-4	3.280127988132969E-4	3.817120932124554E-5	1.7876688893635255E-4	9.751195036034594E-5	1.3724220330123697E-4	1.546659710053286E-4	9.904000150644078E-5	1.5757628245933648E-4	1.7787527739154078E-4	5.4084900624410694E-5	1.3207335386703097E-4	1.993235580055598E-4	7.835048156445126E-5	0.04730519432661775	0.1415533702261587	1.1551752854349732E-4	1.0017253610817053E-4	0.0031986313198205975	1.0402366081139016E-4	1.840610002358861E-4
83	file:/home/ulrike/Git/johnson-topics/data/letters-leipzig-txt/uj0553.txt	2.4133415784832282E-4	2.6564266267230897E-4	2.1864264243123255E-4	2.7789478921429894E-4	1.9568344814532425E-4	0.5108262232818487	3.301844055224491E-4	2.353595515953866E-4	2.0873672677854013E-4	3.1699011217385117E-4	1.7679615996091336E-4	2.8683463155333017E-4	2.0718744421157874E-4	2.094104673418433E-4	0.4643850879562256	2.264593866599132E-4	1.8192313928468864E-4	2.0698981879997306E-4	1.6870342861411515E-4	2.603277330335465E-4	4.954632402310878E-4	5.7657600929798686E-5	2.700273353932484E-4	1.4729177355756116E-4	2.0730430943576966E-4	2.336229056458425E-4	1.4959989438340096E-4	2.380189302775068E-4	2.6868055640590977E-4	8.169522716154639E-5	1.9949676382107544E-4	3.01078178233027E-4	1.1834838033769877E-4	2.2196386494921885E-4	1.1876933239996587E-4	1.7448919433240174E-4	1.513105875803644E-4	0.016703618181628393	1.571277103600071E-4	2.780240890202431E-4
84	file:/home/ulrike/Git/johnson-topics/data/letters-leipzig-txt/uj0559.txt	1.3531054076021395E-4	1.4893976325458243E-4	1.2258792723078167E-4	0.0933455109100898	0.03339175153935626	1.8306383072724545E-4	1.8512684180376933E-4	1.3196071572872274E-4	1.1703390696427097E-4	1.7772910339879084E-4	9.912556192594817E-5	0.00681722887676422	1.1616525967540407E-4	1.17411657883434E-4	0.6331289006721845	1.2697059687853126E-4	1.0200014193133006E-4	1.1605445562863863E-4	9.458815261544922E-5	1.4595980380775007E-4	0.10012390382418568	3.23272976784786E-5	1.513981489311751E-4	8.258312750792018E-5	1.1623078333281885E-4	1.3098701807797604E-4	8.387723804688742E-5	1.334517685111889E-4	1.5064304076627198E-4	4.580464474367893E-5	1.11853271137474E-4	1.6880764609133875E-4	6.635522913276978E-5	1.2445006070952515E-4	0.11988192195278354	9.783209907969278E-5	8.483638458304175E-5	0.0027089292867122413	8.809791223416154E-5	0.0068122890071445515
85	file:/home/ulrike/Git/johnson-topics/data/letters-leipzig-txt/uj0395.txt	1.6907312883479345E-4	1.8610310504922585E-4	1.5317597799723303E-4	1.9468666150805082E-4	1.3709129753569592E-4	2.2874178510887396E-4	2.3131955721420342E-4	1.6488745788897265E-4	1.4623612261867165E-4	2.2207594048335676E-4	1.2385930030408247E-4	2.0094970826871586E-4	1.4515073108777203E-4	0.058367872372616716	0.17562588601673854	1.586522081994863E-4	1.2745114342927645E-4	1.4501227929555438E-4	1.181897199105663E-4	0.008499688765844043	3.4711008584679335E-4	4.0393581568489544E-5	1.8917490533831594E-4	1.0318920963792538E-4	1.4523260416070169E-4	1.6367080390602414E-4	1.0480622570076862E-4	1.6675055708119393E-4	1.8823138313131278E-4	5.723378650672778E-5	1.3976281829463974E-4	0.34122060468771004	8.291213782012887E-5	1.5550274967215453E-4	8.320704709816687E-5	1.2224309354576718E-4	1.0600469778555649E-4	0.4109330090598474	1.1008003945264233E-4	1.9477724596134004E-4
86	file:/home/ulrike/Git/johnson-topics/data/letters-leipzig-txt/uj1057.txt	1.1667178306440417E-4	1.2842360728493833E-4	1.0570168422821185E-4	1.3434683615038182E-4	9.460217739112937E-5	1.5784715237667648E-4	0.3445296505086339	1.1378338976420704E-4	1.0091271919984818E-4	0.011632248090482277	8.547121304951542E-5	1.3866875790115595E-4	1.0016372634624812E-4	1.0123843568169325E-4	0.2704206350357682	1.0948064985433652E-4	8.794982538012111E-5	1.0006818533640332E-4	0.02877906086624545	1.258541313212167E-4	2.3952920794974804E-4	2.7874276760786395E-5	1.3054335522723904E-4	7.120746604995577E-5	1.0022022425025863E-4	0.005852444225707851	7.232331543770827E-5	1.150690529933693E-4	1.2989226170924135E-4	3.94951460902591E-5	9.64457056477343E-5	1.4555472880182618E-4	5.721492837935434E-5	1.0730731252626093E-4	5.7418435533613906E-5	8.435592213609273E-5	7.315034144739278E-5	0.3352268033722451	7.596260015563595E-5	1.3440934549031067E-4
87	file:/home/ulrike/Git/johnson-topics/data/letters-leipzig-txt/uj0390.txt	6.117103363835363E-4	6.733251686784613E-4	5.541940914698577E-4	7.043806666454119E-4	4.959993602103285E-4	8.275928604281264E-4	8.36919297174985E-4	5.965664859094571E-4	5.29085540529034E-4	0.45218661650933883	4.481257002540777E-4	7.270405089701836E-4	5.251585698563423E-4	5.307932725396532E-4	0.4849573105079765	5.740072140057711E-4	4.6112106848019145E-4	5.246576481961468E-4	4.27613032430558E-4	6.598534022854687E-4	0.0012558520022595374	1.4614487552981078E-4	6.844390103698777E-4	3.7334085300121773E-4	5.254547884531572E-4	5.921646047690245E-4	3.791912530414627E-4	6.033072201789648E-4	6.810253260629219E-4	2.0707311113136008E-4	5.056649816687564E-4	7.631436648947917E-4	2.9997795667333673E-4	5.626124030830809E-4	3.0104494499321057E-4	4.42278228295595E-4	3.83527351670407E-4	0.042338705750587825	3.982720283628626E-4	7.047084032099065E-4
88	file:/home/ulrike/Git/johnson-topics/data/letters-leipzig-txt/uj1175.txt	3.4319524997682507E-4	3.777637647035056E-4	3.1092621530989757E-4	3.951872064111178E-4	2.7827652124060216E-4	4.643144340062044E-4	4.695469576376579E-4	3.346989123478258E-4	2.968392612335012E-4	4.507836841565555E-4	2.5141738266019805E-4	4.079003318702395E-4	2.9463606537182284E-4	2.9779737078212E-4	0.5928583955198313	3.2204221112866184E-4	2.5870833130309565E-4	2.9435502723307576E-4	2.3990891248621928E-4	3.7020553663398077E-4	7.045858410656708E-4	8.199342745589628E-5	0.38869291315176663	2.0945993512193743E-4	2.9480225647459665E-4	3.3222927172136456E-4	2.1274225582971996E-4	3.384807480387639E-4	3.8208387715091724E-4	1.1617673253382466E-4	2.836993417739578E-4	4.281557221841437E-4	1.6830026191268043E-4	3.156492425118958E-4	1.6889888727730378E-4	2.4813670472954803E-4	2.1517498969797957E-4	0.006870800001976728	2.2344737403140697E-4	3.9537108042057666E-4
89	file:/home/ulrike/Git/johnson-topics/data/letters-leipzig-txt/uj1195.txt	0.012702256199375084	5.661344210684046E-5	4.6596854792999017E-5	0.020300541970593892	4.1703819150872605E-5	6.958432963948253E-5	7.036850006915427E-5	5.0159542200396396E-5	4.4485718062635995E-5	6.755654827226627E-5	3.767858319883582E-5	6.112984881390483E-5	4.415553684087944E-5	4.46293048343988E-5	0.47849388744574783	0.05571188551772089	3.87712388145024E-5	4.411341915283104E-5	3.595387010878015E-5	5.5480730747983206E-5	1.055925248780238E-4	1.2287917985090779E-5	5.754789823955344E-5	3.139064415041372E-5	4.418044301572906E-5	4.978943032177141E-5	3.188254806161065E-5	5.0726305759930885E-5	5.726087433509702E-5	1.741078773563095E-5	4.2516508363036384E-5	6.41654162082199E-5	2.5222263288904588E-5	4.7304669708172856E-5	2.5311976081899408E-5	3.718692548189249E-5	3.2247128921080223E-5	0.011150348863121851	3.348686707308006E-5	0.42006658758702464
90	file:/home/ulrike/Git/johnson-topics/data/letters-leipzig-txt/uj0668.txt	1.5977107106504454E-4	1.7586409281689704E-4	1.4474854895461846E-4	1.839753995539587E-4	1.29548814716602E-4	2.161568799018653E-4	2.1859282825787235E-4	1.5581568717436676E-4	1.3819051022598825E-4	2.0985777641503795E-4	1.170448149113442E-4	1.8989386629067874E-4	0.1023133667118329	1.3863654841792363E-4	0.4410530832327069	1.4992348817081814E-4	0.00798014687887482	1.3703400025957417E-4	1.1168716323597612E-4	1.7234543632586635E-4	3.280127988132969E-4	3.817120932124554E-5	1.7876688893635255E-4	9.751195036034594E-5	1.3724220330123697E-4	1.546659710053286E-4	9.904000150644078E-5	1.5757628245933648E-4	0.1180734928279095	5.4084900624410694E-5	1.3207335386703097E-4	1.993235580055598E-4	7.835048156445126E-5	0.2830964294276537	7.862916553714329E-5	1.1551752854349732E-4	1.0017253610817053E-4	0.04249717050332658	1.0402366081139016E-4	1.840610002358861E-4
91	file:/home/ulrike/Git/johnson-topics/data/letters-leipzig-txt/uj0477.txt	4.617542835188833E-5	5.082647167227466E-5	4.183377007326143E-5	5.31707199806865E-5	3.7440895727507426E-5	6.247148782405596E-5	6.317550112278332E-5	4.503228307389336E-5	0.0023114721558940648	6.0650984276084435E-5	3.382711544005695E-5	5.488121572270473E-5	3.9642001243833044E-5	4.006734113848913E-5	0.3523505657243143	4.3329378967976315E-5	0.03865088139275816	3.960418878448012E-5	3.227870082769188E-5	4.980954495573316E-5	9.479896072011431E-5	1.1031859080424785E-5	5.166540861712051E-5	2.8181923343832156E-5	3.96643615339576E-5	4.470000366789991E-5	2.8623545320477715E-5	4.554111261916626E-5	5.140772401420255E-5	1.5631074117821743E-5	0.33168209425002093	5.7606490400143817E-5	2.264406831410921E-5	0.02275780647512907	2.2724610753538823E-5	3.338571449193025E-5	2.8950859082660084E-5	0.2507931459247751	3.00638724186933E-5	5.3195459429003794E-5
92	file:/home/ulrike/Git/johnson-topics/data/letters-leipzig-txt/uj0683.txt	3.4319524997682507E-4	3.777637647035056E-4	3.1092621530989757E-4	3.951872064111178E-4	2.7827652124060216E-4	4.643144340062044E-4	4.695469576376579E-4	3.346989123478258E-4	2.968392612335012E-4	4.507836841565555E-4	2.5141738266019805E-4	0.017290896595088204	0.017177632328589786	2.9779737078212E-4	0.5084434142037416	3.2204221112866184E-4	2.5870833130309565E-4	2.9435502723307576E-4	2.3990891248621928E-4	3.7020553663398077E-4	7.045858410656708E-4	8.199342745589628E-5	3.839990977535213E-4	2.0945993512193743E-4	2.9480225647459665E-4	3.3222927172136456E-4	0.01709573851904768	3.384807480387639E-4	3.8208387715091724E-4	1.1617673253382466E-4	2.836993417739578E-4	0.03419414824862007	1.6830026191268043E-4	0.050964638032165784	1.6889888727730378E-4	2.4813670472954803E-4	2.1517498969797957E-4	0.344530725266336	2.2344737403140697E-4	3.9537108042057666E-4
93	file:/home/ulrike/Git/johnson-topics/data/letters-leipzig-txt/uj0360.txt	4.930214892777477E-4	5.426813275587806E-4	4.4666499824205254E-4	5.677111937344082E-4	3.9976166611378484E-4	6.670167893126478E-4	6.745336375022262E-4	0.2187621577272893	4.2642820569145293E-4	6.475790189986092E-4	3.6117682991770563E-4	5.859743953598802E-4	4.2326317673208193E-4	4.2780459011572213E-4	0.41511556409565953	4.626338230254446E-4	3.7165073466554726E-4	4.2285944782931214E-4	3.4464419112137417E-4	5.318234591605739E-4	0.0010121817266109268	1.1778869817697856E-4	5.516387743377472E-4	3.009023264885263E-4	4.2350192066865965E-4	4.772681741276703E-4	3.0561758593266897E-4	4.8624881172215016E-4	5.488874398893389E-4	1.6689515865128256E-4	4.0755188773142524E-4	6.150725332249511E-4	2.4177387589026305E-4	4.534499228736893E-4	2.42633838750489E-4	3.5646393042588885E-4	3.09112360626744E-4	0.009870334888763356	0.33986975000752423	5.679753402748659E-4
94	file:/home/ulrike/Git/johnson-topics/data/letters-leipzig-txt/uj0252.txt	2.0693899143288253E-4	2.2778302576422909E-4	1.8748149168911385E-4	2.3828896794876215E-4	1.6779446291541021E-4	2.7997112631209767E-4	2.8312621998840827E-4	2.0181589156498782E-4	1.7898737625736576E-4	2.718123894781641E-4	1.5159900843589696E-4	2.45954695725146E-4	1.7765889886854524E-4	1.7956509469515525E-4	0.8461233917620401	1.941841863320687E-4	1.5599528594513422E-4	1.7748943921259015E-4	1.446596606130486E-4	0.1427441464610547	4.2484936297301616E-4	4.944018654976771E-5	2.315427908912392E-4	1.2629961435263955E-4	1.7775910835336604E-4	2.003267539954088E-4	1.28278779672887E-4	2.0409625314837354E-4	2.3038795608539285E-4	7.005194815528733E-5	1.7106430132946148E-4	2.581682390155085E-4	1.0148126018775575E-4	1.9032937051540177E-4	1.0184221777446379E-4	1.4962083367319067E-4	1.2974566330008246E-4	0.0041429373595413205	1.347337243843202E-4	2.3839983982729398E-4
95	file:/home/ulrike/Git/johnson-topics/data/letters-leipzig-txt/uj0865.txt	4.525033930599121E-5	4.980820256543922E-5	4.0995662797928056E-5	5.210548566944737E-5	3.669079629708868E-5	6.121991981202765E-5	6.190982874802217E-5	4.41300960607935E-5	3.913829603137783E-5	5.9435888646670765E-5	3.3149415306786523E-5	5.378171295028456E-5	3.884780436430134E-5	3.926462290265661E-5	0.16053139432919544	4.246130832349121E-5	3.411072785402007E-5	3.881074944836911E-5	3.163202198534463E-5	4.8811649190294435E-5	9.289973675501554E-5	1.0810844303617324E-5	5.0630332056503355E-5	2.761732027444612E-5	3.8869716683282026E-5	4.3804473616080825E-5	2.8050094695852797E-5	0.004496679332322633	5.037780996559588E-5	1.5317917619698833E-5	0.002263431096266651	5.645238885428191E-5	2.2190411893376265E-5	4.161839456200777E-5	2.2269340727234567E-5	3.271685748576303E-5	2.8370850979593197E-5	0.3503918880499054	0.48085092644409516	5.212972948202382E-5
96	file:/home/ulrike/Git/johnson-topics/data/letters-leipzig-txt/uj0449.txt	1.7193317152571018E-4	1.8925122698333304E-4	1.5576710433004654E-4	1.9797998296665562E-4	1.394103352574641E-4	2.326111833693576E-4	2.3523256109267917E-4	1.6767669572948128E-4	1.487098542904396E-4	2.2583257925135698E-4	0.04241597880774672	0.3131505288126157	1.4760610226585228E-4	1.4918984582113306E-4	0.43233692102573185	1.6133597049563516E-4	1.296071082104692E-4	1.4746530842177157E-4	1.2018901836148694E-4	1.854647231689714E-4	3.529818034332091E-4	4.107687978696513E-5	1.9237498987597412E-4	1.0493475931125518E-4	1.476893603044795E-4	1.664394608159302E-4	1.0657912883353637E-4	1.6957131112574922E-4	1.9141550703814537E-4	5.820195379564098E-5	1.4212704748753588E-4	2.1449647460730192E-4	8.431468034947692E-5	1.581332356972394E-4	8.4614578315729E-5	1.2431095890450342E-4	1.0779787428376077E-4	0.20643423432417984	1.1194215447010314E-4	1.9807209974743724E-4
97	file:/home/ulrike/Git/johnson-topics/data/letters-leipzig-txt/uj0363.txt	1.950266845698782E-4	2.146708457816221E-4	1.7668924299460494E-4	2.245720203178711E-4	1.581354850769604E-4	2.638547726644945E-4	2.668282454495777E-4	0.0961307683880898	1.6868408572802494E-4	2.5616568814744597E-4	1.4287231127693597E-4	2.3179647551933687E-4	0.009761489070817397	1.6922854818411805E-4	0.20258532216529967	1.8300610143123135E-4	1.470155199643802E-4	1.6727237644349535E-4	1.36332422444984E-4	2.103757508998545E-4	4.0039318897098944E-4	4.6594194745772536E-5	2.1821418250325702E-4	1.1902926016549394E-4	1.6752652225764168E-4	1.8879507622922585E-4	1.208944961364962E-4	1.9234758664401697E-4	2.1712582500305554E-4	6.601945385830172E-5	1.6121709739446547E-4	2.4330695422746676E-4	9.563955822607873E-5	0.4031297667467144	9.597973752684065E-5	1.4100800884268185E-4	1.2227693957299354E-4	0.28213210459374605	1.2697786620337402E-4	2.246765099296759E-4
98	file:/home/ulrike/Git/johnson-topics/data/letters-leipzig-txt/uj0465.txt	2.0485356862960538E-4	2.2548754769680912E-4	1.8559215138038958E-4	2.358876164968735E-4	1.6610351817462207E-4	2.771497238928257E-4	2.802730221870602E-4	1.9978209667974583E-4	1.771836351964796E-4	2.690732065368243E-4	1.5007127300548166E-4	2.434760930824697E-4	0.010253344949723273	1.77755531690344E-4	0.8174416504380707	0.15135437336301735	1.5442324713185317E-4	1.757007935769277E-4	1.432018562965787E-4	2.2097603422841712E-4	4.2056795354230935E-4	4.894195423639239E-5	2.2920942387946638E-4	1.2502683296913925E-4	1.759677451333005E-4	1.9830796585888684E-4	1.2698605329757186E-4	2.020394779730819E-4	2.2806622689412672E-4	6.934600130068305E-5	1.6934040486921013E-4	2.5556655467851166E-4	1.0045858518274354E-4	0.010265887734991076	1.008159052278886E-4	1.4811303325226995E-4	1.284381544396265E-4	0.004101187006056398	1.3337594845598506E-4	2.3599737106666554E-4
99	file:/home/ulrike/Git/johnson-topics/data/letters-leipzig-txt/uj0804.txt	1.5852511001554148E-4	0.1561427841625144	0.12491825296440244	1.8254068311635233E-4	1.2853853935154258E-4	2.1447119893881918E-4	2.1688815075965906E-4	1.546005718482526E-4	1.371128433367024E-4	2.0822121847244266E-4	1.1613205092063115E-4	1.8841299519580196E-4	1.3609516647088935E-4	1.375554031379001E-4	0.2426532040258941	1.487543226553011E-4	1.1949980859155187E-4	1.359653523144683E-4	1.1081618043418428E-4	1.7100141516302256E-4	0.023720698548642102	3.787353440607058E-5	1.773727906238686E-4	9.675151174526897E-5	1.3617193170249611E-4	0.007951874398182667	9.82676465150324E-5	1.563474372812886E-4	1.764881322355245E-4	5.3663124147010574E-5	1.3104339109906179E-4	1.9776915026536144E-4	7.773947202694011E-5	1.4580135039427136E-4	7.801598270647725E-5	1.1461667496505783E-4	9.939134914241559E-5	0.4398849033529579	1.0321244117861357E-4	1.8262561624867403E-4
100	file:/home/ulrike/Git/johnson-topics/data/letters-leipzig-txt/uj0820.txt	3.891901170156173E-4	0.019574039021515804	3.525964014008161E-4	4.481500111572164E-4	3.1557101058841047E-4	5.265416374938679E-4	5.32475421497434E-4	3.7955510418762E-4	3.366215203214406E-4	5.111975028718138E-4	2.8511222280579396E-4	4.62566943749972E-4	3.3412305317985627E-4	3.3770803526407436E-4	0.8829151235348742	0.01951084969136759	2.9338030097900814E-4	3.338043504410736E-4	2.7206139283660296E-4	4.1982030966960544E-4	7.990141062570434E-4	9.298214829088298E-5	4.354624774051396E-4	2.3753165775369914E-4	3.3431151713656854E-4	3.767544834783769E-4	2.4125387354902535E-4	0.05782078638047821	4.332905798322899E-4	1.317466839426959E-4	3.2172059499575265E-4	4.855369520091123E-4	1.9085578437340903E-4	3.579524065015213E-4	1.9153463722968255E-4	2.8139186995182393E-4	2.440126412735779E-4	0.007791621407757817	2.5339368668997623E-4	4.4835852787550507E-4
101	file:/home/ulrike/Git/johnson-topics/data/letters-leipzig-txt/uj0021.txt	2.0485356862960538E-4	0.433556972928988	1.8559215138038958E-4	2.358876164968735E-4	1.6610351817462207E-4	2.771497238928257E-4	2.802730221870602E-4	1.9978209667974583E-4	0.10095194767735721	2.690732065368243E-4	1.5007127300548166E-4	2.434760930824697E-4	1.7586854550719844E-4	1.77755531690344E-4	0.32364530663148305	1.9222729977623538E-4	1.5442324713185317E-4	1.757007935769277E-4	1.432018562965787E-4	2.2097603422841712E-4	4.2056795354230935E-4	4.894195423639239E-5	2.2920942387946638E-4	1.2502683296913925E-4	1.759677451333005E-4	1.9830796585888684E-4	1.2698605329757186E-4	2.020394779730819E-4	2.2806622689412672E-4	6.934600130068305E-5	1.6934040486921013E-4	2.5556655467851166E-4	1.0045858518274354E-4	1.884113307750035E-4	1.008159052278886E-4	1.4811303325226995E-4	1.284381544396265E-4	0.13510838026086536	1.3337594845598506E-4	2.3599737106666554E-4
102	file:/home/ulrike/Git/johnson-topics/data/letters-leipzig-txt/uj0136.txt	3.96786858351574E-4	4.3675341487357106E-4	3.594788568906191E-4	4.568976117915123E-4	3.2173075420921374E-4	5.368193923693637E-4	5.428690000288956E-4	3.8696377625608306E-4	3.4319215638385604E-4	5.21175750086011E-4	2.9067743043486736E-4	4.7159595365695175E-4	3.4064492076696574E-4	3.442998794009397E-4	0.4512038195575317	3.7233066955024807E-4	2.9910689618829306E-4	3.4031999715523756E-4	2.7737185663955936E-4	4.280149327103886E-4	8.146103488737897E-4	9.479710015770817E-5	4.4396242552234474E-4	2.4216812328600208E-4	3.4083706341917337E-4	0.07846154163896957	2.459629943450604E-4	3.9133616399370625E-4	4.41748133902607E-4	1.343182946697549E-4	0.2540796581112187	4.950143217371675E-4	1.945811668098231E-4	3.649394077738742E-4	1.952732704382227E-4	2.86884458680585E-4	2.487756114452603E-4	0.20313729173201034	2.58339768848252E-4	4.571101986223342E-4
103	file:/home/ulrike/Git/johnson-topics/data/letters-leipzig-txt/uj0821.txt	7.811463220597265E-5	8.598276795075274E-5	7.076988085868845E-5	8.99485155560714E-5	6.333848766769073E-5	1.0568255604577337E-4	1.0687353016038496E-4	7.618078175486103E-5	6.756355082744694E-5	1.0260282359595736E-4	5.722508215954575E-5	0.26139894989138746	6.706208166543394E-5	6.778162603393202E-5	0.21563790710276382	0.04234340565568818	5.888457415924866E-5	6.699811460631654E-5	5.460564055901526E-5	8.426244051084891E-5	1.6037070395379119E-4	1.86625147913817E-5	8.740199140421434E-5	4.7675152249461214E-5	6.709990840362439E-5	7.561866712993552E-5	0.003891159119466445	7.704156495066868E-5	8.696606825849533E-5	2.6442973011381087E-5	6.457277523871824E-5	9.745247571915825E-5	3.830680366457769E-5	0.05771289806710212	3.844305671641881E-5	5.647836742513062E-5	4.89759551780412E-5	0.41657944490043564	5.085883164476318E-5	8.999036709866148E-5
104	file:/home/ulrike/Git/johnson-topics/data/letters-leipzig-txt/uj0264.txt	5.611847988082361E-5	6.177104208362267E-5	5.0841923247677165E-5	6.46200822815548E-5	4.550312208458843E-5	0.0028365914342180095	7.677921386461553E-5	5.472917874007099E-5	4.853845765783663E-5	7.371108752714805E-5	4.111117893227952E-5	6.669890264794473E-5	4.817819625373661E-5	4.869512547719433E-5	0.6573583796391442	5.265958473265624E-5	4.230337770180269E-5	4.813224155845429E-5	3.922934096406435E-5	6.053513841105451E-5	1.1521221913423061E-4	1.3407372361226446E-5	6.279062907482133E-5	3.4250395819210246E-5	4.8205371431883775E-5	5.432534891486716E-5	3.478711317941422E-5	0.005576683236230494	6.247745670759936E-5	1.8996945988499312E-5	4.6389848940566146E-5	7.001101641958294E-5	2.752006288758914E-5	5.161422154443336E-5	0.2650517296582345	4.057473019512748E-5	3.518490809834315E-5	0.06737952497957832	3.6537588923072614E-5	6.465014892700259E-5
105	file:/home/ulrike/Git/johnson-topics/data/letters-leipzig-txt/uj0658.txt	8.123633064236404E-5	8.941890103732632E-5	7.359806067828544E-5	9.354313198627774E-5	6.586968639873344E-5	1.0990595261879995E-4	1.111445216836324E-4	7.922519764176117E-5	7.02635959408766E-5	1.0670314468745643E-4	5.9511970600994033E-5	9.655240342393549E-5	6.974208654498236E-5	7.049038609630113E-5	0.41208175808329295	7.622928215298024E-5	6.123778095148962E-5	6.967556316750579E-5	5.678784814211893E-5	8.762982407729329E-5	1.6677960535468975E-4	1.9408325679792093E-5	0.004087199180171538	4.9580396427522966E-5	0.0680069551912238	0.08400103174224392	5.035734101026328E-5	8.01203803537739E-5	9.044149701793451E-5	2.7499714689246358E-5	0.008059761978242114	1.013469732349733E-4	3.983766012163108E-5	0.16392319393583105	3.997935826009521E-5	5.873541487324609E-5	5.093318339998213E-5	0.2573898364087139	5.289130534064535E-5	9.358665604388036E-5
106	file:/home/ulrike/Git/johnson-topics/data/letters-leipzig-txt/uj0300.txt	6.770736817976064E-5	7.452722700410301E-5	6.134116290405635E-5	7.796461543746728E-5	5.4899859134684216E-5	9.1602399323878E-5	9.26346991708253E-5	6.603116590113046E-5	5.856201433994785E-5	8.893298166183202E-5	0.39641081527514366	0.06336503636012526	5.8127356245499125E-5	5.8751035242682545E-5	0.44670811390142134	6.353418516073553E-5	5.10393434637951E-5	5.807191155990401E-5	4.733049501240855E-5	7.303609992491274E-5	0.02345436995790992	1.61760956232691E-5	7.575736637977722E-5	4.132336023638865E-5	5.816014330238428E-5	6.554394217883595E-5	4.197091376943111E-5	0.05335904137777362	7.537952156259303E-5	2.2919958257348876E-5	5.596970175765021E-5	8.44688180333227E-5	3.320316291918808E-5	6.227294660942614E-5	3.332126288696745E-5	4.8953717241630126E-5	4.2450856331901746E-5	0.0146785736738734	4.4082875923739556E-5	7.80008910714044E-5
107	file:/home/ulrike/Git/johnson-topics/data/letters-leipzig-txt/uj1058.txt	3.826556906629712E-5	4.2119887818909306E-5	3.4667637641449514E-5	4.406256596518394E-5	3.1027263471100534E-5	0.050877098867887896	5.235352627568936E-5	3.7318244782598546E-5	3.3096971048073E-5	0.14311414981351914	2.8032524404988453E-5	0.03204661297474099	3.285131921164075E-5	3.320379830488447E-5	0.25622687756142537	3.590704846013747E-5	2.8845450279902115E-5	3.2819984033460936E-5	2.674935349770013E-5	0.001923696744437978	7.855988148511406E-5	9.142099610958747E-6	4.281511471232597E-5	2.335435474288134E-5	3.2869849179994985E-5	3.7042884899362494E-5	2.372032679450464E-5	3.773991173410429E-5	4.260157152881427E-5	1.295346827489597E-5	3.163189687924726E-5	4.773848810399914E-5	0.16567168849242933	3.519424552315029E-5	1.8831880793125277E-5	2.7666735519658477E-5	2.3991571649618732E-5	0.3490137031267254	2.4913925598500877E-5	4.4083067541499227E-5
108	file:/home/ulrike/Git/johnson-topics/data/letters-leipzig-txt/uj0486.txt	2.0280975807802925E-4	2.232378732961399E-4	1.8374051071911904E-4	2.3353418129529226E-4	1.64446314322279E-4	2.743846193654902E-4	2.7747675671851096E-4	1.9778888386953435E-4	1.7541588574694015E-4	2.6638868089079703E-4	1.4857402180644768E-4	2.41046948150178E-4	1.7411391662080662E-4	1.7598207646718104E-4	0.4301625936899728	1.9030946067676618E-4	1.528825765738148E-4	1.7394783834048707E-4	1.4177314081526132E-4	2.1877137090025182E-4	4.163719747909764E-4	4.8453663584917564E-5	2.2692261656544514E-4	1.2377944849757802E-4	1.7421212653877767E-4	1.9632946035470978E-4	1.2571912181393317E-4	2.00023743418499E-4	2.2579082518107597E-4	6.865414081655252E-5	0.3892680802754062	2.5301678400780237E-4	9.945631649996489E-5	1.8653156334673523E-4	9.98100715865718E-5	1.466353192821791E-4	1.271567354386068E-4	0.1736681492019828	1.3204526540953207E-4	2.336428408509758E-4
109	file:/home/ulrike/Git/johnson-topics/data/letters-leipzig-txt/uj0955.txt	4.12136624693847E-5	4.536492941760025E-5	3.733853569223546E-5	4.7457277273932814E-5	3.3417696254068765E-5	5.575863408391378E-5	5.638699785883306E-5	4.019335350155617E-5	3.564686026675819E-5	5.4133752162329015E-5	0.006112532617167621	4.898397224316262E-5	3.538228268124881E-5	3.5761917813586524E-5	0.20906161508209214	3.867343441159879E-5	3.106778967676135E-5	0.5170342811390268	2.88102033558794E-5	4.4457276236080225E-5	8.461236872115502E-5	9.846434191916935E-6	4.6113718661405055E-5	2.5153643786030495E-5	3.5402240253550863E-5	3.9896779072840954E-5	2.554781141444597E-5	4.0647506930811156E-5	4.588372347506297E-5	1.3951442048712382E-5	3.4068912420693626E-5	5.1416403401925054E-5	2.021085719702309E-5	0.008147692893141784	2.0282744974388496E-5	2.9798263220949416E-5	2.5839953781017366E-5	0.25831084416264294	2.6833368625068748E-5	4.747935835274507E-5
110	file:/home/ulrike/Git/johnson-topics/data/letters-leipzig-txt/uj0144.txt	4.930214892777477E-4	5.426813275587806E-4	4.4666499824205254E-4	5.677111937344082E-4	3.9976166611378484E-4	6.670167893126478E-4	0.07343498089070087	4.808159676933474E-4	4.2642820569145293E-4	6.475790189986092E-4	3.6117682991770563E-4	5.859743953598802E-4	4.2326317673208193E-4	4.2780459011572213E-4	0.6333969058552555	4.626338230254446E-4	0.024625133152398435	4.2285944782931214E-4	3.4464419112137417E-4	0.024785305876893458	0.0010121817266109268	1.1778869817697856E-4	5.516387743377472E-4	3.009023264885263E-4	4.2350192066865965E-4	4.772681741276703E-4	3.0561758593266897E-4	4.8624881172215016E-4	5.488874398893389E-4	1.6689515865128256E-4	4.0755188773142524E-4	6.150725332249511E-4	2.4177387589026305E-4	4.534499228736893E-4	2.42633838750489E-4	3.5646393042588885E-4	3.09112360626744E-4	0.009870334888763356	3.209961592638746E-4	0.21884931709987082
111	file:/home/ulrike/Git/johnson-topics/data/letters-leipzig-txt/uj1046.txt	4.214671640988802E-4	4.6391965687070104E-4	3.8183858960609E-4	4.853168311201854E-4	3.4174253941596873E-4	5.702097793136304E-4	5.766356750571699E-4	4.1103308225782104E-4	3.645388496307527E-4	5.535930960476237E-4	0.021042228085362703	0.33223645580355604	3.6183317491107444E-4	3.657154734749921E-4	0.6244031754625793	3.9548979029778355E-4	3.1771146812326865E-4	3.614880409170889E-4	2.9462450017720575E-4	4.54637637523725E-4	8.652794475396304E-4	1.0069351876786591E-4	4.71577070946157E-4	2.572310801333635E-4	3.6203726891525796E-4	4.0800019520227974E-4	2.612619937327375E-4	4.1567743431064017E-4	4.692250494771599E-4	1.4267294782958572E-4	3.4840213272841966E-4	5.258044160979633E-4	2.0668419539671978E-4	3.876387889996494E-4	2.0741934815539723E-4	3.047287899767432E-4	2.6424955677311143E-4	0.008437810815036797	2.7440860869932865E-4	4.8554264093929957E-4
112	file:/home/ulrike/Git/johnson-topics/data/letters-leipzig-txt/uj0165.txt	6.306891668512887E-4	6.942156514215993E-4	5.71388431801622E-4	7.26234672474478E-4	5.113881597934753E-4	8.53269628761398E-4	8.628854260950556E-4	6.150754656101361E-4	5.455008668352807E-4	8.28404199096726E-4	4.6202917905361284E-4	7.495975555692493E-4	5.414520585766991E-4	5.472615826756411E-4	0.28282260174197443	5.918162732188102E-4	4.754277395682329E-4	5.40935595398401E-4	4.408800883647129E-4	6.803259120841157E-4	0.001294815872617496	1.5067914387781529E-4	7.05674309449705E-4	3.849240686743196E-4	0.15567098562448428	6.105370123849528E-4	3.9095598232309506E-4	6.220253368605317E-4	0.1558313828695787	2.1349772951173037E-4	5.213536653312037E-4	7.868208424363797E-4	3.092850264498992E-4	5.800679286514338E-4	3.103851189846759E-4	4.560002843328124E-4	3.9542661207874337E-4	0.3849366018445701	4.1062875483414366E-4	7.265725773430304E-4
113	file:/home/ulrike/Git/johnson-topics/data/letters-leipzig-txt/uj1054.txt	1.9317336826587178E-4	2.1263085325773048E-4	1.7501018530305545E-4	0.01922820946203512	1.5663274162735783E-4	2.6134739090210907E-4	2.6429260711499923E-4	1.8839105802752E-4	1.6708110013148648E-4	2.5373137487684033E-4	1.4151461202432036E-4	2.2959374009244566E-4	1.6584099332470938E-4	1.6762038862305764E-4	0.7138160081389427	1.8126701535558398E-4	1.4561844827291973E-4	1.6568280615901693E-4	1.350368710088345E-4	2.083765741719612E-4	3.9658829823632097E-4	4.6151415435931735E-5	2.1614051805528343E-4	1.1789813870380757E-4	1.6593453685452455E-4	1.8700097818739411E-4	1.1974564955045823E-4	0.2567684353031191	2.1506250309207456E-4	6.539207853021758E-5	1.5968506973504693E-4	2.4099483603634642E-4	9.473070642992952E-5	1.7766862265929199E-4	9.50676530456577E-5	1.3966802584312478E-4	1.2111495578490613E-4	0.00386734833641383	1.2577121004654263E-4	2.225414347224125E-4
114	file:/home/ulrike/Git/johnson-topics/data/letters-leipzig-txt/uj0413.txt	2.2781118727322958E-4	2.507575840624887E-4	2.0639117315552206E-4	2.6232317228687434E-4	1.8471847934482339E-4	3.0820945944384066E-4	3.116827808869467E-4	2.2217136340367647E-4	1.9704032773028955E-4	2.9922781943526324E-4	1.668895255654478E-4	2.7076207756016003E-4	1.9557785799890982E-4	1.9767631576865375E-4	0.24784729529073377	2.137699122417068E-4	1.7172921861714012E-4	1.953913063725066E-4	1.5925026408321666E-4	2.4574047234454807E-4	4.6770034550279004E-4	5.442680240647413E-5	2.5489656508062347E-4	1.3903839435284844E-4	1.9568817477176638E-4	2.205320290501552E-4	1.4121718143542591E-4	2.246817258835857E-4	2.536252517993387E-4	7.711749907331825E-5	1.8831811886243566E-4	0.4821784738660278	1.1171682150994881E-4	2.0952629357016544E-4	1.1211418585300403E-4	1.6471182894962073E-4	1.428320172785369E-4	0.26231819890126573	1.4832318213791598E-4	2.624452268794316E-4
115	file:/home/ulrike/Git/johnson-topics/data/letters-leipzig-txt/uj0956.txt	5.374454643448506E-5	5.915799299303946E-5	4.869119959425402E-5	6.188651260969075E-5	0.42306527294507384	7.271187075093025E-5	7.353128654791224E-5	5.2414015746033956E-5	4.64851755961641E-5	7.059294861072883E-5	3.9372086873959234E-5	6.387739436464318E-5	4.614015403103395E-5	0.005334406399824015	0.2435433976436855	5.043197005505573E-5	4.051385304909166E-5	4.6096143319059434E-5	3.7569854734391296E-5	5.797437072707735E-5	0.03712473677889533	1.2840211423449397E-5	0.039718418327721085	3.280152977083852E-5	4.616617964018975E-5	5.202726879853308E-5	3.3315542822313454E-5	5.3006253091722575E-5	5.983452474587634E-5	0.01852539247724986	4.4427457688977125E-5	6.704939853820839E-5	2.635590452348291E-5	4.943082799757916E-5	2.6449649552611463E-5	3.885833108219837E-5	3.3696510153167395E-5	0.23109401718466854	3.499196964440982E-5	6.191530737080741E-5
116	file:/home/ulrike/Git/johnson-topics/data/letters-leipzig-txt/uj0211.txt	0.05415954848300618	3.0142851684953503E-4	2.4809692375884964E-4	3.153311795267295E-4	2.2204479865197733E-4	3.704897723691674E-4	3.7466495269342933E-4	0.08109562059869017	2.368565400298586E-4	3.5969319990742575E-4	2.006131234554383E-4	3.2547534609250056E-4	2.3509854701156058E-4	2.3762104305318646E-4	0.5538872320619488	2.569666948857484E-4	2.064307799942534E-4	2.3487429863928175E-4	0.21573424287848844	2.95397590408521E-4	5.622092029718606E-4	6.542490185324916E-5	3.064038675023545E-4	1.6713407553199222E-4	2.3523115564770653E-4	2.650952420160556E-4	1.6975313314210457E-4	2.700834738438294E-4	3.048756581831369E-4	9.270073906527575E-5	2.2637182231925135E-4	3.416377015934858E-4	1.3429159457245527E-4	0.04066614294218087	1.3476925487941602E-4	0.013669421169956569	1.7169428110364783E-4	0.018953833709761354	1.782950532618548E-4	0.013786903691152446
117	file:/home/ulrike/Git/johnson-topics/data/letters-leipzig-txt/uj0370.txt	1.4705699581785952E-4	1.6186938592504879E-4	1.3322991838487884E-4	0.20996279425062794	1.1923973080353268E-4	1.9895580077064877E-4	2.011979040801773E-4	1.4341636883581578E-4	1.2719374758461607E-4	1.9315795996665546E-4	1.0773075965618575E-4	1.747827145101685E-4	1.2624969208082154E-4	1.276042914714962E-4	0.6736229940151761	0.07248056513166973	1.108548850750522E-4	0.0073603864769466905	1.0279945291356901E-4	1.5863073296092532E-4	3.0191058031809627E-4	3.513366551340069E-5	1.6454118673325067E-4	8.975225853305337E-5	0.007360578111850449	1.4235814343408997E-4	0.02179393033601092	1.4503686153034953E-4	1.6372052680813093E-4	4.9780995720403795E-5	1.2156337513295897E-4	1.8346202125722302E-4	7.211559866842267E-5	1.352537056941111E-4	7.237210585419468E-5	1.0632500989490577E-4	9.220112330301921E-5	0.0029440943813303653	9.57457877131668E-5	1.6941400944167352E-4
118	file:/home/ulrike/Git/johnson-topics/data/letters-leipzig-txt/uj0064.txt	2.5024702065545905E-4	2.754532780830322E-4	2.2671747068245794E-4	2.881578955775589E-4	2.0291035602482463E-4	3.3856326323055053E-4	3.423786524277173E-4	2.4405176248016815E-4	2.1644571345980838E-4	0.40657658072304786	1.8332552958106674E-4	2.974279008284448E-4	2.1483921336884655E-4	2.171443363574726E-4	0.4199828746013795	2.3482289998386037E-4	1.886418565866424E-4	2.1463428932949356E-4	1.749339205085785E-4	2.6994205945176975E-4	5.137615032102318E-4	5.978698987108103E-5	2.799998838960973E-4	1.527314982200078E-4	2.1496039461576472E-4	2.4225097937229198E-4	1.551248617004574E-4	2.468093563406008E-4	2.786033661711812E-4	8.47123647196136E-5	2.0686450364811818E-4	3.121974848439877E-4	1.2271917843276013E-4	2.3016135134763194E-4	1.231556769390649E-4	1.8093336396126074E-4	1.5689873357840648E-4	0.16504701310329098	1.6293069215970064E-4	2.882919706355504E-4
119	file:/home/ulrike/Git/johnson-topics/data/letters-leipzig-txt/uj0932.txt	3.164796280850984E-4	0.01591711690203054	2.86722537651172E-4	3.644243331381337E-4	2.566144197886998E-4	4.28170434756161E-4	0.10941431356487191	3.086446776506367E-4	2.73732165589639E-4	4.156929698716133E-4	2.3184609858033103E-4	3.7614782062047426E-4	2.717004748627141E-4	2.746156922515964E-4	0.5311392863252279	2.969732221310871E-4	2.3856949208606168E-4	2.7144131380021566E-4	2.2123349143983247E-4	3.413873314297856E-4	6.497382028147166E-4	7.561074760917241E-5	3.5410714935668304E-4	1.9315477813459234E-4	2.71853729018768E-4	3.06367283231515E-4	1.961815905305249E-4	3.121321208860191E-4	3.5234101680078667E-4	1.0713309437391567E-4	2.6161510737305455E-4	3.9482645441186787E-4	1.5519913023372698E-4	2.910779064752602E-4	0.2803934258231822	2.2882080108151888E-4	1.984249511536944E-4	0.05304222994210415	2.060533816678023E-4	3.6459389369624746E-4
120	file:/home/ulrike/Git/johnson-topics/data/letters-leipzig-txt/uj0539.txt	1.3996899389695687E-4	1.5406744143413092E-4	1.2680836793648432E-4	0.10344477078866955	1.134924935756611E-4	1.8936632772182003E-4	0.007077073521095152	1.3650384153887442E-4	1.2106313460566468E-4	1.8384793711689572E-4	1.0253824346791059E-4	1.6635836033851743E-4	1.2016458164452119E-4	1.2145389068277327E-4	0.7788664943199642	1.3134192354665166E-4	1.055117891279093E-4	1.2004996285090514E-4	9.7844620838653E-5	1.509848883434149E-4	2.8735878860404565E-4	3.3440257544181916E-5	0.02769890309299625	8.542628833796268E-5	1.2023236114161925E-4	1.3549662155609154E-4	8.676495234087791E-5	1.3804622808641538E-4	1.5582935915538947E-4	4.738160090529621E-5	1.157041405439359E-4	1.7461933307464587E-4	6.863969805556147E-5	0.034556600396838465	6.888384184838256E-5	1.0120024945638496E-4	8.775712024524821E-5	0.04411563088398942	9.113093533259855E-5	1.6124842155058338E-4
121	file:/home/ulrike/Git/johnson-topics/data/letters-leipzig-txt/uj0047.txt	4.046860707606863E-4	4.4544827943845185E-4	3.666353435216552E-4	4.6599350599463985E-4	3.2813575354966734E-4	5.475063652778739E-4	5.536764082161674E-4	3.946674312510542E-4	3.5002440821719507E-4	5.315512901669278E-4	2.9646422179957906E-4	4.80984461695475E-4	3.4742646236439256E-4	3.511541837272437E-4	0.42037046469652806	3.7974300940803244E-4	3.05061500924542E-4	0.21933453044347778	2.828937613241252E-4	4.3653583202090844E-4	8.308275698854634E-4	9.668431596174101E-5	4.5280080670118497E-4	2.469891938539624E-4	3.4762243018265763E-4	0.1795632933340051	2.508596130112749E-4	3.991268642593246E-4	4.505424330775404E-4	1.3699229638552247E-4	3.345301891784596E-4	5.048690414453738E-4	1.9845487869087994E-4	3.7220460277160574E-4	1.9916076068278823E-4	2.9259573975830457E-4	2.537282235483348E-4	0.16736544116823698	2.634827837059799E-4	4.662103249931777E-4
122	file:/home/ulrike/Git/johnson-topics/data/letters-leipzig-txt/uj0137.txt	6.95416854811835E-4	7.654630684128918E-4	6.300300797984741E-4	8.007682045799081E-4	5.638719742834028E-4	9.40840770267467E-4	9.514434377774622E-4	6.782007179574434E-4	6.014856716274758E-4	9.134233992393891E-4	5.094472767510183E-4	8.265288225436115E-4	5.970213338000545E-4	6.03427089898593E-4	0.17500858747385892	6.525544324837416E-4	5.2422093277971E-4	5.964518659576446E-4	4.8612765291407837E-4	7.501478238329787E-4	0.0014277029462730823	1.6614335845403487E-4	7.780977295821213E-4	4.244288617089684E-4	5.973580869864593E-4	6.731964828548737E-4	4.3107983121756164E-4	6.858638551418448E-4	0.17182437221360028	2.3540902138489305E-4	5.74860240583038E-4	8.675723388103213E-4	3.4102697753313183E-4	6.396003542187237E-4	3.4223997266725754E-4	5.027996360032593E-4	4.360092821215982E-4	0.6297028675164213	4.5277162220449635E-4	8.011407886566054E-4
123	file:/home/ulrike/Git/johnson-topics/data/letters-leipzig-txt/uj0782.txt	3.266507212577109E-4	3.59552779980961E-4	2.9593729078641586E-4	3.7613628398041184E-4	2.6486155148845313E-4	4.419310720901126E-4	4.46911349696891E-4	3.1856396943131165E-4	2.825294312379814E-4	4.2905260364439854E-4	2.3929722042547293E-4	3.882365435292905E-4	2.804324455794158E-4	2.834413528776934E-4	0.4517944877328949	3.0651741406009824E-4	2.4623669185759866E-4	2.8016495554064385E-4	2.283435429396777E-4	3.5235891395132547E-4	6.706196347053573E-4	7.804074275115669E-5	3.654875242357466E-4	1.9936242965715409E-4	2.8059062505186286E-4	3.162133836002566E-4	2.024865184278136E-4	3.2216349289851143E-4	3.636646313161899E-4	1.1057616175661111E-4	2.700229522904496E-4	4.075154754371186E-4	1.601869546427319E-4	3.0043263342928954E-4	1.6075672187328239E-4	2.3617469523803678E-4	2.0480197667715918E-4	0.4725438247527742	0.0644891235320727	3.7631129391372045E-4
124	file:/home/ulrike/Git/johnson-topics/data/letters-leipzig-txt/uj0806.txt	1.5852511001554148E-4	1.7449263171198377E-4	1.4361973976051776E-4	1.8254068311635233E-4	1.2853853935154258E-4	2.1447119893881918E-4	2.1688815075965906E-4	1.546005718482526E-4	1.371128433367024E-4	2.0822121847244266E-4	1.1613205092063115E-4	1.8841299519580196E-4	1.3609516647088935E-4	1.375554031379001E-4	0.49220247047517796	1.487543226553011E-4	1.1949980859155187E-4	1.359653523144683E-4	1.1081618043418428E-4	1.7100141516302256E-4	3.2545481902173957E-4	3.787353440607058E-5	1.773727906238686E-4	9.675151174526897E-5	1.3617193170249611E-4	1.5345982164254593E-4	9.82676465150324E-5	1.563474372812886E-4	1.764881322355245E-4	5.3663124147010574E-5	1.3104339109906179E-4	1.9776915026536144E-4	7.773947202694011E-5	0.007944215926934391	7.801598270647725E-5	1.1461667496505783E-4	9.939134914241559E-5	0.20593246605675428	0.2886445517731631	1.8262561624867403E-4
125	file:/home/ulrike/Git/johnson-topics/data/letters-leipzig-txt/uj0076.txt	5.938403676956778E-4	6.536552383775173E-4	5.380043518618725E-4	6.838035082934656E-4	4.815096703866158E-4	8.034162892268295E-4	8.124702716391399E-4	5.791389163731077E-4	5.136293000830257E-4	0.49740307772062076	4.350345494994433E-4	0.08834516739777351	5.098170484837014E-4	5.152871439100687E-4	0.0910196073778531	5.572386712318647E-4	4.476502824480811E-4	5.093307603090797E-4	4.1512112074367885E-4	6.405770243397721E-4	0.0012191646444986064	1.418755274507042E-4	6.644444100556697E-4	3.6243440111342895E-4	5.101046136105077E-4	5.748656279234775E-4	3.6811389270352627E-4	5.856827327500039E-4	6.61130450124856E-4	2.0102385907213915E-4	4.908929288661346E-4	7.408498559056674E-4	2.9121466402653854E-4	5.461767383108711E-4	2.9225048228644714E-4	4.2935790045269846E-4	3.7232332035420197E-4	0.30401995800968706	3.8663725900753184E-4	6.841216706497164E-4
126	file:/home/ulrike/Git/johnson-topics/data/letters-leipzig-txt/uj0759.txt	3.0235762830605275E-4	3.3281275298370424E-4	2.739283630692034E-4	3.4816293778957826E-4	2.451637340005406E-4	4.090645516331105E-4	4.1367444479267047E-4	2.948722901640908E-4	2.615176492703291E-4	3.9714385799292E-4	2.2150062840667537E-4	0.2532181836234299	2.5957661694113525E-4	2.623617510776744E-4	0.7008013395089454	2.837216400223329E-4	2.2792400967409273E-4	2.5932902020108466E-4	2.1136157855831605E-4	3.2615389650637226E-4	6.20745490670478E-4	7.223683388369528E-5	3.38306128876373E-4	1.8453579766294928E-4	2.597230325680521E-4	2.926965179684223E-4	1.8742754719797922E-4	2.982041162025702E-4	3.36618804943057E-4	1.0235258592782354E-4	2.499412801795903E-4	3.7720845120672473E-4	1.4827381217730082E-4	2.7808938599512554E-4	1.4880120568144627E-4	2.186103261708072E-4	1.8957080425866538E-4	0.035801323624629615	1.9685883784205605E-4	3.483249321919217E-4
127	file:/home/ulrike/Git/johnson-topics/data/letters-leipzig-txt/uj0632.txt	2.533660945862009E-4	2.7888652230930036E-4	2.2954327276632363E-4	2.9174948990575203E-4	2.0543942670105835E-4	3.427831090672097E-4	3.466460532000929E-4	2.470936188351796E-4	2.1914348856420332E-4	3.3279394620303873E-4	1.8561049536670543E-4	0.012765115316972386	0.18717722117488428	2.1985081908388763E-4	0.4252175328686231	2.3774972797870498E-4	0.07497487476888584	2.1730948687924835E-4	1.7711429344421475E-4	2.733066119576955E-4	5.201650164552028E-4	6.053217373387379E-5	2.834897969275634E-4	1.546351406020566E-4	2.17639656735377E-4	2.4527039080215714E-4	1.5705833491773093E-4	2.4988558329111076E-4	2.820758730332624E-4	8.576821796300635E-5	2.0944285874235541E-4	3.160887081387527E-4	1.24248747852804E-4	2.330300778921973E-4	1.246906868678839E-4	1.8318851384178613E-4	1.588543162997872E-4	0.2917439586265221	1.649614570938923E-4	2.9188523607262247E-4
128	file:/home/ulrike/Git/johnson-topics/data/letters-leipzig-txt/uj0216.txt	4.129061859155418E-4	4.54496369840065E-4	3.740825599230575E-4	4.7545891772351545E-4	3.3480095375172376E-4	5.586274927289395E-4	5.649228635871384E-4	4.02684044540107E-4	3.571342178954653E-4	0.4067888563683758	0.020614811501314514	4.907543745946294E-4	3.544835017211245E-4	3.5828694177330504E-4	0.3070352139541074	3.8745647298417645E-4	3.1125800939887417E-4	3.54145378201132E-4	2.8863999145827197E-4	4.454028898904503E-4	8.477036098377402E-4	9.864819924880361E-5	4.619982440290842E-4	2.520061187302454E-4	3.5468345010148246E-4	3.997127624733446E-4	2.5595515510092243E-4	4.0723405900274884E-4	4.596939975855174E-4	1.3977492848724117E-4	3.4132527523776874E-4	5.151241057004929E-4	2.0248595876441822E-4	3.797649437791398E-4	2.032061788610414E-4	2.985390396354474E-4	2.588820337886621E-4	0.2520143240773443	2.688347317463804E-4	4.756801408201049E-4
129	file:/home/ulrike/Git/johnson-topics/data/letters-leipzig-txt/uj0464.txt	1.6630668067190834E-4	1.8305800499921306E-4	1.506696459393302E-4	1.9150111356924467E-4	1.3484815002414932E-4	2.2499901240719978E-4	2.2753460588275957E-4	1.621894974969019E-4	1.43843343496679E-4	2.1844223723432375E-4	0.008303050403226356	1.9766168163134587E-4	1.427757116146802E-4	1.4430762736646337E-4	0.6472628478657129	1.5605627167819555E-4	1.253657323173661E-4	1.4263952523098055E-4	1.1625584824348441E-4	1.7939541403360734E-4	3.414305194607708E-4	3.973264419604824E-5	1.8607954315424867E-4	1.0150078285242863E-4	1.4285624504473606E-4	1.6099275093625753E-4	1.0309134059426464E-4	1.6402211184878747E-4	0.016547586944734037	5.6297302367422536E-5	1.3747595819702687E-4	2.0747710515205836E-4	8.155549331408499E-5	0.04105904705962671	8.184557715808703E-5	1.2024289881408083E-4	1.0427020275688405E-4	0.2814908780692658	1.0827886190886097E-4	1.9159021584026097E-4
130	file:/home/ulrike/Git/johnson-topics/data/letters-leipzig-txt/uj0441.txt	8.156227832916529E-5	8.977767996935046E-5	7.389336103763766E-5	9.391845873043243E-5	0.004078472844316048	1.1034693254414266E-4	1.1159047116777269E-4	7.954307598145857E-5	7.054551729776423E-5	1.0713127386205455E-4	5.9750752793653316E-5	9.693980438483907E-5	7.002191542945163E-5	7.077321741214388E-5	0.25725395394722705	7.65351398645215E-5	6.148348768009426E-5	0.008094632857966558	5.70157002323596E-5	8.798142462629568E-5	1.6744878164737966E-4	1.9486198459249153E-5	9.125954188245902E-5	4.9779329779121355E-5	7.006141167825222E-5	7.895615201860638E-5	5.055939172680804E-5	8.044185046985926E-5	9.080437895155627E-5	2.761005286330933E-5	6.742274165254634E-5	0.4013356402530805	3.9997502313684114E-5	0.008099693547802708	4.01397689930965E-5	5.897108126117699E-5	5.1137544591328097E-5	0.3186076546493735	5.310352318075902E-5	9.396215742130298E-5
131	file:/home/ulrike/Git/johnson-topics/data/letters-leipzig-txt/uj0199.txt	1.6103677305219998E-4	1.7725728327536885E-4	1.4589524293888263E-4	1.8543284755910078E-4	1.3057509682842236E-4	2.1786926870044656E-4	0.2141135745590964	1.5705005472020552E-4	1.3928525160960113E-4	0.023977436935504623	1.1797204068402002E-4	1.9139820022491704E-4	1.3825145072806039E-4	1.397348233037038E-4	0.3494834268208738	1.5111117787981325E-4	1.2139315692039227E-4	1.3811957980335647E-4	1.125719458408945E-4	1.7371075208535083E-4	3.3061130709457007E-4	3.847360058124002E-5	1.8018307526505422E-4	9.828443732259611E-5	1.3832943222373225E-4	1.5589123053161088E-4	9.982459364742698E-5	1.5882459739212024E-4	1.7928440039834996E-4	5.451335970488812E-5	1.3311963530787912E-4	2.0090259369564306E-4	7.897117190313178E-5	1.4811141889032402E-4	7.925206360251471E-5	1.1643265519598916E-4	1.009661001568142E-4	0.40724455420572625	1.0484773336296341E-4	1.8551912636725275E-4
132	file:/home/ulrike/Git/johnson-topics/data/letters-leipzig-txt/uj0954.txt	3.214847468573296E-4	3.5386646020240417E-4	2.912570486536741E-4	3.701876964291101E-4	2.606727715299508E-4	4.3494194132572824E-4	4.3984345594516545E-4	3.135258868438018E-4	0.06353797849976923	4.2226714559211024E-4	2.355127398339695E-4	3.8209659062350004E-4	2.759974122529269E-4	2.7895873374451723E-4	0.39720442930489885	3.016698474966181E-4	2.4234246366892936E-4	2.7573415256358544E-4	2.2473229453105078E-4	3.4678636501523236E-4	6.600137990533132E-4	7.680653001870983E-5	0.11106456256147404	1.962095169556568E-4	2.761530901202889E-4	3.1121247547904633E-4	1.992841983270257E-4	0.01613204780033246	3.579132826938143E-4	1.0882740204554224E-4	2.6575254488502E-4	4.0107062662196336E-4	1.576536012682983E-4	2.9568129754563055E-4	1.5821435764188244E-4	2.3243959731778763E-4	2.015630376520499E-4	0.40181063667256894	2.0931211163695507E-4	3.7035993858394327E-4
133	file:/home/ulrike/Git/johnson-topics/data/letters-leipzig-txt/uj0158.txt	3.4319524997682507E-4	3.777637647035056E-4	3.1092621530989757E-4	0.16922514983859074	2.7827652124060216E-4	0.3381242396983654	4.695469576376579E-4	3.346989123478258E-4	2.968392612335012E-4	4.507836841565555E-4	2.5141738266019805E-4	4.079003318702395E-4	2.9463606537182284E-4	2.9779737078212E-4	0.4577944254140877	3.2204221112866184E-4	2.5870833130309565E-4	2.9435502723307576E-4	2.3990891248621928E-4	3.7020553663398077E-4	7.045858410656708E-4	8.199342745589628E-5	3.839990977535213E-4	2.0945993512193743E-4	2.9480225647459665E-4	3.3222927172136456E-4	2.1274225582971996E-4	3.384807480387639E-4	3.8208387715091724E-4	1.1617673253382466E-4	2.836993417739578E-4	4.281557221841437E-4	1.6830026191268043E-4	3.156492425118958E-4	1.6889888727730378E-4	2.4813670472954803E-4	2.1517498969797957E-4	0.02375379626519469	2.2344737403140697E-4	3.9537108042057666E-4
134	file:/home/ulrike/Git/johnson-topics/data/letters-leipzig-txt/uj0233.txt	2.20401182653144E-4	2.4260120298803353E-4	1.9967789640676858E-4	2.53790597825244E-4	0.032705666831255774	2.9818434370756307E-4	0.1954632847798962	2.149448050902893E-4	1.906312055256216E-4	2.894948491144769E-4	1.614611171967198E-4	2.61955011192263E-4	1.8921630548384303E-4	1.9124650680861174E-4	0.6084244194478079	2.0681662756633003E-4	1.6614338976216612E-4	1.890358218141108E-4	1.540703376418028E-4	2.3774728264561054E-4	4.5248747662451726E-4	5.265646416226512E-5	2.4660555554988425E-4	1.3451589852261423E-4	1.893230339878076E-4	2.1335879329427215E-4	1.3662381629213764E-4	2.173735131185587E-4	2.4537559422062896E-4	7.460910152154497E-5	1.8219270356778278E-4	2.749630932697014E-4	1.0808301329605661E-4	2.0271104089549232E-4	1.0846745258633835E-4	1.5935425442438204E-4	1.381861264397314E-4	0.15620491616307286	1.4349868041759636E-4	2.5390868235335634E-4
135	file:/home/ulrike/Git/johnson-topics/data/letters-leipzig-txt/uj1041.txt	7.494663022709228E-5	8.24956673740087E-5	6.789975120085066E-5	8.630058088324837E-5	6.076974416082197E-5	1.0139651465722355E-4	0.29505386573452974	7.309120864241668E-5	6.482345647281757E-5	0.022219791174244087	5.490427274902443E-5	8.907686031275612E-5	6.434232479755627E-5	6.503268746322966E-5	0.22532699558329602	7.032725108114064E-5	0.05904676177204576	0.014811847279307904	5.2391064717541046E-5	8.084510920242282E-5	1.538667405716119E-4	1.7905641435899644E-5	8.385733307443391E-5	4.574164795705839E-5	6.43786174418381E-5	7.255189102995645E-5	4.6458437820523916E-5	7.391708208072185E-5	8.343908914385395E-5	2.537055689084368E-5	6.195397420284246E-5	9.350021188322255E-5	3.675324031304104E-5	6.893116108570357E-5	3.6883967512354005E-5	5.418784163356112E-5	4.698969577260131E-5	0.3812502712570176	4.87962106639806E-5	8.634073510273777E-5
136	file:/home/ulrike/Git/johnson-topics/data/letters-leipzig-txt/uj0459.txt	7.781560730206466E-5	0.007741707181402188	7.04989718596222E-5	8.960419022980092E-5	6.309602624076411E-5	1.052780003911681E-4	1.0646441542497597E-4	7.588915968226629E-5	6.730491574560226E-5	1.0221005723964182E-4	5.700602301261455E-5	9.248674637932718E-5	6.680536622097022E-5	6.752215615435709E-5	0.4330099658168353	7.301939708538732E-5	5.865916243250324E-5	0.0038947684229243052	5.439660870467664E-5	8.393988163211834E-5	1.5975680060450586E-4	1.859107418499877E-5	8.706741424059027E-5	4.749265048996239E-5	6.684304815739392E-5	7.532919684717778E-5	4.823687926134978E-5	7.674664777694955E-5	8.663315982034661E-5	2.6341748602579927E-5	6.432558892591687E-5	0.3714156769778316	3.816016419433582E-5	7.156986439106744E-5	0.042146590463509055	5.6262166722198965E-5	4.87884739100977E-5	0.13936683954939133	5.066414267528372E-5	8.964588156356523E-5
137	file:/home/ulrike/Git/johnson-topics/data/letters-leipzig-txt/uj0350.txt	1.8275326771170794E-4	2.0116118281737378E-4	0.01814613766950716	2.1043925676235292E-4	1.4818370472085697E-4	2.472498674328273E-4	2.5003621366603254E-4	0.3597895855580014	1.580684609685445E-4	2.4004467228580815E-4	1.3388107278226833E-4	2.1720906264002836E-4	1.5689524763544093E-4	1.5857865932020497E-4	0.2887293482956356	1.7148916375981589E-4	1.3776354111275297E-4	1.56745593354937E-4	1.277527521519584E-4	1.9713638679263483E-4	3.751956498431973E-4	4.36619294686036E-5	0.07212675285723048	1.1153851226321258E-4	1.5698374526790693E-4	1.7691382686870014E-4	1.1328636522756908E-4	1.8024277074278998E-4	2.0346166531734955E-4	6.186471841920672E-5	1.5107138505079107E-4	2.279951640470031E-4	8.962077075179684E-5	1.6808487449540655E-4	8.99395418930857E-5	1.3213409460533708E-4	1.1458180875112428E-4	0.2553866866233354	1.189868967259814E-4	2.1053717063522305E-4
138	file:/home/ulrike/Git/johnson-topics/data/letters-leipzig-txt/uj0438.txt	1.0799413010979959E-4	1.188718933578275E-4	9.783995015371593E-5	1.2435457247666565E-4	8.7565987126539E-5	1.4610701459682213E-4	1.477535462370355E-4	1.053205657425046E-4	9.340717216078085E-5	1.4184925881539795E-4	7.911415305632628E-5	1.2835504429271587E-4	9.271388686455507E-5	9.370866295140213E-5	0.44156182953337336	1.013378490868529E-4	8.140841457777252E-5	9.262545187216016E-5	7.549275321056113E-5	0.01605434081777746	0.005534329598719817	2.5801082251046352E-5	1.2083398161145807E-4	6.59112953570196E-5	9.276618264538903E-5	0.12229470600532732	6.694415163810827E-5	1.06510605685332E-4	0.10105993082670914	0.03191225221347871	8.927239998126485E-5	1.3472885994760114E-4	5.295947535328269E-5	9.932615724486641E-5	5.31478463331215E-5	7.808181371213405E-5	6.77096662479669E-5	0.2784180719886761	7.031275865697532E-5	1.244124325831288E-4
139	file:/home/ulrike/Git/johnson-topics/data/letters-leipzig-txt/uj0053.txt	5.922498984068994E-5	6.519045682670924E-5	5.3656342691736956E-5	6.819720927503965E-5	4.8022005387574876E-5	8.012645174652061E-5	8.102942508002371E-5	5.7758782165046014E-5	5.12253658290992E-5	7.77914586997448E-5	4.338694062586406E-5	7.039110539164017E-5	5.0845161695930807E-5	5.13907061952233E-5	0.2538105848793807	0.0029690627388364674	4.4645135077371655E-5	0.2826591438852623	4.140093111908388E-5	6.38861381315599E-5	0.005948566169711982	1.4149554541931217E-5	0.00589324271573934	3.614637012157367E-5	5.0873841190690874E-5	5.73325978253088E-5	3.671279815513601E-5	5.8411411187126286E-5	6.593597593230837E-5	2.0048546139566156E-5	4.895781813853096E-5	7.388656544139667E-5	2.90434710347449E-5	5.4471392544771164E-5	2.914677543986295E-5	4.282079608532498E-5	3.7132613518671796E-5	0.4469493713639815	3.856017371403757E-5	6.822894029795709E-5
140	file:/home/ulrike/Git/johnson-topics/data/letters-leipzig-txt/uj0320.txt	1.0254624227737225E-4	0.010202104793487585	9.290430158257791E-5	1.1808136335304447E-4	8.314862041118016E-5	1.38736478566345E-4	1.4029994902833227E-4	1.0000754893289109E-4	8.869514016275666E-5	1.3469351016171148E-4	7.512314881035344E-5	0.5398956598396756	8.803682843894514E-5	8.898142190444033E-5	0.43946519534429224	9.622574498968284E-5	7.730167367635011E-5	8.795285465123366E-5	7.16844346358932E-5	1.1061687670402298E-4	2.105292260542807E-4	2.4499517046381794E-5	1.1473837273442451E-4	6.258632441989598E-5	8.808648609909787E-5	9.926962390031493E-5	6.356707708053168E-5	1.0113755594505791E-4	1.1416610759980357E-4	3.4713438959925996E-5	8.476895131109136E-5	0.005172547072593025	5.0287873840352835E-5	9.431553525137559E-5	5.0466742229930465E-5	7.414288700913918E-5	6.429397442735615E-5	0.0020529850622631085	6.67657508523634E-5	1.1813630464003417E-4
141	file:/home/ulrike/Git/johnson-topics/data/letters-leipzig-txt/uj0913.txt	1.3266139592282375E-4	0.0915112333093531	0.1632723477393514	1.5275877640171345E-4	1.0756719902976063E-4	1.79479759601971E-4	1.8150238051293832E-4	1.2937715463402162E-4	1.1474258680035683E-4	1.7424947694783118E-4	0.1110406535678091	1.5767300808196825E-4	1.1389094611325124E-4	1.1511294201411734E-4	0.35968988316513245	0.006650571128437354	1.0000315671574883E-4	1.1378231141683206E-4	9.27362812477666E-5	1.4310216493829196E-4	2.723561623581345E-4	3.1694385465796806E-5	1.484340367313561E-4	8.096629363330846E-5	1.1395518693151843E-4	1.2842252028824852E-4	8.223506774073048E-5	1.3083901519865497E-4	1.4769371226981776E-4	4.4907869537035984E-5	1.0966337880451712E-4	1.655026862438473E-4	0.25458242550697774	1.2201354516543478E-4	6.528750662350895E-5	9.591671688735275E-5	8.317543585740414E-5	0.009181979561837982	8.637310847483309E-5	1.5282985251005232E-4
142	file:/home/ulrike/Git/johnson-topics/data/letters-leipzig-txt/uj0398.txt	1.704911564954061E-4	1.8766396426147573E-4	1.544606751885514E-4	1.9631951158347884E-4	1.3824109143419793E-4	2.3066025778787215E-4	2.3325964984057768E-4	1.6627038004689363E-4	1.4746261477791145E-4	0.08409460857580778	1.2489811655516712E-4	2.0263508693699325E-4	1.4636811999551338E-4	1.4793858058747422E-4	0.14355060406310405	1.5998283490045647E-4	1.2852008470933058E-4	1.4622850699883718E-4	1.1918098501098923E-4	1.8390921810832722E-4	3.5002132139557964E-4	4.0732365243755293E-5	1.907615279454224E-4	1.0405466445355319E-4	1.464506797433918E-4	1.6504352190546584E-4	1.0568524253846681E-4	1.6814910517688067E-4	1.8981009235444655E-4	5.771381010922135E-5	1.409350184167575E-4	0.43634018183986295	8.360752747571602E-5	1.5680696165342034E-4	8.390491017762991E-5	1.2326835456247275E-4	1.0689376628893577E-4	0.3305088616726703	1.1100328811965969E-4	1.964108557746476E-4
143	file:/home/ulrike/Git/johnson-topics/data/letters-leipzig-txt/uj0692.txt	5.7224321280923665E-5	6.29882699167439E-5	5.184378758376377E-5	6.589345181003402E-5	4.6399782798524475E-5	7.741971472138808E-5	7.82921848777103E-5	5.5807643298854015E-5	0.29000150985227585	7.516359964805766E-5	4.192129431257461E-5	6.801323632280509E-5	4.91275705794965E-5	4.9654686139744443E-5	0.3634695163430696	5.369726695486032E-5	4.313698592722272E-5	4.9080710325035104E-5	4.000237383004416E-5	6.172801217310034E-5	1.1748253083879923E-4	1.3671571025464816E-5	0.005694164160417228	3.492531619743736E-5	0.10420667520439604	5.539585581442181E-5	3.547260982909998E-5	5.6438225979192746E-5	0.04791986640730079	0.01690977992605048	4.730398302993936E-5	7.13906168753379E-5	2.8062358846764834E-5	5.263130438664475E-5	2.816217354465016E-5	4.1374274597309234E-5	3.587824348655204E-5	0.1616045181409804	0.00848246189762413	6.592411093306441E-5
144	file:/home/ulrike/Git/johnson-topics/data/letters-leipzig-txt/uj0693.txt	8.715756959283838E-5	9.593655976888298E-5	7.896255338889511E-5	1.0036140199289546E-4	7.067086525153989E-5	1.1791689307351382E-4	1.1924574026060447E-4	8.499984701878247E-5	7.538504268515563E-5	1.1448063551533463E-4	0.39880982810730653	1.035900163662608E-4	0.0215127813470787	7.562836335951504E-5	0.416392458882182	8.178556209671687E-5	6.570134461744233E-5	7.47541487616774E-5	6.092706043388366E-5	9.401707868919835E-5	0.12451907980377636	2.0822980096971614E-5	9.752007957073913E-5	5.319426441226809E-5	7.486772671400756E-5	8.437265921596578E-5	5.4027839747398425E-5	8.596027874807907E-5	9.703369179885598E-5	2.9504142762958262E-5	0.012934821535743924	1.0873405781506704E-4	4.2741389314502175E-5	8.016200930232872E-5	4.289341569563863E-5	6.301658345348188E-5	0.004342236819964498	0.018895267101618853	5.674650233007141E-5	1.0040809847770055E-4
145	file:/home/ulrike/Git/johnson-topics/data/letters-leipzig-txt/uj0219.txt	8.255600634794272E-5	9.08715017442441E-5	7.479365348616873E-5	0.004156286616134515	6.693973257372849E-5	1.1169136333864202E-4	0.032602741138751425	8.051220270182205E-5	7.1405020717409E-5	1.0843652612700965E-4	6.047873634696297E-5	9.81208871319792E-5	7.087503945585377E-5	7.163549505521857E-5	0.33755150548370877	7.746761887887033E-5	0.15844996412618031	7.080743541305894E-5	5.7710360803297214E-5	8.9053361415877E-5	0.004230712808362732	1.972361190312409E-5	9.237141817634331E-5	5.03858247884667E-5	7.091501691398144E-5	7.991812785011872E-5	5.1175390754796295E-5	8.14219275634833E-5	9.191070968973991E-5	2.7946444681834405E-5	6.82441981990706E-5	1.0299334422877074E-4	4.048481874898298E-5	7.592978303253047E-5	4.0628818758905094E-5	5.9689565552534475E-5	5.176058764398534E-5	0.38340782398720413	0.07721700434813784	9.510696149552826E-5
146	file:/home/ulrike/Git/johnson-topics/data/letters-leipzig-txt/uj0639.txt	1.3996899389695687E-4	1.5406744143413092E-4	1.2680836793648432E-4	0.2480418070904649	1.134924935756611E-4	0.02084608579940687	1.9150036386680178E-4	1.3650384153887442E-4	1.2106313460566468E-4	1.8384793711689572E-4	1.0253824346791059E-4	1.6635836033851743E-4	0.08274704246838473	1.2145389068277327E-4	0.2555629343706096	1.3134192354665166E-4	1.055117891279093E-4	1.2004996285090514E-4	9.7844620838653E-5	1.509848883434149E-4	2.8735878860404565E-4	3.3440257544181916E-5	1.566104640828479E-4	0.006970999445566313	1.2023236114161925E-4	1.3549662155609154E-4	8.676495234087791E-5	1.3804622808641538E-4	1.5582935915538947E-4	4.738160090529621E-5	1.157041405439359E-4	1.7461933307464587E-4	6.863969805556147E-5	1.2873461069670987E-4	6.888384184838256E-5	1.0120024945638496E-4	8.775712024524821E-5	0.38150871558817856	9.113093533259855E-5	1.6124842155058338E-4
147	file:/home/ulrike/Git/johnson-topics/data/letters-leipzig-txt/uj0653.txt	0.005391964458544149	1.1824370996032036E-4	9.732291092296624E-5	1.236974156364125E-4	8.710324107492499E-5	1.4533490608372915E-4	1.4697273655993621E-4	1.0476399489176241E-4	9.291355812720215E-5	1.410996505874185E-4	7.869607106861686E-5	1.2767674679502007E-4	9.222393652556829E-5	9.321345567737088E-5	0.2912612291491946	1.0080232506567979E-4	8.097820847092441E-5	9.2135968871519E-5	7.509380865891489E-5	1.1587791151385398E-4	0.2750166756270235	2.566473537332788E-5	1.2019542947807436E-4	6.556298441250698E-5	9.227595594720285E-5	1.0399097350319514E-4	6.659038252220236E-5	1.0594774601968717E-4	1.1959594691620903E-4	3.6364440291538105E-5	8.88006363209096E-5	0.2379383631328152	5.267960883296509E-5	9.880126409176767E-5	5.286698435863248E-5	7.766918716404367E-5	6.735185173869777E-5	0.18710956279098168	6.994118799907152E-5	1.237549699787692E-4
148	file:/home/ulrike/Git/johnson-topics/data/letters-leipzig-txt/uj0246.txt	1.0203153250205695E-4	1.1230871009738005E-4	9.243798754579387E-5	1.174886782321604E-4	8.273127300985992E-5	1.3804011934220327E-4	1.3959574228572153E-4	9.950558160675689E-5	8.82499531461398E-5	1.340174437860734E-4	7.474608361336096E-5	1.2126827504643069E-4	8.759494568264953E-5	8.853479795549259E-5	0.35695068043781486	9.574275965074452E-5	7.69136738217886E-5	8.751139338409695E-5	7.132462935755598E-5	1.1006165803886305E-4	2.0947251789771458E-4	2.4376546758692773E-5	1.1416246706749194E-4	6.2272185234836E-5	8.764435409638884E-5	9.877136043713349E-5	6.32480152091754E-5	0.0201778073494985	0.44181149659408275	3.453920199160143E-5	8.434347099202682E-5	0.04028164504350958	5.003546419890112E-5	9.384213781739969E-5	5.021343479538008E-5	7.377074203467507E-5	6.3971264044248E-5	0.1375636281967651	6.643063389579053E-5	1.1754334375265828E-4
149	file:/home/ulrike/Git/johnson-topics/data/letters-leipzig-txt/uj1211.txt	5.33216176644458E-5	5.869246450923253E-5	4.830803682663746E-5	6.139951274837567E-5	4.323531363439731E-5	0.0026952199034403863	7.295265115804953E-5	5.200155724218723E-5	4.611937256228958E-5	7.003743570923334E-5	3.906225844707353E-5	6.337472777567339E-5	4.577706605488823E-5	0.4774468682539454	0.5170503191259642	5.0035108745749836E-5	4.019503978939674E-5	4.573340167379784E-5	3.727420850593649E-5	5.751815645173145E-5	1.0947021216529844E-4	1.2739168709636874E-5	5.9661236789518674E-5	3.2543406639065556E-5	4.5802886862262264E-5	5.161785369949065E-5	3.305337479813621E-5	5.2589134129674965E-5	5.936367247089241E-5	1.8050166236541712E-5	4.407784733252403E-5	6.652177068502325E-5	2.6148503567983608E-5	4.9041844916058085E-5	2.6241510894917302E-5	3.8552545523278344E-5	3.3431344205380174E-5	0.0010675036171946316	3.471660941412113E-5	6.142808091658738E-5
150	file:/home/ulrike/Git/johnson-topics/data/letters-leipzig-txt/uj0936.txt	1.9884208924209854E-4	2.188705590146655E-4	1.8014590311647225E-4	2.2896543518548512E-4	1.6122916874356804E-4	2.690166956835522E-4	2.720483400054276E-4	1.9391944090949324E-4	1.719841369504274E-4	2.6117718575648276E-4	1.4566739383283937E-4	2.3633122602104994E-4	1.7070763889815178E-4	1.725392509981394E-4	0.5978186134408938	1.8658634141729014E-4	1.4989165818617324E-4	1.7054480969037878E-4	1.3899956188140986E-4	2.1449143704134545E-4	4.0822628138751857E-4	4.75057403054145E-5	2.2248321580659128E-4	1.2135788917525203E-4	1.708039274863278E-4	0.03931948988800659	1.232596156914033E-4	1.9611057878219764E-4	0.3425826351090402	6.731102548740435E-5	1.643710681856792E-4	2.480668899869785E-4	9.751060278651748E-5	1.8288235298416714E-4	9.785743718525422E-5	1.4376661911668308E-4	1.2466910456098237E-4	0.013762586973804027	1.29461997772597E-4	2.290719689798794E-4
151	file:/home/ulrike/Git/johnson-topics/data/letters-leipzig-txt/uj0027.txt	4.0155297002888826E-5	4.419995955545133E-5	3.637968335108424E-5	4.623857598918383E-5	0.0020079415599547506	5.432675423539918E-5	5.493898164970587E-5	3.916118953504851E-5	3.4731450093654394E-5	5.274359922692767E-5	2.9416898028428246E-5	4.7726065482935545E-5	3.4473666851645064E-5	3.4843552966548735E-5	0.09504690824008782	3.7680301916217326E-5	0.6854878340387434	3.444078419976894E-5	2.8070358302379558E-5	4.331561487711492E-5	0.01588549575807242	9.593578092933003E-6	4.492951991665161E-5	2.450769905934067E-5	3.449311191416143E-5	3.8872231127691045E-5	2.489174447631145E-5	3.9603680319510125E-5	4.470543099896171E-5	1.359316948598772E-5	3.3194023895221774E-5	5.009603189132606E-5	1.969184306374875E-5	3.693229752643128E-5	1.976188476540848E-5	2.9033044823335898E-5	2.5176384636731934E-5	0.20031749761523596	2.6144288620989446E-5	4.626009002663462E-5
152	file:/home/ulrike/Git/johnson-topics/data/letters-leipzig-txt/uj1077.txt	4.595820908014724E-4	5.058737287978087E-4	4.163697490765413E-4	0.1361800820250144	3.7264765599568284E-4	6.217760833935881E-4	6.287830980619843E-4	4.48204414065112E-4	3.975055258453289E-4	6.036566883657337E-4	3.3667985321652965E-4	5.462304253109506E-4	3.9455516636155495E-4	3.9878855639310256E-4	0.8391297560934875	4.312554813239226E-4	3.4644336078679854E-4	3.9417882054846735E-4	3.21268547888613E-4	4.957523000799545E-4	9.435300576215468E-4	1.0979962812627584E-4	5.142236328252195E-4	2.804934943854298E-4	3.947777173860535E-4	4.448972511521231E-4	2.848889392922738E-4	4.532687730678265E-4	5.116589088409852E-4	1.5557542140802948E-4	3.799095024196326E-4	5.733549692290048E-4	2.253754568499656E-4	4.2269448322292927E-4	2.2617709235249356E-4	3.322866081972114E-4	2.8814667936185163E-4	0.009200875101273851	2.9922445415077033E-4	5.294521640214885E-4
153	file:/home/ulrike/Git/johnson-topics/data/letters-leipzig-txt/uj0613.txt	1.4093944274068686E-4	1.5513563922732405E-4	1.2768757004127224E-4	1.6229089608201983E-4	1.1427937255575592E-4	1.906792637418812E-4	1.9282809582739033E-4	1.3745026539674417E-4	1.219025032095634E-4	1.8512261240768608E-4	1.0324917320342612E-4	0.21510021449747527	0.03478756267555044	1.2229596852085772E-4	0.285068084147713	1.3225255821144717E-4	1.0624333538617878E-4	1.2088230681791442E-4	9.852300821941802E-5	1.5203171383121854E-4	2.8935113702616654E-4	3.367210931623705E-5	1.576962934480079E-4	8.601857553267348E-5	1.2106596973306707E-4	1.364360620425698E-4	8.736652091211077E-5	1.390033457929724E-4	1.5690977287560856E-4	4.7710112374389656E-5	1.1650635356468745E-4	0.22897515872822136	6.911559856579184E-5	1.2962716804545117E-4	6.93614350839434E-5	0.15263478770556477	8.836556782710174E-5	0.0790880633159567	9.176277463042661E-5	1.623664073265064E-4
154	file:/home/ulrike/Git/johnson-topics/data/letters-leipzig-txt/uj1024.txt	0.005852101166822338	6.481279421532693E-5	5.3345499732742944E-5	6.780212788740248E-5	4.7743803380083236E-5	7.966226164139786E-5	8.056000385237568E-5	5.742417287459882E-5	5.092860605213587E-5	7.734079572136007E-5	4.3135590564915566E-5	0.1622801231636535	5.055060452488221E-5	5.1092988565263115E-5	0.63758928664776	5.525266716598119E-5	4.438649602006828E-5	5.050238691177268E-5	4.1161086446700995E-5	6.351603172439002E-5	1.2088554115258844E-4	1.4067583069750755E-5	6.588258808015641E-5	3.593696627327126E-5	5.057911787304028E-5	5.700045751419555E-5	3.650011286502864E-5	0.002954682661240981	0.0029621636345326047	1.993240051552774E-5	4.86741947625677E-5	0.04062599348670862	2.8875215838378573E-5	5.415582782325412E-5	2.8977921778425152E-5	4.25727258238442E-5	3.691749614610621E-5	0.14600930271122664	3.833678617222435E-5	6.783367508554615E-5
155	file:/home/ulrike/Git/johnson-topics/data/letters-leipzig-txt/uj0014.txt	7.35900377732277E-5	8.100243146070612E-5	0.003686826681751149	8.473847306818581E-5	5.966976440053046E-5	9.956115866836369E-5	1.0068314859017633E-4	7.176820076617595E-5	6.36501013584117E-5	9.665981200752559E-5	5.391046259544497E-5	8.746449967495186E-5	6.317767854168076E-5	6.38555451047296E-5	0.3298530803130588	6.905427299221746E-5	5.5473832677256216E-5	6.31174166142575E-5	5.144274558924413E-5	7.938174967920546E-5	0.025492173415563257	1.7581535362285065E-5	8.233944995006545E-5	4.491368845764057E-5	0.1810710117641765	7.12386452230854E-5	4.5617503865592384E-5	0.11229741416419893	8.192877656079442E-5	2.4911330026017686E-5	6.0832558955274525E-5	9.180778513246428E-5	3.608797800154461E-5	6.76834533144316E-5	3.621633893660306E-5	5.320699944187676E-5	0.04710816674261252	0.2983260686821864	4.791296119748206E-5	8.477790046498837E-5
156	file:/home/ulrike/Git/johnson-topics/data/letters-leipzig-txt/uj0724.txt	4.104722035870329E-5	4.518172234133549E-5	3.718774335013324E-5	4.7265620213545766E-5	3.328273829194227E-5	5.553345184604465E-5	5.615927796265581E-5	4.003103192683244E-5	3.550289978602266E-5	5.391513203907024E-5	3.0070301697819113E-5	0.04851100009771765	3.5239390701809514E-5	3.561749267089676E-5	0.5191831888559897	3.85172510572185E-5	3.094232185424382E-5	3.520577766546612E-5	2.869385283596928E-5	0.07475685757141795	0.008161306318181473	9.806669191880705E-6	4.592748758642902E-5	2.5052060347136044E-5	3.5259267675100004E-5	3.973565521923522E-5	2.5444636122556545E-5	4.048335124936627E-5	4.5698421239747567E-5	1.3895098901258258E-5	3.3931324510467676E-5	5.120875734008281E-5	2.012923528989334E-5	0.01215330611913751	2.0200832747188165E-5	2.967792240365808E-5	2.5735598666971933E-5	8.217690709319613E-4	2.6725001587464012E-5	0.3352442674199456
157	file:/home/ulrike/Git/johnson-topics/data/letters-leipzig-txt/uj0170.txt	1.230267940784308E-4	1.3541872999002546E-4	1.1145916345607833E-4	1.416645920036888E-4	9.975507609106317E-5	0.39960676272717044	1.6832067714032356E-4	1.199810724958206E-4	1.0640934764870292E-4	1.6159451941246238E-4	9.012675602696396E-5	1.4622192509049068E-4	1.0561955780281356E-4	1.0675280562532254E-4	0.13989918826122255	0.10300158642379607	9.27403762253401E-5	1.0551881275687789E-4	8.600126131120827E-5	1.3270929689510345E-4	2.52576156532521E-4	2.939256448357743E-5	1.3765393876755523E-4	7.508607507728672E-5	1.0567913309874205E-4	1.190957689584905E-4	7.626270381513493E-5	1.2133676468800253E-4	1.369673807493214E-4	4.164641250456972E-5	1.0169901973575664E-4	0.006205608995789708	6.0331375993914486E-5	1.1315224893743713E-4	6.054596800667869E-5	8.895071618305881E-5	7.713477721556285E-5	0.34743419109982876	8.010021722090947E-5	1.4173050617324564E-4
158	file:/home/ulrike/Git/johnson-topics/data/letters-leipzig-txt/uj0080.txt	3.790876802965057E-5	4.1727147817808424E-5	3.434438492757701E-5	4.365171177962495E-5	0.005625339765586897	5.1287388659220325E-5	5.186536438752026E-5	3.697027691620691E-5	3.278836375781283E-5	4.9792804869519835E-5	2.7771139718661414E-5	4.5055982159224414E-5	3.254500246172877E-5	0.057843779572738105	0.4869461407543285	3.557223906291413E-5	2.8576485599288738E-5	3.251395946328994E-5	2.6499933528508803E-5	4.089227870285955E-5	0.018726500065247967	9.056855599229437E-6	4.241589218183043E-5	0.01680694202315337	3.2563359650425496E-5	3.66974845811398E-5	2.3499150489110858E-5	3.738801210322861E-5	4.2204340146787314E-5	1.2832685779785456E-5	3.133695043331676E-5	4.7293358384016795E-5	0.06155921008117619	3.4866082540263586E-5	1.865628600248333E-5	2.740876157193181E-5	2.3767866165962313E-5	7.589369709244133E-4	2.4681619776390172E-5	0.3506387188295972
159	file:/home/ulrike/Git/johnson-topics/data/letters-leipzig-txt/uj0545.txt	5.804127194840067E-5	6.388750835242737E-5	5.258392422362307E-5	6.683416544775988E-5	4.706219927948113E-5	7.852498056293511E-5	0.16568430535300807	5.660436906899462E-5	5.020153480381622E-5	7.623665654987757E-5	4.2519774619611026E-5	0.09714771602616398	4.982892973375217E-5	5.0363570545486594E-5	0.2601587513307806	5.4463864392776774E-5	4.375282179311596E-5	4.9781400488985545E-5	4.0573459083125416E-5	6.260925881120864E-5	1.1915974482469301E-4	1.3866750257384096E-5	0.04574905111826909	3.542391993341306E-5	4.985703601725158E-5	5.6186702789449866E-5	3.597902688444207E-5	5.724395412682025E-5	6.461812691846178E-5	1.964783990316784E-5	4.797930813027415E-5	7.240980960322692E-5	2.84629850539032E-5	5.338268384010781E-5	2.856422473477192E-5	4.196494549548757E-5	3.6390451483224466E-5	0.3780558915056614	0.05143241220414631	6.686526226914061E-5
160	file:/home/ulrike/Git/johnson-topics/data/letters-leipzig-txt/uj0890.txt	6.34787127716625E-5	0.3435717007226717	5.7510108068715614E-5	7.309534490498056E-5	5.147109513934841E-5	0.009454113057697356	8.684921035096375E-5	6.190719750156849E-5	5.4904530888659803E-5	8.337868315676895E-5	4.6503125613677864E-5	7.544681346261412E-5	5.449701931239924E-5	5.5081746514006214E-5	0.31575846479509484	5.956616538826764E-5	4.7851687503059175E-5	5.444503741786948E-5	4.4374474728607125E-5	6.847463922666336E-5	1.3032290578324782E-4	1.5165819547294005E-5	7.102594931753675E-5	3.874251482115322E-5	5.452775865765211E-5	6.145040327732748E-5	3.934962547739883E-5	6.26067003693701E-5	7.067170275224983E-5	2.1488495064436086E-5	5.247412087199594E-5	7.919332832230715E-5	3.112946343538273E-5	5.838369733659925E-5	3.124018748410229E-5	4.5896318811805964E-5	0.0031625434849632665	0.32603621431605123	4.1329685293370855E-5	7.31293549486318E-5
161	file:/home/ulrike/Git/johnson-topics/data/letters-leipzig-txt/uj0939.txt	1.1405334615688865E-4	1.255414269986772E-4	1.0332944662370967E-4	1.3133172225613445E-4	9.247904336243688E-5	1.5430462650903664E-4	1.5604353993820726E-4	1.1122977637632936E-4	9.864795919146832E-5	1.4980798124233065E-4	8.355300306848313E-5	1.3555664815130075E-4	9.791577580524607E-5	0.05059517793604447	0.5617182286834836	1.070236018286015E-4	8.59759884956901E-5	9.782237899942206E-5	7.972841769739287E-5	1.2302961716912847E-4	0.005844843685738702	2.7248701037816123E-5	0.005738303776428305	6.960937392949046E-5	9.797100574031695E-5	1.1040904596915759E-4	7.070018057645869E-5	0.34797527740372763	1.269771207631876E-4	3.860876597782553E-5	9.428119775553896E-5	1.4228807885487433E-4	5.593086743338714E-5	1.048990401900958E-4	5.6129807325283344E-5	8.246274236213898E-5	7.150864583931689E-5	0.024726119022539652	7.425778969835028E-5	1.3139282871390588E-4
162	file:/home/ulrike/Git/johnson-topics/data/letters-leipzig-txt/uj0357.txt	4.046860707606863E-4	0.020353396949737333	3.666353435216552E-4	4.6599350599463985E-4	3.2813575354966734E-4	5.475063652778739E-4	5.536764082161674E-4	3.946674312510542E-4	3.5002440821719507E-4	5.315512901669278E-4	2.9646422179957906E-4	4.80984461695475E-4	3.4742646236439256E-4	0.04016705152432501	0.7189896947510113	3.7974300940803244E-4	3.05061500924542E-4	3.470950701900803E-4	2.828937613241252E-4	4.3653583202090844E-4	8.308275698854634E-4	9.668431596174101E-5	4.5280080670118497E-4	2.469891938539624E-4	3.4762243018265763E-4	3.9175530131516193E-4	2.508596130112749E-4	3.991268642593246E-4	4.505424330775404E-4	1.3699229638552247E-4	3.345301891784596E-4	5.048690414453738E-4	0.1992779415816797	3.7220460277160574E-4	1.9916076068278823E-4	2.9259573975830457E-4	2.537282235483348E-4	0.008101851805845906	2.634827837059799E-4	4.662103249931777E-4
163	file:/home/ulrike/Git/johnson-topics/data/letters-leipzig-txt/uj1153.txt	3.4908891685562945E-4	3.842510741525607E-4	3.162657284210135E-4	0.017574900448222856	2.8305534354800704E-4	4.722880717568375E-4	4.776104531331792E-4	3.4044667224313155E-4	3.019368601145428E-4	4.585249593315421E-4	2.557349549489758E-4	4.149051743788677E-4	2.996958289317801E-4	3.029114232082306E-4	0.4828290222558239	3.2757261842140294E-4	2.6315111051864354E-4	2.9940996454567054E-4	2.4402885066002994E-4	3.765630491862583E-4	7.166856420828576E-4	8.340149457718977E-5	0.37819498134537033	2.130569752387457E-4	2.998648740221835E-4	3.379346206591652E-4	0.017389322383874528	3.4429345312126053E-4	3.886453755744577E-4	1.1817182704829873E-4	2.8857128978100247E-4	4.3550840902633535E-4	1.7119046997761097E-4	3.210698638230523E-4	1.7179937549175424E-4	2.523979381766279E-4	2.1887017402822802E-4	0.09285342535129952	2.2728461941162026E-4	4.021607590121924E-4
164	file:/home/ulrike/Git/johnson-topics/data/letters-leipzig-txt/uj0624.txt	1.6495713046932244E-4	0.08132985815378528	1.4944698759283771E-4	1.8994711486294702E-4	1.3375388040462365E-4	2.2317318399460098E-4	2.2568820156380036E-4	1.6087335752994496E-4	1.4267607942422994E-4	2.16669615928181E-4	1.2084400934026448E-4	0.03265537194421688	0.03260093136443743	1.4313659571000631E-4	0.33364693541404955	1.5478990178729746E-4	1.243484108918967E-4	1.41482029937379E-4	1.153124519655062E-4	1.7793965100368036E-4	3.386598693290643E-4	3.9410220600030265E-5	1.8456953956241267E-4	1.0067712140053929E-4	1.4169699110699963E-4	0.024504172012296606	1.0225477203898025E-4	1.6269110053054227E-4	1.83648986918276E-4	5.5840459410134E-5	1.3636036436468103E-4	0.17061719329355185	8.08936844674449E-5	1.5171711520801535E-4	8.118141433078388E-5	1.1926714830424896E-4	1.0342406793725022E-4	0.31978077066815463	1.074001975074401E-4	1.9003549408430943E-4
165	file:/home/ulrike/Git/johnson-topics/data/letters-leipzig-txt/uj0714.txt	1.7795370472367095E-4	1.9587818142555703E-4	1.612215551172178E-4	2.0491258968475027E-4	1.4429202588242237E-4	2.4075646062600813E-4	2.4346963036053732E-4	1.73548181168885E-4	0.12271238572021377	2.337404921252877E-4	1.3036501722949915E-4	2.1150460333942733E-4	0.008906951105704606	1.5441398268544064E-4	0.7013470489755842	1.6698542462816098E-4	1.341455221229709E-4	1.526290576681934E-4	1.2439764179729347E-4	1.9195908672302488E-4	3.6534206321895915E-4	4.251525678095367E-5	0.15777428516120695	1.0860922885338751E-4	1.5286095510964916E-4	1.7226762236498389E-4	1.103111787786285E-4	1.7550913975413374E-4	1.9811824743722723E-4	6.0239994459367336E-5	1.471038684240292E-4	2.2200743444570462E-4	8.72671026634198E-5	1.6367054060918782E-4	8.757750206837508E-5	1.286639191175533E-4	1.1157260067911453E-4	0.0035626492932222353	1.1586199990340703E-4	2.0500793209169736E-4
166	file:/home/ulrike/Git/johnson-topics/data/letters-leipzig-txt/uj0461.txt	5.317088640333008E-4	5.85265507657835E-4	4.817147811683375E-4	6.122594663403358E-4	4.3113094661412335E-4	7.193575676713913E-4	7.274642626104833E-4	5.185455757026388E-4	4.598900083891228E-4	0.07916835089135006	3.8951836000500204E-4	0.026788607905594387	4.564766197453844E-4	4.613743976391196E-4	0.526159620675803	4.989366789358421E-4	4.008141516014825E-4	4.5604121025322696E-4	3.716884057635591E-4	5.735556228000958E-4	0.0010916075825416396	1.270315721843919E-4	5.949258448947782E-4	3.245141189212113E-4	4.567340979082501E-4	5.147193869306355E-4	3.295993845682326E-4	5.244047347653738E-4	5.919586133522305E-4	1.799914144698443E-4	4.395324665822514E-4	6.633372480745623E-4	2.6074586138398215E-4	4.890321185398263E-4	2.6167330549233415E-4	3.844356394956627E-4	3.333683940800921E-4	0.29836803301182246	0.05265948896386537	6.125443404482997E-4
167	file:/home/ulrike/Git/johnson-topics/data/letters-leipzig-txt/uj1101.txt	1.4192344238752686E-4	1.5621875273510804E-4	1.2857904883090845E-4	0.2515053237020303	1.150772390723907E-4	1.9201053286380427E-4	1.9417436749205193E-4	1.3840990458630238E-4	1.227535922856556E-4	1.864150865489839E-4	1.0397002996284741E-4	1.6868129513432427E-4	0.014085281366682093	1.2314980466136163E-4	0.6291626019507603	1.3317590846772135E-4	1.069850965459093E-4	1.2172627316902937E-4	9.92108682209074E-5	1.5309315660273315E-4	2.913713054836959E-4	3.390719853633917E-5	1.5879728472513617E-4	8.661913309342362E-5	1.2191121836712663E-4	1.3738862034885698E-4	8.797648944931671E-5	1.399738281541204E-4	1.5800527288676883E-4	4.8043210993301275E-5	1.1731976823791841E-4	1.7705761945829545E-4	6.959814428370706E-5	1.3053218856417335E-4	6.984569716345574E-5	1.0261335295372774E-4	8.898251142957268E-5	0.10058539229622457	9.240343657766824E-5	1.6350000402847375E-4
168	file:/home/ulrike/Git/johnson-topics/data/letters-leipzig-txt/uj0282.txt	2.1829019526942177E-5	2.402775853349035E-5	1.9776539523482048E-5	2.5135980891718472E-5	1.7699847583732107E-5	2.9532835455173E-5	2.9865651426646667E-5	2.1288607851595728E-5	1.8880535293733647E-5	2.867220873408027E-5	1.5991465371017685E-5	2.5944602409394992E-5	0.029012614553609872	1.894147609069154E-5	0.4446969915431111	2.048357521178367E-5	0.007533385543978014	1.8722524970139596E-5	1.5259466253401757E-5	0.017205102069262672	0.09883875691710962	5.215212416653608E-6	0.0010982715493052975	1.3322751448913025E-5	1.875097109766274E-5	2.1131525743194776E-5	1.3531524276709184E-5	2.1529152454560803E-5	0.09344900814492217	7.38945006735509E-6	1.8044767437144173E-5	2.7232951565503384E-5	1.0704780162107332E-5	0.018275479193416266	0.06444157430729734	0.22444984568614376	1.3686258921543803E-5	4.370189488898585E-4	1.4212425991632772E-5	2.5147676243980035E-5
169	file:/home/ulrike/Git/johnson-topics/data/letters-leipzig-txt/uj0546.txt	2.1572330100836225E-4	2.3745213935417054E-4	1.9543985396422938E-4	2.484040460613487E-4	0.05323590333798326	2.918555615685576E-4	2.9514458515049127E-4	2.1038273175534065E-4	1.8658517361909451E-4	2.8335049623655844E-4	1.5803420275194055E-4	2.563951746983575E-4	1.852003039739543E-4	1.871874155049296E-4	0.7865305298893348	2.0242706987756414E-4	1.626170969173887E-4	1.8502365096082589E-4	1.5080028801782165E-4	2.3270124053187608E-4	4.4288370392277736E-4	5.1538862594893246E-5	2.4137150195760625E-4	1.3166088002835986E-4	1.8530476723004833E-4	2.0883038209933418E-4	1.337240585196087E-4	2.1275989192633807E-4	0.04268895660847076	7.302556851895418E-5	1.7832577375564033E-4	0.09577890233409075	1.0578901678513037E-4	1.984086217978056E-4	1.0616529658426105E-4	1.559720568662009E-4	1.3525320958032773E-4	0.004318800033202001	1.4045300781686314E-4	0.010860716864981345
170	file:/home/ulrike/Git/johnson-topics/data/letters-leipzig-txt/uj0475.txt	3.185031400068346E-5	3.5058452949740515E-5	0.37136764757330804	3.667543945930767E-5	2.5825516469501092E-5	4.309080769371329E-5	4.3576413251159215E-5	3.1061809435548244E-5	2.75482358181133E-5	4.183508334611489E-5	2.3332847944422407E-5	0.0063051766678606505	2.734376772013059E-5	2.7637153394835655E-5	0.520368972319102	2.988720137185731E-5	2.4009486107843455E-5	2.73176859111141E-5	2.226480172661061E-5	0.001601187355826017	6.538925081245343E-5	7.609418867653049E-6	0.011003449546243535	0.039190197626595556	2.7359191123595008E-5	3.083261386997166E-5	1.9743593915847814E-5	3.1412783565474295E-5	3.5459381977684855E-5	1.0781808346781027E-5	2.632878257463627E-5	0.00944071716594763	1.561914446274566E-5	2.929390045101338E-5	1.5674700027204416E-5	2.3028383875547994E-5	1.996936434125259E-5	0.033541083437632596	2.073708486935369E-5	0.00630401388780209
171	file:/home/ulrike/Git/johnson-topics/data/letters-leipzig-txt/uj0228.txt	1.5031934217165025E-4	1.654603337614712E-4	1.36185521659932E-4	1.7309179222726065E-4	1.2188497252665136E-4	2.0336948219804274E-4	2.0566132484513887E-4	1.4659795067993917E-4	1.3001544305275682E-4	1.974430207548097E-4	1.1012068370570709E-4	1.7866013460988362E-4	1.2905044440366376E-4	1.3043509454002677E-4	0.3927770564531532	1.4105432208526508E-4	1.1331411544429223E-4	1.289273498440961E-4	1.0507997971556923E-4	1.6214983377211824E-4	3.086082343494046E-4	3.5913078862255634E-5	1.681914064157775E-4	9.174334336204338E-5	1.2912323602081295E-4	1.4551624936153483E-4	9.318099813618019E-5	1.4825439275861443E-4	1.673525407813712E-4	5.0885348824948904E-5	1.242601651184602E-4	1.875319851020501E-4	7.371542776229833E-5	1.3825420513416753E-4	7.397762536271243E-5	1.0868374846710556E-4	0.5990684814047635	0.003009406850939393	9.786983437752098E-5	1.7317232894840172E-4
172	file:/home/ulrike/Git/johnson-topics/data/letters-leipzig-txt/uj0288.txt	1.1216537072653083E-4	1.2346328429044376E-4	1.0161898864039297E-4	1.291577302322171E-4	9.094819689826474E-5	1.5175035385105726E-4	1.5346048227794237E-4	1.0938854074406799E-4	9.701499593800762E-5	1.4732814354017357E-4	0.3918469597307833	1.3331271906237015E-4	9.629493270687317E-5	9.732813171924211E-5	0.4420635798420707	1.0525199286201449E-4	8.455278997192819E-5	9.620308193964085E-5	7.840863797337739E-5	1.2099305355877959E-4	2.302774647292821E-4	2.679764125042684E-5	1.2550115760951106E-4	6.84570992077941E-5	9.634924839642694E-5	1.0858139624994393E-4	6.95298492503913E-5	1.106245456198043E-4	0.13255240979857563	3.7969658016343184E-5	9.272051943346402E-5	1.399327214194047E-4	5.50050190732033E-5	1.0316260003099174E-4	5.520066582517267E-5	8.109770015385967E-5	7.032493163055464E-5	0.029834630590876102	7.30285676966537E-5	1.2921782516779482E-4
173	file:/home/ulrike/Git/johnson-topics/data/letters-leipzig-txt/uj0550.txt	1.3180124958111307E-4	1.4507699695071467E-4	1.1940859819049942E-4	1.5176832321243315E-4	1.0686975775764149E-4	0.531847680224269	1.8032556032705085E-4	1.2853830256643044E-4	1.1399862194465634E-4	1.7311968294031997E-4	9.655473146340055E-5	1.56650692131312E-4	1.1315250310221679E-4	1.1436657585938006E-4	0.17581209916197515	1.236776029023959E-4	9.935475897494249E-5	0.05846699917686296	9.21350002759794E-5	1.4217432302311898E-4	0.11049472674129944	3.1488886273499496E-5	1.474716241712312E-4	8.044132658629293E-5	1.1321632739761811E-4	1.275898578527992E-4	8.170187425075191E-5	1.2999068475939423E-4	1.4673609980525075E-4	4.461669711699923E-5	1.0895234637912929E-4	1.6442960443941075E-4	6.463430023118847E-5	1.2122243706813829E-4	6.486419726820642E-5	9.529481469368404E-5	8.263614523427094E-5	0.11934658216751343	8.581308486917142E-5	1.5183893847943875E-4
174	file:/home/ulrike/Git/johnson-topics/data/letters-leipzig-txt/uj0184.txt	2.008063265934792E-4	0.20766697397588058	1.8192545247118028E-4	2.3122724233949702E-4	1.6282185144261463E-4	2.7167414433449283E-4	0.03978824837080755	1.9583505047910259E-4	1.7368306129250514E-4	2.6375719276378566E-4	1.471063514344987E-4	2.3866579524237276E-4	1.723939535097504E-4	1.7424365896670158E-4	0.2974943688579447	1.8842951185704082E-4	1.513723446685567E-4	1.7222951581348774E-4	1.4037265211755493E-4	2.1661026456822258E-4	0.11895279679823574	4.797501997285589E-5	2.2468098914627143E-4	1.2255670829705532E-4	1.724911932730128E-4	1.94390043701651E-4	1.2447722078688734E-4	1.980478332403112E-4	2.235603780251937E-4	6.797594925141246E-5	1.6599478775555128E-4	2.505173885348991E-4	9.847384939531628E-5	1.8468893402548032E-4	9.882410995540215E-5	1.4518680014690186E-4	1.259006331205305E-4	0.330006640087749	1.3074087234376326E-4	2.31334828514999E-4
175	file:/home/ulrike/Git/johnson-topics/data/letters-leipzig-txt/uj1028.txt	2.5024702065545905E-4	2.754532780830322E-4	2.2671747068245794E-4	2.881578955775589E-4	2.0291035602482463E-4	3.3856326323055053E-4	0.3696586365166761	2.4405176248016815E-4	0.04945861342869293	3.286970723746527E-4	1.8332552958106674E-4	2.974279008284448E-4	2.1483921336884655E-4	2.171443363574726E-4	0.19839311988283054	2.3482289998386037E-4	1.886418565866424E-4	2.1463428932949356E-4	1.749339205085785E-4	2.6994205945176975E-4	5.137615032102318E-4	5.978698987108103E-5	2.799998838960973E-4	1.527314982200078E-4	2.1496039461576472E-4	2.4225097937229198E-4	1.551248617004574E-4	2.468093563406008E-4	2.786033661711812E-4	8.47123647196136E-5	2.0686450364811818E-4	3.121974848439877E-4	1.2271917843276013E-4	2.3016135134763194E-4	1.231556769390649E-4	1.8093336396126074E-4	1.5689873357840648E-4	0.3743262258930317	1.6293069215970064E-4	2.882919706355504E-4
176	file:/home/ulrike/Git/johnson-topics/data/letters-leipzig-txt/uj0750.txt	1.3901181785539425E-4	1.530138533528008E-4	1.259411906547228E-4	1.6007124795612419E-4	1.127163767177533E-4	1.8807134869162524E-4	0.18482931980590792	0.020651029141299453	1.202352460230953E-4	1.8259069552502893E-4	1.0183703709885107E-4	1.6522072097713934E-4	1.193428378040303E-4	1.2062332992013966E-4	0.7188323364219229	1.3044374360714195E-4	1.04790248207711E-4	1.1922900282945952E-4	9.717551174345236E-5	1.4995238025904074E-4	2.853936894765436E-4	3.321157680244179E-5	1.5553948557607615E-4	8.484210183893766E-5	1.1941015379196877E-4	1.3457002977133064E-4	8.617161140646246E-5	1.3710220085242896E-4	1.5476372222393163E-4	4.705758247853793E-5	1.1491289936862401E-4	1.7342520116471916E-4	6.817030642353156E-5	1.278542608302995E-4	6.841278064238004E-5	1.0050819294098896E-4	8.715699438425131E-5	0.07116789178755392	9.05077376834837E-5	1.60145726435395E-4
177	file:/home/ulrike/Git/johnson-topics/data/letters-leipzig-txt/uj0958.txt	9.025332444501792E-5	9.93441360906341E-5	8.176722897744253E-5	1.0392614454643927E-4	7.318102788035368E-5	0.2931543415156074	1.234812367382832E-4	0.09332554870151405	7.80626484601279E-5	1.1854687995667015E-4	6.611762432574562E-5	1.0726943626405428E-4	7.748325305493683E-5	7.831461165586328E-5	0.18698879690373105	8.469050829796966E-5	6.803499454990762E-5	0.16435305698277725	6.309113228499605E-5	9.735647684932953E-5	0.0357043505996263	2.1562592754520233E-5	1.0098390102567855E-4	5.5083674625651676E-5	7.75269579125056E-5	8.736949667230277E-5	5.594685777224856E-5	8.901350695616506E-5	1.0048023721785404E-4	0.01335019920785161	7.460711865823334E-5	1.125961892243144E-4	4.425952324110649E-5	8.300928843617157E-5	4.441694945623626E-5	6.525487319590172E-5	5.6586616973797074E-5	0.21048135105605398	5.876208469145669E-5	1.0397449964644086E-4
178	file:/home/ulrike/Git/johnson-topics/data/letters-leipzig-txt/uj0197.txt	4.617542835188833E-5	0.0023223601959008644	4.183377007326143E-5	5.31707199806865E-5	3.7440895727507426E-5	0.542959031578457	6.317550112278332E-5	4.503228307389336E-5	3.993843166547488E-5	0.011418319605419032	3.382711544005695E-5	5.488121572270473E-5	3.9642001243833044E-5	4.006734113848913E-5	0.3001052900670567	4.3329378967976315E-5	3.4808080872125575E-5	3.960418878448012E-5	3.227870082769188E-5	4.980954495573316E-5	9.479896072011431E-5	1.1031859080424785E-5	5.166540861712051E-5	2.8181923343832156E-5	3.96643615339576E-5	4.470000366789991E-5	2.8623545320477715E-5	4.554111261916626E-5	5.140772401420255E-5	1.5631074117821743E-5	3.817051264679761E-5	5.7606490400143817E-5	2.264406831410921E-5	4.246923284317044E-5	2.2724610753538823E-5	3.338571449193025E-5	2.8950859082660084E-5	0.14175952716180276	3.00638724186933E-5	5.3195459429003794E-5
179	file:/home/ulrike/Git/johnson-topics/data/letters-leipzig-txt/uj0972.txt	1.5031934217165025E-4	1.654603337614712E-4	1.36185521659932E-4	1.7309179222726065E-4	1.2188497252665136E-4	2.0336948219804274E-4	2.0566132484513887E-4	1.4659795067993917E-4	1.3001544305275682E-4	0.38472411232030296	1.1012068370570709E-4	1.7866013460988362E-4	1.2905044440366376E-4	1.3043509454002677E-4	0.37059282553202544	1.4105432208526508E-4	1.1331411544429223E-4	1.289273498440961E-4	1.0507997971556923E-4	1.6214983377211824E-4	3.086082343494046E-4	3.5913078862255634E-5	1.681914064157775E-4	9.174334336204338E-5	1.2912323602081295E-4	0.1332509017761282	9.318099813618019E-5	1.4825439275861443E-4	1.673525407813712E-4	5.0885348824948904E-5	1.242601651184602E-4	1.875319851020501E-4	7.371542776229833E-5	1.3825420513416753E-4	7.397762536271243E-5	1.0868374846710556E-4	9.424653431356077E-5	0.10653581781620236	9.786983437752098E-5	1.7317232894840172E-4
180	file:/home/ulrike/Git/johnson-topics/data/letters-leipzig-txt/uj0164.txt	5.130303790519785E-5	5.6470562285179904E-5	4.647925462500001E-5	5.907513064801416E-5	4.1598567923936154E-5	0.21711441084666888	7.019090551976393E-5	5.003295059639813E-5	4.437344593738284E-5	6.73860504680358E-5	3.758349077824581E-5	6.097557057941444E-5	4.4044098020091176E-5	4.451667032785282E-5	0.46466737910291545	4.814094532404842E-5	0.030324022523540772	4.400208662778339E-5	3.586313048303095E-5	5.534070963957031E-5	1.053260326711944E-4	1.2256905994564289E-5	5.740266005704036E-5	3.131142109894201E-5	4.406894133725739E-5	4.966377279839507E-5	3.1802083553331325E-5	5.059828376990951E-5	5.711636053751365E-5	1.736684675352387E-5	4.2409206088055895E-5	0.09092005088117698	2.5158607868098463E-5	4.7185283171688114E-5	2.5248094245821806E-5	3.7093073896770185E-5	3.216574429124949E-5	0.12216848800658096	3.340235361801858E-5	0.07324869635967668
181	file:/home/ulrike/Git/johnson-topics/data/letters-leipzig-txt/uj1168.txt	3.899970719202803E-5	4.292797237779295E-5	0.0038724016519003745	4.490792147359229E-5	3.162253221025787E-5	5.27633379905374E-5	5.3357946714043433E-5	3.803420816557601E-5	3.373194784014697E-5	5.1225743043461305E-5	2.857033804341961E-5	4.6352603969736236E-5	3.348158308860118E-5	3.384082461468433E-5	0.18248276595673812	3.659593755548537E-5	2.9398860181311442E-5	3.3449646734232436E-5	2.7262549060198932E-5	4.206907738544693E-5	8.006707987673346E-5	9.317493941616847E-6	0.4585733705280511	2.3802416084629282E-5	3.350046856078221E-5	3.775356540811352E-5	2.4175409436147094E-5	3.846396494281843E-5	4.341889735562136E-5	1.3201985026458477E-5	3.2238765718647247E-5	4.865436744506361E-5	1.9125150873677267E-5	3.586945924857834E-5	1.9193176914071497E-5	2.8197531372303568E-5	2.44518582172554E-5	0.35379111681102315	2.539190784441479E-5	4.492881637971236E-5
182	file:/home/ulrike/Git/johnson-topics/data/letters-leipzig-txt/uj0586.txt	5.181556470274041E-4	5.703471360302064E-4	4.694359093914064E-4	5.966530208350273E-4	4.201414527902006E-4	7.010212000104717E-4	7.089212559349783E-4	5.053278898780417E-4	4.481674483489141E-4	6.805924952321153E-4	3.795895677315706E-4	6.158472775983613E-4	4.4484106671247503E-4	4.496140006340091E-4	0.5127478534453945	4.862188223431872E-4	3.9059743049120753E-4	4.4441675577393E-4	3.622140976174119E-4	5.589357352138788E-4	0.00106378259136274	1.2379354742897333E-4	5.79761232032935E-4	3.1624227962582363E-4	4.450919817772778E-4	5.015992303560477E-4	3.211979222526005E-4	5.110376994384063E-4	5.768696349883676E-4	1.7540344751175473E-4	4.283288186770074E-4	6.464288339415868E-4	2.5409946994352407E-4	4.7656672841044783E-4	2.550032735747059E-4	3.746364053671169E-4	3.248708600092818E-4	0.4691921032619615	3.373604928262741E-4	5.969306335244486E-4
183	file:/home/ulrike/Git/johnson-topics/data/letters-leipzig-txt/uj0645.txt	5.9052939802379015E-5	6.500107696147479E-5	5.3500469709055674E-5	6.799909472069309E-5	4.7882500292024435E-5	7.98936824521773E-5	8.079403262614858E-5	5.759099149575221E-5	5.107655489342671E-5	7.756547261708687E-5	4.326090050636462E-5	7.018661751562777E-5	0.37770386448126336	5.124141494175923E-5	0.48257018352437797	5.5413177510149395E-5	4.4515439872338786E-5	5.064909757607732E-5	4.128066040558428E-5	6.370054734391034E-5	1.2123671659461865E-4	1.410844974127916E-5	6.607397860354363E-5	3.6041364035782085E-5	0.008765799136658061	5.716604523190453E-5	0.0029416305083205755	5.824172461462416E-5	6.574443031591002E-5	1.9990304624613278E-5	4.8815594484140964E-5	7.367192316878424E-5	2.895909904383952E-5	5.431315182241078E-5	2.9062103347144028E-5	4.2696400629508076E-5	3.702474237178504E-5	0.10285809786656619	0.023278643049377747	6.803073356421592E-5
184	file:/home/ulrike/Git/johnson-topics/data/letters-leipzig-txt/uj1126.txt	3.748371183160515E-4	4.125927761973593E-4	3.3959294764000444E-4	4.3162262198126824E-4	0.018743505446525	0.07426541293196126	5.128381832990223E-4	3.6555743652176857E-4	3.24207206513915E-4	4.923449761165006E-4	2.745975278424641E-4	4.455078704286445E-4	3.218008807039479E-4	3.2525365171459777E-4	0.7581561066791379	3.517338145086462E-4	2.825606863630981E-4	3.2149393144963276E-4	2.6202800132211823E-4	4.0433769565837314E-4	7.695471492952822E-4	8.955304617560928E-5	4.1940299362422216E-4	2.2877169334096524E-4	3.2198239427110156E-4	3.628601003093312E-4	2.3235663700081307E-4	3.696879493783182E-4	4.1731119377656073E-4	1.2688797890208017E-4	3.0985581457171053E-4	4.676307644259927E-4	1.838171862560621E-4	3.447514278527839E-4	1.8447100359951737E-4	2.7101437842028835E-4	2.3501366373084463E-4	0.13658128004787112	2.4404874421448818E-4	4.318234487812995E-4
185	file:/home/ulrike/Git/johnson-topics/data/letters-leipzig-txt/uj0380.txt	5.461085555953572E-5	6.0111561541841456E-5	4.947605374814636E-5	6.28840622058473E-5	4.428067960761928E-5	7.388391445229112E-5	7.471653842441328E-5	5.325887802758078E-5	4.723447081717093E-5	7.173083737531735E-5	4.000672611447783E-5	6.490703501274144E-5	4.688388784441823E-5	4.738692975176681E-5	0.5671628654489373	5.124488371330447E-5	4.116689643518059E-5	4.683916772313778E-5	3.8175443768860234E-5	5.8908860451372634E-5	1.1211704007654431E-4	1.3047182977991654E-5	6.110375730382535E-5	3.333025810592156E-5	4.6910332960746244E-5	5.286589710041252E-5	3.38525565412434E-5	5.3860661655651576E-5	6.0798998319834396E-5	1.84865925743784E-5	4.514358452513305E-5	6.81301687676793E-5	2.6780735731529107E-5	5.022760423245376E-5	2.687599183814459E-5	0.3788363262162053	3.4239664690040003E-5	0.05213686029805905	3.555600571164877E-5	6.291332111013689E-5
186	file:/home/ulrike/Git/johnson-topics/data/letters-leipzig-txt/uj0452.txt	1.3266139592282375E-4	1.460237819667151E-4	1.2018786901857416E-4	1.5275877640171345E-4	0.013159739988656388	1.79479759601971E-4	1.8150238051293832E-4	1.2937715463402162E-4	1.1474258680035683E-4	1.7424947694783118E-4	9.71848559827587E-5	1.5767300808196825E-4	1.1389094611325124E-4	1.1511294201411734E-4	0.07906816818815998	1.2448473362404035E-4	0.36556084126626126	1.1378231141683206E-4	9.27362812477666E-5	1.4310216493829196E-4	2.723561623581345E-4	3.1694385465796806E-5	1.484340367313561E-4	8.096629363330846E-5	1.1395518693151843E-4	1.2842252028824852E-4	8.223506774073048E-5	1.3083901519865497E-4	0.013199866501896444	4.4907869537035984E-5	1.0966337880451712E-4	1.655026862438473E-4	6.505610925856551E-5	1.2201354516543478E-4	6.528750662350895E-5	9.591671688735275E-5	8.317543585740414E-5	0.5247428047520897	8.637310847483309E-5	1.5282985251005232E-4
187	file:/home/ulrike/Git/johnson-topics/data/letters-leipzig-txt/uj0242.txt	3.266507212577109E-4	3.59552779980961E-4	2.9593729078641586E-4	3.7613628398041184E-4	2.6486155148845313E-4	4.419310720901126E-4	4.46911349696891E-4	3.1856396943131165E-4	2.825294312379814E-4	0.20932750847583148	2.3929722042547293E-4	3.882365435292905E-4	2.804324455794158E-4	2.834413528776934E-4	0.6928311675854184	0.016375629404228337	2.4623669185759866E-4	2.8016495554064385E-4	2.283435429396777E-4	3.5235891395132547E-4	6.706196347053573E-4	7.804074275115669E-5	3.654875242357466E-4	1.9936242965715409E-4	2.8059062505186286E-4	3.162133836002566E-4	2.024865184278136E-4	3.2216349289851143E-4	3.636646313161899E-4	1.1057616175661111E-4	2.700229522904496E-4	4.075154754371186E-4	1.601869546427319E-4	0.06457688059410224	1.6075672187328239E-4	2.3617469523803678E-4	2.0480197667715918E-4	0.006539577037895291	2.1267557139974792E-4	3.7631129391372045E-4
188	file:/home/ulrike/Git/johnson-topics/data/letters-leipzig-txt/uj0581.txt	2.598434621631163E-4	2.8601632600381313E-4	0.025800661711676803	2.992081385839957E-4	2.106915370266599E-4	0.01313417149884905	3.5550814624901137E-4	2.5341062900072545E-4	2.24745946658828E-4	3.413019066720584E-4	1.9035567410337524E-4	3.0883362883899E-4	2.2307784070293087E-4	0.20474747222211348	0.5639145759852604	2.4382785923752576E-4	1.9587587095327896E-4	2.2286505826209915E-4	1.816422646537703E-4	2.802937638484908E-4	5.334631651981724E-4	6.207969389494495E-5	2.9073728448900663E-4	1.5858842664699243E-4	2.232036689931778E-4	2.5154078968703535E-4	1.6107357053140662E-4	2.562739707262644E-4	2.8928721327671454E-4	8.796090390652506E-5	2.1479731780938205E-4	3.2416959501854964E-4	1.2742519816723343E-4	0.12806523808877446	0.012910503489329598	0.03853574693561251	1.6291546662668396E-4	0.005202089657314713	1.691787380026335E-4	2.993473551355734E-4
189	file:/home/ulrike/Git/johnson-topics/data/letters-leipzig-txt/uj0433.txt	9.400985887920152E-5	1.0347904935120917E-4	8.517055415277899E-5	1.0825177069928502E-4	7.622697718861403E-5	1.271874666664156E-4	1.2862078722725742E-4	9.168249711779542E-5	0.01858003046994907	1.2348105207011462E-4	6.886957982448613E-5	1.117342172961022E-4	8.070827008298824E-5	8.157423158891282E-5	0.28726525993944596	8.821550654735435E-5	7.0866755056546E-5	8.063128662891926E-5	0.0833099512183666	1.0140865952430793E-4	1.930038818758129E-4	2.246007351404592E-5	1.051870647743142E-4	5.7376373778453346E-5	8.075379402925439E-5	9.100600008937897E-5	5.827548443501329E-5	9.271843756170725E-5	1.0466243741252667E-4	3.1823745320744124E-5	0.004702392097083154	0.44871121088433136	4.610169829801592E-5	8.646431075568206E-5	4.626567692549853E-5	6.797091916613103E-5	5.894187176893234E-5	0.15449651507571663	6.120788705857443E-5	1.0830213844091882E-4
190	file:/home/ulrike/Git/johnson-topics/data/letters-leipzig-txt/uj0361.txt	1.2686583416275058E-4	1.3964445932397818E-4	1.1493723666344686E-4	1.460852229020625E-4	1.0286792430105407E-4	1.7163884986164652E-4	1.7357310878663302E-4	1.237250711110937E-4	1.0972984180633543E-4	1.6663706190963047E-4	9.293915337218492E-5	1.5078476715943813E-4	1.0891540663908117E-4	0.0063510660945997385	0.1879516044347069	1.1904638468397571E-4	9.563433135463496E-5	1.0881151785301522E-4	8.868492296352529E-5	0.24977613356826817	2.6045777286281093E-4	3.0309756824308275E-5	1.4194941759110521E-4	7.742912932132547E-5	1.0897684097678034E-4	1.228121417562166E-4	7.864247465349607E-5	1.2512306755664394E-4	1.412414355914375E-4	4.294598507468183E-5	0.01258683668301578	1.582723911537652E-4	6.221401117528116E-5	1.1668315472552765E-4	6.243529951257325E-5	9.17264153103401E-5	7.954176102623453E-5	0.5392643241382039	8.259973732120366E-5	1.4615319391737353E-4
191	file:/home/ulrike/Git/johnson-topics/data/letters-leipzig-txt/uj0482.txt	3.069228130375589E-4	3.3783776825083617E-4	2.780643049589981E-4	3.534197197552856E-4	2.488653695155718E-4	4.152408642857074E-4	4.1992036049773144E-4	2.993244565749172E-4	2.6546620643476025E-4	4.0314018455123494E-4	2.2484498354164028E-4	0.045660667026082395	2.6349586718448013E-4	2.663230530195544E-4	0.8774673621946485	2.880054469376218E-4	2.3136534904011854E-4	2.6324453207386624E-4	2.1455284797217969E-4	3.310783721903294E-4	6.301178946413534E-4	7.332751081797915E-5	3.4341408657128535E-4	1.8732203464538275E-4	2.636444934861804E-4	2.9711583320872405E-4	1.9025744562496964E-4	3.027065886084665E-4	3.417012863650516E-4	1.038979693372836E-4	2.5371505007731546E-4	3.8290378051490724E-4	1.5051254300485196E-4	2.8228815361362866E-4	1.5104789942624254E-4	2.2191104171344385E-4	0.06058693684418807	0.0061446225277522444	1.9983113579866296E-4	3.5358416005051526E-4
192	file:/home/ulrike/Git/johnson-topics/data/letters-leipzig-txt/uj0523.txt	3.374972845823746E-4	3.7149186886956484E-4	3.057640027933115E-4	3.8862603452248545E-4	2.7365638157309777E-4	4.566055639758358E-4	4.6175121362351573E-4	3.2914200903914973E-4	2.919109300915727E-4	4.4329946101279003E-4	2.4724317702635594E-4	4.0112808786179705E-4	2.8974431321453323E-4	2.928531324414395E-4	0.21775610226815012	3.166954431454589E-4	2.544130762868313E-4	2.8946794106574146E-4	2.3592577845024697E-4	3.640591277407434E-4	6.928878186131949E-4	8.063211574704359E-5	3.7762367859883457E-4	2.0598233611108507E-4	2.8990774509743866E-4	3.2671337109797414E-4	2.0921016145563723E-4	3.328610560729141E-4	3.7574025581603454E-4	1.1424788590304304E-4	2.789891686816276E-4	0.11663989859262841	1.6550602432250354E-4	3.1040861502436875E-4	1.660947108939411E-4	2.4401696718441183E-4	2.1160250539018944E-4	0.6542617554943005	2.1973754586566822E-4	3.8880685572820385E-4
193	file:/home/ulrike/Git/johnson-topics/data/letters-leipzig-txt/uj0564.txt	1.0915391573664884E-4	1.2014849897715695E-4	9.889068659471097E-5	1.256900584484012E-4	8.850638799061347E-5	1.4767610742935812E-4	0.0055190100698472196	1.0645163905394845E-4	9.441030349399835E-5	1.433726261631052E-4	7.996378680495494E-5	0.08604444946253541	9.370957277160866E-5	9.47150320965751E-5	0.789962775808693	1.0242615065201442E-4	8.228268717977312E-5	9.362018804580708E-5	7.630349551679451E-5	1.1774458986164618E-4	2.2409489504913446E-4	2.6078168832710514E-5	1.2213165876266482E-4	6.661913913449498E-5	0.05379045991132832	1.0566616505668666E-4	6.766308760983706E-5	1.0765445923973594E-4	1.2152251913066857E-4	3.695023539635997E-5	9.023112659230695E-5	1.3617575891451854E-4	5.352822513864386E-5	1.0039285456837503E-4	5.37186190983864E-5	7.892036081807011E-5	6.843682334098028E-5	0.002185271283649112	0.059137435100512205	1.2574853993419096E-4
194	file:/home/ulrike/Git/johnson-topics/data/letters-leipzig-txt/uj1099.txt	1.3266139592282375E-4	1.460237819667151E-4	1.2018786901857416E-4	1.5275877640171345E-4	1.0756719902976063E-4	1.79479759601971E-4	1.8150238051293832E-4	1.2937715463402162E-4	1.1474258680035683E-4	1.7424947694783118E-4	9.71848559827587E-5	1.5767300808196825E-4	1.1389094611325124E-4	1.1511294201411734E-4	0.5358942158250919	1.2448473362404035E-4	1.0000315671574883E-4	1.1378231141683206E-4	9.27362812477666E-5	1.4310216493829196E-4	2.723561623581345E-4	3.1694385465796806E-5	0.4504483952788499	0.006607052688446621	1.1395518693151843E-4	1.2842252028824852E-4	8.223506774073048E-5	1.3083901519865497E-4	1.4769371226981776E-4	4.4907869537035984E-5	1.0966337880451712E-4	1.655026862438473E-4	6.505610925856551E-5	1.2201354516543478E-4	6.528750662350895E-5	9.591671688735275E-5	8.317543585740414E-5	0.0026558931670246687	8.637310847483309E-5	1.5282985251005232E-4
195	file:/home/ulrike/Git/johnson-topics/data/letters-leipzig-txt/uj0182.txt	4.303906560256936E-4	4.7374197202454426E-4	3.899230475708779E-4	4.95592176848973E-4	3.4897806581349295E-4	0.4240312572851614	5.888444643280656E-4	4.197356591217221E-4	3.722570297377247E-4	5.653140174956388E-4	3.1529484241606614E-4	5.115353182731559E-4	3.6949406925874115E-4	3.7345856558999066E-4	0.44707128104133503	4.038632776094343E-4	3.244381978957187E-4	3.691416279329601E-4	3.008624223042921E-4	4.6426342959875525E-4	8.83599532287077E-4	1.0282544713227032E-4	4.8156151230698165E-4	2.6267729199141716E-4	3.697024844327661E-4	4.166385584204679E-4	2.667935499023429E-4	4.2447834348030274E-4	4.791596927840006E-4	1.4569368350386778E-4	3.557786590239705E-4	5.369369831442356E-4	2.110602059287997E-4	3.9584605138877013E-4	2.1181092367157515E-4	3.1118064466164843E-4	2.69844366968042E-4	0.11447870362411397	2.8021851090039804E-4	4.95822767614907E-4
196	file:/home/ulrike/Git/johnson-topics/data/letters-leipzig-txt/uj0886.txt	0.03410918777641275	3.777637647035056E-4	3.1092621530989757E-4	3.951872064111178E-4	2.7827652124060216E-4	0.45630521354089115	4.695469576376579E-4	0.06786668396521968	2.968392612335012E-4	4.507836841565555E-4	2.5141738266019805E-4	4.079003318702395E-4	2.9463606537182284E-4	2.9779737078212E-4	0.23831547399225417	3.2204221112866184E-4	2.5870833130309565E-4	2.9435502723307576E-4	2.3990891248621928E-4	3.7020553663398077E-4	7.045858410656708E-4	8.199342745589628E-5	3.839990977535213E-4	2.0945993512193743E-4	2.9480225647459665E-4	3.3222927172136456E-4	2.1274225582971996E-4	3.384807480387639E-4	3.8208387715091724E-4	1.1617673253382466E-4	2.836993417739578E-4	4.281557221841437E-4	1.6830026191268043E-4	3.156492425118958E-4	1.6889888727730378E-4	2.4813670472954803E-4	2.1517498969797957E-4	0.19258375889737434	2.2344737403140697E-4	3.9537108042057666E-4
197	file:/home/ulrike/Git/johnson-topics/data/letters-leipzig-txt/uj1221.txt	4.0718336899629713E-5	4.481971192989554E-5	3.6889783255363046E-5	4.688691294578816E-5	3.301606634677184E-5	5.5088500066659405E-5	5.570931186424455E-5	3.971029049451788E-5	3.5218439196810214E-5	0.028096602673446266	2.9829368822186088E-5	0.026088434819860826	3.495704143166706E-5	0.2864757672794099	0.6532358447457259	3.8208638521436467E-5	3.0694402074188994E-5	3.4923697713722475E-5	2.846394850889489E-5	4.392296735980044E-5	8.359545667709054E-5	9.728095021507383E-6	4.555950186530135E-5	2.48513352263633E-5	3.4976759144289604E-5	3.941728043958254E-5	2.5240765559099972E-5	4.015898568995856E-5	4.533227087145976E-5	1.378376692430878E-5	3.365945588505454E-5	5.0798456396396747E-5	0.004026127885802496	3.7450145943395785E-5	2.0038977213683E-5	2.9440133396438185E-5	2.5529396818540838E-5	8.151847942806806E-4	2.6510872326358797E-5	4.690872864360081E-5
198	file:/home/ulrike/Git/johnson-topics/data/letters-leipzig-txt/uj0348.txt	1.301139904934218E-4	1.4321978784004224E-4	1.1787998413649224E-4	1.4982545481492034E-4	0.02570858346788397	1.7603333337603408E-4	1.780171152905143E-4	1.2689281422841473E-4	1.125392639228492E-4	1.7090348423789777E-4	9.531868211911149E-5	1.5464532188837646E-4	1.1170397670538066E-4	1.1290250746048285E-4	0.22476759699856452	1.2209433900995065E-4	9.808286496393252E-5	1.1159742804622616E-4	9.095553030127015E-5	1.4035427261146121E-4	2.6712629452886925E-4	3.108578000785258E-5	1.4558376014224588E-4	7.941155365363847E-5	1.1176698395145374E-4	1.2595651106858007E-4	8.065596436560963E-5	1.2832660369132727E-4	1.4485765162152228E-4	4.404553464386124E-5	1.0755758846038634E-4	1.6232465213237562E-4	6.380688159298713E-5	0.26255125913202343	6.403383559368203E-5	9.407489422545796E-5	8.157827524091786E-5	0.48266267777390975	8.47145451531331E-5	1.4989516609769694E-4
199	file:/home/ulrike/Git/johnson-topics/data/letters-leipzig-txt/uj0462.txt	1.8957043587395172E-4	2.0866501368263195E-4	1.7174601969262586E-4	2.1828918371167365E-4	1.537113390369773E-4	2.5647292508584283E-4	2.593632092188615E-4	1.8487732188775754E-4	1.6396482218310573E-4	2.489989575793795E-4	1.3887518204404133E-4	2.2531152080628288E-4	1.6274784496724318E-4	1.6449405224896164E-4	0.5885946829310997	0.38252931842948346	1.4290247645520242E-4	1.6259260819615417E-4	1.325182592507601E-4	2.0449008238719208E-4	3.891914151214318E-4	4.52906320313673E-5	2.1210921870642107E-4	1.1569918640155029E-4	1.628396437896142E-4	0.018834802548228318	1.175122387887685E-4	1.86966290894127E-4	2.1105131011224632E-4	6.417243195043009E-5	1.5670673728984902E-4	2.3649997161049165E-4	9.296385661118998E-5	1.7435487376443425E-4	9.329451873808281E-5	1.3706303707607521E-4	1.1885600569638869E-4	0.003795217303460437	1.2342541481236735E-4	2.183907500244981E-4
200	file:/home/ulrike/Git/johnson-topics/data/letters-leipzig-txt/uj0617.txt	3.3754252751265435E-5	3.715416689168261E-5	3.058049917437191E-5	3.88678131476707E-5	2.736930663618582E-5	4.5666677387185575E-5	4.6181311331551E-5	3.291861319096063E-5	2.9195006197932806E-5	4.433588871697514E-5	2.4727632101397106E-5	4.0118186076884374E-5	2.8978315465818493E-5	2.9289239063538216E-5	0.008494594363596444	3.167378975014158E-5	2.5444718142959395E-5	2.895067454605444E-5	2.3595740529298977E-5	3.641079313977993E-5	0.9897224537333459	8.06429248212427E-6	3.776743006409762E-5	2.060099489094608E-5	2.8994660844982154E-5	3.267571683993015E-5	2.092382069575744E-5	3.329056774972653E-5	3.757906253774317E-5	1.1426320131259636E-5	2.7902656835292592E-5	4.211036272932122E-5	1.655282111010685E-5	3.104502266045779E-5	1.6611697658841655E-5	2.440496786850304E-5	2.116308715958916E-5	6.757631986042296E-4	2.1976700260775646E-5	3.8885897692226846E-5
201	file:/home/ulrike/Git/johnson-topics/data/letters-leipzig-txt/uj0306.txt	6.367756148783556E-5	7.009151599973509E-5	5.7690259975663906E-5	7.332431797103602E-5	5.163232968147431E-5	8.615040832621132E-5	8.712126775768927E-5	6.210112340534884E-5	5.5076520757429914E-5	8.363986904693598E-5	4.664879786225632E-5	7.568315256498934E-5	5.4667732640574446E-5	5.525429151532466E-5	0.39819326155393464	0.2663244600387664	4.8001584156775594E-5	5.461558791141021E-5	4.4513478923011274E-5	6.868913781219097E-5	1.3073114566984032E-4	1.5213326870852052E-5	7.124843994817646E-5	3.886387675489648E-5	5.4698568277624567E-5	6.164289826133838E-5	3.947288920103824E-5	6.280281748404855E-5	7.08930836963247E-5	2.155580833323888E-5	5.263849741827594E-5	7.94414034797699E-5	3.122697728796427E-5	5.856658578461456E-5	0.03448912369628854	4.604009022231999E-5	3.992426654524711E-5	0.29886479751182116	4.1459151605802006E-5	7.335843455203219E-5
202	file:/home/ulrike/Git/johnson-topics/data/letters-leipzig-txt/uj0534.txt	1.005219579216522E-5	1.1064708285564835E-5	9.107035116083526E-6	1.1575041244514945E-5	8.150724918430686E-6	1.3599779134687668E-5	1.375303985736391E-5	9.803337891687843E-6	8.694427947130173E-6	1.3203463198751301E-5	7.36402020781085E-6	1.1947408945565824E-5	8.629896295915377E-6	8.722490995128971E-6	0.4060444289344485	9.432622857763091E-6	7.577572240579302E-6	8.621664683164495E-6	7.026936884353022E-6	1.084332763300093E-5	0.004965670343352556	2.4015891435357036E-6	1.124734131633187E-5	6.135085723366276E-6	8.634764036666774E-6	9.731002067939845E-6	6.231224963083423E-6	9.914107935334063E-6	1.1191244466262221E-5	0.47967160477527354	8.309559441200877E-6	1.2540689736298915E-5	4.929518065104899E-6	9.24537267806731E-6	4.9470518141056686E-6	7.26792908506904E-6	6.302479787139492E-6	0.10899197208752721	6.544778091073674E-6	1.1580426917959713E-5
203	file:/home/ulrike/Git/johnson-topics/data/letters-leipzig-txt/uj0446.txt	1.0152196388151518E-4	1.1174781492041115E-4	9.197633126518849E-5	1.1690191311918092E-4	8.231809426374584E-5	1.3735071566994922E-4	1.388985694795735E-4	9.90086281580322E-5	8.780921285943826E-5	1.3334813026814475E-4	7.437278471464068E-5	1.2066263376950834E-4	8.715747665181792E-5	8.809263508919226E-5	0.38013912207794254	9.526459858851497E-5	7.652954948582041E-5	8.707434163239928E-5	7.096841797759213E-5	1.095119851496484E-4	2.0842636462167319E-4	2.4254804754032116E-5	1.1359231380766459E-4	6.196118381448983E-5	8.720663830873004E-5	9.827807385549786E-5	6.293214027255721E-5	0.010088581075067679	1.1302576471686033E-4	3.43667053811725E-5	8.392224056344097E-5	0.36470521549463647	4.978557573947327E-5	9.33734688917875E-5	4.996265751041839E-5	7.340231421306811E-5	6.36517770388687E-5	0.2417553683620522	6.609886423943147E-5	1.1695630562766784E-4
204	file:/home/ulrike/Git/johnson-topics/data/letters-leipzig-txt/uj0230.txt	1.704911564954061E-4	0.23502554015894814	1.544606751885514E-4	1.9631951158347884E-4	1.3824109143419793E-4	0.017004794271694063	2.3325964984057768E-4	1.6627038004689363E-4	1.4746261477791145E-4	0.0337722065340892	1.2489811655516712E-4	2.0263508693699325E-4	1.4636811999551338E-4	1.4793858058747422E-4	0.6467746244802898	1.5998283490045647E-4	1.2852008470933058E-4	1.4622850699883718E-4	1.1918098501098923E-4	1.8390921810832722E-4	3.5002132139557964E-4	4.0732365243755293E-5	1.907615279454224E-4	1.0405466445355319E-4	1.464506797433918E-4	1.6504352190546584E-4	1.0568524253846681E-4	1.6814910517688067E-4	1.8981009235444655E-4	5.771381010922135E-5	1.409350184167575E-4	2.1269747830201526E-4	8.360752747571602E-5	1.5680696165342034E-4	8.390491017762991E-5	1.2326835456247275E-4	1.0689376628893577E-4	0.062122717450171255	1.1100328811965969E-4	1.964108557746476E-4
205	file:/home/ulrike/Git/johnson-topics/data/letters-leipzig-txt/uj0456.txt	2.814277766554983E-4	3.097747314646616E-4	2.549664468971586E-4	3.240623431428276E-4	2.281929679197412E-4	3.8074821501826153E-4	3.8503900136217724E-4	2.7446058987536315E-4	2.434148296593441E-4	3.6965269767958754E-4	2.0616787388340045E-4	3.344873902043607E-4	2.4160815980324733E-4	2.442005009064794E-4	0.1400462785686131	2.640818119518844E-4	2.1214661475006064E-4	2.4137770224724E-4	1.9673067108415526E-4	3.0357681549349013E-4	5.777761397555647E-4	6.72364433681264E-5	3.148878439482725E-4	1.717618289989513E-4	2.4174444022250345E-4	2.7243542935612516E-4	1.744534053512578E-4	2.77561779679852E-4	3.1331732024192144E-4	9.526751765446226E-5	0.5401655787820273	3.5109726304414016E-4	1.3800997689747182E-4	2.588394347798043E-4	1.3850086307793882E-4	2.0347764464506474E-4	1.7644830150376884E-4	0.3102117649113192	1.8323184157535623E-4	3.242131239408434E-4
206	file:/home/ulrike/Git/johnson-topics/data/letters-leipzig-txt/uj0993.txt	0.015470518961200342	1.1460975039150985E-4	9.433190595930526E-5	0.010364160483560462	8.442631511848425E-5	1.408683583678094E-4	1.4245585373753934E-4	1.0154430462805628E-4	9.005806489426924E-5	0.07184661570984376	7.627752093530694E-5	0.31769595657191735	0.005211521954843903	9.03487457548359E-5	0.14913451756477286	9.770438798425956E-5	7.848952187916575E-5	8.930437312892396E-5	7.27859661138352E-5	1.1231665954112023E-4	2.1376430171196666E-4	2.4875986350464912E-5	1.1650148811556373E-4	6.354805072473994E-5	8.944005801066142E-5	1.0079504034650824E-4	6.454387402007133E-5	1.0269167577653133E-4	1.1592042932772203E-4	3.524685944257608E-5	8.607154466619814E-5	1.2989816661408864E-4	5.106061727168889E-5	9.576482520485065E-5	0.005173374551776654	7.528219604213768E-5	6.528194116007095E-5	0.42209938208499004	6.779169988280308E-5	1.1995163399165308E-4
207	file:/home/ulrike/Git/johnson-topics/data/letters-leipzig-txt/uj0957.txt	3.319854323492352E-4	3.6542483253901894E-4	3.007704040931163E-4	3.8227917078730164E-4	2.6918714994727004E-4	0.4740639657429965	4.5421010270431237E-4	3.237666113680623E-4	2.871435734774476E-4	4.360596957294742E-4	2.4320531385033803E-4	3.9457704627462726E-4	2.8501234080234876E-4	2.8807038820684034E-4	0.3611837173957429	3.115233171306188E-4	2.502581175753659E-4	2.847404822378585E-4	2.3207274588313973E-4	3.581134795595568E-4	6.81571889730792E-4	7.93152686862056E-5	3.7145650033917275E-4	2.026183262326469E-4	2.85173103590035E-4	3.2137763683773784E-4	2.057934362009685E-4	3.274249206162662E-4	3.696038367610999E-4	1.1238204136498884E-4	2.744328444009082E-4	4.1417083293460605E-4	1.6280305516857733E-4	3.0533916262855197E-4	1.633821275785338E-4	2.4003179300097023E-4	2.0814670946188725E-4	0.15363028724015318	2.161488921543266E-4	3.824570389032855E-4
208	file:/home/ulrike/Git/johnson-topics/data/letters-leipzig-txt/uj0114.txt	7.332459131629963E-5	0.003687807960458447	6.643022497736067E-5	8.443281311580531E-5	5.945452972984498E-5	9.920203184065896E-5	1.0031997463519098E-4	7.15093258533489E-5	0.4329151460311816	9.631115062072487E-5	5.371600228912726E-5	8.714900667823338E-5	6.294979048192045E-5	6.36252119140402E-5	0.37916263599910194	6.880518748205625E-5	5.527373314229232E-5	6.288974592515776E-5	0.00365835489926228	7.909541195150884E-5	0.1660770314497811	1.7518117046294312E-5	8.204244350848699E-5	4.4751680394736855E-5	6.298529765951721E-5	7.098168046884656E-5	4.54529570717405E-5	7.23173252545124E-5	8.163325145825906E-5	2.4821472424460945E-5	0.003667710842653995	9.147662548070647E-5	3.595780513863989E-5	6.743931248479463E-5	3.608570306326309E-5	5.301507659589124E-5	4.5972717227755194E-5	0.008682160387570411	4.7740134464738755E-5	8.447209829413505E-5
209	file:/home/ulrike/Git/johnson-topics/data/letters-leipzig-txt/uj0731.txt	6.956089702787809E-5	7.656745348071853E-5	6.302041315519411E-5	8.009894243511487E-5	5.6402774923606274E-5	9.411006864064721E-5	9.517062830033962E-5	6.783880773041604E-5	6.016518377188876E-5	9.136757410709827E-5	5.095880163675233E-5	8.267571589285993E-5	5.9718626657602356E-5	6.035937923251184E-5	0.2775737559897391	0.058238392706275684	5.243657537580727E-5	5.966166414127495E-5	4.862619502644931E-5	7.503550592464677E-5	1.428097362681436E-4	1.6618925712426198E-5	7.783126864207627E-5	4.245461141862249E-5	5.9752311279367306E-5	0.05139656110091063	4.311989210878924E-5	6.860533315025056E-5	7.744308010178496E-5	2.3547405534798112E-5	5.750190511479304E-5	8.678120138538966E-5	3.411211894530424E-5	6.397770498507886E-5	3.423345196885177E-5	5.029385391462917E-5	0.0034655611637090704	0.18617781773929007	4.528967046367351E-5	0.4209797636216207
210	file:/home/ulrike/Git/johnson-topics/data/letters-leipzig-txt/uj0880.txt	4.813471447653552E-4	5.298310788046242E-4	4.3608833741790894E-4	5.542682582775658E-4	3.9029563772646807E-4	6.512223787984259E-4	6.585612341878506E-4	4.694306399216623E-4	4.1633073551761466E-4	6.322448789434525E-4	3.5262445880599195E-4	5.720990022671904E-4	4.1324065184818935E-4	4.176745282875648E-4	0.5947194067621328	4.5167903352733095E-4	3.628503500796229E-4	4.128464829147172E-4	3.3648329933704245E-4	5.192303158249594E-4	9.882140934699963E-4	1.1499955840905744E-4	5.385764205903535E-4	0.023972957051862986	4.134737425241558E-4	4.6596685519788213E-4	2.9838081215136694E-4	4.747348386596335E-4	5.358902354851647E-4	1.6294321817420565E-4	3.9790139328538666E-4	6.005081200925799E-4	2.3604886880107054E-4	4.4271260059895376E-4	2.3688846844606862E-4	3.480231569088365E-4	3.0179283344694086E-4	0.009636613453795245	0.3555010929186694	5.545261500445863E-4
211	file:/home/ulrike/Git/johnson-topics/data/letters-leipzig-txt/uj0399.txt	6.724135658396568E-4	7.401427615517697E-4	6.091896818609087E-4	7.742800596892179E-4	5.452199817727189E-4	9.097192465863574E-4	0.0670768059420542	6.557669115456977E-4	5.815894775370762E-4	8.832087988004361E-4	4.925955671007484E-4	7.991885571801133E-4	5.772728129396077E-4	5.834666767643244E-4	0.2353764151208343	6.309689646069803E-4	5.068805339691874E-4	5.767221821921698E-4	4.7004731951408464E-4	7.253341210242515E-4	0.0013804767923305866	1.6064759909922247E-4	7.523594881254682E-4	4.1038942667591074E-4	0.3975186069113777	6.509282086204869E-4	4.1682039263915885E-4	6.631765642799214E-4	7.486070459956497E-4	2.2762206352198704E-4	5.558447736134813E-4	8.388744188852682E-4	3.297463448345962E-4	0.03369686076045901	3.3091921600940307E-4	4.8616781978819433E-4	4.215867851087685E-4	0.24501070213248674	4.377946535102445E-4	7.746403192743194E-4
212	file:/home/ulrike/Git/johnson-topics/data/letters-leipzig-txt/uj0255.txt	1.3806764416782934E-4	1.5197457729413568E-4	1.2508579317678693E-4	1.5898403779811398E-4	1.1195080269177184E-4	1.8679396075757063E-4	1.8889900798912777E-4	1.3464956270962258E-4	1.194186035435977E-4	1.8135053240099698E-4	1.011453559717952E-4	1.6409853539756946E-4	1.1853225659595557E-4	1.198040515596802E-4	0.5916932972621468	1.295577646139786E-4	0.3464980672263236	1.1841919479297098E-4	9.651549187838402E-5	1.4893389784500892E-4	2.834552844088455E-4	3.2986002477732035E-5	1.5448305532486488E-4	8.426585097487547E-5	1.1859911537107899E-4	1.3365602488163783E-4	8.558633046157414E-5	1.3617099735801268E-4	1.5371256098765858E-4	4.673796554335858E-5	1.1413240647514561E-4	1.7224729043578596E-4	6.77072910440385E-5	1.2698586970513197E-4	6.79481183685374E-5	9.982553737527084E-5	8.656502067975336E-5	0.05710043870245495	8.989300559983692E-5	1.5905801041664932E-4
213	file:/home/ulrike/Git/johnson-topics/data/letters-leipzig-txt/uj1212.txt	5.374454643448506E-5	5.915799299303946E-5	4.869119959425402E-5	0.007993543288305397	4.357824130273491E-5	7.271187075093025E-5	7.353128654791224E-5	5.2414015746033956E-5	4.64851755961641E-5	7.059294861072883E-5	3.9372086873959234E-5	6.387739436464318E-5	4.614015403103395E-5	4.6635216026876776E-5	0.5000003000578467	5.043197005505573E-5	4.051385304909166E-5	4.6096143319059434E-5	3.7569854734391296E-5	0.4310113258501938	0.0027542240842139253	1.2840211423449397E-5	6.013444924254664E-5	3.280152977083852E-5	4.616617964018975E-5	5.202726879853308E-5	3.3315542822313454E-5	5.3006253091722575E-5	5.983452474587634E-5	1.8193333959874213E-5	4.4427457688977125E-5	6.704939853820839E-5	2.635590452348291E-5	0.05557102825786753	2.6449649552611463E-5	3.885833108219837E-5	3.3696510153167395E-5	0.0010759706894930329	3.499196964440982E-5	6.191530737080741E-5
214	file:/home/ulrike/Git/johnson-topics/data/letters-leipzig-txt/uj0567.txt	2.1572330100836225E-4	2.3745213935417054E-4	1.9543985396422938E-4	2.484040460613487E-4	0.27609204539193755	2.918555615685576E-4	2.9514458515049127E-4	2.1038273175534065E-4	1.8658517361909451E-4	2.8335049623655844E-4	1.5803420275194055E-4	2.563951746983575E-4	1.852003039739543E-4	1.871874155049296E-4	0.4151036264660777	2.0242706987756414E-4	1.626170969173887E-4	1.8502365096082589E-4	1.5080028801782165E-4	2.3270124053187608E-4	4.4288370392277736E-4	5.1538862594893246E-5	2.4137150195760625E-4	1.3166088002835986E-4	1.8530476723004833E-4	2.0883038209933418E-4	1.337240585196087E-4	2.1275989192633807E-4	2.401676458127998E-4	7.302556851895418E-5	1.7832577375564033E-4	2.6912716811033883E-4	1.0578901678513037E-4	1.984086217978056E-4	1.0616529658426105E-4	1.559720568662009E-4	1.3525320958032773E-4	0.30146032277180773	1.4045300781686314E-4	2.4851962431685423E-4
215	file:/home/ulrike/Git/johnson-topics/data/letters-leipzig-txt/uj0541.txt	2.134580421623295E-4	2.3495871116784505E-4	1.9338758674974495E-4	2.457956145191808E-4	0.04217612474270234	2.8879085604292966E-4	2.92045342374001E-4	2.0817355295113331E-4	1.8462588728746722E-4	2.8037510037006027E-4	0.03165865800165708	2.537028302235108E-4	1.8325555982761526E-4	1.8522180517513908E-4	0.9042804938160474	2.003014315780702E-4	1.6090949363305922E-4	1.8308076180557402E-4	1.4921677022062545E-4	2.3025770039905943E-4	4.382330879560028E-4	5.0997665311791126E-5	2.3883691748094612E-4	1.3027834058191806E-4	0.010684120018910923	2.0663750414799702E-4	1.3231985412873857E-4	2.1052575113109583E-4	2.3764570274190637E-4	7.225874447027288E-5	1.7645321740874883E-4	2.6630112801443817E-4	1.046781515936306E-4	1.963251802615609E-4	1.0505048016848656E-4	1.5433423155990084E-4	1.3383294793949425E-4	0.0042734493458458965	1.3897814433701716E-4	2.459099791150378E-4
216	file:/home/ulrike/Git/johnson-topics/data/letters-leipzig-txt/uj0662.txt	9.400985887920152E-5	1.0347904935120917E-4	8.517055415277899E-5	1.0825177069928502E-4	7.622697718861403E-5	1.271874666664156E-4	1.2862078722725742E-4	9.168249711779542E-5	8.13117811515523E-5	1.2348105207011462E-4	0.27292497023958784	1.117342172961022E-4	8.070827008298824E-5	8.157423158891282E-5	0.37513417371123414	0.3330651519049026	7.0866755056546E-5	8.063128662891926E-5	6.571711877776622E-5	1.0140865952430793E-4	1.930038818758129E-4	2.246007351404592E-5	1.051870647743142E-4	5.7376373778453346E-5	8.075379402925439E-5	9.100600008937897E-5	5.827548443501329E-5	9.271843756170725E-5	1.0466243741252667E-4	3.1823745320744124E-5	7.771242488377423E-5	1.1728268099156962E-4	4.610169829801592E-5	8.646431075568206E-5	4.626567692549853E-5	6.797091916613103E-5	5.894187176893234E-5	0.015756124909735256	6.120788705857443E-5	1.0830213844091882E-4
217	file:/home/ulrike/Git/johnson-topics/data/letters-leipzig-txt/uj0963.txt	8.532830515618298E-5	9.39230417488176E-5	7.730528608077046E-5	9.825501531488091E-5	6.918762402399962E-5	1.1544205147354794E-4	1.1674300879504861E-4	8.321586889732984E-5	7.380286022775223E-5	1.1207791414285708E-4	6.250966221311881E-5	1.0141586747917523E-4	7.325508175815854E-5	0.004271644208730628	0.10542578173438835	8.00690454375868E-5	6.432240376685895E-5	0.1931629294012614	5.964832233457329E-5	9.204384676811785E-5	1.7518050048547347E-4	2.038594706433295E-5	9.54733266122535E-5	5.207782235705729E-5	0.5415641007711094	8.260184452194872E-5	5.289390259998909E-5	8.415614307043889E-5	9.499714715454991E-5	2.8884909352223984E-5	7.053589468132553E-5	1.0645194570543017E-4	4.184433236567364E-5	7.847956779469358E-5	4.1993168014740056E-5	6.169399041228659E-5	5.3498750883549696E-5	0.15282199324823273	5.55555058497667E-5	9.830073173313104E-5
218	file:/home/ulrike/Git/johnson-topics/data/letters-leipzig-txt/uj0186.txt	8.67854689827582E-5	9.552697913709435E-5	7.862543964849646E-5	9.993293044321232E-5	7.036915110097512E-5	1.1741347210782618E-4	1.1873664606594396E-4	8.463695834393568E-5	7.506320236187553E-5	1.1399188491665887E-4	6.357714876897703E-5	1.0314776093775159E-4	7.450606940001333E-5	7.530548423063494E-5	0.31642117743718956	8.143639612416732E-5	6.542084677279788E-5	7.443500190512564E-5	0.012868525579517962	9.361569287151623E-5	1.781720832663753E-4	2.0734080835163753E-5	9.7103738439695E-5	5.296716287268823E-5	0.0043438343063417	8.40124481853575E-5	5.379717943613415E-5	8.559328971529343E-5	0.004365905638577449	2.9378181133081745E-5	7.174044637160716E-5	1.0826984100132967E-4	4.25589140904465E-5	7.98197747413377E-5	4.27102914274502E-5	6.274754762265558E-5	5.441235680144269E-5	0.4158582154567574	0.24340581828398886	9.997942756735873E-5
219	file:/home/ulrike/Git/johnson-topics/data/letters-leipzig-txt/uj0964.txt	1.6630668067190834E-4	1.8305800499921306E-4	1.506696459393302E-4	1.9150111356924467E-4	1.3484815002414932E-4	2.2499901240719978E-4	2.2753460588275957E-4	1.621894974969019E-4	1.43843343496679E-4	0.13929914386369152	1.2183266049358201E-4	1.9766168163134587E-4	1.427757116146802E-4	1.4430762736646337E-4	0.279108049442738	1.5605627167819555E-4	1.253657323173661E-4	1.4263952523098055E-4	1.1625584824348441E-4	1.7939541403360734E-4	3.414305194607708E-4	3.973264419604824E-5	1.8607954315424867E-4	1.0150078285242863E-4	1.4285624504473606E-4	1.6099275093625753E-4	1.0309134059426464E-4	1.6402211184878747E-4	1.8515145926848673E-4	5.6297302367422536E-5	0.30284253243930975	2.0747710515205836E-4	8.155549331408499E-5	1.529583459628314E-4	8.184557715808703E-5	1.2024289881408083E-4	1.0427020275688405E-4	0.27330966032653303	1.0827886190886097E-4	1.9159021584026097E-4
220	file:/home/ulrike/Git/johnson-topics/data/letters-leipzig-txt/uj0090.txt	1.6103677305219998E-4	1.7725728327536885E-4	0.00806786746681017	1.8543284755910078E-4	1.3057509682842236E-4	2.1786926870044656E-4	2.2032451457166868E-4	1.5705005472020552E-4	1.3928525160960113E-4	0.13488504806970267	1.1797204068402002E-4	1.9139820022491704E-4	0.008060223674599349	1.397348233037038E-4	0.4049372323879728	1.5111117787981325E-4	1.2139315692039227E-4	1.3811957980335647E-4	1.125719458408945E-4	1.7371075208535083E-4	3.3061130709457007E-4	3.847360058124002E-5	1.8018307526505422E-4	9.828443732259611E-5	1.3832943222373225E-4	1.5589123053161088E-4	9.982459364742698E-5	1.5882459739212024E-4	1.7928440039834996E-4	5.451335970488812E-5	1.3311963530787912E-4	2.0090259369564306E-4	7.897117190313178E-5	1.4811141889032402E-4	7.925206360251471E-5	1.1643265519598916E-4	1.009661001568142E-4	0.4389324431012114	1.0484773336296341E-4	1.8551912636725275E-4
221	file:/home/ulrike/Git/johnson-topics/data/letters-leipzig-txt/uj1199.txt	1.5729843163342448E-4	1.7314239553085884E-4	1.425084001753112E-4	0.007919198069992932	1.2754389914926815E-4	2.1281160581001346E-4	2.1520985508872008E-4	1.534042618167971E-4	1.3605185457085176E-4	2.066099881293559E-4	0.02332944311131912	0.18590063262887763	1.350420525597614E-4	0.07751718998423363	0.3877988646612166	0.12395672164238114	1.185751107197005E-4	1.349132429143567E-4	1.0995867708399538E-4	1.696781942595876E-4	0.0777036354213033	3.758046634949749E-5	1.76000267571762E-4	9.60028417845074E-5	1.3511822377664017E-4	1.5227233881592E-4	0.031049786842365548	1.5513760988300737E-4	0.015651262253615916	5.3247875141338574E-5	1.3002936817887732E-4	1.962387987566548E-4	7.713791855844993E-5	1.4467312935348745E-4	7.741228957902086E-5	1.1372976312253659E-4	9.862225193535172E-5	0.06505368804988618	1.0241377609428141E-4	1.812124464647131E-4
222	file:/home/ulrike/Git/johnson-topics/data/letters-leipzig-txt/uj0855.txt	5.992333352095377E-5	6.595914152654463E-5	5.4289024401360505E-5	6.900134770101426E-5	4.858825054973053E-5	8.10712522665319E-5	0.0030298270006077085	5.843983725029287E-5	5.1829382994694005E-5	7.870872645627126E-5	4.389853203134266E-5	7.122111285520016E-5	5.144469573448207E-5	5.1996672950004784E-5	0.3599778334877237	5.6229924005624604E-5	4.5171562317286307E-5	5.13956252939052E-5	4.188910475460195E-5	6.463944312900517E-5	1.2302365009763677E-4	1.4316397153799717E-5	0.003014889984608253	3.6572585292007285E-5	5.1473713399733554E-5	5.8008627613952255E-5	0.38620446442312817	5.9100161661673374E-5	0.0030145555790389925	2.0284945935204865E-5	4.9535097813690306E-5	7.475778916251835E-5	2.938593330455022E-5	5.511368480756656E-5	2.9490455809977816E-5	4.332571187189567E-5	3.7570457848442E-5	0.2429227250395735	3.9014850932142765E-5	6.903345287611613E-5
223	file:/home/ulrike/Git/johnson-topics/data/letters-leipzig-txt/uj0429.txt	7.693211273890026E-5	8.468113861367243E-5	6.969854813350673E-5	8.858685170801215E-5	6.237965329099578E-5	1.0408270623115004E-4	1.0525565107217311E-4	7.502753741512736E-5	6.654075635396952E-5	1.0104959556617044E-4	5.6358794093565384E-5	0.007660565751652569	6.604687856158177E-5	6.675553028168425E-5	0.42430913880036764	7.21903572234987E-5	5.7993164274990704E-5	6.598387985231794E-5	5.3779006276174E-5	8.29868539346442E-5	1.579429708387787E-4	1.8379996824873914E-5	8.607887749613306E-5	4.69534334877064E-5	6.60841326688448E-5	7.447393222649986E-5	4.768921251364981E-5	7.587528985271178E-5	8.564955346752441E-5	2.604267245986883E-5	6.35952558981505E-5	0.5034430604667	3.772690538207359E-5	7.075728207926373E-5	3.786109580004318E-5	5.562338331955895E-5	4.823454452576048E-5	0.06209322043960275	5.008891752247802E-5	8.862806969114682E-5
224	file:/home/ulrike/Git/johnson-topics/data/letters-leipzig-txt/uj0497.txt	8.4617920261509E-5	9.314110297717472E-5	7.666169533547543E-5	9.743701150503267E-5	6.861161536057815E-5	1.1448096019877249E-4	1.1577108664266323E-4	8.252307069685428E-5	7.318842827585108E-5	1.111448303661675E-4	6.19892496756133E-5	1.0057154858399038E-4	7.264521023376987E-5	7.342465892703955E-5	0.46253656147334127	7.940244552908381E-5	6.378689958754283E-5	7.257591771641553E-5	5.9151731348715004E-5	9.127755288390118E-5	1.7372206789199204E-4	2.0216227663114114E-5	9.467848123303873E-5	5.164425815720294E-5	0.33724788475169704	8.191415826692237E-5	5.245354427623459E-5	8.345551679265409E-5	9.420626611862412E-5	2.8644433425152785E-5	6.994866124193854E-5	0.004268222472293933	4.149596517865541E-5	7.782620078594017E-5	0.00836695710655219	6.118036859827269E-5	5.305335700818751E-5	0.18485095641720725	5.509298884442587E-5	9.748234731976671E-5
225	file:/home/ulrike/Git/johnson-topics/data/letters-leipzig-txt/uj0981.txt	1.5031934217165025E-4	1.654603337614712E-4	1.36185521659932E-4	1.7309179222726065E-4	0.11843778321854145	2.0336948219804274E-4	2.0566132484513887E-4	1.4659795067993917E-4	1.3001544305275682E-4	1.974430207548097E-4	1.1012068370570709E-4	1.7866013460988362E-4	1.2905044440366376E-4	1.3043509454002677E-4	0.6589878275066865	0.17761490169110747	1.1331411544429223E-4	1.289273498440961E-4	1.0507997971556923E-4	1.6214983377211824E-4	3.086082343494046E-4	3.5913078862255634E-5	1.681914064157775E-4	9.174334336204338E-5	1.2912323602081295E-4	1.4551624936153483E-4	9.318099813618019E-5	1.4825439275861443E-4	0.0075620961811572966	5.0885348824948904E-5	1.242601651184602E-4	0.029766506546605755	7.371542776229833E-5	1.3825420513416753E-4	7.397762536271243E-5	1.0868374846710556E-4	9.424653431356077E-5	0.003009406850939393	9.786983437752098E-5	1.7317232894840172E-4
226	file:/home/ulrike/Git/johnson-topics/data/letters-leipzig-txt/uj0131.txt	1.704911564954061E-4	1.8766396426147573E-4	1.544606751885514E-4	1.9631951158347884E-4	1.3824109143419793E-4	2.3066025778787215E-4	2.3325964984057768E-4	1.6627038004689363E-4	1.4746261477791145E-4	0.31893248477049446	1.2489811655516712E-4	0.05891210413560866	1.4636811999551338E-4	1.4793858058747422E-4	0.319679011209119	1.5998283490045647E-4	1.2852008470933058E-4	1.4622850699883718E-4	1.1918098501098923E-4	1.8390921810832722E-4	3.5002132139557964E-4	4.0732365243755293E-5	1.907615279454224E-4	1.0405466445355319E-4	1.464506797433918E-4	1.6504352190546584E-4	1.0568524253846681E-4	1.6814910517688067E-4	1.8981009235444655E-4	5.771381010922135E-5	1.409350184167575E-4	0.00859976448525511	8.360752747571602E-5	1.5680696165342034E-4	8.390491017762991E-5	1.2326835456247275E-4	1.0689376628893577E-4	0.2885735266379048	1.1100328811965969E-4	1.964108557746476E-4
227	file:/home/ulrike/Git/johnson-topics/data/letters-leipzig-txt/uj1159.txt	5.611847988082361E-5	6.177104208362267E-5	5.0841923247677165E-5	0.18226869688258723	4.550312208458843E-5	7.592360391034756E-5	7.677921386461553E-5	5.472917874007099E-5	4.853845765783663E-5	7.371108752714805E-5	4.111117893227952E-5	6.669890264794473E-5	0.002808846026561399	4.869512547719433E-5	0.6049056908632986	5.265958473265624E-5	4.230337770180269E-5	4.813224155845429E-5	3.922934096406435E-5	6.053513841105451E-5	1.1521221913423061E-4	1.3407372361226446E-5	0.14085684997476558	3.4250395819210246E-5	0.0055695410320472085	5.432534891486716E-5	3.478711317941422E-5	5.534757561517001E-5	6.247745670759936E-5	1.8996945988499312E-5	4.6389848940566146E-5	7.001101641958294E-5	2.752006288758914E-5	5.161422154443336E-5	2.7617948698896358E-5	0.060775266996963694	3.518490809834315E-5	0.0011234970521944308	3.6537588923072614E-5	6.465014892700259E-5
228	file:/home/ulrike/Git/johnson-topics/data/letters-leipzig-txt/uj0181.txt	1.3180124958111307E-4	0.44752539562834176	1.1940859819049942E-4	1.5176832321243315E-4	1.0686975775764149E-4	0.013145861521206949	1.8032556032705085E-4	1.2853830256643044E-4	1.1399862194465634E-4	1.7311968294031997E-4	9.655473146340055E-5	1.56650692131312E-4	1.1315250310221679E-4	1.1436657585938006E-4	0.3184550993053172	1.236776029023959E-4	9.935475897494249E-5	1.130445727684802E-4	9.21350002759794E-5	1.4217432302311898E-4	2.705902668987576E-4	3.1488886273499496E-5	1.474716241712312E-4	8.044132658629293E-5	1.1321632739761811E-4	1.275898578527992E-4	8.170187425075191E-5	1.2999068475939423E-4	1.4673609980525075E-4	4.461669711699923E-5	1.0895234637912929E-4	1.6442960443941075E-4	0.01303217976780774	1.2122243706813829E-4	6.486419726820642E-5	9.529481469368404E-5	8.263614523427094E-5	0.20363562770676102	8.581308486917142E-5	1.5183893847943875E-4
229	file:/home/ulrike/Git/johnson-topics/data/letters-leipzig-txt/uj1100.txt	9.623514241355748E-5	1.0592847569241813E-4	8.718660474606503E-5	1.1081417091745288E-4	7.803132663912765E-5	1.3019808894288237E-4	1.316653372713171E-4	9.385269026197431E-5	8.323649170747609E-5	1.264039407463933E-4	7.049977418738128E-5	1.14379049624727E-4	8.26186950814217E-5	8.350515454259792E-5	0.3603431331650628	9.030363343675794E-5	0.34093129326122096	8.253988937152975E-5	6.727269203449655E-5	1.0380907819284905E-4	1.975724278296676E-4	2.299172021969041E-5	1.076769211155548E-4	5.873451537500979E-5	8.266529661347781E-5	9.316018004391665E-5	5.9654908651961475E-5	9.491315218948258E-5	0.02851203562853024	3.2577037127668185E-5	7.955193599006093E-5	1.2005884959757741E-4	4.719295990984584E-5	8.851098553349755E-5	4.73608200338446E-5	6.957984156042785E-5	6.0337069871506484E-5	0.2670389966333768	6.265672343454625E-5	1.108657309011287E-4
230	file:/home/ulrike/Git/johnson-topics/data/letters-leipzig-txt/uj0451.txt	2.2528643744772997E-4	2.4797852753685306E-4	2.0410381367749918E-4	2.594159384877657E-4	1.8267131057284798E-4	3.047936843528006E-4	3.082285122179031E-4	2.1970911772690167E-4	1.9485660032423914E-4	2.959115846447491E-4	1.6503994870492375E-4	2.6776131839528186E-4	1.9341033862128545E-4	1.9548553993487642E-4	0.2783484183660865	2.1140077684019554E-4	1.6982600517127542E-4	1.9322585447976675E-4	0.2550582506795835	2.4301701867181005E-4	4.625169900239477E-4	5.3823609641785895E-5	2.520716377102398E-4	1.3749748160803632E-4	1.935194327928451E-4	2.1808795152909095E-4	1.396521219734469E-4	2.2219165875822904E-4	2.5081441393888423E-4	7.626283344140261E-5	1.862310565744625E-4	2.810577283055032E-4	1.1047870397503458E-4	2.0720418867505163E-4	1.1087166447134374E-4	1.6288638672101098E-4	1.4124906116906702E-4	0.45889857569540465	1.466793694143068E-4	2.595366403929728E-4
231	file:/home/ulrike/Git/johnson-topics/data/letters-leipzig-txt/uj0606.txt	6.212080130197942E-5	6.837795035863356E-5	5.627987462573244E-5	7.1531718251366E-5	5.037004586794492E-5	8.40442421580374E-5	8.499136645780373E-5	6.058290326381824E-5	5.373003492023238E-5	8.159507940612404E-5	4.550834917777138E-5	7.383288512540219E-5	5.3331240670131585E-5	5.3903459619144436E-5	0.3028919980544032	5.829194958183314E-5	4.682806316559307E-5	5.328037075169138E-5	4.342523354893978E-5	6.70098568779292E-5	0.00929536526509828	1.484139834511097E-5	6.950659035431487E-5	3.791375029611868E-5	5.3361322451491506E-5	6.013588060061397E-5	0.6723460540606486	6.126744264345524E-5	0.006181046705207242	2.1028821692999164E-5	0.0031072950070296073	7.749925602380201E-5	3.046355428886241E-5	5.713477641816398E-5	3.0571909772607024E-5	4.491452294655326E-5	3.894821615708924E-5	0.004299607462683424	4.0445577042780844E-5	7.15650007656402E-5
232	file:/home/ulrike/Git/johnson-topics/data/letters-leipzig-txt/uj1000.txt	6.117103363835363E-4	6.733251686784613E-4	0.030646403479660488	7.043806666454119E-4	4.959993602103285E-4	8.275928604281264E-4	8.36919297174985E-4	5.965664859094571E-4	0.06071350431691029	8.03475686479451E-4	4.481257002540777E-4	7.270405089701836E-4	5.251585698563423E-4	5.307932725396532E-4	0.42477289173159527	5.740072140057711E-4	4.6112106848019145E-4	5.246576481961468E-4	4.27613032430558E-4	6.598534022854687E-4	0.15171689894321266	0.03023835426372044	0.06086885778675113	3.7334085300121773E-4	5.254547884531572E-4	5.921646047690245E-4	3.791912530414627E-4	6.033072201789648E-4	6.810253260629219E-4	2.0707311113136008E-4	0.1509667119226219	7.631436648947917E-4	2.9997795667333673E-4	5.626124030830809E-4	3.0104494499321057E-4	4.42278228295595E-4	3.83527351670407E-4	0.07243091513877846	3.982720283628626E-4	7.047084032099065E-4
233	file:/home/ulrike/Git/johnson-topics/data/letters-leipzig-txt/uj0402.txt	1.0857092572127841E-4	0.11762129544562683	0.07487222802242392	1.2501874905366053E-4	8.803367622258567E-5	1.468873707582175E-4	1.48542696508104E-4	1.058830818723811E-4	9.39060589699825E-5	1.4260687434406659E-4	7.953670098779586E-5	1.2904058735125005E-4	9.320907084364957E-5	9.420916002002023E-5	0.2997134663965815	1.0187909356533124E-4	0.14428858384263663	9.312016352080982E-5	7.589595928024319E-5	1.1711571713829981E-4	2.2289800636742806E-4	2.5938885583493004E-5	1.2147935474646217E-4	6.626332695234947E-5	9.326164593574658E-5	1.051018030841931E-4	6.730169970891337E-5	1.070794778071111E-4	1.2087346852338875E-4	3.675288454406771E-5	8.974920301197608E-5	1.3544844549431845E-4	5.3242331402393296E-5	9.985665729654186E-5	5.343170846982585E-5	7.84988479290834E-5	6.807130292494939E-5	0.3600199561401754	7.068829842550792E-5	1.250769181903965E-4
234	file:/home/ulrike/Git/johnson-topics/data/letters-leipzig-txt/uj0118.txt	1.9317336826587178E-4	2.1263085325773048E-4	0.00967789594728889	2.22437938063452E-4	0.13319703340942904	2.6134739090210907E-4	2.6429260711499923E-4	1.8839105802752E-4	1.6708110013148648E-4	2.5373137487684033E-4	1.4151461202432036E-4	2.2959374009244566E-4	1.6584099332470938E-4	1.6762038862305764E-4	0.6948102366149711	1.8126701535558398E-4	1.4561844827291973E-4	1.6568280615901693E-4	0.10466678025285302	2.083765741719612E-4	3.9658829823632097E-4	4.6151415435931735E-5	2.1614051805528343E-4	1.1789813870380757E-4	1.6593453685452455E-4	1.8700097818739411E-4	1.1974564955045823E-4	1.905197295015452E-4	2.1506250309207456E-4	6.539207853021758E-5	1.5968506973504693E-4	2.4099483603634642E-4	9.473070642992952E-5	1.7766862265929199E-4	0.04760949646297483	1.3966802584312478E-4	1.2111495578490613E-4	0.00386734833641383	1.2577121004654263E-4	2.225414347224125E-4
235	file:/home/ulrike/Git/johnson-topics/data/letters-leipzig-txt/uj0916.txt	1.4192344238752686E-4	1.5621875273510804E-4	1.2857904883090845E-4	1.6342396558566383E-4	1.150772390723907E-4	1.9201053286380427E-4	1.9417436749205193E-4	1.3840990458630238E-4	1.227535922856556E-4	1.864150865489839E-4	1.0397002996284741E-4	1.6868129513432427E-4	1.2184249243516392E-4	1.2314980466136163E-4	0.3638572633400688	1.3317590846772135E-4	1.069850965459093E-4	1.2172627316902937E-4	9.92108682209074E-5	1.5309315660273315E-4	2.913713054836959E-4	3.390719853633917E-5	1.5879728472513617E-4	8.661913309342362E-5	1.2191121836712663E-4	1.3738862034885698E-4	8.797648944931671E-5	0.007121693265277585	0.3562256965661834	4.8043210993301275E-5	1.1731976823791841E-4	1.7705761945829545E-4	6.959814428370706E-5	1.3053218856417335E-4	6.984569716345574E-5	1.0261335295372774E-4	8.898251142957268E-5	0.2681466587871877	9.240343657766824E-5	1.6350000402847375E-4
236	file:/home/ulrike/Git/johnson-topics/data/letters-leipzig-txt/uj0272.txt	1.6416856567480885E-5	1.8070452729016007E-5	1.4873256783585887E-5	1.890390873822665E-5	1.3311448033191034E-5	2.2210632186213696E-5	2.2460931658450933E-5	1.601043148958837E-5	1.419940274696823E-5	2.1563384359948183E-5	1.2026632390694926E-5	1.9512045235456388E-5	1.4094012155304496E-5	1.424523422929985E-5	0.5016152989066252	1.5404994064255397E-5	1.2375397293820486E-5	1.4080568604398374E-5	1.1476120971407804E-5	0.0016329161531180288	3.370409320360375E-5	3.922182309080602E-6	1.8368721916423157E-5	1.001958422141012E-5	1.4101961960837099E-5	1.5892295425815416E-5	1.017659510157754E-5	1.6191336831676013E-5	1.827710671507594E-5	5.5573518415979846E-6	1.357085041971387E-5	2.0480968428665392E-5	8.050697847002589E-6	1.5099184328168022E-5	0.4118859282593813	1.1869700093306726E-5	0.041198077858328054	0.036670830096574965	1.068867791760396E-5	0.0064797417071736346
237	file:/home/ulrike/Git/johnson-topics/data/letters-leipzig-txt/uj0146.txt	1.344158143574759E-4	1.4795491508345893E-4	1.2177732774212335E-4	0.019991956430576222	1.0898975210655395E-4	1.8185334082883986E-4	1.839027104664268E-4	1.3108813968384589E-4	1.1626003283747928E-4	0.006788946372879476	9.847010480528999E-5	0.3770661297915965	1.153971293854166E-4	1.166352859193036E-4	0.5099193391747058	1.2613101745803402E-4	1.0132567695944944E-4	1.1528705801849719E-4	0.066217887539308	1.4499466029807564E-4	2.7595801404006764E-4	3.2113536898279195E-5	1.5039704494908076E-4	8.203705545627597E-5	0.00672785470384289	1.3012088050412673E-4	8.332260882844178E-5	1.3256933304009992E-4	1.496469298557319E-4	4.550176645504041E-5	1.1111365340808613E-4	1.6769142368107113E-4	6.591646231437363E-5	1.2362714806344764E-4	6.615091985971064E-5	9.71851948430376E-5	8.427541311124933E-5	0.009303409267125112	8.751537426144226E-5	1.5485099444620976E-4
238	file:/home/ulrike/Git/johnson-topics/data/letters-leipzig-txt/uj1181.txt	1.2083290614977659E-4	1.3300386159274444E-4	1.0947155648740208E-4	1.391383436311881E-4	9.797618346122967E-5	1.6347680345822648E-4	1.6531908139455747E-4	1.1784149770979669E-4	1.0451179203855158E-4	1.5871286856452053E-4	8.851956140259405E-5	1.4361440760811122E-4	1.03736086201126E-4	1.048491252655624E-4	0.3632840546376605	1.1338529969806934E-4	9.108657395061031E-5	1.0363713770155899E-4	8.446763499465635E-5	1.3034274474149092E-4	2.4807206630540095E-4	2.886841856157932E-5	1.3519921078040376E-4	7.374709493921156E-5	1.0379459911447708E-4	1.1697198143863322E-4	7.490274132436326E-5	1.1917301438185978E-4	0.3508423761413543	4.090374858042258E-5	9.988546153141943E-5	1.5074596807403362E-4	5.925551054115981E-5	1.1113444984819432E-4	5.9466275819838035E-5	8.736449340987374E-5	7.575926338639835E-5	0.28179652655263804	7.867182187857856E-5	1.3920308237955315E-4
239	file:/home/ulrike/Git/johnson-topics/data/letters-leipzig-txt/uj0915.txt	1.3901181785539425E-4	1.530138533528008E-4	1.259411906547228E-4	1.6007124795612419E-4	1.127163767177533E-4	1.8807134869162524E-4	1.9019079125975162E-4	0.23948258945495654	1.202352460230953E-4	1.8259069552502893E-4	1.0183703709885107E-4	1.6522072097713934E-4	1.193428378040303E-4	1.2062332992013966E-4	0.335877105873023	1.3044374360714195E-4	1.04790248207711E-4	1.1922900282945952E-4	9.717551174345236E-5	1.4995238025904074E-4	0.06867025628749439	3.321157680244179E-5	1.5553948557607615E-4	8.484210183893766E-5	1.1941015379196877E-4	1.3457002977133064E-4	8.617161140646246E-5	1.3710220085242896E-4	1.5476372222393163E-4	4.705758247853793E-5	1.1491289936862401E-4	1.7342520116471916E-4	6.817030642353156E-5	1.278542608302995E-4	6.841278064238004E-5	1.0050819294098896E-4	8.715699438425131E-5	0.35154582843942705	9.05077376834837E-5	1.60145726435395E-4
240	file:/home/ulrike/Git/johnson-topics/data/letters-leipzig-txt/uj1215.txt	5.690394432337947E-5	6.263562282849218E-5	5.155353416420612E-5	0.0028648321625410053	4.6140008267154744E-5	7.698627152623662E-5	7.785385705784028E-5	5.5495197776258386E-5	0.022443678810549338	7.474278757315163E-5	4.16865931151197E-5	6.763245638102362E-5	4.885252421386938E-5	0.23799052462792017	0.6385660450262209	5.339663661743819E-5	4.2895478540160055E-5	4.880592631194303E-5	3.9778415930057897E-5	6.13824207830656E-5	0.04210643913357348	1.359502915948994E-5	6.366948050787377E-5	3.4729782789715954E-5	4.8880079750433247E-5	5.508571573151448E-5	3.527401233490851E-5	5.612225006678934E-5	6.33519248116777E-5	0.01401580095154139	4.7039146229368934E-5	7.099092827930472E-5	2.7905248496697003E-5	5.23366419635083E-5	2.800450437049301E-5	4.114263595277187E-5	3.5677375005581815E-5	0.0011392221215065204	3.704898867903078E-5	0.03925586174660861
241	file:/home/ulrike/Git/johnson-topics/data/letters-leipzig-txt/uj0302.txt	9.106193298644632E-5	1.0023419213541336E-4	8.249980786211698E-5	1.048572522776472E-4	7.383668022976507E-5	1.231991697931946E-4	1.2458754482551102E-4	8.88075517621887E-5	7.876203681728295E-5	1.1960897955557244E-4	6.670999337250933E-5	1.0823049762030565E-4	7.817745042243711E-5	7.901625743227075E-5	0.3723301784037612	8.544927778162863E-5	6.864454193275892E-5	7.810288098664524E-5	6.365638601684187E-5	9.822872481612552E-5	0.28240557594569404	2.1755778953298637E-5	1.018886482515369E-4	5.557718697070329E-5	7.822154684587174E-5	8.815226807384336E-5	5.6448103652540536E-5	0.3405440243368377	1.0138047195777884E-4	3.0825828251684214E-5	7.527554781327418E-5	1.1360497467237328E-4	4.4656058534984884E-5	8.375299533073891E-5	4.4814895182173324E-5	6.583951257800202E-5	5.7093594662396504E-5	0.001823068149648136	5.9288553094541364E-5	1.0490604060653119E-4
242	file:/home/ulrike/Git/johnson-topics/data/letters-leipzig-txt/uj0424.txt	1.1802661062423013E-4	1.2991490053435972E-4	1.069291237268724E-4	1.3590691170088133E-4	9.570072610430276E-5	1.5968012061169456E-4	1.6147961238576004E-4	1.1510467643913401E-4	1.0208454780757128E-4	0.029185772826657342	0.011698762130468979	1.4027902089668772E-4	1.0132685742545561E-4	1.024140466063974E-4	0.5522560017479058	1.1075197182949167E-4	8.897112499667958E-5	1.0123020696489504E-4	8.250590822922396E-5	1.2731558704901524E-4	2.4231069258802141E-4	2.8197961180222096E-5	1.3205926362229957E-4	7.203434839404919E-5	1.013840113999865E-4	1.1425535433277968E-4	7.316315535786193E-5	1.1640526917335546E-4	1.3140060941208448E-4	3.9953775512018245E-5	9.756566196113257E-5	0.25561780975790216	5.7879325200640836E-5	1.085533970598382E-4	5.808519554070224E-5	8.533548827576015E-5	7.399978504035562E-5	0.14751663344162813	7.684470053589744E-5	1.3597014691791825E-4
243	file:/home/ulrike/Git/johnson-topics/data/letters-leipzig-txt/uj1007.txt	6.956089702787809E-5	7.656745348071853E-5	6.302041315519411E-5	0.003502047132764261	0.3080317399045467	9.411006864064721E-5	9.517062830033962E-5	6.783880773041604E-5	6.016518377188876E-5	9.136757410709827E-5	5.095880163675233E-5	8.267571589285993E-5	5.9718626657602356E-5	6.035937923251184E-5	0.5205320775031085	6.527347068021405E-5	5.243657537580727E-5	5.966166414127495E-5	4.862619502644931E-5	7.503550592464677E-5	1.428097362681436E-4	1.6618925712426198E-5	0.01376562402995866	4.245461141862249E-5	5.9752311279367306E-5	6.733824597344319E-5	4.311989210878924E-5	0.0342880872364417	0.08220419964800128	2.3547405534798112E-5	5.750190511479304E-5	8.678120138538966E-5	3.411211894530424E-5	6.397770498507886E-5	3.423345196885177E-5	5.029385391462917E-5	4.361297337992473E-5	0.03561209736480767	4.528967046367351E-5	8.013621113577124E-5
244	file:/home/ulrike/Git/johnson-topics/data/letters-leipzig-txt/uj0626.txt	0.6513412062588203	4.2839148793331314E-4	3.525964014008161E-4	4.481500111572164E-4	3.1557101058841047E-4	5.265416374938679E-4	5.32475421497434E-4	3.7955510418762E-4	3.366215203214406E-4	5.111975028718138E-4	2.8511222280579396E-4	4.62566943749972E-4	3.3412305317985627E-4	3.3770803526407436E-4	0.2894000499938171	3.6520215778509626E-4	2.9338030097900814E-4	3.338043504410736E-4	2.7206139283660296E-4	4.1982030966960544E-4	7.990141062570434E-4	9.298214829088298E-5	4.354624774051396E-4	2.3753165775369914E-4	3.3431151713656854E-4	3.767544834783769E-4	2.4125387354902535E-4	3.838437797307385E-4	4.332905798322899E-4	1.317466839426959E-4	3.2172059499575265E-4	4.855369520091123E-4	1.9085578437340903E-4	3.579524065015213E-4	1.9153463722968255E-4	2.8139186995182393E-4	2.440126412735779E-4	0.0460829164749228	2.5339368668997623E-4	4.4835852787550507E-4
245	file:/home/ulrike/Git/johnson-topics/data/letters-leipzig-txt/uj0774.txt	2.5024702065545905E-4	2.754532780830322E-4	2.2671747068245794E-4	2.881578955775589E-4	2.0291035602482463E-4	0.06189127290727195	0.061895088296469114	2.4405176248016815E-4	2.1644571345980838E-4	3.286970723746527E-4	1.8332552958106674E-4	2.974279008284448E-4	2.1483921336884655E-4	2.171443363574726E-4	0.6292620873911202	2.3482289998386037E-4	1.886418565866424E-4	2.1463428932949356E-4	1.749339205085785E-4	0.13568590327634283	5.137615032102318E-4	5.978698987108103E-5	2.799998838960973E-4	1.527314982200078E-4	2.1496039461576472E-4	2.4225097937229198E-4	1.551248617004574E-4	2.468093563406008E-4	2.786033661711812E-4	8.47123647196136E-5	2.0686450364811818E-4	3.121974848439877E-4	1.2271917843276013E-4	0.07409341292419731	1.231556769390649E-4	0.02480201722157782	1.5689873357840648E-4	0.005009968028783335	1.6293069215970064E-4	2.882919706355504E-4
246	file:/home/ulrike/Git/johnson-topics/data/letters-leipzig-txt/uj0903.txt	1.3095218537216701E-4	1.4414241032089354E-4	1.1863936749438543E-4	1.5079063103044723E-4	1.061813023247899E-4	1.7716734085643414E-4	1.791639023024233E-4	0.09675777389323953	1.13264242338469E-4	1.7200444520838745E-4	9.59327254736962E-5	0.058133679728686154	1.1242357419720196E-4	1.1362982589251308E-4	0.5869677883824983	0.08386893602156155	9.871471519613015E-5	1.1231633915113316E-4	9.154146621333439E-5	1.4125843543105353E-4	2.688471232514624E-4	3.128603473453933E-5	1.4652161134269672E-4	7.99231232191653E-5	1.1248698733622154E-4	1.2676792344723306E-4	8.117555043022218E-5	0.032339174495871224	1.4579082522780221E-4	4.432927616489273E-5	1.0825047490154303E-4	1.6337034823004726E-4	0.11602029428775112	1.2044152161427965E-4	6.444634183422924E-5	9.468092509315519E-5	8.210380283610189E-5	0.021947687343919074	8.526027661239672E-5	1.5086079139360319E-4
247	file:/home/ulrike/Git/johnson-topics/data/letters-leipzig-txt/uj0261.txt	3.891901170156173E-4	4.2839148793331314E-4	0.28753730940513816	4.481500111572164E-4	3.1557101058841047E-4	5.265416374938679E-4	5.32475421497434E-4	3.7955510418762E-4	3.366215203214406E-4	5.111975028718138E-4	2.8511222280579396E-4	4.62566943749972E-4	3.3412305317985627E-4	3.3770803526407436E-4	0.5765847629975545	3.6520215778509626E-4	2.9338030097900814E-4	3.338043504410736E-4	2.7206139283660296E-4	4.1982030966960544E-4	7.990141062570434E-4	9.298214829088298E-5	4.354624774051396E-4	0.09596576932566617	3.3431151713656854E-4	3.767544834783769E-4	2.4125387354902535E-4	3.838437797307385E-4	4.332905798322899E-4	1.317466839426959E-4	3.2172059499575265E-4	4.855369520091123E-4	1.9085578437340903E-4	3.579524065015213E-4	1.9153463722968255E-4	2.8139186995182393E-4	2.440126412735779E-4	0.026937268941340308	2.5339368668997623E-4	4.4835852787550507E-4
248	file:/home/ulrike/Git/johnson-topics/data/letters-leipzig-txt/uj0256.txt	0.034098262616478414	1.5197457729413568E-4	1.2508579317678693E-4	0.06128733498795717	1.1195080269177184E-4	1.8679396075757063E-4	1.8889900798912777E-4	1.3464956270962258E-4	1.194186035435977E-4	1.8135053240099698E-4	0.006893184350433912	1.6409853539756946E-4	1.1853225659595557E-4	1.198040515596802E-4	0.8090385450849346	1.295577646139786E-4	1.0407850875564486E-4	0.02728657517264144	9.651549187838402E-5	1.4893389784500892E-4	2.834552844088455E-4	3.2986002477732035E-5	1.5448305532486488E-4	8.426585097487547E-5	1.1859911537107899E-4	0.04767792898611646	8.558633046157414E-5	1.3617099735801268E-4	1.5371256098765858E-4	4.673796554335858E-5	1.1413240647514561E-4	1.7224729043578596E-4	6.77072910440385E-5	1.2698586970513197E-4	6.79481183685374E-5	9.982553737527084E-5	8.656502067975336E-5	0.009556165741220129	8.989300559983692E-5	1.5905801041664932E-4
249	file:/home/ulrike/Git/johnson-topics/data/letters-leipzig-txt/uj0715.txt	6.308471793647386E-5	6.943895798251978E-5	5.715315871418602E-5	7.264166229058212E-5	5.115162826989009E-5	8.534834064601084E-5	8.631016129302873E-5	6.15229566275552E-5	5.456375363193754E-5	8.286117470245035E-5	4.6214493558742794E-5	7.497853593243425E-5	5.415877136746223E-5	5.473986932885043E-5	0.5465507804486326	5.9196454653908726E-5	4.75546852969955E-5	5.410711211019265E-5	4.409905462170973E-5	6.804963605601378E-5	1.2951402750668173E-4	1.5071689494680458E-5	0.009380670759720535	3.8502050733662014E-5	5.418931992209038E-5	0.012474516529399717	3.910539322176898E-5	0.10557652213818135	7.023306301520078E-5	2.1355121911426217E-5	0.006258872194399302	0.028008958743761178	3.0936251454858614E-5	5.802132585479904E-5	3.104628826999353E-5	4.561145303906939E-5	3.955256820424332E-5	0.016779771184040955	4.10731633534233E-5	0.2731685211608616
250	file:/home/ulrike/Git/johnson-topics/data/letters-leipzig-txt/uj0247.txt	7.841596412317743E-5	8.631445167736694E-5	7.10428799534454E-5	9.02954973938757E-5	6.358281971384863E-5	1.0609023289617963E-4	0.11197653938613142	7.647465372701372E-5	6.782418131022659E-5	1.0299862019221183E-4	5.744583137428785E-5	9.32002928127029E-5	6.732077770059805E-5	6.804309775500733E-5	0.5366472622495246	7.358275056463967E-5	5.911172496472652E-5	0.038642861248321225	5.481628511938976E-5	8.458748797033815E-5	0.004018549812085314	1.873450657068268E-5	8.77391498711185E-5	4.785906203210577E-5	6.73587503577184E-5	7.591037071093235E-5	4.8609032618469125E-5	7.733875744604941E-5	8.730154512550527E-5	2.654497837873791E-5	6.482186862381682E-5	9.782840453704445E-5	3.84545744760666E-5	7.212203455028116E-5	3.859135313229421E-5	5.669623614263204E-5	4.9164882886640274E-5	0.3063171717141838	5.105502266318725E-5	9.0337510381322E-5
251	file:/home/ulrike/Git/johnson-topics/data/letters-leipzig-txt/uj0681.txt	2.9281115722707258E-5	3.2230470878824344E-5	2.652795017508922E-5	3.371702354225104E-5	2.3742307103343367E-5	3.9614897568591246E-5	4.0061331865058744E-5	2.8556215697573693E-5	2.532606369059015E-5	3.846046593764844E-5	0.6669462519379498	0.008677455707786861	2.5138088964862013E-5	2.540780875136833E-5	0.2580058511526485	2.747635712409083E-5	2.2072766414529244E-5	2.5114111038991235E-5	2.0468816598983228E-5	3.1585609533053056E-5	0.027428519011966353	6.995606838963023E-6	3.276246398950831E-5	1.787093673350771E-5	2.5152268243021405E-5	2.8345508139756987E-5	1.81509814383517E-5	2.8878878579761315E-5	3.259905905863252E-5	9.91209624794819E-6	2.4204977363469E-5	3.652986820027314E-5	1.4359229754957012E-5	2.693091468602736E-5	1.441030394254343E-5	2.1170804568908715E-5	1.835854014414343E-5	0.03803771130692888	1.906433267182601E-5	3.373271151039665E-5
252	file:/home/ulrike/Git/johnson-topics/data/letters-leipzig-txt/uj0608.txt	8.568798932879109E-5	9.431895529120454E-5	7.763115084289482E-5	9.866918941365672E-5	6.947927042733836E-5	1.1592867403908986E-4	1.1723511528244888E-4	8.356664852312242E-5	0.32886730177949836	1.1255035586946032E-4	6.277315902220208E-5	1.0184336550948079E-4	7.356387370501948E-5	7.435317922215843E-5	0.30820445217197634	8.040656026700975E-5	6.459354182048253E-5	7.349370492198542E-5	0.008490494317188388	9.24318389450146E-5	0.14771132372862408	2.0471879891537778E-5	9.58757750662081E-5	5.2297345859972813E-5	7.360536781498161E-5	8.295003585246206E-5	5.3116866123732676E-5	8.451088623139556E-5	9.539758837053179E-5	2.9006667832041414E-5	0.004286130504167768	1.0690067230258334E-4	4.202071866606642E-5	7.881038250333227E-5	4.217018170163948E-5	6.195404892224666E-5	5.372426402261762E-5	0.19983445345758977	5.578968882244877E-5	9.871509854020034E-5
253	file:/home/ulrike/Git/johnson-topics/data/letters-leipzig-txt/uj0366.txt	0.39517242447198303	1.607067916591251E-4	1.3227302132692953E-4	1.6811900447071603E-4	1.1838331545043644E-4	1.9752684079883968E-4	1.9975284065287924E-4	1.4238630964892715E-4	0.02885547465381126	1.9177064181880794E-4	1.0695700517059155E-4	1.7352737286226608E-4	1.2534292909257026E-4	1.266877993459209E-4	0.14447703381287513	1.370019450381064E-4	1.1005869218779703E-4	1.2522337094054013E-4	1.0206111654554975E-4	0.20844415116001758	2.9974216837600094E-4	3.488132503633436E-5	1.6335940279608955E-4	8.910763101112933E-5	1.2541362946519609E-4	1.4133568473803578E-4	9.050398312170842E-5	1.439951634810295E-4	1.6254463709561127E-4	4.942345374391596E-5	1.2069027067241971E-4	1.8214434223651443E-4	7.159764290417219E-5	1.3428227319137883E-4	7.185230777873977E-5	1.0556135192387143E-4	9.153890730305582E-5	0.21839190738911624	9.505811287492891E-5	1.6819722743673508E-4
254	file:/home/ulrike/Git/johnson-topics/data/letters-leipzig-txt/uj0221.txt	1.0799413010979959E-4	1.188718933578275E-4	9.783995015371593E-5	1.2435457247666565E-4	8.7565987126539E-5	1.4610701459682213E-4	0.005460369310051775	1.053205657425046E-4	9.340717216078085E-5	1.4184925881539795E-4	7.911415305632628E-5	1.2835504429271587E-4	9.271388686455507E-5	9.370866295140213E-5	0.02186518419200899	1.013378490868529E-4	8.140841457777252E-5	9.262545187216016E-5	7.549275321056113E-5	1.1649352633324042E-4	0.9671177828491876	2.5801082251046352E-5	1.2083398161145807E-4	6.59112953570196E-5	9.276618264538903E-5	1.0454343758832267E-4	6.694415163810827E-5	1.06510605685332E-4	1.2023131422908444E-4	3.655763059027323E-5	8.927239998126485E-5	1.3472885994760114E-4	5.295947535328269E-5	9.932615724486641E-5	5.31478463331215E-5	7.808181371213405E-5	6.77096662479669E-5	0.0021620522703096603	7.031275865697532E-5	1.244124325831288E-4
255	file:/home/ulrike/Git/johnson-topics/data/letters-leipzig-txt/uj0949.txt	1.1534770664553924E-4	1.26966162600668E-4	1.0450210448540784E-4	1.328221703483889E-4	9.352856294068657E-5	1.5605578786027438E-4	1.578144357462737E-4	1.1249209293743153E-4	9.976748812214792E-5	0.05122078748978701	8.45012234366184E-5	1.3709504378153152E-4	9.902699538527962E-5	1.0008950813599088E-4	0.46028009336298786	1.082381836556832E-4	8.695170666820578E-5	0.33488643068593904	0.01710372636001719	1.244258469226902E-4	2.3681085594084297E-4	2.7557939154704736E-5	1.2906185409855154E-4	0.005744763727210601	9.908285210990255E-5	1.1166204828349128E-4	7.150253774845038E-5	1.1376316552334122E-4	1.2841814966428098E-4	3.904692639030928E-5	9.535116949516293E-5	1.4390286766626444E-4	5.656561167668313E-5	1.0608951094342782E-4	0.05112604618768433	8.339858965725034E-5	7.232017806428116E-5	0.07607600841878623	7.510052121126753E-5	1.3288397028677452E-4
256	file:/home/ulrike/Git/johnson-topics/data/letters-leipzig-txt/uj1156.txt	1.201188953079557E-4	1.3221793164859867E-4	1.0882468072571074E-4	0.23650136148795256	9.73972347339282E-5	1.625108065805985E-4	1.643421983563454E-4	1.1714516332819277E-4	1.0389422390259067E-4	1.5777502214087252E-4	8.799649257499884E-5	1.4276577913974704E-4	1.0312310177001532E-4	1.0422956380188085E-4	0.7275001017521207	1.1271529732978083E-4	9.05483364504343E-5	1.030247379646655E-4	0.005993044642393365	0.011947724805708767	2.466061895791107E-4	2.869783287845719E-5	1.3440030835076938E-4	7.331131774062193E-5	1.0318126892610663E-4	1.1628078509487457E-4	7.446013532330085E-5	1.1846881196686818E-4	1.3372997802693368E-4	4.0662045215932315E-5	9.929523073464198E-5	1.498551986719286E-4	5.8905365218067295E-5	1.1047774792303287E-4	5.9114885068667603E-5	8.684824996698642E-5	7.53115961312617E-5	0.014222943434389406	7.820694409356956E-5	1.383805207678123E-4
257	file:/home/ulrike/Git/johnson-topics/data/letters-leipzig-txt/uj0303.txt	9.533250578399879E-5	1.0493492053288606E-4	8.636883879199743E-5	1.0977479042467585E-4	7.729943253151719E-5	1.2897689716999183E-4	1.304303834562797E-4	9.297239982037E-5	8.245577580217555E-5	1.2521833615147365E-4	6.983852220643984E-5	1.1330623238503593E-4	8.184377379387003E-5	8.27219187167164E-5	0.35696329807522653	8.945663134087103E-5	7.186379616846819E-5	8.176570724140627E-5	6.664170844080674E-5	1.0283540190259204E-4	0.5207574567694101	2.2776069592213038E-5	1.0666696642832292E-4	0.03757614667645605	0.061048579912231386	9.228638499550744E-5	5.9095375987159676E-5	9.402291515502232E-5	1.0613495796029278E-4	3.2271481108770624E-5	7.880577934108588E-5	1.1893275872649264E-4	4.67503139781875E-5	8.768079756206458E-5	4.6916599659703366E-5	6.892721807906555E-5	5.977113888184557E-5	0.020667546934480998	6.206903527571227E-5	1.0982586680196094E-4
258	file:/home/ulrike/Git/johnson-topics/data/letters-leipzig-txt/uj1190.txt	1.950266845698782E-4	2.146708457816221E-4	1.7668924299460494E-4	2.245720203178711E-4	1.581354850769604E-4	2.638547726644945E-4	0.009860885235001103	1.9019849257455795E-4	0.00976274107527955	0.3072659893537963	1.4287231127693597E-4	2.3179647551933687E-4	1.6743208126587046E-4	1.6922854818411805E-4	0.44243674690408774	1.8300610143123135E-4	1.470155199643802E-4	1.6727237644349535E-4	1.36332422444984E-4	2.103757508998545E-4	4.0039318897098944E-4	4.6594194745772536E-5	2.1821418250325702E-4	1.1902926016549394E-4	1.6752652225764168E-4	1.8879507622922585E-4	0.03849712245434259	1.9234758664401697E-4	2.1712582500305554E-4	6.601945385830172E-5	1.6121709739446547E-4	2.4330695422746676E-4	9.563955822607873E-5	1.7937318555034037E-4	9.597973752684065E-5	1.4100800884268185E-4	1.2227693957299354E-4	0.18619153469823083	1.2697786620337402E-4	2.246765099296759E-4
259	file:/home/ulrike/Git/johnson-topics/data/letters-leipzig-txt/uj0204.txt	1.9691590700382207E-4	2.1675036109850706E-4	1.784008307316275E-4	2.2674744825870047E-4	1.5966734266182825E-4	2.6641073241390163E-4	0.6008630761935624	0.009879035511828367	1.7031812755009424E-4	2.586471637769075E-4	1.442563145801203E-4	2.340418867184559E-4	1.690539949275164E-4	1.7086786421104173E-4	0.243295743350526	1.8477888054161312E-4	1.484396585076118E-4	1.6889274304539455E-4	1.3765307388058124E-4	2.1241365965595294E-4	4.0427179561741125E-4	4.7045552457151384E-5	2.2032802210371523E-4	1.2018229596208937E-4	1.6914935076866187E-4	1.9062393310702715E-4	1.2206560046380981E-4	1.9421085667090728E-4	2.192291216903218E-4	6.665898394917572E-5	1.627788065411121E-4	2.456638673713007E-4	9.656601810705187E-5	1.811107726243198E-4	9.690949272285223E-5	1.4237395265831343E-4	1.2346143562236636E-4	0.13956019824591764	1.282079001034775E-4	2.2685295006080717E-4
260	file:/home/ulrike/Git/johnson-topics/data/letters-leipzig-txt/uj0770.txt	3.748371183160515E-4	4.125927761973593E-4	3.3959294764000444E-4	0.018871195046927774	3.039330215784934E-4	5.071232321752317E-4	5.128381832990223E-4	3.6555743652176857E-4	3.24207206513915E-4	4.923449761165006E-4	2.745975278424641E-4	4.455078704286445E-4	3.218008807039479E-4	3.2525365171459777E-4	0.5368812375797799	3.517338145086462E-4	2.825606863630981E-4	3.2149393144963276E-4	2.6202800132211823E-4	4.0433769565837314E-4	0.0929674092740278	8.955304617560928E-5	4.1940299362422216E-4	2.2877169334096524E-4	3.2198239427110156E-4	3.628601003093312E-4	2.3235663700081307E-4	3.696879493783182E-4	0.31389004241786717	1.2688797890208017E-4	3.0985581457171053E-4	4.676307644259927E-4	0.01862338961120257	3.447514278527839E-4	1.8447100359951737E-4	2.7101437842028835E-4	2.3501366373084463E-4	0.00750427307324559	2.4404874421448818E-4	4.318234487812995E-4
261	file:/home/ulrike/Git/johnson-topics/data/letters-leipzig-txt/uj1157.txt	4.595820908014724E-4	5.058737287978087E-4	4.163697490765413E-4	5.292059333358456E-4	3.7264765599568284E-4	6.217760833935881E-4	6.287830980619843E-4	4.48204414065112E-4	3.975055258453289E-4	6.036566883657337E-4	3.3667985321652965E-4	5.462304253109506E-4	3.9455516636155495E-4	3.9878855639310256E-4	0.7486958386990351	4.312554813239226E-4	3.4644336078679854E-4	3.9417882054846735E-4	3.21268547888613E-4	4.957523000799545E-4	9.435300576215468E-4	1.0979962812627584E-4	0.20399053777034304	2.804934943854298E-4	3.947777173860535E-4	4.448972511521231E-4	2.848889392922738E-4	4.532687730678265E-4	5.116589088409852E-4	1.5557542140802948E-4	3.799095024196326E-4	5.733549692290048E-4	2.253754568499656E-4	4.2269448322292927E-4	2.2617709235249356E-4	3.322866081972114E-4	2.8814667936185163E-4	0.031809354449886945	2.9922445415077033E-4	5.294521640214885E-4
262	file:/home/ulrike/Git/johnson-topics/data/letters-leipzig-txt/uj0254.txt	3.4319524997682507E-4	0.1860907226601011	3.1092621530989757E-4	3.951872064111178E-4	2.7827652124060216E-4	4.643144340062044E-4	4.695469576376579E-4	3.346989123478258E-4	2.968392612335012E-4	4.507836841565555E-4	2.5141738266019805E-4	4.079003318702395E-4	2.9463606537182284E-4	2.9779737078212E-4	0.4240284328876518	3.2204221112866184E-4	2.5870833130309565E-4	2.9435502723307576E-4	2.3990891248621928E-4	3.7020553663398077E-4	7.045858410656708E-4	8.199342745589628E-5	3.839990977535213E-4	2.0945993512193743E-4	2.9480225647459665E-4	3.3222927172136456E-4	2.1274225582971996E-4	3.384807480387639E-4	3.8208387715091724E-4	1.1617673253382466E-4	2.836993417739578E-4	4.281557221841437E-4	1.6830026191268043E-4	3.156492425118958E-4	1.6889888727730378E-4	2.4813670472954803E-4	2.1517498969797957E-4	0.3782967177927719	2.2344737403140697E-4	3.9537108042057666E-4
263	file:/home/ulrike/Git/johnson-topics/data/letters-leipzig-txt/uj1148.txt	1.704911564954061E-4	1.8766396426147573E-4	1.544606751885514E-4	0.11761525760892681	1.3824109143419793E-4	2.3066025778787215E-4	2.3325964984057768E-4	1.6627038004689363E-4	1.4746261477791145E-4	2.239385062768228E-4	1.2489811655516712E-4	2.0263508693699325E-4	0.0253075691408548	1.4793858058747422E-4	0.7138711605359145	1.5998283490045647E-4	1.2852008470933058E-4	1.4622850699883718E-4	1.1918098501098923E-4	1.8390921810832722E-4	3.5002132139557964E-4	4.0732365243755293E-5	0.10083556561138257	1.0405466445355319E-4	1.464506797433918E-4	1.6504352190546584E-4	1.0568524253846681E-4	1.6814910517688067E-4	1.8981009235444655E-4	5.771381010922135E-5	1.409350184167575E-4	2.1269747830201526E-4	8.360752747571602E-5	1.5680696165342034E-4	8.390491017762991E-5	0.03367153638237485	1.0689376628893577E-4	0.0034132484014995908	1.1100328811965969E-4	1.964108557746476E-4
264	file:/home/ulrike/Git/johnson-topics/data/letters-leipzig-txt/uj0110.txt	1.5977107106504454E-4	1.7586409281689704E-4	1.4474854895461846E-4	1.839753995539587E-4	1.29548814716602E-4	2.161568799018653E-4	2.1859282825787235E-4	1.5581568717436676E-4	1.3819051022598825E-4	2.0985777641503795E-4	1.170448149113442E-4	0.008049601702991876	1.3716483471733773E-4	1.3863654841792363E-4	0.5117904537630177	1.4992348817081814E-4	1.2043904217362317E-4	1.3703400025957417E-4	1.1168716323597612E-4	1.7234543632586635E-4	0.07106538332912407	3.817120932124554E-5	1.7876688893635255E-4	9.751195036034594E-5	1.3724220330123697E-4	1.546659710053286E-4	9.904000150644078E-5	0.345984721097312	1.7787527739154078E-4	5.4084900624410694E-5	1.3207335386703097E-4	1.993235580055598E-4	7.835048156445126E-5	1.4694730641056682E-4	7.862916553714329E-5	1.1551752854349732E-4	1.0017253610817053E-4	0.04249717050332658	1.0402366081139016E-4	0.01590347667363828
265	file:/home/ulrike/Git/johnson-topics/data/letters-leipzig-txt/uj0521.txt	3.96786858351574E-4	4.3675341487357106E-4	3.594788568906191E-4	4.568976117915123E-4	3.2173075420921374E-4	5.368193923693637E-4	5.428690000288956E-4	3.8696377625608306E-4	3.4319215638385604E-4	5.21175750086011E-4	2.9067743043486736E-4	4.7159595365695175E-4	3.4064492076696574E-4	3.442998794009397E-4	0.47072317784496714	3.7233066955024807E-4	2.9910689618829306E-4	3.4031999715523756E-4	2.7737185663955936E-4	4.280149327103886E-4	8.146103488737897E-4	9.479710015770817E-5	4.4396242552234474E-4	0.1368776761353341	3.4083706341917337E-4	3.84108489227789E-4	2.459629943450604E-4	3.9133616399370625E-4	4.41748133902607E-4	1.343182946697549E-4	3.280003745579217E-4	4.950143217371675E-4	1.945811668098231E-4	3.649394077738742E-4	1.952732704382227E-4	2.86884458680585E-4	2.487756114452603E-4	0.37881151631892934	2.58339768848252E-4	4.571101986223342E-4
266	file:/home/ulrike/Git/johnson-topics/data/letters-leipzig-txt/uj0691.txt	1.1534770664553924E-4	1.26966162600668E-4	1.0450210448540784E-4	1.328221703483889E-4	9.352856294068657E-5	1.5605578786027438E-4	1.578144357462737E-4	1.1249209293743153E-4	0.35191035876155036	1.5150811138614815E-4	8.45012234366184E-5	1.3709504378153152E-4	9.902699538527962E-5	1.0008950813599088E-4	0.4035364496092091	1.082381836556832E-4	8.695170666820578E-5	9.893253864444012E-5	8.063323388356754E-5	1.244258469226902E-4	0.07400354773585321	2.7557939154704736E-5	1.2906185409855154E-4	7.039935183272618E-5	9.908285210990255E-5	1.1166204828349128E-4	7.150253774845038E-5	1.1376316552334122E-4	1.2841814966428098E-4	3.904692639030928E-5	9.535116949516293E-5	1.4390286766626444E-4	5.656561167668313E-5	1.0608951094342782E-4	5.676680928345017E-5	8.339858965725034E-5	7.232017806428116E-5	0.16119147404945436	0.0057494648965891425	1.3288397028677452E-4
267	file:/home/ulrike/Git/johnson-topics/data/letters-leipzig-txt/uj0267.txt	4.129061859155418E-4	4.54496369840065E-4	3.740825599230575E-4	4.7545891772351545E-4	0.04095945175729525	5.586274927289395E-4	5.649228635871384E-4	4.02684044540107E-4	3.571342178954653E-4	0.02085467373471229	3.0248609954275515E-4	4.907543745946294E-4	3.544835017211245E-4	3.5828694177330504E-4	0.8960926506054884	3.8745647298417645E-4	3.1125800939887417E-4	3.54145378201132E-4	2.8863999145827197E-4	4.454028898904503E-4	8.477036098377402E-4	9.864819924880361E-5	4.619982440290842E-4	2.520061187302454E-4	3.5468345010148246E-4	3.997127624733446E-4	2.5595515510092243E-4	4.0723405900274884E-4	4.596939975855174E-4	1.3977492848724117E-4	3.4132527523776874E-4	5.151241057004929E-4	2.0248595876441822E-4	3.797649437791398E-4	2.032061788610414E-4	2.985390396354474E-4	2.588820337886621E-4	0.02857874465785494	2.688347317463804E-4	4.756801408201049E-4
268	file:/home/ulrike/Git/johnson-topics/data/letters-leipzig-txt/uj0055.txt	3.6220124893683674E-5	3.9868415249899446E-5	3.281451696084181E-5	4.170724965908823E-5	2.936873501307214E-5	4.900279590344099E-5	4.955502574768619E-5	3.53234387942052E-5	3.1327808633575864E-5	4.757478823290193E-5	2.6534076450680358E-5	4.304896692338472E-5	3.109528784757832E-5	3.142892555612986E-5	0.05900546894194472	3.3987676428813744E-5	2.7303548261426624E-5	0.3403542739338813	2.5319496041817206E-5	3.9070735315018E-5	7.436054888126525E-5	8.653418667986511E-6	4.0526479549567155E-5	2.2105973234920232E-5	0.007158300435824039	3.506279797257675E-5	2.245238265050811E-5	3.572256599967328E-5	4.0324351083541005E-5	1.2261054785575738E-5	2.9941048403212116E-5	4.518667939752142E-5	1.7762065490500213E-5	3.3312975593775086E-5	1.7825243187372908E-5	2.6187840410431786E-5	2.2709128408345398E-5	0.5922817016884387	2.3582178934964063E-5	4.17266553460485E-5
269	file:/home/ulrike/Git/johnson-topics/data/letters-leipzig-txt/uj0832.txt	2.3573678290489373E-4	2.5948148931332563E-4	2.1357156231882312E-4	2.7144944660749214E-4	1.9114487126396606E-4	3.189321266431294E-4	3.225262856165883E-4	2.2990074846307283E-4	2.0389539915769865E-4	3.096380136271057E-4	1.726956447057059E-4	2.801819430409423E-4	2.0238204981916176E-4	2.0455351334394426E-4	0.22167975601340056	2.212070091767755E-4	1.777037116224757E-4	2.0218900802529576E-4	0.058148448968914995	2.5428983130030956E-4	4.839717317310656E-4	5.6320321476197574E-5	2.6376446628824157E-4	1.4387556720685265E-4	2.0249620453405935E-4	2.2820438134769897E-4	1.4613015471692751E-4	2.3249844694321457E-4	2.6244892376997667E-4	7.980043190509047E-5	1.9486974294237707E-4	0.023487558475378152	1.1560347151665242E-4	0.023410279097019385	1.1601466024269423E-4	1.704421855999323E-4	1.4780117101393636E-4	0.6657331770250284	1.5348337456962864E-4	2.715757475031269E-4
270	file:/home/ulrike/Git/johnson-topics/data/letters-leipzig-txt/uj0560.txt	4.49421357325552E-4	4.946895503155254E-4	4.071643815644506E-4	0.2658211462219102	3.6440892435495357E-4	0.15536848630953093	6.148815609885321E-4	4.3829522551056075E-4	3.887172205911437E-4	5.903106619556433E-4	3.2923632066007304E-4	5.341540152873478E-4	3.858320895333089E-4	3.8997188508267124E-4	0.3341877339425985	4.217210105656723E-4	3.387839703886261E-4	3.8546406421307363E-4	3.1416573828260886E-4	4.8479189258800355E-4	9.226698943691156E-4	1.0737210803905775E-4	5.028548493483768E-4	2.742921656234458E-4	3.8604972025806127E-4	4.3506117946089817E-4	2.785904332357423E-4	4.432476184400037E-4	5.003468279149265E-4	1.52135860937833E-4	3.715102212545993E-4	5.606788725184673E-4	2.2039271275505805E-4	4.133492844614193E-4	2.211766251895008E-4	3.2494020429878814E-4	2.8177614911368323E-4	0.2300838232216482	2.926090094044321E-4	5.177466984810666E-4
271	file:/home/ulrike/Git/johnson-topics/data/letters-leipzig-txt/uj0036.txt	5.052761966287828E-4	5.56170396491347E-4	0.050170437661419015	5.81822413408248E-4	4.0969827604850264E-4	6.835963821478976E-4	6.913000716350032E-4	4.927672905097598E-4	4.3702764806998135E-4	6.636754601012558E-4	3.7015436223399495E-4	6.005395712933975E-4	4.337839480901819E-4	4.3843824436673234E-4	0.8977041826426326	4.7413320436107945E-4	3.808886098680979E-4	4.3337018396651366E-4	3.5321078262758596E-4	5.450426412777178E-4	0.0010373408547938658	1.207164935303472E-4	5.653504925691291E-4	3.0838165554934364E-4	4.340286263260513E-4	4.891313117983338E-4	3.1321411906233294E-4	4.98335175130311E-4	5.625307700296877E-4	1.7104356064197925E-4	4.1768213402520673E-4	6.303609822241494E-4	2.4778348836882076E-4	4.6472102610958896E-4	2.4866482675407764E-4	3.653243173330974E-4	3.1679576104731743E-4	0.03497201034449933	3.289749473656828E-4	5.82093125663632E-4
272	file:/home/ulrike/Git/johnson-topics/data/letters-leipzig-txt/uj1040.txt	1.429212786567029E-4	1.5731709656599467E-4	1.2948306325038194E-4	1.645729678742969E-4	0.295409761673248	1.9336052177706755E-4	1.955395699080054E-4	1.3938303785087112E-4	1.2361664904705954E-4	1.8772573496161367E-4	1.0470102313112873E-4	1.6986726069001466E-4	1.226991434297659E-4	1.2401564711533422E-4	0.6476477356091185	1.3411224251806594E-4	1.0773728806408932E-4	1.225821070484531E-4	9.990840064361283E-5	1.5416952497184115E-4	2.9341988076849574E-4	3.4145593490101125E-5	1.5991375771564294E-4	8.722813546224441E-5	1.2276835256046163E-4	1.3835457316151365E-4	8.859503512810323E-5	1.4095795706276269E-4	1.5911617739525002E-4	4.8380993516120116E-5	1.1814462083358383E-4	1.7830247732995727E-4	7.008747537281636E-5	1.314499351312881E-4	7.033676874897492E-5	0.04931898069898318	8.960813025429337E-5	0.0028612969490204223	9.305310726534745E-5	1.6464954092868905E-4
273	file:/home/ulrike/Git/johnson-topics/data/letters-leipzig-txt/uj0124.txt	1.6103677305219998E-4	1.7725728327536885E-4	1.4589524293888263E-4	1.8543284755910078E-4	1.3057509682842236E-4	2.1786926870044656E-4	2.2032451457166868E-4	1.5705005472020552E-4	1.3928525160960113E-4	2.1152026389076127E-4	1.1797204068402002E-4	1.9139820022491704E-4	1.3825145072806039E-4	1.397348233037038E-4	0.7059721768950817	1.5111117787981325E-4	1.2139315692039227E-4	1.3811957980335647E-4	1.125719458408945E-4	1.7371075208535083E-4	3.3061130709457007E-4	0.05549227916768025	1.8018307526505422E-4	9.828443732259611E-5	1.3832943222373225E-4	1.5589123053161088E-4	0.07139757460848901	0.13483235240320401	1.7928440039834996E-4	5.451335970488812E-5	1.3311963530787912E-4	2.0090259369564306E-4	7.897117190313178E-5	1.4811141889032402E-4	7.925206360251471E-5	1.1643265519598916E-4	1.009661001568142E-4	0.026989887459904483	1.0484773336296341E-4	1.8551912636725275E-4
274	file:/home/ulrike/Git/johnson-topics/data/letters-leipzig-txt/uj0868.txt	2.4133415784832282E-4	0.08337024797963564	2.1864264243123255E-4	2.7789478921429894E-4	1.9568344814532425E-4	3.265049062167228E-4	3.301844055224491E-4	2.353595515953866E-4	2.0873672677854013E-4	3.1699011217385117E-4	1.7679615996091336E-4	2.8683463155333017E-4	2.0718744421157874E-4	2.094104673418433E-4	0.6899547309594118	2.264593866599132E-4	1.8192313928468864E-4	2.0698981879997306E-4	1.6870342861411515E-4	2.603277330335465E-4	4.954632402310878E-4	5.7657600929798686E-5	2.700273353932484E-4	1.4729177355756116E-4	2.0730430943576966E-4	2.336229056458425E-4	1.4959989438340096E-4	2.380189302775068E-4	2.6868055640590977E-4	8.169522716154639E-5	1.9949676382107544E-4	3.01078178233027E-4	1.1834838033769877E-4	2.2196386494921885E-4	1.1876933239996587E-4	1.7448919433240174E-4	1.513105875803644E-4	0.0048315317077764885	0.21385468423969428	2.780240890202431E-4
275	file:/home/ulrike/Git/johnson-topics/data/letters-leipzig-txt/uj0682.txt	9.147169514450311E-5	1.0068522779360217E-4	8.28710420123286E-5	1.0532909086674885E-4	7.41689318791914E-5	1.2375354367951194E-4	1.2514816614729097E-4	8.920716961421948E-5	0.43656149748596185	1.201471982379384E-4	6.701017622556104E-5	1.0871751520073695E-4	7.852923474927809E-5	7.937181623829607E-5	0.3515065047710722	8.583378401073982E-5	6.895342990294262E-5	0.004578272690942767	6.39428281914467E-5	9.867073623564824E-5	1.8779298740715218E-4	2.1853676006894426E-5	1.023471286617348E-4	5.5827274217096695E-5	7.857352959860855E-5	8.854893726830154E-5	5.6702109865809925E-5	9.021514079514769E-5	0.018101110110379747	3.096453887964967E-5	7.56142741054721E-5	1.141161764233252E-4	4.485700268711846E-5	8.412986859693184E-5	4.5016554070368346E-5	6.613577842559154E-5	5.7350505467964026E-5	0.18632382443348766	5.955534081436387E-5	1.0537809873425097E-4
276	file:/home/ulrike/Git/johnson-topics/data/letters-leipzig-txt/uj1025.txt	0.003331887440589161	0.029462627002302812	6.013930304602986E-5	0.10130714368465113	0.12740858416169704	8.980762985042543E-5	9.081970380518622E-5	6.47374146268127E-5	0.06863305458367289	8.719051419539125E-5	4.862911334694393E-5	7.889602247424137E-5	5.6988464629865104E-5	5.7599923859513605E-5	0.2681493973500694	6.228935732992731E-5	5.003932756606739E-5	5.693410627421228E-5	4.6403146730718656E-5	7.160510069811525E-5	0.09157046752652444	1.5859156734783838E-5	7.427304927049662E-5	4.051370998661161E-5	5.702060928863344E-5	6.425973709839489E-5	4.1148575977383247E-5	6.546889673249793E-5	7.390260758192684E-5	2.2470886598563473E-5	5.4873085152688755E-5	8.281381710339281E-5	3.2552612020202E-5	6.105283027599506E-5	3.266839805058944E-5	4.799456510188477E-5	0.003307125780588033	0.30502106902963183	4.321915837273758E-5	7.647261649311437E-5
277	file:/home/ulrike/Git/johnson-topics/data/letters-leipzig-txt/uj0024.txt	4.2066539169344154E-5	4.630371255351585E-5	3.811122040877013E-5	4.843935951572627E-5	3.410924300807514E-5	5.691250483895917E-5	5.7553871991657E-5	4.102511589879945E-5	3.638453740406217E-5	5.5253997564807534E-5	3.0817032509171936E-5	4.999764795394634E-5	3.611448464249485E-5	3.6501975955027604E-5	0.16372227400966632	3.947374356008964E-5	0.3063033304348707	3.608003689919863E-5	2.940640252118231E-5	4.537727637131644E-5	8.636333947907437E-5	1.0050196580328987E-5	4.706799726316759E-5	2.567417400389505E-5	3.613485521736412E-5	4.072240415044556E-5	2.6076498548391537E-5	4.148866759199921E-5	4.6833242549916685E-5	1.4240153586130836E-5	3.4773935460520604E-5	5.248041591209186E-5	2.0629101249037476E-5	3.8690136954975684E-5	2.070247667410642E-5	3.0414909325121427E-5	2.637468651738191E-5	0.5285398991049755	2.7388659116389302E-5	4.846189754100969E-5
278	file:/home/ulrike/Git/johnson-topics/data/letters-leipzig-txt/uj0101.txt	5.684158207176243E-6	6.256697910761367E-6	5.149703554170246E-6	6.5452729979348305E-6	4.608944244365372E-6	0.002244682031360157	7.7768535348055E-6	5.543437940016142E-6	4.916388915832826E-6	7.466087535106196E-6	4.164090788468772E-6	6.7558336523209495E-6	4.879898568603308E-6	4.93225756860271E-6	0.4295347887339859	5.333811809947191E-6	0.014544731815283336	4.87524388517457E-6	3.973482191188123E-6	6.1315150473155584E-6	1.1669676055901276E-5	0.36351253222392527	6.359970376021646E-6	3.469172167675287E-6	2.8450663126463374E-4	5.502534611556254E-6	3.523535478912801E-6	5.6060744490654066E-6	6.3282496080110735E-6	1.9241726910837236E-6	4.698759502131319E-6	7.091312780018992E-6	2.787466653706522E-6	5.227928511639115E-6	0.1663790655778988	4.109754685664711E-6	3.563827540600943E-6	0.023322587715824124	3.700838589865007E-6	6.5483184041868765E-6
279	file:/home/ulrike/Git/johnson-topics/data/letters-leipzig-txt/uj0162.txt	5.610597536272249E-4	6.175727804162616E-4	0.028108832830115994	6.460568340634824E-4	4.5492982918043424E-4	7.590668634448664E-4	7.676210564871947E-4	5.471698379096212E-4	4.8527642147087375E-4	7.369466296201025E-4	4.110201839403599E-4	6.66840405626342E-4	4.8167461017707165E-4	4.868427505716765E-4	0.6104052399595827	5.264785093780141E-4	4.2293951513614164E-4	4.8121516562212534E-4	3.9220599743610383E-4	6.052164975748403E-4	0.0011518654714021558	1.3404384883113437E-4	6.277663784484657E-4	3.424276402491715E-4	4.819463014058506E-4	5.431324394854772E-4	3.477936179186129E-4	5.5335242872683E-4	0.30423043109211	1.8992713021828017E-4	4.637951219040796E-4	6.999541631737142E-4	2.751393076987582E-4	5.160272068110014E-4	2.761179476992048E-4	0.028006183777313065	3.517706807271993E-4	0.011232467106089931	3.652944748832545E-4	6.46357433522398E-4
280	file:/home/ulrike/Git/johnson-topics/data/letters-leipzig-txt/uj0073.txt	4.979497956394511E-5	5.481060400655389E-5	4.5112991914359654E-5	5.7338610801003186E-5	4.037577352611153E-5	6.736843751230518E-5	0.0025177199717167646	4.856222660878922E-5	4.306908370059574E-5	6.540523023512514E-5	3.6478720006848934E-5	5.918318709532423E-5	4.27494170009108E-5	4.320809799463599E-5	0.5293953860326305	4.672583703580479E-5	3.7536580331837044E-5	4.270864053801819E-5	0.45075979865216437	5.371396350151474E-5	0.012350191639798702	1.1896612918797317E-5	5.57153026637203E-5	3.039101849331089E-5	4.2773530046085194E-5	4.820390083203902E-5	3.086725787184944E-5	4.911094175259491E-5	5.543741894949769E-5	1.6856346417144064E-5	4.1162582893827495E-5	0.0025117144232026946	2.4419067872047888E-5	4.5798266675648866E-5	2.4505923788031256E-5	3.600271898258175E-5	3.1220228763091914E-5	9.969000028685953E-4	3.242048782511545E-5	5.736528949933588E-5
281	file:/home/ulrike/Git/johnson-topics/data/letters-leipzig-txt/uj0598.txt	4.758047690463724E-5	5.237304444947215E-5	4.3106708521163516E-5	5.4788624693733446E-5	3.858016564298416E-5	6.437240085698666E-5	6.50978362172259E-5	4.640254744215809E-5	0.29496343989936424	6.249650213529071E-5	3.485642347875063E-5	5.6551168238069636E-5	4.084824747616368E-5	4.128652982148549E-5	0.26242397953681895	4.464782653594511E-5	3.586723820750842E-5	4.080928444077528E-5	3.326089294807551E-5	5.1325174188662044E-5	0.43311850059187207	1.1367541892438094E-5	5.3237508978625826E-5	2.9039456712146066E-5	4.0871288156149247E-5	4.606015727563327E-5	2.9494516578623836E-5	4.6926859902082764E-5	5.2971983422384465E-5	1.610670409790093E-5	3.933198370329456E-5	5.935936890835925E-5	2.3333093116881524E-5	4.376150746351434E-5	2.3416086341111504E-5	3.440159136635576E-5	2.983179000429529E-5	0.00797452465424449	3.097867065532267E-5	5.4814116926102664E-5
282	file:/home/ulrike/Git/johnson-topics/data/letters-leipzig-txt/uj0520.txt	0.01287785571492725	2.8240643049005806E-4	2.324404053956014E-4	0.025538015371205675	2.0803233765533257E-4	0.0886961521651957	0.0634574802388222	2.5021225950361026E-4	2.219093624822747E-4	3.3699423571164244E-4	1.8795313959227034E-4	3.049357494877683E-4	2.202623101784218E-4	0.06332908468505573	0.12767332392471178	2.4075043667396795E-4	1.9340366442686664E-4	2.200522133268685E-4	1.7934970462601436E-4	2.7675609446161563E-4	5.267301709187593E-4	6.129616796263973E-5	2.870678043805732E-4	1.5658683583612797E-4	2.203865503530992E-4	2.483660199775415E-4	1.5904061399437986E-4	2.53039462157671E-4	2.85636034940201E-4	8.685072367019209E-5	2.120862981806761E-4	3.200781559629426E-4	1.2581692755684487E-4	2.3597121850646354E-4	1.262644444131976E-4	1.8550058953175952E-4	1.608592629815496E-4	0.6109584395861499	1.6704348378175976E-4	2.9556920481297976E-4
283	file:/home/ulrike/Git/johnson-topics/data/letters-leipzig-txt/uj1228.txt	1.371362096841022E-4	1.5094932360204292E-4	1.2424193709528823E-4	1.5791149675448366E-4	1.1119555812497603E-4	1.8553380789952602E-4	1.8762465402268326E-4	1.3374118734997588E-4	1.1861297956116891E-4	1.801271020995772E-4	1.0046300730865389E-4	0.12159492297732508	1.1773261210362784E-4	1.1899582726074692E-4	0.6416713523709112	1.2868373963641487E-4	1.0337637240317645E-4	1.176203130402607E-4	9.586437728965286E-5	0.18229582638697414	2.815430331490778E-4	3.2763471700349304E-5	1.534408788920853E-4	8.369737513919593E-5	1.1779901983485127E-4	1.327543521451832E-4	8.500894638286358E-5	1.352523580679224E-4	1.5267558247796602E-4	4.642266101948753E-5	1.1336244433273017E-4	1.7108527259295642E-4	6.725052287030542E-5	0.02036478444304054	6.748972552107273E-5	9.915209249665107E-5	8.598103414306945E-5	0.002745479343995106	8.928656774999726E-5	0.027142858634001805
284	file:/home/ulrike/Git/johnson-topics/data/letters-leipzig-txt/uj0807.txt	5.475796295966039E-5	6.027348640907255E-5	0.05931187082630632	6.305345546668526E-5	4.439996020826339E-5	7.408293844586803E-5	7.491780528978858E-5	5.34023435528856E-5	4.7361708160863584E-5	7.192406154085975E-5	4.011449379923393E-5	6.508187763464682E-5	4.701018080902872E-5	0.010822471213593653	0.24813569435364696	0.005438861241970055	4.1277789316160614E-5	4.696534022340638E-5	3.827827845665084E-5	5.906754555557982E-5	1.1241905413778445E-4	1.3082328685693501E-5	6.126835488763384E-5	3.34200411273595E-5	4.7036697161602145E-5	5.30083040376051E-5	3.394374649842924E-5	5.400574822908055E-5	6.096277496243367E-5	1.8536390632711623E-5	4.526518956654392E-5	6.83136936711949E-5	2.685287604807471E-5	5.036290429683514E-5	2.694838874979471E-5	3.959105053881223E-5	3.4331897415605E-5	0.3405073934082824	0.33405930749453794	6.308279318683107E-5
285	file:/home/ulrike/Git/johnson-topics/data/letters-leipzig-txt/uj1002.txt	0.017615155148425952	9.803830052480093E-5	8.069243422940672E-5	1.0256008046747998E-4	7.221909502038889E-5	1.205001704036668E-4	1.2185812945695554E-4	0.06580969260842974	7.703654881566205E-5	1.1698863265433572E-4	6.52485368408619E-5	1.0585942606604237E-4	7.64647693116862E-5	7.728520006451038E-5	0.32035809357544426	8.357728831160749E-5	6.714070406532903E-5	7.639183351402694E-5	6.226182672486446E-5	9.607676820182484E-5	0.35946766345055164	2.1279161828262634E-5	9.965651146122957E-5	5.435962362220509E-5	7.650789968786475E-5	8.622106254610987E-5	5.521146060085477E-5	8.784346302808809E-5	9.915946809563107E-5	3.0150508022070295E-5	7.362644045374049E-5	1.111161611697924E-4	4.3677751011265684E-5	8.191816735545108E-5	4.38331079271011E-5	6.439712620029242E-5	5.584281044527536E-5	0.2340037972664754	5.798968258367049E-5	1.0260779996067217E-4
286	file:/home/ulrike/Git/johnson-topics/data/letters-leipzig-txt/uj0231.txt	6.118589809718506E-5	6.734887855679381E-5	5.5432875970688605E-5	0.0030804073574694888	4.961198872250239E-5	8.277939641085996E-5	0.003093664441188993	5.967114505674428E-5	5.292141074301917E-5	8.03670929727004E-5	4.482345940494992E-5	7.272171785974825E-5	5.2528618251019664E-5	5.309222544168324E-5	0.38261220679876484	5.741466967984272E-5	4.612331201283499E-5	5.247851391268758E-5	4.277169416820172E-5	6.60013745558251E-5	1.2561571721949734E-4	1.4618038849005567E-5	6.846053279042914E-5	3.7343157420387616E-5	5.25582473087635E-5	5.923084997772576E-5	0.009067784863005938	6.0345382282410025E-5	6.811908140777604E-5	2.071234295509197E-5	5.0578785741329514E-5	7.633291075285775E-5	3.0005085081492783E-5	5.627491169557469E-5	3.0111809841117828E-5	4.423857011651137E-5	0.5719292752046106	0.028314516794305772	3.9836880779942256E-5	7.048796461728685E-5
287	file:/home/ulrike/Git/johnson-topics/data/letters-leipzig-txt/uj0680.txt	4.277468358144245E-5	0.1389268559255051	3.8752781333524895E-5	4.9254783423754336E-5	3.468343499805167E-5	5.787056492842801E-5	5.8522728799236116E-5	4.171572908336566E-5	0.12418709690543628	5.6184138489025175E-5	3.133580371782713E-5	5.083930395217608E-5	3.672243269337777E-5	3.711644700050729E-5	0.32850476186817906	4.013824107946365E-5	3.224452265035767E-5	0.0021409263859739932	2.990142730897051E-5	4.614115344162236E-5	0.008504773095979447	1.0219380703610418E-5	4.786033577992534E-5	2.610637078582921E-5	0.014766416012584008	4.140792151212484E-5	2.6515468026241758E-5	4.218708416490542E-5	4.7621629226525834E-5	1.4479871076291969E-5	3.535931682464718E-5	5.3363866607266366E-5	2.097636972095308E-5	3.934144330983623E-5	2.105098034145939E-5	3.092691122754455E-5	0.01265225256115033	0.3690981747011618	2.7849717389570715E-5	4.927770085216859E-5
288	file:/home/ulrike/Git/johnson-topics/data/letters-leipzig-txt/uj0970.txt	5.643004912337879E-5	6.211399429534883E-5	5.112419710024708E-5	6.49788523361442E-5	4.575575496616147E-5	0.2138279624921449	7.720549129690847E-5	5.503303459650053E-5	4.8807942692345147E-5	7.412033075250847E-5	4.133942778912103E-5	6.706921429254762E-5	4.844568112051008E-5	4.896548032987885E-5	0.28902469272063425	5.295195022372562E-5	4.253824563436372E-5	0.2998558627830144	3.94471418752093E-5	6.087122889787382E-5	1.1585187622980745E-4	1.3481809959324505E-5	6.313924202338929E-5	3.4440553676395065E-5	4.847300717497623E-5	5.46269627121207E-5	3.498025088604863E-5	5.5654864804904045E-5	6.282433092629702E-5	1.910241684382305E-5	4.6647404920830694E-5	0.15830211646474399	2.7672854003228166E-5	5.190078318947126E-5	2.7771283275586906E-5	4.080000069391191E-5	3.53802543584139E-5	0.03721767009529622	3.674044525363841E-5	6.500908591130871E-5
289	file:/home/ulrike/Git/johnson-topics/data/letters-leipzig-txt/uj0077.txt	5.565752407216183E-5	6.126365626853992E-5	5.042430894496756E-5	6.408929452060436E-5	4.512936056286367E-5	7.529996930172428E-5	7.61485512969455E-5	5.427963461668955E-5	4.813976396462936E-5	0.6051692874343895	4.077349272320878E-5	6.615103950781283E-5	4.778246173881088E-5	4.8295144918385625E-5	0.35077975911575954	5.2227040203371346E-5	4.195589880146415E-5	4.773688451426139E-5	3.890711212561825E-5	6.0037904278234474E-5	1.1426586880985406E-4	1.3297244535563256E-5	6.227486839735764E-5	3.3969063913296936E-5	4.7809413700715465E-5	5.3879121839702875E-5	3.45013726903511E-5	5.489295199511936E-5	6.196426842023052E-5	1.884090554301987E-5	4.6008803866332E-5	6.943594765867823E-5	2.7294013770262525E-5	5.119026360257557E-5	2.739109554993162E-5	4.024145036274344E-5	3.4895900131634055E-5	0.042184145268434586	3.623747006945517E-5	6.411911419936854E-5
290	file:/home/ulrike/Git/johnson-topics/data/letters-leipzig-txt/uj1113.txt	8.4617920261509E-5	9.314110297717472E-5	7.666169533547543E-5	0.04588666150805856	6.861161536057815E-5	1.1448096019877249E-4	1.1577108664266323E-4	8.252307069685428E-5	7.318842827585108E-5	1.111448303661675E-4	6.19892496756133E-5	1.0057154858399038E-4	7.264521023376987E-5	7.342465892703955E-5	0.3418195150733365	7.940244552908381E-5	6.378689958754283E-5	7.257591771641553E-5	5.9151731348715004E-5	9.127755288390118E-5	1.7372206789199204E-4	2.0216227663114114E-5	0.19573954678468905	5.164425815720294E-5	7.268618616651845E-5	8.191415826692237E-5	5.245354427623459E-5	8.345551679265409E-5	0.03755811721784424	2.8644433425152785E-5	6.994866124193854E-5	1.0556569987997548E-4	4.149596517865541E-5	0.008403139745613856	4.1643561724276706E-5	6.118036859827269E-5	5.305335700818751E-5	0.36800785440342143	5.509298884442587E-5	9.748234731976671E-5
291	file:/home/ulrike/Git/johnson-topics/data/letters-leipzig-txt/uj1154.txt	1.201188953079557E-4	1.3221793164859867E-4	1.0882468072571074E-4	1.3831616456564012E-4	9.73972347339282E-5	1.625108065805985E-4	1.643421983563454E-4	1.1714516332819277E-4	1.0389422390259067E-4	0.017885003421394895	8.799649257499884E-5	1.4276577913974704E-4	1.0312310177001532E-4	1.0422956380188085E-4	0.5206824370941571	1.1271529732978083E-4	9.05483364504343E-5	1.030247379646655E-4	8.396850930869131E-5	1.2957253953941824E-4	2.466061895791107E-4	2.869783287845719E-5	0.44922418642278594	7.331131774062193E-5	1.0318126892610663E-4	1.1628078509487457E-4	7.446013532330085E-5	1.1846881196686818E-4	1.3372997802693368E-4	4.0662045215932315E-5	9.929523073464198E-5	1.498551986719286E-4	5.8905365218067295E-5	1.1047774792303287E-4	5.9114885068667603E-5	8.684824996698642E-5	7.53115961312617E-5	0.008313867301304732	7.820694409356956E-5	1.383805207678123E-4
292	file:/home/ulrike/Git/johnson-topics/data/letters-leipzig-txt/uj0190.txt	6.117103363835363E-4	6.733251686784613E-4	5.541940914698577E-4	0.36181089332493294	4.959993602103285E-4	8.275928604281264E-4	8.36919297174985E-4	5.965664859094571E-4	5.29085540529034E-4	8.03475686479451E-4	4.481257002540777E-4	7.270405089701836E-4	5.251585698563423E-4	5.307932725396532E-4	0.42477289173159527	5.740072140057711E-4	4.6112106848019145E-4	5.246576481961468E-4	4.27613032430558E-4	6.598534022854687E-4	0.0012558520022595374	1.4614487552981078E-4	6.844390103698777E-4	3.7334085300121773E-4	5.254547884531572E-4	5.921646047690245E-4	3.791912530414627E-4	6.033072201789648E-4	6.810253260629219E-4	2.0707311113136008E-4	5.056649816687564E-4	7.631436648947917E-4	2.9997795667333673E-4	5.626124030830809E-4	3.0104494499321057E-4	4.42278228295595E-4	3.83527351670407E-4	0.19279975269154095	3.982720283628626E-4	7.047084032099065E-4
293	file:/home/ulrike/Git/johnson-topics/data/letters-leipzig-txt/uj0771.txt	3.6150511868026427E-4	3.979179041710686E-4	3.275144932046701E-4	4.1627090690859005E-4	2.931228997015782E-4	4.890861530913006E-4	4.945978379893685E-4	3.525554914837154E-4	3.1267598362280674E-4	4.748335218833786E-4	2.6483079460742464E-4	4.2966229250675095E-4	3.103552446804534E-4	3.136852094384482E-4	0.4110833988196449	3.3922354042482554E-4	2.725107239031255E-4	3.1005921282771564E-4	2.5270833406534714E-4	3.899564357781623E-4	7.421763212401075E-4	8.63678728812447E-5	4.0448589954515706E-4	2.20634868082031E-4	3.1053030227328404E-4	3.4995409263618836E-4	2.2409230444542396E-4	0.05370771077884852	4.0246849967936625E-4	1.223748973371911E-4	0.053650006720372866	0.08936961780880792	1.7727927808083456E-4	3.324894994418013E-4	1.779098408100617E-4	2.61375088665249E-4	2.2665482751595617E-4	0.3806955670366649	2.353685532462114E-4	4.1646459081189617E-4
294	file:/home/ulrike/Git/johnson-topics/data/letters-leipzig-txt/uj1052.txt	1.005179450387703E-4	1.1064266577311332E-4	9.106671559045066E-5	1.1574579163534552E-4	8.150399537735994E-5	1.3599236225237679E-4	0.3611105238443449	9.802946537921716E-5	8.69408086156003E-5	1.32029361104161E-4	7.363726232730728E-5	1.1946931999495213E-4	8.62955178647849E-5	8.722142789269022E-5	0.27748295911164467	9.432246303111949E-5	7.577269740403626E-5	8.621320502337382E-5	7.026656365794506E-5	1.0842894762365091E-4	0.00515120069826905	2.4014932709904138E-5	1.1246892317283617E-4	6.13484080791708E-5	0.005031179795192747	9.730613601853135E-5	6.230976209711477E-5	9.91371215957675E-5	1.1190797706626074E-4	3.4026829964597336E-5	8.309227719758843E-5	1.254018910618575E-4	4.9293212764721616E-5	9.245003598529627E-5	4.946854325517591E-5	7.267638945990818E-5	6.302228189242133E-5	0.34815087049821636	6.544516820516369E-5	1.1579964621980754E-4
295	file:/home/ulrike/Git/johnson-topics/data/letters-leipzig-txt/uj0003.txt	7.664205593207451E-5	0.00385465747436599	6.943576400354779E-5	8.825285309003089E-5	6.214446355812193E-5	1.0369028366090747E-4	1.0485880615314721E-4	7.474466142028123E-5	6.628987803249009E-5	1.0066860871974869E-4	5.614630477968406E-5	9.109193688438783E-5	6.57978623053742E-5	6.650384219900828E-5	0.4415608459610138	7.191817823667009E-5	5.77745129023914E-5	6.573510111986725E-5	5.3576243524971906E-5	8.267396896367645E-5	0.04917119039195523	1.8310698803557587E-5	8.575433468230951E-5	0.4826446143158671	6.583497595364019E-5	7.419314348686535E-5	4.750941008512831E-5	7.558921758057298E-5	8.532662933220063E-5	2.5944483886255166E-5	6.335548298410499E-5	9.561535251286486E-5	3.758466379638258E-5	7.049050620935834E-5	3.7718348276808564E-5	5.541366672168944E-5	4.8052686034348456E-5	0.020385858947799596	4.9900067496699615E-5	8.829391566918474E-5
296	file:/home/ulrike/Git/johnson-topics/data/letters-leipzig-txt/uj1219.txt	0.3260066500220995	1.5513563922732405E-4	1.2768757004127224E-4	1.6229089608201983E-4	1.1427937255575592E-4	1.906792637418812E-4	1.9282809582739033E-4	1.3745026539674417E-4	1.219025032095634E-4	1.8512261240768608E-4	1.0324917320342612E-4	0.007100824765969611	1.2099772029950126E-4	1.2229596852085772E-4	0.6317337337002225	1.3225255821144717E-4	1.0624333538617878E-4	1.2088230681791442E-4	9.852300821941802E-5	0.014018657695931596	2.8935113702616654E-4	3.367210931623705E-5	1.576962934480079E-4	8.601857553267348E-5	1.2106596973306707E-4	1.364360620425698E-4	8.736652091211077E-5	1.390033457929724E-4	1.5690977287560856E-4	4.7710112374389656E-5	1.1650635356468745E-4	1.7583002356514083E-4	6.911559856579184E-5	1.2962716804545117E-4	6.93614350839434E-5	1.0190190246063843E-4	8.836556782710174E-5	0.016688246396505006	9.176277463042661E-5	1.623664073265064E-4
297	file:/home/ulrike/Git/johnson-topics/data/letters-leipzig-txt/uj0937.txt	3.4908891685562945E-4	3.842510741525607E-4	3.162657284210135E-4	4.019737273478432E-4	2.8305534354800704E-4	4.722880717568375E-4	4.776104531331792E-4	3.4044667224313155E-4	3.019368601145428E-4	4.585249593315421E-4	2.557349549489758E-4	4.149051743788677E-4	2.996958289317801E-4	3.029114232082306E-4	0.706077069627199	3.2757261842140294E-4	2.6315111051864354E-4	2.9940996454567054E-4	2.4402885066002994E-4	3.765630491862583E-4	7.166856420828576E-4	8.340149457718977E-5	3.905934861201247E-4	2.130569752387457E-4	2.998648740221835E-4	0.10337549494590924	2.163956629995174E-4	3.4429345312126053E-4	3.886453755744577E-4	1.1817182704829873E-4	2.8857128978100247E-4	4.3550840902633535E-4	1.7119046997761097E-4	0.17205033707257317	1.7179937549175424E-4	2.523979381766279E-4	2.1887017402822802E-4	0.006988791746924462	2.2728461941162026E-4	4.021607590121924E-4
298	file:/home/ulrike/Git/johnson-topics/data/letters-leipzig-txt/uj1227.txt	1.2083290614977659E-4	1.3300386159274444E-4	1.0947155648740208E-4	1.391383436311881E-4	9.797618346122967E-5	1.6347680345822648E-4	1.6531908139455747E-4	1.1784149770979669E-4	1.0451179203855158E-4	0.006102913737131907	8.851956140259405E-5	1.4361440760811122E-4	1.03736086201126E-4	0.42214311079355	0.5653868841689517	1.1338529969806934E-4	9.108657395061031E-5	1.0363713770155899E-4	8.446763499465635E-5	1.3034274474149092E-4	2.4807206630540095E-4	2.886841856157932E-5	1.3519921078040376E-4	7.374709493921156E-5	1.0379459911447708E-4	1.1697198143863322E-4	7.490274132436326E-5	1.1917301438185978E-4	1.3452489587847488E-4	4.090374858042258E-5	9.988546153141943E-5	1.5074596807403362E-4	5.925551054115981E-5	1.1113444984819432E-4	5.9466275819838035E-5	8.736449340987374E-5	7.575926338639835E-5	0.0024190857299709154	7.867182187857856E-5	1.3920308237955315E-4
299	file:/home/ulrike/Git/johnson-topics/data/letters-leipzig-txt/uj0665.txt	1.1734528638355939E-4	1.2916494956575824E-4	1.063118611990112E-4	1.3512237105426972E-4	9.514828098874958E-5	1.5875834596824272E-4	1.605474499377269E-4	1.1444021945051278E-4	1.0149525123579519E-4	1.5413191329996257E-4	8.596460694621531E-5	1.3946924167072347E-4	1.0074193472175493E-4	1.0182284795916793E-4	0.22580061448544098	1.1011264140467962E-4	8.84575273947542E-5	1.0064584218877785E-4	8.202963194730905E-5	1.2658064096174773E-4	2.409119220246647E-4	2.803518471491509E-5	1.3129693403378446E-4	7.16185205780828E-5	1.0079875876739865E-4	1.1359580016849727E-4	7.274081135420349E-5	1.1573330434093207E-4	0.005903274516892345	3.972313705160085E-5	0.005869634886156482	1.4639496275036068E-4	5.754520913067749E-5	0.5138722134643096	5.774989105693647E-5	8.484287786829146E-5	7.357261148105602E-5	0.24479982553203772	7.640110432513373E-5	1.3518524123764172E-4
300	file:/home/ulrike/Git/johnson-topics/data/letters-leipzig-txt/uj0207.txt	3.347631698994767E-5	3.684823591056261E-5	3.0328696405039746E-5	3.854777183857819E-5	2.714394513484485E-5	4.529065357649747E-5	4.5801049975502866E-5	3.264755816609679E-5	2.8954611710930124E-5	4.397082274810133E-5	2.452402240207026E-5	3.9787849076917794E-5	2.8739705231130462E-5	0.0016758672909065607	0.0018373721681704145	3.141298472113099E-5	2.5235203888246284E-5	2.8712291909356346E-5	2.3401450933964317E-5	3.611098316957969E-5	0.9898070800370934	7.997890322757127E-6	3.745644941507446E-5	2.04313643190264E-5	0.0016755751382733683	3.240666184696577E-5	2.075153194513375E-5	0.0033266548945202713	3.726963292503625E-5	1.1332234713100792E-5	2.767290367715122E-5	4.1763621955327856E-5	1.6416523590173693E-5	3.078939496009526E-5	1.6474915343747517E-5	2.4204015017481515E-5	2.0988828265906076E-5	6.701988994784683E-4	2.1795741998620014E-5	3.856570747325633E-5
301	file:/home/ulrike/Git/johnson-topics/data/letters-leipzig-txt/uj1119.txt	4.813471447653552E-4	5.298310788046242E-4	4.3608833741790894E-4	5.542682582775658E-4	3.9029563772646807E-4	6.512223787984259E-4	6.585612341878506E-4	4.694306399216623E-4	4.1633073551761466E-4	6.322448789434525E-4	3.5262445880599195E-4	0.024251278847946558	4.1324065184818935E-4	4.176745282875648E-4	0.4526443276880565	4.5167903352733095E-4	3.628503500796229E-4	4.128464829147172E-4	3.3648329933704245E-4	5.192303158249594E-4	9.882140934699963E-4	0.1658692584781646	5.385764205903535E-4	2.937772061836211E-4	4.134737425241558E-4	4.6596685519788213E-4	2.9838081215136694E-4	4.747348386596335E-4	5.358902354851647E-4	1.6294321817420565E-4	3.9790139328538666E-4	6.005081200925799E-4	2.3604886880107054E-4	4.4271260059895376E-4	2.3688846844606862E-4	3.480231569088365E-4	3.0179283344694086E-4	0.34114513129330637	3.1339523347889296E-4	5.545261500445863E-4
302	file:/home/ulrike/Git/johnson-topics/data/letters-leipzig-txt/uj1209.txt	6.681715876178422E-5	7.354735079331048E-5	6.053465568933433E-5	7.693954480191878E-5	5.417804151038193E-5	9.039802052760204E-5	9.141674780378438E-5	6.516299501596052E-5	0.003344765983259176	8.776370009067573E-5	4.8948798603165666E-5	7.94146808133233E-5	5.7363103825667484E-5	5.797858275641777E-5	0.7563843400646514	6.269884431801686E-5	5.03682834970545E-5	5.730838812101817E-5	4.670819859843972E-5	7.207582889749951E-5	0.003424150729875163	1.596341400445784E-5	7.476131642472184E-5	4.078004500417937E-5	5.739545980174694E-5	6.468217726037108E-5	0.0033283930207492498	6.589928584687807E-5	7.438843947180166E-5	2.261860903570807E-5	5.523381795407792E-5	8.33582308201414E-5	0.18081633310100506	6.145418839968931E-5	3.288315839644741E-5	4.831007887102099E-5	4.189271689857609E-5	0.05064229461549029	4.350327886696709E-5	7.697534348760284E-5
303	file:/home/ulrike/Git/johnson-topics/data/letters-leipzig-txt/uj0808.txt	1.9317336826587178E-4	2.1263085325773048E-4	1.7501018530305545E-4	2.22437938063452E-4	1.5663274162735783E-4	2.6134739090210907E-4	2.6429260711499923E-4	0.08571436291590002	1.6708110013148648E-4	2.5373137487684033E-4	1.4151461202432036E-4	2.2959374009244566E-4	1.6584099332470938E-4	1.6762038862305764E-4	0.3907178922314244	1.8126701535558398E-4	0.047660047258202096	1.6568280615901693E-4	1.350368710088345E-4	2.083765741719612E-4	3.9658829823632097E-4	4.6151415435931735E-5	2.1614051805528343E-4	1.1789813870380757E-4	1.6593453685452455E-4	0.05720431555010241	1.1974564955045823E-4	1.905197295015452E-4	2.1506250309207456E-4	6.539207853021758E-5	1.5968506973504693E-4	2.4099483603634642E-4	9.473070642992952E-5	1.7766862265929199E-4	9.50676530456577E-5	1.3966802584312478E-4	1.2111495578490613E-4	0.4124914361018047	1.2577121004654263E-4	2.225414347224125E-4
304	file:/home/ulrike/Git/johnson-topics/data/letters-leipzig-txt/uj1020.txt	1.0002334603627262E-4	1.1009824803651952E-4	9.061862140513475E-5	1.1517626394490113E-4	0.21658330165657835	1.353232112197787E-4	0.30028762368956163	9.754711095212216E-5	8.651301597418655E-5	1.3137971003660944E-4	7.327492984548327E-5	1.18881470666399E-4	8.587090037942463E-5	8.679225446285627E-5	0.27119709844228146	9.385834892581895E-5	7.539985750427368E-5	8.578899255872144E-5	6.992081671414557E-5	1.0789542249720859E-4	0.010046358707924684	2.389676712505472E-5	1.1191551932845974E-4	6.104654296017066E-5	8.59193363358722E-5	9.682734073682213E-5	6.20031666313279E-5	9.864931694125685E-5	1.1135733335973493E-4	3.385940079409294E-5	8.268342127239679E-5	1.2478485049057845E-4	4.9050665288706917E-5	9.19951351657305E-5	4.922513306469115E-5	7.231878495736746E-5	6.271218046976395E-5	0.19882265708907493	6.512314495946282E-5	1.1522985353763711E-4
305	file:/home/ulrike/Git/johnson-topics/data/letters-leipzig-txt/uj0097.txt	2.4720380781439885E-4	2.7210353609298255E-4	2.239603968269275E-4	2.846536548246515E-4	2.0044279657328165E-4	3.3444605109561365E-4	3.382150419725604E-4	2.4108388915437308E-4	2.1381355275368666E-4	0.18273723165228897	1.8109613798130266E-4	2.9381092906702306E-4	2.1222658904598794E-4	2.1450367981324793E-4	0.6945747474132478	2.3196725733631106E-4	1.8634781400894354E-4	2.120241570541581E-4	1.7280657788593977E-4	0.012427494792546361	5.075137341070607E-4	5.905993012496516E-5	2.7659485138088047E-4	1.5087415560150199E-4	2.1234629662770222E-4	2.3930500507356024E-4	1.5323841378248406E-4	2.438079483696199E-4	2.752153164782258E-4	8.368219159133392E-5	2.0434885845796729E-4	0.09759508453509534	1.212268106967817E-4	2.273623970260089E-4	1.2165800101657535E-4	1.78733063093978E-4	1.5499071389640882E-4	0.004949042631955191	1.6094931882193014E-4	2.8478609941792423E-4
306	file:/home/ulrike/Git/johnson-topics/data/letters-leipzig-txt/uj0792.txt	1.5729843163342448E-4	1.7314239553085884E-4	1.425084001753112E-4	1.811281705509061E-4	1.2754389914926815E-4	2.1281160581001346E-4	0.10854818844727708	1.534042618167971E-4	1.3605185457085176E-4	2.066099881293559E-4	1.1523341299304174E-4	1.8695504226901364E-4	1.350420525597614E-4	1.364909898133731E-4	0.4110130743595427	1.4760325130875023E-4	1.185751107197005E-4	1.349132429143567E-4	1.0995867708399538E-4	1.696781942595876E-4	3.229364268830391E-4	3.758046634949749E-5	1.76000267571762E-4	9.60028417845074E-5	1.3511822377664017E-4	1.5227233881592E-4	9.750724459744542E-5	1.5513760988300737E-4	1.7512245473186403E-4	5.3247875141338574E-5	1.3002936817887732E-4	1.962387987566548E-4	7.713791855844993E-5	1.4467312935348745E-4	7.741228957902086E-5	1.1372976312253659E-4	0.21676457943631205	0.2585054355359368	1.0241377609428141E-4	1.812124464647131E-4
307	file:/home/ulrike/Git/johnson-topics/data/letters-leipzig-txt/uj1166.txt	0.20694631035122843	1.5956077850109906E-4	1.313297716899506E-4	1.6692013422230523E-4	1.175391144319461E-4	1.9611826088580816E-4	1.9832838695445164E-4	1.413709413331527E-4	1.2537968973621105E-4	1.904031098272938E-4	1.0619428609691015E-4	1.7228993510045912E-4	1.2444909850505971E-4	1.257843783796201E-4	0.33598594496207757	1.3602497306282205E-4	1.0927385473257681E-4	1.2433039293190297E-4	1.0133331045050855E-4	1.5636831573059278E-4	2.9760468267656164E-4	3.46325834800608E-5	1.6219447365302826E-4	8.847219727142848E-5	1.2451929470759746E-4	1.4032780851366334E-4	8.985859188192035E-5	1.4296832229816653E-4	1.6138551811280404E-4	4.9071011089060664E-5	1.1982961856924232E-4	1.8084545616761823E-4	7.108707430900125E-5	1.3332469541648691E-4	7.133992314770543E-5	1.0480858536662242E-4	9.088613593504084E-5	0.4521602119363846	9.438024576671819E-5	1.6699779937401292E-4
308	file:/home/ulrike/Git/johnson-topics/data/letters-leipzig-txt/uj1034.txt	0.0034677759878250147	7.604699572193723E-5	6.259203972108894E-5	7.955447981861907E-5	5.6019384063765566E-5	9.347036713332465E-5	0.3059764367300201	6.737768185741493E-5	5.975621840502479E-5	9.074651436587231E-5	5.061241550943096E-5	0.14962438232174524	5.931269670728031E-5	5.994909384611467E-5	0.24170010362206387	6.482978236731155E-5	5.20801442649681E-5	5.925612138658545E-5	4.8295664502956035E-5	0.01706796507318083	1.4183900481644417E-4	1.650596062822341E-5	7.730222025664497E-5	4.216603146846871E-5	5.934615236201094E-5	6.688052260683773E-5	4.282678999574216E-5	6.813899691587631E-5	7.691667037976062E-5	2.3387344969210127E-5	5.7111043053940556E-5	8.619131694331712E-5	3.3880246051973325E-5	6.354282447861287E-5	3.400075432935743E-5	4.995198768689216E-5	4.331651960815576E-5	0.2800755589642002	4.498181955164856E-5	7.959149518990983E-5
309	file:/home/ulrike/Git/johnson-topics/data/letters-leipzig-txt/uj0156.txt	0.12295234179340844	3.4301685138280537E-4	2.8232705556521993E-4	3.5883767559416875E-4	2.5268049783607507E-4	0.015751695772069037	4.2635777709293426E-4	3.0391312720241787E-4	2.695358270664988E-4	4.093203595519117E-4	2.2829187720186536E-4	3.703814409673383E-4	2.675352823397019E-4	2.7040580918589286E-4	0.5076667844449333	2.9242059613740696E-4	2.349122004852363E-4	2.6728009423941613E-4	2.1784196227577537E-4	3.361538331775617E-4	6.39777658190543E-4	7.445162810170664E-5	3.486786551606723E-4	1.901936981509199E-4	2.676861870958689E-4	0.2609131875262472	1.9317410924274555E-4	0.015637436335904423	3.469395975744468E-4	1.0549073447786153E-4	2.576045244335589E-4	3.8877372963604746E-4	1.528199137190921E-4	2.866156561966127E-4	1.5336347720219147E-4	2.2531295778365209E-4	1.9538307894739065E-4	0.0675591770525072	2.028945649410455E-4	3.59004636773797E-4
310	file:/home/ulrike/Git/johnson-topics/data/letters-leipzig-txt/uj0107.txt	0.018503374382223128	1.3707795612195222E-4	1.1282482355835991E-4	1.4340034593550145E-4	1.0097733115913852E-4	1.6848432686879385E-4	1.7038303635810237E-4	0.2390463736821855	1.0771313457915936E-4	1.6357446597823694E-4	9.123103952450333E-5	1.4801351801998165E-4	1.0691366778569322E-4	1.0806080079528964E-4	0.6317157166762644	1.1685845020408206E-4	9.387668326151698E-5	1.068116883550244E-4	8.705499693667698E-5	1.3433532553511654E-4	2.55670861077832E-4	2.975269864728644E-5	0.05527586113678739	7.600607172709451E-5	1.0697397303151732E-4	1.2055499702887923E-4	7.719711717930384E-5	1.228234506933181E-4	1.3864558181779675E-4	4.215668767797943E-5	1.0294509309022785E-4	1.5536352816947712E-4	6.107058980600366E-5	1.1453865367138423E-4	0.049071528330994055	9.00405901816955E-5	7.807987571150825E-5	0.0024931857133859586	8.108164994883219E-5	1.434670677223842E-4
311	file:/home/ulrike/Git/johnson-topics/data/letters-leipzig-txt/uj0069.txt	1.1802661062423013E-4	1.2991490053435972E-4	1.069291237268724E-4	1.3590691170088133E-4	9.570072610430276E-5	1.5968012061169456E-4	1.6147961238576004E-4	1.1510467643913401E-4	1.0208454780757128E-4	0.1336964584283575	8.646373028007251E-5	1.4027902089668772E-4	1.0132685742545561E-4	1.024140466063974E-4	0.5812867477483781	0.06978454237296293	8.897112499667958E-5	1.0123020696489504E-4	8.250590822922396E-5	1.2731558704901524E-4	2.4231069258802141E-4	2.8197961180222096E-5	1.3205926362229957E-4	7.203434839404919E-5	1.013840113999865E-4	1.1425535433277968E-4	7.316315535786193E-5	1.1640526917335546E-4	1.3140060941208448E-4	3.9953775512018245E-5	9.756566196113257E-5	1.4724495374623156E-4	5.7879325200640836E-5	1.085533970598382E-4	5.808519554070224E-5	8.533548827576015E-5	7.399978504035562E-5	0.0023629034392667935	7.684470053589744E-5	0.20915734135031822
312	file:/home/ulrike/Git/johnson-topics/data/letters-leipzig-txt/uj0016.txt	9.578169755785986E-5	1.0542935737482679E-4	8.677579517675041E-5	1.1029203197235752E-4	7.76636553003591E-5	1.2958461602465148E-4	1.3104495090972366E-4	9.341047114611545E-5	8.284429444954636E-5	1.2580834525774068E-4	7.016759033924257E-5	0.014249368289372412	8.222940878403016E-5	8.311169138764299E-5	0.31623866846693255	8.987813691848258E-5	7.22024070736556E-5	8.215097439424908E-5	6.69557136899238E-5	1.0331994614294804E-4	1.9664149762288244E-4	2.2883386850031583E-5	1.0716956439811592E-4	0.23565059403158573	8.227579073699646E-5	0.004804563949207486	0.004771216549384796	0.056636578639706135	1.0663504918985591E-4	3.2423539252267E-5	7.91770997791842E-5	1.1949315118049556E-4	4.6970594105010196E-5	8.809393569020416E-5	4.7137663298504826E-5	6.92519922901452E-5	6.005277108776771E-5	0.3647294481106078	6.23614948080413E-5	1.1034334901349935E-4
313	file:/home/ulrike/Git/johnson-topics/data/letters-leipzig-txt/uj0767.txt	4.659883162204482E-5	5.1292522450462575E-5	4.2217362725981656E-5	5.365826622595003E-5	3.778420813963726E-5	0.002355406755570866	6.375478570603219E-5	4.54452043308614E-5	4.030464510789749E-5	6.120712042895359E-5	3.413729147541788E-5	0.3462021126715704	4.0005496582398764E-5	4.0434736609847404E-5	0.5894023952675963	4.3726685531308736E-5	3.512725182072658E-5	3.996733740359972E-5	3.257467875306589E-5	5.0266271075489925E-5	9.566821502719845E-5	1.1133015157959398E-5	5.2139151985471216E-5	2.8440336073913313E-5	4.002806190408011E-5	4.51098781055503E-5	2.8886007481084123E-5	4.595869956308319E-5	5.1879104556534345E-5	1.5774402466551044E-5	3.852051524460877E-5	5.813471021939022E-5	2.2851701960748655E-5	4.285865233983009E-5	2.2932982930029704E-5	3.369184312347583E-5	2.9216322530362718E-5	0.06053433623449534	3.0339541586256574E-5	5.368323252139562E-5
314	file:/home/ulrike/Git/johnson-topics/data/letters-leipzig-txt/uj0938.txt	1.8957043587395172E-4	2.0866501368263195E-4	1.7174601969262586E-4	2.1828918371167365E-4	0.009479356028736643	2.5647292508584283E-4	2.593632092188615E-4	0.018836166701287085	0.307910239582272	2.489989575793795E-4	1.3887518204404133E-4	2.2531152080628288E-4	1.6274784496724318E-4	1.6449405224896164E-4	0.40208178913710646	1.7788615179724696E-4	1.4290247645520242E-4	1.6259260819615417E-4	1.325182592507601E-4	2.0449008238719208E-4	0.16825079582971536	4.52906320313673E-5	2.1210921870642107E-4	1.1569918640155029E-4	1.628396437896142E-4	1.835131688289903E-4	1.175122387887685E-4	0.028163900359993117	2.1105131011224632E-4	6.417243195043009E-5	1.5670673728984902E-4	2.3649997161049165E-4	9.296385661118998E-5	1.7435487376443425E-4	9.329451873808281E-5	1.3706303707607521E-4	1.1885600569638869E-4	0.05974908544165842	1.2342541481236735E-4	2.183907500244981E-4
315	file:/home/ulrike/Git/johnson-topics/data/letters-leipzig-txt/uj1200.txt	5.974720818365655E-5	6.576527587577713E-5	5.412945930088286E-5	6.879854046510582E-5	4.8445441037743674E-5	8.083296943392618E-5	8.174390476521489E-5	5.826807217244213E-5	5.167704721786918E-5	7.84773875073041E-5	4.37695064363602E-5	7.10117813346178E-5	5.129349062194906E-5	0.3204222344327136	0.5117570451521185	5.606465425593311E-5	4.503879505982736E-5	5.1244564408126456E-5	4.17659852238535E-5	6.444945630659618E-5	0.08535882102528104	1.4274318715744994E-5	6.685079131300675E-5	3.6465091957743196E-5	5.132242299912027E-5	5.783812993793289E-5	3.7036514489572096E-5	5.892645577290898E-5	6.651736862120335E-5	2.0225324870504843E-5	4.9389505349154996E-5	7.453806272111069E-5	0.02060354482988911	0.008872485381770663	2.940377811413893E-5	4.319836989726384E-5	3.7460031589217716E-5	0.05116216874164924	3.890017934469476E-5	6.883055127738671E-5
316	file:/home/ulrike/Git/johnson-topics/data/letters-leipzig-txt/uj0222.txt	4.180699264193107E-5	0.010329192114171864	3.787607782019751E-5	4.81404932956693E-5	3.389879223769452E-5	5.6561360121827394E-5	0.01856691213408173	0.2550634894541508	3.6160048284652094E-5	5.491308567909463E-5	3.0626894363014184E-5	4.968916724311274E-5	3.589166172282136E-5	3.627676225097877E-5	0.27582703822403465	3.923019433385612E-5	0.002088149873582722	0.014432301154059789	2.922496782727133E-5	4.5097302911692696E-5	8.583048592610308E-5	0.022632971188249217	4.677759221718163E-5	2.5515766803338693E-5	3.5911906613189994E-5	4.047115080767325E-5	2.591560904383587E-5	4.123268647700541E-5	0.0370659710138806	1.4152293199084719E-5	3.455938360121666E-5	5.215661676017342E-5	2.05018216653454E-5	3.845142250662576E-5	2.0574744371052346E-5	3.0227252240588267E-5	2.6211957221548042E-5	0.3628047077876309	2.7219673706499914E-5	4.8162892263490114E-5
317	file:/home/ulrike/Git/johnson-topics/data/letters-leipzig-txt/uj1012.txt	1.3095218537216701E-4	1.4414241032089354E-4	1.1863936749438543E-4	1.5079063103044723E-4	1.061813023247899E-4	1.7716734085643414E-4	1.791639023024233E-4	1.277102582759955E-4	1.13264242338469E-4	1.7200444520838745E-4	9.59327254736962E-5	0.10966971366733338	1.1242357419720196E-4	1.1362982589251308E-4	0.606293801109491	1.2288087125981735E-4	9.871471519613015E-5	1.1231633915113316E-4	9.154146621333439E-5	1.4125843543105353E-4	2.688471232514624E-4	3.128603473453933E-5	1.4652161134269672E-4	7.99231232191653E-5	1.1248698733622154E-4	1.2676792344723306E-4	8.117555043022218E-5	1.291532842167107E-4	1.4579082522780221E-4	4.432927616489273E-5	1.0825047490154303E-4	1.6337034823004726E-4	6.421792579489907E-5	1.2044152161427965E-4	6.444634183422924E-5	9.468092509315519E-5	0.19978423531509407	0.0799257255248972	8.526027661239672E-5	1.5086079139360319E-4
318	file:/home/ulrike/Git/johnson-topics/data/letters-leipzig-txt/uj0419.txt	0.37126459431962494	4.3675341487357106E-4	3.594788568906191E-4	4.568976117915123E-4	3.2173075420921374E-4	5.368193923693637E-4	5.428690000288956E-4	3.8696377625608306E-4	3.4319215638385604E-4	5.21175750086011E-4	2.9067743043486736E-4	4.7159595365695175E-4	0.1955342277951214	3.442998794009397E-4	0.39264574469522534	3.7233066955024807E-4	2.9910689618829306E-4	3.4031999715523756E-4	2.7737185663955936E-4	4.280149327103886E-4	8.146103488737897E-4	9.479710015770817E-5	4.4396242552234474E-4	2.4216812328600208E-4	3.4083706341917337E-4	3.84108489227789E-4	2.459629943450604E-4	3.9133616399370625E-4	4.41748133902607E-4	1.343182946697549E-4	3.280003745579217E-4	4.950143217371675E-4	1.945811668098231E-4	3.649394077738742E-4	1.952732704382227E-4	2.86884458680585E-4	2.487756114452603E-4	0.02746306714509134	2.58339768848252E-4	4.571101986223342E-4
319	file:/home/ulrike/Git/johnson-topics/data/letters-leipzig-txt/uj0333.txt	3.7351522968230375E-5	4.11137739663966E-5	3.383953499751763E-5	0.01106773645748975	3.0286118107227528E-5	5.053348275488877E-5	5.110296245082058E-5	3.642682733180523E-5	3.23063867713331E-5	4.906086880169254E-5	2.736291409534044E-5	4.439367565730838E-5	3.206660279752651E-5	3.2410662255372384E-5	0.45406384849351605	3.504934012497019E-5	2.8156421685302036E-5	3.203601611984065E-5	2.6110394172463918E-5	4.02911771228883E-5	0.03682577136205048	8.923723125741536E-6	4.1792394039512285E-5	2.2796491437918788E-5	0.011056811100091967	3.615804494455258E-5	2.3153721549099278E-5	0.48512480045975176	4.158395174221293E-5	1.264404998001614E-5	3.08763086932508E-5	4.6598163267761476E-5	1.8316894242607273E-5	3.435356384560608E-5	1.838204540381246E-5	2.700586277517702E-5	2.3418487203524935E-5	7.477808743019632E-4	2.4318808969204697E-5	4.3030059397093777E-5
320	file:/home/ulrike/Git/johnson-topics/data/letters-leipzig-txt/uj0268.txt	5.181556470274041E-4	5.703471360302064E-4	4.694359093914064E-4	0.23000594314963801	4.201414527902006E-4	7.010212000104717E-4	7.089212559349783E-4	5.053278898780417E-4	4.481674483489141E-4	6.805924952321153E-4	3.795895677315706E-4	6.158472775983613E-4	4.4484106671247503E-4	4.496140006340091E-4	0.4617680111945494	4.862188223431872E-4	3.9059743049120753E-4	4.4441675577393E-4	3.622140976174119E-4	5.589357352138788E-4	0.00106378259136274	1.2379354742897333E-4	5.79761232032935E-4	3.1624227962582363E-4	4.450919817772778E-4	5.015992303560477E-4	3.211979222526005E-4	5.110376994384063E-4	5.768696349883676E-4	1.7540344751175473E-4	4.283288186770074E-4	6.464288339415868E-4	2.5409946994352407E-4	4.7656672841044783E-4	0.20417437227695515	0.051354478656212225	3.248708600092818E-4	0.03586344412977808	3.373604928262741E-4	5.969306335244486E-4
321	file:/home/ulrike/Git/johnson-topics/data/letters-leipzig-txt/uj0195.txt	1.811249034058558E-4	0.044750263190743836	1.6409458090738845E-4	2.0856420534164495E-4	1.4686336140498797E-4	2.450468268864366E-4	2.478083462762879E-4	1.76640871845221E-4	1.5666004270634308E-4	2.3790583131702838E-4	1.3268816847539848E-4	2.152736910379809E-4	1.5549728291389952E-4	1.5716569509942698E-4	0.4376297590811558	1.6996116463507564E-4	1.3653604331857028E-4	1.5534896207980474E-4	1.2661445227812643E-4	0.026925916500352157	3.718525894888433E-4	4.32728938668793E-5	2.0265956330467555E-4	1.1054468416716027E-4	0.11598791040614319	1.7533749302530677E-4	1.1227696344895189E-4	1.7863677541400362E-4	2.016487854845542E-4	6.131349271185389E-5	1.4972531198663983E-4	2.2596368635202313E-4	8.882223365321323E-5	1.6658720819696466E-4	8.913816448661206E-5	1.3095675618651968E-4	1.1356086433898586E-4	0.3689434709765858	1.1792670219201362E-4	2.0866124678439317E-4
322	file:/home/ulrike/Git/johnson-topics/data/letters-leipzig-txt/uj0191.txt	1.1600596677071424E-4	1.2769072630910248E-4	1.0509847150803973E-4	1.335801528087444E-4	9.406230674313567E-5	1.5694635868685234E-4	1.5871504273058068E-4	1.1313405679897361E-4	1.0033683588925606E-4	1.5237272977576685E-4	8.498345050063591E-5	1.378774104475444E-4	0.028633324790414003	1.0066069358969708E-4	0.4400798090522857	1.0885587153517309E-4	8.744791801891327E-5	9.949712156650977E-5	8.109338731160726E-5	1.251359136934326E-4	2.3816227547234216E-4	2.7715205328476926E-5	0.3025873647118865	0.005777547637703031	9.964829283282032E-5	1.122992752905809E-4	7.191058460796239E-5	1.1441238307395818E-4	1.2915099949485905E-4	3.9269757302174474E-5	9.589531445125077E-5	1.447240848576398E-4	5.688841728509732E-5	1.0669493689236304E-4	5.709076307560955E-5	8.38745242697685E-5	7.27328909898321E-5	0.2191788182815272	7.552910085043757E-5	1.336423054237142E-4
323	file:/home/ulrike/Git/johnson-topics/data/letters-leipzig-txt/uj0674.txt	1.1871589281030921E-4	0.02349090339084442	0.005947611040908973	1.3670061587238119E-4	9.625962384227599E-5	1.606126616888845E-4	1.6242266259828227E-4	1.1577689436172175E-4	1.0268072743100996E-4	1.559321917555084E-4	8.69686834318134E-5	1.410982584370467E-4	1.0191861209353724E-4	1.0301215052174926E-4	0.19339764693510214	1.1139876970711817E-4	8.949072147760264E-5	0.3388251532046945	8.298774747283098E-5	1.280591173910199E-4	0.011923840690866256	2.8362638893345262E-5	1.3283049730799254E-4	7.245503312668047E-5	1.0197609985056259E-4	1.1492261216547704E-4	7.359043238800616E-5	1.1708508263222354E-4	1.3216799651935343E-4	4.0187107856151344E-5	9.813545103164084E-5	1.481048727345896E-4	5.821734378468793E-5	1.0918735513451289E-4	5.84244164193615E-5	8.583385242938404E-5	7.443194803590577E-5	0.42286083896799276	7.72934780013676E-5	1.3676422038671812E-4
324	file:/home/ulrike/Git/johnson-topics/data/letters-leipzig-txt/uj0009.txt	1.2083290614977659E-4	1.3300386159274444E-4	1.0947155648740208E-4	1.391383436311881E-4	9.797618346122967E-5	1.6347680345822648E-4	1.6531908139455747E-4	1.1784149770979669E-4	1.0451179203855158E-4	1.5871286856452053E-4	8.851956140259405E-5	1.4361440760811122E-4	1.03736086201126E-4	1.048491252655624E-4	0.3454514520319584	1.1338529969806934E-4	9.108657395061031E-5	1.0363713770155899E-4	8.446763499465635E-5	1.3034274474149092E-4	2.4807206630540095E-4	2.886841856157932E-5	1.3519921078040376E-4	7.374709493921156E-5	1.0379459911447708E-4	1.1697198143863322E-4	0.07734951403270039	1.1917301438185978E-4	1.3452489587847488E-4	4.090374858042258E-5	9.988546153141943E-5	1.5074596807403362E-4	5.925551054115981E-5	0.3448747848267566	5.9466275819838035E-5	8.736449340987374E-5	7.575926338639835E-5	0.2282987187355316	7.867182187857856E-5	1.3920308237955315E-4
325	file:/home/ulrike/Git/johnson-topics/data/letters-leipzig-txt/uj0768.txt	3.783820479995404E-5	4.164947707119524E-5	3.4280456426378155E-5	4.357045865732503E-5	3.068073932384463E-5	5.119192251841445E-5	0.0056359568636524015	3.6901460590127884E-5	3.2727331628216675E-5	4.970012074102232E-5	2.7719446629891826E-5	4.4972115133637686E-5	3.248442332387906E-5	3.283296579804822E-5	0.42461367269529643	3.5506025038922286E-5	2.8523293442907263E-5	3.2453438108753766E-5	2.645060665787422E-5	4.081616197828893E-5	7.768249518369208E-5	9.03999720431993E-6	4.233693940920356E-5	2.3093524525948846E-5	3.250274634257792E-5	3.6629176029625844E-5	2.3455409264063935E-5	3.7318418206537655E-5	0.3332320122422514	1.2808799069629268E-5	3.127861995869713E-5	4.7205326715243977E-5	1.855555920009945E-5	3.480118295320809E-5	1.8621559266086943E-5	2.7357743012400015E-5	0.011192099707249433	0.22412504593856822	2.4635677507725527E-5	4.3590731264325746E-5
326	file:/home/ulrike/Git/johnson-topics/data/letters-leipzig-txt/uj0290.txt	4.565687272124275E-5	5.025568426407452E-5	4.136397178882959E-5	5.257360638119053E-5	3.7020429951901496E-5	6.176992547970478E-5	6.24660326241606E-5	4.452656510262005E-5	3.9489918260001756E-5	5.996986640618873E-5	0.25158814939915985	5.426489304968465E-5	3.919681678775408E-5	3.96173800640834E-5	0.4314965190462679	4.2842784815237904E-5	3.441718192494842E-5	3.91594289668811E-5	3.191620712353896E-5	4.925017775723411E-5	9.373435695539896E-5	1.0907969972151709E-5	5.1085199845826746E-5	0.00227388956342991	3.9218925969123165E-5	4.4198017234439576E-5	2.8302099453601083E-5	0.31224238326182935	5.083040907208468E-5	1.545553526986424E-5	3.7741853185172587E-5	5.6959562563739605E-5	2.2389772695332904E-5	4.1992298235175115E-5	2.246941063345169E-5	3.301078889078619E-5	2.8625737442749492E-5	9.14054728917574E-4	2.972625150475356E-5	5.2598068002518845E-5
327	file:/home/ulrike/Git/johnson-topics/data/letters-leipzig-txt/uj1146.txt	0.01921794950177625	8.565362361251376E-5	7.04989718596222E-5	8.960419022980092E-5	6.309602624076411E-5	0.003933304779286005	1.0646441542497597E-4	7.588915968226629E-5	6.730491574560226E-5	1.0221005723964182E-4	5.700602301261455E-5	9.248674637932718E-5	6.680536622097022E-5	6.752215615435709E-5	0.32199718922888504	7.301939708538732E-5	5.865916243250324E-5	6.674164402946809E-5	5.439660870467664E-5	8.393988163211834E-5	1.5975680060450586E-4	1.859107418499877E-5	8.706741424059027E-5	4.749265048996239E-5	6.684304815739392E-5	7.532919684717778E-5	4.823687926134978E-5	7.674664777694955E-5	8.663315982034661E-5	2.6341748602579927E-5	6.432558892591687E-5	9.707942503243572E-5	0.6393186322396321	7.156986439106744E-5	3.829589566584579E-5	5.6262166722198965E-5	4.87884739100977E-5	0.013041955845861722	5.066414267528372E-5	8.964588156356523E-5
328	file:/home/ulrike/Git/johnson-topics/data/letters-leipzig-txt/uj0032.txt	1.2453418727047401E-4	1.3707795612195222E-4	1.1282482355835991E-4	1.4340034593550145E-4	1.0097733115913852E-4	1.6848432686879385E-4	1.7038303635810237E-4	1.2145114780103374E-4	1.0771313457915936E-4	1.6357446597823694E-4	9.123103952450333E-5	1.4801351801998165E-4	1.0691366778569322E-4	0.2206541431402271	0.6929785173261065	1.1685845020408206E-4	9.387668326151698E-5	0.0613696123381972	8.705499693667698E-5	1.3433532553511654E-4	2.55670861077832E-4	2.975269864728644E-5	1.393405519294317E-4	7.600607172709451E-5	1.0697397303151732E-4	0.018499395191981533	7.719711717930384E-5	1.228234506933181E-4	1.3864558181779675E-4	4.215668767797943E-5	1.0294509309022785E-4	1.5536352816947712E-4	6.107058980600366E-5	1.1453865367138423E-4	6.128781112030766E-5	9.00405901816955E-5	7.807987571150825E-5	0.0024931857133859586	8.108164994883219E-5	1.434670677223842E-4
329	file:/home/ulrike/Git/johnson-topics/data/letters-leipzig-txt/uj1110.txt	1.8275326771170794E-4	2.0116118281737378E-4	1.6556983777880064E-4	2.1043925676235292E-4	1.4818370472085697E-4	2.472498674328273E-4	2.5003621366603254E-4	1.7822892343425533E-4	1.580684609685445E-4	0.10812345166265595	1.3388107278226833E-4	2.1720906264002836E-4	1.5689524763544093E-4	1.5857865932020497E-4	0.2887293482956356	1.7148916375981589E-4	1.3776354111275297E-4	1.56745593354937E-4	1.277527521519584E-4	1.9713638679263483E-4	3.751956498431973E-4	4.36619294686036E-5	2.0448153031704964E-4	1.1153851226321258E-4	1.5698374526790693E-4	0.02714776557446124	1.1328636522756908E-4	1.8024277074278998E-4	2.0346166531734955E-4	6.186471841920672E-5	1.5107138505079107E-4	2.279951640470031E-4	8.962077075179684E-5	1.6808487449540655E-4	8.99395418930857E-5	1.3213409460533708E-4	1.1458180875112428E-4	0.5700466236785817	1.189868967259814E-4	2.1053717063522305E-4
330	file:/home/ulrike/Git/johnson-topics/data/letters-leipzig-txt/uj1134.txt	3.266507212577109E-4	3.59552779980961E-4	2.9593729078641586E-4	3.7613628398041184E-4	2.6486155148845313E-4	4.419310720901126E-4	0.06472335931036984	3.1856396943131165E-4	2.825294312379814E-4	4.2905260364439854E-4	2.3929722042547293E-4	3.882365435292905E-4	2.804324455794158E-4	0.09669811329388711	0.7571076155460913	3.0651741406009824E-4	2.4623669185759866E-4	2.8016495554064385E-4	2.283435429396777E-4	3.5235891395132547E-4	6.706196347053573E-4	7.804074275115669E-5	3.654875242357466E-4	1.9936242965715409E-4	2.8059062505186286E-4	3.162133836002566E-4	2.024865184278136E-4	3.2216349289851143E-4	3.636646313161899E-4	1.1057616175661111E-4	2.700229522904496E-4	4.075154754371186E-4	1.601869546427319E-4	3.0043263342928954E-4	1.6075672187328239E-4	2.3617469523803678E-4	0.03234302595701363	0.03867780101823177	2.1267557139974792E-4	3.7631129391372045E-4
331	file:/home/ulrike/Git/johnson-topics/data/letters-leipzig-txt/uj1073.txt	4.046860707606863E-4	4.4544827943845185E-4	3.666353435216552E-4	0.3389011209010756	3.2813575354966734E-4	5.475063652778739E-4	5.536764082161674E-4	3.946674312510542E-4	3.5002440821719507E-4	5.315512901669278E-4	2.9646422179957906E-4	4.80984461695475E-4	3.4742646236439256E-4	3.511541837272437E-4	0.599542002729218	3.7974300940803244E-4	3.05061500924542E-4	3.470950701900803E-4	2.828937613241252E-4	4.3653583202090844E-4	8.308275698854634E-4	9.668431596174101E-5	4.5280080670118497E-4	2.469891938539624E-4	3.4762243018265763E-4	3.9175530131516193E-4	2.508596130112749E-4	3.991268642593246E-4	4.505424330775404E-4	1.3699229638552247E-4	3.345301891784596E-4	0.020412817711744254	1.9845487869087994E-4	3.7220460277160574E-4	1.9916076068278823E-4	2.9259573975830457E-4	2.537282235483348E-4	0.028009800476144788	2.634827837059799E-4	4.662103249931777E-4
332	file:/home/ulrike/Git/johnson-topics/data/letters-leipzig-txt/uj0265.txt	3.748371183160515E-4	4.125927761973593E-4	0.07409788264742603	4.3162262198126824E-4	3.039330215784934E-4	5.071232321752317E-4	0.05583155545813854	3.6555743652176857E-4	3.24207206513915E-4	4.923449761165006E-4	2.745975278424641E-4	4.455078704286445E-4	3.218008807039479E-4	3.2525365171459777E-4	0.8503539688038705	3.517338145086462E-4	2.825606863630981E-4	3.2149393144963276E-4	2.6202800132211823E-4	4.0433769565837314E-4	7.695471492952822E-4	8.955304617560928E-5	4.1940299362422216E-4	2.2877169334096524E-4	3.2198239427110156E-4	3.628601003093312E-4	2.3235663700081307E-4	3.696879493783182E-4	4.1731119377656073E-4	1.2688797890208017E-4	3.0985581457171053E-4	4.676307644259927E-4	1.838171862560621E-4	3.447514278527839E-4	1.8447100359951737E-4	2.7101437842028835E-4	2.3501366373084463E-4	0.00750427307324559	2.4404874421448818E-4	4.318234487812995E-4
333	file:/home/ulrike/Git/johnson-topics/data/letters-leipzig-txt/uj0614.txt	2.2528643744772997E-4	0.23298345991503153	2.0410381367749918E-4	2.594159384877657E-4	1.8267131057284798E-4	3.047936843528006E-4	3.082285122179031E-4	2.1970911772690167E-4	1.9485660032423914E-4	2.959115846447491E-4	1.6503994870492375E-4	2.6776131839528186E-4	1.9341033862128545E-4	1.9548553993487642E-4	0.24510049245358723	2.1140077684019554E-4	1.6982600517127542E-4	1.9322585447976675E-4	1.5748535042262173E-4	2.4301701867181005E-4	0.055875726844189344	5.3823609641785895E-5	2.520716377102398E-4	1.3749748160803632E-4	1.935194327928451E-4	2.1808795152909095E-4	1.396521219734469E-4	2.2219165875822904E-4	2.5081441393888423E-4	7.626283344140261E-5	1.862310565744625E-4	2.810577283055032E-4	1.1047870397503458E-4	2.0720418867505163E-4	1.1087166447134374E-4	1.6288638672101098E-4	1.4124906116906702E-4	0.45889857569540465	1.466793694143068E-4	2.595366403929728E-4
334	file:/home/ulrike/Git/johnson-topics/data/letters-leipzig-txt/uj1136.txt	0.24399936690078253	1.7050365709739854E-4	1.4033653238128776E-4	1.7836772667724E-4	1.2560009452760587E-4	2.0956829753987225E-4	2.1192999683019887E-4	1.5106633805022634E-4	1.3397838633391913E-4	2.0346119424359413E-4	1.1347722361636564E-4	1.8410579524403225E-4	1.3298397398732245E-4	1.3441082903277793E-4	0.6638338652389008	1.453537365614353E-4	1.167679929369728E-4	1.3285712743686562E-4	1.0828287615479847E-4	1.6709225122039058E-4	0.007938154340013891	3.700772955329145E-5	1.73317974370741E-4	9.453973168047143E-5	1.3305898433359591E-4	1.4995166587181228E-4	9.602120697464819E-5	1.527732694081148E-4	1.724535396435284E-4	5.243636266223287E-5	1.2804768431548747E-4	1.9324806469162345E-4	7.596231514974558E-5	1.424682704825936E-4	7.623250467938364E-5	1.1199648978956893E-4	9.711922128951642E-5	0.07930253079576959	1.0085296156201616E-4	1.7845071820259844E-4
335	file:/home/ulrike/Git/johnson-topics/data/letters-leipzig-txt/uj0902.txt	1.1278771233805355E-4	1.2414831157481424E-4	1.0218281439821941E-4	0.04451730747878983	9.145281652423423E-5	1.5259232993648442E-4	1.5431194688976768E-4	0.21649873196477296	9.755327676856033E-5	0.027890291287082192	8.262582723443753E-5	1.3405239523764915E-4	9.682921831761106E-5	9.786814996148844E-5	0.6553566456392395	1.0583597608633267E-4	8.502192513574062E-5	0.005645165998678335	7.88436827451958E-5	1.2166437494297411E-4	2.3155514292504535E-4	2.694632606404422E-5	1.2619749188959021E-4	6.883692857193021E-5	9.688383537391956E-5	1.0918385243304103E-4	6.99156306921245E-5	1.1123833807240406E-4	1.2556807364908423E-4	3.818032997334558E-5	9.323497266543464E-5	1.4070912820867334E-4	5.531021052391687E-5	1.0373499040723979E-4	5.550694280802616E-5	8.154766499664158E-5	0.038909719109818545	0.00780644936162847	7.343376152976945E-5	1.2993478111446085E-4
336	file:/home/ulrike/Git/johnson-topics/data/letters-leipzig-txt/uj0494.txt	2.979262587570387E-4	3.2793503150084263E-4	2.6991365434987375E-4	3.4306024317836667E-4	2.4157060122112584E-4	4.0306927971672546E-4	4.076116100359301E-4	2.9055062613066835E-4	2.576848326352772E-4	3.9132329639919567E-4	2.1825430336666258E-4	3.540964504259925E-4	2.5577224817956824E-4	2.585165632414516E-4	0.33878507583674394	2.7956340051293096E-4	2.2458354321515953E-4	2.5552828023056367E-4	2.082638519743954E-4	3.21373767579684E-4	6.116478116059347E-4	7.117812698821264E-5	3.333478961830337E-4	1.8183123115656408E-4	2.5591651793123714E-4	2.8840674216850493E-4	1.8468059905596374E-4	2.9383362074877895E-4	3.3168530175940237E-4	0.3225340274947399	2.4627812742821235E-4	3.716800639995852E-4	1.461007032669027E-4	2.7401369310155833E-4	1.4662036726368396E-4	2.1540636155473091E-4	1.8679244442669968E-4	0.32839768568964284	1.93973664200647E-4	3.4321986338209745E-4
337	file:/home/ulrike/Git/johnson-topics/data/letters-leipzig-txt/uj1102.txt	1.9317336826587178E-4	2.1263085325773048E-4	1.7501018530305545E-4	2.22437938063452E-4	1.5663274162735783E-4	2.6134739090210907E-4	2.6429260711499923E-4	1.8839105802752E-4	1.6708110013148648E-4	2.5373137487684033E-4	1.4151461202432036E-4	2.2959374009244566E-4	1.6584099332470938E-4	1.6762038862305764E-4	0.5997813789951127	1.8126701535558398E-4	0.009648504210258755	1.6568280615901693E-4	1.350368710088345E-4	2.083765741719612E-4	3.9658829823632097E-4	4.6151415435931735E-5	2.1614051805528343E-4	1.1789813870380757E-4	0.009668820298840359	1.8700097818739411E-4	1.1974564955045823E-4	1.905197295015452E-4	2.1506250309207456E-4	6.539207853021758E-5	1.5968506973504693E-4	2.4099483603634642E-4	9.473070642992952E-5	1.7766862265929199E-4	9.50676530456577E-5	0.32323778393336156	1.2111495578490613E-4	0.051381777146343004	1.2577121004654263E-4	2.225414347224125E-4
338	file:/home/ulrike/Git/johnson-topics/data/letters-leipzig-txt/uj0960.txt	6.508833739350257E-4	7.164439302036332E-4	5.896838726043564E-4	7.49488176955232E-4	5.277624356520547E-4	8.805906998803095E-4	8.905143880306122E-4	0.5129430989740696	5.629674066907641E-4	8.549290972951775E-4	4.768230163524509E-4	7.735991225252864E-4	5.587889585450345E-4	5.647844993680273E-4	0.09976275168733292	6.107657986031968E-4	4.906505890015381E-4	5.582559585924872E-4	4.54996747206314E-4	7.021094515440511E-4	0.001336274932390934	1.555037801560317E-4	7.282694861035964E-4	3.9724905658101165E-4	5.591041465486525E-4	6.300859621821117E-4	4.034741077050076E-4	6.419421344275567E-4	7.246371944336593E-4	2.2033377108065768E-4	5.380470294080377E-4	8.12014271886401E-4	3.191881073973812E-4	5.986412806122794E-4	3.203234240926893E-4	4.706010808203016E-4	4.0808788376445404E-4	0.3652427204766878	4.2377678804209794E-4	7.498369012912E-4
339	file:/home/ulrike/Git/johnson-topics/data/letters-leipzig-txt/uj0414.txt	1.2686583416275058E-4	1.3964445932397818E-4	0.14989850709045707	0.018869031454626265	1.0286792430105407E-4	1.7163884986164652E-4	0.006414555186028034	1.237250711110937E-4	1.0972984180633543E-4	1.6663706190963047E-4	9.293915337218492E-5	1.5078476715943813E-4	1.0891540663908117E-4	1.100840173583369E-4	0.2004335685891897	1.1904638468397571E-4	9.563433135463496E-5	1.0881151785301522E-4	8.868492296352529E-5	1.368504786121317E-4	2.6045777286281093E-4	0.06868111260647972	1.4194941759110521E-4	7.742912932132547E-5	1.0897684097678034E-4	1.228121417562166E-4	7.864247465349607E-5	1.2512306755664394E-4	1.412414355914375E-4	4.294598507468183E-5	1.0487252853297603E-4	1.582723911537652E-4	6.221401117528116E-5	1.1668315472552765E-4	6.243529951257325E-5	9.17264153103401E-5	7.954176102623453E-5	0.5517462882926867	8.259973732120366E-5	1.4615319391737353E-4
340	file:/home/ulrike/Git/johnson-topics/data/letters-leipzig-txt/uj0002.txt	4.286488153608295E-5	4.718246835797969E-5	3.8834498398860026E-5	0.004266710924700172	3.475657112986605E-5	5.799259520786878E-5	5.864613428107027E-5	0.004259155972935782	3.707504625688036E-5	5.630261264127225E-5	3.1401880779437245E-5	0.008485651065359085	3.679986841098066E-5	3.7194713566678235E-5	0.5358477336868276	4.0222879630707204E-5	3.2312515905898275E-5	3.676476691547533E-5	2.9964479735272283E-5	4.623845019093118E-5	8.800235029861512E-5	1.0240930067860025E-5	4.79612577280103E-5	2.616142066699279E-5	3.6820625580356495E-5	4.1495237408201464E-5	0.0653955317033538	0.35851721974870066	0.021134483442269092	1.4510404434932784E-5	3.5433878172342385E-5	5.347639371948963E-5	2.102060209127583E-5	3.942440167263501E-5	2.109537004141735E-5	3.099212606731681E-5	2.6875227566682796E-5	8.581588124041304E-4	2.7908443424120387E-5	4.938161156416226E-5
341	file:/home/ulrike/Git/johnson-topics/data/letters-leipzig-txt/uj0895.txt	5.079030387667581E-5	5.5906182862914714E-5	0.47227307645806393	5.848472058733523E-5	4.1182822537633674E-5	6.871502795884945E-5	6.948940192032285E-5	0.002548088792260421	4.392996779994931E-5	6.67125792169471E-5	3.720787297042203E-5	6.0366167097258364E-5	4.360391145936175E-5	4.407176077384618E-5	0.5099945070928225	4.76598139556006E-5	3.828687828051013E-5	4.3562319938299426E-5	3.5504706340547315E-5	5.478762221719975E-5	1.042733807572953E-4	1.2134407736285278E-5	5.682896504129266E-5	3.0998487757480297E-5	4.3628506486863005E-5	4.9167421951773095E-5	3.1484246421623347E-5	5.009259321174827E-5	5.654552686316024E-5	0.01250997268938548	4.198535900274037E-5	6.33638118177297E-5	2.4907167117395677E-5	4.671370290440882E-5	2.499575914825729E-5	3.672235742488208E-5	3.184427265283817E-5	0.0010168264857973053	3.306852302957794E-5	5.85119325514171E-5
342	file:/home/ulrike/Git/johnson-topics/data/letters-leipzig-txt/uj0318.txt	6.0278717808474865E-5	6.635032207574952E-5	5.46109935763622E-5	0.003034735316643095	4.887641043318352E-5	8.1552057447624E-5	8.247109643615273E-5	5.878642344140959E-5	5.213676489863609E-5	7.917552032486626E-5	4.4158878838045685E-5	7.164350031199368E-5	5.174979619311969E-5	0.014878928777663895	0.20198519955186958	5.656340397587887E-5	4.54394590204083E-5	5.170043473295934E-5	4.2137534352446426E-5	6.502279700957874E-5	0.19880051125124856	1.4401302687311017E-5	6.744549423034413E-5	3.678948447640028E-5	5.1778985951972875E-5	5.835265645185815E-5	3.7365990368351576E-5	0.28176530154677076	6.710910541886394E-5	2.0405248839516188E-5	4.9828873116388554E-5	7.520115140685818E-5	2.9560210974982694E-5	5.544054475438762E-5	2.9665353366754035E-5	4.3582661483010914E-5	0.003003118021199577	0.2947739352597743	3.9246234338014424E-5	6.944286608836543E-5
343	file:/home/ulrike/Git/johnson-topics/data/letters-leipzig-txt/uj0115.txt	1.4921592863235335E-4	1.6424577833665764E-4	1.3518585690432003E-4	1.7182121836547095E-4	1.209902804199685E-4	2.0187665607935954E-4	2.0415167554076172E-4	1.4552185387645058E-4	1.2906106952963246E-4	0.2717931172890926	1.0931234692348012E-4	1.7734868653797789E-4	1.281031544172249E-4	1.2947764058077123E-4	0.3972343538814256	1.4001891808125143E-4	1.1248233739518457E-4	1.279809634286926E-4	1.0430864403346652E-4	1.6095957894932516E-4	0.022327731306395194	0.029397500659322486	1.6695680365374151E-4	9.106990476296778E-5	1.2817541171021628E-4	1.4444809274633447E-4	9.249700648571613E-5	1.4716613690366734E-4	0.03686843809453087	5.051182681484605E-5	1.233480379989149E-4	0.014867081013081465	7.317432240704004E-5	1.3723935528446842E-4	0.06613759979328493	1.0788595945454323E-4	9.355472113442483E-5	0.15713703520706884	9.715142449905314E-5	1.7190116390980646E-4
344	file:/home/ulrike/Git/johnson-topics/data/letters-leipzig-txt/uj0848.txt	1.3531054076021395E-4	0.2797180447426625	0.0200918097114742	1.5580925028716892E-4	1.0971523228389577E-4	1.8306383072724545E-4	1.8512684180376933E-4	1.3196071572872274E-4	1.1703390696427097E-4	1.7772910339879084E-4	9.912556192594817E-5	1.6082161534974586E-4	1.1616525967540407E-4	1.17411657883434E-4	0.6863801587635003	1.2697059687853126E-4	1.0200014193133006E-4	1.1605445562863863E-4	9.458815261544922E-5	1.4595980380775007E-4	2.777949029685695E-4	3.23272976784786E-5	1.513981489311751E-4	8.258312750792018E-5	1.1623078333281885E-4	1.3098701807797604E-4	8.387723804688742E-5	1.334517685111889E-4	1.5064304076627198E-4	4.580464474367893E-5	1.11853271137474E-4	0.006825214907505812	6.635522913276978E-5	1.2445006070952515E-4	6.659124732301407E-5	9.783209907969278E-5	8.483638458304175E-5	0.0027089292867122413	8.809791223416154E-5	1.5588174573007876E-4
345	file:/home/ulrike/Git/johnson-topics/data/letters-leipzig-txt/uj0887.txt	1.0974320048032942E-4	1.2079713972399172E-4	0.24303906888760238	1.2636861618383474E-4	8.898420377769871E-5	1.4847336034078104E-4	1.5014655916839722E-4	1.0702633512793659E-4	9.49199925062505E-5	1.4414664604767973E-4	8.03954840032925E-5	1.3043387954655958E-4	9.421547877780605E-5	0.021689861417251093	0.4757066482680683	1.0297911448776709E-4	8.272690332993915E-5	0.2484324286981844	7.671543205149502E-5	1.1838025272346965E-4	2.2530470691797992E-4	2.621895596739581E-5	1.2279100591245358E-4	6.697879313375055E-5	9.426862153986637E-5	1.0623662062459657E-4	0.0054666871402848085	1.082356489294601E-4	1.221785777434453E-4	3.714971710846835E-5	9.071825365455768E-5	1.369109253686571E-4	5.3817205760343276E-5	1.0093484133240849E-4	5.400862759210495E-5	7.93464249155603E-5	6.880629039700513E-5	0.002197068817613579	7.145154242894602E-5	1.2642741339121023E-4
346	file:/home/ulrike/Git/johnson-topics/data/letters-leipzig-txt/uj0026.txt	3.6677588994822866E-5	4.037195765345753E-5	3.3228967864859155E-5	4.223401674043559E-5	0.001834040855340843	4.962170652418223E-5	5.01809110911834E-5	3.576957765276983E-5	3.172348225036449E-5	4.8175662962067966E-5	2.686920471069323E-5	4.35926800391286E-5	3.148802470165078E-5	3.182587629060435E-5	0.5811937583234108	3.441694446400013E-5	2.7648395033766227E-5	3.145798989975439E-5	0.2742794201675211	3.956420293458574E-5	7.529973066912588E-5	8.762712283189421E-6	4.103833337651825E-5	2.238517407162092E-5	3.1505785696194104E-5	3.5505644909328956E-5	0.012652844288836906	3.617374587808049E-5	0.005453737222075177	1.2415913235759601E-5	3.0319207088063287E-5	4.5757392053392385E-5	1.798640230181265E-5	3.373372208432448E-5	1.8050377939840897E-5	2.6518595671748512E-5	2.299594716022634E-5	0.006147192225157276	2.3880024409573905E-5	0.11732183101902066
347	file:/home/ulrike/Git/johnson-topics/data/letters-leipzig-txt/uj1144.txt	1.9884208924209854E-4	2.188705590146655E-4	1.8014590311647225E-4	2.2896543518548512E-4	1.6122916874356804E-4	2.690166956835522E-4	2.720483400054276E-4	1.9391944090949324E-4	1.719841369504274E-4	2.6117718575648276E-4	1.4566739383283937E-4	2.3633122602104994E-4	1.7070763889815178E-4	1.725392509981394E-4	0.392401856515204	1.8658634141729014E-4	1.4989165818617324E-4	0.16646030041620122	1.3899956188140986E-4	2.1449143704134545E-4	4.0822628138751857E-4	4.75057403054145E-5	0.3719289957480073	1.2135788917525203E-4	1.708039274863278E-4	1.9248856882756357E-4	0.05881376159445994	1.9611057878219764E-4	2.2137356622371673E-4	6.731102548740435E-5	1.643710681856792E-4	2.480668899869785E-4	9.751060278651748E-5	1.8288235298416714E-4	9.785743718525422E-5	1.4376661911668308E-4	1.2466910456098237E-4	0.003980836644009271	1.29461997772597E-4	2.290719689798794E-4
348	file:/home/ulrike/Git/johnson-topics/data/letters-leipzig-txt/uj0998.txt	8.059218881463418E-5	8.870987769897109E-5	7.301448447601467E-5	9.280140665805626E-5	6.534739028007116E-5	0.01200288461049222	1.1026323082800973E-4	0.3727525676744328	6.970645948783468E-5	1.0585707054673622E-4	5.904008629490083E-5	9.578681688006504E-5	6.918908526167044E-5	6.993145137117982E-5	0.29780499777621616	0.011969474970207283	6.075221229229119E-5	6.912308936358167E-5	5.633756403886287E-5	8.693498674775792E-5	0.039811624263687125	1.925443253521377E-5	9.0174114568575E-5	4.918726189126487E-5	6.922811174800719E-5	7.801705937982725E-5	4.9958045899055354E-5	7.948508715636577E-5	8.972436527735617E-5	2.728166303253178E-5	6.662082566812383E-5	1.005433694279296E-4	3.9521778015677785E-5	7.412358811327597E-5	3.966235259652706E-5	5.8269688058780715E-5	5.052932230005383E-5	0.2632781657348172	5.247191783478755E-5	9.284458560324684E-5
349	file:/home/ulrike/Git/johnson-topics/data/letters-leipzig-txt/uj0384.txt	1.260789775237082E-4	1.3877834615292855E-4	1.142243644521169E-4	1.4517916235183578E-4	1.0222990926954483E-4	1.705742987204939E-4	1.7249656084203214E-4	1.2295769434443116E-4	1.0904926728368167E-4	1.6560353322683395E-4	9.23627192964505E-5	0.01255439715401347	1.0823988346632514E-4	1.0940124614193719E-4	0.4472813766238524	1.1830802641154743E-4	9.504118104712003E-5	1.0813663902695487E-4	8.813487478958359E-5	1.3600169447444224E-4	2.5884234244279424E-4	3.0121767413744265E-5	1.4106900843779074E-4	7.694889266136233E-5	1.0830093677144132E-4	1.2205042722737092E-4	7.815471249357172E-5	1.2434702003325798E-4	1.4036541753632877E-4	4.2679622316739626E-5	1.0422208039716452E-4	1.572907424492236E-4	6.182814284392311E-5	1.1595945385234844E-4	6.20480586903591E-5	0.37842985915853444	7.904842124600399E-5	0.15758095749503734	8.208743113472505E-5	1.4524671179229955E-4
350	file:/home/ulrike/Git/johnson-topics/data/letters-leipzig-txt/uj0664.txt	1.6630668067190834E-4	1.8305800499921306E-4	1.506696459393302E-4	1.9150111356924467E-4	1.3484815002414932E-4	2.2499901240719978E-4	2.2753460588275957E-4	1.621894974969019E-4	1.43843343496679E-4	0.0738494019218293	1.2183266049358201E-4	1.9766168163134587E-4	1.427757116146802E-4	1.4430762736646337E-4	0.29547048492820355	0.008337274014410971	1.253657323173661E-4	1.4263952523098055E-4	1.1625584824348441E-4	1.7939541403360734E-4	3.414305194607708E-4	3.973264419604824E-5	1.8607954315424867E-4	1.0150078285242863E-4	1.4285624504473606E-4	1.6099275093625753E-4	1.0309134059426464E-4	1.6402211184878747E-4	1.8515145926848673E-4	5.6297302367422536E-5	1.3747595819702687E-4	2.0747710515205836E-4	8.155549331408499E-5	0.30285801482707553	8.184557715808703E-5	1.2024289881408083E-4	1.0427020275688405E-4	0.3142157490401969	1.0827886190886097E-4	1.9159021584026097E-4
351	file:/home/ulrike/Git/johnson-topics/data/letters-leipzig-txt/uj0287.txt	1.4192344238752686E-4	1.5621875273510804E-4	1.2857904883090845E-4	1.6342396558566383E-4	1.150772390723907E-4	1.9201053286380427E-4	1.9417436749205193E-4	0.01410184877883323	1.227535922856556E-4	1.864150865489839E-4	0.3352265030118891	1.6868129513432427E-4	1.2184249243516392E-4	1.2314980466136163E-4	0.6431260408250074	1.3317590846772135E-4	1.069850965459093E-4	1.2172627316902937E-4	9.92108682209074E-5	1.5309315660273315E-4	2.913713054836959E-4	3.390719853633917E-5	1.5879728472513617E-4	8.661913309342362E-5	1.2191121836712663E-4	1.3738862034885698E-4	8.797648944931671E-5	1.399738281541204E-4	1.5800527288676883E-4	4.8043210993301275E-5	1.1731976823791841E-4	1.7705761945829545E-4	6.959814428370706E-5	1.3053218856417335E-4	6.984569716345574E-5	1.0261335295372774E-4	8.898251142957268E-5	0.0028413201764960643	9.240343657766824E-5	1.6350000402847375E-4
352	file:/home/ulrike/Git/johnson-topics/data/letters-leipzig-txt/uj0476.txt	1.301139904934218E-4	1.4321978784004224E-4	1.1787998413649224E-4	0.044955218618292804	0.006506272112107736	1.7603333337603408E-4	1.780171152905143E-4	1.2689281422841473E-4	1.125392639228492E-4	1.7090348423789777E-4	9.531868211911149E-5	1.5464532188837646E-4	1.1170397670538066E-4	1.1290250746048285E-4	0.3143783833255203	1.2209433900995065E-4	9.808286496393252E-5	1.1159742804622616E-4	9.095553030127015E-5	1.4035427261146121E-4	2.6712629452886925E-4	3.108578000785258E-5	1.4558376014224588E-4	7.941155365363847E-5	1.1176698395145374E-4	1.2595651106858007E-4	0.03848527867591808	1.2832660369132727E-4	0.006545628103546934	4.404553464386124E-5	1.0755758846038634E-4	1.6232465213237562E-4	6.380688159298713E-5	1.1967060308154603E-4	6.403383559368203E-5	0.19851795890391324	8.157827524091786E-5	0.3866511209950285	8.47145451531331E-5	1.4989516609769694E-4
353	file:/home/ulrike/Git/johnson-topics/data/letters-leipzig-txt/uj0866.txt	6.308471793647386E-5	6.943895798251978E-5	0.06522775270066855	7.264166229058212E-5	5.115162826989009E-5	8.534834064601084E-5	8.631016129302873E-5	6.15229566275552E-5	5.456375363193754E-5	8.286117470245035E-5	4.6214493558742794E-5	7.497853593243425E-5	0.031087777600869546	5.473986932885043E-5	0.5031037140873297	5.9196454653908726E-5	4.75546852969955E-5	5.410711211019265E-5	4.409905462170973E-5	6.804963605601378E-5	1.2951402750668173E-4	1.5071689494680458E-5	7.058511086991195E-5	3.8502050733662014E-5	5.418931992209038E-5	6.106899759888193E-5	3.910539322176898E-5	6.221811787428293E-5	7.023306301520078E-5	2.1355121911426217E-5	5.214842849888499E-5	7.870179720930834E-5	3.0936251454858614E-5	5.802132585479904E-5	3.104628826999353E-5	4.561145303906939E-5	0.39106314981993046	0.0074696855351903315	4.10731633534233E-5	7.267546124328717E-5
354	file:/home/ulrike/Git/johnson-topics/data/letters-leipzig-txt/uj0604.txt	0.016132784693026626	1.7867272362912217E-4	1.4706025015585286E-4	1.86913571682232E-4	1.316177691397151E-4	2.1960900513927188E-4	2.2208385671594258E-4	1.5830413568603425E-4	1.4039747651888536E-4	2.13209302059548E-4	1.1891407468066762E-4	0.17586800860462665	1.3935542049849537E-4	1.4085063814681743E-4	0.7994470688314036	1.523178355421786E-4	1.2236250932047224E-4	1.3922249655399526E-4	1.1347085883278665E-4	1.7509787256829584E-4	3.3325131475361685E-4	3.8780821169362636E-5	1.816218787437092E-4	9.90692612585256E-5	1.3943402469442407E-4	1.5713605801860288E-4	1.0062171608738954E-4	1.6009284849110723E-4	1.8071602775059857E-4	5.494866147483063E-5	1.3418262634672397E-4	2.0250684731521794E-4	7.960177495328253E-5	1.4929412278420775E-4	7.98849096377716E-5	1.1736239684391361E-4	1.0177233778994459E-4	0.00324971493977905	1.0568496673391021E-4	1.8700053944659765E-4
355	file:/home/ulrike/Git/johnson-topics/data/letters-leipzig-txt/uj0298.txt	1.2686583416275058E-4	1.3964445932397818E-4	1.1493723666344686E-4	1.460852229020625E-4	1.0286792430105407E-4	1.7163884986164652E-4	1.7357310878663302E-4	1.237250711110937E-4	1.0972984180633543E-4	1.6663706190963047E-4	0.4494436487147531	1.5078476715943813E-4	1.0891540663908117E-4	1.100840173583369E-4	0.4875187441422941	1.1904638468397571E-4	9.563433135463496E-5	0.02507273982681862	8.868492296352529E-5	1.368504786121317E-4	2.6045777286281093E-4	3.0309756824308275E-5	1.4194941759110521E-4	7.742912932132547E-5	1.0897684097678034E-4	1.228121417562166E-4	7.864247465349607E-5	1.2512306755664394E-4	1.412414355914375E-4	4.294598507468183E-5	1.0487252853297603E-4	1.582723911537652E-4	6.221401117528116E-5	1.1668315472552765E-4	6.243529951257325E-5	9.17264153103401E-5	7.954176102623453E-5	0.03374477588165039	8.259973732120366E-5	1.4615319391737353E-4
356	file:/home/ulrike/Git/johnson-topics/data/letters-leipzig-txt/uj1039.txt	6.638077500716051E-5	7.306701206480756E-5	6.013930304602986E-5	7.643705160912377E-5	5.3824203999021273E-5	0.003355314295432426	9.081970380518622E-5	6.47374146268127E-5	5.74146064508858E-5	8.719051419539125E-5	4.862911334694393E-5	7.889602247424137E-5	5.6988464629865104E-5	0.09475729322573753	0.5261244239310474	0.19272718262666796	5.003932756606739E-5	0.0033224407718562125	4.6403146730718656E-5	7.160510069811525E-5	1.3628089022843276E-4	1.5859156734783838E-5	7.427304927049662E-5	4.051370998661161E-5	5.702060928863344E-5	6.425973709839489E-5	4.1148575977383247E-5	0.16007529551025051	7.390260758192684E-5	2.2470886598563473E-5	5.4873085152688755E-5	8.281381710339281E-5	0.0032980592776022024	6.105283027599506E-5	3.266839805058944E-5	4.799456510188477E-5	4.161911500603281E-5	0.01439097579283378	4.321915837273758E-5	7.647261649311437E-5
357	file:/home/ulrike/Git/johnson-topics/data/letters-leipzig-txt/uj0620.txt	3.891901170156173E-4	4.2839148793331314E-4	3.525964014008161E-4	4.481500111572164E-4	3.1557101058841047E-4	5.265416374938679E-4	5.32475421497434E-4	3.7955510418762E-4	3.366215203214406E-4	5.111975028718138E-4	2.8511222280579396E-4	4.62566943749972E-4	3.3412305317985627E-4	3.3770803526407436E-4	0.2702544024602346	3.6520215778509626E-4	2.9338030097900814E-4	3.338043504410736E-4	2.7206139283660296E-4	4.1982030966960544E-4	7.990141062570434E-4	9.298214829088298E-5	4.354624774051396E-4	2.3753165775369914E-4	3.3431151713656854E-4	3.767544834783769E-4	2.4125387354902535E-4	3.838437797307385E-4	4.332905798322899E-4	1.317466839426959E-4	0.40238031880022807	0.0387768320191741	1.9085578437340903E-4	3.579524065015213E-4	1.9153463722968255E-4	2.8139186995182393E-4	2.440126412735779E-4	0.27583068687791273	2.5339368668997623E-4	4.4835852787550507E-4
358	file:/home/ulrike/Git/johnson-topics/data/letters-leipzig-txt/uj0035.txt	5.490586503837046E-5	6.043628599929055E-5	0.2728522571934356	6.322376379499626E-5	4.451988516628793E-5	7.428303757302449E-5	7.512015940480412E-5	5.354658408325886E-5	4.748963284450114E-5	7.211832950913683E-5	4.022284364825369E-5	0.00276627265355928	4.7137156012019987E-5	0.06217098765771261	0.543216546362295	5.152171011132213E-5	4.138928124380799E-5	4.709219431130378E-5	3.838166866050762E-5	5.9227087881476924E-5	1.1272269968803705E-4	1.3117664251561936E-5	6.143384163252433E-5	3.3510309159370734E-5	0.0027481787327833015	0.03246533134583305	0.005436065406661782	5.415161856452853E-5	6.112743633136591E-5	1.8586457701648783E-5	4.5387451522033925E-5	6.849820998174093E-5	2.6925406068772883E-5	5.049893525622027E-5	2.7021176751731853E-5	3.969798655973981E-5	3.442462838511841E-5	0.07672764007950564	3.5748080320386644E-5	6.325318075676393E-5
359	file:/home/ulrike/Git/johnson-topics/data/letters-leipzig-txt/uj0345.txt	8.027393343681135E-5	8.835956588762869E-5	7.272615315401893E-5	9.243493756008473E-5	6.50893360109266E-5	1.0860390979094751E-4	1.0982780567448961E-4	7.828662609111522E-5	0.06325280069733909	1.0543904514653822E-4	5.880693932064885E-5	9.540855851476951E-5	6.891586029042893E-5	6.965529482542544E-5	0.3242717017341029	7.532620285895982E-5	6.0512304199943344E-5	6.885012500754108E-5	5.6115089218504716E-5	8.65916839108407E-5	0.08309297626359706	1.917839753987008E-5	8.981802054353408E-5	4.8993023332323625E-5	6.8954732662709E-5	7.770897308666723E-5	0.027692484922381348	0.2528126492273311	8.937004729454349E-5	2.7173928820274262E-5	6.63577426528127E-5	1.001463276240587E-4	3.9365708071684334E-5	7.383087698472189E-5	3.95057275290533E-5	5.803958335680495E-5	5.0329783997443346E-5	0.2464426482565601	5.226470829896009E-5	9.247794599332225E-5
360	file:/home/ulrike/Git/johnson-topics/data/letters-leipzig-txt/uj1050.txt	4.214671640988802E-4	4.6391965687070104E-4	3.8183858960609E-4	4.853168311201854E-4	3.4174253941596873E-4	5.702097793136304E-4	5.766356750571699E-4	4.1103308225782104E-4	3.645388496307527E-4	5.535930960476237E-4	3.087576861338031E-4	5.009294158935793E-4	3.6183317491107444E-4	3.657154734749921E-4	0.6036697050633504	0.1247963121856712	3.1771146812326865E-4	3.614880409170889E-4	0.2283627988916951	4.54637637523725E-4	8.652794475396304E-4	1.0069351876786591E-4	4.71577070946157E-4	2.572310801333635E-4	3.6203726891525796E-4	4.0800019520227974E-4	2.612619937327375E-4	4.1567743431064017E-4	4.692250494771599E-4	1.4267294782958572E-4	3.4840213272841966E-4	5.258044160979633E-4	2.0668419539671978E-4	3.876387889996494E-4	2.0741934815539723E-4	0.021038199189205645	2.6424955677311143E-4	0.008437810815036797	2.7440860869932865E-4	4.8554264093929957E-4
361	file:/home/ulrike/Git/johnson-topics/data/letters-leipzig-txt/uj0704.txt	1.7952530086204647E-4	1.9760807737798154E-4	1.6264538146485447E-4	2.067222729119309E-4	1.455663392833562E-4	0.035568837633131296	0.026740086030559836	1.7508086997562066E-4	1.5527650130417141E-4	0.2386860005767642	1.3151633441042148E-4	2.1337250386093117E-4	1.5412401041173474E-4	1.5577768803384266E-4	0.3012925057898187	1.6846015452444564E-4	1.3533022679026736E-4	1.5397699947141522E-4	1.254962581693169E-4	0.1061715191748419	3.685685775342E-4	4.2890729792222216E-5	2.0086977765458716E-4	0.0354355233445701	1.5421094491251255E-4	1.7378900193107017E-4	1.1128539071120585E-4	1.7705914674452216E-4	1.9986792650739641E-4	6.077200329174941E-5	1.4840301458069E-4	2.2396809060179485E-4	8.803780109740868E-5	1.6511599514460563E-4	8.835094179121173E-5	1.2980021306966517E-4	1.1255795284499437E-4	0.24204430859843332	1.1688523385021026E-4	0.0090383071909682
362	file:/home/ulrike/Git/johnson-topics/data/letters-leipzig-txt/uj0418.txt	8.67854689827582E-5	9.552697913709435E-5	7.862543964849646E-5	9.993293044321232E-5	7.036915110097512E-5	0.1538117170818249	1.1873664606594396E-4	8.463695834393568E-5	7.506320236187553E-5	1.1399188491665887E-4	6.357714876897703E-5	1.0314776093775159E-4	7.450606940001333E-5	7.530548423063494E-5	0.28226688774614134	8.143639612416732E-5	6.542084677279788E-5	7.443500190512564E-5	6.0666945374873306E-5	9.361569287151623E-5	1.781720832663753E-4	2.0734080835163753E-5	9.7103738439695E-5	5.296716287268823E-5	7.454809496067E-5	8.40124481853575E-5	5.379717943613415E-5	8.559328971529343E-5	9.661942719641974E-5	2.9378181133081745E-5	7.174044637160716E-5	0.2648040149466252	4.25589140904465E-5	7.98197747413377E-5	4.27102914274502E-5	6.274754762265558E-5	5.441235680144269E-5	0.2963182015380885	5.650423527012953E-5	9.997942756735873E-5
363	file:/home/ulrike/Git/johnson-topics/data/letters-leipzig-txt/uj1139.txt	1.4393324546251466E-4	1.5843099423894978E-4	1.3039987957861357E-4	1.6573824138841616E-4	1.1670686829401903E-4	1.9472962812310608E-4	1.9692410519784784E-4	1.403699518284398E-4	1.2449192770855113E-4	1.890549436992019E-4	1.054423680234994E-4	1.7107002091458116E-4	1.2356792561125417E-4	1.248937509180817E-4	0.4964605091817277	1.3506183616120184E-4	1.085001314999567E-4	1.234500605434499E-4	1.0061581094684647E-4	1.5526113598460025E-4	2.954974662917557E-4	3.4387364397145164E-5	1.6104604127846752E-4	8.784576202177634E-5	1.2363762478334597E-4	1.3933420500351535E-4	8.922234014210831E-5	1.419560223956736E-4	1.6024281361978605E-4	4.87235594372389E-5	1.1898115431336037E-4	1.7956496385504168E-4	7.058373596638973E-5	1.3238067807054275E-4	7.083479448643695E-5	0.481584105294437	9.024260857830848E-5	0.017042734228391167	9.371197805502434E-5	1.6581535662512007E-4
364	file:/home/ulrike/Git/johnson-topics/data/letters-leipzig-txt/uj0166.txt	6.659825204312343E-5	7.330639458495452E-5	0.003336541467028603	7.668747507013193E-5	5.4000543132565715E-5	0.17372897402839088	9.11172477851782E-5	6.494950767705841E-5	5.7602708479380795E-5	8.74761682057467E-5	4.8788432297815744E-5	7.915450202822535E-5	5.717517053033771E-5	5.778863302585441E-5	0.2821327303238487	6.249343004228547E-5	5.020326666800575E-5	5.712063408556095E-5	4.655517295833141E-5	7.183969369673531E-5	1.3672737438084092E-4	1.5911114585519693E-5	7.45163830159302E-5	4.064644121131936E-5	5.7207420501602176E-5	6.447026517906898E-5	4.128338715331018E-5	6.568338626817465E-5	7.414472768439801E-5	2.2544505832632185E-5	5.5052860636055146E-5	0.3375322140669336	3.265926105486966E-5	6.125285187206921E-5	3.277542642404445E-5	4.815180514253753E-5	4.175546776434176E-5	0.20118181629310683	4.3360753201341214E-5	7.67231564719781E-5
365	file:/home/ulrike/Git/johnson-topics/data/letters-leipzig-txt/uj0023.txt	8.829326587295503E-5	9.718664962987493E-5	7.99914654910936E-5	1.0166914923095048E-4	7.159173350376101E-5	1.1945339503716546E-4	1.2079955760849953E-4	8.610742735312037E-5	7.636733846226276E-5	1.1597236173610383E-4	0.23461152760264464	1.0493983367752794E-4	7.580052596122E-5	7.661382969755034E-5	0.40444437055129034	8.285125907604295E-5	6.655745812576141E-5	7.5728223751016E-5	6.172096320350482E-5	9.524215698169275E-5	1.8126761661104506E-4	2.1094311447163562E-5	9.87908032970036E-5	5.388740590874136E-5	7.584328166726171E-5	8.54720670546969E-5	5.4731843047519125E-5	0.3171596683155129	9.829807770746672E-5	2.988859296436309E-5	7.298685343961449E-5	1.1015090394282674E-4	4.329832587294753E-5	8.120655077126397E-5	4.345233321564983E-5	6.38377135027491E-5	5.535770840621186E-5	0.0408587801622692	5.748593083762341E-5	1.0171645418871249E-4
366	file:/home/ulrike/Git/johnson-topics/data/letters-leipzig-txt/uj0655.txt	8.189085217816354E-5	9.013934958508401E-5	7.419104063351123E-5	9.429680948410437E-5	6.640039880245009E-5	1.1079146544702277E-4	0.004140542597574524	7.986351546858166E-5	7.08297100964812E-5	1.075628524756249E-4	5.9991458855672834E-5	9.733032663728667E-5	0.390835054637712	7.105832750136E-5	0.318717840924003	7.684346187322529E-5	6.173117406908103E-5	7.02369395400165E-5	5.7245388128068833E-5	8.833585802273838E-5	1.6812334949691793E-4	1.956469866009273E-5	9.162718118273851E-5	4.997986593776162E-5	7.034365425623011E-5	7.927422708102857E-5	5.076307036702017E-5	8.076591067233121E-5	9.117018462679254E-5	2.772128003261093E-5	6.76943543415076E-5	1.0216352632206944E-4	4.015863235510455E-5	7.531801637824663E-5	4.030147215620255E-5	5.920864641441333E-5	5.134355232184883E-5	0.2836346431542327	5.331745086110718E-5	9.434068421526402E-5
367	file:/home/ulrike/Git/johnson-topics/data/letters-leipzig-txt/uj0153.txt	1.301139904934218E-4	1.4321978784004224E-4	1.1787998413649224E-4	1.4982545481492034E-4	1.0550166018232242E-4	1.7603333337603408E-4	1.780171152905143E-4	1.2689281422841473E-4	1.125392639228492E-4	1.7090348423789777E-4	9.531868211911149E-5	1.5464532188837646E-4	1.1170397670538066E-4	1.1290250746048285E-4	0.6152145945660147	1.2209433900995065E-4	9.808286496393252E-5	1.1159742804622616E-4	0.04489634869377916	1.4035427261146121E-4	2.6712629452886925E-4	3.108578000785258E-5	1.4558376014224588E-4	7.941155365363847E-5	1.1176698395145374E-4	1.2595651106858007E-4	8.065596436560963E-5	1.2832660369132727E-4	1.4485765162152228E-4	4.404553464386124E-5	1.0755758846038634E-4	1.6232465213237562E-4	6.380688159298713E-5	1.1967060308154603E-4	6.403383559368203E-5	9.407489422545796E-5	8.157827524091786E-5	0.002604893879503783	8.47145451531331E-5	0.3329899586662191
368	file:/home/ulrike/Git/johnson-topics/data/letters-leipzig-txt/uj1043.txt	1.2377590143299957E-4	1.3624329156087497E-4	1.1213783577054832E-4	1.4252718448646372E-4	0.14623581731835625	1.674584296296402E-4	1.6934557791999785E-4	1.2071163452085696E-4	1.0705727174942924E-4	1.625784647705176E-4	9.067553579716738E-5	1.4711226707091052E-4	1.0626267289110848E-4	1.0740282103386679E-4	0.5791573957483295	1.1614690175524919E-4	9.33050702695626E-5	1.0616131441087654E-4	8.652492103779878E-5	0.15235794948149023	0.09158877335943286	2.9571535141060776E-5	1.3849211047387797E-4	7.554327248283922E-5	1.0632261093966061E-4	1.1982094039039788E-4	7.672706568634486E-5	1.220755814920023E-4	1.3780137201946642E-4	0.018308831851048406	1.0231826275681695E-4	1.5441752317556242E-4	6.069873237190385E-5	0.006202818515238978	6.091463103055929E-5	8.949233507336665E-5	7.760444912189869E-5	0.002478004762210294	8.058794562407737E-5	1.4259350000590172E-4
369	file:/home/ulrike/Git/johnson-topics/data/letters-leipzig-txt/uj0226.txt	2.134580421623295E-4	2.3495871116784505E-4	1.9338758674974495E-4	2.457956145191808E-4	1.7308037161870382E-4	2.8879085604292966E-4	0.22080802829056312	2.0817355295113331E-4	1.8462588728746722E-4	2.8037510037006027E-4	1.563747233443559E-4	0.12626283594347443	1.8325555982761526E-4	1.8522180517513908E-4	0.5787568999401491	2.003014315780702E-4	1.6090949363305922E-4	1.8308076180557402E-4	1.4921677022062545E-4	2.3025770039905943E-4	4.382330879560028E-4	5.0997665311791126E-5	0.010739598010251858	1.3027834058191806E-4	1.8335892614001407E-4	2.0663750414799702E-4	1.3231985412873857E-4	2.1052575113109583E-4	2.3764570274190637E-4	7.225874447027288E-5	1.7645321740874883E-4	2.6630112801443817E-4	1.046781515936306E-4	1.963251802615609E-4	1.0505048016848656E-4	1.5433423155990084E-4	1.3383294793949425E-4	0.0042734493458458965	1.3897814433701716E-4	0.05274971544296959
370	file:/home/ulrike/Git/johnson-topics/data/letters-leipzig-txt/uj0556.txt	3.069228130375589E-4	3.3783776825083617E-4	2.780643049589981E-4	0.015452045665071724	2.488653695155718E-4	4.152408642857074E-4	4.1992036049773144E-4	0.04559520229252423	2.6546620643476025E-4	0.015501766129867672	2.2484498354164028E-4	3.647891901330852E-4	2.6349586718448013E-4	2.663230530195544E-4	0.545297591397687	2.880054469376218E-4	2.3136534904011854E-4	2.6324453207386624E-4	2.1455284797217969E-4	3.310783721903294E-4	6.301178946413534E-4	7.332751081797915E-5	3.4341408657128535E-4	1.8732203464538275E-4	2.636444934861804E-4	2.9711583320872405E-4	1.9025744562496964E-4	3.027065886084665E-4	0.09093345695826367	1.038979693372836E-4	2.5371505007731546E-4	3.8290378051490724E-4	1.5051254300485196E-4	2.8228815361362866E-4	1.5104789942624254E-4	2.2191104171344385E-4	1.9243306292231977E-4	0.27791988954344815	1.9983113579866296E-4	3.5358416005051526E-4
371	file:/home/ulrike/Git/johnson-topics/data/letters-leipzig-txt/uj0188.txt	1.7339978777350168E-4	1.908655688927227E-4	1.5709582155229427E-4	1.9966878249951927E-4	1.405995267379928E-4	2.3459539233799457E-4	2.3723913081419765E-4	1.691070035877649E-4	1.4997837209054576E-4	2.277589656901785E-4	1.2702891662629798E-4	2.0609210350031537E-4	1.4886520489238589E-4	1.5046245802240375E-4	0.35072329172720884	1.6271219099795242E-4	1.3071267666502613E-4	1.487232100552828E-4	1.2121424906927221E-4	1.8704676562173388E-4	3.5599279219992585E-4	0.11946356836817429	1.940159779605721E-4	1.0582986885642498E-4	1.489491731348157E-4	1.6785921487118415E-4	1.0748826510221362E-4	1.7101778034311687E-4	1.9304831058739776E-4	5.8698425362659876E-5	1.4333941293886873E-4	0.07698770258140307	8.503389746756166E-5	1.5948213638191465E-4	8.53363536093309E-5	1.2537135039551145E-4	1.0871740663751782E-4	0.44703943210671915	1.1289703816765705E-4	1.9976168505052888E-4
372	file:/home/ulrike/Git/johnson-topics/data/letters-leipzig-txt/uj0059.txt	2.008063265934792E-4	0.43486967162380785	1.8192545247118028E-4	2.3122724233949702E-4	1.6282185144261463E-4	2.7167414433449283E-4	2.747357363854221E-4	1.9583505047910259E-4	1.7368306129250514E-4	0.010142135351369319	1.471063514344987E-4	2.3866579524237276E-4	1.723939535097504E-4	1.7424365896670158E-4	0.1394403183202562	1.8842951185704082E-4	1.513723446685567E-4	1.7222951581348774E-4	1.4037265211755493E-4	2.1661026456822258E-4	4.122588949693458E-4	4.797501997285589E-5	2.2468098914627143E-4	1.2255670829705532E-4	1.724911932730128E-4	1.94390043701651E-4	1.2447722078688734E-4	1.980478332403112E-4	0.010101938536630726	6.797594925141246E-5	1.6599478775555128E-4	2.505173885348991E-4	9.847384939531628E-5	1.8468893402548032E-4	9.882410995540215E-5	1.4518680014690186E-4	1.259006331205305E-4	0.3991552871979877	1.3074087234376326E-4	2.31334828514999E-4
373	file:/home/ulrike/Git/johnson-topics/data/letters-leipzig-txt/uj0277.txt	1.7795370472367095E-4	1.9587818142555703E-4	1.612215551172178E-4	2.0491258968475027E-4	1.4429202588242237E-4	2.4075646062600813E-4	2.4346963036053732E-4	1.73548181168885E-4	1.5391718343277222E-4	2.337404921252877E-4	1.3036501722949915E-4	2.1150460333942733E-4	1.5277478164881978E-4	1.5441398268544064E-4	0.23737570380062759	0.6742385623769237	1.341455221229709E-4	0.026415158029835552	1.2439764179729347E-4	1.9195908672302488E-4	3.6534206321895915E-4	4.251525678095367E-5	1.9911132820282502E-4	1.0860922885338751E-4	1.5286095510964916E-4	1.7226762236498389E-4	1.103111787786285E-4	1.7550913975413374E-4	1.9811824743722723E-4	6.0239994459367336E-5	1.471038684240292E-4	2.2200743444570462E-4	8.72671026634198E-5	1.6367054060918782E-4	8.757750206837508E-5	1.286639191175533E-4	1.1157260067911453E-4	0.056087707237556954	1.1586199990340703E-4	2.0500793209169736E-4
374	file:/home/ulrike/Git/johnson-topics/data/letters-leipzig-txt/uj0779.txt	1.2155545619808838E-4	1.337991908592637E-4	1.101261685541738E-4	1.3997035554016364E-4	9.85620561208309E-5	1.644543531671624E-4	1.663076474570209E-4	1.185461598964183E-4	1.051367459752963E-4	0.2273899976959329	8.904888586731148E-5	1.444731852413073E-4	1.0435640161424195E-4	1.0547609636921337E-4	0.5508285169119089	1.1406331495388994E-4	9.163124849751716E-5	1.042568614278123E-4	8.497272996994826E-5	1.311221612060202E-4	2.495554741717283E-4	2.904104436270421E-5	1.3600766767673966E-4	7.418808381144088E-5	1.0441526441993374E-4	1.1767144413909038E-4	7.535064066806951E-5	1.1988563869954638E-4	1.3532932054319033E-4	4.1148342594211206E-5	1.0048275118830902E-4	1.5164739062510334E-4	5.960984342421721E-5	1.1179900559435325E-4	5.982186902565968E-5	8.788691086175388E-5	7.621228451420318E-5	0.00243355124740947	7.914225936543899E-5	0.21541087989014734
375	file:/home/ulrike/Git/johnson-topics/data/letters-leipzig-txt/uj1015.txt	8.791142610058035E-5	9.676634885375543E-5	7.964552831600955E-5	1.0122946309615812E-4	7.128212244843637E-5	1.1893679780045203E-4	1.2027713865475326E-4	8.573504062424352E-5	7.603707446254562E-5	1.1547081884073982E-4	6.440200048697015E-5	1.0448600289203949E-4	7.547271324195146E-5	7.62824997030912E-5	0.20808485737849233	8.24929542201316E-5	6.626961868059754E-5	7.540072371538436E-5	6.145404003210142E-5	0.4412117874551801	1.8048369289068734E-4	2.1003085383638228E-5	9.836356507593794E-5	5.3654360334963824E-5	7.551528404341522E-5	8.510242805328632E-5	5.4495145556671045E-5	8.67037794657365E-5	0.004422549021244112	2.975933448217563E-5	7.267120894251517E-5	1.096745369665625E-4	4.311107464000163E-5	8.085535874596899E-5	4.326441595083729E-5	6.356163607202088E-5	5.511830425043596E-5	0.34340940273577414	5.723732280926744E-5	1.0127656347530221E-4
376	file:/home/ulrike/Git/johnson-topics/data/letters-leipzig-txt/uj0015.txt	1.5729843163342448E-4	1.7314239553085884E-4	1.425084001753112E-4	1.811281705509061E-4	1.2754389914926815E-4	2.1281160581001346E-4	2.1520985508872008E-4	1.534042618167971E-4	1.3605185457085176E-4	2.066099881293559E-4	0.4566613574800725	1.8695504226901364E-4	1.350420525597614E-4	1.364909898133731E-4	0.5193460529517311	1.4760325130875023E-4	1.185751107197005E-4	1.349132429143567E-4	1.0995867708399538E-4	1.696781942595876E-4	0.008061006326325065	3.758046634949749E-5	0.007914070167013789	9.60028417845074E-5	1.3511822377664017E-4	1.5227233881592E-4	9.750724459744542E-5	1.5513760988300737E-4	1.7512245473186403E-4	5.3247875141338574E-5	1.3002936817887732E-4	1.962387987566548E-4	7.713791855844993E-5	1.4467312935348745E-4	7.741228957902086E-5	1.1372976312253659E-4	9.862225193535172E-5	0.003149128854349965	1.0241377609428141E-4	1.812124464647131E-4
377	file:/home/ulrike/Git/johnson-topics/data/letters-leipzig-txt/uj0130.txt	1.1534770664553924E-4	1.26966162600668E-4	1.0450210448540784E-4	1.328221703483889E-4	9.352856294068657E-5	1.5605578786027438E-4	1.578144357462737E-4	0.02280994959444893	9.976748812214792E-5	1.5150811138614815E-4	8.45012234366184E-5	1.3709504378153152E-4	9.902699538527962E-5	1.0008950813599088E-4	0.2957235264770295	1.082381836556832E-4	8.695170666820578E-5	9.893253864444012E-5	0.3575655888826897	1.244258469226902E-4	2.3681085594084297E-4	2.7557939154704736E-5	1.2906185409855154E-4	7.039935183272618E-5	0.011447811602865652	1.1166204828349128E-4	7.150253774845038E-5	1.1376316552334122E-4	1.2841814966428098E-4	0.005713411301768184	9.535116949516293E-5	1.4390286766626444E-4	5.656561167668313E-5	1.0608951094342782E-4	5.676680928345017E-5	8.339858965725034E-5	7.232017806428116E-5	0.3030505834339012	7.510052121126753E-5	1.3288397028677452E-4
378	file:/home/ulrike/Git/johnson-topics/data/letters-leipzig-txt/uj0167.txt	1.2686583416275058E-4	1.3964445932397818E-4	1.1493723666344686E-4	1.460852229020625E-4	1.0286792430105407E-4	1.7163884986164652E-4	1.7357310878663302E-4	1.237250711110937E-4	1.0972984180633543E-4	1.6663706190963047E-4	9.293915337218492E-5	1.5078476715943813E-4	1.0891540663908117E-4	1.100840173583369E-4	0.35645812052022474	1.1904638468397571E-4	9.563433135463496E-5	1.0881151785301522E-4	8.868492296352529E-5	0.16864336656412995	2.6045777286281093E-4	3.0309756824308275E-5	1.4194941759110521E-4	7.742912932132547E-5	1.0897684097678034E-4	1.228121417562166E-4	7.864247465349607E-5	1.2512306755664394E-4	1.412414355914375E-4	4.294598507468183E-5	1.0487252853297603E-4	1.582723911537652E-4	6.221401117528116E-5	1.1668315472552765E-4	6.243529951257325E-5	9.17264153103401E-5	7.954176102623453E-5	0.2396971844306166	0.18107107997732183	0.050074009811848584
379	file:/home/ulrike/Git/johnson-topics/data/letters-leipzig-txt/uj0656.txt	1.4921592863235335E-4	1.6424577833665764E-4	1.3518585690432003E-4	0.022193209617675205	1.209902804199685E-4	2.0187665607935954E-4	2.0415167554076172E-4	1.4552185387645058E-4	1.2906106952963246E-4	1.9599369760588483E-4	1.0931234692348012E-4	0.05156058828492736	1.281031544172249E-4	1.2947764058077123E-4	0.19170139548786813	1.4001891808125143E-4	1.1248233739518457E-4	1.279809634286926E-4	1.0430864403346652E-4	1.6095957894932516E-4	3.0634290708546016E-4	3.5649460242842044E-5	1.6695680365374151E-4	0.07349569790246208	1.2817541171021628E-4	1.4444809274633447E-4	0.02211388540579545	1.4716613690366734E-4	1.6612409568131858E-4	5.051182681484605E-5	0.27906093442925556	1.861554135416415E-4	7.317432240704004E-5	1.3723935528446842E-4	7.343459535572213E-5	1.0788595945454323E-4	9.355472113442483E-5	0.3553295308008564	9.715142449905314E-5	1.7190116390980646E-4
380	file:/home/ulrike/Git/johnson-topics/data/letters-leipzig-txt/uj0013.txt	5.992333352095377E-5	0.003013801269242887	5.4289024401360505E-5	6.900134770101426E-5	4.858825054973053E-5	8.10712522665319E-5	8.198487289136583E-5	5.843983725029287E-5	5.1829382994694005E-5	7.870872645627126E-5	4.389853203134266E-5	7.122111285520016E-5	0.00889497107888351	5.1996672950004784E-5	0.39535193902031984	5.6229924005624604E-5	4.5171562317286307E-5	5.13956252939052E-5	4.188910475460195E-5	6.463944312900517E-5	0.038444971310410095	1.4316397153799717E-5	0.003014889984608253	3.6572585292007285E-5	5.1473713399733554E-5	5.8008627613952255E-5	3.7145692287248236E-5	0.2918954708055796	6.671345132264977E-5	2.0284945935204865E-5	0.017736587864111746	7.475778916251835E-5	2.938593330455022E-5	5.511368480756656E-5	2.9490455809977816E-5	4.332571187189567E-5	3.7570457848442E-5	0.23997488291185715	3.9014850932142765E-5	6.903345287611613E-5
381	file:/home/ulrike/Git/johnson-topics/data/letters-leipzig-txt/uj0740.txt	2.8537868309357447E-4	3.1412359494729935E-4	2.585458681913562E-4	3.2861178745524286E-4	2.3139652187163646E-4	0.6602093873669572	3.9044448438688395E-4	2.7831368541704504E-4	2.4683208018469493E-4	3.748421755643604E-4	2.090622220885796E-4	3.39183189599569E-4	2.450000468635885E-4	2.476287813082177E-4	0.09989597889000332	2.6778920197364733E-4	2.1512489726358133E-4	2.447663539615448E-4	1.9949253234813737E-4	3.078386677137566E-4	5.858874196635227E-4	6.818036191139677E-5	3.193084893611454E-4	1.741731578452805E-4	2.4513824049550697E-4	2.762600940874987E-4	1.7690252068215253E-4	2.8145841218476424E-4	3.177159173968139E-4	9.660495866086761E-5	2.3590578411394994E-4	3.5602624501399754E-4	1.3994747046233212E-4	2.6247322815106547E-4	1.4044524809251246E-4	2.063342252775332E-4	1.789254227697774E-4	0.23033400289204328	1.858041955595431E-4	3.2876468503374387E-4
382	file:/home/ulrike/Git/johnson-topics/data/letters-leipzig-txt/uj0244.txt	1.3996899389695687E-4	1.5406744143413092E-4	1.2680836793648432E-4	1.6117343024429494E-4	0.006999065650804012	0.16544312210120224	1.9150036386680178E-4	1.3650384153887442E-4	1.2106313460566468E-4	1.8384793711689572E-4	1.0253824346791059E-4	1.6635836033851743E-4	1.2016458164452119E-4	1.2145389068277327E-4	0.31064751962843645	1.3134192354665166E-4	1.055117891279093E-4	1.2004996285090514E-4	9.7844620838653E-5	1.509848883434149E-4	2.8735878860404565E-4	3.3440257544181916E-5	0.0483556225646813	8.542628833796268E-5	1.2023236114161925E-4	1.3549662155609154E-4	8.676495234087791E-5	1.3804622808641538E-4	1.5582935915538947E-4	4.738160090529621E-5	1.157041405439359E-4	1.7461933307464587E-4	6.863969805556147E-5	0.26178051458537405	6.888384184838256E-5	1.0120024945638496E-4	0.013858903434701949	0.18871266718578478	9.113093533259855E-5	1.6124842155058338E-4
383	file:/home/ulrike/Git/johnson-topics/data/letters-leipzig-txt/uj0401.txt	3.748371183160515E-4	4.125927761973593E-4	3.3959294764000444E-4	4.3162262198126824E-4	3.039330215784934E-4	5.071232321752317E-4	5.128381832990223E-4	0.4797944404851309	3.24207206513915E-4	4.923449761165006E-4	2.745975278424641E-4	4.455078704286445E-4	3.218008807039479E-4	3.2525365171459777E-4	0.4262438030301009	3.517338145086462E-4	2.825606863630981E-4	3.2149393144963276E-4	2.6202800132211823E-4	4.0433769565837314E-4	7.695471492952822E-4	8.955304617560928E-5	4.1940299362422216E-4	2.2877169334096524E-4	3.2198239427110156E-4	3.628601003093312E-4	2.3235663700081307E-4	3.696879493783182E-4	4.1731119377656073E-4	1.2688797890208017E-4	3.0985581457171053E-4	4.676307644259927E-4	1.838171862560621E-4	3.447514278527839E-4	1.8447100359951737E-4	2.7101437842028835E-4	2.3501366373084463E-4	0.08126256277303161	2.4404874421448818E-4	4.318234487812995E-4
384	file:/home/ulrike/Git/johnson-topics/data/letters-leipzig-txt/uj1089.txt	1.1871589281030921E-4	1.3067361101643625E-4	1.0755359595197624E-4	0.2512591707490232	9.625962384227599E-5	1.606126616888845E-4	1.6242266259828227E-4	1.1577689436172175E-4	1.0268072743100996E-4	0.005995989636712505	8.69686834318134E-5	1.410982584370467E-4	1.0191861209353724E-4	1.0301215052174926E-4	0.6898025297564467	0.023471628549535103	8.949072147760264E-5	1.0182139718873492E-4	8.298774747283098E-5	1.280591173910199E-4	2.4372580095226277E-4	2.8362638893345262E-5	1.3283049730799254E-4	7.245503312668047E-5	1.0197609985056259E-4	1.1492261216547704E-4	7.359043238800616E-5	1.1708508263222354E-4	1.3216799651935343E-4	0.01756035944272714	9.813545103164084E-5	1.481048727345896E-4	5.821734378468793E-5	1.0918735513451289E-4	5.84244164193615E-5	8.583385242938404E-5	7.443194803590577E-5	0.008216760376045995	7.72934780013676E-5	1.3676422038671812E-4
385	file:/home/ulrike/Git/johnson-topics/data/letters-leipzig-txt/uj1122.txt	3.319854323492352E-4	3.6542483253901894E-4	3.007704040931163E-4	3.8227917078730164E-4	2.6918714994727004E-4	0.0657753301796095	4.5421010270431237E-4	3.237666113680623E-4	2.871435734774476E-4	4.360596957294742E-4	2.4320531385033803E-4	3.9457704627462726E-4	2.8501234080234876E-4	2.8807038820684034E-4	0.5571622624661686	3.115233171306188E-4	2.502581175753659E-4	2.847404822378585E-4	2.3207274588313973E-4	3.581134795595568E-4	6.81571889730792E-4	7.93152686862056E-5	0.09836072903555206	2.026183262326469E-4	2.85173103590035E-4	3.2137763683773784E-4	2.057934362009685E-4	3.274249206162662E-4	3.696038367610999E-4	1.1238204136498884E-4	0.13092679622468475	4.1417083293460605E-4	1.6280305516857733E-4	3.0533916262855197E-4	1.633821275785338E-4	2.4003179300097023E-4	2.0814670946188725E-4	0.1372987418176177	2.161488921543266E-4	3.824570389032855E-4
386	file:/home/ulrike/Git/johnson-topics/data/letters-leipzig-txt/uj0501.txt	2.7758477250081943E-4	3.055446387773626E-4	2.514847823423164E-4	3.196371476419679E-4	2.2507690548196146E-4	3.7554895221062157E-4	3.7978114622245666E-4	2.707127253265209E-4	2.400909068653393E-4	3.6460494841385015E-4	2.0335257254637185E-4	3.2991983669020786E-4	2.383089077785803E-4	2.4086584947046618E-4	0.2200661926130386	2.604756735935214E-4	2.0924967141499126E-4	2.38081597208829E-4	1.940442383684015E-4	2.994313577242885E-4	5.69886385119607E-4	6.631830396383498E-5	0.02762135448129203	1.694163553918232E-4	2.384433272364785E-4	2.687152191503681E-4	1.7207117723742297E-4	2.737715671956185E-4	3.090388521470806E-4	9.39666031871593E-5	2.2946301631585544E-4	3.4630289535019827E-4	1.3612539776705659E-4	2.5530488309100216E-4	1.3660958070858448E-4	0.23234221476752429	1.740388323183761E-4	0.5108064535013649	1.8072974055031941E-4	3.1978586947039613E-4
387	file:/home/ulrike/Git/johnson-topics/data/letters-leipzig-txt/uj0666.txt	1.6495713046932244E-4	1.8157252067150265E-4	1.4944698759283771E-4	1.8994711486294702E-4	1.3375388040462365E-4	2.2317318399460098E-4	2.2568820156380036E-4	1.6087335752994496E-4	1.4267607942422994E-4	2.16669615928181E-4	1.2084400934026448E-4	1.9605769097137167E-4	1.4161711119192228E-4	1.4313659571000631E-4	0.25249864978093584	1.5478990178729746E-4	1.243484108918967E-4	1.41482029937379E-4	1.153124519655062E-4	1.7793965100368036E-4	3.386598693290643E-4	3.9410220600030265E-5	1.8456953956241267E-4	1.0067712140053929E-4	0.2760458681436938	1.596863223624739E-4	1.0225477203898025E-4	1.6269110053054227E-4	1.83648986918276E-4	5.5840459410134E-5	1.3636036436468103E-4	2.0579346401293727E-4	8.08936844674449E-5	1.5171711520801535E-4	8.118141433078388E-5	1.1926714830424896E-4	1.0342406793725022E-4	0.4658476848077594	1.074001975074401E-4	1.9003549408430943E-4
388	file:/home/ulrike/Git/johnson-topics/data/letters-leipzig-txt/uj0152.txt	1.2377590143299957E-4	1.3624329156087497E-4	1.1213783577054832E-4	1.4252718448646372E-4	1.0036248248342795E-4	1.674584296296402E-4	1.6934557791999785E-4	1.2071163452085696E-4	1.0705727174942924E-4	0.1584759878702994	9.067553579716738E-5	1.4711226707091052E-4	1.0626267289110848E-4	1.0740282103386679E-4	0.6156912594572976	1.1614690175524919E-4	9.33050702695626E-5	0.018373093168894978	8.652492103779878E-5	1.3351736078938322E-4	0.16465650077736924	2.9571535141060776E-5	1.3849211047387797E-4	7.554327248283922E-5	1.0632261093966061E-4	1.1982094039039788E-4	7.672706568634486E-5	1.220755814920023E-4	1.3780137201946642E-4	4.189999656430462E-5	1.0231826275681695E-4	1.5441752317556242E-4	6.069873237190385E-5	1.1384123041094439E-4	6.091463103055929E-5	8.949233507336665E-5	7.760444912189869E-5	0.0390118684711785	8.058794562407737E-5	1.4259350000590172E-4
389	file:/home/ulrike/Git/johnson-topics/data/letters-leipzig-txt/uj0595.txt	1.2155545619808838E-4	1.337991908592637E-4	1.101261685541738E-4	1.3997035554016364E-4	9.85620561208309E-5	1.644543531671624E-4	1.663076474570209E-4	1.185461598964183E-4	1.051367459752963E-4	1.5966193115436546E-4	8.904888586731148E-5	0.3409899768324091	1.0435640161424195E-4	1.0547609636921337E-4	0.5986664823360729	1.1406331495388994E-4	9.163124849751716E-5	1.042568614278123E-4	8.497272996994826E-5	1.311221612060202E-4	2.495554741717283E-4	2.904104436270421E-5	1.3600766767673966E-4	7.418808381144088E-5	1.0441526441993374E-4	1.1767144413909038E-4	7.535064066806951E-5	1.1988563869954638E-4	1.3532932054319033E-4	4.1148342594211206E-5	1.0048275118830902E-4	1.5164739062510334E-4	5.960984342421721E-5	1.1179900559435325E-4	5.982186902565968E-5	8.788691086175388E-5	7.621228451420318E-5	0.056251262349593864	7.914225936543899E-5	1.400354814097794E-4
390	file:/home/ulrike/Git/johnson-topics/data/letters-leipzig-txt/uj0217.txt	7.439803524737529E-5	8.189181488814438E-5	6.740273802600944E-5	8.566887715920162E-5	6.0324921271996984E-5	1.0065431158907753E-4	1.0178862063791165E-4	0.1720880555481447	6.434896118622314E-5	9.772110897538875E-5	5.450238398759698E-5	8.842483475498976E-5	6.387135130267992E-5	6.45566606458567E-5	0.27857620875289724	6.98124690720829E-5	5.6082919423788856E-5	6.381042771660531E-5	5.200757215758228E-5	8.025333848626475E-5	1.527404654987069E-4	1.7774575569821567E-5	8.324351345642445E-5	4.540682785431076E-5	0.16109969400677387	7.20208250825295E-5	4.6118370953253074E-5	7.337602319626043E-5	0.018382349538773376	2.5184849273292786E-5	6.150048297690995E-5	9.281580823910689E-5	3.6484213632815754E-5	6.842659818803762E-5	3.661398393406622E-5	5.37911970106902E-5	4.6645740198866134E-5	0.3674798795626122	4.843903174721864E-5	8.570873745749455E-5
391	file:/home/ulrike/Git/johnson-topics/data/letters-leipzig-txt/uj0588.txt	3.164796280850984E-4	3.4835719831630894E-4	2.86722537651172E-4	3.644243331381337E-4	2.566144197886998E-4	4.28170434756161E-4	4.3299563887230395E-4	3.086446776506367E-4	2.73732165589639E-4	4.156929698716133E-4	2.3184609858033103E-4	3.7614782062047426E-4	2.717004748627141E-4	2.746156922515964E-4	0.5467080460289422	2.969732221310871E-4	2.3856949208606168E-4	2.7144131380021566E-4	2.2123349143983247E-4	3.413873314297856E-4	6.497382028147166E-4	7.561074760917241E-5	3.5410714935668304E-4	1.9315477813459234E-4	2.71853729018768E-4	3.06367283231515E-4	1.961815905305249E-4	3.121321208860191E-4	3.5234101680078667E-4	1.0713309437391567E-4	2.6161510737305455E-4	3.9482645441186787E-4	1.5519913023372698E-4	2.910779064752602E-4	1.5575115632607847E-4	2.2882080108151888E-4	1.984249511536944E-4	0.3177111449052461	0.12475613101138164	3.6459389369624746E-4
392	file:/home/ulrike/Git/johnson-topics/data/letters-leipzig-txt/uj0427.txt	5.374454643448506E-5	5.915799299303946E-5	4.869119959425402E-5	6.188651260969075E-5	4.357824130273491E-5	7.271187075093025E-5	7.353128654791224E-5	5.2414015746033956E-5	4.64851755961641E-5	7.059294861072883E-5	3.9372086873959234E-5	6.387739436464318E-5	4.614015403103395E-5	4.6635216026876776E-5	0.4576981305874696	5.043197005505573E-5	4.051385304909166E-5	4.6096143319059434E-5	3.7569854734391296E-5	5.797437072707735E-5	1.1033849231535617E-4	1.2840211423449397E-5	6.013444924254664E-5	3.280152977083852E-5	4.616617964018975E-5	0.3649082389508011	3.3315542822313454E-5	5.3006253091722575E-5	5.983452474587634E-5	1.8193333959874213E-5	4.4427457688977125E-5	6.704939853820839E-5	2.635590452348291E-5	4.943082799757916E-5	2.6449649552611463E-5	3.885833108219837E-5	3.3696510153167395E-5	0.1755724197547986	3.499196964440982E-5	6.191530737080741E-5
393	file:/home/ulrike/Git/johnson-topics/data/letters-leipzig-txt/uj1104.txt	3.527727091325283E-5	3.883059182653536E-5	3.196031510418724E-5	4.0621559135675595E-5	2.860423105874915E-5	4.772719342262634E-5	4.826504805120656E-5	3.440392664543761E-5	3.051230760603817E-5	4.633635853159054E-5	0.005232087035751759	4.192834986487681E-5	3.028583961939607E-5	3.061079233190044E-5	0.2188630385778194	3.310293580186768E-5	2.6592803634406826E-5	3.025695151981367E-5	2.4660398711379967E-5	3.805367647222675E-5	7.242485319535807E-5	8.428159637008724E-6	3.947152591071811E-5	2.153052781840051E-5	3.030292251479255E-5	3.415007062195264E-5	0.4668483839894379	3.479266408346346E-5	3.927465909492951E-5	1.194188459102799E-5	2.916164643405535E-5	0.015662741435996882	1.729969728504679E-5	3.244579825159912E-5	1.736123038949619E-5	2.5506139018116347E-5	2.2117982127796335E-5	0.2922558998840146	2.2968306085510122E-5	4.064045966896102E-5
394	file:/home/ulrike/Git/johnson-topics/data/letters-leipzig-txt/uj1150.txt	0.029511067127711996	1.6424577833665764E-4	1.3518585690432003E-4	0.10293830041514423	1.209902804199685E-4	2.0187665607935954E-4	2.0415167554076172E-4	1.4552185387645058E-4	1.2906106952963246E-4	1.9599369760588483E-4	1.0931234692348012E-4	1.7734868653797789E-4	1.281031544172249E-4	1.2947764058077123E-4	0.6468100890736026	1.4001891808125143E-4	1.1248233739518457E-4	1.279809634286926E-4	1.0430864403346652E-4	1.6095957894932516E-4	3.0634290708546016E-4	3.5649460242842044E-5	0.11027389880020241	9.106990476296778E-5	1.2817541171021628E-4	1.4444809274633447E-4	0.014773422606025538	1.4716613690366734E-4	1.6612409568131858E-4	5.051182681484605E-5	1.233480379989149E-4	1.861554135416415E-4	7.317432240704004E-5	1.3723935528446842E-4	7.343459535572213E-5	1.0788595945454323E-4	0.08817910831837335	0.0029873164119006996	9.715142449905314E-5	1.7190116390980646E-4
395	file:/home/ulrike/Git/johnson-topics/data/letters-leipzig-txt/uj1151.txt	5.3043343772750575E-5	5.8386161339382175E-5	4.8055927719736366E-5	0.4932359660610641	4.3009677963337584E-5	7.176320226840062E-5	7.257192718461368E-5	5.173017245789467E-5	4.58786856167769E-5	6.967192560933705E-5	3.8858401040779564E-5	6.304398889516449E-5	4.553816553237131E-5	4.60267684767896E-5	0.4960862097384105	4.9773986427224265E-5	3.998527064436762E-5	4.549472902616144E-5	3.7079682542262986E-5	5.7217981739484654E-5	1.0889891100643933E-4	1.2672685766900563E-5	5.93498778084531E-5	3.237356969841865E-5	4.556385158658388E-5	5.134847138029124E-5	3.2880876444905045E-5	5.231468290977312E-5	5.9053866413098864E-5	1.795596635618554E-5	4.3847814661873295E-5	6.617460807402613E-5	2.6012040231562342E-5	4.878590622480181E-5	2.6104562173544196E-5	3.835134819755142E-5	3.325687331225802E-5	0.008890105357858231	3.453543100222586E-5	6.110750116141941E-5
396	file:/home/ulrike/Git/johnson-topics/data/letters-leipzig-txt/uj0442.txt	8.906698365397756E-5	9.803830052480093E-5	8.069243422940672E-5	1.0256008046747998E-4	7.221909502038889E-5	1.205001704036668E-4	1.2185812945695554E-4	8.686199053483662E-5	7.703654881566205E-5	1.1698863265433572E-4	6.52485368408619E-5	1.0585942606604237E-4	7.64647693116862E-5	7.728520006451038E-5	0.2853059172459003	8.357728831160749E-5	6.714070406532903E-5	7.639183351402694E-5	6.226182672486446E-5	9.607676820182484E-5	1.828560727261167E-4	2.1279161828262634E-5	9.965651146122957E-5	5.435962362220509E-5	7.650789968786475E-5	0.4119492929346875	5.521146060085477E-5	8.784346302808809E-5	9.915946809563107E-5	3.0150508022070295E-5	0.004455148481646735	1.111161611697924E-4	4.3677751011265684E-5	8.191816735545108E-5	4.38331079271011E-5	6.439712620029242E-5	5.584281044527536E-5	0.29534510584317736	5.798968258367049E-5	1.0260779996067217E-4
397	file:/home/ulrike/Git/johnson-topics/data/letters-leipzig-txt/uj0563.txt	9.809268405673965E-5	1.0797311915490608E-4	8.886949048802725E-5	1.1295311862378345E-4	0.10141563345992356	0.07251563687563518	1.3420675655756984E-4	9.566424554327801E-5	8.484313191916285E-5	1.2884380395966453E-4	7.186056883166239E-5	0.27999723280217054	8.421341051250199E-5	8.511698051482598E-5	0.32869429019263935	9.204668442034336E-5	7.39444808955676E-5	8.413308368585194E-5	6.857119717273431E-5	1.0581281280421287E-4	2.013859932594467E-4	2.343550901331983E-5	1.0975531327007825E-4	5.986821565813873E-5	8.426091155261992E-5	9.49583684143798E-5	6.080637447060233E-5	9.67451766272914E-5	1.092079014702853E-4	3.3205842796350915E-5	8.108745648903077E-5	1.2237623914121908E-4	4.810388377922451E-5	9.02194346237584E-5	4.827498395839165E-5	7.09228795607156E-5	6.150170284344384E-5	0.21428707310911524	6.386613062287729E-5	1.1300567382411712E-4
398	file:/home/ulrike/Git/johnson-topics/data/letters-leipzig-txt/uj1067.txt	0.09832125796756211	3.6542483253901894E-4	3.007704040931163E-4	3.8227917078730164E-4	2.6918714994727004E-4	4.4914848946758204E-4	0.016785755525239792	3.237666113680623E-4	2.871435734774476E-4	4.360596957294742E-4	2.4320531385033803E-4	3.9457704627462726E-4	2.8501234080234876E-4	2.8807038820684034E-4	0.4428414445084203	3.115233171306188E-4	2.502581175753659E-4	2.847404822378585E-4	2.3207274588313973E-4	3.581134795595568E-4	6.81571889730792E-4	7.93152686862056E-5	3.7145650033917275E-4	2.026183262326469E-4	2.85173103590035E-4	3.2137763683773784E-4	2.057934362009685E-4	3.274249206162662E-4	3.696038367610999E-4	1.1238204136498884E-4	2.744328444009082E-4	4.1417083293460605E-4	1.6280305516857733E-4	3.0533916262855197E-4	1.633821275785338E-4	2.4003179300097023E-4	2.0814670946188725E-4	0.43126655942325637	2.161488921543266E-4	3.824570389032855E-4
399	file:/home/ulrike/Git/johnson-topics/data/letters-leipzig-txt/uj0777.txt	5.052761966287828E-4	5.56170396491347E-4	4.577674531176519E-4	5.81822413408248E-4	4.0969827604850264E-4	6.835963821478976E-4	6.913000716350032E-4	4.927672905097598E-4	4.3702764806998135E-4	0.42322137223066286	3.7015436223399495E-4	6.005395712933975E-4	4.337839480901819E-4	4.3843824436673234E-4	0.47514648587207114	4.7413320436107945E-4	3.808886098680979E-4	4.3337018396651366E-4	3.5321078262758596E-4	5.450426412777178E-4	0.0010373408547938658	1.207164935303472E-4	5.653504925691291E-4	3.0838165554934364E-4	4.340286263260513E-4	4.891313117983338E-4	3.1321411906233294E-4	4.98335175130311E-4	5.625307700296877E-4	1.7104356064197925E-4	4.1768213402520673E-4	6.303609822241494E-4	2.4778348836882076E-4	4.6472102610958896E-4	2.4866482675407764E-4	0.07493432962978513	3.1679576104731743E-4	0.010115675240348648	3.289749473656828E-4	5.82093125663632E-4
400	file:/home/ulrike/Git/johnson-topics/data/letters-leipzig-txt/uj0528.txt	0.1857834435255873	2.5948148931332563E-4	2.1357156231882312E-4	2.7144944660749214E-4	1.9114487126396606E-4	3.189321266431294E-4	0.03511272129986954	2.2990074846307283E-4	2.0389539915769865E-4	3.096380136271057E-4	1.726956447057059E-4	2.801819430409423E-4	2.0238204981916176E-4	2.0455351334394426E-4	0.4652111211131712	2.212070091767755E-4	1.777037116224757E-4	2.0218900802529576E-4	1.6479061182674305E-4	2.5428983130030956E-4	4.839717317310656E-4	5.6320321476197574E-5	2.6376446628824157E-4	1.4387556720685265E-4	2.0249620453405935E-4	2.2820438134769897E-4	1.4613015471692751E-4	2.3249844694321457E-4	2.6244892376997667E-4	7.980043190509047E-5	1.9486974294237707E-4	2.9409513254285166E-4	1.1560347151665242E-4	2.168157541840851E-4	1.1601466024269423E-4	1.704421855999323E-4	1.4780117101393636E-4	0.3062344952110813	1.5348337456962864E-4	2.715757475031269E-4
401	file:/home/ulrike/Git/johnson-topics/data/letters-leipzig-txt/uj0054.txt	4.49421357325552E-4	4.946895503155254E-4	4.071643815644506E-4	5.175059116201953E-4	3.6440892435495357E-4	6.080294618617387E-4	6.148815609885321E-4	4.3829522551056075E-4	3.887172205911437E-4	5.903106619556433E-4	3.2923632066007304E-4	5.341540152873478E-4	3.858320895333089E-4	3.8997188508267124E-4	0.5994913742528886	0.022530357703089844	3.387839703886261E-4	3.8546406421307363E-4	3.1416573828260886E-4	4.8479189258800355E-4	9.226698943691156E-4	1.0737210803905775E-4	5.028548493483768E-4	2.742921656234458E-4	3.8604972025806127E-4	4.3506117946089817E-4	2.785904332357423E-4	4.432476184400037E-4	5.003468279149265E-4	1.52135860937833E-4	3.715102212545993E-4	5.606788725184673E-4	2.2039271275505805E-4	4.133492844614193E-4	2.211766251895008E-4	3.2494020429878814E-4	2.8177614911368323E-4	0.3627356433767932	2.926090094044321E-4	5.177466984810666E-4
402	file:/home/ulrike/Git/johnson-topics/data/letters-leipzig-txt/uj1023.txt	8.791142610058035E-5	9.676634885375543E-5	0.004404321579195164	1.0122946309615812E-4	7.128212244843637E-5	1.1893679780045203E-4	1.2027713865475326E-4	8.573504062424352E-5	7.603707446254562E-5	0.4109596956523604	6.440200048697015E-5	1.0448600289203949E-4	7.547271324195146E-5	7.62824997030912E-5	0.47189009648212077	8.24929542201316E-5	6.626961868059754E-5	7.540072371538436E-5	6.145404003210142E-5	9.483026550635994E-5	1.8048369289068734E-4	2.1003085383638228E-5	9.836356507593794E-5	5.3654360334963824E-5	7.551528404341522E-5	8.510242805328632E-5	5.4495145556671045E-5	8.67037794657365E-5	9.78729703649578E-5	2.975933448217563E-5	7.267120894251517E-5	1.096745369665625E-4	4.311107464000163E-5	8.085535874596899E-5	4.326441595083729E-5	6.356163607202088E-5	5.511830425043596E-5	0.10987689598829976	5.723732280926744E-5	1.0127656347530221E-4
403	file:/home/ulrike/Git/johnson-topics/data/letters-leipzig-txt/uj0133.txt	2.0280975807802925E-4	2.232378732961399E-4	1.8374051071911904E-4	2.3353418129529226E-4	1.64446314322279E-4	2.743846193654902E-4	0.050162147188589606	1.9778888386953435E-4	1.7541588574694015E-4	0.030197190940013455	1.4857402180644768E-4	2.41046948150178E-4	1.7411391662080662E-4	1.7598207646718104E-4	0.6496551435902056	1.9030946067676618E-4	1.528825765738148E-4	1.7394783834048707E-4	1.4177314081526132E-4	2.1877137090025182E-4	4.163719747909764E-4	4.8453663584917564E-5	2.2692261656544514E-4	1.2377944849757802E-4	1.7421212653877767E-4	1.9632946035470978E-4	0.050010389553685024	2.00023743418499E-4	2.2579082518107597E-4	6.865414081655252E-5	1.676509068116701E-4	2.5301678400780237E-4	9.945631649996489E-5	1.8653156334673523E-4	9.98100715865718E-5	1.466353192821791E-4	1.271567354386068E-4	0.2135758855474797	1.3204526540953207E-4	2.336428408509758E-4
404	file:/home/ulrike/Git/johnson-topics/data/letters-leipzig-txt/uj0324.txt	0.750957546380614	0.029856167120980995	1.8192545247118028E-4	2.3122724233949702E-4	1.6282185144261463E-4	2.7167414433449283E-4	0.010153113894990955	1.9583505047910259E-4	1.7368306129250514E-4	2.6375719276378566E-4	1.471063514344987E-4	2.3866579524237276E-4	0.019929150270720817	1.7424365896670158E-4	0.17895383095467834	1.8842951185704082E-4	1.513723446685567E-4	1.7222951581348774E-4	1.4037265211755493E-4	2.1661026456822258E-4	4.122588949693458E-4	4.797501997285589E-5	2.2468098914627143E-4	1.2255670829705532E-4	1.724911932730128E-4	1.94390043701651E-4	1.2447722078688734E-4	1.980478332403112E-4	2.235603780251937E-4	6.797594925141246E-5	1.6599478775555128E-4	2.505173885348991E-4	9.847384939531628E-5	1.8468893402548032E-4	9.882410995540215E-5	1.4518680014690186E-4	1.259006331205305E-4	0.004020160853766429	1.3074087234376326E-4	2.31334828514999E-4
405	file:/home/ulrike/Git/johnson-topics/data/letters-leipzig-txt/uj0202.txt	9.06558256469156E-5	9.978717942919085E-5	0.12049356845038976	1.0438962218945968E-4	7.350739205429493E-5	1.226497405702881E-4	0.23648722221914031	8.841149824790905E-5	7.841078311357947E-5	1.1907556144244575E-4	6.641248796009234E-5	1.0774782392776267E-4	7.782880378864473E-5	7.86638699852541E-5	0.5802747971785922	8.506820110417787E-5	6.833840904733283E-5	7.775456690888574E-5	6.337249872473609E-5	0.01793652199889582	1.8611799308192086E-4	2.1658755079322037E-5	1.014342571957708E-4	5.532933034391025E-5	7.787270355601664E-5	8.775913691698117E-5	5.619636301357013E-5	8.941047896528822E-5	1.0092834720710754E-4	3.0688354834532106E-5	7.493984274473892E-5	1.1309833251677E-4	4.445690667722375E-5	8.337948353501898E-5	4.461503496334303E-5	0.035743008575309314	5.683897533824881E-5	0.006274620679672165	5.9024144951948627E-5	1.0443819293787076E-4
406	file:/home/ulrike/Git/johnson-topics/data/letters-leipzig-txt/uj0337.txt	2.0693899143288253E-4	2.2778302576422909E-4	1.8748149168911385E-4	2.3828896794876215E-4	1.6779446291541021E-4	2.7997112631209767E-4	2.8312621998840827E-4	2.0181589156498782E-4	1.7898737625736576E-4	2.718123894781641E-4	0.4684346247447277	2.45954695725146E-4	1.7765889886854524E-4	1.7956509469515525E-4	0.520361286902011	1.941841863320687E-4	1.5599528594513422E-4	1.7748943921259015E-4	1.446596606130486E-4	2.2322558479197558E-4	4.2484936297301616E-4	4.944018654976771E-5	2.315427908912392E-4	1.2629961435263955E-4	1.7775910835336604E-4	2.003267539954088E-4	1.28278779672887E-4	2.0409625314837354E-4	2.3038795608539285E-4	7.005194815528733E-5	1.7106430132946148E-4	2.581682390155085E-4	1.0148126018775575E-4	1.9032937051540177E-4	1.0184221777446379E-4	1.4962083367319067E-4	1.2974566330008246E-4	0.0041429373595413205	1.347337243843202E-4	2.3839983982729398E-4
407	file:/home/ulrike/Git/johnson-topics/data/letters-leipzig-txt/uj1001.txt	3.2987398453164704E-5	3.631007080745895E-5	2.9885748577973242E-5	3.7984785169249524E-5	2.6747510307745127E-5	0.001667396766414517	0.32784418302243484	3.217074357586281E-5	2.8531732264691227E-5	0.03574421536379418	2.416585130599499E-5	3.920675119335224E-5	2.8319964474302358E-5	2.862382427774853E-5	0.5113595572206334	0.017881397566400812	2.4866646051846117E-5	2.8292951521576435E-5	2.3059674891137747E-5	3.558358557508425E-5	0.01629539949181101	7.881081868734922E-6	3.690940140956649E-5	2.0132966118581064E-5	2.8335938506946866E-5	0.0049002361015539255	2.0448457725897913E-5	3.2534247793446824E-5	3.672531335721705E-5	1.1166728465323471E-5	2.7268743459095228E-5	4.11536680902331E-5	1.6176761770043335E-5	3.033971867292057E-5	1.6234300717416105E-5	2.385051759988407E-5	2.0682288355687245E-5	0.08342155721855603	2.147741718740305E-5	3.800245885562953E-5
408	file:/home/ulrike/Git/johnson-topics/data/letters-leipzig-txt/uj0311.txt	1.0101745977025207E-4	1.1119249437797355E-4	9.151926330188214E-5	1.1632097975729305E-4	8.190902202558591E-5	1.3666816385464657E-4	1.3820832574637713E-4	0.4871005505922753	8.737285300979957E-5	1.3268546893479977E-4	7.400319596536854E-5	1.2006301185041706E-4	8.672435554563564E-5	8.765486679871311E-5	0.24407602572014128	9.479118988158899E-5	7.614924289134032E-5	8.664163365808997E-5	7.061574691735418E-5	1.0896777535870049E-4	2.073906088716172E-4	2.4134272720879428E-5	1.1302782719676E-4	6.165327338035342E-5	8.677327289819153E-5	9.77896899589355E-5	6.261940475913526E-5	9.962977445148083E-5	1.1246409351982891E-4	0.009973012943151085	8.350519666700809E-5	1.260250642864684E-4	4.953817087571908E-5	9.290945798086993E-5	4.97143726550047E-5	7.303754812816517E-5	6.333546535637614E-5	0.25546221270713165	6.577039198097977E-5	1.1637510196718541E-4
409	file:/home/ulrike/Git/johnson-topics/data/letters-leipzig-txt/uj0251.txt	2.185248575738599E-5	2.405358841183643E-5	1.9797799334682747E-5	2.5163002110848733E-5	1.771887494781997E-5	2.9564583299898454E-5	2.989775704906673E-5	2.131149313863562E-5	1.890083189897322E-5	2.8703031403722236E-5	1.6008656221530572E-5	2.597249289793299E-5	1.8760546431178114E-5	1.8961838207384022E-5	0.49892512042497705	2.0505595087465197E-5	0.010766488680173587	1.8742651714031917E-5	1.5275870203707905E-5	2.357232862968176E-5	4.486353484724251E-5	5.220818778232586E-6	2.445061467218598E-5	1.3337073427747665E-5	1.877112842118705E-5	2.1154242166720217E-5	1.3546070686663207E-5	2.155229632742853E-5	2.4328665633137555E-5	7.397393737840133E-6	1.8064165590618835E-5	2.7262227031417575E-5	1.071628781767676E-5	0.04732016797600696	0.4418364030783655	1.5799763564190645E-5	1.3700971671485239E-5	4.3748874494965425E-4	1.4227704372004994E-5	2.517471003563244E-5
410	file:/home/ulrike/Git/johnson-topics/data/letters-leipzig-txt/uj0785.txt	1.6907312883479345E-4	1.8610310504922585E-4	0.1831339778843904	1.9468666150805082E-4	1.3709129753569592E-4	2.2874178510887396E-4	2.3131955721420342E-4	1.6488745788897265E-4	1.4623612261867165E-4	2.2207594048335676E-4	1.2385930030408247E-4	2.0094970826871586E-4	1.4515073108777203E-4	1.4670812967343833E-4	0.724568291735918	1.586522081994863E-4	1.2745114342927645E-4	1.4501227929555438E-4	1.181897199105663E-4	1.8237958828071633E-4	3.4711008584679335E-4	4.0393581568489544E-5	0.025141102438028293	1.0318920963792538E-4	1.4523260416070169E-4	1.6367080390602414E-4	1.0480622570076862E-4	1.6675055708119393E-4	1.8823138313131278E-4	5.723378650672778E-5	1.3976281829463974E-4	2.1092840761368934E-4	8.291213782012887E-5	1.5550274967215453E-4	8.320704709816687E-5	1.2224309354576718E-4	1.0600469778555649E-4	0.061606023602187775	1.1008003945264233E-4	1.9477724596134004E-4
411	file:/home/ulrike/Git/johnson-topics/data/letters-leipzig-txt/uj0647.txt	1.6907312883479345E-4	0.29960923349732893	1.5317597799723303E-4	1.9468666150805082E-4	1.3709129753569592E-4	2.2874178510887396E-4	2.3131955721420342E-4	1.6488745788897265E-4	1.4623612261867165E-4	2.2207594048335676E-4	1.2385930030408247E-4	2.0094970826871586E-4	0.050049005796467726	1.4670812967343833E-4	0.35028937874556837	1.586522081994863E-4	1.2745114342927645E-4	1.4501227929555438E-4	1.181897199105663E-4	1.8237958828071633E-4	3.4711008584679335E-4	4.0393581568489544E-5	1.8917490533831594E-4	1.0318920963792538E-4	1.4523260416070169E-4	1.6367080390602414E-4	1.0480622570076862E-4	1.6675055708119393E-4	1.8823138313131278E-4	5.723378650672778E-5	1.3976281829463974E-4	2.1092840761368934E-4	8.291213782012887E-5	1.5550274967215453E-4	8.320704709816687E-5	1.2224309354576718E-4	1.0600469778555649E-4	0.2944906805739609	1.1008003945264233E-4	1.9477724596134004E-4
412	file:/home/ulrike/Git/johnson-topics/data/letters-leipzig-txt/uj0644.txt	1.8275326771170794E-4	2.0116118281737378E-4	1.6556983777880064E-4	2.1043925676235292E-4	1.4818370472085697E-4	2.472498674328273E-4	2.5003621366603254E-4	1.7822892343425533E-4	1.580684609685445E-4	2.4004467228580815E-4	1.3388107278226833E-4	2.1720906264002836E-4	1.5689524763544093E-4	1.5857865932020497E-4	0.43257389094946247	1.7148916375981589E-4	1.3776354111275297E-4	1.56745593354937E-4	1.277527521519584E-4	1.9713638679263483E-4	3.751956498431973E-4	4.36619294686036E-5	2.0448153031704964E-4	1.1153851226321258E-4	1.5698374526790693E-4	1.7691382686870014E-4	1.1328636522756908E-4	1.8024277074278998E-4	2.0346166531734955E-4	6.186471841920672E-5	0.33279157627202544	2.279951640470031E-4	8.962077075179684E-5	1.6808487449540655E-4	8.99395418930857E-5	1.3213409460533708E-4	1.1458180875112428E-4	0.22841583487574288	1.189868967259814E-4	2.1053717063522305E-4
413	file:/home/ulrike/Git/johnson-topics/data/letters-leipzig-txt/uj0654.txt	0.5743650681993875	3.777637647035056E-4	3.1092621530989757E-4	3.951872064111178E-4	2.7827652124060216E-4	4.643144340062044E-4	4.695469576376579E-4	3.346989123478258E-4	2.968392612335012E-4	4.507836841565555E-4	2.5141738266019805E-4	4.079003318702395E-4	2.9463606537182284E-4	2.9779737078212E-4	0.12013450014972844	3.2204221112866184E-4	2.5870833130309565E-4	2.9435502723307576E-4	2.3990891248621928E-4	3.7020553663398077E-4	7.045858410656708E-4	8.199342745589628E-5	3.839990977535213E-4	2.0945993512193743E-4	2.9480225647459665E-4	3.3222927172136456E-4	2.1274225582971996E-4	3.384807480387639E-4	3.8208387715091724E-4	1.1617673253382466E-4	2.836993417739578E-4	4.281557221841437E-4	1.6830026191268043E-4	3.156492425118958E-4	1.6889888727730378E-4	2.4813670472954803E-4	2.1517498969797957E-4	0.2938817364766821	2.2344737403140697E-4	3.9537108042057666E-4
414	file:/home/ulrike/Git/johnson-topics/data/letters-leipzig-txt/uj0208.txt	1.8275326771170794E-4	2.0116118281737378E-4	1.6556983777880064E-4	2.1043925676235292E-4	1.4818370472085697E-4	2.472498674328273E-4	2.5003621366603254E-4	0.009168512839298435	1.580684609685445E-4	2.4004467228580815E-4	1.3388107278226833E-4	2.1720906264002836E-4	1.5689524763544093E-4	1.5857865932020497E-4	0.5854087175191536	1.7148916375981589E-4	1.3776354111275297E-4	1.56745593354937E-4	1.277527521519584E-4	1.9713638679263483E-4	3.751956498431973E-4	0.3866258703116283	2.0448153031704964E-4	1.1153851226321258E-4	1.5698374526790693E-4	1.7691382686870014E-4	1.1328636522756908E-4	1.8024277074278998E-4	0.009193745581181528	6.186471841920672E-5	1.5107138505079107E-4	2.279951640470031E-4	8.962077075179684E-5	1.6808487449540655E-4	8.99395418930857E-5	1.3213409460533708E-4	1.1458180875112428E-4	0.0036587369791383976	1.189868967259814E-4	2.1053717063522305E-4
415	file:/home/ulrike/Git/johnson-topics/data/letters-leipzig-txt/uj0796.txt	1.6362930669753842E-4	1.8011095118029957E-4	1.482440128430788E-4	1.884181340072591E-4	1.3267722744961458E-4	2.2137674962350315E-4	2.238715225381954E-4	1.5957840612185957E-4	1.4152760715518988E-4	2.1492553208146147E-4	1.1987127449804718E-4	1.944795229832877E-4	1.4047716309633517E-4	1.4198441651135487E-4	0.3309612416767421	1.5354391920600183E-4	1.233474673407082E-4	1.4034316917945592E-4	1.1438424343964936E-4	1.7650732432660118E-4	3.359338239391802E-4	3.909298770676225E-5	1.8308384554311847E-4	9.986672008784621E-5	1.4055640001738235E-4	1.5840092600368424E-4	1.0143167141456095E-4	1.613815171852965E-4	1.8217070289502495E-4	5.5390971175092796E-5	0.4026106719493054	2.0413692784007403E-4	8.024253009225985E-5	1.504958670474385E-4	8.052794387170899E-5	1.183071064178467E-4	1.0259155505592784E-4	0.26086013544682185	1.0653567873860034E-4	1.885058018193558E-4
416	file:/home/ulrike/Git/johnson-topics/data/letters-leipzig-txt/uj1045.txt	1.1667178306440417E-4	1.2842360728493833E-4	1.0570168422821185E-4	1.3434683615038182E-4	9.460217739112937E-5	1.5784715237667648E-4	0.023117627622506576	1.1378338976420704E-4	1.0091271919984818E-4	1.5324727312058669E-4	8.547121304951542E-5	1.3866875790115595E-4	1.0016372634624812E-4	1.0123843568169325E-4	0.5114796522003636	1.0948064985433652E-4	8.794982538012111E-5	1.0006818533640332E-4	8.155882284122354E-5	0.22970587047855504	2.3952920794974804E-4	0.17795238694586699	1.3054335522723904E-4	7.120746604995577E-5	1.0022022425025863E-4	1.1294381702700576E-4	7.232331543770827E-5	1.150690529933693E-4	1.2989226170924135E-4	3.94951460902591E-5	9.64457056477343E-5	1.4555472880182618E-4	5.721492837935434E-5	1.0730731252626093E-4	5.7418435533613906E-5	8.435592213609273E-5	7.315034144739278E-5	0.04251228252952202	7.596260015563595E-5	0.011613410162852
417	file:/home/ulrike/Git/johnson-topics/data/letters-leipzig-txt/uj1163.txt	9.06558256469156E-5	9.978717942919085E-5	8.213188488504084E-5	1.0438962218945968E-4	7.350739205429493E-5	1.226497405702881E-4	1.2403192389030327E-4	8.841149824790905E-5	7.841078311357947E-5	1.1907556144244575E-4	6.641248796009234E-5	1.0774782392776267E-4	7.782880378864473E-5	7.86638699852541E-5	0.24133890166087513	8.506820110417787E-5	6.833840904733283E-5	7.775456690888574E-5	6.337249872473609E-5	9.77906558580845E-5	1.8611799308192086E-4	2.1658755079322037E-5	0.5129649603695307	5.532933034391025E-5	7.787270355601664E-5	8.775913691698117E-5	5.619636301357013E-5	8.941047896528822E-5	1.0092834720710754E-4	3.0688354834532106E-5	7.493984274473892E-5	1.1309833251677E-4	4.445690667722375E-5	8.337948353501898E-5	4.461503496334303E-5	6.554588923384313E-5	5.683897533824881E-5	0.24263781097492215	5.9024144951948627E-5	1.0443819293787076E-4
418	file:/home/ulrike/Git/johnson-topics/data/letters-leipzig-txt/uj0258.txt	9.147169514450311E-5	1.0068522779360217E-4	8.28710420123286E-5	1.0532909086674885E-4	7.41689318791914E-5	0.0046235719048577095	1.2514816614729097E-4	8.920716961421948E-5	7.911645167671715E-5	1.201471982379384E-4	6.701017622556104E-5	1.0871751520073695E-4	7.852923474927809E-5	7.937181623829607E-5	0.19851268049101353	8.583378401073982E-5	6.895342990294262E-5	7.845432976456986E-5	6.39428281914467E-5	9.867073623564824E-5	1.8779298740715218E-4	2.1853676006894426E-5	1.023471286617348E-4	5.5827274217096695E-5	7.857352959860855E-5	8.854893726830154E-5	5.6702109865809925E-5	9.021514079514769E-5	1.0183666566695937E-4	3.096453887964967E-5	7.56142741054721E-5	1.141161764233252E-4	0.7920128885700498	8.412986859693184E-5	4.5016554070368346E-5	6.613577842559154E-5	5.7350505467964026E-5	0.001831271625181602	5.955534081436387E-5	1.0537809873425097E-4
419	file:/home/ulrike/Git/johnson-topics/data/letters-leipzig-txt/uj0338.txt	2.2528643744772997E-4	2.4797852753685306E-4	2.0410381367749918E-4	0.011342057909320847	1.8267131057284798E-4	3.047936843528006E-4	3.082285122179031E-4	2.1970911772690167E-4	1.9485660032423914E-4	2.959115846447491E-4	1.6503994870492375E-4	0.45465608212255154	1.9341033862128545E-4	1.9548553993487642E-4	0.5110838997535812	2.1140077684019554E-4	1.6982600517127542E-4	1.9322585447976675E-4	1.5748535042262173E-4	2.4301701867181005E-4	4.625169900239477E-4	5.3823609641785895E-5	2.520716377102398E-4	1.3749748160803632E-4	0.011276161403625924	2.1808795152909095E-4	1.396521219734469E-4	2.2219165875822904E-4	2.5081441393888423E-4	7.626283344140261E-5	1.862310565744625E-4	2.810577283055032E-4	1.1047870397503458E-4	2.0720418867505163E-4	1.1087166447134374E-4	1.6288638672101098E-4	1.4124906116906702E-4	0.004510254891248401	1.466793694143068E-4	2.595366403929728E-4
420	file:/home/ulrike/Git/johnson-topics/data/letters-leipzig-txt/uj0385.txt	6.489731666609977E-5	7.143413163380578E-5	5.879532731330319E-5	7.47288585100915E-5	5.26213562714271E-5	8.780063493995416E-5	8.879009135899323E-5	6.32906816277404E-5	5.613152144880351E-5	0.019240422414192285	0.003240072432061878	7.713287700624548E-5	5.5714902921820884E-5	5.631269743763706E-5	0.5335219280388248	6.0897332806555504E-5	4.892106316118592E-5	5.566175935096216E-5	4.536614264238548E-5	7.00048906390785E-5	1.3323532435013827E-4	1.550474089167464E-5	7.261321666919831E-5	3.960832132550496E-5	5.57463292210617E-5	6.282367909842877E-5	4.02289995149235E-5	6.400581678310909E-5	7.225105350423308E-5	2.1968713730710195E-5	5.364679733274824E-5	8.096311789531855E-5	3.182513567152312E-5	5.96884393012208E-5	3.193833414922625E-5	0.37038040989150206	4.0689023073592946E-5	0.07153491165743556	4.2253309134388874E-5	7.476362860035156E-5
421	file:/home/ulrike/Git/johnson-topics/data/letters-leipzig-txt/uj0709.txt	3.069228130375589E-4	3.3783776825083617E-4	2.780643049589981E-4	3.534197197552856E-4	2.488653695155718E-4	4.152408642857074E-4	4.1992036049773144E-4	2.993244565749172E-4	2.6546620643476025E-4	4.0314018455123494E-4	2.2484498354164028E-4	3.647891901330852E-4	2.6349586718448013E-4	0.07575945277960174	0.2433250724913582	2.880054469376218E-4	2.3136534904011854E-4	2.6324453207386624E-4	2.1455284797217969E-4	3.310783721903294E-4	6.301178946413534E-4	7.332751081797915E-5	3.4341408657128535E-4	1.8732203464538275E-4	2.636444934861804E-4	2.9711583320872405E-4	1.9025744562496964E-4	3.027065886084665E-4	3.417012863650516E-4	1.038979693372836E-4	2.5371505007731546E-4	3.8290378051490724E-4	1.5051254300485196E-4	2.8228815361362866E-4	1.5104789942624254E-4	2.2191104171344385E-4	1.9243306292231977E-4	0.6704841641216754	1.9983113579866296E-4	3.5358416005051526E-4
422	file:/home/ulrike/Git/johnson-topics/data/letters-leipzig-txt/uj0483.txt	4.046860707606863E-4	4.4544827943845185E-4	3.666353435216552E-4	4.6599350599463985E-4	3.2813575354966734E-4	5.475063652778739E-4	5.536764082161674E-4	3.946674312510542E-4	3.5002440821719507E-4	5.315512901669278E-4	2.9646422179957906E-4	4.80984461695475E-4	3.4742646236439256E-4	3.511541837272437E-4	0.5398181567183213	3.7974300940803244E-4	3.05061500924542E-4	3.470950701900803E-4	2.828937613241252E-4	4.3653583202090844E-4	8.308275698854634E-4	9.668431596174101E-5	4.5280080670118497E-4	2.469891938539624E-4	3.4762243018265763E-4	3.9175530131516193E-4	2.508596130112749E-4	3.991268642593246E-4	4.505424330775404E-4	1.3699229638552247E-4	3.345301891784596E-4	5.048690414453738E-4	1.9845487869087994E-4	3.7220460277160574E-4	1.9916076068278823E-4	0.060016441750654945	2.537282235483348E-4	0.38635287654152467	2.634827837059799E-4	4.662103249931777E-4
423	file:/home/ulrike/Git/johnson-topics/data/letters-leipzig-txt/uj0194.txt	5.627383324194274E-5	6.194204349043021E-5	5.098266946316734E-5	6.479897071544597E-5	0.0028139393041055334	7.613378399863218E-5	7.699176254667683E-5	5.48806860846501E-5	4.867282716600394E-5	7.391514268372761E-5	4.1224987428879267E-5	6.688354590149187E-5	4.831156844657878E-5	4.882992869048637E-5	0.1110527289344643	5.2805362799003174E-5	4.242048657443473E-5	4.826548653444408E-5	3.9337939949393215E-5	6.070271845310021E-5	0.3849106510838893	1.3444488127093869E-5	6.296445301471195E-5	3.434521153983338E-5	4.833881885404922E-5	5.4475738333215926E-5	3.488341470018831E-5	5.5500794874135534E-5	6.265041368922668E-5	1.904953542813808E-5	0.2962557113036012	7.020482863151824E-5	2.759624695880554E-5	5.175710572118768E-5	2.769440374840413E-5	4.0687053635208205E-5	3.528231083885489E-5	0.2032132529547782	3.6638736303729444E-5	6.482912059469551E-5
424	file:/home/ulrike/Git/johnson-topics/data/letters-leipzig-txt/uj0058.txt	1.3531054076021395E-4	0.01346175428608353	1.2258792723078167E-4	1.5580925028716892E-4	1.0971523228389577E-4	1.8306383072724545E-4	1.8512684180376933E-4	1.3196071572872274E-4	1.1703390696427097E-4	1.7772910339879084E-4	9.912556192594817E-5	1.6082161534974586E-4	1.1616525967540407E-4	1.17411657883434E-4	0.22708805772590163	1.2697059687853126E-4	1.0200014193133006E-4	0.3329364175263523	9.458815261544922E-5	1.4595980380775007E-4	2.777949029685695E-4	3.23272976784786E-5	1.513981489311751E-4	8.258312750792018E-5	1.1623078333281885E-4	1.3098701807797604E-4	8.387723804688742E-5	1.334517685111889E-4	1.5064304076627198E-4	4.580464474367893E-5	1.11853271137474E-4	1.6880764609133875E-4	6.635522913276978E-5	0.013437264583538474	6.659124732301407E-5	9.783209907969278E-5	8.483638458304175E-5	0.40874977223299513	8.809791223416154E-5	1.5588174573007876E-4
425	file:/home/ulrike/Git/johnson-topics/data/letters-leipzig-txt/uj0667.txt	3.5523865446243125E-5	0.001786647445654272	3.218372351343521E-5	4.0905511214310916E-5	2.8804179830773598E-5	4.8060815175905684E-5	4.860242950605912E-5	3.464441634332342E-5	0.46138271672127906	4.6660258096289455E-5	0.18701338405205897	4.2221436648131885E-5	3.0497543140780377E-5	3.082476733178378E-5	0.26058647566286225	3.3334331337388044E-5	2.6778692163291455E-5	3.0468453108133398E-5	2.483277937876608E-5	3.831967858450202E-5	0.08745020216287672	8.487074004131013E-6	3.9747439048168634E-5	2.168103011959803E-5	3.0514745448719364E-5	3.4388785820112774E-5	2.2020780507118134E-5	3.5035871126668344E-5	3.954919609757017E-5	1.202536053396558E-5	2.93654916408265E-5	4.431805587616857E-5	1.7420625312143038E-5	3.267260027625189E-5	1.7482588544172107E-5	2.5684431563903808E-5	2.2272590841347432E-5	7.111910051049659E-4	2.312885871801568E-5	4.092454386575793E-5
426	file:/home/ulrike/Git/johnson-topics/data/letters-leipzig-txt/uj0514.txt	1.4093944274068686E-4	1.5513563922732405E-4	1.2768757004127224E-4	1.6229089608201983E-4	1.1427937255575592E-4	0.014057305245842257	0.020992767068977954	1.3745026539674417E-4	1.219025032095634E-4	1.8512261240768608E-4	1.0324917320342612E-4	1.675117749194223E-4	1.2099772029950126E-4	1.2229596852085772E-4	0.5277340388344696	0.4299976580033231	1.0624333538617878E-4	1.2088230681791442E-4	9.852300821941802E-5	1.5203171383121854E-4	2.8935113702616654E-4	3.367210931623705E-5	1.576962934480079E-4	8.601857553267348E-5	1.2106596973306707E-4	1.364360620425698E-4	8.736652091211077E-5	1.390033457929724E-4	1.5690977287560856E-4	4.7710112374389656E-5	1.1650635356468745E-4	1.7583002356514083E-4	6.911559856579184E-5	1.2962716804545117E-4	6.93614350839434E-5	1.0190190246063843E-4	8.836556782710174E-5	0.0028216204144046308	9.176277463042661E-5	1.623664073265064E-4
427	file:/home/ulrike/Git/johnson-topics/data/letters-leipzig-txt/uj1116.txt	4.702128891963191E-4	5.17575319725167E-4	4.260009835148251E-4	5.414472318965424E-4	3.8126753519135317E-4	6.361586633974507E-4	0.0931691124472056	4.585720303429727E-4	4.0670040351936914E-4	6.176201405588459E-4	3.4446774511830006E-4	5.588655249913698E-4	4.036817979540092E-4	4.080131124191953E-4	0.7891457023625589	4.412310442764128E-4	3.544570967383775E-4	4.032967467180042E-4	3.286999540107552E-4	5.072197677237451E-4	9.653552723607905E-4	1.1233945231395029E-4	0.09305190305586526	2.8698171455231544E-4	4.0390949690555136E-4	4.5518836796908097E-4	2.9147883245642266E-4	4.637535352933526E-4	5.234943193491058E-4	1.591741058939672E-4	3.886973586249656E-4	5.866174988369961E-4	2.3058871709851045E-4	4.3247201790867047E-4	2.3140889558951447E-4	3.399728779882984E-4	2.9481192876506135E-4	0.009413704648411405	3.0614594850521194E-4	5.416991582540359E-4
428	file:/home/ulrike/Git/johnson-topics/data/letters-leipzig-txt/uj1216.txt	9.230238306065681E-5	1.0159958716926694E-4	8.362362425200348E-5	1.0628562286131002E-4	7.484248707425738E-5	1.2487739486815962E-4	1.2628468241260255E-4	9.001729254586232E-5	7.983493710844533E-5	1.212382988847375E-4	6.761872014247398E-5	1.0970481871587176E-4	7.924238744933432E-5	0.4269042812131256	0.554488709616106	8.661327199402066E-5	6.957962121717637E-5	7.916680222506609E-5	6.452351639908749E-5	9.9566801276746E-5	1.8949840420445858E-4	2.2052137230924295E-5	1.0327658036696474E-4	5.633426211111877E-5	7.928708455639082E-5	8.935308255128583E-5	5.721704246229825E-5	9.103441748171445E-5	1.027614816710499E-4	3.12457391814038E-5	7.630095498187786E-5	0.004655835364521314	4.526436553338689E-5	8.489388270119292E-5	4.542536586109836E-5	6.67363816163028E-5	5.7871326382043335E-5	0.01092926778726473	6.00961846445646E-5	1.0633507578717981E-4
429	file:/home/ulrike/Git/johnson-topics/data/letters-leipzig-txt/uj1138.txt	8.156227832916529E-5	8.977767996935046E-5	0.2648882585443919	9.391845873043243E-5	0.008090811710730507	1.1034693254414266E-4	1.1159047116777269E-4	7.954307598145857E-5	7.054551729776423E-5	1.0713127386205455E-4	5.9750752793653316E-5	9.693980438483907E-5	7.002191542945163E-5	7.077321741214388E-5	0.7106482458520609	7.65351398645215E-5	6.148348768009426E-5	6.995512513764209E-5	5.70157002323596E-5	8.798142462629568E-5	1.6744878164737966E-4	1.9486198459249153E-5	9.125954188245902E-5	4.9779329779121355E-5	7.006141167825222E-5	7.895615201860638E-5	5.055939172680804E-5	8.044185046985926E-5	9.080437895155627E-5	2.761005286330933E-5	6.742274165254634E-5	1.0175361163467745E-4	3.9997502313684114E-5	7.501581497379095E-5	4.01397689930965E-5	5.897108126117699E-5	5.1137544591328097E-5	0.013669900801874668	5.310352318075902E-5	9.396215742130298E-5
430	file:/home/ulrike/Git/johnson-topics/data/letters-leipzig-txt/uj0906.txt	0.20175438165295106	0.010302963951912884	1.8559215138038958E-4	2.358876164968735E-4	1.6610351817462207E-4	2.771497238928257E-4	2.802730221870602E-4	1.9978209667974583E-4	1.771836351964796E-4	2.690732065368243E-4	1.5007127300548166E-4	2.434760930824697E-4	1.7586854550719844E-4	1.77755531690344E-4	0.5554272639284528	1.9222729977623538E-4	1.5442324713185317E-4	0.060640559218873374	1.432018562965787E-4	2.2097603422841712E-4	4.2056795354230935E-4	4.894195423639239E-5	2.2920942387946638E-4	1.2502683296913925E-4	1.759677451333005E-4	1.9830796585888684E-4	1.2698605329757186E-4	2.020394779730819E-4	2.2806622689412672E-4	6.934600130068305E-5	1.6934040486921013E-4	2.5556655467851166E-4	1.0045858518274354E-4	1.884113307750035E-4	1.008159052278886E-4	1.4811303325226995E-4	1.284381544396265E-4	0.1653408094735136	1.3337594845598506E-4	2.3599737106666554E-4
431	file:/home/ulrike/Git/johnson-topics/data/letters-leipzig-txt/uj1047.txt	2.936571496077706E-5	3.232359141783663E-5	2.6604594944831574E-5	3.3814439041327936E-5	0.5865330645400896	0.0014843334262497018	4.017707739142259E-5	2.8638720548585847E-5	2.5399235960110932E-5	3.8571586229134166E-5	2.151268467696608E-5	3.490224552617403E-5	2.521071813627398E-5	2.548121719938461E-5	0.3757642136722171	2.755574203891596E-5	2.2136539231058696E-5	2.5186670933184453E-5	2.052795527063984E-5	3.1676866933412095E-5	0.007283308690579309	7.015818603228317E-6	3.285712156734959E-5	1.7922569589494682E-5	2.5224938381319336E-5	2.8427404212776678E-5	1.8203423401781146E-5	2.8962315671001096E-5	3.269324452561642E-5	9.940734357171626E-6	2.4274910581241104E-5	3.6635410593049405E-5	1.4400716558535216E-5	2.7008723704117266E-5	1.4451938310080458E-5	2.1231971429926426E-5	1.841158178787642E-5	0.028035381661317308	1.911941349707936E-5	3.3830172335278914E-5
432	file:/home/ulrike/Git/johnson-topics/data/letters-leipzig-txt/uj0326.txt	4.860437062638877E-5	5.3500070382993256E-5	4.403433033354369E-5	5.5967631977745073E-5	3.941037988117174E-5	0.009629845814318002	6.649868946920184E-5	0.15068178978626054	4.203929241570443E-5	6.384137676309249E-5	3.560650577057245E-5	5.776810404627358E-5	4.172726901727228E-5	4.2174982847331604E-5	0.22742375848665022	4.560861197261966E-5	3.6639072422008595E-5	4.168746752859569E-5	3.397664070187882E-5	5.24296507941593E-5	0.014445917878118475	1.1612162281568334E-5	0.033528691735983496	2.9664362542119866E-5	4.1750805514221384E-5	4.705133493768004E-5	3.0129214932141308E-5	0.20328481032198492	0.012009222111788074	1.6453307458708E-5	4.01783764634712E-5	6.063673494389132E-5	2.3835202576593356E-5	4.470322002423707E-5	0.002414942024497598	3.5141886035719195E-5	3.0473746211569686E-5	0.34528023805992886	3.1645306814850144E-5	5.599367278251991E-5
433	file:/home/ulrike/Git/johnson-topics/data/letters-leipzig-txt/uj0129.txt	2.565639020014747E-4	0.025524990056341606	2.324404053956014E-4	2.954317453541248E-4	2.0803233765533257E-4	3.471094747152889E-4	3.510211741933303E-4	2.5021225950361026E-4	2.219093624822747E-4	3.3699423571164244E-4	1.8795313959227034E-4	3.049357494877683E-4	0.012841554123104197	2.2262562042685613E-4	0.20340107480226646	2.4075043667396795E-4	1.9340366442686664E-4	2.200522133268685E-4	1.7934970462601436E-4	2.7675609446161563E-4	5.267301709187593E-4	6.129616796263973E-5	2.870678043805732E-4	1.5658683583612797E-4	0.24002493099594283	2.483660199775415E-4	1.5904061399437986E-4	2.53039462157671E-4	2.85636034940201E-4	8.685072367019209E-5	0.07593983717573533	3.200781559629426E-4	1.2581692755684487E-4	2.3597121850646354E-4	1.262644444131976E-4	1.8550058953175952E-4	1.608592629815496E-4	0.43426035420518905	1.6704348378175976E-4	2.9556920481297976E-4
434	file:/home/ulrike/Git/johnson-topics/data/letters-leipzig-txt/uj0086.txt	1.878189035137733E-4	2.0673705734166947E-4	1.701591756795462E-4	2.1627230503866077E-4	1.5229112610552295E-4	2.5410324847605667E-4	2.569668278849671E-4	1.8316915146309888E-4	1.6244987239327896E-4	2.466983365472004E-4	1.3759204749695645E-4	2.2322975938608112E-4	1.612441394147647E-4	1.6297421264822076E-4	0.5646774126371474	1.7624257615284815E-4	1.4158213179962884E-4	1.6109033695080696E-4	1.3129385936835148E-4	0.24042909569506052	3.855954886007897E-4	4.4872170116405934E-5	2.1014943970003904E-4	1.1463018601605043E-4	1.6133509006369944E-4	1.818176024700218E-4	1.1642648674095235E-4	1.8523881948090862E-4	0.009448581882355528	6.357951201186297E-5	1.552588484344177E-4	2.343148347164008E-4	9.210491886369356E-5	1.7274392529483063E-4	0.1664030829068719	1.3579664580722406E-4	1.1775783794032993E-4	0.012999632043624426	1.2228502808953441E-4	2.163729329315106E-4
435	file:/home/ulrike/Git/johnson-topics/data/letters-leipzig-txt/uj0412.txt	1.7952530086204647E-4	1.9760807737798154E-4	1.6264538146485447E-4	2.067222729119309E-4	0.05313449874108693	2.4288269859557628E-4	2.456198296580484E-4	1.7508086997562066E-4	1.5527650130417141E-4	2.3580476864808623E-4	1.3151633441042148E-4	2.1337250386093117E-4	1.5412401041173474E-4	1.5577768803384266E-4	0.26596655085528303	1.6846015452444564E-4	1.3533022679026736E-4	0.12379481927034644	1.254962581693169E-4	1.936543712347379E-4	3.685685775342E-4	4.2890729792222216E-5	2.0086977765458716E-4	1.0956841003437487E-4	1.5421094491251255E-4	1.7378900193107017E-4	1.1128539071120585E-4	1.7705914674452216E-4	1.9986792650739641E-4	6.077200329174941E-5	1.4840301458069E-4	0.2386741638987179	8.803780109740868E-5	1.6511599514460563E-4	8.835094179121173E-5	1.2980021306966517E-4	1.1255795284499437E-4	0.3126962184675047	1.1688523385021026E-4	2.068184573342708E-4
436	file:/home/ulrike/Git/johnson-topics/data/letters-leipzig-txt/uj0996.txt	1.134169985176861E-4	1.2484098292242155E-4	1.027529317590896E-4	1.3059897188776617E-4	9.19630670855248E-5	1.5344370144102518E-4	0.12848105018715794	1.106091825227414E-4	9.80975641521392E-5	0.02246651601849503	8.308682861554095E-5	1.3480032529067525E-4	9.736946589962836E-5	9.841419414414176E-5	0.33540874714213215	1.06426475846266E-4	8.54962952718536E-5	9.727659019063225E-5	7.92835820824053E-5	0.0391780449666015	2.3284707844040383E-4	2.7096670017587235E-5	1.269015964050926E-4	6.922099636531566E-5	9.742438768557446E-5	1.0979303128728729E-4	7.03057169809835E-5	1.1185897969499897E-4	1.2626866639728728E-4	3.839335277066967E-5	0.06704638678796732	1.414941987442337E-4	5.561880753642605E-5	1.0431376795715528E-4	5.581663746588084E-5	8.200265089448373E-5	7.110967150409812E-5	0.4039864083156316	7.384347682845917E-5	1.3065973740902453E-4
437	file:/home/ulrike/Git/johnson-topics/data/letters-leipzig-txt/uj0592.txt	1.0203153250205695E-4	1.1230871009738005E-4	9.243798754579387E-5	1.174886782321604E-4	8.273127300985992E-5	1.3804011934220327E-4	1.3959574228572153E-4	9.950558160675689E-5	8.82499531461398E-5	1.340174437860734E-4	7.474608361336096E-5	1.2126827504643069E-4	0.11051207082562833	0.005107829156134842	0.33687350300509744	9.574275965074452E-5	7.69136738217886E-5	8.751139338409695E-5	0.05026426821115104	1.1006165803886305E-4	2.0947251789771458E-4	2.4376546758692773E-5	0.10551934398883382	6.2272185234836E-5	8.764435409638884E-5	9.877136043713349E-5	6.32480152091754E-5	1.0062991678110283E-4	1.1359307430003258E-4	3.453920199160143E-5	8.434347099202682E-5	1.272901780747929E-4	5.003546419890112E-5	9.384213781739969E-5	5.021343479538008E-5	7.377074203467507E-5	6.3971264044248E-5	0.38350905174755323	6.643063389579053E-5	0.005136837701932007
438	file:/home/ulrike/Git/johnson-topics/data/letters-leipzig-txt/uj0081.txt	1.0974320048032942E-4	1.2079713972399172E-4	9.942456366645028E-5	1.2636861618383474E-4	8.898420377769871E-5	1.4847336034078104E-4	0.005548805321922529	1.0702633512793659E-4	9.49199925062505E-5	1.4414664604767973E-4	8.03954840032925E-5	1.3043387954655958E-4	9.421547877780605E-5	9.522636623456782E-5	0.32994286167370673	1.0297911448776709E-4	8.272690332993915E-5	9.412561149437126E-5	7.671543205149502E-5	1.1838025272346965E-4	2.2530470691797992E-4	2.621895596739581E-5	1.2279100591245358E-4	6.697879313375055E-5	9.426862153986637E-5	1.0623662062459657E-4	6.80283775306769E-5	1.082356489294601E-4	1.221785777434453E-4	3.714971710846835E-5	9.071825365455768E-5	1.369109253686571E-4	5.3817205760343276E-5	1.0093484133240849E-4	0.005452667390346237	7.93464249155603E-5	6.880629039700513E-5	0.39090049973591107	0.26460573091738143	1.2642741339121023E-4
439	file:/home/ulrike/Git/johnson-topics/data/letters-leipzig-txt/uj0544.txt	1.9135494409217268E-4	2.1062926739157754E-4	1.7336273899896333E-4	2.2034403388114437E-4	1.5515829012130997E-4	0.14146035225337553	2.618047068934407E-4	1.866176518012824E-4	1.655082937235702E-4	2.513428920862575E-4	0.056620768489230325	2.2743247526147025E-4	1.6427986057665446E-4	1.660425056601355E-4	0.7353368434054391	1.7956067081349776E-4	1.4424767905740562E-4	1.6412316249493175E-4	1.337657107407939E-4	2.064150356684477E-4	3.928550416544584E-4	4.571697227105602E-5	2.141058942017167E-4	1.1678831270979134E-4	1.64372523540906E-4	1.8524065738181953E-4	1.1861843214056062E-4	1.8872628517325974E-4	2.130380270579837E-4	6.477651471086068E-5	1.581818853489602E-4	2.3872624777534975E-4	9.383896546112948E-5	1.7599615133857238E-4	9.417274025313896E-5	1.3835327051858948E-4	1.1997484850524919E-4	0.06031152933492836	1.245872714386635E-4	2.2044655628144675E-4
440	file:/home/ulrike/Git/johnson-topics/data/letters-leipzig-txt/uj0340.txt	1.6630668067190834E-4	1.8305800499921306E-4	1.506696459393302E-4	0.20472194468188862	1.3484815002414932E-4	2.2499901240719978E-4	2.2753460588275957E-4	1.621894974969019E-4	1.43843343496679E-4	0.016580877722699873	1.2183266049358201E-4	1.9766168163134587E-4	1.427757116146802E-4	1.4430762736646337E-4	0.7617998962639717	1.5605627167819555E-4	1.253657323173661E-4	1.4263952523098055E-4	1.1625584824348441E-4	1.7939541403360734E-4	0.008522648262193545	3.973264419604824E-5	1.8607954315424867E-4	1.0150078285242863E-4	1.4285624504473606E-4	1.6099275093625753E-4	1.0309134059426464E-4	1.6402211184878747E-4	1.8515145926848673E-4	5.6297302367422536E-5	1.3747595819702687E-4	2.0747710515205836E-4	8.155549331408499E-5	1.529583459628314E-4	8.184557715808703E-5	1.2024289881408083E-4	1.0427020275688405E-4	0.0033294748163514823	1.0827886190886097E-4	1.9159021584026097E-4
441	file:/home/ulrike/Git/johnson-topics/data/letters-leipzig-txt/uj0843.txt	1.1405334615688865E-4	1.255414269986772E-4	1.0332944662370967E-4	1.3133172225613445E-4	9.247904336243688E-5	1.5430462650903664E-4	1.5604353993820726E-4	1.1122977637632936E-4	0.4489538619178423	1.4980798124233065E-4	8.355300306848313E-5	1.3555664815130075E-4	9.791577580524607E-5	9.896636569625597E-5	0.45511511536830407	1.070236018286015E-4	8.59759884956901E-5	0.005708512553482557	7.972841769739287E-5	1.2302961716912847E-4	2.3415351125556652E-4	2.7248701037816123E-5	1.276136019451689E-4	6.960937392949046E-5	9.797100574031695E-5	1.1040904596915759E-4	7.070018057645869E-5	1.124865857733014E-4	1.269771207631876E-4	3.860876597782553E-5	9.428119775553896E-5	1.4228807885487433E-4	5.593086743338714E-5	1.048990401900958E-4	0.028109580679740957	8.246274236213898E-5	7.150864583931689E-5	0.05839026006943847	7.425778969835028E-5	1.3139282871390588E-4
442	file:/home/ulrike/Git/johnson-topics/data/letters-leipzig-txt/uj1097.txt	5.19586993005755E-5	0.023061492982757975	4.707326726417071E-5	5.9830120687090775E-5	4.213020457167464E-5	0.005182362595181926	7.108795701875998E-5	5.067238006378201E-5	4.4940545989718565E-5	0.002624280668478936	3.806381406928295E-5	6.175484855831161E-5	4.460698895102136E-5	4.508560081182655E-5	0.5191705406851047	4.8756194647963545E-5	3.916764114199983E-5	4.4564440646101234E-5	3.632146728208301E-5	5.6047973154267436E-5	1.066721169650407E-4	1.241355130087654E-5	0.20709684273091528	3.171158629163345E-5	4.4632149769931404E-5	5.0298484111843724E-5	3.220851949416245E-5	5.124493828969833E-5	5.784631716733586E-5	1.7588797956428596E-5	4.2951202826961216E-5	6.482145199937615E-5	2.5480139079779113E-5	0.23775889573058306	2.5570769108359818E-5	3.75671295781305E-5	3.257682787706624E-5	0.003596251281081912	3.3829241277625745E-5	5.985795864337749E-5
443	file:/home/ulrike/Git/johnson-topics/data/letters-leipzig-txt/uj0791.txt	2.1528481633115393E-5	2.3696948808659558E-5	1.9504259793820637E-5	2.4789913366919955E-5	1.7456159363686103E-5	2.912623285190555E-5	2.9454466674786827E-5	2.099551024552477E-5	1.8620591584191517E-5	2.8277455079951784E-5	1.577129784054854E-5	2.558740193345657E-5	1.8482386111809538E-5	1.8680693359555088E-5	0.0530756769060371	2.0201561145847547E-5	1.6228655726350305E-5	1.846475671743817E-5	1.5049376751073997E-5	2.3222824606227707E-5	4.419834872236649E-5	5.143410338982374E-6	2.4088088409375727E-5	1.3139326276953642E-5	1.8492811203951385E-5	2.0840590814469837E-5	1.3345224759162421E-5	2.123274307499231E-5	2.3967947493761915E-5	7.287713488804684E-6	1.779633042450327E-5	2.6858013337238865E-5	1.0557398733462417E-5	1.9800533137865432E-5	1.0594950229784935E-5	1.5565502409000654E-5	1.3497829046094194E-5	0.38381168573208163	0.5623762901786858	2.4801447699739855E-5
444	file:/home/ulrike/Git/johnson-topics/data/letters-leipzig-txt/uj0657.txt	8.426714505943535E-5	9.275499576587468E-5	0.008367145684513974	9.70330960306922E-5	6.832719270910754E-5	1.140063907243254E-4	1.1529116907690572E-4	8.218097948603312E-5	7.288503290004211E-5	1.1068409048730204E-4	6.17322793847558E-5	1.0015463919684894E-4	0.1119981681323366	7.31202842804786E-5	0.2657853201071331	7.907329056061461E-5	0.0042089233686364745	7.227506144242559E-5	0.3068185724813397	9.089917083481881E-5	1.7300192027691074E-4	2.0132423294940328E-5	9.428600097254653E-5	5.143017200340655E-5	7.238487278559716E-5	8.1574591242231E-5	5.223610330703903E-5	8.310956021895631E-5	9.381574337908811E-5	2.852569076530082E-5	6.965869599927962E-5	1.0512808773360027E-4	4.132394776761766E-5	7.750357998383415E-5	4.147093246638717E-5	6.092675144375418E-5	5.2833429574758286E-5	0.3001559000546556	5.4864606319364746E-5	9.707824391029945E-5
445	file:/home/ulrike/Git/johnson-topics/data/letters-leipzig-txt/uj0973.txt	1.1216537072653083E-4	1.2346328429044376E-4	1.0161898864039297E-4	1.291577302322171E-4	9.094819689826474E-5	1.5175035385105726E-4	1.5346048227794237E-4	1.0938854074406799E-4	9.701499593800762E-5	1.4732814354017357E-4	8.216991329302914E-5	1.3331271906237015E-4	9.629493270687317E-5	9.732813171924211E-5	0.6462226956624529	1.0525199286201449E-4	8.455278997192819E-5	9.620308193964085E-5	0.00559622257906479	1.2099305355877959E-4	2.302774647292821E-4	2.679764125042684E-5	1.2550115760951106E-4	6.84570992077941E-5	0.022167605012762073	1.0858139624994393E-4	6.95298492503913E-5	1.106245456198043E-4	1.2487521238174732E-4	3.7969658016343184E-5	9.272051943346402E-5	1.399327214194047E-4	5.50050190732033E-5	1.0316260003099174E-4	5.520066582517267E-5	8.109770015385967E-5	7.032493163055464E-5	0.068459328178516	7.30285676966537E-5	0.25394865911537273
446	file:/home/ulrike/Git/johnson-topics/data/letters-leipzig-txt/uj1162.txt	1.2846938441395402E-4	1.414095279833689E-4	1.1639001262902211E-4	1.4793170109240962E-4	1.0416814738272412E-4	1.7380831907002955E-4	1.757670265110844E-4	1.252889229563891E-4	1.11116797692089E-4	1.6874330985454367E-4	9.411387944181699E-5	1.526906463337002E-4	1.1029206828189962E-4	1.1147544992844864E-4	0.5252801829430566	1.2055109918275839E-4	9.684312375393979E-5	1.1018686636933201E-4	8.980587669732319E-5	1.3858023210174558E-4	2.63749889529669E-4	3.0692864053218965E-5	0.4425343932582646	0.019038007083028684	1.1035427913321491E-4	1.2436445441835837E-4	7.96364945235274E-5	1.2670458970353185E-4	1.430266896042116E-4	4.348881085286842E-5	1.0619808927660113E-4	1.6027291189497282E-4	6.300037965586446E-5	1.1815799862897999E-4	6.322446501862206E-5	9.288581269485731E-5	8.054714763577004E-5	0.008891835140171986	8.364377593415943E-5	1.480005312431955E-4
447	file:/home/ulrike/Git/johnson-topics/data/letters-leipzig-txt/uj1176.txt	1.260789775237082E-4	1.3877834615292855E-4	1.142243644521169E-4	1.4517916235183578E-4	1.0222990926954483E-4	1.705742987204939E-4	1.7249656084203214E-4	1.2295769434443116E-4	1.0904926728368167E-4	1.6560353322683395E-4	9.23627192964505E-5	1.4984955874900306E-4	1.0823988346632514E-4	1.0940124614193719E-4	0.6581586857433483	1.1830802641154743E-4	9.504118104712003E-5	1.0813663902695487E-4	8.813487478958359E-5	1.3600169447444224E-4	2.5884234244279424E-4	3.0121767413744265E-5	1.4106900843779074E-4	7.694889266136233E-5	0.006310574734403675	1.2205042722737092E-4	7.815471249357172E-5	1.2434702003325798E-4	1.4036541753632877E-4	4.2679622316739626E-5	1.0422208039716452E-4	1.572907424492236E-4	6.182814284392311E-5	1.1595945385234844E-4	6.20480586903591E-5	0.32881166877747653	7.904842124600399E-5	0.002524112554231488	8.208743113472505E-5	1.4524671179229955E-4
448	file:/home/ulrike/Git/johnson-topics/data/letters-leipzig-txt/uj1161.txt	3.4908891685562945E-4	3.842510741525607E-4	3.162657284210135E-4	4.019737273478432E-4	2.8305534354800704E-4	4.722880717568375E-4	4.776104531331792E-4	3.4044667224313155E-4	3.019368601145428E-4	4.585249593315421E-4	2.557349549489758E-4	4.149051743788677E-4	2.996958289317801E-4	3.029114232082306E-4	0.7575958497898241	3.2757261842140294E-4	2.6315111051864354E-4	2.9940996454567054E-4	2.4402885066002994E-4	3.765630491862583E-4	7.166856420828576E-4	8.340149457718977E-5	0.22363864085749527	2.130569752387457E-4	2.998648740221835E-4	3.379346206591652E-4	2.163956629995174E-4	3.4429345312126053E-4	3.886453755744577E-4	1.1817182704829873E-4	2.8857128978100247E-4	4.3550840902633535E-4	1.7119046997761097E-4	3.210698638230523E-4	1.7179937549175424E-4	2.523979381766279E-4	2.1887017402822802E-4	0.006988791746924462	2.2728461941162026E-4	4.021607590121924E-4
449	file:/home/ulrike/Git/johnson-topics/data/letters-leipzig-txt/uj0403.txt	2.3573678290489373E-4	2.5948148931332563E-4	2.1357156231882312E-4	0.023464912789442793	1.9114487126396606E-4	3.189321266431294E-4	3.225262856165883E-4	2.2990074846307283E-4	2.0389539915769865E-4	3.096380136271057E-4	1.726956447057059E-4	2.801819430409423E-4	2.0238204981916176E-4	2.0455351334394426E-4	0.2680666826990712	2.212070091767755E-4	1.777037116224757E-4	2.0218900802529576E-4	1.6479061182674305E-4	2.5428983130030956E-4	4.839717317310656E-4	5.6320321476197574E-5	2.6376446628824157E-4	1.4387556720685265E-4	2.0249620453405935E-4	0.3481301545238772	1.4613015471692751E-4	2.3249844694321457E-4	2.6244892376997667E-4	7.980043190509047E-5	1.9486974294237707E-4	0.0118908268039605	1.1560347151665242E-4	2.168157541840851E-4	1.1601466024269423E-4	1.704421855999323E-4	1.4780117101393636E-4	0.34102469022533427	1.5348337456962864E-4	2.715757475031269E-4
450	file:/home/ulrike/Git/johnson-topics/data/letters-leipzig-txt/uj0879.txt	0.018473761284103166	4.051224906893189E-4	3.3344437592052676E-4	4.2380778758778693E-4	2.9843009816951275E-4	4.979414055639555E-4	5.035528834351296E-4	3.589387592740149E-4	3.183372045746065E-4	4.834307203364132E-4	2.696257444009526E-4	0.07286028506682275	3.1597444700398543E-4	3.193647031410567E-4	0.5271606211269301	3.4536542376407617E-4	2.7744472427589345E-4	3.1567305528411717E-4	2.572837980934095E-4	3.9701687425168334E-4	7.556139511183356E-4	8.793162461507636E-5	0.16336320712872118	2.2462961920877684E-4	3.161526741389754E-4	3.562902602511275E-4	2.2814965491527628E-4	3.629944862590875E-4	4.097554779641227E-4	1.245905818446888E-4	3.042456547853213E-4	4.5916397701686374E-4	0.054497621620241805	0.018444220316452393	1.8113102494660957E-4	2.6610747044617677E-4	2.307585742875912E-4	0.13410837888267194	2.3963006821641668E-4	4.2400497827584424E-4
451	file:/home/ulrike/Git/johnson-topics/data/letters-leipzig-txt/uj0377.txt	1.5257586092616755E-4	0.07522544246200144	1.3822987057258523E-4	1.756901596081385E-4	1.2371464875079392E-4	2.0642236311174667E-4	2.0874860975396984E-4	1.487986057673287E-4	1.3196716983247095E-4	0.21786715206603086	1.1177376031216567E-4	1.8134209116056778E-4	1.309876851064812E-4	1.3239312091790112E-4	0.6088342244015523	1.4317175899386777E-4	1.1501513025022191E-4	1.3086274271297395E-4	1.0665738779577304E-4	1.6458394594732212E-4	3.132409067556789E-4	3.645218803353315E-5	1.707162116566923E-4	9.312054853010602E-5	1.310615694349668E-4	1.4770066648994647E-4	0.05263482860900509	1.5047991352571159E-4	1.698647533910969E-4	5.1649214221742185E-5	1.2612549654539686E-4	1.9034712143341736E-4	7.482200688139099E-5	1.4032960808809937E-4	7.508814046099564E-5	0.022627564750669297	9.566131613175127E-5	0.0030545825608714067	9.933900736340456E-5	0.015187271569405296
452	file:/home/ulrike/Git/johnson-topics/data/letters-leipzig-txt/uj0982.txt	1.344158143574759E-4	0.39027911147510724	1.2177732774212335E-4	1.5477897837162173E-4	1.0898975210655395E-4	0.0067942458248970395	0.1588813223281032	1.3108813968384589E-4	1.1626003283747928E-4	1.765538888112765E-4	9.847010480528999E-5	1.597581997091315E-4	1.153971293854166E-4	1.166352859193036E-4	0.3644467045252054	1.2613101745803402E-4	1.0132567695944944E-4	1.1528705801849719E-4	9.396269862601294E-5	1.4499466029807564E-4	0.006888350498108267	3.2113536898279195E-5	1.5039704494908076E-4	8.203705545627597E-5	1.1546221977469156E-4	1.3012088050412673E-4	8.332260882844178E-5	1.3256933304009992E-4	1.496469298557319E-4	4.550176645504041E-5	1.1111365340808613E-4	1.6769142368107113E-4	6.591646231437363E-5	1.2362714806344764E-4	6.615091985971064E-5	9.71851948430376E-5	8.427541311124933E-5	0.06881494162373891	8.751537426144226E-5	1.5485099444620976E-4
453	file:/home/ulrike/Git/johnson-topics/data/letters-leipzig-txt/uj0492.txt	1.0002334603627262E-4	1.1009824803651952E-4	9.061862140513475E-5	1.1517626394490113E-4	8.110295460003735E-5	1.353232112197787E-4	1.3684821636442214E-4	9.754711095212216E-5	8.651301597418655E-5	0.014892893257898767	7.327492984548327E-5	1.18881470666399E-4	8.587090037942463E-5	8.679225446285627E-5	0.42373273843685705	9.385834892581895E-5	7.539985750427368E-5	8.578899255872144E-5	6.992081671414557E-5	1.0789542249720859E-4	2.053496760165787E-4	2.389676712505472E-5	1.1191551932845974E-4	6.104654296017066E-5	8.59193363358722E-5	9.682734073682213E-5	6.20031666313279E-5	9.864931694125685E-5	1.1135733335973493E-4	0.2263770671346805	0.005003187937226449	1.2478485049057845E-4	4.9050665288706917E-5	9.19951351657305E-5	4.922513306469115E-5	7.231878495736746E-5	6.271218046976395E-5	0.3267557745038803	6.512314495946282E-5	1.1522985353763711E-4
454	file:/home/ulrike/Git/johnson-topics/data/letters-leipzig-txt/uj0508.txt	1.1600596677071424E-4	1.2769072630910248E-4	1.0509847150803973E-4	1.335801528087444E-4	0.005800808841356331	1.5694635868685234E-4	1.5871504273058068E-4	1.1313405679897361E-4	1.0033683588925606E-4	1.5237272977576685E-4	8.498345050063591E-5	0.011551370479673933	9.959211734802773E-5	1.0066069358969708E-4	0.23463693380621073	1.0885587153517309E-4	8.744791801891327E-5	0.005806243656179704	0.245471194375679	1.251359136934326E-4	0.0630123741562175	2.7715205328476926E-5	1.297983773871792E-4	7.08011030898366E-5	9.964829283282032E-5	1.122992752905809E-4	7.191058460796239E-5	1.1441238307395818E-4	1.2915099949485905E-4	3.9269757302174474E-5	9.589531445125077E-5	1.447240848576398E-4	0.03429736762496426	1.0669493689236304E-4	5.709076307560955E-5	8.38745242697685E-5	7.27328909898321E-5	0.3960879608545363	7.552910085043757E-5	1.336423054237142E-4
455	file:/home/ulrike/Git/johnson-topics/data/letters-leipzig-txt/uj0392.txt	6.407901987536392E-5	0.006375083682385603	5.805397111982175E-5	7.378659481976385E-5	5.195784829955483E-5	8.669354790636246E-5	8.767052816993213E-5	6.249264305973721E-5	5.542375345129138E-5	8.416718080599384E-5	4.6942897553455955E-5	7.616030080499548E-5	5.5012388109203054E-5	5.560264497386597E-5	0.6024492996577249	6.0129472214470224E-5	4.830421255717481E-5	5.495991463097244E-5	4.479411638861403E-5	6.91221919345927E-5	1.3155534674968812E-4	1.5309240054896966E-5	7.169762931955292E-5	3.910889601961977E-5	5.5043418151077086E-5	0.18919853965600278	3.972174801534383E-5	6.319876100403087E-5	7.134003270634728E-5	2.169170801050566E-5	5.297035947143409E-5	0.08203909576749749	3.142384933608448E-5	5.8935821768888625E-5	3.1535620482801073E-5	4.633035228560337E-5	4.017597109071042E-5	0.11791704779584584	4.1720532911289635E-5	7.382092649045998E-5
456	file:/home/ulrike/Git/johnson-topics/data/letters-leipzig-txt/uj0619.txt	3.164796280850984E-4	3.4835719831630894E-4	2.86722537651172E-4	3.644243331381337E-4	2.566144197886998E-4	4.28170434756161E-4	4.3299563887230395E-4	3.086446776506367E-4	2.73732165589639E-4	4.156929698716133E-4	2.3184609858033103E-4	3.7614782062047426E-4	2.717004748627141E-4	2.746156922515964E-4	0.26647037136208607	2.969732221310871E-4	0.09365112771437145	2.7144131380021566E-4	2.2123349143983247E-4	3.413873314297856E-4	6.497382028147166E-4	7.561074760917241E-5	0.047060386260499375	1.9315477813459234E-4	2.71853729018768E-4	3.06367283231515E-4	1.961815905305249E-4	3.121321208860191E-4	3.5234101680078667E-4	1.0713309437391567E-4	2.6161510737305455E-4	3.9482645441186787E-4	1.5519913023372698E-4	0.0625661167213322	1.5575115632607847E-4	2.2882080108151888E-4	1.984249511536944E-4	0.5201050210535311	2.060533816678023E-4	3.6459389369624746E-4
457	file:/home/ulrike/Git/johnson-topics/data/letters-leipzig-txt/uj1230.txt	8.867843712712651E-5	9.761061745297625E-5	8.03404209044153E-5	1.0211267154641426E-4	7.190404585860845E-5	1.1997449948977128E-4	1.2132653457154874E-4	8.648306308772785E-5	7.670048395464461E-5	1.1647828050100033E-4	6.496389609822575E-5	1.0539762405316406E-4	7.61311987861821E-5	0.49739146622370534	0.47164484274310514	8.321269007593283E-5	6.684780891715306E-5	7.605858116423399E-5	6.199021523049375E-5	9.56576421344044E-5	1.8205837992170585E-4	2.1186333441317438E-5	9.92217690929825E-5	5.412248476229496E-5	7.617414101006023E-5	8.584493108842126E-5	5.4970605680448155E-5	8.746025399746983E-5	9.872689403336534E-5	3.0018979203038067E-5	7.330525187690661E-5	1.1063142713335895E-4	0.00440589526498952	8.156080688239837E-5	4.364189002404144E-5	6.411619965829209E-5	5.559920131922246E-5	0.023587390617327654	5.773670792530983E-5	1.0216018286770501E-4
458	file:/home/ulrike/Git/johnson-topics/data/letters-leipzig-txt/uj0571.txt	3.748371183160515E-4	4.125927761973593E-4	3.3959294764000444E-4	4.3162262198126824E-4	3.039330215784934E-4	5.071232321752317E-4	5.128381832990223E-4	0.07412384713630779	3.24207206513915E-4	4.923449761165006E-4	2.745975278424641E-4	4.455078704286445E-4	3.218008807039479E-4	3.2525365171459777E-4	0.6106395272795658	0.2953848926136527	2.825606863630981E-4	3.2149393144963276E-4	2.6202800132211823E-4	4.0433769565837314E-4	7.695471492952822E-4	8.955304617560928E-5	4.1940299362422216E-4	2.2877169334096524E-4	3.2198239427110156E-4	3.628601003093312E-4	2.3235663700081307E-4	3.696879493783182E-4	4.1731119377656073E-4	1.2688797890208017E-4	3.0985581457171053E-4	4.676307644259927E-4	1.838171862560621E-4	3.447514278527839E-4	1.8447100359951737E-4	2.7101437842028835E-4	2.3501366373084463E-4	0.00750427307324559	2.4404874421448818E-4	4.318234487812995E-4
459	file:/home/ulrike/Git/johnson-topics/data/letters-leipzig-txt/uj0966.txt	0.0036410217404241455	7.984620854681555E-5	6.571905976686645E-5	8.352892216356806E-5	5.8818042450679966E-5	0.49968563705204555	9.924600452741964E-5	7.074378660084557E-5	6.274156436347283E-5	9.528009676342617E-5	5.314094850769157E-5	8.621603766149724E-5	6.227588487624324E-5	6.294407562044782E-5	0.20738487102128386	6.80685972378497E-5	0.02146557473268116	6.221648312326245E-5	5.0708455517561784E-5	7.824866026116318E-5	1.4892510415608138E-4	1.733057778384358E-5	8.116414252987286E-5	4.4272593680538025E-5	0.003630793133521055	7.022178989570664E-5	4.496636287768914E-5	7.154313600775717E-5	8.075933106319153E-5	2.4555747482726456E-5	5.996423935910529E-5	9.049732737299332E-5	3.557286078433361E-5	6.671734454211223E-5	3.569938950458459E-5	5.244752653687016E-5	4.548055876923108E-5	0.2619514446179165	4.722905501577996E-5	8.356778677652827E-5
460	file:/home/ulrike/Git/johnson-topics/data/letters-leipzig-txt/uj0924.txt	6.95416854811835E-4	7.654630684128918E-4	0.0690500921987224	8.007682045799081E-4	5.638719742834028E-4	9.40840770267467E-4	9.514434377774622E-4	6.782007179574434E-4	6.014856716274758E-4	9.134233992393891E-4	5.094472767510183E-4	8.265288225436115E-4	5.970213338000545E-4	6.03427089898593E-4	0.6539490223063265	6.525544324837416E-4	5.2422093277971E-4	5.964518659576446E-4	4.8612765291407837E-4	7.501478238329787E-4	0.0014277029462730823	1.6614335845403487E-4	7.780977295821213E-4	4.244288617089684E-4	5.973580869864593E-4	6.731964828548737E-4	4.3107983121756164E-4	6.858638551418448E-4	7.742169162904929E-4	2.3540902138489305E-4	5.74860240583038E-4	8.675723388103213E-4	3.4102697753313183E-4	6.396003542187237E-4	3.4223997266725754E-4	5.027996360032593E-4	4.360092821215982E-4	0.2533925258623397	4.5277162220449635E-4	8.011407886566054E-4
461	file:/home/ulrike/Git/johnson-topics/data/letters-leipzig-txt/uj0687.txt	2.3573678290489373E-4	2.5948148931332563E-4	2.1357156231882312E-4	2.7144944660749214E-4	1.9114487126396606E-4	3.189321266431294E-4	3.225262856165883E-4	2.2990074846307283E-4	0.03499409041341065	3.096380136271057E-4	1.726956447057059E-4	2.801819430409423E-4	2.0238204981916176E-4	2.0455351334394426E-4	0.23327648768481823	2.212070091767755E-4	1.777037116224757E-4	2.0218900802529576E-4	1.6479061182674305E-4	2.5428983130030956E-4	4.839717317310656E-4	5.6320321476197574E-5	2.6376446628824157E-4	1.4387556720685265E-4	2.0249620453405935E-4	2.2820438134769897E-4	1.4613015471692751E-4	2.3249844694321457E-4	2.6244892376997667E-4	7.980043190509047E-5	1.9486974294237707E-4	2.9409513254285166E-4	1.1560347151665242E-4	0.4292958875966371	1.1601466024269423E-4	1.704421855999323E-4	1.4780117101393636E-4	0.2946377635396637	1.5348337456962864E-4	2.715757475031269E-4
462	file:/home/ulrike/Git/johnson-topics/data/letters-leipzig-txt/uj0594.txt	6.118589809718506E-5	6.734887855679381E-5	5.5432875970688605E-5	0.09036902041717473	4.961198872250239E-5	8.277939641085996E-5	8.371226671639841E-5	5.967114505674428E-5	5.292141074301917E-5	8.03670929727004E-5	4.482345940494992E-5	7.272171785974825E-5	0.006072432967196209	0.003063044399914278	0.6504979503268258	5.741466967984272E-5	0.06325511897593733	5.247851391268758E-5	4.277169416820172E-5	6.60013745558251E-5	1.2561571721949734E-4	1.4618038849005567E-5	6.846053279042914E-5	3.7343157420387616E-5	5.25582473087635E-5	5.923084997772576E-5	3.792833958815428E-5	6.0345382282410025E-5	0.039197497349551504	2.071234295509197E-5	5.0578785741329514E-5	7.633291075285775E-5	3.0005085081492783E-5	5.627491169557469E-5	3.0111809841117828E-5	4.423857011651137E-5	3.836205481751994E-5	0.019284660270887984	3.9836880779942256E-5	0.12648847929246626
463	file:/home/ulrike/Git/johnson-topics/data/letters-leipzig-txt/uj1114.txt	8.985438156058853E-5	9.89050094828681E-5	8.140579681546238E-5	1.0346676428396217E-4	7.285754893342711E-5	0.004541822401515509	1.2293541794368258E-4	8.762989516913864E-5	7.771759149591765E-5	1.1802287228691578E-4	6.582536743745557E-5	1.0679527779313426E-4	7.714075716729182E-5	7.796844094958652E-5	0.2038432861658028	8.431615449026293E-5	6.773426239256296E-5	7.706717657969988E-5	6.281225326917624E-5	9.692613620613455E-5	1.8447261437790324E-4	2.146728055408705E-5	1.0053752623556587E-4	5.484019063018384E-5	7.718426883816028E-5	8.698330104762162E-5	5.5699558285479854E-5	8.862004438360461E-5	0.20785211262975797	3.041705400719163E-5	7.427733602363782E-5	1.1209848513661322E-4	0.11497074452448187	0.031024440999819207	4.4220615126807536E-5	6.496642988928749E-5	5.633648958697288E-5	0.43498407373342196	5.850234117833906E-5	1.0351490564199701E-4
464	file:/home/ulrike/Git/johnson-topics/data/letters-leipzig-txt/uj0712.txt	2.180371542955397E-4	2.3999905668124533E-4	0.1181837992899901	2.5106843380175766E-4	1.7679330003157203E-4	2.9498601130374983E-4	2.983103130313038E-4	2.1263930196895237E-4	1.885864906548485E-4	2.863897204375404E-4	1.5972928139117328E-4	2.5914527547569186E-4	1.8718676686476548E-4	1.8919519220155797E-4	0.4195560378937175	2.0459830747155845E-4	1.6436133178907264E-4	1.8700821906719232E-4	1.5241777551456553E-4	2.3519719960453129E-4	4.476340851257765E-4	5.209166966800566E-5	2.43960458461725E-4	1.3307307777715328E-4	1.8729235059624334E-4	2.1107030177340008E-4	0.021587206230238784	2.1504195961681067E-4	2.4274368972711057E-4	7.380884251381594E-5	1.8023850027087642E-4	0.06462815736535918	1.0692371230986675E-4	2.0053675742156654E-4	1.0730402809512432E-4	1.5764501687933225E-4	1.3670393874183178E-4	0.369049936938238	1.4195951013864252E-4	2.5118525175239667E-4
465	file:/home/ulrike/Git/johnson-topics/data/letters-leipzig-txt/uj1069.txt	9.856832832235209E-5	1.084966729291775E-4	8.93004121611877E-5	1.1350082005200992E-4	7.992316767757674E-5	1.3335469409620653E-4	1.3485751532492225E-4	9.612811448778034E-5	8.52545300734901E-5	1.294685581612894E-4	7.220901548512186E-5	1.1715212794261324E-4	8.46217551936891E-5	8.552970654100653E-5	0.3690795209288863	9.24930120749914E-5	7.430303228652885E-5	8.454103886811935E-5	0.029162465778756284	1.0632589141066159E-4	2.023624992424323E-4	2.354914608606469E-5	1.1028750877353918E-4	6.015851226633197E-5	8.466948656288366E-5	9.541881461220315E-5	0.0097589552484268	9.721428692772744E-5	0.24740501516386598	3.33668555045135E-5	8.148064364730852E-5	1.2296963259308006E-4	4.833713600076675E-5	9.065690207750618E-5	4.850906583221478E-5	7.126677942733831E-5	6.179992011177716E-5	0.34139823785439266	6.41758128289433E-5	1.1355363008867422E-4
466	file:/home/ulrike/Git/johnson-topics/data/letters-leipzig-txt/uj0227.txt	7.126802546321332E-5	7.84465332891022E-5	6.456702833556892E-5	8.206469026347399E-5	5.7786983365675556E-5	9.641967045851064E-5	9.750625783822662E-5	6.950367351915678E-5	6.164172735345007E-5	0.0035995377871536464	5.220940683337368E-5	8.470470159521269E-5	6.118421105979174E-5	6.184068866107926E-5	0.2878917589652817	6.687537926150442E-5	0.024595218860369767	6.112585059813118E-5	4.981955456864352E-5	7.687698944911012E-5	1.4631450075570284E-4	1.702677900156702E-5	7.974136436444531E-5	4.3496511070014154E-5	6.121872235254724E-5	6.899082722812125E-5	4.4178118743187005E-5	7.028901061906614E-5	7.934364909687304E-5	2.412529407971888E-5	5.891308785540764E-5	8.891094184112556E-5	3.494928135592881E-5	0.007077403645829906	3.507359207331718E-5	0.5855414901366317	4.468330096607632E-5	0.06803942273424542	0.021081968643577816	8.210287359377656E-5
467	file:/home/ulrike/Git/johnson-topics/data/letters-leipzig-txt/uj1124.txt	5.992333352095377E-5	6.595914152654463E-5	5.4289024401360505E-5	6.900134770101426E-5	4.858825054973053E-5	8.10712522665319E-5	8.198487289136583E-5	5.843983725029287E-5	5.1829382994694005E-5	7.870872645627126E-5	4.389853203134266E-5	7.122111285520016E-5	5.144469573448207E-5	5.1996672950004784E-5	0.439569570936065	5.6229924005624604E-5	4.5171562317286307E-5	5.13956252939052E-5	4.188910475460195E-5	6.463944312900517E-5	1.2302365009763677E-4	1.4316397153799717E-5	0.5188872623349682	3.6572585292007285E-5	5.1473713399733554E-5	5.8008627613952255E-5	3.7145692287248236E-5	5.9100161661673374E-5	6.671345132264977E-5	2.0284945935204865E-5	4.9535097813690306E-5	7.475778916251835E-5	2.938593330455022E-5	5.511368480756656E-5	2.9490455809977816E-5	4.332571187189567E-5	3.7570457848442E-5	0.03952161822714584	3.9014850932142765E-5	6.903345287611613E-5
468	file:/home/ulrike/Git/johnson-topics/data/letters-leipzig-txt/uj0941.txt	1.2377590143299957E-4	0.006225220576388909	1.1213783577054832E-4	1.4252718448646372E-4	1.0036248248342795E-4	0.1341249586958464	1.6934557791999785E-4	1.2071163452085696E-4	1.0705727174942924E-4	1.625784647705176E-4	9.067553579716738E-5	1.4711226707091052E-4	1.0626267289110848E-4	1.0740282103386679E-4	0.2868864860765838	1.1614690175524919E-4	9.33050702695626E-5	1.0616131441087654E-4	8.652492103779878E-5	0.0062224946456174175	2.541140870123367E-4	2.9571535141060776E-5	1.3849211047387797E-4	7.554327248283922E-5	1.0632261093966061E-4	1.1982094039039788E-4	0.02443263620499848	1.220755814920023E-4	1.3780137201946642E-4	4.189999656430462E-5	1.0231826275681695E-4	0.01233237209283163	6.069873237190385E-5	0.2436729326235323	6.091463103055929E-5	0.0975131288923219	7.760444912189869E-5	0.18514732330705133	8.058794562407737E-5	1.4259350000590172E-4
469	file:/home/ulrike/Git/johnson-topics/data/letters-leipzig-txt/uj0061.txt	1.2453418727047401E-4	1.3707795612195222E-4	1.1282482355835991E-4	1.4340034593550145E-4	1.0097733115913852E-4	1.6848432686879385E-4	1.7038303635810237E-4	1.2145114780103374E-4	1.0771313457915936E-4	1.6357446597823694E-4	9.123103952450333E-5	1.4801351801998165E-4	1.0691366778569322E-4	1.0806080079528964E-4	0.4785587150516589	1.1685845020408206E-4	9.387668326151698E-5	1.068116883550244E-4	8.705499693667698E-5	1.3433532553511654E-4	2.55670861077832E-4	2.975269864728644E-5	1.393405519294317E-4	7.600607172709451E-5	1.0697397303151732E-4	0.22679291740144494	7.719711717930384E-5	1.228234506933181E-4	1.3864558181779675E-4	4.215668767797943E-5	1.0294509309022785E-4	1.5536352816947712E-4	6.107058980600366E-5	1.1453865367138423E-4	6.128781112030766E-5	9.00405901816955E-5	7.807987571150825E-5	0.2904283487676442	8.108164994883219E-5	1.434670677223842E-4
470	file:/home/ulrike/Git/johnson-topics/data/letters-leipzig-txt/uj1167.txt	3.4093928902208605E-5	3.75280570943266E-5	3.0888237174973386E-5	3.9258948133323266E-5	2.764472973029696E-5	4.612623077488903E-5	4.664604358897066E-5	3.3249880125100465E-5	2.9488801691056384E-5	4.478205009814991E-5	2.497647146857363E-5	4.052190382853589E-5	2.9269930354489883E-5	2.9583982841825057E-5	0.1394018138461204	3.199252976395237E-5	2.5700773697923807E-5	2.9242011278331637E-5	2.383318943331436E-5	3.677720261587313E-5	6.999543138320816E-5	8.145445154962072E-6	3.8147491663141826E-5	2.0808307039187733E-5	2.9286440220644884E-5	3.3004539456958174E-5	2.1134381508030006E-5	3.3625577740890275E-5	3.7957228554716984E-5	1.1541305596061113E-5	2.8183447144731307E-5	4.253412817399338E-5	0.38577312216476684	3.135743525868521E-5	1.6778864669261563E-5	2.465056019758087E-5	2.1376055760654537E-5	0.4736534573759056	2.2197856421749535E-5	3.92772146664582E-5
471	file:/home/ulrike/Git/johnson-topics/data/letters-leipzig-txt/uj0225.txt	1.230267940784308E-4	1.3541872999002546E-4	1.1145916345607833E-4	1.416645920036888E-4	9.975507609106317E-5	1.6644495010925065E-4	1.6832067714032356E-4	1.199810724958206E-4	1.0640934764870292E-4	1.6159451941246238E-4	9.012675602696396E-5	1.4622192509049068E-4	1.0561955780281356E-4	1.0675280562532254E-4	0.5998607663075355	1.1544396606818953E-4	9.27403762253401E-5	1.0551881275687789E-4	8.600126131120827E-5	0.3451038928316298	2.52576156532521E-4	2.939256448357743E-5	1.3765393876755523E-4	7.508607507728672E-5	1.0567913309874205E-4	0.01222334782280883	7.626270381513493E-5	1.2133676468800253E-4	1.369673807493214E-4	4.164641250456972E-5	1.0169901973575664E-4	1.5348296886453827E-4	6.0331375993914486E-5	1.1315224893743713E-4	6.054596800667869E-5	8.895071618305881E-5	7.713477721556285E-5	0.038775763726645096	8.010021722090947E-5	1.4173050617324564E-4
472	file:/home/ulrike/Git/johnson-topics/data/letters-leipzig-txt/uj0060.txt	1.0915391573664884E-4	1.2014849897715695E-4	9.889068659471097E-5	1.256900584484012E-4	8.850638799061347E-5	1.4767610742935812E-4	1.4934032173184706E-4	1.0645163905394845E-4	9.441030349399835E-5	0.0592097398554322	7.996378680495494E-5	1.297334926894291E-4	9.370957277160866E-5	9.47150320965751E-5	0.15634174553107894	1.0242615065201442E-4	8.228268717977312E-5	0.010832959684276552	7.630349551679451E-5	1.1774458986164618E-4	2.2409489504913446E-4	2.6078168832710514E-5	0.06992783838426252	6.661913913449498E-5	9.376243017458721E-5	1.0566616505668666E-4	6.766308760983706E-5	1.0765445923973594E-4	1.2152251913066857E-4	3.695023539635997E-5	9.023112659230695E-5	0.010875515255145265	5.352822513864386E-5	1.0039285456837503E-4	5.37186190983864E-5	7.892036081807011E-5	6.843682334098028E-5	0.6895029990424169	7.106787124310913E-5	1.2574853993419096E-4
473	file:/home/ulrike/Git/johnson-topics/data/letters-leipzig-txt/uj0795.txt	1.1405334615688865E-4	1.255414269986772E-4	1.0332944662370967E-4	1.3133172225613445E-4	9.247904336243688E-5	1.5430462650903664E-4	1.5604353993820726E-4	1.1122977637632936E-4	9.864795919146832E-5	1.4980798124233065E-4	8.355300306848313E-5	1.3555664815130075E-4	9.791577580524607E-5	9.896636569625597E-5	0.4607258055427872	1.070236018286015E-4	8.59759884956901E-5	9.782237899942206E-5	0.4377135620273819	1.2302961716912847E-4	2.3415351125556652E-4	2.7248701037816123E-5	1.276136019451689E-4	6.960937392949046E-5	9.797100574031695E-5	1.1040904596915759E-4	7.070018057645869E-5	1.124865857733014E-4	1.269771207631876E-4	3.860876597782553E-5	9.428119775553896E-5	1.4228807885487433E-4	5.593086743338714E-5	1.048990401900958E-4	5.6129807325283344E-5	8.246274236213898E-5	7.150864583931689E-5	0.09766509129082042	7.425778969835028E-5	1.3139282871390588E-4
474	file:/home/ulrike/Git/johnson-topics/data/letters-leipzig-txt/uj0607.txt	1.2453418727047401E-4	1.3707795612195222E-4	1.1282482355835991E-4	1.4340034593550145E-4	1.0097733115913852E-4	1.6848432686879385E-4	1.7038303635810237E-4	1.2145114780103374E-4	1.0771313457915936E-4	1.6357446597823694E-4	9.123103952450333E-5	0.33709341709215196	1.0691366778569322E-4	1.0806080079528964E-4	0.6317157166762644	1.1685845020408206E-4	9.387668326151698E-5	1.068116883550244E-4	8.705499693667698E-5	1.3433532553511654E-4	2.55670861077832E-4	2.975269864728644E-5	1.393405519294317E-4	7.600607172709451E-5	1.0697397303151732E-4	1.2055499702887923E-4	7.719711717930384E-5	1.228234506933181E-4	0.006264925646802014	4.215668767797943E-5	1.0294509309022785E-4	1.5536352816947712E-4	6.107058980600366E-5	1.1453865367138423E-4	6.128781112030766E-5	9.00405901816955E-5	7.807987571150825E-5	0.02087202590833861	8.108164994883219E-5	1.434670677223842E-4
475	file:/home/ulrike/Git/johnson-topics/data/letters-leipzig-txt/uj0904.txt	1.5372971772919448E-4	1.6921422111788927E-4	1.3927523564916764E-4	1.7701881857593442E-4	1.246502422858962E-4	2.079834347421315E-4	2.1032727365286527E-4	0.2497128250581425	1.3296517315857436E-4	2.0192251648877186E-4	1.1261905073329266E-4	1.8271349292943608E-4	0.09844463631423206	1.333943455042661E-4	0.295813030056134	1.4425449716171167E-4	1.1588493357090883E-4	1.318523937955603E-4	1.0746398558754815E-4	1.6582861403929657E-4	3.156097949208997E-4	3.672785814866402E-5	1.7200725508264013E-4	9.382477381037533E-5	1.3205272414705522E-4	1.4881765457578467E-4	9.529504542963048E-5	1.5161791970104337E-4	1.7114935765356047E-4	5.203981203216248E-5	1.2707932214625308E-4	1.9178662385319282E-4	7.538784921799755E-5	1.4139085245516809E-4	7.565599543603318E-5	1.111495149740615E-4	0.007658896912395173	0.34339072991649827	1.0009025981419475E-4	1.7710118247687347E-4
476	file:/home/ulrike/Git/johnson-topics/data/letters-leipzig-txt/uj1224.txt	5.804127194840067E-5	6.388750835242737E-5	5.258392422362307E-5	0.05717197052636397	0.03431014401582921	7.852498056293511E-5	0.0057899235424426895	5.660436906899462E-5	5.020153480381622E-5	7.623665654987757E-5	4.2519774619611026E-5	6.898421260644534E-5	4.982892973375217E-5	5.0363570545486594E-5	0.631342137676736	5.4463864392776774E-5	4.375282179311596E-5	4.9781400488985545E-5	0.20561906435838145	6.260925881120864E-5	1.1915974482469301E-4	1.3866750257384096E-5	6.494202953612455E-5	3.542391993341306E-5	4.985703601725158E-5	5.6186702789449866E-5	3.597902688444207E-5	5.724395412682025E-5	6.461812691846178E-5	1.964783990316784E-5	4.797930813027415E-5	7.240980960322692E-5	2.84629850539032E-5	5.338268384010781E-5	2.856422473477192E-5	4.196494549548757E-5	3.6390451483224466E-5	0.03828033015820996	3.778947932172331E-5	0.025764176624681435
477	file:/home/ulrike/Git/johnson-topics/data/letters-leipzig-txt/uj0421.txt	5.0287717190331396E-5	5.535297287898822E-5	4.5559399740002386E-5	5.790599512837481E-5	4.0775305024768296E-5	6.803507025889638E-5	6.880178153647969E-5	4.9042765741062974E-5	4.3495266385257985E-5	6.605243640292601E-5	3.683968888498056E-5	5.976882410906929E-5	0.39585626901865245	4.3635656271253065E-5	0.17840213978522154	4.7188204491993186E-5	3.790801708424329E-5	4.3131256519572386E-5	3.515337564654999E-5	5.4245480757095646E-5	1.0324156151407938E-4	1.2014333798753035E-5	5.6266623825578806E-5	3.0691747571763975E-5	4.3196788130567486E-5	0.0049963446014906	3.117269949488087E-5	4.959691060087394E-5	5.598599036102079E-5	1.7023145483954856E-5	0.0025154017537673753	6.273680615355906E-5	2.4660702543800026E-5	4.625145551942348E-5	2.4748417927509942E-5	3.635897767472858E-5	3.1529163148659996E-5	0.4166105160660788	3.274129916708454E-5	5.7932937821162505E-5
478	file:/home/ulrike/Git/johnson-topics/data/letters-leipzig-txt/uj1037.txt	1.6362930669753842E-4	1.8011095118029957E-4	1.482440128430788E-4	1.884181340072591E-4	0.3221130046024973	2.2137674962350315E-4	2.238715225381954E-4	1.5957840612185957E-4	1.4152760715518988E-4	2.1492553208146147E-4	1.1987127449804718E-4	1.944795229832877E-4	1.4047716309633517E-4	1.4198441651135487E-4	0.2907137007548612	1.5354391920600183E-4	1.233474673407082E-4	1.4034316917945592E-4	1.1438424343964936E-4	1.7650732432660118E-4	3.359338239391802E-4	3.909298770676225E-5	1.8308384554311847E-4	9.986672008784621E-5	1.4055640001738235E-4	1.5840092600368424E-4	1.0143167141456095E-4	1.613815171852965E-4	1.8217070289502495E-4	5.5390971175092796E-5	1.35262730495703E-4	2.0413692784007403E-4	8.024253009225985E-5	1.504958670474385E-4	8.052794387170899E-5	1.183071064178467E-4	1.0259155505592784E-4	0.38160275821246475	1.0653567873860034E-4	1.885058018193558E-4
479	file:/home/ulrike/Git/johnson-topics/data/letters-leipzig-txt/uj0778.txt	0.10247784014871761	5.703471360302064E-4	4.694359093914064E-4	5.966530208350273E-4	4.201414527902006E-4	7.010212000104717E-4	7.089212559349783E-4	5.053278898780417E-4	4.481674483489141E-4	6.805924952321153E-4	3.795895677315706E-4	6.158472775983613E-4	4.4484106671247503E-4	4.496140006340091E-4	0.4362780900691268	4.862188223431872E-4	3.9059743049120753E-4	4.4441675577393E-4	3.622140976174119E-4	5.589357352138788E-4	0.00106378259136274	1.2379354742897333E-4	5.79761232032935E-4	3.1624227962582363E-4	4.450919817772778E-4	5.015992303560477E-4	3.211979222526005E-4	5.110376994384063E-4	5.768696349883676E-4	1.7540344751175473E-4	4.283288186770074E-4	6.464288339415868E-4	2.5409946994352407E-4	4.7656672841044783E-4	2.550032735747059E-4	3.746364053671169E-4	3.248708600092818E-4	0.44370218213653895	3.373604928262741E-4	5.969306335244486E-4
480	file:/home/ulrike/Git/johnson-topics/data/letters-leipzig-txt/uj1197.txt	1.0799413010979959E-4	1.188718933578275E-4	9.783995015371593E-5	1.2435457247666565E-4	8.7565987126539E-5	1.4610701459682213E-4	1.477535462370355E-4	1.053205657425046E-4	0.00540602293597552	1.4184925881539795E-4	7.911415305632628E-5	1.2835504429271587E-4	9.271388686455507E-5	9.370866295140213E-5	0.6540664600859629	1.013378490868529E-4	8.140841457777252E-5	9.262545187216016E-5	7.549275321056113E-5	1.1649352633324042E-4	2.2171383490507757E-4	2.5801082251046352E-5	1.2083398161145807E-4	6.59112953570196E-5	9.276618264538903E-5	1.0454343758832267E-4	6.694415163810827E-5	1.06510605685332E-4	1.2023131422908444E-4	3.655763059027323E-5	8.927239998126485E-5	1.3472885994760114E-4	5.295947535328269E-5	9.932615724486641E-5	5.31478463331215E-5	0.04789162368804478	6.77096662479669E-5	0.0021620522703096603	7.031275865697532E-5	0.28700566367857905
481	file:/home/ulrike/Git/johnson-topics/data/letters-leipzig-txt/uj0896.txt	2.0906731040459584E-4	2.3012572073829592E-4	1.8940969484137706E-4	2.4073971407313294E-4	1.6952018959600604E-4	2.828505636551334E-4	2.860381067296087E-4	2.0389152065661945E-4	0.1544523086912634	2.746079161271897E-4	1.5315816866719485E-4	2.4848428206104725E-4	1.7948607895837504E-4	1.8141187956180108E-4	0.5257130806427179	1.9618132512604653E-4	1.575996608590931E-4	1.7931487644961964E-4	1.4614745128020386E-4	2.2552140755497893E-4	4.292188389865738E-4	4.9948667268023486E-5	2.3392415416746402E-4	1.2759857625191983E-4	1.7958731907423455E-4	2.0238706765654142E-4	1.2959809682310414E-4	2.061953352238372E-4	0.2573518915618866	7.077241600541084E-5	1.728236575309266E-4	2.608234387784238E-4	1.0252497113770994E-4	1.922868634331807E-4	1.0288964108850391E-4	1.5115964884120358E-4	1.3108006700422275E-4	0.05560937332215121	1.3611942912633711E-4	2.4085172624292104E-4
482	file:/home/ulrike/Git/johnson-topics/data/letters-leipzig-txt/uj1011.txt	4.303906560256936E-4	4.7374197202454426E-4	3.899230475708779E-4	4.95592176848973E-4	3.4897806581349295E-4	5.822825166362976E-4	0.06410619067960682	4.197356591217221E-4	3.722570297377247E-4	0.021737762755921892	3.1529484241606614E-4	5.115353182731559E-4	3.6949406925874115E-4	3.7345856558999066E-4	0.8281753583330076	4.038632776094343E-4	3.244381978957187E-4	3.691416279329601E-4	3.008624223042921E-4	4.6426342959875525E-4	8.83599532287077E-4	1.0282544713227032E-4	4.8156151230698165E-4	2.6267729199141716E-4	3.697024844327661E-4	4.166385584204679E-4	2.667935499023429E-4	4.2447834348030274E-4	4.791596927840006E-4	1.4569368350386778E-4	3.557786590239705E-4	5.369369831442356E-4	2.110602059287997E-4	3.9584605138877013E-4	2.1181092367157515E-4	3.1118064466164843E-4	2.69844366968042E-4	0.07213380614726146	2.8021851090039804E-4	4.95822767614907E-4
483	file:/home/ulrike/Git/johnson-topics/data/letters-leipzig-txt/uj0358.txt	5.181556470274041E-4	5.703471360302064E-4	4.694359093914064E-4	5.966530208350273E-4	4.201414527902006E-4	7.010212000104717E-4	0.026198842381357532	5.053278898780417E-4	4.481674483489141E-4	0.02617051362065467	3.795895677315706E-4	6.158472775983613E-4	4.4484106671247503E-4	4.496140006340091E-4	0.7676470646996201	4.862188223431872E-4	3.9059743049120753E-4	4.4441675577393E-4	3.622140976174119E-4	5.589357352138788E-4	0.00106378259136274	1.2379354742897333E-4	5.79761232032935E-4	3.1624227962582363E-4	0.15338461873431258	5.015992303560477E-4	3.211979222526005E-4	5.110376994384063E-4	5.768696349883676E-4	1.7540344751175473E-4	4.283288186770074E-4	6.464288339415868E-4	2.5409946994352407E-4	4.7656672841044783E-4	2.550032735747059E-4	3.746364053671169E-4	3.248708600092818E-4	0.010373523004355525	3.373604928262741E-4	5.969306335244486E-4
484	file:/home/ulrike/Git/johnson-topics/data/letters-leipzig-txt/uj0735.txt	1.8275326771170794E-4	2.0116118281737378E-4	1.6556983777880064E-4	2.1043925676235292E-4	1.4818370472085697E-4	2.472498674328273E-4	2.5003621366603254E-4	1.7822892343425533E-4	1.580684609685445E-4	2.4004467228580815E-4	1.3388107278226833E-4	0.1440617517164669	1.5689524763544093E-4	1.5857865932020497E-4	0.3876224713701416	1.7148916375981589E-4	1.3776354111275297E-4	1.56745593354937E-4	1.277527521519584E-4	1.9713638679263483E-4	3.751956498431973E-4	4.36619294686036E-5	2.0448153031704964E-4	1.1153851226321258E-4	1.5698374526790693E-4	1.7691382686870014E-4	1.1328636522756908E-4	0.00917052668660697	2.0346166531734955E-4	6.186471841920672E-5	1.5107138505079107E-4	2.279951640470031E-4	8.962077075179684E-5	1.6808487449540655E-4	8.99395418930857E-5	1.3213409460533708E-4	1.1458180875112428E-4	0.4531729327723473	1.189868967259814E-4	2.1053717063522305E-4
485	file:/home/ulrike/Git/johnson-topics/data/letters-leipzig-txt/uj1225.txt	0.30272932814033693	1.3541872999002546E-4	1.1145916345607833E-4	1.416645920036888E-4	9.975507609106317E-5	1.6644495010925065E-4	1.6832067714032356E-4	1.199810724958206E-4	1.0640934764870292E-4	1.6159451941246238E-4	9.012675602696396E-5	1.4622192509049068E-4	1.0561955780281356E-4	1.0675280562532254E-4	0.49697462384980756	1.1544396606818953E-4	9.27403762253401E-5	1.0551881275687789E-4	8.600126131120827E-5	1.3270929689510345E-4	2.52576156532521E-4	2.939256448357743E-5	1.3765393876755523E-4	7.508607507728672E-5	1.0567913309874205E-4	1.190957689584905E-4	7.626270381513493E-5	1.2133676468800253E-4	1.369673807493214E-4	4.164641250456972E-5	1.0169901973575664E-4	0.006205608995789708	6.0331375993914486E-5	1.1315224893743713E-4	6.054596800667869E-5	8.895071618305881E-5	7.713477721556285E-5	0.19007891439977434	8.010021722090947E-5	1.4173050617324564E-4
486	file:/home/ulrike/Git/johnson-topics/data/letters-leipzig-txt/uj0962.txt	7.781560730206466E-5	0.09961434987487827	7.04989718596222E-5	8.960419022980092E-5	6.309602624076411E-5	1.052780003911681E-4	1.0646441542497597E-4	7.588915968226629E-5	0.18764061708159263	1.0221005723964182E-4	5.700602301261455E-5	9.248674637932718E-5	6.680536622097022E-5	0.030691736387313054	0.38707364447009723	7.301939708538732E-5	5.865916243250324E-5	6.674164402946809E-5	5.439660870467664E-5	8.393988163211834E-5	1.5975680060450586E-4	0.01150267141086951	8.706741424059027E-5	4.749265048996239E-5	6.684304815739392E-5	7.532919684717778E-5	4.823687926134978E-5	7.674664777694955E-5	8.663315982034661E-5	2.6341748602579927E-5	6.432558892591687E-5	9.707942503243572E-5	3.816016419433582E-5	7.156986439106744E-5	0.09956699214693161	5.6262166722198965E-5	4.87884739100977E-5	0.16999105378055004	5.066414267528372E-5	0.011573726218248077
487	file:/home/ulrike/Git/johnson-topics/data/letters-leipzig-txt/uj0171.txt	1.7339978777350168E-4	1.908655688927227E-4	1.5709582155229427E-4	1.9966878249951927E-4	1.405995267379928E-4	0.3755613245522028	2.3723913081419765E-4	1.691070035877649E-4	1.4997837209054576E-4	2.277589656901785E-4	1.2702891662629798E-4	2.0609210350031537E-4	1.4886520489238589E-4	1.5046245802240375E-4	0.4872057386944324	0.05987378273915827	1.3071267666502613E-4	1.487232100552828E-4	1.2121424906927221E-4	1.8704676562173388E-4	3.5599279219992585E-4	4.142727185365909E-5	1.940159779605721E-4	1.0582986885642498E-4	1.489491731348157E-4	1.6785921487118415E-4	1.0748826510221362E-4	1.7101778034311687E-4	1.9304831058739776E-4	5.8698425362659876E-5	1.4333941293886873E-4	2.163261623398174E-4	8.503389746756166E-5	1.5948213638191465E-4	8.53363536093309E-5	1.2537135039551145E-4	1.0871740663751782E-4	0.07171270294685433	1.1289703816765705E-4	1.9976168505052888E-4
488	file:/home/ulrike/Git/johnson-topics/data/letters-leipzig-txt/uj0201.txt	1.5977107106504454E-4	1.7586409281689704E-4	1.4474854895461846E-4	1.839753995539587E-4	1.29548814716602E-4	2.161568799018653E-4	2.1859282825787235E-4	1.5581568717436676E-4	1.3819051022598825E-4	2.0985777641503795E-4	1.170448149113442E-4	1.8989386629067874E-4	1.3716483471733773E-4	1.3863654841792363E-4	0.6454054869869381	1.4992348817081814E-4	1.2043904217362317E-4	1.3703400025957417E-4	0.007971394999937173	1.7234543632586635E-4	3.280127988132969E-4	3.817120932124554E-5	1.7876688893635255E-4	9.751195036034594E-5	1.3724220330123697E-4	1.546659710053286E-4	9.904000150644078E-5	0.3381250132606108	1.7787527739154078E-4	5.4084900624410694E-5	1.3207335386703097E-4	1.993235580055598E-4	7.835048156445126E-5	1.4694730641056682E-4	7.862916553714329E-5	1.1551752854349732E-4	1.0017253610817053E-4	0.0031986313198205975	1.0402366081139016E-4	1.840610002358861E-4
489	file:/home/ulrike/Git/johnson-topics/data/letters-leipzig-txt/uj0685.txt	4.670589846935602E-5	5.141037365999401E-5	4.231436258137558E-5	5.378155303802279E-5	3.78710222485504E-5	6.318916947135688E-5	6.390127057848373E-5	4.5549620570147895E-5	4.039725024698552E-5	6.134775171066634E-5	3.421572632124537E-5	5.5511699206893194E-5	4.009741438902827E-5	4.052764065099995E-5	0.36329130919983293	4.3827153251211626E-5	0.05058305559721917	4.005916753457669E-5	3.264952329390231E-5	5.038176433965144E-5	9.588802513432581E-5	1.115859470132002E-5	5.2258948435945374E-5	2.8505681427303336E-5	4.0120031557456994E-5	4.5213523889430185E-5	0.1654582719127914	4.606429562413151E-5	5.19983035143805E-5	1.5810646198025048E-5	3.860902111440169E-5	5.8268282240959864E-5	2.2904206703882065E-5	0.16087701778561114	2.2985674426710884E-5	3.376925449405679E-5	2.928345081307857E-5	0.25826955337540064	3.0409250610140567E-5	5.380657669676375E-5
490	file:/home/ulrike/Git/johnson-topics/data/letters-leipzig-txt/uj0601.txt	4.397001856670048E-4	4.839892087364686E-4	3.9835724594012586E-4	5.063120426169278E-4	3.565266071267695E-4	5.948775306598345E-4	6.01581416020755E-4	4.288147167299702E-4	3.803091047630777E-4	5.775419957959161E-4	3.221148015395506E-4	5.22600040848725E-4	3.7748638029499093E-4	3.8153663033764636E-4	0.6297849607463796	4.1259900897651505E-4	3.314559316169254E-4	3.7712631551613707E-4	3.073702021530983E-4	4.743056414793226E-4	9.027121592033644E-4	1.050496044985069E-4	4.919778889410246E-4	2.6835911152364104E-4	3.7769930357627404E-4	4.2565062444705225E-4	2.7256440581232395E-4	4.33659987331996E-4	4.895241170586482E-4	1.4884509872662322E-4	3.634743000086388E-4	5.485511543399017E-4	2.1562552633175498E-4	4.044083668043254E-4	2.1639248241284186E-4	3.1791161196942147E-4	2.756812133253195E-4	0.354889519915008	2.8627975432366507E-4	5.065476211574345E-4
491	file:/home/ulrike/Git/johnson-topics/data/letters-leipzig-txt/uj0007.txt	5.922498984068994E-5	6.519045682670924E-5	5.3656342691736956E-5	6.819720927503965E-5	4.8022005387574876E-5	8.012645174652061E-5	8.102942508002371E-5	0.005884735013549425	5.12253658290992E-5	7.77914586997448E-5	4.338694062586406E-5	7.039110539164017E-5	5.0845161695930807E-5	5.13907061952233E-5	0.5568133489113684	5.557462314427796E-5	4.4645135077371655E-5	5.079666311993575E-5	4.140093111908388E-5	6.38861381315599E-5	1.2158993832760262E-4	1.4149554541931217E-5	6.626648435496157E-5	3.614637012157367E-5	5.0873841190690874E-5	5.73325978253088E-5	3.671279815513601E-5	0.029193292568109017	0.011719888438701065	2.0048546139566156E-5	4.895781813853096E-5	7.388656544139667E-5	2.90434710347449E-5	5.4471392544771164E-5	2.914677543986295E-5	4.282079608532498E-5	0.2622510630258157	0.13229265486922503	3.856017371403757E-5	6.822894029795709E-5
492	file:/home/ulrike/Git/johnson-topics/data/letters-leipzig-txt/uj0042.txt	1.0412200854220982E-4	1.1460975039150985E-4	9.433190595930526E-5	1.198958484550384E-4	8.442631511848425E-5	1.408683583678094E-4	1.4245585373753934E-4	1.0154430462805628E-4	9.005806489426924E-5	1.367632641058032E-4	7.627752093530694E-5	1.2375288364926748E-4	8.938963729119103E-5	9.03487457548359E-5	0.20035584074029994	9.770438798425956E-5	7.848952187916575E-5	8.930437312892396E-5	7.27859661138352E-5	1.1231665954112023E-4	2.1376430171196666E-4	2.4875986350464912E-5	1.1650148811556373E-4	6.354805072473994E-5	8.944005801066142E-5	1.0079504034650824E-4	0.31763674756228816	1.0269167577653133E-4	1.1592042932772203E-4	3.524685944257608E-5	8.607154466619814E-5	1.2989816661408864E-4	5.106061727168889E-5	9.576482520485065E-5	5.124223422394305E-5	7.528219604213768E-5	6.528194116007095E-5	0.4784428375780699	6.779169988280308E-5	1.1995163399165308E-4
493	file:/home/ulrike/Git/johnson-topics/data/letters-leipzig-txt/uj0637.txt	3.214847468573296E-4	0.4273583080032897	2.912570486536741E-4	3.701876964291101E-4	2.606727715299508E-4	0.07950983852337894	0.016254822772355806	3.135258868438018E-4	2.780612341266755E-4	4.2226714559211024E-4	2.355127398339695E-4	3.8209659062350004E-4	2.759974122529269E-4	2.7895873374451723E-4	0.20742467750797114	3.016698474966181E-4	2.4234246366892936E-4	2.7573415256358544E-4	2.2473229453105078E-4	3.4678636501523236E-4	6.600137990533132E-4	7.680653001870983E-5	3.597073465995522E-4	1.962095169556568E-4	2.761530901202889E-4	3.1121247547904633E-4	1.992841983270257E-4	3.170684839218189E-4	3.579132826938143E-4	1.0882740204554224E-4	2.6575254488502E-4	4.0107062662196336E-4	1.576536012682983E-4	2.9568129754563055E-4	1.5821435764188244E-4	2.3243959731778763E-4	2.015630376520499E-4	0.24366084350846254	2.0931211163695507E-4	0.01618533925499458
494	file:/home/ulrike/Git/johnson-topics/data/letters-leipzig-txt/uj0971.txt	0.3511513044152705	6.536552383775173E-4	5.380043518618725E-4	6.838035082934656E-4	4.815096703866158E-4	8.034162892268295E-4	8.124702716391399E-4	5.791389163731077E-4	5.136293000830257E-4	7.800036532231076E-4	4.350345494994433E-4	7.058013858798131E-4	5.098170484837014E-4	5.152871439100687E-4	0.2955114614056051	5.572386712318647E-4	4.476502824480811E-4	5.093307603090797E-4	4.1512112074367885E-4	6.405770243397721E-4	0.0012191646444986064	1.418755274507042E-4	6.644444100556697E-4	3.6243440111342895E-4	5.101046136105077E-4	5.748656279234775E-4	3.6811389270352627E-4	5.856827327500039E-4	6.61130450124856E-4	2.0102385907213915E-4	4.908929288661346E-4	7.408498559056674E-4	2.9121466402653854E-4	5.461767383108711E-4	2.9225048228644714E-4	4.2935790045269846E-4	3.7232332035420197E-4	0.33323308001365165	3.8663725900753184E-4	6.841216706497164E-4
495	file:/home/ulrike/Git/johnson-topics/data/letters-leipzig-txt/uj0572.txt	1.3806764416782934E-4	1.5197457729413568E-4	1.2508579317678693E-4	1.5898403779811398E-4	1.1195080269177184E-4	1.8679396075757063E-4	1.8889900798912777E-4	1.3464956270962258E-4	1.194186035435977E-4	1.8135053240099698E-4	1.011453559717952E-4	0.33976604825850343	1.1853225659595557E-4	1.198040515596802E-4	0.6392375702233816	1.295577646139786E-4	1.0407850875564486E-4	1.1841919479297098E-4	9.651549187838402E-5	1.4893389784500892E-4	2.834552844088455E-4	3.2986002477732035E-5	1.5448305532486488E-4	8.426585097487547E-5	1.1859911537107899E-4	1.3365602488163783E-4	8.558633046157414E-5	1.3617099735801268E-4	1.5371256098765858E-4	4.673796554335858E-5	1.1413240647514561E-4	1.7224729043578596E-4	0.006859746285506155	1.2698586970513197E-4	6.79481183685374E-5	9.982553737527084E-5	8.656502067975336E-5	0.009556165741220129	8.989300559983692E-5	1.5905801041664932E-4
496	file:/home/ulrike/Git/johnson-topics/data/letters-leipzig-txt/uj1121.txt	5.611847988082361E-5	6.177104208362267E-5	5.0841923247677165E-5	6.46200822815548E-5	4.550312208458843E-5	0.0028365914342180095	7.677921386461553E-5	5.472917874007099E-5	4.853845765783663E-5	7.371108752714805E-5	4.111117893227952E-5	6.669890264794473E-5	4.817819625373661E-5	4.869512547719433E-5	0.35092425047499365	5.265958473265624E-5	4.230337770180269E-5	4.813224155845429E-5	3.922934096406435E-5	0.005581870799026379	1.1521221913423061E-4	1.3407372361226446E-5	0.3258215946053789	3.4250395819210246E-5	4.8205371431883775E-5	5.432534891486716E-5	3.478711317941422E-5	5.534757561517001E-5	6.247745670759936E-5	1.8996945988499312E-5	0.0028070576792482284	7.001101641958294E-5	2.752006288758914E-5	5.161422154443336E-5	2.7617948698896358E-5	4.057473019512748E-5	3.518490809834315E-5	0.3103182940466526	3.6537588923072614E-5	6.465014892700259E-5
497	file:/home/ulrike/Git/johnson-topics/data/letters-leipzig-txt/uj0621.txt	6.59500543231848E-5	7.259290682260121E-5	5.974908100148437E-5	7.594107940713279E-5	5.347495833326329E-5	8.922490083360934E-5	9.023040780890986E-5	6.431735711010139E-5	5.7042063970656335E-5	0.0033309427482830114	4.831357673322304E-5	7.838409490546256E-5	0.18498274363806835	5.7226178922081914E-5	0.4837787782936931	6.188518436583252E-5	4.9714640585648496E-5	5.656468158470949E-5	4.6102053604036655E-5	7.11404812665778E-5	0.01960130450270506	1.5756252440048696E-5	7.379111849190449E-5	4.025083127099034E-5	5.665062331256036E-5	6.384277905727329E-5	4.088157784746245E-5	6.504409289468924E-5	7.342308046459743E-5	2.232508119565533E-5	5.451703367895597E-5	0.24340612508791726	3.234138997115203E-5	6.065668068581187E-5	3.245642470813866E-5	4.768314584072714E-5	4.134906371964864E-5	0.0629623677136642	4.2938724987421545E-5	7.597641352353812E-5
498	file:/home/ulrike/Git/johnson-topics/data/letters-leipzig-txt/uj0524.txt	3.164796280850984E-4	3.4835719831630894E-4	2.86722537651172E-4	3.644243331381337E-4	2.566144197886998E-4	4.28170434756161E-4	4.3299563887230395E-4	3.086446776506367E-4	2.73732165589639E-4	4.156929698716133E-4	2.3184609858033103E-4	3.7614782062047426E-4	2.717004748627141E-4	2.746156922515964E-4	0.9047895192143695	2.969732221310871E-4	2.3856949208606168E-4	2.7144131380021566E-4	2.2123349143983247E-4	3.413873314297856E-4	6.497382028147166E-4	7.561074760917241E-5	3.5410714935668304E-4	1.9315477813459234E-4	2.71853729018768E-4	3.06367283231515E-4	1.961815905305249E-4	3.121321208860191E-4	3.5234101680078667E-4	1.0713309437391567E-4	2.6161510737305455E-4	3.9482645441186787E-4	1.5519913023372698E-4	0.01585983761018949	1.5575115632607847E-4	2.2882080108151888E-4	1.984249511536944E-4	0.06861098964581838	2.060533816678023E-4	3.6459389369624746E-4
499	file:/home/ulrike/Git/johnson-topics/data/letters-leipzig-txt/uj0109.txt	9.106193298644632E-5	1.0023419213541336E-4	8.249980786211698E-5	1.048572522776472E-4	7.383668022976507E-5	1.231991697931946E-4	1.2458754482551102E-4	8.88075517621887E-5	7.876203681728295E-5	1.1960897955557244E-4	6.670999337250933E-5	1.0823049762030565E-4	7.817745042243711E-5	7.901625743227075E-5	0.25137933945783864	8.544927778162863E-5	6.864454193275892E-5	7.810288098664524E-5	6.365638601684187E-5	0.19720329959965288	1.8695173854140938E-4	2.1755778953298637E-5	1.018886482515369E-4	5.557718697070329E-5	7.822154684587174E-5	8.815226807384336E-5	5.6448103652540536E-5	8.981100757422926E-5	1.0138047195777884E-4	3.0825828251684214E-5	7.527554781327418E-5	0.026991569184877388	4.4656058534984884E-5	8.375299533073891E-5	4.4814895182173324E-5	6.583951257800202E-5	5.7093594662396504E-5	0.5214637095469451	5.9288553094541364E-5	1.0490604060653119E-4
500	file:/home/ulrike/Git/johnson-topics/data/letters-leipzig-txt/uj0239.txt	1.8957043587395172E-4	2.0866501368263195E-4	1.7174601969262586E-4	2.1828918371167365E-4	1.537113390369773E-4	2.5647292508584283E-4	2.593632092188615E-4	1.8487732188775754E-4	1.6396482218310573E-4	2.489989575793795E-4	1.3887518204404133E-4	2.2531152080628288E-4	1.6274784496724318E-4	1.6449405224896164E-4	0.7284793532765947	1.7788615179724696E-4	1.4290247645520242E-4	1.6259260819615417E-4	1.325182592507601E-4	2.0449008238719208E-4	3.891914151214318E-4	4.52906320313673E-5	2.1210921870642107E-4	1.1569918640155029E-4	0.11207057592018557	1.835131688289903E-4	1.175122387887685E-4	1.86966290894127E-4	2.1105131011224632E-4	6.417243195043009E-5	1.5670673728984902E-4	2.3649997161049165E-4	9.296385661118998E-5	1.7435487376443425E-4	9.329451873808281E-5	1.3706303707607521E-4	1.1885600569638869E-4	0.15300553233865508	1.2342541481236735E-4	2.183907500244981E-4
501	file:/home/ulrike/Git/johnson-topics/data/letters-leipzig-txt/uj0918.txt	7.004024520856138E-5	7.709508424877527E-5	6.345469048171773E-5	8.065090889862296E-5	0.017284436619793255	9.47585865884361E-5	9.582645462632807E-5	0.003513835322908243	6.0579785546934484E-5	9.199719336580523E-5	5.130996169790836E-5	8.32454390518935E-5	6.0130151181642836E-5	6.077531921975326E-5	0.4517629845611499	6.572327395697319E-5	5.279791886161054E-5	6.007279613330772E-5	4.8961280960003866E-5	7.555257995313745E-5	1.437938464534473E-4	1.6733447694538787E-5	7.836760843379718E-5	0.0034882762026256543	6.0164067926092365E-5	0.027632034549852566	4.341703378919805E-5	6.907809648476541E-5	0.42043251889463157	2.3709672073689835E-5	5.789815408196137E-5	8.73792156833497E-5	3.4347187537779836E-5	6.441857906519027E-5	3.446935667423821E-5	0.024169343669883853	4.39135129120052E-5	0.04963961853173082	4.5601764212720584E-5	8.068843442005967E-5
502	file:/home/ulrike/Git/johnson-topics/data/letters-leipzig-txt/uj0342.txt	1.514391962046885E-4	1.66692985657054E-4	1.3720008108700923E-4	1.7438129721584805E-4	1.2279299524733933E-4	2.0488455092802907E-4	2.0719346742067535E-4	1.4769008096691586E-4	1.309840364230872E-4	1.9891393833529678E-4	1.1094106443640473E-4	0.41737065297744624	1.3001184869497443E-4	1.3140681424395935E-4	0.1498586828628025	1.4210515326362592E-4	1.141582867089293E-4	1.2988783710146434E-4	1.0586280804209082E-4	1.633578229948148E-4	3.109073142340835E-4	3.6180625311180314E-5	1.694444043472214E-4	9.242681597164993E-5	1.300851825975332E-4	1.4660032115406595E-4	9.38751810341214E-5	1.4935886326286125E-4	1.685992893037218E-4	5.126443618843076E-5	1.2518588262788762E-4	1.8892906711961505E-4	7.426459540688851E-5	1.3928417590816948E-4	7.452874633570357E-5	1.0949342426988831E-4	9.494865527834253E-5	0.42767232153218204	9.859894832358456E-5	1.744624339221319E-4
503	file:/home/ulrike/Git/johnson-topics/data/letters-leipzig-txt/uj0063.txt	4.303906560256936E-4	4.7374197202454426E-4	3.899230475708779E-4	4.95592176848973E-4	3.4897806581349295E-4	5.822825166362976E-4	5.888444643280656E-4	4.197356591217221E-4	3.722570297377247E-4	0.16994490392490566	3.1529484241606614E-4	5.115353182731559E-4	3.6949406925874115E-4	3.7345856558999066E-4	0.5105886272566138	4.038632776094343E-4	3.244381978957187E-4	3.691416279329601E-4	3.008624223042921E-4	4.6426342959875525E-4	8.83599532287077E-4	1.0282544713227032E-4	4.8156151230698165E-4	2.6267729199141716E-4	3.697024844327661E-4	4.166385584204679E-4	2.667935499023429E-4	4.2447834348030274E-4	4.791596927840006E-4	1.4569368350386778E-4	3.557786590239705E-4	5.369369831442356E-4	2.110602059287997E-4	3.9584605138877013E-4	2.1181092367157515E-4	3.1118064466164843E-4	2.69844366968042E-4	0.28385829353152403	0.02145266724932665	4.95822767614907E-4
504	file:/home/ulrike/Git/johnson-topics/data/letters-leipzig-txt/uj0926.txt	3.96786858351574E-4	4.3675341487357106E-4	3.594788568906191E-4	4.568976117915123E-4	3.2173075420921374E-4	5.368193923693637E-4	5.428690000288956E-4	3.8696377625608306E-4	3.4319215638385604E-4	5.21175750086011E-4	2.9067743043486736E-4	4.7159595365695175E-4	3.4064492076696574E-4	3.442998794009397E-4	0.509761894419838	3.7233066955024807E-4	2.9910689618829306E-4	3.4031999715523756E-4	2.7737185663955936E-4	4.280149327103886E-4	8.146103488737897E-4	9.479710015770817E-5	4.4396242552234474E-4	2.4216812328600208E-4	3.4083706341917337E-4	3.84108489227789E-4	2.459629943450604E-4	3.9133616399370625E-4	0.41034827217004693	1.343182946697549E-4	3.280003745579217E-4	4.950143217371675E-4	1.945811668098231E-4	3.649394077738742E-4	1.952732704382227E-4	2.86884458680585E-4	2.487756114452603E-4	0.06650178371996222	2.58339768848252E-4	4.571101986223342E-4
505	file:/home/ulrike/Git/johnson-topics/data/letters-leipzig-txt/uj0092.txt	5.3887017543759395E-5	5.9314814576684894E-5	0.021255974298973628	6.205056721030721E-5	4.369376261216104E-5	7.290462223123021E-5	7.372621021283925E-5	5.25529597591528E-5	4.6608402881002585E-5	7.078008305250473E-5	3.947645811278281E-5	0.005365835232621812	4.6262466700188266E-5	4.6758841053030763E-5	0.6285686721247274	5.056565987464314E-5	4.062125098930719E-5	4.62183393204703E-5	3.766944844639348E-5	0.3420234866942042	1.1063098799052181E-4	1.2874249466119377E-5	6.029385930845222E-5	3.288848315759829E-5	4.628856130048181E-5	5.216518758639143E-5	3.340385880331736E-5	5.3146767063417533E-5	5.999313974365735E-5	1.824156256431171E-5	4.4545230181241114E-5	6.722713940346175E-5	2.6425771239317346E-5	4.956186389543995E-5	2.651976477660487E-5	3.8961340408746115E-5	3.378583603827925E-5	0.0010788229740102278	3.508472965564203E-5	6.207943830329063E-5
506	file:/home/ulrike/Git/johnson-topics/data/letters-leipzig-txt/uj1189.txt	6.748259939788345E-5	7.427981827325524E-5	6.113752807323158E-5	7.770579557616536E-5	5.471760756008201E-5	9.129830598416358E-5	9.23271788956773E-5	6.581196162359713E-5	0.01333720492672109	8.86377500128368E-5	4.943628595345709E-5	8.020558178390243E-5	5.7934390318624594E-5	5.855599888282195E-5	0.4651434287896467	6.332327013346368E-5	5.086990767908536E-5	5.7879129693269564E-5	4.717337152650759E-5	7.279364130254243E-5	0.16280430014021285	1.612239568770052E-5	7.550587394376644E-5	4.118617869185208E-5	5.7967068532011096E-5	6.532635534243946E-5	4.1831582535389026E-5	6.655558526913835E-5	7.512928346154725E-5	2.28438706580716E-5	5.578389861651058E-5	8.418840610997708E-5	3.30929380694494E-5	6.206621852754083E-5	3.321064597966382E-5	4.879120512974965E-5	4.2309931828057015E-5	0.01131013574558094	4.393653358922855E-5	0.34532751230319586
507	file:/home/ulrike/Git/johnson-topics/data/letters-leipzig-txt/uj0649.txt	4.241765604016753E-5	4.6690195848322845E-5	3.842932341218856E-5	4.884366841951755E-5	0.002121069467691663	5.7387536562613254E-5	5.803425701587136E-5	4.136754031982361E-5	3.668822829881922E-5	5.5715186222313636E-5	3.107425309913119E-5	5.041496342711727E-5	0.4424116272200761	3.680664707438461E-5	0.20890900108281543	3.980321913835645E-5	3.197538722543929E-5	3.638118621895229E-5	2.9651849002858523E-5	4.575602697929598E-5	8.708418854606507E-5	1.0134082577231165E-5	4.746085981476561E-5	2.5888468685968443E-5	3.643646208928913E-5	4.1062301926684054E-5	2.629415131358535E-5	4.183496114091445E-5	4.722414567385664E-5	1.4359011905972138E-5	3.5064183140653266E-5	5.29184543097928E-5	2.080128621175338E-5	3.9013072002346035E-5	2.087527407963683E-5	3.066877351265592E-5	2.659482816872268E-5	0.3451506669413538	2.761726409495152E-5	4.886639456298393E-5
508	file:/home/ulrike/Git/johnson-topics/data/letters-leipzig-txt/uj0330.txt	1.3531054076021395E-4	1.4893976325458243E-4	1.2258792723078167E-4	1.5580925028716892E-4	1.0971523228389577E-4	1.8306383072724545E-4	1.8512684180376933E-4	1.3196071572872274E-4	1.1703390696427097E-4	1.7772910339879084E-4	0.3196066741098207	1.6082161534974586E-4	1.1616525967540407E-4	1.17411657883434E-4	0.6597545297178424	1.2697059687853126E-4	1.0200014193133006E-4	1.1605445562863863E-4	9.458815261544922E-5	1.4595980380775007E-4	2.777949029685695E-4	3.23272976784786E-5	1.513981489311751E-4	0.01339539765033687	1.1623078333281885E-4	1.3098701807797604E-4	8.387723804688742E-5	1.334517685111889E-4	1.5064304076627198E-4	4.580464474367893E-5	1.11853271137474E-4	1.6880764609133875E-4	6.635522913276978E-5	1.2445006070952515E-4	6.659124732301407E-5	9.783209907969278E-5	8.483638458304175E-5	0.0027089292867122413	8.809791223416154E-5	1.5588174573007876E-4
509	file:/home/ulrike/Git/johnson-topics/data/letters-leipzig-txt/uj0888.txt	3.999727719771688E-5	4.402602312566828E-5	3.623652140473026E-5	4.6056617161467684E-5	3.243140212001275E-5	5.411296667159945E-5	5.4722784838211547E-5	3.9007081758428526E-5	3.459477430274333E-5	5.253604172154283E-5	2.9301136152855987E-5	4.7538253061359016E-5	3.4338005493715924E-5	3.4706436026512736E-5	0.5295143503890902	0.005940357438307748	3.015085098406063E-5	3.430525224220864E-5	2.7959895352753514E-5	4.3145158535494724E-5	8.211510851794461E-5	9.555825281864563E-6	4.475271250857322E-5	2.441125594673485E-5	3.435737403569279E-5	3.871926046509191E-5	2.4793790061673356E-5	3.94478312456574E-5	4.452950542938926E-5	1.3539677415098778E-5	3.3063398209937496E-5	4.9898893137781644E-5	1.9614351389258425E-5	3.678696092341077E-5	1.968411746162697E-5	2.891879349340047E-5	0.46241306827350587	8.007491137120754E-4	2.604140517340964E-5	4.607804653651375E-5
510	file:/home/ulrike/Git/johnson-topics/data/letters-leipzig-txt/uj0299.txt	1.6103677305219998E-4	1.7725728327536885E-4	1.4589524293888263E-4	1.8543284755910078E-4	1.3057509682842236E-4	2.1786926870044656E-4	2.2032451457166868E-4	0.2932700223379578	1.3928525160960113E-4	2.1152026389076127E-4	1.1797204068402002E-4	1.9139820022491704E-4	1.3825145072806039E-4	1.397348233037038E-4	0.6505183713279827	1.5111117787981325E-4	1.2139315692039227E-4	1.3811957980335647E-4	1.125719458408945E-4	1.7371075208535083E-4	3.3061130709457007E-4	3.847360058124002E-5	1.8018307526505422E-4	9.828443732259611E-5	1.3832943222373225E-4	1.5589123053161088E-4	9.982459364742698E-5	1.5882459739212024E-4	1.7928440039834996E-4	5.451335970488812E-5	1.3311963530787912E-4	0.03188879148918079	7.897117190313178E-5	1.4811141889032402E-4	7.925206360251471E-5	1.1643265519598916E-4	1.009661001568142E-4	0.019067915236033194	1.0484773336296341E-4	1.8551912636725275E-4
511	file:/home/ulrike/Git/johnson-topics/data/letters-leipzig-txt/uj1186.txt	2.7313910100205946E-5	3.006511747736503E-5	2.4745711641828668E-5	3.145179844241345E-5	2.2147217610608298E-5	3.6953433095387736E-5	3.736987440707947E-5	2.6637711341058915E-5	2.3624572007016117E-5	3.587656013456837E-5	2.0009577020874987E-5	3.246359906001098E-5	2.3449226067050186E-5	2.3700825154689023E-5	0.3763826517244557	2.5630401364336467E-5	0.004051595302278302	2.3426859060347776E-5	0.24591042670506216	2.9463580125021737E-5	0.1532342834104372	6.52561801624393E-6	3.0561369469152424E-5	1.6670306007737292E-5	0.018834821265580618	2.6441159838508887E-5	1.693153635034393E-5	2.693869662591647E-5	3.0408942641085534E-5	9.246167679706631E-6	2.2578804098322303E-5	3.407566656419678E-5	1.3394527529254806E-5	2.512160361703788E-5	1.3442170378024214E-5	1.9748477422114356E-5	1.7125150551530735E-5	0.008608837874952775	1.7783525520335943E-5	0.19217606002081383
512	file:/home/ulrike/Git/johnson-topics/data/letters-leipzig-txt/uj0669.txt	8.189085217816354E-5	0.07260318585988071	7.419104063351123E-5	9.429680948410437E-5	0.004094902982707763	1.1079146544702277E-4	1.1204001366921128E-4	7.986351546858166E-5	0.036327352965244294	1.075628524756249E-4	5.9991458855672834E-5	9.733032663728667E-5	7.030399889668918E-5	7.105832750136E-5	0.4033163951860146	7.684346187322529E-5	6.173117406908103E-5	7.02369395400165E-5	5.7245388128068833E-5	8.833585802273838E-5	1.6812334949691793E-4	1.956469866009273E-5	9.162718118273851E-5	4.997986593776162E-5	7.034365425623011E-5	7.927422708102857E-5	5.076307036702017E-5	8.076591067233121E-5	9.117018462679254E-5	0.30216541507293104	6.76943543415076E-5	1.0216352632206944E-4	4.015863235510455E-5	7.531801637824663E-5	4.030147215620255E-5	5.920864641441333E-5	5.134355232184883E-5	0.17889357597269456	5.331745086110718E-5	9.434068421526402E-5
513	file:/home/ulrike/Git/johnson-topics/data/letters-leipzig-txt/uj1115.txt	0.6390410326827164	8.664870429369215E-5	7.131799342557262E-5	9.064516660522751E-5	6.382904411115034E-5	1.0650106720286848E-4	1.0770126540929894E-4	7.677080173692481E-5	6.808683037550476E-5	1.033974822322074E-4	5.766829029119791E-5	9.356121084102297E-5	6.758147733596831E-5	6.83065945739699E-5	0.22892551880559472	7.386769968283103E-5	5.934063505267807E-5	6.751701485212299E-5	5.502856112140703E-5	8.491505292166456E-5	1.6161277469250911E-4	1.880705592615121E-5	8.807891962958481E-5	4.804439619560016E-5	6.761959704216033E-5	7.6204333535503E-5	4.879727104220948E-5	7.763825169663342E-5	8.763962026009001E-5	2.664777377743377E-5	6.507289123661853E-5	9.82072449227733E-5	3.8603489772155635E-5	7.240132704736192E-5	3.874079810357451E-5	5.691579225285682E-5	4.9355273839914345E-5	0.12936843673318196	5.1252733180604434E-5	9.06873422879201E-5
514	file:/home/ulrike/Git/johnson-topics/data/letters-leipzig-txt/uj0378.txt	1.0974320048032942E-4	1.2079713972399172E-4	9.942456366645028E-5	1.2636861618383474E-4	8.898420377769871E-5	1.4847336034078104E-4	1.5014655916839722E-4	1.0702633512793659E-4	9.49199925062505E-5	0.3510569662250662	8.03954840032925E-5	1.3043387954655958E-4	0.0162901917670402	9.522636623456782E-5	0.5134972596073473	1.0297911448776709E-4	8.272690332993915E-5	0.021688760662510898	7.671543205149502E-5	1.1838025272346965E-4	2.2530470691797992E-4	2.621895596739581E-5	1.2279100591245358E-4	6.697879313375055E-5	9.426862153986637E-5	1.0623662062459657E-4	6.80283775306769E-5	1.082356489294601E-4	0.01091949610325171	3.714971710846835E-5	9.071825365455768E-5	1.369109253686571E-4	5.3817205760343276E-5	1.0093484133240849E-4	0.08103389006890409	7.93464249155603E-5	6.880629039700513E-5	0.002197068817613579	7.145154242894602E-5	1.2642741339121023E-4
515	file:/home/ulrike/Git/johnson-topics/data/letters-leipzig-txt/uj0678.txt	1.449596451029686E-4	1.5956077850109906E-4	1.313297716899506E-4	1.6692013422230523E-4	1.175391144319461E-4	1.9611826088580816E-4	1.9832838695445164E-4	1.413709413331527E-4	1.2537968973621105E-4	1.904031098272938E-4	0.34952916616886065	1.7228993510045912E-4	1.2444909850505971E-4	1.257843783796201E-4	0.5713116199035306	1.3602497306282205E-4	1.0927385473257681E-4	1.2433039293190297E-4	1.0133331045050855E-4	1.5636831573059278E-4	2.9760468267656164E-4	3.46325834800608E-5	1.6219447365302826E-4	8.847219727142848E-5	1.2451929470759746E-4	1.4032780851366334E-4	8.985859188192035E-5	0.014405130439961993	1.6138551811280404E-4	0.049966638422912456	1.1982961856924232E-4	1.8084545616761823E-4	7.108707430900125E-5	1.3332469541648691E-4	7.133992314770543E-5	1.0480858536662242E-4	9.088613593504084E-5	0.010033186288806041	9.438024576671819E-5	1.6699779937401292E-4
516	file:/home/ulrike/Git/johnson-topics/data/letters-leipzig-txt/uj0844.txt	6.117103363835363E-4	6.733251686784613E-4	5.541940914698577E-4	7.043806666454119E-4	4.959993602103285E-4	0.1813808491895719	8.36919297174985E-4	5.965664859094571E-4	5.29085540529034E-4	0.12117231323924195	4.481257002540777E-4	7.270405089701836E-4	5.251585698563423E-4	5.307932725396532E-4	0.605326148060739	5.740072140057711E-4	4.6112106848019145E-4	5.246576481961468E-4	4.27613032430558E-4	6.598534022854687E-4	0.0012558520022595374	1.4614487552981078E-4	6.844390103698777E-4	3.7334085300121773E-4	5.254547884531572E-4	5.921646047690245E-4	3.791912530414627E-4	6.033072201789648E-4	6.810253260629219E-4	2.0707311113136008E-4	5.056649816687564E-4	7.631436648947917E-4	2.9997795667333673E-4	5.626124030830809E-4	3.0104494499321057E-4	4.42278228295595E-4	3.83527351670407E-4	0.07243091513877846	3.982720283628626E-4	7.047084032099065E-4
517	file:/home/ulrike/Git/johnson-topics/data/letters-leipzig-txt/uj1111.txt	3.790876802965057E-5	4.1727147817808424E-5	3.434438492757701E-5	4.365171177962495E-5	3.0737954830436804E-5	5.1287388659220325E-5	5.186536438752026E-5	3.697027691620691E-5	3.278836375781283E-5	4.9792804869519835E-5	2.7771139718661414E-5	4.5055982159224414E-5	3.254500246172877E-5	3.289419492135031E-5	0.22027012110827057	3.557223906291413E-5	2.8576485599288738E-5	3.251395946328994E-5	2.6499933528508803E-5	4.089227870285955E-5	7.782736272643168E-5	9.056855599229437E-6	4.241589218183043E-5	2.313659088399205E-5	3.2563359650425496E-5	3.66974845811398E-5	2.3499150489110858E-5	3.738801210322861E-5	4.2204340146787314E-5	1.2832685779785456E-5	3.133695043331676E-5	4.7293358384016795E-5	1.859016285513294E-5	3.4866082540263586E-5	1.865628600248333E-5	0.44200095181133225	2.3767866165962313E-5	0.33457017834605984	2.4681619776390172E-5	0.0019085392924445002
518	file:/home/ulrike/Git/johnson-topics/data/letters-leipzig-txt/uj0897.txt	3.991873276093758E-5	4.393956726086168E-5	3.61653621318001E-5	4.596617372860537E-5	3.236771512949869E-5	5.4006702625957854E-5	5.4615323265443356E-5	0.21605083556759008	3.452683900180562E-5	5.243287435374341E-5	2.9243596205205476E-5	4.744490007401143E-5	3.4270574421138255E-5	3.463828145046888E-5	0.2024929172269369	3.74583184489138E-5	3.0091642413505865E-5	3.4237885488651476E-5	2.7904989259470357E-5	4.306043246376308E-5	0.017755655180617672	9.537060081648177E-6	0.009863387788055853	2.4363318474893115E-5	3.428990492824557E-5	0.027531067509371163	2.4745101390532276E-5	3.937036578039488E-5	4.4442060853931715E-5	1.3513088946801665E-5	0.001996743061829406	4.980090445625107E-5	1.957583381279828E-5	3.671472072785275E-5	1.964546288241953E-5	2.8862004369079635E-5	0.1885445088668023	0.3346357572340814	2.599026650484038E-5	4.5987561021832084E-5
519	file:/home/ulrike/Git/johnson-topics/data/letters-leipzig-txt/uj0695.txt	9.904860779238979E-5	1.0902532879117878E-4	8.973553321230932E-5	1.1405385888944611E-4	8.031259760166339E-5	1.3400447200050564E-4	1.355146158063166E-4	9.659650388493972E-5	8.566993734699181E-5	1.3009940065967178E-4	0.38987685455912147	1.1772295797371673E-4	8.503407923762715E-5	8.594645462661528E-5	0.6047604569243774	9.29436892405439E-5	7.466507779928281E-5	8.49529696174289E-5	6.923943084978862E-5	1.0684397002320531E-4	2.033485213810427E-4	2.366389056428154E-5	1.1082489057930854E-4	6.0451637846133226E-5	8.50820431804799E-5	9.588374790764974E-5	6.139893911692863E-5	9.76879687583967E-5	1.1027214419276603E-4	3.352943729880064E-5	8.187766245664938E-5	1.235688087278258E-4	4.85726612902458E-5	9.10986326985496E-5	4.874542885902525E-5	7.161403063507634E-5	6.210104353940177E-5	0.0019829621029478083	6.448851292134949E-5	1.1410692624584843E-4
520	file:/home/ulrike/Git/johnson-topics/data/letters-leipzig-txt/uj0705.txt	1.1871589281030921E-4	1.3067361101643625E-4	1.0755359595197624E-4	1.3670061587238119E-4	9.625962384227599E-5	0.40896463380867853	1.6242266259828227E-4	1.1577689436172175E-4	1.0268072743100996E-4	1.559321917555084E-4	8.69686834318134E-5	1.410982584370467E-4	1.0191861209353724E-4	1.0301215052174926E-4	0.5496411510774789	1.1139876970711817E-4	8.949072147760264E-5	1.0182139718873492E-4	8.298774747283098E-5	1.280591173910199E-4	2.4372580095226277E-4	2.8362638893345262E-5	1.3283049730799254E-4	7.245503312668047E-5	1.0197609985056259E-4	1.1492261216547704E-4	7.359043238800616E-5	0.011797199972546215	1.3216799651935343E-4	4.0187107856151344E-5	9.813545103164084E-5	1.481048727345896E-4	5.821734378468793E-5	1.0918735513451289E-4	5.84244164193615E-5	8.583385242938404E-5	7.443194803590577E-5	0.025736932710916982	7.72934780013676E-5	1.3676422038671812E-4
521	file:/home/ulrike/Git/johnson-topics/data/letters-leipzig-txt/uj0426.txt	0.5245448610029206	3.909650889759654E-4	3.217918360407165E-4	4.0899740989703263E-4	2.880011664754159E-4	4.8054035607819146E-4	4.859557353662121E-4	3.463952932302303E-4	3.0721259957476984E-4	0.01793952584291416	2.6020340902467847E-4	0.017895143889935253	3.049324108786184E-4	3.0820419119875336E-4	0.3165355976704163	3.3329629120663385E-4	2.6774914699964527E-4	3.046415515872114E-4	2.482927641032994E-4	3.831427312333648E-4	7.292082824821792E-4	8.485876798135736E-5	3.9741832183859193E-4	2.167797174409308E-4	3.0510440969204076E-4	3.43839348596364E-4	2.2017674205649458E-4	3.503092888686436E-4	3.9543617197863005E-4	1.2023664209211062E-4	2.936134927767172E-4	4.431180427023605E-4	1.7418167919046784E-4	3.266799140481835E-4	1.748012241040117E-4	2.56808084594701E-4	2.2269449018939307E-4	0.1119488413206611	2.312559610851002E-4	4.09187709563611E-4
522	file:/home/ulrike/Git/johnson-topics/data/letters-leipzig-txt/uj1066.txt	3.4908891685562945E-4	3.842510741525607E-4	3.162657284210135E-4	4.019737273478432E-4	0.05180183550617304	4.722880717568375E-4	4.776104531331792E-4	3.4044667224313155E-4	3.019368601145428E-4	4.585249593315421E-4	2.557349549489758E-4	4.149051743788677E-4	0.0346455492706818	3.029114232082306E-4	0.19088926800094871	3.2757261842140294E-4	2.6315111051864354E-4	0.03464526340629569	2.4402885066002994E-4	3.765630491862583E-4	7.166856420828576E-4	8.340149457718977E-5	3.905934861201247E-4	2.130569752387457E-4	2.998648740221835E-4	3.379346206591652E-4	2.163956629995174E-4	3.4429345312126053E-4	3.886453755744577E-4	1.1817182704829873E-4	2.8857128978100247E-4	0.03478136185077636	1.7119046997761097E-4	3.210698638230523E-4	1.7179937549175424E-4	2.523979381766279E-4	2.1887017402822802E-4	0.6423870804192998	2.2728461941162026E-4	4.021607590121924E-4
523	file:/home/ulrike/Git/johnson-topics/data/letters-leipzig-txt/uj0921.txt	1.371362096841022E-4	1.5094932360204292E-4	1.2424193709528823E-4	0.04063522199225082	1.1119555812497603E-4	1.8553380789952602E-4	1.8762465402268326E-4	1.3374118734997588E-4	1.1861297956116891E-4	1.801271020995772E-4	1.0046300730865389E-4	1.6299149083604553E-4	1.1773261210362784E-4	0.09456605365008554	0.5809553866276668	1.2868373963641487E-4	1.0337637240317645E-4	1.176203130402607E-4	9.586437728965286E-5	1.4792915724061277E-4	2.815430331490778E-4	3.2763471700349304E-5	1.534408788920853E-4	8.369737513919593E-5	1.1779901983485127E-4	1.327543521451832E-4	8.500894638286358E-5	1.352523580679224E-4	1.5267558247796602E-4	4.642266101948753E-5	0.07432176501940936	1.7108527259295642E-4	6.725052287030542E-5	1.261291952923661E-4	6.748972552107273E-5	9.915209249665107E-5	8.598103414306945E-5	0.029730353007659333	8.928656774999726E-5	0.17555966378415508
524	file:/home/ulrike/Git/johnson-topics/data/letters-leipzig-txt/uj0864.txt	0.12872796568411013	7.164439302036332E-4	5.896838726043564E-4	7.49488176955232E-4	5.277624356520547E-4	8.805906998803095E-4	8.905143880306122E-4	6.347697333691157E-4	5.629674066907641E-4	8.549290972951775E-4	4.768230163524509E-4	7.735991225252864E-4	5.587889585450345E-4	5.647844993680273E-4	0.3238976457301394	6.107657986031968E-4	4.906505890015381E-4	5.582559585924872E-4	4.54996747206314E-4	7.021094515440511E-4	0.001336274932390934	1.555037801560317E-4	7.282694861035964E-4	3.9724905658101165E-4	5.591041465486525E-4	6.300859621821117E-4	4.034741077050076E-4	6.419421344275567E-4	7.246371944336593E-4	2.2033377108065768E-4	5.380470294080377E-4	8.12014271886401E-4	3.191881073973812E-4	5.986412806122794E-4	3.203234240926893E-4	4.706010808203016E-4	4.0808788376445404E-4	0.5253390733644068	4.2377678804209794E-4	7.498369012912E-4
525	file:/home/ulrike/Git/johnson-topics/data/letters-leipzig-txt/uj0947.txt	3.818788001081983E-4	4.203437349411797E-4	3.459725332234199E-4	4.3973107498597165E-4	3.0964270058172615E-4	0.43259413998072693	5.224723500375721E-4	3.724247904175179E-4	3.3029775590573613E-4	5.015941579193851E-4	2.797561109109275E-4	4.538771714027555E-4	3.278462249124666E-4	3.313638596027525E-4	0.5093951209556633	3.5834147814781526E-4	2.878688651509359E-4	3.27533509316267E-4	2.669504535441173E-4	4.1193357464225616E-4	7.840038449761566E-4	9.123538771509992E-5	4.272818889615975E-4	2.3306939329873562E-4	3.280311483894675E-4	3.6967678210681094E-4	2.367216836306762E-4	3.766328989969908E-4	4.251507926083865E-4	1.2927169365981584E-4	3.1567675903276766E-4	4.7641566559613165E-4	1.8727037184066472E-4	3.512279205310801E-4	1.8793647178223482E-4	2.761056485231681E-4	2.3942862520593485E-4	0.04521720382797818	2.4863343851117854E-4	4.3993567451381467E-4
526	file:/home/ulrike/Git/johnson-topics/data/letters-leipzig-txt/uj0235.txt	1.8609944134017164E-4	2.04844401473009E-4	0.14664690715298304	0.018524080575804364	1.50896916972072E-4	2.517769601431475E-4	2.546143237857926E-4	1.8149225727716081E-4	1.6096266101326909E-4	2.444398393988968E-4	1.363324068716875E-4	2.2118611457660955E-4	1.5976796639249855E-4	1.6148220098869908E-4	0.806689991698949	1.746290940304232E-4	1.4028596237507734E-4	1.5961557197381225E-4	1.3009187798848735E-4	2.007459122854251E-4	3.820654027331982E-4	0.00919935548055916	2.0822554383222346E-4	1.1358075880121703E-4	1.5985808439787302E-4	1.8015308157200038E-4	1.1536061458319203E-4	1.835429777034238E-4	2.0718700532036503E-4	6.29974483118029E-5	1.538374701172966E-4	0.009387063817624747	9.126170808444867E-5	1.711624729505401E-4	9.158631585782544E-5	1.3455344189431024E-4	1.1667977740331555E-4	0.0037257276783820947	1.2116552160608638E-4	2.1439206164216407E-4
527	file:/home/ulrike/Git/johnson-topics/data/letters-leipzig-txt/uj0050.txt	1.344158143574759E-4	1.4795491508345893E-4	1.2177732774212335E-4	1.5477897837162173E-4	1.0898975210655395E-4	1.8185334082883986E-4	1.839027104664268E-4	1.3108813968384589E-4	1.1626003283747928E-4	1.765538888112765E-4	9.847010480528999E-5	1.597581997091315E-4	1.153971293854166E-4	1.166352859193036E-4	0.19913689242350044	1.2613101745803402E-4	1.0132567695944944E-4	1.1528705801849719E-4	9.396269862601294E-5	1.4499466029807564E-4	2.7595801404006764E-4	3.2113536898279195E-5	1.5039704494908076E-4	8.203705545627597E-5	0.07285177954452489	1.3012088050412673E-4	8.332260882844178E-5	1.3256933304009992E-4	1.496469298557319E-4	4.550176645504041E-5	1.1111365340808613E-4	1.6769142368107113E-4	6.591646231437363E-5	1.2362714806344764E-4	0.019903328372064308	9.71851948430376E-5	8.427541311124933E-5	0.6044187328332631	0.09927340263528443	1.5485099444620976E-4
528	file:/home/ulrike/Git/johnson-topics/data/letters-leipzig-txt/uj0979.txt	8.389130648323507E-4	9.234130065944237E-4	7.600340163215058E-4	9.660032023615497E-4	6.80224476651709E-4	0.0011349791260349502	0.04241689014351692	8.18144453842905E-4	7.255995950432967E-4	0.0011019043010581612	6.145694821062857E-4	9.970794105644027E-4	7.202140607363058E-4	7.279416164376232E-4	0.6650811658281638	7.872061701366092E-4	6.323916170920162E-4	7.195270857087464E-4	5.864379564344235E-4	0.042174058064796065	0.0017223031711709167	2.004263098856404E-4	9.386547745372852E-4	5.120078909734199E-4	7.206203014619139E-4	0.04208122815298674	5.200312587936753E-4	8.273888456880471E-4	9.339731724881043E-4	2.8398463777904977E-4	6.934801233833592E-4	0.16612307422054973	4.1139639474260835E-4	7.715790747848221E-4	4.128596860887341E-4	6.065501299220253E-4	5.259778802153905E-4	0.016795115573125335	5.461990554650344E-4	9.664526675241024E-4
529	file:/home/ulrike/Git/johnson-topics/data/letters-leipzig-txt/uj0980.txt	2.008063265934792E-4	2.2103264516439776E-4	1.8192545247118028E-4	2.3122724233949702E-4	1.6282185144261463E-4	2.7167414433449283E-4	2.747357363854221E-4	1.9583505047910259E-4	1.7368306129250514E-4	2.6375719276378566E-4	1.471063514344987E-4	2.3866579524237276E-4	1.723939535097504E-4	1.7424365896670158E-4	0.7716565204710103	1.8842951185704082E-4	1.513723446685567E-4	1.7222951581348774E-4	1.4037265211755493E-4	2.1661026456822258E-4	4.122588949693458E-4	4.797501997285589E-5	2.2468098914627143E-4	0.20756849803901326	1.724911932730128E-4	1.94390043701651E-4	1.2447722078688734E-4	1.980478332403112E-4	2.235603780251937E-4	6.797594925141246E-5	1.6599478775555128E-4	2.505173885348991E-4	9.847384939531628E-5	1.8468893402548032E-4	9.882410995540215E-5	1.4518680014690186E-4	1.259006331205305E-4	0.013898539012371963	1.3074087234376326E-4	2.31334828514999E-4
530	file:/home/ulrike/Git/johnson-topics/data/letters-leipzig-txt/uj0223.txt	1.0254624227737225E-4	1.128752642745312E-4	9.290430158257791E-5	1.1808136335304447E-4	8.314862041118016E-5	1.38736478566345E-4	1.4029994902833227E-4	0.07072461425342426	8.869514016275666E-5	1.3469351016171148E-4	7.512314881035344E-5	1.2188002677720828E-4	8.803682843894514E-5	8.898142190444033E-5	0.3486621295813747	9.622574498968284E-5	7.730167367635011E-5	8.795285465123366E-5	7.16844346358932E-5	1.1061687670402298E-4	2.105292260542807E-4	2.4499517046381794E-5	1.1473837273442451E-4	6.258632441989598E-5	8.808648609909787E-5	9.926962390031493E-5	6.356707708053168E-5	1.0113755594505791E-4	0.17163106810422174	3.4713438959925996E-5	8.476895131109136E-5	1.279323079864984E-4	5.0287873840352835E-5	9.431553525137559E-5	5.0466742229930465E-5	7.414288700913918E-5	6.429397442735615E-5	0.3904883219369657	6.67657508523634E-5	0.015251980598459615
531	file:/home/ulrike/Git/johnson-topics/data/letters-leipzig-txt/uj0696.txt	6.118589809718506E-5	6.734887855679381E-5	5.5432875970688605E-5	7.045518299689371E-5	4.961198872250239E-5	8.277939641085996E-5	8.371226671639841E-5	5.967114505674428E-5	5.292141074301917E-5	8.03670929727004E-5	0.4846471235494927	7.272171785974825E-5	5.2528618251019664E-5	5.309222544168324E-5	0.4759207242074153	5.741466967984272E-5	4.612331201283499E-5	5.247851391268758E-5	4.277169416820172E-5	6.60013745558251E-5	0.003135567891692092	1.4618038849005567E-5	6.846053279042914E-5	3.7343157420387616E-5	5.25582473087635E-5	5.923084997772576E-5	3.792833958815428E-5	6.0345382282410025E-5	0.006088023430352966	2.071234295509197E-5	5.0578785741329514E-5	7.633291075285775E-5	3.0005085081492783E-5	5.627491169557469E-5	3.0111809841117828E-5	4.423857011651137E-5	3.836205481751994E-5	0.028314516794305772	3.9836880779942256E-5	7.048796461728685E-5
532	file:/home/ulrike/Git/johnson-topics/data/letters-leipzig-txt/uj0178.txt	1.5977107106504454E-4	1.7586409281689704E-4	1.4474854895461846E-4	1.839753995539587E-4	1.29548814716602E-4	2.161568799018653E-4	2.1859282825787235E-4	1.5581568717436676E-4	1.3819051022598825E-4	2.0985777641503795E-4	1.170448149113442E-4	1.8989386629067874E-4	1.3716483471733773E-4	0.007998344385119122	0.24456038731517704	0.03944846267167681	1.2043904217362317E-4	1.3703400025957417E-4	1.1168716323597612E-4	1.7234543632586635E-4	3.280127988132969E-4	3.817120932124554E-5	1.7876688893635255E-4	9.751195036034594E-5	1.3724220330123697E-4	1.546659710053286E-4	0.02367816351161003	1.5757628245933648E-4	1.7787527739154078E-4	5.4084900624410694E-5	0.5660310375963532	1.993235580055598E-4	7.835048156445126E-5	1.4694730641056682E-4	7.862916553714329E-5	1.1551752854349732E-4	1.0017253610817053E-4	0.11323454103363736	1.0402366081139016E-4	1.840610002358861E-4
533	file:/home/ulrike/Git/johnson-topics/data/letters-leipzig-txt/uj0527.txt	2.8944210097572306E-4	0.14270547110703413	2.622272220078917E-4	3.3329078799920644E-4	2.346913046306272E-4	3.9159092470302144E-4	3.9600390137852984E-4	2.822765070052275E-4	2.503466450345914E-4	3.8017943615670913E-4	2.12038993732865E-4	3.440127130348957E-4	2.4848852596357206E-4	2.5115469013642735E-4	0.5854337408488902	0.014510289649170002	2.1818799344497895E-4	2.482515055813297E-4	2.0233304417092382E-4	3.122218862977274E-4	5.942296875308322E-4	6.915116077695635E-5	3.2385502315100976E-4	1.766531550073206E-4	2.4862868729142715E-4	2.8019367523052723E-4	1.7942138038864756E-4	2.8546601055460364E-4	3.22239775052188E-4	9.798048647630041E-5	2.3926477284877634E-4	3.6109559145158603E-4	1.419401387579232E-4	2.6621050241869043E-4	1.4244500408821444E-4	2.0927215382777846E-4	1.8147308594690164E-4	0.2478523442557804	1.884498034326698E-4	3.3344586263854423E-4
534	file:/home/ulrike/Git/johnson-topics/data/letters-leipzig-txt/uj0271.txt	1.276625739990129E-4	1.405214511822747E-4	1.1565906280146131E-4	1.4700266389272373E-4	1.0351395302663772E-4	1.727167721410176E-4	1.746631785535397E-4	1.2450208640090086E-4	1.1041896458529984E-4	1.6768357207761468E-4	9.352282766344542E-5	1.517317221177238E-4	1.0959941462140954E-4	1.1077536442229633E-4	0.4528993886461801	0.2576070324239104	9.623493183944952E-5	1.0949487339542588E-4	8.924187993674988E-5	1.377099237782903E-4	2.620934936593002E-4	3.050010744824672E-5	1.4284088499425164E-4	7.791539792330595E-5	1.0966123477759547E-4	1.2358342368850068E-4	7.913636327837446E-5	1.2590886251094056E-4	1.4212845674263427E-4	0.06284498115854374	0.04406676697209762	1.5926636971264914E-4	6.260472614912847E-5	1.1741594553720771E-4	6.282740421624645E-5	9.230247339246754E-5	8.00412973282996E-5	0.17840075960144147	8.311847825427617E-5	1.4707106177801096E-4
535	file:/home/ulrike/Git/johnson-topics/data/letters-leipzig-txt/uj0193.txt	2.5024702065545905E-4	2.754532780830322E-4	2.2671747068245794E-4	2.881578955775589E-4	2.0291035602482463E-4	3.3856326323055053E-4	0.03727400443885255	2.4405176248016815E-4	2.1644571345980838E-4	0.27116061950615683	1.8332552958106674E-4	2.974279008284448E-4	2.1483921336884655E-4	2.171443363574726E-4	0.3830512488149547	2.3482289998386037E-4	0.04943080957181976	2.1463428932949356E-4	1.749339205085785E-4	2.6994205945176975E-4	5.137615032102318E-4	5.978698987108103E-5	2.799998838960973E-4	1.527314982200078E-4	2.1496039461576472E-4	2.4225097937229198E-4	1.551248617004574E-4	2.468093563406008E-4	2.786033661711812E-4	8.47123647196136E-5	2.0686450364811818E-4	3.121974848439877E-4	1.2271917843276013E-4	2.3016135134763194E-4	1.231556769390649E-4	1.8093336396126074E-4	1.5689873357840648E-4	0.25122080660494894	1.6293069215970064E-4	2.882919706355504E-4
536	file:/home/ulrike/Git/johnson-topics/data/letters-leipzig-txt/uj0335.txt	6.793363927013765E-5	7.477628936423229E-5	6.154615878838085E-5	7.822516519770937E-5	5.508332884148139E-5	9.190852516118914E-5	9.294427484850456E-5	6.625183529515633E-5	5.875772259439061E-5	8.92301865786983E-5	4.976670796298432E-5	8.074165946444034E-5	0.0034002191994331886	5.8947375185624135E-5	0.3880468100943028	6.374650990084898E-5	5.120991172258516E-5	5.82659819410485E-5	4.748866867950646E-5	7.328017909105339E-5	1.3946894767638538E-4	1.6230154478207934E-5	7.601053973971837E-5	4.14614586742707E-5	5.835450854497611E-5	6.57629833210797E-5	4.211117626490302E-5	0.3743595302309702	7.563143220385117E-5	0.0067067917294427225	5.61567467689281E-5	8.47511041725286E-5	3.331412448924562E-5	6.24810564194677E-5	3.343261913502239E-5	4.9117315551179876E-5	4.259272274626532E-5	0.2252671759773356	4.423019638043987E-5	7.826156206110004E-5
537	file:/home/ulrike/Git/johnson-topics/data/letters-leipzig-txt/uj0672.txt	2.7387509567271696E-5	0.024281350046594177	2.4812390897282014E-5	3.153654777325362E-5	2.2206895020658705E-5	3.705300701109927E-5	3.7470570456476455E-5	2.6709488737680665E-5	0.1037649494277965	3.59732323318616E-5	2.006349439116524E-5	3.2551074766751154E-5	2.3512411840720365E-5	2.3764688881779144E-5	0.2750028721264436	2.569946448544128E-5	2.064532332302059E-5	0.026969272113793578	1.914510074493678E-5	2.954297204610133E-5	5.622703538132678E-5	6.543201804376358E-6	3.0643719469481094E-5	1.67152254511085E-5	0.08490273938121871	2.6512407611734147E-5	1.697715969930488E-5	2.7011285050929207E-5	3.0490881915404228E-5	9.271082201689401E-6	2.2639644451919497E-5	3.4167486112911494E-5	1.3430620131307531E-5	0.09164084853512212	1.3478391357459235E-5	1.9801691239114385E-5	1.7171295609099914E-5	0.3400651552514485	0.05256210659661772	3.1551221202427154E-5
538	file:/home/ulrike/Git/johnson-topics/data/letters-leipzig-txt/uj1093.txt	1.449596451029686E-4	1.5956077850109906E-4	1.313297716899506E-4	0.22123043295801162	1.175391144319461E-4	0.02872044249621346	1.9832838695445164E-4	1.413709413331527E-4	1.2537968973621105E-4	1.904031098272938E-4	1.0619428609691015E-4	1.7228993510045912E-4	1.2444909850505971E-4	1.257843783796201E-4	0.2575440533149265	0.028660349208390477	1.0927385473257681E-4	1.2433039293190297E-4	1.0133331045050855E-4	0.02868069255105825	2.9760468267656164E-4	3.46325834800608E-5	1.6219447365302826E-4	8.847219727142848E-5	1.2451929470759746E-4	1.4032780851366334E-4	8.985859188192035E-5	1.4296832229816653E-4	1.6138551811280404E-4	4.9071011089060664E-5	1.1982961856924232E-4	1.8084545616761823E-4	7.108707430900125E-5	1.3332469541648691E-4	7.133992314770543E-5	1.0480858536662242E-4	9.088613593504084E-5	0.4307669687598889	9.438024576671819E-5	1.6699779937401292E-4
539	file:/home/ulrike/Git/johnson-topics/data/letters-leipzig-txt/uj0699.txt	6.956089702787809E-5	7.656745348071853E-5	6.302041315519411E-5	8.009894243511487E-5	5.6402774923606274E-5	9.411006864064721E-5	9.517062830033962E-5	6.783880773041604E-5	0.07192107718068394	9.136757410709827E-5	0.4380603271637674	8.267571589285993E-5	5.9718626657602356E-5	6.035937923251184E-5	0.45893701007718385	6.527347068021405E-5	5.243657537580727E-5	0.0034816098544704207	4.862619502644931E-5	7.503550592464677E-5	0.01725255068791387	1.6618925712426198E-5	7.783126864207627E-5	4.245461141862249E-5	5.9752311279367306E-5	6.733824597344319E-5	4.311989210878924E-5	6.860533315025056E-5	7.744308010178496E-5	2.3547405534798112E-5	5.750190511479304E-5	8.678120138538966E-5	3.411211894530424E-5	6.397770498507886E-5	3.423345196885177E-5	5.029385391462917E-5	4.361297337992473E-5	0.008236511842174502	4.528967046367351E-5	8.013621113577124E-5
540	file:/home/ulrike/Git/johnson-topics/data/letters-leipzig-txt/uj0717.txt	6.0278717808474865E-5	6.635032207574952E-5	0.017846559470382595	0.1483356478772273	0.03266744861791127	8.1552057447624E-5	8.247109643615273E-5	5.878642344140959E-5	5.213676489863609E-5	7.917552032486626E-5	4.4158878838045685E-5	7.164350031199368E-5	5.174979619311969E-5	0.00598295453926078	0.45996845246556	5.656340397587887E-5	4.54394590204083E-5	5.170043473295934E-5	4.2137534352446426E-5	6.502279700957874E-5	1.2375326024562536E-4	1.4401302687311017E-5	6.744549423034413E-5	3.678948447640028E-5	5.1778985951972875E-5	0.07122614656367679	3.7365990368351576E-5	5.945066400542518E-5	6.710910541886394E-5	2.0405248839516188E-5	0.0030151536192507605	7.520115140685818E-5	2.9560210974982694E-5	5.544054475438762E-5	2.9665353366754035E-5	4.3582661483010914E-5	3.7793275065205167E-5	0.00120678539247146	3.9246234338014424E-5	0.25805269577977874
541	file:/home/ulrike/Git/johnson-topics/data/letters-leipzig-txt/uj0642.txt	1.1278771233805355E-4	1.2414831157481424E-4	1.0218281439821941E-4	1.2987435274639138E-4	9.145281652423423E-5	1.5259232993648442E-4	1.5431194688976768E-4	1.0999547531119709E-4	9.755327676856033E-5	1.4814558330504527E-4	8.262582723443753E-5	1.3405239523764915E-4	0.14990441601871424	9.786814996148844E-5	0.11715901898596273	0.005654265116841763	0.03892402591042375	0.005645165998678335	7.88436827451958E-5	0.005670093515698404	2.3155514292504535E-4	2.694632606404422E-5	1.2619749188959021E-4	6.883692857193021E-5	9.688383537391956E-5	0.0112060421339439	0.21091022297939846	1.1123833807240406E-4	1.2556807364908423E-4	3.818032997334558E-5	9.323497266543464E-5	1.4070912820867334E-4	5.531021052391687E-5	1.0373499040723979E-4	5.550694280802616E-5	8.154766499664158E-5	7.071512453053525E-5	0.4516807806220629	7.343376152976945E-5	1.2993478111446085E-4
542	file:/home/ulrike/Git/johnson-topics/data/letters-leipzig-txt/uj0354.txt	1.3996899389695687E-4	1.5406744143413092E-4	1.2680836793648432E-4	1.6117343024429494E-4	1.134924935756611E-4	1.8936632772182003E-4	1.9150036386680178E-4	1.3650384153887442E-4	1.2106313460566468E-4	1.8384793711689572E-4	1.0253824346791059E-4	1.6635836033851743E-4	1.2016458164452119E-4	1.2145389068277327E-4	0.3175330927856648	1.3134192354665166E-4	1.055117891279093E-4	1.2004996285090514E-4	9.7844620838653E-5	0.2411460453913357	2.8735878860404565E-4	3.3440257544181916E-5	1.566104640828479E-4	8.542628833796268E-5	1.2023236114161925E-4	1.3549662155609154E-4	8.676495234087791E-5	1.3804622808641538E-4	1.5582935915538947E-4	4.738160090529621E-5	1.157041405439359E-4	1.7461933307464587E-4	6.863969805556147E-5	1.2873461069670987E-4	6.888384184838256E-5	1.0120024945638496E-4	8.775712024524821E-5	0.4365933008460054	9.113093533259855E-5	1.6124842155058338E-4
543	file:/home/ulrike/Git/johnson-topics/data/letters-leipzig-txt/uj0308.txt	1.5852511001554148E-4	1.7449263171198377E-4	1.4361973976051776E-4	1.8254068311635233E-4	1.2853853935154258E-4	2.1447119893881918E-4	2.1688815075965906E-4	1.546005718482526E-4	1.371128433367024E-4	2.0822121847244266E-4	1.1613205092063115E-4	1.8841299519580196E-4	1.3609516647088935E-4	1.375554031379001E-4	0.32063734979129527	1.487543226553011E-4	0.08590206015053288	0.007934379928854589	1.1081618043418428E-4	1.7100141516302256E-4	3.2545481902173957E-4	3.787353440607058E-5	1.773727906238686E-4	9.675151174526897E-5	0.007934586508242617	1.5345982164254593E-4	9.82676465150324E-5	1.563474372812886E-4	1.764881322355245E-4	5.3663124147010574E-5	1.3104339109906179E-4	1.9776915026536144E-4	0.00787615404856706	1.4580135039427136E-4	0.17944155124312924	1.1461667496505783E-4	9.939134914241559E-5	0.385296001317177	1.0321244117861357E-4	1.8262561624867403E-4
544	file:/home/ulrike/Git/johnson-topics/data/letters-leipzig-txt/uj0509.txt	1.3353284279142563E-4	1.4698300576087994E-4	1.20977377838164E-4	1.537622420777732E-4	1.0827380322389478E-4	1.8065875424012139E-4	1.826946616587948E-4	1.302270274662058E-4	0.19061521942653026	1.7539411408952114E-4	9.782325902256214E-5	1.58708755129557E-4	1.1463909072353589E-4	1.1586911386166906E-4	0.5853971731158184	1.253024683580282E-4	1.0066007304897465E-4	1.1452974241057921E-4	9.334546179601111E-5	1.4404219675883884E-4	2.7414525799654833E-4	3.190258448838584E-5	1.4940909338294393E-4	8.149815765115804E-5	1.1470375353690968E-4	1.2926612216944882E-4	8.27752662798263E-5	1.3169849092852103E-4	1.4866390576261497E-4	4.5202867354685957E-5	1.1038375271129473E-4	1.6658986610253282E-4	6.548345997579887E-5	1.2281504677124697E-4	6.571637737984396E-5	9.654678957727591E-5	8.372181163325303E-5	0.2194488865889893	8.694048962130912E-5	1.5383378508193818E-4
545	file:/home/ulrike/Git/johnson-topics/data/letters-leipzig-txt/uj0455.txt	3.680504258328738E-4	4.051224906893189E-4	3.3344437592052676E-4	4.2380778758778693E-4	2.9843009816951275E-4	4.979414055639555E-4	5.035528834351296E-4	3.589387592740149E-4	3.183372045746065E-4	4.834307203364132E-4	2.696257444009526E-4	4.374416337415797E-4	3.1597444700398543E-4	3.193647031410567E-4	0.30989209082768665	3.4536542376407617E-4	2.7744472427589345E-4	3.1567305528411717E-4	2.572837980934095E-4	3.9701687425168334E-4	7.556139511183356E-4	8.793162461507636E-5	4.1180940428856905E-4	2.2462961920877684E-4	3.161526741389754E-4	0.4167876400004678	2.2814965491527628E-4	3.629944862590875E-4	4.097554779641227E-4	1.245905818446888E-4	3.042456547853213E-4	4.5916397701686374E-4	1.8048904543092905E-4	3.385094581821055E-4	1.8113102494660957E-4	2.6610747044617677E-4	2.307585742875912E-4	0.26084835489056396	2.3963006821641668E-4	4.2400497827584424E-4
546	file:/home/ulrike/Git/johnson-topics/data/letters-leipzig-txt/uj0987.txt	3.0235762830605275E-4	3.3281275298370424E-4	2.739283630692034E-4	3.4816293778957826E-4	2.451637340005406E-4	4.090645516331105E-4	0.3573908325511177	2.948722901640908E-4	2.615176492703291E-4	3.9714385799292E-4	2.2150062840667537E-4	0.030107459806976766	2.5957661694113525E-4	2.623617510776744E-4	0.5818089534735038	2.837216400223329E-4	2.2792400967409273E-4	2.5932902020108466E-4	2.1136157855831605E-4	3.2615389650637226E-4	6.20745490670478E-4	7.223683388369528E-5	3.38306128876373E-4	1.8453579766294928E-4	2.597230325680521E-4	2.926965179684223E-4	1.8742754719797922E-4	2.982041162025702E-4	3.36618804943057E-4	1.0235258592782354E-4	2.499412801795903E-4	3.7720845120672473E-4	1.4827381217730082E-4	2.7808938599512554E-4	1.4880120568144627E-4	2.186103261708072E-4	1.8957080425866538E-4	0.020927275370199408	1.9685883784205605E-4	3.483249321919217E-4
547	file:/home/ulrike/Git/johnson-topics/data/letters-leipzig-txt/uj0953.txt	5.181556470274041E-4	5.703471360302064E-4	4.694359093914064E-4	5.966530208350273E-4	4.201414527902006E-4	7.010212000104717E-4	7.089212559349783E-4	5.053278898780417E-4	4.481674483489141E-4	6.805924952321153E-4	3.795895677315706E-4	6.158472775983613E-4	0.255344052320938	4.496140006340091E-4	0.3343184055674366	4.862188223431872E-4	3.9059743049120753E-4	0.280833549135422	3.622140976174119E-4	5.589357352138788E-4	0.00106378259136274	1.2379354742897333E-4	5.79761232032935E-4	3.1624227962582363E-4	0.10240477648346748	5.015992303560477E-4	3.211979222526005E-4	5.110376994384063E-4	5.768696349883676E-4	1.7540344751175473E-4	4.283288186770074E-4	6.464288339415868E-4	2.5409946994352407E-4	4.7656672841044783E-4	2.550032735747059E-4	3.746364053671169E-4	3.248708600092818E-4	0.010373523004355525	3.373604928262741E-4	5.969306335244486E-4
548	file:/home/ulrike/Git/johnson-topics/data/letters-leipzig-txt/uj0811.txt	3.5518854368848615E-4	3.909650889759654E-4	3.217918360407165E-4	4.0899740989703263E-4	2.880011664754159E-4	0.017953529438052597	4.859557353662121E-4	3.463952932302303E-4	0.0876721580094468	0.01793952584291416	2.6020340902467847E-4	4.221548079608444E-4	3.049324108786184E-4	3.0820419119875336E-4	0.6310494011459555	3.3329629120663385E-4	2.6774914699964527E-4	3.046415515872114E-4	2.482927641032994E-4	3.831427312333648E-4	0.22787806634814947	8.485876798135736E-5	3.9741832183859193E-4	2.167797174409308E-4	3.0510440969204076E-4	3.43839348596364E-4	2.2017674205649458E-4	3.503092888686436E-4	3.9543617197863005E-4	1.2023664209211062E-4	2.936134927767172E-4	4.431180427023605E-4	1.7418167919046784E-4	3.266799140481835E-4	1.748012241040117E-4	2.56808084594701E-4	2.2269449018939307E-4	0.0071109068288146655	2.312559610851002E-4	4.09187709563611E-4
549	file:/home/ulrike/Git/johnson-topics/data/letters-leipzig-txt/uj0638.txt	6.0278717808474865E-5	6.635032207574952E-5	5.46109935763622E-5	6.941057050872314E-5	4.887641043318352E-5	8.1552057447624E-5	8.247109643615273E-5	0.0030241111695757817	5.213676489863609E-5	7.917552032486626E-5	4.4158878838045685E-5	7.164350031199368E-5	0.3380987708555115	5.230504699203539E-5	0.2553610449822883	5.656340397587887E-5	4.54394590204083E-5	5.170043473295934E-5	4.2137534352446426E-5	6.502279700957874E-5	1.2375326024562536E-4	1.4401302687311017E-5	6.744549423034413E-5	3.678948447640028E-5	5.1778985951972875E-5	0.06826082181754242	3.7365990368351576E-5	5.945066400542518E-5	6.710910541886394E-5	2.0405248839516188E-5	4.9828873116388554E-5	7.520115140685818E-5	2.9560210974982694E-5	5.544054475438762E-5	2.9665353366754035E-5	4.3582661483010914E-5	3.7793275065205167E-5	0.33332315695952114	3.9246234338014424E-5	6.944286608836543E-5
550	file:/home/ulrike/Git/johnson-topics/data/letters-leipzig-txt/uj0737.txt	3.4908891685562945E-4	3.842510741525607E-4	3.162657284210135E-4	4.019737273478432E-4	2.8305534354800704E-4	4.722880717568375E-4	0.051996390615758205	3.4044667224313155E-4	3.019368601145428E-4	4.585249593315421E-4	2.557349549489758E-4	4.149051743788677E-4	2.996958289317801E-4	3.029114232082306E-4	0.723249996348074	3.2757261842140294E-4	2.6315111051864354E-4	2.9940996454567054E-4	2.4402885066002994E-4	0.08624119665356131	7.166856420828576E-4	8.340149457718977E-5	3.905934861201247E-4	2.130569752387457E-4	2.998648740221835E-4	3.379346206591652E-4	2.163956629995174E-4	3.4429345312126053E-4	3.886453755744577E-4	1.1817182704829873E-4	2.8857128978100247E-4	4.3550840902633535E-4	1.7119046997761097E-4	3.210698638230523E-4	1.7179937549175424E-4	0.03459825137992665	2.1887017402822802E-4	0.09285342535129952	2.2728461941162026E-4	4.021607590121924E-4
551	file:/home/ulrike/Git/johnson-topics/data/letters-leipzig-txt/uj0037.txt	3.4319524997682507E-4	0.017260760027921467	3.1092621530989757E-4	3.951872064111178E-4	2.7827652124060216E-4	4.643144340062044E-4	4.695469576376579E-4	3.346989123478258E-4	2.968392612335012E-4	4.507836841565555E-4	2.5141738266019805E-4	4.079003318702395E-4	2.9463606537182284E-4	0.16912776000296173	0.778571354415229	3.2204221112866184E-4	2.5870833130309565E-4	2.9435502723307576E-4	2.3990891248621928E-4	3.7020553663398077E-4	7.045858410656708E-4	8.199342745589628E-5	3.839990977535213E-4	2.0945993512193743E-4	2.9480225647459665E-4	0.017215225534939326	2.1274225582971996E-4	3.384807480387639E-4	3.8208387715091724E-4	1.1617673253382466E-4	2.836993417739578E-4	4.281557221841437E-4	1.6830026191268043E-4	3.156492425118958E-4	1.6889888727730378E-4	2.4813670472954803E-4	2.1517498969797957E-4	0.006870800001976728	2.2344737403140697E-4	3.9537108042057666E-4
552	file:/home/ulrike/Git/johnson-topics/data/letters-leipzig-txt/uj1231.txt	1.2686583416275058E-4	0.11871830392691059	1.1493723666344686E-4	1.460852229020625E-4	1.0286792430105407E-4	1.7163884986164652E-4	0.012655537263269434	1.237250711110937E-4	1.0972984180633543E-4	1.6663706190963047E-4	9.293915337218492E-5	1.5078476715943813E-4	1.0891540663908117E-4	1.100840173583369E-4	0.5811334753009152	1.1904638468397571E-4	9.563433135463496E-5	1.0881151785301522E-4	8.868492296352529E-5	1.368504786121317E-4	2.6045777286281093E-4	3.0309756824308275E-5	1.4194941759110521E-4	7.742912932132547E-5	1.0897684097678034E-4	1.228121417562166E-4	7.864247465349607E-5	1.2512306755664394E-4	1.412414355914375E-4	4.294598507468183E-5	1.0487252853297603E-4	1.582723911537652E-4	6.221401117528116E-5	1.1668315472552765E-4	6.243529951257325E-5	0.006332708492551741	7.954176102623453E-5	0.002539865495443387	8.259973732120366E-5	0.274749364592539
553	file:/home/ulrike/Git/johnson-topics/data/letters-leipzig-txt/uj0723.txt	6.387765991629905E-5	7.031176944337316E-5	5.7871544090335695E-5	7.355473007305982E-5	5.1794577540622395E-5	8.642112474365542E-5	8.739503497422112E-5	6.22962680828284E-5	5.524959153764351E-5	8.390269642226474E-5	4.679538562290309E-5	7.592097699694895E-5	5.483951885746862E-5	5.542792091694979E-5	0.4214411185779345	5.994052319360118E-5	4.8152422871844226E-5	5.478721027029672E-5	4.465335672250331E-5	0.00949601355088178	0.05983616287187494	1.5261132765541354E-5	7.147232887436955E-5	3.898600141672322E-5	5.48704513914848E-5	6.183660302609111E-5	3.959692760501434E-5	6.300016714361487E-5	7.111585596186246E-5	2.1623544648370312E-5	5.280390702825431E-5	7.969103772486065E-5	3.132510398966249E-5	5.875062363879986E-5	0.028312762223159413	4.618476519863113E-5	4.004972334363264E-5	0.0012788365395756882	0.006326328475857838	0.4714290172746822
554	file:/home/ulrike/Git/johnson-topics/data/letters-leipzig-txt/uj0159.txt	5.1694433899943844E-5	5.690138183899105E-5	4.6833849495826585E-5	5.9525820713726367E-5	4.191592754896819E-5	0.0026129714972453694	7.072639894100725E-5	5.0414656968347123E-5	4.4711975383632463E-5	6.790014537024566E-5	3.7870218979144186E-5	6.144075929097253E-5	4.438011483822033E-5	4.485629244726701E-5	0.2978291446743691	4.850821739900696E-5	3.896843191394911E-5	4.4337782936809094E-5	3.613673388359466E-5	5.576290943482131E-5	1.0612957548295088E-4	1.235041515328342E-5	5.784059067774957E-5	3.1550299054484865E-5	4.440514768753185E-5	5.004266267608977E-5	3.2044704821692716E-5	5.098430312504321E-5	5.7552106950623935E-5	1.7499340160118185E-5	4.273275015252037E-5	6.449176578296329E-5	2.5350545397629463E-5	0.015305744806866724	2.5440714475856625E-5	0.002580409317735348	3.241113996366333E-5	0.1409017563900226	0.5391567076838298	5.955351708431579E-5
555	file:/home/ulrike/Git/johnson-topics/data/letters-leipzig-txt/uj0648.txt	5.33216176644458E-5	5.869246450923253E-5	4.830803682663746E-5	6.139951274837567E-5	4.323531363439731E-5	7.213968354117435E-5	7.295265115804953E-5	5.200155724218723E-5	4.611937256228958E-5	7.003743570923334E-5	3.906225844707353E-5	6.337472777567339E-5	0.40400013093053355	4.6268232288744295E-5	0.45671947406828234	5.0035108745749836E-5	4.019503978939674E-5	4.573340167379784E-5	3.727420850593649E-5	5.751815645173145E-5	1.0947021216529844E-4	1.2739168709636874E-5	5.9661236789518674E-5	3.2543406639065556E-5	4.5802886862262264E-5	5.161785369949065E-5	3.305337479813621E-5	5.2589134129674965E-5	5.936367247089241E-5	1.8050166236541712E-5	4.407784733252403E-5	6.652177068502325E-5	2.6148503567983608E-5	4.9041844916058085E-5	2.6241510894917302E-5	3.8552545523278344E-5	3.3431344205380174E-5	0.13746767505195365	3.471660941412113E-5	6.142808091658738E-5
556	file:/home/ulrike/Git/johnson-topics/data/letters-leipzig-txt/uj0730.txt	1.3180124958111307E-4	1.4507699695071467E-4	1.1940859819049942E-4	1.5176832321243315E-4	1.0686975775764149E-4	1.7831605363039687E-4	1.8032556032705085E-4	1.2853830256643044E-4	1.1399862194465634E-4	0.4216183473791782	9.655473146340055E-5	1.56650692131312E-4	1.1315250310221679E-4	1.1436657585938006E-4	0.4740656449162358	1.236776029023959E-4	9.935475897494249E-5	1.130445727684802E-4	9.21350002759794E-5	1.4217432302311898E-4	2.705902668987576E-4	3.1488886273499496E-5	1.474716241712312E-4	8.044132658629293E-5	1.1321632739761811E-4	1.275898578527992E-4	8.170187425075191E-5	1.2999068475939423E-4	1.4673609980525075E-4	4.461669711699923E-5	1.0895234637912929E-4	1.6442960443941075E-4	6.463430023118847E-5	1.2122243706813829E-4	6.486419726820642E-5	9.529481469368404E-5	8.263614523427094E-5	0.0998952639661486	8.581308486917142E-5	1.5183893847943875E-4
557	file:/home/ulrike/Git/johnson-topics/data/letters-leipzig-txt/uj0721.txt	0.17205662040013064	1.4795491508345893E-4	1.2177732774212335E-4	1.5477897837162173E-4	1.0898975210655395E-4	1.8185334082883986E-4	1.839027104664268E-4	0.013355873107820245	1.1626003283747928E-4	1.765538888112765E-4	9.847010480528999E-5	1.597581997091315E-4	1.153971293854166E-4	1.166352859193036E-4	0.5760432640153877	1.2613101745803402E-4	1.0132567695944944E-4	1.1528705801849719E-4	9.396269862601294E-5	1.4499466029807564E-4	2.7595801404006764E-4	3.2113536898279195E-5	1.5039704494908076E-4	8.203705545627597E-5	1.1546221977469156E-4	1.3012088050412673E-4	8.332260882844178E-5	1.3256933304009992E-4	1.496469298557319E-4	4.550176645504041E-5	1.1111365340808613E-4	0.00678008390774927	6.591646231437363E-5	1.2362714806344764E-4	0.039740505824268905	9.71851948430376E-5	8.427541311124933E-5	0.0026910167830569128	8.751537426144226E-5	0.1853018405483558
558	file:/home/ulrike/Git/johnson-topics/data/letters-leipzig-txt/uj0701.txt	0.005095748827341632	1.1174781492041115E-4	0.0050862031947253045	1.1690191311918092E-4	8.231809426374584E-5	0.010125804442590182	1.388985694795735E-4	9.90086281580322E-5	8.780921285943826E-5	1.3334813026814475E-4	7.437278471464068E-5	1.2066263376950834E-4	8.715747665181792E-5	8.809263508919226E-5	0.41010448325870325	9.526459858851497E-5	7.652954948582041E-5	8.707434163239928E-5	7.096841797759213E-5	1.095119851496484E-4	2.0842636462167319E-4	2.4254804754032116E-5	0.03507318035802848	0.3097040267183417	8.720663830873004E-5	9.827807385549786E-5	6.293214027255721E-5	1.0012734814744689E-4	1.1302576471686033E-4	3.43667053811725E-5	8.392224056344097E-5	1.2665446204799714E-4	4.978557573947327E-5	9.33734688917875E-5	4.996265751041839E-5	7.340231421306811E-5	6.36517770388687E-5	0.22177846090821174	6.609886423943147E-5	1.1695630562766784E-4
559	file:/home/ulrike/Git/johnson-topics/data/letters-leipzig-txt/uj0505.txt	3.0374949813792542E-5	3.343448196067154E-5	2.7518936192934905E-5	0.5080806323278426	2.4629231807872764E-5	4.109476349602833E-5	4.1557874925209283E-5	2.9622970207142048E-5	2.627215167849703E-5	3.9897206572808034E-5	2.2252028200082257E-5	3.610175872313065E-5	2.6077154912857198E-5	0.007497616593977935	0.4514369819014523	2.8502772114755188E-5	2.289732325920067E-5	2.605228126043695E-5	2.1233455816018846E-5	3.2765530982158526E-5	6.236030237400941E-5	7.25693681425331E-6	0.0015282382770738065	1.8538528775554793E-5	2.6091863876360025E-5	2.9404391394958813E-5	1.8829034913907227E-5	2.9957686580180463E-5	3.3816839230444154E-5	1.0282375471349376E-5	2.5109185716212126E-5	3.7894488850616874E-5	1.4895637423860074E-5	2.7936953966314815E-5	1.4948619554029199E-5	2.196166745789413E-5	1.9044347244610198E-5	0.03049314782177544	1.9776505568436733E-5	3.4992840741271645E-5
560	file:/home/ulrike/Git/johnson-topics/data/letters-leipzig-txt/uj0686.txt	1.5490115963195114E-4	1.7050365709739854E-4	1.4033653238128776E-4	1.7836772667724E-4	1.2560009452760587E-4	2.0956829753987225E-4	0.007832069551241154	1.5106633805022634E-4	1.3397838633391913E-4	2.0346119424359413E-4	1.1347722361636564E-4	1.8410579524403225E-4	1.3298397398732245E-4	1.3441082903277793E-4	0.37426856217128446	1.453537365614353E-4	1.167679929369728E-4	1.3285712743686562E-4	1.0828287615479847E-4	1.6709225122039058E-4	3.1801478560293593E-4	3.700772955329145E-5	1.73317974370741E-4	9.453973168047143E-5	1.3305898433359591E-4	0.2744749756246662	9.602120697464819E-5	1.527732694081148E-4	1.724535396435284E-4	5.243636266223287E-5	1.2804768431548747E-4	1.9324806469162345E-4	7.596231514974558E-5	1.424682704825936E-4	7.623250467938364E-5	1.1199648978956893E-4	9.711922128951642E-5	0.33838727564574206	1.0085296156201616E-4	1.7845071820259844E-4
561	file:/home/ulrike/Git/johnson-topics/data/letters-leipzig-txt/uj0860.txt	9.715503529672145E-5	1.0694102525040721E-4	8.80200044293998E-5	1.1187342187946236E-4	0.004858179311116122	1.3144262698186005E-4	1.3292390044977408E-4	0.12913860646397163	8.403213303372051E-5	1.2761221126566784E-4	7.11736677247436E-5	1.1547237656428398E-4	8.340843101068434E-5	8.430336396427819E-5	0.18217030288301111	9.116682818702226E-5	7.323766008126698E-5	8.332887201244196E-5	6.791573852543307E-5	1.0480136884512496E-4	1.9946098398194005E-4	2.3211493571413644E-5	1.087061837209921E-4	5.9295947107062225E-5	8.345547799766064E-5	9.405067996387729E-5	6.022513824313216E-5	9.582040842694477E-5	1.0816400452340829E-4	3.288843464687722E-5	8.031235736965108E-5	1.2120646863295078E-4	0.15776791331221987	8.935704471346114E-5	4.781353283913895E-5	7.024494164193505E-5	0.22947221453872174	0.2934885806065764	6.325564678545816E-5	1.1192547471492652E-4
562	file:/home/ulrike/Git/johnson-topics/data/letters-leipzig-txt/uj0327.txt	1.0306617140738542E-4	1.1344756352851579E-4	9.337534422269392E-5	1.1868005852856201E-4	8.357019987535248E-5	1.3943989914032352E-4	1.4101129669762946E-4	1.0051460640039715E-4	8.91448415466112E-5	1.353764321099129E-4	7.550403759318342E-5	1.2249798190536258E-4	8.84831920560104E-5	8.943257479167118E-5	0.3301491457782639	9.671362798535643E-5	7.769360799837427E-5	8.839879250507817E-5	0.07105473490391878	1.111777254995735E-4	0.040773132087031996	2.462373429999128E-5	1.1532011830588656E-4	6.290364909687772E-5	8.85331014900309E-5	9.97729399462761E-5	6.388937436173837E-5	0.16741798402201857	1.1474495167719843E-4	3.4889442757991854E-5	8.519874616391582E-5	1.2858094934199615E-4	5.054284301245868E-5	9.479373311705003E-5	5.0722618299101615E-5	7.451880567649567E-5	6.461995721762442E-5	0.3873979807458082	6.71042660235137E-5	1.1873527837842161E-4
563	file:/home/ulrike/Git/johnson-topics/data/letters-leipzig-txt/uj0912.txt	1.1871589281030921E-4	1.3067361101643625E-4	1.0755359595197624E-4	1.3670061587238119E-4	9.625962384227599E-5	1.606126616888845E-4	1.6242266259828227E-4	1.1577689436172175E-4	1.0268072743100996E-4	1.559321917555084E-4	8.69686834318134E-5	1.410982584370467E-4	1.0191861209353724E-4	1.0301215052174926E-4	0.6606022425316618	1.1139876970711817E-4	8.949072147760264E-5	1.0182139718873492E-4	8.298774747283098E-5	1.280591173910199E-4	2.4372580095226277E-4	2.8362638893345262E-5	1.3283049730799254E-4	7.245503312668047E-5	1.0197609985056259E-4	1.1492261216547704E-4	7.359043238800616E-5	1.1708508263222354E-4	1.3216799651935343E-4	4.0187107856151344E-5	9.813545103164084E-5	1.481048727345896E-4	5.821734378468793E-5	1.0918735513451289E-4	5.84244164193615E-5	8.583385242938404E-5	7.443194803590577E-5	0.002376702931088998	0.19279918916158226	0.14029814289935463
564	file:/home/ulrike/Git/johnson-topics/data/letters-leipzig-txt/uj0634.txt	2.8944210097572306E-4	3.185963026459859E-4	2.622272220078917E-4	3.3329078799920644E-4	2.346913046306272E-4	3.9159092470302144E-4	3.9600390137852984E-4	2.822765070052275E-4	2.503466450345914E-4	3.8017943615670913E-4	2.12038993732865E-4	3.440127130348957E-4	0.2138288007325458	2.5115469013642735E-4	0.42880817856406334	2.716021687311862E-4	2.1818799344497895E-4	2.482515055813297E-4	2.0233304417092382E-4	0.0715056592884918	5.942296875308322E-4	6.915116077695635E-5	3.2385502315100976E-4	1.766531550073206E-4	2.4862868729142715E-4	2.8019367523052723E-4	1.7942138038864756E-4	2.8546601055460364E-4	3.22239775052188E-4	9.798048647630041E-5	2.3926477284877634E-4	3.6109559145158603E-4	1.419401387579232E-4	2.6621050241869043E-4	1.4244500408821444E-4	2.0927215382777846E-4	1.8147308594690164E-4	0.276329719216658	1.884498034326698E-4	3.3344586263854423E-4
565	file:/home/ulrike/Git/johnson-topics/data/letters-leipzig-txt/uj1062.txt	0.06677533143489806	4.946895503155254E-4	4.071643815644506E-4	5.175059116201953E-4	3.6440892435495357E-4	6.080294618617387E-4	6.148815609885321E-4	4.3829522551056075E-4	3.887172205911437E-4	5.903106619556433E-4	3.2923632066007304E-4	5.341540152873478E-4	3.858320895333089E-4	3.8997188508267124E-4	0.8426863778706544	4.217210105656723E-4	3.387839703886261E-4	3.8546406421307363E-4	3.1416573828260886E-4	4.8479189258800355E-4	9.226698943691156E-4	1.0737210803905775E-4	5.028548493483768E-4	2.742921656234458E-4	3.8604972025806127E-4	4.3506117946089817E-4	2.785904332357423E-4	4.432476184400037E-4	5.003468279149265E-4	1.52135860937833E-4	3.715102212545993E-4	5.606788725184673E-4	2.2039271275505805E-4	4.133492844614193E-4	2.211766251895008E-4	3.2494020429878814E-4	2.8177614911368323E-4	0.05321472968145483	0.022401245701928602	5.177466984810666E-4
566	file:/home/ulrike/Git/johnson-topics/data/letters-leipzig-txt/uj1218.txt	4.813471447653552E-4	5.298310788046242E-4	4.3608833741790894E-4	5.542682582775658E-4	3.9029563772646807E-4	6.512223787984259E-4	6.585612341878506E-4	4.694306399216623E-4	4.1633073551761466E-4	6.322448789434525E-4	3.5262445880599195E-4	5.720990022671904E-4	4.1324065184818935E-4	0.2845678326764399	0.6657569462991708	4.5167903352733095E-4	3.628503500796229E-4	4.128464829147172E-4	3.3648329933704245E-4	5.192303158249594E-4	9.882140934699963E-4	0.023794179404088425	5.385764205903535E-4	2.937772061836211E-4	4.134737425241558E-4	4.6596685519788213E-4	2.9838081215136694E-4	4.747348386596335E-4	5.358902354851647E-4	1.6294321817420565E-4	3.9790139328538666E-4	6.005081200925799E-4	2.3604886880107054E-4	4.4271260059895376E-4	2.3688846844606862E-4	3.480231569088365E-4	3.0179283344694086E-4	0.009636613453795245	3.1339523347889296E-4	5.545261500445863E-4
567	file:/home/ulrike/Git/johnson-topics/data/letters-leipzig-txt/uj0905.txt	0.23215953762380354	1.5731709656599467E-4	1.2948306325038194E-4	1.645729678742969E-4	1.158863248792973E-4	1.9336052177706755E-4	1.955395699080054E-4	1.3938303785087112E-4	0.01418522976087414	1.8772573496161367E-4	1.0470102313112873E-4	1.6986726069001466E-4	1.226991434297659E-4	1.2401564711533422E-4	0.6054628962736373	1.3411224251806594E-4	0.007138543843977631	1.225821070484531E-4	0.007130714956557154	1.5416952497184115E-4	2.9341988076849574E-4	3.4145593490101125E-5	1.5991375771564294E-4	8.722813546224441E-5	1.2276835256046163E-4	1.3835457316151365E-4	8.859503512810323E-5	1.4095795706276269E-4	1.5911617739525002E-4	4.8380993516120116E-5	1.1814462083358383E-4	0.01423991558915704	7.008747537281636E-5	1.314499351312881E-4	7.033676874897492E-5	1.0333480758839908E-4	8.960813025429337E-5	0.052076942840415204	9.305310726534745E-5	0.06344190854415055
568	file:/home/ulrike/Git/johnson-topics/data/letters-leipzig-txt/uj0526.txt	5.974720818365655E-5	6.576527587577713E-5	5.412945930088286E-5	6.879854046510582E-5	4.8445441037743674E-5	8.083296943392618E-5	8.174390476521489E-5	5.826807217244213E-5	5.167704721786918E-5	7.84773875073041E-5	4.37695064363602E-5	7.10117813346178E-5	5.129349062194906E-5	5.184384547824121E-5	0.6616551178122011	0.3292439889273785	4.503879505982736E-5	5.1244564408126456E-5	4.17659852238535E-5	6.444945630659618E-5	1.226620617046712E-4	1.4274318715744994E-5	6.685079131300675E-5	3.6465091957743196E-5	5.132242299912027E-5	5.783812993793289E-5	3.7036514489572096E-5	5.892645577290898E-5	6.651736862120335E-5	2.0225324870504843E-5	4.9389505349154996E-5	7.453806272111069E-5	2.929956281894885E-5	5.4951695883451865E-5	2.940377811413893E-5	4.319836989726384E-5	3.7460031589217716E-5	0.007074500312213181	3.890017934469476E-5	6.883055127738671E-5
569	file:/home/ulrike/Git/johnson-topics/data/letters-leipzig-txt/uj0558.txt	9.856832832235209E-5	1.084966729291775E-4	8.93004121611877E-5	1.1350082005200992E-4	7.992316767757674E-5	1.3335469409620653E-4	0.00498378452946712	9.612811448778034E-5	8.52545300734901E-5	1.294685581612894E-4	7.220901548512186E-5	0.29105277297647447	8.46217551936891E-5	0.004934456720683204	0.33998595884403315	9.24930120749914E-5	7.430303228652885E-5	8.454103886811935E-5	6.890369390309724E-5	1.0632589141066159E-4	2.023624992424323E-4	2.354914608606469E-5	1.1028750877353918E-4	6.015851226633197E-5	8.466948656288366E-5	9.541881461220315E-5	6.110122014240487E-5	9.721428692772744E-5	1.0973744261388235E-4	3.33668555045135E-5	8.148064364730852E-5	1.2296963259308006E-4	4.833713600076675E-5	9.065690207750618E-5	4.850906583221478E-5	7.126677942733831E-5	6.179992011177716E-5	0.35594501889681923	6.41758128289433E-5	1.1355363008867422E-4
570	file:/home/ulrike/Git/johnson-topics/data/letters-leipzig-txt/uj0684.txt	1.0574695827967142E-4	0.27062400616681026	9.580406931812759E-5	1.217669680213765E-4	8.57438897648763E-5	1.4306677928910413E-4	1.4467904944199834E-4	1.0312902618170544E-4	9.146352979986524E-5	1.3889762007160297E-4	0.31220163076164864	1.2568419690965732E-4	9.07846705764856E-5	9.175874708644479E-5	0.12545159498387562	9.922918299951812E-5	7.971444569456962E-5	9.069807576395516E-5	7.392187905081643E-5	1.1406949670772101E-4	2.1710035189778987E-4	2.526420617118514E-5	1.183196345879354E-4	6.453979483136175E-5	9.083587817219872E-5	1.0236806872582628E-4	6.555115915231265E-5	1.042943034431396E-4	1.1772950767570797E-4	3.5796929267384946E-5	8.7414795107353E-5	1.319253844395183E-4	5.185747989268437E-5	0.0625220919185687	5.20419311968975E-5	7.645706566295002E-5	6.630074472172179E-5	0.22580604705377316	6.88496712614668E-5	1.218236241586869E-4
571	file:/home/ulrike/Git/johnson-topics/data/letters-leipzig-txt/uj0296.txt	1.1667178306440417E-4	1.2842360728493833E-4	1.0570168422821185E-4	1.3434683615038182E-4	9.460217739112937E-5	1.5784715237667648E-4	0.023117627622506576	1.1378338976420704E-4	1.0091271919984818E-4	1.5324727312058669E-4	8.547121304951542E-5	1.3866875790115595E-4	1.0016372634624812E-4	1.0123843568169325E-4	0.2130256309489597	1.0948064985433652E-4	0.3329789735288691	1.0006818533640332E-4	8.155882284122354E-5	1.258541313212167E-4	2.3952920794974804E-4	2.7874276760786395E-5	1.3054335522723904E-4	7.120746604995577E-5	1.0022022425025863E-4	1.1294381702700576E-4	7.232331543770827E-5	1.150690529933693E-4	1.2989226170924135E-4	3.94951460902591E-5	9.64457056477343E-5	1.4555472880182618E-4	5.721492837935434E-5	1.0730731252626093E-4	5.7418435533613906E-5	0.005823856330816938	7.315034144739278E-5	0.42131930950245783	7.596260015563595E-5	1.3440934549031067E-4
572	file:/home/ulrike/Git/johnson-topics/data/letters-leipzig-txt/uj0389.txt	3.4908891685562945E-4	3.842510741525607E-4	3.162657284210135E-4	4.019737273478432E-4	2.8305534354800704E-4	4.722880717568375E-4	4.776104531331792E-4	0.3437989810897434	3.019368601145428E-4	4.585249593315421E-4	2.557349549489758E-4	4.149051743788677E-4	2.996958289317801E-4	3.029114232082306E-4	0.4828290222558239	3.2757261842140294E-4	2.6315111051864354E-4	2.9940996454567054E-4	2.4402885066002994E-4	3.765630491862583E-4	7.166856420828576E-4	8.340149457718977E-5	3.905934861201247E-4	2.130569752387457E-4	0.08616449847839723	3.379346206591652E-4	2.163956629995174E-4	3.4429345312126053E-4	3.886453755744577E-4	1.1817182704829873E-4	2.8857128978100247E-4	4.3550840902633535E-4	1.7119046997761097E-4	3.210698638230523E-4	1.7179937549175424E-4	0.06894410482167666	2.1887017402822802E-4	0.006988791746924462	2.2728461941162026E-4	4.021607590121924E-4
573	file:/home/ulrike/Git/johnson-topics/data/letters-leipzig-txt/uj0589.txt	1.1871589281030921E-4	1.3067361101643625E-4	1.0755359595197624E-4	1.3670061587238119E-4	9.625962384227599E-5	1.606126616888845E-4	1.6242266259828227E-4	1.1577689436172175E-4	1.0268072743100996E-4	1.559321917555084E-4	8.69686834318134E-5	1.410982584370467E-4	1.0191861209353724E-4	0.3271462290681135	0.6547621850867048	1.1139876970711817E-4	8.949072147760264E-5	1.0182139718873492E-4	8.298774747283098E-5	1.280591173910199E-4	2.4372580095226277E-4	2.8362638893345262E-5	1.3283049730799254E-4	7.245503312668047E-5	1.0197609985056259E-4	1.1492261216547704E-4	0.011753705322301997	1.1708508263222354E-4	1.3216799651935343E-4	4.0187107856151344E-5	9.813545103164084E-5	1.481048727345896E-4	5.821734378468793E-5	1.0918735513451289E-4	5.84244164193615E-5	8.583385242938404E-5	7.443194803590577E-5	0.002376702931088998	7.72934780013676E-5	1.3676422038671812E-4
574	file:/home/ulrike/Git/johnson-topics/data/letters-leipzig-txt/uj0353.txt	4.214671640988802E-4	4.6391965687070104E-4	3.8183858960609E-4	4.853168311201854E-4	3.4174253941596873E-4	0.04203715057777143	5.766356750571699E-4	4.1103308225782104E-4	3.645388496307527E-4	5.535930960476237E-4	3.087576861338031E-4	5.009294158935793E-4	3.6183317491107444E-4	3.657154734749921E-4	0.479268882667977	3.9548979029778355E-4	3.1771146812326865E-4	3.614880409170889E-4	2.9462450017720575E-4	4.54637637523725E-4	8.652794475396304E-4	1.0069351876786591E-4	4.71577070946157E-4	2.572310801333635E-4	3.6203726891525796E-4	4.0800019520227974E-4	2.612619937327375E-4	4.1567743431064017E-4	4.692250494771599E-4	1.4267294782958572E-4	3.4840213272841966E-4	5.258044160979633E-4	2.0668419539671978E-4	0.4150570467735777	2.0741934815539723E-4	3.047287899767432E-4	2.6424955677311143E-4	0.0499047516134946	2.7440860869932865E-4	4.8554264093929957E-4
575	file:/home/ulrike/Git/johnson-topics/data/letters-leipzig-txt/uj0088.txt	7.464918752904818E-4	8.216826461011759E-4	6.763027564027497E-4	8.595807745723833E-4	6.052856565008872E-4	0.0010099409959465797	0.0010213223783474413	7.280112960569374E-4	6.456618988549541E-4	0.331483848435794	5.468637269172851E-4	8.872333859224058E-4	6.408696769039581E-4	6.47745904952738E-4	0.40819768478008506	7.004814143679484E-4	5.627224368657788E-4	6.402583843897533E-4	5.218313889624967E-4	8.052425705294023E-4	0.0015325608551859352	1.7834578837317604E-4	8.352452623141955E-4	4.556011185409945E-4	6.412311629908855E-4	7.226395239748206E-4	4.627405697444212E-4	7.362372537797192E-4	8.310794219672517E-4	2.52698680824259E-4	6.170809580663423E-4	9.312913508889606E-4	3.6607376744159423E-4	0.14757694858132187	3.673758512293631E-4	5.397278489561525E-4	4.680320650886091E-4	0.08839002131402876	4.8602551836222175E-4	8.599807231560173E-4
576	file:/home/ulrike/Git/johnson-topics/data/letters-leipzig-txt/uj1105.txt	2.4133415784832282E-4	2.6564266267230897E-4	2.1864264243123255E-4	2.7789478921429894E-4	1.9568344814532425E-4	3.265049062167228E-4	3.301844055224491E-4	2.353595515953866E-4	2.0873672677854013E-4	3.1699011217385117E-4	1.7679615996091336E-4	2.8683463155333017E-4	2.0718744421157874E-4	2.094104673418433E-4	0.2863037908484471	2.264593866599132E-4	1.8192313928468864E-4	2.0698981879997306E-4	1.6870342861411515E-4	2.603277330335465E-4	0.2854255386126768	5.7657600929798686E-5	2.700273353932484E-4	0.2613331941982995	2.0730430943576966E-4	2.336229056458425E-4	1.4959989438340096E-4	2.380189302775068E-4	2.6868055640590977E-4	8.169522716154639E-5	1.9949676382107544E-4	3.01078178233027E-4	1.1834838033769877E-4	2.2196386494921885E-4	1.1876933239996587E-4	1.7448919433240174E-4	1.513105875803644E-4	0.15916865586785126	1.571277103600071E-4	2.780240890202431E-4
577	file:/home/ulrike/Git/johnson-topics/data/letters-leipzig-txt/uj1177.txt	2.3039316742185523E-4	2.535996354644251E-4	2.0873038185864853E-4	2.652963064488805E-4	1.868120527661349E-4	3.11702662369596E-4	3.15215349952369E-4	2.2468942257701012E-4	1.9927355525861155E-4	3.026192257087916E-4	1.6878102811710574E-4	2.738308570947774E-4	1.9779451009974917E-4	1.9991675149649165E-4	0.7153446301000573	2.161927505420908E-4	1.7367557357325842E-4	1.9760584412329216E-4	1.6105518431320124E-4	2.485256605036639E-4	0.06847616239780542	5.504366817610001E-5	2.5778552711479123E-4	1.4061423607692177E-4	1.9790607718748703E-4	2.2303150823710442E-4	1.4281771722769946E-4	2.2722823715431878E-4	2.5649980494650554E-4	7.79915380268142E-5	1.9045249009481136E-4	2.8742866630717615E-4	1.1298300434696762E-4	2.1190103528978267E-4	1.1338487236193563E-4	1.6657864979227616E-4	1.4445085539450275E-4	0.20862197569397212	1.50004256348735E-4	2.6541974439112657E-4
578	file:/home/ulrike/Git/johnson-topics/data/letters-leipzig-txt/uj0935.txt	6.70375093076247E-5	7.378989625906734E-5	6.073428771006969E-5	7.719327709176761E-5	5.435671060138507E-5	9.069613636394238E-5	9.171822321295797E-5	6.5377890437832E-5	5.7982634489122505E-5	8.805312842882024E-5	4.911022262493374E-5	7.96765756407785E-5	5.755227665901339E-5	0.2111182506856273	0.5807968114926111	6.290561342979991E-5	0.1550477812998754	5.749738051216017E-5	4.686223353867244E-5	0.03305045116223038	1.3762917721515675E-4	1.6016058370883248E-5	7.500786532304709E-5	4.091452999789344E-5	5.75847393390761E-5	6.489548703483017E-5	4.1555676998073186E-5	6.611660941878611E-5	0.009968075050893067	2.2693200995910082E-5	5.541596879916886E-5	8.363313074108836E-5	3.287466937613168E-5	6.165685286805338E-5	3.299160092881322E-5	4.846939651406502E-5	4.203087127697839E-5	0.007937724538843218	4.3646744578796624E-5	7.722919383485006E-5
579	file:/home/ulrike/Git/johnson-topics/data/letters-leipzig-txt/uj0079.txt	3.5518854368848615E-4	0.01786395417095037	3.217918360407165E-4	4.0899740989703263E-4	2.880011664754159E-4	4.8054035607819146E-4	4.859557353662121E-4	3.463952932302303E-4	3.0721259957476984E-4	4.6653676093975487E-4	2.6020340902467847E-4	4.221548079608444E-4	3.049324108786184E-4	3.0820419119875336E-4	0.49126548849016033	3.3329629120663385E-4	0.19247062904871812	3.046415515872114E-4	2.482927641032994E-4	3.831427312333648E-4	7.292082824821792E-4	8.485876798135736E-5	3.9741832183859193E-4	2.167797174409308E-4	3.0510440969204076E-4	3.43839348596364E-4	2.2017674205649458E-4	3.503092888686436E-4	0.07028739249987626	1.2023664209211062E-4	2.936134927767172E-4	4.431180427023605E-4	1.7418167919046784E-4	3.266799140481835E-4	1.748012241040117E-4	2.56808084594701E-4	2.2269449018939307E-4	0.21678677581250755	2.312559610851002E-4	4.09187709563611E-4
580	file:/home/ulrike/Git/johnson-topics/data/letters-leipzig-txt/uj0854.txt	1.1802661062423013E-4	1.2991490053435972E-4	0.3949250747301497	1.3590691170088133E-4	9.570072610430276E-5	1.5968012061169456E-4	0.011773778012574666	1.1510467643913401E-4	1.0208454780757128E-4	1.5502682618507817E-4	8.646373028007251E-5	1.4027902089668772E-4	1.0132685742545561E-4	1.024140466063974E-4	0.5174191065473391	1.1075197182949167E-4	8.897112499667958E-5	1.0123020696489504E-4	8.250590822922396E-5	1.2731558704901524E-4	0.05249765349343811	2.8197961180222096E-5	1.3205926362229957E-4	7.203434839404919E-5	0.0059075332114944396	1.1425535433277968E-4	7.316315535786193E-5	1.1640526917335546E-4	1.3140060941208448E-4	3.9953775512018245E-5	9.756566196113257E-5	1.4724495374623156E-4	5.7879325200640836E-5	1.085533970598382E-4	5.808519554070224E-5	8.533548827576015E-5	7.399978504035562E-5	0.0139752018394557	7.684470053589744E-5	1.3597014691791825E-4
581	file:/home/ulrike/Git/johnson-topics/data/letters-leipzig-txt/uj1071.txt	8.357424753895668E-5	9.199230579301688E-5	7.571615424868218E-5	9.62352288240055E-5	6.776536351249699E-5	1.1306895840244135E-4	1.1434317249852241E-4	8.150523573232915E-5	7.228572627180847E-5	0.004221088771495249	6.12246777175933E-5	9.933110469695595E-5	7.174920825084767E-5	7.251904326728295E-5	0.43627508727127573	7.842310018182707E-5	6.300015551548385E-5	7.168077038354875E-5	5.842215718393281E-5	9.015174062295404E-5	1.7157938956801616E-4	1.9966881835425447E-5	0.5140078601328102	5.100728074924317E-5	7.178967878872058E-5	8.090383359444387E-5	5.180658517829044E-5	8.242618108984056E-5	9.30443312715178E-5	2.8291134576322573E-5	6.908591834431533E-5	1.0426365840860181E-4	4.0984156251904427E-5	7.686629675368386E-5	4.112993234994048E-5	6.042577333447539E-5	5.2398999853365516E-5	0.04278631196137483	5.4413474983968094E-5	9.628000546932193E-5
582	file:/home/ulrike/Git/johnson-topics/data/letters-leipzig-txt/uj0928.txt	1.230267940784308E-4	1.3541872999002546E-4	1.1145916345607833E-4	1.416645920036888E-4	9.975507609106317E-5	1.6644495010925065E-4	1.6832067714032356E-4	1.199810724958206E-4	1.0640934764870292E-4	1.6159451941246238E-4	9.012675602696396E-5	0.030406852059716345	1.0561955780281356E-4	0.19982691169415592	0.6603820265767871	1.1544396606818953E-4	9.27403762253401E-5	1.0551881275687789E-4	8.600126131120827E-5	1.3270929689510345E-4	2.52576156532521E-4	2.939256448357743E-5	1.3765393876755523E-4	7.508607507728672E-5	1.0567913309874205E-4	1.190957689584905E-4	7.626270381513493E-5	1.2133676468800253E-4	1.369673807493214E-4	4.164641250456972E-5	1.0169901973575664E-4	0.01830986104964005	6.0331375993914486E-5	1.1315224893743713E-4	6.054596800667869E-5	8.895071618305881E-5	7.713477721556285E-5	0.014567259618944416	8.010021722090947E-5	0.07276724282927528
583	file:/home/ulrike/Git/johnson-topics/data/letters-leipzig-txt/uj1061.txt	1.5977107106504454E-4	1.7586409281689704E-4	0.02372387205905821	1.839753995539587E-4	1.29548814716602E-4	2.161568799018653E-4	2.1859282825787235E-4	1.5581568717436676E-4	1.3819051022598825E-4	2.0985777641503795E-4	1.170448149113442E-4	1.8989386629067874E-4	0.29094635479266157	1.3863654841792363E-4	0.19740214029496989	1.4992348817081814E-4	1.2043904217362317E-4	1.3703400025957417E-4	1.1168716323597612E-4	1.7234543632586635E-4	0.40903282030727556	3.817120932124554E-5	1.7876688893635255E-4	9.751195036034594E-5	1.3724220330123697E-4	1.546659710053286E-4	9.904000150644078E-5	1.5757628245933648E-4	1.7787527739154078E-4	5.4084900624410694E-5	1.3207335386703097E-4	1.993235580055598E-4	7.835048156445126E-5	1.4694730641056682E-4	7.862916553714329E-5	1.1551752854349732E-4	1.0017253610817053E-4	0.07393600185013137	1.0402366081139016E-4	1.840610002358861E-4
584	file:/home/ulrike/Git/johnson-topics/data/letters-leipzig-txt/uj0643.txt	1.3266139592282375E-4	1.460237819667151E-4	1.2018786901857416E-4	1.5275877640171345E-4	1.0756719902976063E-4	1.79479759601971E-4	1.8150238051293832E-4	1.2937715463402162E-4	1.1474258680035683E-4	1.7424947694783118E-4	9.71848559827587E-5	1.5767300808196825E-4	1.1389094611325124E-4	1.1511294201411734E-4	0.2944290192169993	1.2448473362404035E-4	0.04578260792040894	1.1378231141683206E-4	9.27362812477666E-5	1.4310216493829196E-4	2.723561623581345E-4	3.1694385465796806E-5	1.484340367313561E-4	8.096629363330846E-5	1.1395518693151843E-4	0.3264327422609539	8.223506774073048E-5	1.3083901519865497E-4	0.00667378010708313	4.4907869537035984E-5	1.0966337880451712E-4	1.655026862438473E-4	6.505610925856551E-5	1.2201354516543478E-4	6.528750662350895E-5	9.591671688735275E-5	8.317543585740414E-5	0.322434126512877	8.637310847483309E-5	1.5282985251005232E-4
585	file:/home/ulrike/Git/johnson-topics/data/letters-leipzig-txt/uj0102.txt	3.4908891685562945E-4	3.842510741525607E-4	3.162657284210135E-4	4.019737273478432E-4	0.01745598206442302	4.722880717568375E-4	4.776104531331792E-4	0.03468630011399315	3.019368601145428E-4	4.585249593315421E-4	2.557349549489758E-4	4.149051743788677E-4	2.996958289317801E-4	3.029114232082306E-4	0.4656560955349489	3.2757261842140294E-4	2.6315111051864354E-4	2.9940996454567054E-4	2.4402885066002994E-4	0.27514339058318643	7.166856420828576E-4	8.340149457718977E-5	3.905934861201247E-4	2.130569752387457E-4	2.998648740221835E-4	3.379346206591652E-4	2.163956629995174E-4	3.4429345312126053E-4	0.017561572096449467	1.1817182704829873E-4	2.8857128978100247E-4	0.017608435129901345	1.7119046997761097E-4	3.210698638230523E-4	1.7179937549175424E-4	2.523979381766279E-4	2.1887017402822802E-4	0.16154513223479958	2.2728461941162026E-4	4.021607590121924E-4
586	file:/home/ulrike/Git/johnson-topics/data/letters-leipzig-txt/uj0763.txt	3.96786858351574E-4	0.058994828277179896	3.594788568906191E-4	4.568976117915123E-4	3.2173075420921374E-4	0.21524976055415923	5.428690000288956E-4	3.8696377625608306E-4	3.4319215638385604E-4	5.21175750086011E-4	2.9067743043486736E-4	4.7159595365695175E-4	3.4064492076696574E-4	3.442998794009397E-4	0.5683199692821443	3.7233066955024807E-4	2.9910689618829306E-4	3.4031999715523756E-4	2.7737185663955936E-4	4.280149327103886E-4	8.146103488737897E-4	9.479710015770817E-5	4.4396242552234474E-4	2.4216812328600208E-4	3.4083706341917337E-4	3.84108489227789E-4	2.459629943450604E-4	3.9133616399370625E-4	4.41748133902607E-4	1.343182946697549E-4	3.280003745579217E-4	4.950143217371675E-4	1.945811668098231E-4	0.09796173084495109	1.952732704382227E-4	2.86884458680585E-4	2.487756114452603E-4	0.04698242543252678	2.58339768848252E-4	4.571101986223342E-4
587	file:/home/ulrike/Git/johnson-topics/data/letters-leipzig-txt/uj0646.txt	1.6767849494986692E-4	1.845679959625223E-4	1.5191247497493761E-4	1.9308074922054795E-4	1.3596047225204811E-4	2.268549622493814E-4	0.06621902884140883	1.6352735035706523E-4	1.450298643965058E-4	2.202441021909002E-4	1.2283762182472958E-4	0.2641577616152877	1.4395342593708383E-4	1.4549797800565497E-4	0.28141032861620113	1.5734353338523108E-4	1.2639983690573785E-4	1.4381611619246527E-4	0.016614619150693434	1.8087519337486603E-4	3.4424687812799185E-4	4.006038694449932E-5	1.87614457885898E-4	1.0233803258033121E-4	1.4403462366341906E-4	0.033157129417354714	1.0394171035926586E-4	1.653750813989343E-4	1.866787185125724E-4	5.6761682047698526E-5	1.38609956431907E-4	0.03320399720716406	8.22282202888656E-5	1.542200538032921E-4	8.252069694810151E-5	1.2123474667461087E-4	1.0513029660476571E-4	0.3003102168289765	1.0917202199219351E-4	1.9317058646966065E-4
588	file:/home/ulrike/Git/johnson-topics/data/letters-leipzig-txt/uj0965.txt	1.0412200854220982E-4	1.1460975039150985E-4	9.433190595930526E-5	1.198958484550384E-4	8.442631511848425E-5	0.16917123483760726	1.4245585373753934E-4	1.0154430462805628E-4	9.005806489426924E-5	1.367632641058032E-4	7.627752093530694E-5	1.2375288364926748E-4	8.938963729119103E-5	9.03487457548359E-5	0.4564624566179355	0.005219836705536971	7.848952187916575E-5	0.3381500373316078	7.27859661138352E-5	1.1231665954112023E-4	0.02582442588947552	2.4875986350464912E-5	1.1650148811556373E-4	6.354805072473994E-5	8.944005801066142E-5	1.0079504034650824E-4	6.454387402007133E-5	1.0269167577653133E-4	1.1592042932772203E-4	3.524685944257608E-5	8.607154466619814E-5	1.2989816661408864E-4	5.106061727168889E-5	9.576482520485065E-5	5.124223422394305E-5	7.528219604213768E-5	6.528194116007095E-5	0.002084532045667721	6.779169988280308E-5	1.1995163399165308E-4
589	file:/home/ulrike/Git/johnson-topics/data/letters-leipzig-txt/uj1094.txt	8.67854689827582E-5	9.552697913709435E-5	7.862543964849646E-5	9.993293044321232E-5	7.036915110097512E-5	1.1741347210782618E-4	1.1873664606594396E-4	8.463695834393568E-5	7.506320236187553E-5	1.1399188491665887E-4	6.357714876897703E-5	1.0314776093775159E-4	7.450606940001333E-5	7.530548423063494E-5	0.18407330488437762	8.143639612416732E-5	6.542084677279788E-5	7.443500190512564E-5	6.0666945374873306E-5	9.361569287151623E-5	1.781720832663753E-4	2.0734080835163753E-5	9.7103738439695E-5	5.296716287268823E-5	7.454809496067E-5	8.40124481853575E-5	5.379717943613415E-5	8.559328971529343E-5	9.661942719641974E-5	2.9378181133081745E-5	0.5721560927714296	1.0826984100132967E-4	4.25589140904465E-5	7.98197747413377E-5	0.004311996502808481	6.274754762265558E-5	5.441235680144269E-5	0.23654819457875406	5.650423527012953E-5	9.997942756735873E-5
590	file:/home/ulrike/Git/johnson-topics/data/letters-leipzig-txt/uj0881.txt	1.1534770664553924E-4	1.26966162600668E-4	1.0450210448540784E-4	1.328221703483889E-4	9.352856294068657E-5	0.011504784538616024	1.578144357462737E-4	1.1249209293743153E-4	0.005774131863500022	1.5150811138614815E-4	8.45012234366184E-5	1.3709504378153152E-4	9.902699538527962E-5	1.0008950813599088E-4	0.3808389921076976	0.0057826025590335586	8.695170666820578E-5	9.893253864444012E-5	8.063323388356754E-5	1.244258469226902E-4	2.3681085594084297E-4	2.7557939154704736E-5	1.2906185409855154E-4	7.039935183272618E-5	9.908285210990255E-5	1.1166204828349128E-4	7.150253774845038E-5	1.1376316552334122E-4	1.2841814966428098E-4	3.904692639030928E-5	9.535116949516293E-5	1.4390286766626444E-4	5.656561167668313E-5	0.06819846201547793	5.676680928345017E-5	8.339858965725034E-5	0.23839562394393501	0.2860274903077676	7.510052121126753E-5	1.3288397028677452E-4
591	file:/home/ulrike/Git/johnson-topics/data/letters-leipzig-txt/uj0056.txt	1.4093944274068686E-4	1.5513563922732405E-4	0.2150603902925971	0.055628794824483525	1.1427937255575592E-4	1.906792637418812E-4	1.9282809582739033E-4	1.3745026539674417E-4	1.219025032095634E-4	1.8512261240768608E-4	1.0324917320342612E-4	1.675117749194223E-4	1.2099772029950126E-4	0.11798861681637407	0.27120145816561264	1.3225255821144717E-4	1.0624333538617878E-4	1.2088230681791442E-4	9.852300821941802E-5	1.5203171383121854E-4	2.8935113702616654E-4	3.367210931623705E-5	1.576962934480079E-4	8.601857553267348E-5	1.2106596973306707E-4	1.364360620425698E-4	8.736652091211077E-5	1.390033457929724E-4	1.5690977287560856E-4	4.7710112374389656E-5	1.1650635356468745E-4	1.7583002356514083E-4	6.911559856579184E-5	1.2962716804545117E-4	6.93614350839434E-5	1.0190190246063843E-4	8.836556782710174E-5	0.3356206439848136	9.176277463042661E-5	1.623664073265064E-4
592	file:/home/ulrike/Git/johnson-topics/data/letters-leipzig-txt/uj0394.txt	7.101903783588668E-5	7.817246625737651E-5	6.434145184338585E-5	8.177798255152055E-5	5.7585094176448464E-5	0.1049064626588099	9.716560224084135E-5	6.926084997174487E-5	6.142637092483717E-5	9.328282813668495E-5	5.2027003907979275E-5	8.440877053024318E-5	6.097045304639634E-5	6.162463712545876E-5	0.2344807675543282	6.664173813140904E-5	5.3535754852418096E-5	6.091229647747426E-5	4.964550102070399E-5	7.6608405900253E-5	1.4580332480898812E-4	1.6967292895742418E-5	7.94627736081581E-5	4.334454820843747E-5	6.100484376776173E-5	0.3284746066517187	4.4023774562972573E-5	7.004344335566256E-5	7.906644783019469E-5	2.4041008038504404E-5	5.8707264418203315E-5	8.860031552155921E-5	3.48271797741181E-5	6.531881049733368E-5	3.4951056189722855E-5	5.134811750118919E-5	4.452719184117277E-5	0.3298276644289344	4.623903597656902E-5	8.181603248151134E-5
593	file:/home/ulrike/Git/johnson-topics/data/letters-leipzig-txt/uj0950.txt	1.3806764416782934E-4	1.5197457729413568E-4	1.2508579317678693E-4	1.5898403779811398E-4	0.013696028791616006	0.42808525061187097	1.8889900798912777E-4	1.3464956270962258E-4	1.194186035435977E-4	1.8135053240099698E-4	1.011453559717952E-4	1.6409853539756946E-4	1.1853225659595557E-4	1.198040515596802E-4	0.22492319156119248	1.295577646139786E-4	1.0407850875564486E-4	0.0069104581892550886	0.006888554486340502	1.4893389784500892E-4	0.09537200120687848	3.2986002477732035E-5	1.5448305532486488E-4	8.426585097487547E-5	1.1859911537107899E-4	1.3365602488163783E-4	8.558633046157414E-5	1.3617099735801268E-4	1.5371256098765858E-4	4.673796554335858E-5	1.1413240647514561E-4	1.7224729043578596E-4	6.77072910440385E-5	1.2698586970513197E-4	6.79481183685374E-5	9.982553737527084E-5	8.656502067975336E-5	0.22010937456954574	8.989300559983692E-5	1.5905801041664932E-4
594	file:/home/ulrike/Git/johnson-topics/data/letters-leipzig-txt/uj1083.txt	7.151876509829971E-5	7.872252880045329E-5	6.479419210246507E-5	8.235341540152012E-5	0.0035762529846855846	9.675890018781465E-5	9.784931046736978E-5	6.974820570062367E-5	6.185859914303932E-5	9.393921512467278E-5	5.239309324158257E-5	0.03878589232184168	6.139947318687425E-5	0.007098583643513369	0.3557516289391621	6.711066441334224E-5	5.391246055033866E-5	6.134090739777876E-5	4.9994832848791136E-5	7.714746289292624E-5	1.4682927360494178E-4	1.70866836828852E-5	8.002191543166061E-5	4.36495432221236E-5	6.143410589942348E-5	6.92335550816159E-5	0.07040958737961568	7.053630582275192E-5	0.007116148183961855	2.42101732018018E-5	5.912035957445228E-5	8.922375389067418E-5	3.507224210861924E-5	6.577842796538975E-5	3.5196990183766754E-5	0.0704169632604789	0.1689214497021061	0.27585630209720907	4.656439812690658E-5	8.239173307080914E-5
595	file:/home/ulrike/Git/johnson-topics/data/letters-leipzig-txt/uj0173.txt	0.017828177625662894	0.01786395417095037	3.217918360407165E-4	4.0899740989703263E-4	2.880011664754159E-4	0.21015640933977106	4.859557353662121E-4	3.463952932302303E-4	3.0721259957476984E-4	4.6653676093975487E-4	2.6020340902467847E-4	0.017895143889935253	3.049324108786184E-4	3.0820419119875336E-4	0.49126548849016033	3.3329629120663385E-4	2.6774914699964527E-4	3.046415515872114E-4	2.482927641032994E-4	3.831427312333648E-4	7.292082824821792E-4	8.485876798135736E-5	3.9741832183859193E-4	0.017689768799415338	3.0510440969204076E-4	3.43839348596364E-4	2.2017674205649458E-4	3.503092888686436E-4	3.9543617197863005E-4	1.2023664209211062E-4	2.936134927767172E-4	4.431180427023605E-4	0.035120159843139286	3.266799140481835E-4	1.748012241040117E-4	2.56808084594701E-4	2.2269449018939307E-4	0.18184079764855873	2.312559610851002E-4	4.09187709563611E-4
596	file:/home/ulrike/Git/johnson-topics/data/letters-leipzig-txt/uj0516.txt	1.7952530086204647E-4	1.9760807737798154E-4	1.6264538146485447E-4	0.1415105420110548	1.455663392833562E-4	2.4288269859557628E-4	2.456198296580484E-4	1.7508086997562066E-4	1.5527650130417141E-4	2.3580476864808623E-4	1.3151633441042148E-4	2.1337250386093117E-4	1.5412401041173474E-4	1.5577768803384266E-4	0.7252039650042473	1.6846015452444564E-4	1.3533022679026736E-4	1.5397699947141522E-4	1.254962581693169E-4	1.936543712347379E-4	3.685685775342E-4	0.02653735693069401	2.0086977765458716E-4	1.0956841003437487E-4	1.5421094491251255E-4	1.7378900193107017E-4	1.1128539071120585E-4	1.7705914674452216E-4	1.9986792650739641E-4	6.077200329174941E-5	1.4840301458069E-4	2.2396809060179485E-4	8.803780109740868E-5	1.6511599514460563E-4	8.835094179121173E-5	1.2980021306966517E-4	1.1255795284499437E-4	0.10074048886029045	1.1688523385021026E-4	2.068184573342708E-4
597	file:/home/ulrike/Git/johnson-topics/data/letters-leipzig-txt/uj0554.txt	1.3531054076021395E-4	1.4893976325458243E-4	1.2258792723078167E-4	1.5580925028716892E-4	0.00676612249369837	1.8306383072724545E-4	1.8512684180376933E-4	1.3196071572872274E-4	1.1703390696427097E-4	1.7772910339879084E-4	9.912556192594817E-5	1.6082161534974586E-4	1.1616525967540407E-4	1.17411657883434E-4	0.7263186023319871	1.2697059687853126E-4	1.0200014193133006E-4	1.1605445562863863E-4	9.458815261544922E-5	1.4595980380775007E-4	2.777949029685695E-4	3.23272976784786E-5	1.513981489311751E-4	8.258312750792018E-5	1.1623078333281885E-4	1.3098701807797604E-4	8.387723804688742E-5	0.23976411317943222	1.5064304076627198E-4	0.0067022119061581524	1.11853271137474E-4	1.6880764609133875E-4	6.635522913276978E-5	1.2445006070952515E-4	6.659124732301407E-5	9.783209907969278E-5	0.013397650907411988	0.0027089292867122413	8.809791223416154E-5	1.5588174573007876E-4
598	file:/home/ulrike/Git/johnson-topics/data/letters-leipzig-txt/uj0460.txt	1.1278771233805355E-4	0.016769435733841105	1.0218281439821941E-4	1.2987435274639138E-4	9.145281652423423E-5	1.5259232993648442E-4	1.5431194688976768E-4	1.0999547531119709E-4	9.755327676856033E-5	1.4814558330504527E-4	8.262582723443753E-5	1.3405239523764915E-4	9.682921831761106E-5	9.786814996148844E-5	0.21703074351956045	1.0583597608633267E-4	8.502192513574062E-5	9.673685792290523E-5	7.88436827451958E-5	1.2166437494297411E-4	2.3155514292504535E-4	2.694632606404422E-5	1.2619749188959021E-4	6.883692857193021E-5	0.16654975805803682	1.0918385243304103E-4	6.99156306921245E-5	1.1123833807240406E-4	0.2220627337038663	3.818032997334558E-5	9.323497266543464E-5	1.4070912820867334E-4	5.531021052391687E-5	0.03894273897569525	5.550694280802616E-5	8.154766499664158E-5	7.071512453053525E-5	0.33516376866619885	7.343376152976945E-5	1.2993478111446085E-4
599	file:/home/ulrike/Git/johnson-topics/data/letters-leipzig-txt/uj1060.txt	2.1123986282948736E-4	2.325171046024321E-4	1.913779723833287E-4	2.4324139474509026E-4	0.3534870742101661	2.8578984515620435E-4	2.890105120338343E-4	2.060102881327979E-4	1.8270732135600767E-4	2.7746154299464193E-4	1.547497333651188E-4	2.5106644150287694E-4	1.8135123384710754E-4	1.8329704667895293E-4	0.5831343069902173	1.9821997101858804E-4	1.5923737994917415E-4	1.811782522633508E-4	1.4766616312021394E-4	2.278649450496754E-4	4.3367912705190927E-4	5.0467715884391294E-5	2.3635500998798285E-4	1.2892453484253993E-4	1.814535260139012E-4	2.0449020139731125E-4	1.3094483371357964E-4	2.083380431138222E-4	2.3517617392481E-4	7.150785754196876E-5	1.7461957892830248E-4	2.6353382230653253E-4	1.0359037382656698E-4	1.942850394781018E-4	1.0395883329655622E-4	1.5273044563865687E-4	1.324422039967246E-4	0.056187245963378256	1.3753393336064792E-4	2.4335457090512926E-4
600	file:/home/ulrike/Git/johnson-topics/data/letters-leipzig-txt/uj0393.txt	1.134169985176861E-4	1.2484098292242155E-4	1.027529317590896E-4	1.3059897188776617E-4	9.19630670855248E-5	1.5344370144102518E-4	1.551729128010087E-4	1.106091825227414E-4	9.80975641521392E-5	1.4897214469382532E-4	8.308682861554095E-5	1.3480032529067525E-4	0.0056767554343499305	9.841419414414176E-5	0.30751181729988064	1.06426475846266E-4	8.54962952718536E-5	9.727659019063225E-5	7.92835820824053E-5	1.223431874493912E-4	2.3284707844040383E-4	2.7096670017587235E-5	1.269015964050926E-4	6.922099636531566E-5	9.742438768557446E-5	0.2567615475800012	7.03057169809835E-5	1.1185897969499897E-4	1.2626866639728728E-4	3.839335277066967E-5	9.375516656369301E-5	1.414941987442337E-4	5.561880753642605E-5	1.0431376795715528E-4	5.581663746588084E-5	8.200265089448373E-5	7.110967150409812E-5	0.4263039521894328	7.384347682845917E-5	1.3065973740902453E-4
601	file:/home/ulrike/Git/johnson-topics/data/letters-leipzig-txt/uj0237.txt	7.635417810964356E-5	8.404499122726402E-5	6.917495397833282E-5	8.79213635590951E-5	6.191104063349282E-5	1.0330080907408264E-4	1.0446494243940718E-4	7.446391046564765E-5	6.604088437613358E-5	1.0029048394852542E-4	5.593541174242205E-5	9.0749783374642E-5	6.555071672595667E-5	6.625404486459818E-5	0.22955878738706226	7.164804393126572E-5	0.05264343173488982	6.548819127986454E-5	5.337500398184602E-5	0.31184147494559455	1.5675646095304074E-4	1.8241921367531743E-5	8.543222992099886E-5	4.660070672369377E-5	6.558769097039124E-5	0.0075861822113634765	4.7330958380591476E-5	7.530529435993756E-5	8.500613108944344E-5	2.5847032931496206E-5	6.311751130838833E-5	9.52562084484524E-5	3.744349076756806E-5	7.022573443121617E-5	3.757667311118875E-5	5.5205525571054163E-5	4.787219371261603E-5	0.39592267429526545	4.971263616287894E-5	8.796227190170446E-5
602	file:/home/ulrike/Git/johnson-topics/data/letters-leipzig-txt/uj0725.txt	0.08166220779300258	4.54496369840065E-4	3.740825599230575E-4	4.7545891772351545E-4	3.3480095375172376E-4	5.586274927289395E-4	0.0208772482653589	4.02684044540107E-4	3.571342178954653E-4	5.423483329405301E-4	3.0248609954275515E-4	0.1629893575887687	3.544835017211245E-4	3.5828694177330504E-4	0.4492214917665097	3.8745647298417645E-4	3.1125800939887417E-4	3.54145378201132E-4	2.8863999145827197E-4	4.454028898904503E-4	8.477036098377402E-4	9.864819924880361E-5	4.619982440290842E-4	2.520061187302454E-4	3.5468345010148246E-4	3.997127624733446E-4	2.5595515510092243E-4	4.0723405900274884E-4	4.596939975855174E-4	1.3977492848724117E-4	3.4132527523776874E-4	5.151241057004929E-4	2.0248595876441822E-4	3.797649437791398E-4	2.032061788610414E-4	2.985390396354474E-4	2.588820337886621E-4	0.2723266494791161	2.688347317463804E-4	4.756801408201049E-4
603	file:/home/ulrike/Git/johnson-topics/data/letters-leipzig-txt/uj1155.txt	6.308471793647386E-5	6.943895798251978E-5	5.715315871418602E-5	7.264166229058212E-5	5.115162826989009E-5	8.534834064601084E-5	8.631016129302873E-5	6.15229566275552E-5	5.456375363193754E-5	8.286117470245035E-5	4.6214493558742794E-5	7.497853593243425E-5	5.415877136746223E-5	5.473986932885043E-5	0.329315448642118	5.9196454653908726E-5	4.75546852969955E-5	5.410711211019265E-5	4.409905462170973E-5	6.804963605601378E-5	1.2951402750668173E-4	1.5071689494680458E-5	0.0714479084187247	3.8502050733662014E-5	5.418931992209038E-5	6.106899759888193E-5	3.910539322176898E-5	0.003165580000824491	0.003173594945965409	2.1355121911426217E-5	0.23280428964976452	0.0031820636801595165	3.0936251454858614E-5	0.009368106974705423	3.104628826999353E-5	4.561145303906939E-5	3.955256820424332E-5	0.345736130776763	4.10731633534233E-5	7.267546124328717E-5
604	file:/home/ulrike/Git/johnson-topics/data/letters-leipzig-txt/uj0773.txt	5.4318999313085925E-5	5.979030792770037E-5	4.9211639371405084E-5	6.254799154427516E-5	4.40440308166763E-5	7.348905739092251E-5	7.431723157911953E-5	5.29742471410657E-5	4.698203610955656E-5	7.134748698212972E-5	3.979291857022892E-5	6.456015299793117E-5	4.663332675386128E-5	4.7133680259400714E-5	0.2995894301935522	5.0971016196359667E-5	4.094688860434811E-5	4.6588845629875485E-5	3.7971423128444005E-5	5.8594034420580476E-5	1.1151785410619949E-4	1.2977455049145181E-5	6.077720110784647E-5	3.315213154254274E-5	4.6659630539819916E-5	5.258336641791649E-5	3.367163866358654E-5	5.357281466294179E-5	6.0474070844230395E-5	1.8387794863499787E-5	4.490232412011283E-5	6.776606139153961E-5	2.6637611714743705E-5	4.995917335201336E-5	2.6732358745106064E-5	3.92736714586402E-5	3.405667799419451E-5	0.32976130312541296	0.3687913724356433	6.257709408049664E-5
605	file:/home/ulrike/Git/johnson-topics/data/letters-leipzig-txt/uj0067.txt	7.578486193559454E-5	8.341833039431288E-5	6.865916792557211E-5	8.726579950801254E-5	6.144941616633872E-5	1.0253057196520074E-4	0.05602559378564305	7.390868860797596E-5	6.554846674353404E-5	9.954269258951023E-5	5.551834308428885E-5	9.00731299059551E-5	0.011249443505985444	6.576003785317544E-5	0.526097313397947	7.111381789074086E-5	0.38778235547938944	6.499989466757825E-5	5.2977026375261605E-5	8.174931175036209E-5	1.5558764490633932E-4	1.8105904961653432E-5	0.00754104959353508	4.6253240000630934E-5	6.509865246310284E-5	7.336333906156022E-5	4.697804671542212E-5	7.474379892992886E-5	8.437230375319661E-5	2.5654310879299563E-5	6.264689108899461E-5	9.454595392812459E-5	3.716430257597728E-5	6.97021134921138E-5	3.72964918781666E-5	5.479389912987441E-5	4.751524645913812E-5	0.00897347417098317	4.934196610234211E-5	8.730640282761363E-5
606	file:/home/ulrike/Git/johnson-topics/data/letters-leipzig-txt/uj0829.txt	0.04175561901665142	1.8610310504922585E-4	1.5317597799723303E-4	1.9468666150805082E-4	1.3709129753569592E-4	2.2874178510887396E-4	2.3131955721420342E-4	1.6488745788897265E-4	1.4623612261867165E-4	2.2207594048335676E-4	1.2385930030408247E-4	2.0094970826871586E-4	1.4515073108777203E-4	1.4670812967343833E-4	0.8992317844647478	1.586522081994863E-4	1.2745114342927645E-4	1.4501227929555438E-4	1.181897199105663E-4	1.8237958828071633E-4	3.4711008584679335E-4	4.0393581568489544E-5	1.8917490533831594E-4	1.0318920963792538E-4	1.4523260416070169E-4	1.6367080390602414E-4	1.0480622570076862E-4	1.6675055708119393E-4	1.8823138313131278E-4	5.723378650672778E-5	1.3976281829463974E-4	2.1092840761368934E-4	0.008400221315383455	1.5550274967215453E-4	8.320704709816687E-5	1.2224309354576718E-4	1.0600469778555649E-4	0.04497140524706112	1.1008003945264233E-4	1.9477724596134004E-4
607	file:/home/ulrike/Git/johnson-topics/data/letters-leipzig-txt/uj0679.txt	1.5729843163342448E-4	1.7314239553085884E-4	1.425084001753112E-4	0.13172831646106534	1.2754389914926815E-4	0.015688951404694066	2.1520985508872008E-4	1.534042618167971E-4	0.2632304284355997	2.066099881293559E-4	1.1523341299304174E-4	1.8695504226901364E-4	1.350420525597614E-4	1.364909898133731E-4	0.5502983325494991	1.4760325130875023E-4	1.185751107197005E-4	1.349132429143567E-4	1.0995867708399538E-4	1.696781942595876E-4	3.229364268830391E-4	3.758046634949749E-5	1.76000267571762E-4	9.60028417845074E-5	1.3511822377664017E-4	1.5227233881592E-4	9.750724459744542E-5	1.5513760988300737E-4	1.7512245473186403E-4	5.3247875141338574E-5	1.3002936817887732E-4	1.962387987566548E-4	7.713791855844993E-5	1.4467312935348745E-4	7.741228957902086E-5	1.1372976312253659E-4	9.862225193535172E-5	0.034101408452118065	1.0241377609428141E-4	1.812124464647131E-4
608	file:/home/ulrike/Git/johnson-topics/data/letters-leipzig-txt/uj0281.txt	1.429212786567029E-4	0.0353113498761337	1.2948306325038194E-4	1.645729678742969E-4	1.158863248792973E-4	1.9336052177706755E-4	1.955395699080054E-4	1.3938303785087112E-4	1.2361664904705954E-4	1.8772573496161367E-4	1.0470102313112873E-4	1.6986726069001466E-4	1.226991434297659E-4	1.2401564711533422E-4	0.15549127669517068	1.3411224251806594E-4	1.0773728806408932E-4	1.225821070484531E-4	9.990840064361283E-5	1.5416952497184115E-4	0.05653987232807683	3.4145593490101125E-5	1.5991375771564294E-4	8.722813546224441E-5	1.2276835256046163E-4	1.3835457316151365E-4	8.859503512810323E-5	1.4095795706276269E-4	1.5911617739525002E-4	4.8380993516120116E-5	1.1814462083358383E-4	1.7830247732995727E-4	7.008747537281636E-5	1.314499351312881E-4	0.18287130722250103	0.16181188559359982	8.960813025429337E-5	0.4036172706360922	9.305310726534745E-5	1.6464954092868905E-4
609	file:/home/ulrike/Git/johnson-topics/data/letters-leipzig-txt/uj0406.txt	2.228170360126001E-4	2.452603943961354E-4	2.0186659844110647E-4	2.565724380176326E-4	1.8066902050338783E-4	3.0145279099904975E-4	3.048499691549394E-4	2.1730085020413165E-4	1.9272074530368626E-4	2.926680494365418E-4	1.6323091887248984E-4	2.64826342852997E-4	1.9129033631146524E-4	1.933427910045316E-4	0.5602876422678101	2.090835783988208E-4	1.679645145922448E-4	1.9110787433075207E-4	1.557591277757934E-4	2.4035326944008638E-4	4.5744726575702607E-4	5.3233640265914644E-5	2.4930863932041606E-4	1.3599034925574634E-4	1.913982346839929E-4	2.1569745387378748E-4	1.3812137225621115E-4	2.197561796977607E-4	2.480651961841508E-4	7.542690406864149E-5	1.8418974754769328E-4	0.2852682233845391	1.0926772885714479E-4	2.0493298972195083E-4	1.0965638204927475E-4	1.6110096243320712E-4	1.3970080714049255E-4	0.1359947771165593	1.4507159289016663E-4	0.011217855139039407
610	file:/home/ulrike/Git/johnson-topics/data/letters-leipzig-txt/uj1030.txt	1.3095218537216701E-4	1.4414241032089354E-4	1.1863936749438543E-4	1.5079063103044723E-4	1.061813023247899E-4	1.7716734085643414E-4	1.791639023024233E-4	1.277102582759955E-4	1.13264242338469E-4	1.7200444520838745E-4	9.59327254736962E-5	1.55641547708038E-4	1.1242357419720196E-4	1.1362982589251308E-4	0.5032217332321967	1.2288087125981735E-4	9.871471519613015E-5	1.1231633915113316E-4	0.48324185964103095	1.4125843543105353E-4	2.688471232514624E-4	3.128603473453933E-5	1.4652161134269672E-4	7.99231232191653E-5	1.1248698733622154E-4	1.2676792344723306E-4	8.117555043022218E-5	1.291532842167107E-4	1.4579082522780221E-4	4.432927616489273E-5	1.0825047490154303E-4	1.6337034823004726E-4	6.421792579489907E-5	1.2044152161427965E-4	6.444634183422924E-5	9.468092509315519E-5	8.210380283610189E-5	0.00906367885925727	8.526027661239672E-5	1.5086079139360319E-4
611	file:/home/ulrike/Git/johnson-topics/data/letters-leipzig-txt/uj0260.txt	3.5518854368848615E-4	3.909650889759654E-4	3.217918360407165E-4	4.0899740989703263E-4	2.880011664754159E-4	4.8054035607819146E-4	4.859557353662121E-4	3.463952932302303E-4	3.0721259957476984E-4	4.6653676093975487E-4	2.6020340902467847E-4	4.221548079608444E-4	3.049324108786184E-4	3.0820419119875336E-4	0.5262114666541091	3.3329629120663385E-4	2.6774914699964527E-4	3.046415515872114E-4	2.482927641032994E-4	3.831427312333648E-4	7.292082824821792E-4	8.485876798135736E-5	3.9741832183859193E-4	2.167797174409308E-4	3.0510440969204076E-4	3.43839348596364E-4	2.2017674205649458E-4	3.503092888686436E-4	0.29743625056554357	1.2023664209211062E-4	2.936134927767172E-4	4.431180427023605E-4	1.7418167919046784E-4	3.266799140481835E-4	1.748012241040117E-4	2.56808084594701E-4	2.2269449018939307E-4	0.16436780856658434	2.312559610851002E-4	4.09187709563611E-4
612	file:/home/ulrike/Git/johnson-topics/data/letters-leipzig-txt/uj0425.txt	2.8537868309357447E-4	3.1412359494729935E-4	2.585458681913562E-4	3.2861178745524286E-4	2.3139652187163646E-4	3.8609346057958755E-4	3.9044448438688395E-4	2.7831368541704504E-4	0.1546735604412518	3.748421755643604E-4	2.090622220885796E-4	3.39183189599569E-4	2.450000468635885E-4	2.476287813082177E-4	0.1420123593521125	2.6778920197364733E-4	2.1512489726358133E-4	2.447663539615448E-4	1.9949253234813737E-4	3.078386677137566E-4	5.858874196635227E-4	6.818036191139677E-5	3.193084893611454E-4	1.741731578452805E-4	2.4513824049550697E-4	2.762600940874987E-4	1.7690252068215253E-4	2.8145841218476424E-4	3.177159173968139E-4	9.660495866086761E-5	2.3590578411394994E-4	3.5602624501399754E-4	1.3994747046233212E-4	2.6247322815106547E-4	1.4044524809251246E-4	2.063342252775332E-4	1.789254227697774E-4	0.6936141879752445	1.858041955595431E-4	3.2876468503374387E-4
613	file:/home/ulrike/Git/johnson-topics/data/letters-leipzig-txt/uj0812.txt	1.0254624227737225E-4	0.005157490028881058	9.290430158257791E-5	1.1808136335304447E-4	8.314862041118016E-5	1.38736478566345E-4	1.4029994902833227E-4	1.0000754893289109E-4	8.869514016275666E-5	1.3469351016171148E-4	0.02025358220723646	1.2188002677720828E-4	8.803682843894514E-5	8.898142190444033E-5	0.3083052114645225	9.622574498968284E-5	7.730167367635011E-5	8.795285465123366E-5	7.16844346358932E-5	1.1061687670402298E-4	2.105292260542807E-4	2.4499517046381794E-5	1.1473837273442451E-4	6.258632441989598E-5	8.808648609909787E-5	9.926962390031493E-5	6.356707708053168E-5	1.0113755594505791E-4	1.1416610759980357E-4	3.4713438959925996E-5	8.476895131109136E-5	1.279323079864984E-4	5.0287873840352835E-5	9.431553525137559E-5	5.0466742229930465E-5	7.414288700913918E-5	6.429397442735615E-5	0.440934469583031	0.22202981539353955	1.1813630464003417E-4
614	file:/home/ulrike/Git/johnson-topics/data/letters-leipzig-txt/uj0305.txt	6.659825204312343E-5	7.330639458495452E-5	6.033633173950198E-5	7.668747507013193E-5	0.026263641625445373	9.010185806852953E-5	9.11172477851782E-5	0.026274590589989863	5.7602708479380795E-5	8.74761682057467E-5	4.8788432297815744E-5	7.915450202822535E-5	5.717517053033771E-5	5.778863302585441E-5	0.28868514059442696	6.249343004228547E-5	5.020326666800575E-5	5.712063408556095E-5	4.655517295833141E-5	7.183969369673531E-5	1.3672737438084092E-4	0.013120731655741923	7.45163830159302E-5	4.064644121131936E-5	5.7207420501602176E-5	6.447026517906898E-5	4.128338715331018E-5	0.23922865826237252	7.414472768439801E-5	2.2544505832632185E-5	5.5052860636055146E-5	8.308513215625983E-5	3.265926105486966E-5	6.125285187206921E-5	3.277542642404445E-5	4.815180514253753E-5	4.175546776434176E-5	0.4043065346810311	4.3360753201341214E-5	7.67231564719781E-5
615	file:/home/ulrike/Git/johnson-topics/data/letters-leipzig-txt/uj0722.txt	7.200497801553067E-4	7.925771575911034E-4	6.523468870665647E-4	8.291328656667897E-4	5.838453415518126E-4	9.741670554929867E-4	9.851452887020416E-4	7.022238165316863E-4	6.227913842253917E-4	9.45778511492934E-4	5.27492822595659E-4	0.036277618331903294	6.181689114611338E-4	6.248015710502218E-4	0.7125348942282886	6.756690931461913E-4	5.427897882960775E-4	6.175792720356645E-4	0.07134697189641284	7.767194192914256E-4	0.0014782747721424963	1.7202845732213647E-4	8.05659361357508E-4	4.3946290120880284E-4	0.10688395467454671	6.970423223523057E-4	4.463494601113448E-4	7.101583959235263E-4	8.016410826256574E-4	2.4374763556835695E-4	5.952228321584806E-4	8.98303323404818E-4	3.531067711411778E-4	6.622561579515667E-4	3.543627327613388E-4	5.206097103646931E-4	4.5145352110034445E-4	0.0498372742040059	4.6880961364838183E-4	8.295186473467402E-4
616	file:/home/ulrike/Git/johnson-topics/data/letters-leipzig-txt/uj1203.txt	1.5852511001554148E-4	1.7449263171198377E-4	1.4361973976051776E-4	1.8254068311635233E-4	1.2853853935154258E-4	2.1447119893881918E-4	0.00801530272729978	1.546005718482526E-4	1.371128433367024E-4	2.0822121847244266E-4	1.1613205092063115E-4	1.8841299519580196E-4	1.3609516647088935E-4	1.375554031379001E-4	0.6091786891232798	1.487543226553011E-4	1.1949980859155187E-4	1.359653523144683E-4	1.1081618043418428E-4	1.7100141516302256E-4	3.2545481902173957E-4	3.787353440607058E-5	1.773727906238686E-4	9.675151174526897E-5	0.031329830237862975	0.05474236185742339	9.82676465150324E-5	1.563474372812886E-4	1.764881322355245E-4	5.3663124147010574E-5	1.3104339109906179E-4	1.9776915026536144E-4	7.773947202694011E-5	1.4580135039427136E-4	7.801598270647725E-5	1.1461667496505783E-4	9.939134914241559E-5	0.2761181972456153	1.0321244117861357E-4	0.015779454769328915
617	file:/home/ulrike/Git/johnson-topics/data/letters-leipzig-txt/uj0301.txt	7.077178391739049E-5	7.790030756317803E-5	6.41174460475488E-5	8.149327119455593E-5	5.738461074811759E-5	9.574829720234043E-5	9.68273186393005E-5	6.901971721247737E-5	6.121251402994001E-5	9.29580624754196E-5	5.184587106000138E-5	8.411490004276521E-5	6.075818343690029E-5	6.14100899636064E-5	0.0038843611769069676	6.640972385199196E-5	5.334936926384536E-5	6.070022934100503E-5	4.947265941319812E-5	7.634169250725612E-5	0.9854143315421415	1.690822099357952E-5	0.007042218178051804	4.319364346913717E-5	6.079245442641804E-5	6.85104418866058E-5	4.3870505086232535E-5	6.97995859849858E-5	7.8791176724822E-5	2.3957308883696725E-5	5.850287413618998E-5	8.829185210301323E-5	3.470592838953556E-5	6.50914020116781E-5	3.482937352741393E-5	5.116934820711751E-5	4.437216970911007E-5	0.001416857526764542	4.607805403171204E-5	8.153118865310563E-5
618	file:/home/ulrike/Git/johnson-topics/data/letters-leipzig-txt/uj0496.txt	1.134169985176861E-4	1.2484098292242155E-4	1.027529317590896E-4	0.18425033593074772	9.19630670855248E-5	1.5344370144102518E-4	0.01131394484970161	1.106091825227414E-4	9.80975641521392E-5	1.4897214469382532E-4	8.308682861554095E-5	1.3480032529067525E-4	9.736946589962836E-5	9.841419414414176E-5	0.792918396555057	1.06426475846266E-4	8.54962952718536E-5	9.727659019063225E-5	7.92835820824053E-5	1.223431874493912E-4	2.3284707844040383E-4	2.7096670017587235E-5	1.269015964050926E-4	6.922099636531566E-5	9.742438768557446E-5	1.0979303128728729E-4	7.03057169809835E-5	1.1185897969499897E-4	1.2626866639728728E-4	3.839335277066967E-5	9.375516656369301E-5	1.414941987442337E-4	5.561880753642605E-5	0.005683699736407456	5.581663746588084E-5	8.200265089448373E-5	7.110967150409812E-5	0.0022706185872098565	7.384347682845917E-5	1.3065973740902453E-4
619	file:/home/ulrike/Git/johnson-topics/data/letters-leipzig-txt/uj0273.txt	0.006930106638629947	0.047696247538528955	1.2508579317678693E-4	1.5898403779811398E-4	1.1195080269177184E-4	0.020562910944143923	1.8889900798912777E-4	1.3464956270962258E-4	1.194186035435977E-4	1.8135053240099698E-4	1.011453559717952E-4	1.6409853539756946E-4	1.1853225659595557E-4	1.198040515596802E-4	0.6188614532399953	1.295577646139786E-4	1.0407850875564486E-4	1.1841919479297098E-4	9.651549187838402E-5	1.4893389784500892E-4	2.834552844088455E-4	3.2986002477732035E-5	1.5448305532486488E-4	8.426585097487547E-5	0.2718001588938557	1.3365602488163783E-4	8.558633046157414E-5	1.3617099735801268E-4	1.5371256098765858E-4	4.673796554335858E-5	1.1413240647514561E-4	1.7224729043578596E-4	6.77072910440385E-5	1.2698586970513197E-4	6.79481183685374E-5	9.982553737527084E-5	8.656502067975336E-5	0.02993228272460648	8.989300559983692E-5	1.5905801041664932E-4
620	file:/home/ulrike/Git/johnson-topics/data/letters-leipzig-txt/uj0805.txt	1.5490115963195114E-4	1.7050365709739854E-4	1.4033653238128776E-4	1.7836772667724E-4	1.2560009452760587E-4	2.0956829753987225E-4	2.1192999683019887E-4	1.5106633805022634E-4	1.3397838633391913E-4	2.0346119424359413E-4	1.1347722361636564E-4	1.8410579524403225E-4	1.3298397398732245E-4	1.3441082903277793E-4	0.7400352607830103	1.453537365614353E-4	1.167679929369728E-4	1.3285712743686562E-4	1.0828287615479847E-4	1.6709225122039058E-4	3.1801478560293593E-4	3.700772955329145E-5	1.73317974370741E-4	9.453973168047143E-5	1.3305898433359591E-4	1.4995166587181228E-4	9.602120697464819E-5	1.527732694081148E-4	1.724535396435284E-4	5.243636266223287E-5	1.2804768431548747E-4	0.14497589959849977	7.596231514974558E-5	1.424682704825936E-4	7.623250467938364E-5	1.1199648978956893E-4	9.711922128951642E-5	0.10978308901341341	1.0085296156201616E-4	1.7845071820259844E-4
621	file:/home/ulrike/Git/johnson-topics/data/letters-leipzig-txt/uj0266.txt	2.0906731040459584E-4	2.3012572073829592E-4	1.8940969484137706E-4	2.4073971407313294E-4	1.6952018959600604E-4	2.828505636551334E-4	2.860381067296087E-4	2.0389152065661945E-4	1.80828219425432E-4	2.746079161271897E-4	1.5315816866719485E-4	2.4848428206104725E-4	1.7948607895837504E-4	1.8141187956180108E-4	0.8342560415863939	1.9618132512604653E-4	1.575996608590931E-4	1.7931487644961964E-4	1.4614745128020386E-4	2.2552140755497893E-4	4.292188389865738E-4	4.9948667268023486E-5	2.3392415416746402E-4	0.020697129305830318	1.7958731907423455E-4	2.0238706765654142E-4	1.2959809682310414E-4	2.061953352238372E-4	2.3275744215660448E-4	7.077241600541084E-5	1.728236575309266E-4	2.608234387784238E-4	1.0252497113770994E-4	1.922868634331807E-4	1.0288964108850391E-4	1.5115964884120358E-4	1.3108006700422275E-4	0.004185546498205223	1.3611942912633711E-4	0.1339428014685025
622	file:/home/ulrike/Git/johnson-topics/data/letters-leipzig-txt/uj1055.txt	6.748259939788345E-5	0.04323050111232454	6.113752807323158E-5	7.770579557616536E-5	5.471760756008201E-5	9.129830598416358E-5	0.07644564177606333	6.581196162359713E-5	5.8367605474541685E-5	8.86377500128368E-5	4.943628595345709E-5	8.020558178390243E-5	5.7934390318624594E-5	5.855599888282195E-5	0.30247767160437644	6.332327013346368E-5	5.086990767908536E-5	5.7879129693269564E-5	4.717337152650759E-5	7.279364130254243E-5	1.3854295494260529E-4	1.612239568770052E-5	0.02331347118612523	4.118617869185208E-5	5.7967068532011096E-5	6.532635534243946E-5	0.013320668903781939	6.655558526913835E-5	0.23245478240527614	2.28438706580716E-5	5.578389861651058E-5	8.418840610997708E-5	3.30929380694494E-5	6.206621852754083E-5	3.321064597966382E-5	4.879120512974965E-5	4.2309931828057015E-5	0.3067642661433167	4.393653358922855E-5	7.774195078554204E-5
623	file:/home/ulrike/Git/johnson-topics/data/letters-leipzig-txt/uj1005.txt	1.2083290614977659E-4	1.3300386159274444E-4	1.0947155648740208E-4	1.391383436311881E-4	9.797618346122967E-5	1.6347680345822648E-4	0.10716093471560752	0.035783046709114114	1.0451179203855158E-4	1.5871286856452053E-4	8.851956140259405E-5	1.4361440760811122E-4	1.03736086201126E-4	1.048491252655624E-4	0.755601311963108	1.1338529969806934E-4	9.108657395061031E-5	1.0363713770155899E-4	8.446763499465635E-5	1.3034274474149092E-4	2.4807206630540095E-4	2.886841856157932E-5	1.3519921078040376E-4	7.374709493921156E-5	1.0379459911447708E-4	1.1697198143863322E-4	0.0060191036098917496	1.1917301438185978E-4	1.3452489587847488E-4	4.090374858042258E-5	9.988546153141943E-5	1.5074596807403362E-4	5.925551054115981E-5	1.1113444984819432E-4	5.9466275819838035E-5	8.736449340987374E-5	7.575926338639835E-5	0.09158209875848172	7.867182187857856E-5	1.3920308237955315E-4
624	file:/home/ulrike/Git/johnson-topics/data/letters-leipzig-txt/uj0652.txt	2.330343461226847E-4	2.56506848222607E-4	2.1112322295263651E-4	2.683376073773864E-4	1.8895362675613398E-4	3.1527595597918905E-4	3.188289122718813E-4	2.272652147493772E-4	2.0155798528610414E-4	3.060883887154362E-4	1.7071589824175126E-4	2.769699963126707E-4	2.0006198466534646E-4	2.0220855499005944E-4	0.4828056172631525	2.1867113865748134E-4	1.756665537351663E-4	1.998711558619091E-4	1.6290148699320788E-4	2.5137470628256917E-4	0.22975420726801757	5.5674677184001903E-5	2.607407260524013E-4	1.4222620803562035E-4	2.0017483073465805E-4	2.2558829442899319E-4	1.4445494942978213E-4	2.298331337617782E-4	0.13782491047635037	7.888561657691366E-5	1.9263579729088506E-4	0.11492861553103836	1.1427821769021119E-4	2.1433022408628166E-4	1.146846926353827E-4	1.6848827231610172E-4	1.461068095482385E-4	0.027592947093589743	1.51723873520266E-4	2.684624603861798E-4
625	file:/home/ulrike/Git/johnson-topics/data/letters-leipzig-txt/uj1204.txt	1.811249034058558E-4	1.9936880069515894E-4	1.6409458090738845E-4	2.0856420534164495E-4	1.4686336140498797E-4	2.450468268864366E-4	2.478083462762879E-4	1.76640871845221E-4	1.5666004270634308E-4	0.009148084709326765	1.3268816847539848E-4	2.152736910379809E-4	1.5549728291389952E-4	0.22291163764534283	0.5178213689832435	1.6996116463507564E-4	1.3653604331857028E-4	1.5534896207980474E-4	1.2661445227812643E-4	1.9537986632294795E-4	3.718525894888433E-4	4.32728938668793E-5	2.0265956330467555E-4	1.1054468416716027E-4	1.5558499201662995E-4	1.7533749302530677E-4	1.1227696344895189E-4	1.7863677541400362E-4	2.016487854845542E-4	6.131349271185389E-5	1.4972531198663983E-4	2.2596368635202313E-4	8.882223365321323E-5	1.6658720819696466E-4	8.913816448661206E-5	1.3095675618651968E-4	1.1356086433898586E-4	0.24420096668444957	1.1792670219201362E-4	2.0866124678439317E-4
626	file:/home/ulrike/Git/johnson-topics/data/letters-leipzig-txt/uj0995.txt	4.046860707606863E-4	4.4544827943845185E-4	3.666353435216552E-4	0.02037394217629352	3.2813575354966734E-4	5.475063652778739E-4	5.536764082161674E-4	0.338829794826332	0.11979771643001048	5.315512901669278E-4	2.9646422179957906E-4	4.80984461695475E-4	3.4742646236439256E-4	3.511541837272437E-4	0.4601863620371258	3.7974300940803244E-4	3.05061500924542E-4	3.470950701900803E-4	2.828937613241252E-4	4.3653583202090844E-4	8.308275698854634E-4	9.668431596174101E-5	4.5280080670118497E-4	2.469891938539624E-4	3.4762243018265763E-4	3.9175530131516193E-4	2.508596130112749E-4	3.991268642593246E-4	4.505424330775404E-4	1.3699229638552247E-4	3.345301891784596E-4	5.048690414453738E-4	1.9845487869087994E-4	3.7220460277160574E-4	1.9916076068278823E-4	2.9259573975830457E-4	2.537282235483348E-4	0.047917749146443665	2.634827837059799E-4	4.662103249931777E-4
627	file:/home/ulrike/Git/johnson-topics/data/letters-leipzig-txt/uj1192.txt	1.6362930669753842E-4	0.008229619135556492	1.482440128430788E-4	0.008237926318383453	1.3267722744961458E-4	2.2137674962350315E-4	2.238715225381954E-4	1.5957840612185957E-4	1.4152760715518988E-4	2.1492553208146147E-4	1.1987127449804718E-4	1.944795229832877E-4	1.4047716309633517E-4	1.4198441651135487E-4	0.5482979626548994	1.5354391920600183E-4	1.233474673407082E-4	1.4034316917945592E-4	1.1438424343964936E-4	1.7650732432660118E-4	0.05668249111457253	3.909298770676225E-5	1.8308384554311847E-4	0.00814937490446404	1.4055640001738235E-4	1.5840092600368424E-4	1.0143167141456095E-4	1.613815171852965E-4	1.8217070289502495E-4	5.5390971175092796E-5	1.35262730495703E-4	2.0413692784007403E-4	8.024253009225985E-5	1.504958670474385E-4	0.16107069163139556	1.183071064178467E-4	1.0259155505592784E-4	0.003275873546783691	1.0653567873860034E-4	0.2014262104112242
628	file:/home/ulrike/Git/johnson-topics/data/letters-leipzig-txt/uj0450.txt	1.7489164021163893E-4	1.9250768892046459E-4	1.5844740212464243E-4	2.0138664134938645E-4	1.4180918073733334E-4	0.19811809051912968	2.392802277513463E-4	1.7056192287485207E-4	0.043168981059856094	2.297184996240743E-4	1.2812181530521915E-4	2.0786522566520167E-4	1.5014597300475863E-4	1.5175696816991356E-4	0.3193265845882965	1.6411209224334507E-4	1.3183726872988426E-4	1.5000275650904426E-4	1.2225712100892634E-4	0.025999283435896504	3.590555913060958E-4	4.178369314640591E-5	1.9568520266652237E-4	0.10334925000256015	1.5023066367152822E-4	1.6930339875505652E-4	1.084130449558853E-4	1.7248913907916654E-4	1.947092099260075E-4	5.920343975810127E-5	1.4457263966549734E-4	2.181873336645544E-4	8.576549021568543E-5	1.6085424771524265E-4	8.607054855171524E-5	1.2644998813297174E-4	1.0965276146258828E-4	0.27881470547605325	1.1386835263009971E-4	0.026012107748674584
629	file:/home/ulrike/Git/johnson-topics/data/letters-leipzig-txt/uj1033.txt	2.330343461226847E-4	2.56506848222607E-4	2.1112322295263651E-4	2.683376073773864E-4	0.034580321179684674	3.1527595597918905E-4	0.2525221909670812	2.272652147493772E-4	2.0155798528610414E-4	0.023233666757334463	1.7071589824175126E-4	2.769699963126707E-4	2.0006198466534646E-4	2.0220855499005944E-4	0.3452401470514384	2.1867113865748134E-4	1.756665537351663E-4	1.998711558619091E-4	1.6290148699320788E-4	2.5137470628256917E-4	4.7842358182733545E-4	5.5674677184001903E-5	2.607407260524013E-4	1.4222620803562035E-4	2.0017483073465805E-4	2.2558829442899319E-4	1.4445494942978213E-4	2.298331337617782E-4	0.011723229448945742	7.888561657691366E-5	1.9263579729088506E-4	2.9072368794324886E-4	1.1427821769021119E-4	2.1433022408628166E-4	1.146846926353827E-4	1.6848827231610172E-4	1.461068095482385E-4	0.3256514658856371	1.51723873520266E-4	2.684624603861798E-4
630	file:/home/ulrike/Git/johnson-topics/data/letters-leipzig-txt/uj0711.txt	2.8537868309357447E-4	3.1412359494729935E-4	2.585458681913562E-4	0.15475534014852235	2.3139652187163646E-4	3.8609346057958755E-4	3.9044448438688395E-4	2.7831368541704504E-4	2.4683208018469493E-4	3.748421755643604E-4	2.090622220885796E-4	3.39183189599569E-4	2.450000468635885E-4	2.476287813082177E-4	0.170089946326852	2.6778920197364733E-4	2.1512489726358133E-4	2.447663539615448E-4	1.9949253234813737E-4	3.078386677137566E-4	0.01462468090703326	6.818036191139677E-5	3.193084893611454E-4	1.741731578452805E-4	2.4513824049550697E-4	2.762600940874987E-4	1.7690252068215253E-4	0.19682456723536107	3.177159173968139E-4	9.660495866086761E-5	2.3590578411394994E-4	3.5602624501399754E-4	1.3994747046233212E-4	2.6247322815106547E-4	1.4044524809251246E-4	2.063342252775332E-4	1.789254227697774E-4	0.44091590520258933	0.014224597682929281	3.2876468503374387E-4
631	file:/home/ulrike/Git/johnson-topics/data/letters-leipzig-txt/uj0882.txt	4.5759649999160365E-5	5.036881383517073E-5	4.145708540285816E-5	5.269195378065351E-5	3.7103765905308265E-5	6.190897453014543E-5	0.0023136867553827612	0.5042865707021756	3.957881322941266E-5	6.010486337945807E-5	3.352252525351827E-5	5.438704767092183E-5	0.002290365158677487	3.970656196022583E-5	0.19160228085788178	4.2939227355851766E-5	3.449465775850887E-5	3.924757997841877E-5	3.1988053062476565E-5	4.9361043852635604E-5	9.3945360501657E-5	1.0932524686360667E-5	5.1200196722947256E-5	2.792816427579906E-5	3.930721091317899E-5	4.4297510511792284E-5	2.836580974665936E-5	4.513104584854753E-5	5.094483239476304E-5	1.5490326917848867E-5	3.782681312006829E-5	5.7087783101914035E-5	2.2440173867241244E-5	4.208682626236757E-5	2.251999107673827E-5	3.308509882096522E-5	2.8690176270846916E-5	0.2980586864257427	2.9793167678163124E-5	5.2716470467050966E-5
632	file:/home/ulrike/Git/johnson-topics/data/letters-leipzig-txt/uj0562.txt	1.260789775237082E-4	1.3877834615292855E-4	1.142243644521169E-4	1.4517916235183578E-4	1.0222990926954483E-4	1.705742987204939E-4	1.7249656084203214E-4	1.2295769434443116E-4	1.0904926728368167E-4	0.0497837939142847	9.23627192964505E-5	1.4984955874900306E-4	1.0823988346632514E-4	1.0940124614193719E-4	0.2984268054806788	1.1830802641154743E-4	9.504118104712003E-5	1.0813663902695487E-4	8.813487478958359E-5	1.3600169447444224E-4	2.5884234244279424E-4	3.0121767413744265E-5	1.4106900843779074E-4	7.694889266136233E-5	0.45287428816392455	0.01252659802249184	7.815471249357172E-5	1.2434702003325798E-4	1.4036541753632877E-4	4.2679622316739626E-5	1.0422208039716452E-4	1.572907424492236E-4	6.182814284392311E-5	0.012520507049116818	6.20480586903591E-5	9.115750296811005E-5	7.904842124600399E-5	0.16998550509030183	8.208743113472505E-5	1.4524671179229955E-4
633	file:/home/ulrike/Git/johnson-topics/data/letters-leipzig-txt/uj0062.txt	0.005398608947886066	5.979030792770037E-5	4.9211639371405084E-5	6.254799154427516E-5	4.40440308166763E-5	7.348905739092251E-5	7.431723157911953E-5	5.29742471410657E-5	0.016079851881828495	7.134748698212972E-5	3.979291857022892E-5	0.03213029984443581	4.663332675386128E-5	0.24855661628890297	0.5454267678279093	5.0971016196359667E-5	4.094688860434811E-5	4.6588845629875485E-5	3.7971423128444005E-5	5.8594034420580476E-5	1.1151785410619949E-4	1.2977455049145181E-5	6.077720110784647E-5	3.315213154254274E-5	4.6659630539819916E-5	5.258336641791649E-5	3.367163866358654E-5	5.357281466294179E-5	6.0474070844230395E-5	1.8387794863499787E-5	4.490232412011283E-5	6.776606139153961E-5	2.6637611714743705E-5	4.995917335201336E-5	2.6732358745106064E-5	3.92736714586402E-5	0.032099796369432075	0.022464631082466588	3.53659841077126E-5	0.09625979616839413
634	file:/home/ulrike/Git/johnson-topics/data/letters-leipzig-txt/uj0409.txt	1.0465808108161099E-4	1.1519981910793884E-4	9.481757411997714E-5	1.205131326665593E-4	8.486098430871124E-5	1.4159361962283882E-4	1.431892882182494E-4	1.0206710584948701E-4	9.05217291686849E-5	1.374673902681051E-4	7.667023602906581E-5	1.2439002582050388E-4	8.984986016366291E-5	9.081390660071866E-5	0.30950594983704205	9.82074193808939E-5	7.889362546782339E-5	8.976415701854654E-5	7.3160704924906E-5	1.1289492227097199E-4	2.148648679962369E-4	2.5004060456599704E-5	1.1710129645054036E-4	6.387522809485565E-5	8.990054047439075E-5	0.2369324811666328	6.487617839004229E-5	1.0322038424249E-4	1.1651724607941766E-4	3.542832802651757E-5	8.651468432673096E-5	1.305669477970039E-4	5.132350304528717E-5	9.625787075546603E-5	5.150605505308008E-5	7.566978670206666E-5	6.561804547139463E-5	0.45001508045976263	6.814072569603223E-5	1.2056920541521198E-4
635	file:/home/ulrike/Git/johnson-topics/data/letters-leipzig-txt/uj0566.txt	3.116665397153495E-5	3.4305930919188264E-5	2.8236200133588455E-5	3.588820916671945E-5	2.5271177402641794E-5	4.216587292405028E-5	4.264105506433457E-5	3.0395074484562933E-5	2.6956918956935816E-5	4.093710242513491E-5	2.2832013462682E-5	3.7042728590015416E-5	2.6756839721989865E-5	2.7043927937306735E-5	0.4018754588031841	2.92456791262489E-5	2.3494127735804273E-5	2.6731317753303743E-5	2.178689262351436E-5	3.361954414985876E-5	6.398568483456443E-5	7.446084354694989E-6	3.487218137743394E-5	1.9021723987399043E-5	0.5090487320394851	3.0170798551710835E-5	1.9319801987400415E-5	3.0738515031495414E-5	3.4698254093170684E-5	1.0550379186978214E-5	2.57636410108189E-5	3.8882185112255925E-5	1.528388294041196E-5	2.8665113280005155E-5	1.5338246016821262E-5	2.2534084648505448E-5	1.9540726299965932E-5	0.08801628371284165	2.029196787471642E-5	3.5904907351288004E-5
636	file:/home/ulrike/Git/johnson-topics/data/letters-leipzig-txt/uj0661.txt	4.388276138664158E-5	4.830287467009746E-5	3.97566717960611E-5	5.053072815886467E-5	3.558190907925051E-5	5.936970140829074E-5	6.003875957848553E-5	4.279637468152576E-5	3.795543927771819E-5	5.7639588106680144E-5	3.214755743990176E-5	5.2156295677758793E-5	3.767372699209478E-5	3.807794823641485E-5	0.30895093430617765	4.1178021864637736E-5	3.307981672845584E-5	3.763779196798237E-5	3.0676023522680896E-5	4.7336439619195175E-5	9.009207540599374E-5	1.048411367162853E-5	4.9100157360981316E-5	2.6782656093398996E-5	3.769497706623799E-5	4.248059335783591E-5	2.7202350994257267E-5	4.3279940212342786E-5	4.885526711639742E-5	1.4854972010264624E-5	3.627529961867055E-5	5.474625710641601E-5	2.1519762395668808E-5	0.39077397906241845	2.159630580364876E-5	3.1728072593223796E-5	2.7513413224475334E-5	0.29878593658384095	2.8571164075709143E-5	5.055423926306216E-5
637	file:/home/ulrike/Git/johnson-topics/data/letters-leipzig-txt/uj0397.txt	0.010127471373970699	0.281735705515294	6.175252941746408E-5	7.848746225848126E-5	5.526802893404284E-5	9.221670394162033E-5	9.32559266046462E-5	6.647398454373561E-5	5.8954743308827004E-5	8.952938461314879E-5	4.993358087645137E-5	8.101239459048116E-5	5.851717030738316E-5	5.9145031824792974E-5	0.1747493589543831	6.396025853454248E-5	5.138162384736333E-5	5.846135379826986E-5	4.764790309189948E-5	0.1341976585109625	0.0034930399168637332	1.628457586299821E-5	7.62654109325247E-5	4.160048322881257E-5	0.06712061648517104	6.598349339848397E-5	4.2252379389652115E-5	6.722508853001064E-5	7.588503220992209E-5	2.3073664233391808E-5	5.6345046142700877E-5	8.503528338091302E-5	3.342583019052004E-5	6.26905618568973E-5	3.3544722161086426E-5	4.928201098479791E-5	4.273554054611759E-5	0.32661561955385016	4.437850479856376E-5	7.852398116431522E-5
638	file:/home/ulrike/Git/johnson-topics/data/letters-leipzig-txt/uj1135.txt	7.200497801553067E-4	7.925771575911034E-4	6.523468870665647E-4	8.291328656667897E-4	5.838453415518126E-4	9.741670554929867E-4	9.851452887020416E-4	7.022238165316863E-4	6.227913842253917E-4	9.45778511492934E-4	5.27492822595659E-4	8.558059714062939E-4	6.181689114611338E-4	6.248015710502218E-4	0.8542221436702766	6.756690931461913E-4	5.427897882960775E-4	6.175792720356645E-4	5.033471754188496E-4	7.767194192914256E-4	0.0014782747721424963	1.7202845732213647E-4	0.0716492840823515	4.3946290120880284E-4	6.185175930557191E-4	6.970423223523057E-4	4.463494601113448E-4	7.101583959235263E-4	8.016410826256574E-4	2.4374763556835695E-4	5.952228321584806E-4	8.98303323404818E-4	3.531067711411778E-4	6.622561579515667E-4	3.543627327613388E-4	5.206097103646931E-4	4.5145352110034445E-4	0.0498372742040059	4.6880961364838183E-4	8.295186473467402E-4
639	file:/home/ulrike/Git/johnson-topics/data/letters-leipzig-txt/uj0640.txt	7.279940220196484E-5	8.01321587225813E-5	6.595441692450126E-5	8.382806110089394E-5	5.9028685258686395E-5	9.849149494836501E-5	9.960143045126953E-5	7.09971386206974E-5	6.296625833058879E-5	9.562131973333718E-5	5.333126015608027E-5	8.652479986288187E-5	0.07168773471629646	0.11824480857336925	0.4731409430148912	6.83123687042541E-5	5.487783372527743E-5	6.243929663699606E-5	5.089005577174986E-5	7.852888919829542E-5	1.4945844394120584E-4	1.7392643119863966E-5	8.145481257225419E-5	4.443114542864178E-5	6.253416397980502E-5	7.04732725087037E-5	0.06450783962385083	7.179935070709702E-5	0.007243572131887061	2.4643688042917584E-5	6.0178986998303974E-5	0.22571031420828938	3.5700256511430735E-5	6.69562768188684E-5	3.582723836415292E-5	5.2635354859650237E-5	4.564343655655094E-5	0.03727006853113391	4.7398194625897995E-5	8.386706489820754E-5
640	file:/home/ulrike/Git/johnson-topics/data/letters-leipzig-txt/uj0304.txt	4.046860707606863E-4	4.4544827943845185E-4	3.666353435216552E-4	4.6599350599463985E-4	3.2813575354966734E-4	5.475063652778739E-4	5.536764082161674E-4	3.946674312510542E-4	0.11979771643001048	5.315512901669278E-4	2.9646422179957906E-4	4.80984461695475E-4	3.4742646236439256E-4	3.511541837272437E-4	0.6393579000698157	3.7974300940803244E-4	3.05061500924542E-4	3.470950701900803E-4	2.828937613241252E-4	4.3653583202090844E-4	0.06055467358078211	9.668431596174101E-5	4.5280080670118497E-4	2.469891938539624E-4	3.4762243018265763E-4	3.9175530131516193E-4	2.508596130112749E-4	0.020307075534558204	4.505424330775404E-4	1.3699229638552247E-4	3.345301891784596E-4	5.048690414453738E-4	1.9845487869087994E-4	3.7220460277160574E-4	1.9916076068278823E-4	2.9259573975830457E-4	0.1396093689156405	0.008101851805845906	2.634827837059799E-4	4.662103249931777E-4
641	file:/home/ulrike/Git/johnson-topics/data/letters-leipzig-txt/uj0481.txt	1.6362930669753842E-4	1.8011095118029957E-4	1.482440128430788E-4	1.884181340072591E-4	1.3267722744961458E-4	2.2137674962350315E-4	2.238715225381954E-4	1.5957840612185957E-4	1.4152760715518988E-4	2.1492553208146147E-4	1.1987127449804718E-4	1.944795229832877E-4	1.4047716309633517E-4	1.4198441651135487E-4	0.5160999299173946	1.5354391920600183E-4	1.233474673407082E-4	1.4034316917945592E-4	1.1438424343964936E-4	1.7650732432660118E-4	3.359338239391802E-4	3.909298770676225E-5	1.8308384554311847E-4	9.986672008784621E-5	0.20137826100942222	1.5840092600368424E-4	1.0143167141456095E-4	1.613815171852965E-4	1.8217070289502495E-4	5.5390971175092796E-5	1.35262730495703E-4	2.0413692784007403E-4	8.024253009225985E-5	1.504958670474385E-4	8.052794387170899E-5	1.183071064178467E-4	1.0259155505592784E-4	0.27695915181557423	1.0653567873860034E-4	1.885058018193558E-4
642	file:/home/ulrike/Git/johnson-topics/data/letters-leipzig-txt/uj1072.txt	2.565639020014747E-4	2.8240643049005806E-4	2.324404053956014E-4	2.954317453541248E-4	2.0803233765533257E-4	3.471094747152889E-4	3.510211741933303E-4	2.5021225950361026E-4	2.219093624822747E-4	3.3699423571164244E-4	1.8795313959227034E-4	3.049357494877683E-4	2.202623101784218E-4	2.2262562042685613E-4	0.21602236661519225	2.4075043667396795E-4	1.9340366442686664E-4	2.200522133268685E-4	1.7934970462601436E-4	2.7675609446161563E-4	5.267301709187593E-4	6.129616796263973E-5	2.870678043805732E-4	1.5658683583612797E-4	2.203865503530992E-4	2.483660199775415E-4	1.5904061399437986E-4	2.53039462157671E-4	2.85636034940201E-4	8.685072367019209E-5	0.21477404711791884	3.200781559629426E-4	1.2581692755684487E-4	2.3597121850646354E-4	1.262644444131976E-4	0.03804937602830908	1.608592629815496E-4	0.5099881050827437	0.012788335296707535	2.9556920481297976E-4
643	file:/home/ulrike/Git/johnson-topics/data/letters-leipzig-txt/uj1173.txt	1.8609944134017164E-4	2.04844401473009E-4	1.6860138644428556E-4	2.1429235498701782E-4	1.50896916972072E-4	2.517769601431475E-4	0.036874190765420485	1.8149225727716081E-4	1.6096266101326909E-4	2.444398393988968E-4	1.363324068716875E-4	2.2118611457660955E-4	0.045934238518435866	1.6148220098869908E-4	0.37640996850974134	1.746290940304232E-4	1.4028596237507734E-4	1.5961557197381225E-4	1.3009187798848735E-4	0.18329862812045888	3.820654027331982E-4	4.446137015048599E-5	2.0822554383222346E-4	1.1358075880121703E-4	1.5985808439787302E-4	1.8015308157200038E-4	1.1536061458319203E-4	1.835429777034238E-4	2.0718700532036503E-4	6.29974483118029E-5	1.538374701172966E-4	2.3216970721607423E-4	9.126170808444867E-5	0.04594563302499391	9.158631585782544E-5	1.3455344189431024E-4	1.1667977740331555E-4	0.3058372333218683	1.2116552160608638E-4	2.1439206164216407E-4
644	file:/home/ulrike/Git/johnson-topics/data/letters-leipzig-txt/uj0636.txt	2.814277766554983E-4	3.097747314646616E-4	0.12485487544229334	0.028012931008786428	2.281929679197412E-4	3.8074821501826153E-4	3.8503900136217724E-4	2.7446058987536315E-4	2.434148296593441E-4	3.6965269767958754E-4	2.0616787388340045E-4	3.344873902043607E-4	2.4160815980324733E-4	0.08331080649783727	0.5000015712219799	2.640818119518844E-4	0.05558988394603726	0.16637458969610885	1.9673067108415526E-4	3.0357681549349013E-4	5.777761397555647E-4	6.72364433681264E-5	3.148878439482725E-4	1.717618289989513E-4	2.4174444022250345E-4	2.7243542935612516E-4	1.744534053512578E-4	2.77561779679852E-4	3.1331732024192144E-4	9.526751765446226E-5	2.3263980197705153E-4	3.5109726304414016E-4	1.3800997689747182E-4	2.588394347798043E-4	0.013982935195899741	2.0347764464506474E-4	1.7644830150376884E-4	0.019478643922061382	1.8323184157535623E-4	3.242131239408434E-4
645	file:/home/ulrike/Git/johnson-topics/data/letters-leipzig-txt/uj0362.txt	1.7489164021163893E-4	1.9250768892046459E-4	1.5844740212464243E-4	2.0138664134938645E-4	1.4180918073733334E-4	2.3661374375888761E-4	2.392802277513463E-4	1.7056192287485207E-4	1.5126871738418242E-4	2.297184996240743E-4	1.2812181530521915E-4	2.0786522566520167E-4	1.5014597300475863E-4	0.008755299436664296	0.41396555174173466	0.008767654560737729	1.3183726872988426E-4	1.5000275650904426E-4	1.2225712100892634E-4	1.8865603041335498E-4	3.590555913060958E-4	4.178369314640591E-5	1.9568520266652237E-4	1.0674038062756642E-4	1.5023066367152822E-4	1.6930339875505652E-4	1.084130449558853E-4	1.7248913907916654E-4	0.017401794146914774	5.920343975810127E-5	1.4457263966549734E-4	2.181873336645544E-4	8.576549021568543E-5	1.6085424771524265E-4	8.607054855171524E-5	0.2238185541689869	1.0965276146258828E-4	0.3218324178185252	1.1386835263009971E-4	2.014803431914391E-4
646	file:/home/ulrike/Git/johnson-topics/data/letters-leipzig-txt/uj0051.txt	3.374972845823746E-4	3.7149186886956484E-4	3.057640027933115E-4	3.8862603452248545E-4	2.7365638157309777E-4	4.566055639758358E-4	4.6175121362351573E-4	3.2914200903914973E-4	2.919109300915727E-4	4.4329946101279003E-4	2.4724317702635594E-4	4.0112808786179705E-4	2.8974431321453323E-4	2.928531324414395E-4	0.1679480230930869	3.166954431454589E-4	2.544130762868313E-4	2.8946794106574146E-4	2.3592577845024697E-4	3.640591277407434E-4	6.928878186131949E-4	8.063211574704359E-5	3.7762367859883457E-4	2.0598233611108507E-4	0.5813841647875018	3.2671337109797414E-4	2.0921016145563723E-4	3.328610560729141E-4	3.7574025581603454E-4	1.1424788590304304E-4	2.789891686816276E-4	4.2104718414754234E-4	1.6550602432250354E-4	3.1040861502436875E-4	1.660947108939411E-4	2.4401696718441183E-4	2.1160250539018944E-4	0.2391944290354403	2.1973754586566822E-4	3.8880685572820385E-4
647	file:/home/ulrike/Git/johnson-topics/data/letters-leipzig-txt/uj0944.txt	0.03854935036117073	1.7181289533711475E-4	1.414141277698594E-4	1.7973735037020097E-4	1.2656453393885896E-4	2.1117749955725006E-4	2.1355733351444684E-4	1.522263238820626E-4	1.3500715973192103E-4	2.0502350194031337E-4	0.015471652483499894	1.855194795684052E-4	1.3400511163901618E-4	1.3544292300775434E-4	0.19285479330413616	1.4646985731468787E-4	0.26887048299984107	1.3387729107804683E-4	1.0911434267335727E-4	1.6837529446170379E-4	3.204567104577716E-4	3.729189902813484E-5	1.7464882277328704E-4	9.526566937585987E-5	1.3408069796363162E-4	1.5110309252394785E-4	9.675852040319888E-5	1.539463621717575E-4	1.737777503526673E-4	5.2839003240844076E-5	1.290309179168476E-4	1.9473194932115312E-4	7.654560332939214E-5	1.43562234746102E-4	7.681786755038986E-5	1.1285647185472035E-4	9.786496598783137E-5	0.4561654130693907	1.0162737635236986E-4	0.023215776840826624
648	file:/home/ulrike/Git/johnson-topics/data/letters-leipzig-txt/uj0160.txt	9.904860779238979E-5	1.0902532879117878E-4	0.13164868465741214	1.1405385888944611E-4	8.031259760166339E-5	1.3400447200050564E-4	1.355146158063166E-4	0.00984170384641826	8.566993734699181E-5	1.3009940065967178E-4	7.256085778862245E-5	1.1772295797371673E-4	8.503407923762715E-5	8.594645462661528E-5	0.3221523439909111	9.29436892405439E-5	7.466507779928281E-5	8.49529696174289E-5	6.923943084978862E-5	1.0684397002320531E-4	2.033485213810427E-4	2.366389056428154E-5	1.1082489057930854E-4	6.0451637846133226E-5	8.50820431804799E-5	9.588374790764974E-5	6.139893911692863E-5	9.76879687583967E-5	1.1027214419276603E-4	3.352943729880064E-5	8.187766245664938E-5	1.235688087278258E-4	4.85726612902458E-5	9.10986326985496E-5	4.874542885902525E-5	7.161403063507634E-5	6.210104353940177E-5	0.23099298465248083	0.3021628161314543	1.1410692624584843E-4
649	file:/home/ulrike/Git/johnson-topics/data/letters-leipzig-txt/uj0892.txt	1.9691590700382207E-4	0.019590739496077498	0.30047523242290597	2.2674744825870047E-4	1.5966734266182825E-4	2.6641073241390163E-4	2.694130092137005E-4	1.9204094433887238E-4	1.7031812755009424E-4	2.586471637769075E-4	1.442563145801203E-4	2.340418867184559E-4	1.690539949275164E-4	1.7086786421104173E-4	0.6695235043200638	1.8477888054161312E-4	1.484396585076118E-4	1.6889274304539455E-4	1.3765307388058124E-4	2.1241365965595294E-4	4.0427179561741125E-4	4.7045552457151384E-5	2.2032802210371523E-4	1.2018229596208937E-4	1.6914935076866187E-4	1.9062393310702715E-4	1.2206560046380981E-4	1.9421085667090728E-4	2.192291216903218E-4	6.665898394917572E-5	1.627788065411121E-4	2.456638673713007E-4	9.656601810705187E-5	1.811107726243198E-4	9.690949272285223E-5	1.4237395265831343E-4	1.2346143562236636E-4	0.0039422743010646905	1.282079001034775E-4	2.2685295006080717E-4
650	file:/home/ulrike/Git/johnson-topics/data/letters-leipzig-txt/uj0387.txt	3.862915041246918E-5	4.2520091079633926E-5	3.49970331442433E-5	4.4481227635200155E-5	3.1322069859614264E-5	5.2262005698264575E-5	5.285096473079741E-5	3.76728251013004E-5	3.341144281947218E-5	5.073902025143547E-5	2.829887619874091E-5	4.5912183441278955E-5	3.316345691542878E-5	3.351928509837236E-5	0.0021201892032881755	3.624822025856502E-5	2.911952611098503E-5	3.313182400520046E-5	2.7003513208145728E-5	4.166935690143904E-5	0.9939390538052709	9.228963519284077E-6	4.3221923690304276E-5	2.3576256780237304E-5	3.318216294678177E-5	3.7394848878637774E-5	2.3945706125271816E-5	3.8098498532824757E-5	4.300635152042124E-5	1.30765460063371E-5	3.1932448208548196E-5	4.81920766482855E-5	1.8943432732014513E-5	3.55286446050677E-5	1.9010812421134092E-5	2.7929611760359245E-5	2.4219528220760765E-5	0.0026736645360252403	2.5150645940797098E-5	4.450192400780091E-5
651	file:/home/ulrike/Git/johnson-topics/data/letters-leipzig-txt/uj0151.txt	1.4393324546251466E-4	1.5843099423894978E-4	1.3039987957861357E-4	1.6573824138841616E-4	1.1670686829401903E-4	1.9472962812310608E-4	1.9692410519784784E-4	1.403699518284398E-4	1.2449192770855113E-4	1.890549436992019E-4	1.054423680234994E-4	0.26923344465314303	1.2356792561125417E-4	1.248937509180817E-4	0.29820402261061196	1.3506183616120184E-4	1.085001314999567E-4	1.234500605434499E-4	1.0061581094684647E-4	1.5526113598460025E-4	2.954974662917557E-4	3.4387364397145164E-5	1.6104604127846752E-4	8.784576202177634E-5	1.2363762478334597E-4	1.3933420500351535E-4	8.922234014210831E-5	1.419560223956736E-4	1.6024281361978605E-4	4.87235594372389E-5	1.1898115431336037E-4	1.7956496385504168E-4	7.058373596638973E-5	1.3238067807054275E-4	7.083479448643695E-5	1.0406647887029116E-4	9.024260857830848E-5	0.42771688498284516	9.371197805502434E-5	1.6581535662512007E-4
652	file:/home/ulrike/Git/johnson-topics/data/letters-leipzig-txt/uj0070.txt	1.1941327318540231E-4	1.314412353817015E-4	1.0818540493148203E-4	1.375036450584133E-4	9.682508791782913E-5	1.6155615893766707E-4	0.035409561203871585	1.1645700998993087E-4	1.0328391140676532E-4	0.2586288672113015	8.747956914085609E-5	1.419271209765471E-4	1.0251731912633805E-4	1.0361728139740036E-4	0.47650321041456545	1.1205316663716857E-4	9.001642255632108E-5	1.0241953314579202E-4	8.347524771471694E-5	1.288113832688745E-4	0.041365706015030215	2.8529251360150156E-5	1.3361079200858888E-4	7.28806603698669E-5	1.0257514458737765E-4	1.1559770942904812E-4	7.402272937981679E-5	1.1777288303460382E-4	1.3294439944912159E-4	4.042318155856127E-5	9.871193439903403E-5	1.489748946773618E-4	5.8559333657184285E-5	1.0982876141025727E-4	5.876762271190257E-5	8.633807172796216E-5	7.486918839700156E-5	0.1844959506750602	7.774752803127364E-5	1.3756762320882385E-4
653	file:/home/ulrike/Git/johnson-topics/data/letters-leipzig-txt/uj0049.txt	3.6150511868026427E-4	3.979179041710686E-4	3.275144932046701E-4	4.1627090690859005E-4	2.931228997015782E-4	4.890861530913006E-4	4.945978379893685E-4	3.525554914837154E-4	3.1267598362280674E-4	4.748335218833786E-4	2.6483079460742464E-4	4.2966229250675095E-4	3.103552446804534E-4	3.136852094384482E-4	0.19767871207441032	3.3922354042482554E-4	2.725107239031255E-4	0.3737682610169881	2.5270833406534714E-4	3.899564357781623E-4	7.421763212401075E-4	8.63678728812447E-5	4.0448589954515706E-4	2.20634868082031E-4	3.1053030227328404E-4	3.4995409263618836E-4	2.2409230444542396E-4	3.5653909253989015E-4	4.0246849967936625E-4	1.223748973371911E-4	2.98835034064233E-4	4.5099833162686543E-4	1.7727927808083456E-4	3.324894994418013E-4	1.779098408100617E-4	2.61375088665249E-4	2.2665482751595617E-4	0.41626301482753736	2.353685532462114E-4	4.1646459081189617E-4
654	file:/home/ulrike/Git/johnson-topics/data/letters-leipzig-txt/uj0293.txt	1.1667178306440417E-4	1.2842360728493833E-4	1.0570168422821185E-4	1.3434683615038182E-4	9.460217739112937E-5	1.5784715237667648E-4	1.5962598778319665E-4	0.17803829605887042	1.0091271919984818E-4	0.0058927476818014315	8.547121304951542E-5	1.3866875790115595E-4	1.0016372634624812E-4	1.0123843568169325E-4	0.2704206350357682	1.0948064985433652E-4	0.05748295391218857	1.0006818533640332E-4	8.155882284122354E-5	1.258541313212167E-4	2.3952920794974804E-4	2.7874276760786395E-5	1.3054335522723904E-4	7.120746604995577E-5	1.0022022425025863E-4	1.1294381702700576E-4	7.232331543770827E-5	1.150690529933693E-4	1.2989226170924135E-4	3.94951460902591E-5	9.64457056477343E-5	1.4555472880182618E-4	5.721492837935434E-5	1.0730731252626093E-4	5.7418435533613906E-5	8.435592213609273E-5	7.315034144739278E-5	0.4844538139979471	7.596260015563595E-5	1.3440934549031067E-4
655	file:/home/ulrike/Git/johnson-topics/data/letters-leipzig-txt/uj0635.txt	2.6666070990576243E-4	2.9352024446524977E-4	2.4158785795679868E-4	3.070581571696572E-4	2.1621923586977328E-4	3.6076961030185456E-4	3.6483525068078254E-4	2.600591050644921E-4	2.30642376704726E-4	3.502562964937284E-4	1.9534984166402172E-4	3.1693618158951537E-4	2.2893050635519098E-4	0.026467366307331704	0.14581576572817928	2.502249219503747E-4	2.0101486628523317E-4	2.2871214135860681E-4	1.8640782738285174E-4	2.8764754528661825E-4	5.474590938563625E-4	6.370841547041334E-5	2.9836506192041073E-4	1.6274914935507552E-4	2.2905963587387947E-4	2.581402086849276E-4	1.6529949342345869E-4	2.62997569364801E-4	2.9687694666954105E-4	9.026864437690655E-5	2.204327358328812E-4	3.32674501863146E-4	1.307683230522324E-4	0.10518917556293532	1.3123345147317888E-4	1.928007740239003E-4	1.671897134669054E-4	0.7137100176722543	1.7361730790218388E-4	3.07201026203826E-4
656	file:/home/ulrike/Git/johnson-topics/data/letters-leipzig-txt/uj0577.txt	1.2846938441395402E-4	1.414095279833689E-4	1.1639001262902211E-4	1.4793170109240962E-4	1.0416814738272412E-4	1.7380831907002955E-4	0.31616908819648065	1.252889229563891E-4	1.11116797692089E-4	1.6874330985454367E-4	9.411387944181699E-5	1.526906463337002E-4	1.1029206828189962E-4	1.1147544992844864E-4	0.37360338878147115	1.2055109918275839E-4	9.684312375393979E-5	1.1018686636933201E-4	8.980587669732319E-5	1.3858023210174558E-4	2.63749889529669E-4	3.0692864053218965E-5	1.4374362030721547E-4	7.840781283050726E-5	1.1035427913321491E-4	1.2436445441835837E-4	7.96364945235274E-5	1.2670458970353185E-4	1.430266896042116E-4	4.348881085286842E-5	1.0619808927660113E-4	1.6027291189497282E-4	6.300037965586446E-5	1.1815799862897999E-4	6.322446501862206E-5	9.288581269485731E-5	8.054714763577004E-5	0.3059255570399434	8.364377593415943E-5	1.480005312431955E-4
657	file:/home/ulrike/Git/johnson-topics/data/letters-leipzig-txt/uj1172.txt	1.1154985935744156E-4	1.2278577522812232E-4	1.0106135090943932E-4	1.2844897269993454E-4	9.044911550775664E-5	1.509176185116772E-4	1.5261836254940075E-4	1.0878826732598946E-4	9.648262277697576E-5	1.4651967523352582E-4	0.016544323239152347	1.3258116088451548E-4	9.576651091784102E-5	9.679404021473071E-5	0.5768261092223036	1.0467441889416463E-4	8.408880359913916E-5	9.567516418488527E-5	7.797836784816124E-5	1.2032909997342723E-4	0.3569187722582672	2.6650588262971132E-5	1.2481246564654457E-4	6.808143849732401E-5	9.582052854816116E-5	1.0798555206532144E-4	6.914830178678936E-5	0.011085086980324383	1.241899553149669E-4	3.776129819870864E-5	9.221171236146404E-5	1.3916483574860137E-4	5.4703177119869296E-5	1.0259649167889884E-4	5.4897750253489414E-5	8.065267370649566E-5	6.993902112476612E-5	0.035158446764264537	7.262782089401363E-5	1.2850873786246524E-4
658	file:/home/ulrike/Git/johnson-topics/data/letters-leipzig-txt/uj0408.txt	1.0306617140738542E-4	1.1344756352851579E-4	9.337534422269392E-5	1.1868005852856201E-4	8.357019987535248E-5	1.3943989914032352E-4	1.4101129669762946E-4	1.0051460640039715E-4	8.91448415466112E-5	1.353764321099129E-4	7.550403759318342E-5	1.2249798190536258E-4	0.020369250910753416	8.943257479167118E-5	0.3909914489343561	9.671362798535643E-5	7.769360799837427E-5	8.839879250507817E-5	7.204788847786736E-5	1.111777254995735E-4	2.1159664963718168E-4	2.462373429999128E-5	1.1532011830588656E-4	6.290364909687772E-5	8.85331014900309E-5	9.97729399462761E-5	6.388937436173837E-5	1.0165034276499753E-4	1.1474495167719843E-4	3.4889442757991854E-5	8.519874616391582E-5	0.4260247030419875	5.054284301245868E-5	9.479373311705003E-5	5.0722618299101615E-5	7.451880567649567E-5	6.461995721762442E-5	0.15923934391046243	6.71042660235137E-5	1.1873527837842161E-4
659	file:/home/ulrike/Git/johnson-topics/data/letters-leipzig-txt/uj0410.txt	6.885405203163862E-5	7.578941116556617E-5	6.238002946833853E-5	7.928501479640653E-5	0.5115194008504493	9.31537665520221E-5	9.420354930513772E-5	6.714946179262747E-5	5.9553813578086564E-5	9.043913995320489E-5	5.04409823519196E-5	8.183560429875607E-5	5.911179416637811E-5	5.974603571611751E-5	0.19007378331497934	6.461019248644662E-5	5.1903739651888E-5	5.9055410476249903E-5	4.8132078588778354E-5	7.42730305373343E-5	1.4135857114796175E-4	1.645005203504972E-5	7.704038403389512E-5	4.202320769999997E-5	5.914513650091903E-5	6.665398650791624E-5	4.2681728121868984E-5	6.790819814301851E-5	7.665614008228835E-5	2.3308127916367986E-5	5.691759790138348E-5	8.589937178589025E-5	3.3765487696745855E-5	6.332759375058076E-5	3.388558779138882E-5	4.978279151463011E-5	4.316979893390845E-5	0.29606277360308714	4.4829458213452635E-5	7.932190479012118E-5
660	file:/home/ulrike/Git/johnson-topics/data/letters-leipzig-txt/uj0040.txt	9.856832832235209E-5	1.084966729291775E-4	8.93004121611877E-5	1.1350082005200992E-4	7.992316767757674E-5	1.3335469409620653E-4	0.2522790622507192	9.612811448778034E-5	8.52545300734901E-5	1.294685581612894E-4	7.220901548512186E-5	1.1715212794261324E-4	0.05827174592490006	8.552970654100653E-5	0.25755419960361575	9.24930120749914E-5	7.430303228652885E-5	8.454103886811935E-5	6.890369390309724E-5	1.0632589141066159E-4	2.023624992424323E-4	2.354914608606469E-5	1.1028750877353918E-4	6.015851226633197E-5	8.466948656288366E-5	0.02918898089946539	6.110122014240487E-5	9.721428692772744E-5	1.0973744261388235E-4	3.33668555045135E-5	0.004930407657789506	1.2296963259308006E-4	4.833713600076675E-5	9.065690207750618E-5	4.850906583221478E-5	7.126677942733831E-5	6.179992011177716E-5	0.3947364350099568	6.41758128289433E-5	1.1355363008867422E-4
661	file:/home/ulrike/Git/johnson-topics/data/letters-leipzig-txt/uj0484.txt	6.250281140896246E-5	6.879843862640079E-5	5.662596611966304E-5	7.197160052540574E-5	5.067979503742546E-5	0.046205598505357846	0.0031602498474913253	0.015434634601281947	5.406044624716138E-5	8.209684603436986E-5	4.578820148124557E-5	7.428691835991428E-5	5.365919962312219E-5	0.0031289707664506534	0.48923877355395307	5.865041427368019E-5	4.711603101283213E-5	5.36080168815603E-5	4.3692275791893996E-5	6.742193209361127E-5	1.2831936324446974E-4	1.4932665103600337E-5	6.993401916174772E-5	3.814689982901575E-5	5.368946639154401E-5	6.050568449400045E-5	3.8744676960826636E-5	6.164420504555352E-5	6.95852186694938E-5	2.115813783600284E-5	5.166740057428492E-5	7.797583550224178E-5	3.0650889052565806E-5	5.7486125106437564E-5	3.07599108652867E-5	0.40283558432702693	3.918772710847959E-5	0.03814814189629342	4.0694295972499656E-5	7.200508770955818E-5
662	file:/home/ulrike/Git/johnson-topics/data/letters-leipzig-txt/uj0471.txt	1.7339978777350168E-4	1.908655688927227E-4	1.5709582155229427E-4	1.9966878249951927E-4	0.008670752462189468	0.01729490126324094	2.3723913081419765E-4	1.691070035877649E-4	1.4997837209054576E-4	2.277589656901785E-4	1.2702891662629798E-4	2.0609210350031537E-4	1.4886520489238589E-4	1.5046245802240375E-4	0.3080725270499515	1.6271219099795242E-4	1.3071267666502613E-4	1.487232100552828E-4	1.2121424906927221E-4	1.8704676562173388E-4	3.5599279219992585E-4	4.142727185365909E-5	0.008724168913412047	1.0582986885642498E-4	1.489491731348157E-4	1.6785921487118415E-4	1.0748826510221362E-4	1.7101778034311687E-4	1.9304831058739776E-4	5.8698425362659876E-5	1.4333941293886873E-4	0.1025781613877575	8.503389746756166E-5	0.14517208203905696	8.53363536093309E-5	1.2537135039551145E-4	1.0871740663751782E-4	0.4043886674294618	1.1289703816765705E-4	1.9976168505052888E-4
663	file:/home/ulrike/Git/johnson-topics/data/letters-leipzig-txt/uj1109.txt	0.6219088150795398	6.922413045468633E-5	5.697634051081476E-5	7.241692636163102E-5	5.099337736628865E-5	8.508429329336645E-5	8.604313829734733E-5	6.13326193145928E-5	5.439494642856601E-5	8.260482204636378E-5	4.6071516969091226E-5	7.474657027536045E-5	5.399121708235476E-5	5.4570517265635375E-5	0.36851551611448524	5.9013314981608266E-5	4.74075624746481E-5	5.39397176464715E-5	4.396262269416613E-5	6.783910675792783E-5	1.2911334208228327E-4	1.5025061292177325E-5	7.03667374191777E-5	3.8382934597476435E-5	5.402167112706138E-5	6.0880064726577925E-5	3.898441048823052E-5	6.202562989868936E-5	7.001577871632745E-5	0.0031150498778073584	5.19870937337862E-5	7.845831267236035E-5	3.0840542092080524E-5	5.784182174993988E-5	3.0950238479627634E-5	4.5470342112552585E-5	3.9430202018262816E-5	0.004352815291181947	4.094609280974181E-5	7.245062074846031E-5
664	file:/home/ulrike/Git/johnson-topics/data/letters-leipzig-txt/uj1092.txt	8.027393343681135E-5	8.835956588762869E-5	7.272615315401893E-5	9.243493756008473E-5	6.50893360109266E-5	1.0860390979094751E-4	1.0982780567448961E-4	7.828662609111522E-5	6.943119142616162E-5	1.0543904514653822E-4	5.880693932064885E-5	9.540855851476951E-5	6.891586029042893E-5	6.965529482542544E-5	0.34006754411058115	7.532620285895982E-5	6.0512304199943344E-5	6.885012500754108E-5	5.6115089218504716E-5	8.65916839108407E-5	1.6480378708634433E-4	1.917839753987008E-5	0.22518057188535837	4.8993023332323625E-5	6.8954732662709E-5	7.770897308666723E-5	4.9760763544440766E-5	7.917120367936513E-5	8.937004729454349E-5	2.7173928820274262E-5	6.63577426528127E-5	1.001463276240587E-4	3.9365708071684334E-5	7.383087698472189E-5	3.95057275290533E-5	5.803958335680495E-5	5.0329783997443346E-5	0.43204379618017935	5.226470829896009E-5	9.247794599332225E-5
665	file:/home/ulrike/Git/johnson-topics/data/letters-leipzig-txt/uj0457.txt	0.012113420631700228	2.6564266267230897E-4	2.1864264243123255E-4	2.7789478921429894E-4	1.9568344814532425E-4	0.13091945611858768	3.301844055224491E-4	2.353595515953866E-4	2.0873672677854013E-4	3.1699011217385117E-4	1.7679615996091336E-4	2.8683463155333017E-4	2.0718744421157874E-4	2.094104673418433E-4	0.09635040726681657	2.264593866599132E-4	1.8192313928468864E-4	2.0698981879997306E-4	1.6870342861411515E-4	2.603277330335465E-4	4.954632402310878E-4	5.7657600929798686E-5	2.700273353932484E-4	1.4729177355756116E-4	2.0730430943576966E-4	0.20205909296112823	1.4959989438340096E-4	2.380189302775068E-4	2.6868055640590977E-4	8.169522716154639E-5	1.9949676382107544E-4	3.01078178233027E-4	0.09509504017115294	2.2196386494921885E-4	1.1876933239996587E-4	1.7448919433240174E-4	1.513105875803644E-4	0.4559708177141488	1.571277103600071E-4	2.780240890202431E-4
666	file:/home/ulrike/Git/johnson-topics/data/letters-leipzig-txt/uj0599.txt	5.7224321280923665E-5	0.2534191178126862	5.184378758376377E-5	6.589345181003402E-5	0.019751876525013926	7.741971472138808E-5	7.82921848777103E-5	5.5807643298854015E-5	4.949493110631614E-5	7.516359964805766E-5	0.23087750598883588	6.801323632280509E-5	4.91275705794965E-5	0.09013183407912444	0.37191472066116193	5.369726695486032E-5	4.313698592722272E-5	4.9080710325035104E-5	4.000237383004416E-5	6.172801217310034E-5	0.022638027379084977	1.3671571025464816E-5	6.40279483556843E-5	3.492531619743736E-5	4.9155281257484614E-5	5.539585581442181E-5	3.547260982909998E-5	5.6438225979192746E-5	6.370860477766372E-5	1.9371289865848807E-5	4.730398302993936E-5	7.13906168753379E-5	2.8062358846764834E-5	5.263130438664475E-5	2.816217354465016E-5	0.0028564423806280814	3.587824348655204E-5	0.003960704203257168	0.002852325685562585	6.592411093306441E-5
667	file:/home/ulrike/Git/johnson-topics/data/letters-leipzig-txt/uj0568.txt	0.05158969442513699	1.1519981910793884E-4	9.481757411997714E-5	0.03616003857350532	8.486098430871124E-5	0.005290097254028376	1.431892882182494E-4	1.0206710584948701E-4	9.05217291686849E-5	1.374673902681051E-4	7.667023602906581E-5	1.2439002582050388E-4	8.984986016366291E-5	9.081390660071866E-5	0.43821854069718047	9.82074193808939E-5	7.889362546782339E-5	8.976415701854654E-5	7.3160704924906E-5	1.1289492227097199E-4	2.148648679962369E-4	2.5004060456599704E-5	1.1710129645054036E-4	6.387522809485565E-5	8.990054047439075E-5	0.16485343028495525	6.487617839004229E-5	1.0322038424249E-4	1.1651724607941766E-4	3.542832802651757E-5	8.651468432673096E-5	1.305669477970039E-4	5.132350304528717E-5	9.625787075546603E-5	5.150605505308008E-5	7.566978670206666E-5	6.561804547139463E-5	0.2955599714275965	6.814072569603223E-5	0.005269072839820749
668	file:/home/ulrike/Git/johnson-topics/data/letters-leipzig-txt/uj0028.txt	4.595820908014724E-4	5.058737287978087E-4	4.163697490765413E-4	5.292059333358456E-4	3.7264765599568284E-4	6.217760833935881E-4	6.287830980619843E-4	4.48204414065112E-4	3.975055258453289E-4	6.036566883657337E-4	3.3667985321652965E-4	5.462304253109506E-4	3.9455516636155495E-4	3.9878855639310256E-4	0.8617382354421006	4.312554813239226E-4	3.4644336078679854E-4	3.9417882054846735E-4	0.06814670659372789	4.957523000799545E-4	9.435300576215468E-4	1.0979962812627584E-4	5.142236328252195E-4	2.804934943854298E-4	3.947777173860535E-4	4.448972511521231E-4	2.848889392922738E-4	4.532687730678265E-4	5.116589088409852E-4	1.5557542140802948E-4	3.799095024196326E-4	5.733549692290048E-4	2.253754568499656E-4	4.2269448322292927E-4	2.2617709235249356E-4	3.322866081972114E-4	2.8814667936185163E-4	0.054417833798500036	2.9922445415077033E-4	5.294521640214885E-4
669	file:/home/ulrike/Git/johnson-topics/data/letters-leipzig-txt/uj0629.txt	1.4921592863235335E-4	1.6424577833665764E-4	1.3518585690432003E-4	1.7182121836547095E-4	1.209902804199685E-4	2.0187665607935954E-4	2.0415167554076172E-4	1.4552185387645058E-4	1.2906106952963246E-4	1.9599369760588483E-4	1.0931234692348012E-4	1.7734868653797789E-4	1.281031544172249E-4	1.2947764058077123E-4	0.529362684277284	1.4001891808125143E-4	1.1248233739518457E-4	1.279809634286926E-4	1.0430864403346652E-4	1.6095957894932516E-4	3.0634290708546016E-4	3.5649460242842044E-5	1.6695680365374151E-4	9.106990476296778E-5	1.2817541171021628E-4	1.4444809274633447E-4	0.3377537857959016	1.4716613690366734E-4	1.6612409568131858E-4	0.07345513982451396	1.233480379989149E-4	0.0368884694123912	7.317432240704004E-5	1.3723935528446842E-4	7.343459535572213E-5	1.0788595945454323E-4	9.355472113442483E-5	0.017668242011440523	9.715142449905314E-5	1.7190116390980646E-4
670	file:/home/ulrike/Git/johnson-topics/data/letters-leipzig-txt/uj0871.txt	0.4108180839999165	1.5843099423894978E-4	1.3039987957861357E-4	1.6573824138841616E-4	1.1670686829401903E-4	1.9472962812310608E-4	0.0710028121663106	1.403699518284398E-4	1.2449192770855113E-4	1.890549436992019E-4	1.054423680234994E-4	1.7107002091458116E-4	1.2356792561125417E-4	1.248937509180817E-4	0.4822993315695051	1.3506183616120184E-4	1.085001314999567E-4	1.234500605434499E-4	1.0061581094684647E-4	1.5526113598460025E-4	2.954974662917557E-4	3.4387364397145164E-5	1.6104604127846752E-4	8.784576202177634E-5	1.2363762478334597E-4	1.3933420500351535E-4	8.922234014210831E-5	1.419560223956736E-4	1.6024281361978605E-4	4.87235594372389E-5	1.1898115431336037E-4	1.7956496385504168E-4	7.058373596638973E-5	1.3238067807054275E-4	7.083479448643695E-5	0.007184655284981567	9.024260857830848E-5	0.024123323034502445	9.371197805502434E-5	1.6581535662512007E-4
671	file:/home/ulrike/Git/johnson-topics/data/letters-leipzig-txt/uj0863.txt	0.004428298409942936	4.9043990420886077E-5	4.036666231667156E-5	0.0022431772016034686	3.612784580541571E-5	0.0022521517920877005	6.095994016422347E-5	4.3453003662093766E-5	3.8537793310867105E-5	5.852395796885884E-5	3.2640800571512775E-5	5.2956534845584236E-5	3.825175868597317E-5	3.866218193655094E-5	0.1536846030261855	4.180982029896764E-5	3.3587363605905695E-5	3.8215272307255947E-5	3.1146688764853226E-5	4.806272726206621E-5	9.147436696856925E-5	1.0644972457532474E-5	4.9853505898412157E-5	2.7193585016663695E-5	3.827333480209132E-5	4.313237727453577E-5	2.761971933761189E-5	4.394398858635009E-5	4.960485827875037E-5	1.5082893305001697E-5	3.683187510399288E-5	5.558623430684971E-5	2.1849942223962383E-5	4.0979839446124905E-5	2.1927660044969725E-5	3.22148795276268E-5	0.4230590724293735	0.41296379733412564	2.900953425262912E-5	5.13298979219491E-5
672	file:/home/ulrike/Git/johnson-topics/data/letters-leipzig-txt/uj0279.txt	0.004369277446523521	8.871271712642137E-6	7.301682152502056E-6	0.013092934346752003	6.53494819205804E-6	4.0737815814463954E-4	1.1026676013559634E-5	7.85995182913795E-6	6.970869065351392E-6	1.0586045882186085E-5	5.904197605110433E-6	9.578988282631904E-6	6.919129986722562E-6	6.993368973840353E-6	0.45718081402130195	0.018641857687668652	6.075415685025613E-6	6.91253018567389E-6	5.6339367292682665E-6	8.693776936446491E-6	1.6546246689064853E-5	1.9255048831456063E-6	9.017700086334682E-6	0.005159085575070675	6.923032760272289E-6	7.801955655134568E-6	4.995964495713736E-6	7.948763131654515E-6	0.05829070377311008	2.728253626452029E-6	6.662295806877717E-6	1.0054658762200789E-5	3.952304302949916E-6	7.412596066249215E-6	0.4361257633304536	5.827155315606283E-6	5.053093964356173E-6	0.006504941230723627	5.247359735693022E-6	9.284755737450624E-6
673	file:/home/ulrike/Git/johnson-topics/data/letters-leipzig-txt/uj1031.txt	1.429212786567029E-4	1.5731709656599467E-4	1.2948306325038194E-4	1.645729678742969E-4	0.28837895511733447	1.9336052177706755E-4	1.955395699080054E-4	1.3938303785087112E-4	1.2361664904705954E-4	1.8772573496161367E-4	1.0470102313112873E-4	1.6986726069001466E-4	1.226991434297659E-4	1.2401564711533422E-4	0.6546785421650321	1.3411224251806594E-4	1.0773728806408932E-4	0.028245808330702615	9.990840064361283E-5	1.5416952497184115E-4	2.9341988076849574E-4	3.4145593490101125E-5	1.5991375771564294E-4	8.722813546224441E-5	1.2276835256046163E-4	1.3835457316151365E-4	8.859503512810323E-5	1.4095795706276269E-4	1.5911617739525002E-4	4.8380993516120116E-5	1.1814462083358383E-4	1.7830247732995727E-4	7.008747537281636E-5	1.314499351312881E-4	7.033676874897492E-5	1.0333480758839908E-4	8.960813025429337E-5	0.023953716616761045	9.305310726534745E-5	1.6464954092868905E-4
674	file:/home/ulrike/Git/johnson-topics/data/letters-leipzig-txt/uj0224.txt	2.3039316742185523E-4	2.535996354644251E-4	2.0873038185864853E-4	2.652963064488805E-4	1.868120527661349E-4	3.11702662369596E-4	3.15215349952369E-4	2.2468942257701012E-4	1.9927355525861155E-4	3.026192257087916E-4	1.6878102811710574E-4	2.738308570947774E-4	1.9779451009974917E-4	1.9991675149649165E-4	0.4886674260934872	2.161927505420908E-4	1.7367557357325842E-4	1.9760584412329216E-4	1.6105518431320124E-4	0.47627065407430114	4.7300119583436405E-4	5.504366817610001E-5	2.5778552711479123E-4	1.4061423607692177E-4	1.9790607718748703E-4	2.2303150823710442E-4	1.4281771722769946E-4	2.2722823715431878E-4	2.5649980494650554E-4	7.79915380268142E-5	1.9045249009481136E-4	2.8742866630717615E-4	1.1298300434696762E-4	2.1190103528978267E-4	1.1338487236193563E-4	1.6657864979227616E-4	1.4445085539450275E-4	0.027280212488715937	1.50004256348735E-4	2.6541974439112657E-4
675	file:/home/ulrike/Git/johnson-topics/data/letters-leipzig-txt/uj0344.txt	1.7445348198360583E-5	1.9202539698382275E-5	1.5805044185331462E-5	2.0088210486144225E-5	1.4145390441151525E-5	2.3602095236778274E-5	2.3868075598432522E-5	1.7013461194217213E-5	1.5088974196211145E-5	2.2914298297490856E-5	1.278008301083362E-5	2.0734445829840844E-5	1.497698104083163E-5	1.5137676952700221E-5	9.575007087349165E-4	1.6370094015254685E-5	1.3150697516076051E-5	1.4962695271469167E-5	1.2195082870449788E-5	1.8818338808526175E-5	0.9981210089830963	4.167901193392741E-6	1.95194950064689E-5	1.0647296260816448E-5	1.498542888984922E-5	1.6887924081869817E-5	1.081414363894835E-5	1.720569998674671E-5	1.942214024910743E-5	5.9055116635129345E-6	1.4421044001123572E-5	2.176407061906395E-5	8.555062085329726E-6	1.6045125754335554E-5	8.585491492283728E-6	1.2613319138575099E-5	1.0937804701881473E-5	3.492574516805655E-4	1.1358307681270172E-5	2.0097557195109033E-5
676	file:/home/ulrike/Git/johnson-topics/data/letters-leipzig-txt/uj0112.txt	4.595820908014724E-4	5.058737287978087E-4	4.163697490765413E-4	5.292059333358456E-4	3.7264765599568284E-4	6.217760833935881E-4	6.287830980619843E-4	4.48204414065112E-4	3.975055258453289E-4	6.036566883657337E-4	3.3667985321652965E-4	5.462304253109506E-4	3.9455516636155495E-4	3.9878855639310256E-4	0.43217712781845197	4.312554813239226E-4	3.4644336078679854E-4	3.9417882054846735E-4	3.21268547888613E-4	4.957523000799545E-4	9.435300576215468E-4	1.0979962812627584E-4	5.142236328252195E-4	2.804934943854298E-4	3.947777173860535E-4	4.448972511521231E-4	0.11332728568235773	4.532687730678265E-4	5.116589088409852E-4	1.5557542140802948E-4	3.799095024196326E-4	5.733549692290048E-4	0.04544233415407615	4.2269448322292927E-4	2.2617709235249356E-4	3.322866081972114E-4	2.8814667936185163E-4	0.3935450240276964	2.9922445415077033E-4	5.294521640214885E-4
677	file:/home/ulrike/Git/johnson-topics/data/letters-leipzig-txt/uj0867.txt	1.371362096841022E-4	1.5094932360204292E-4	1.2424193709528823E-4	1.5791149675448366E-4	1.1119555812497603E-4	1.8553380789952602E-4	1.8762465402268326E-4	1.3374118734997588E-4	1.1861297956116891E-4	1.801271020995772E-4	1.0046300730865389E-4	1.6299149083604553E-4	1.1773261210362784E-4	1.1899582726074692E-4	0.29761421315919234	1.2868373963641487E-4	1.0337637240317645E-4	1.176203130402607E-4	9.586437728965286E-5	1.4792915724061277E-4	2.815430331490778E-4	3.2763471700349304E-5	1.534408788920853E-4	8.369737513919593E-5	1.1779901983485127E-4	1.327543521451832E-4	8.500894638286358E-5	1.352523580679224E-4	0.02713754924614219	0.1079859173156764	0.1890074780899823	1.7108527259295642E-4	6.725052287030542E-5	1.261291952923661E-4	6.748972552107273E-5	9.915209249665107E-5	8.598103414306945E-5	0.37378749221937824	8.928656774999726E-5	1.5798497033757755E-4
678	file:/home/ulrike/Git/johnson-topics/data/letters-leipzig-txt/uj0697.txt	3.826556906629712E-5	4.2119887818909306E-5	3.4667637641449514E-5	4.406256596518394E-5	3.1027263471100534E-5	0.018875965946622	5.235352627568936E-5	3.7318244782598546E-5	0.14309698532494267	5.026145962456459E-5	2.8032524404988453E-5	0.005692738804286728	3.285131921164075E-5	3.320379830488447E-5	0.30328736715152227	3.590704846013747E-5	2.8845450279902115E-5	3.2819984033460936E-5	2.674935349770013E-5	4.1277160834101806E-5	7.855988148511406E-5	0.04706963168970786	4.281511471232597E-5	2.335435474288134E-5	3.2869849179994985E-5	3.7042884899362494E-5	2.372032679450464E-5	3.773991173410429E-5	4.260157152881427E-5	1.295346827489597E-5	0.09227019149346918	0.10734565475352494	1.876513528823738E-5	3.519424552315029E-5	1.8831880793125277E-5	2.7666735519658477E-5	2.3991571649618732E-5	0.279364178533382	2.4913925598500877E-5	0.001926502651145375
679	file:/home/ulrike/Git/johnson-topics/data/letters-leipzig-txt/uj1213.txt	5.769848391938693E-4	6.351019282622394E-4	5.227336694020502E-4	6.643944715376759E-4	4.678425294938681E-4	7.806121706479124E-4	7.894091653798505E-4	5.627006729621514E-4	4.990504775949088E-4	7.578640774656806E-4	4.2268655558179674E-4	6.857679627185071E-4	4.953464327106952E-4	5.00661265284649E-4	0.5709630676890914	5.414220430331029E-4	0.17073857547024024	4.948739473097368E-4	4.033383483640425E-4	6.223949254480109E-4	0.0011845599501537547	1.3784854119860092E-4	6.45584860754535E-4	3.5214708534587926E-4	4.956258356066148E-4	5.585486772692577E-4	3.576653705957203E-4	5.690587500571605E-4	6.423649640587359E-4	1.9531801021029421E-4	4.7695945414135874E-4	7.198216191250754E-4	2.829488448996055E-4	5.306740913363202E-4	2.839552625576818E-4	4.1717103219273235E-4	3.6175531811065247E-4	0.23862279711666162	3.756629708089191E-4	6.647036031931598E-4
680	file:/home/ulrike/Git/johnson-topics/data/letters-leipzig-txt/uj0742.txt	1.7795370472367095E-4	1.9587818142555703E-4	1.612215551172178E-4	0.35912614187597197	1.4429202588242237E-4	2.4075646062600813E-4	2.4346963036053732E-4	1.73548181168885E-4	1.5391718343277222E-4	2.337404921252877E-4	1.3036501722949915E-4	2.1150460333942733E-4	1.5277478164881978E-4	1.5441398268544064E-4	0.5350176988185242	1.6698542462816098E-4	1.341455221229709E-4	1.526290576681934E-4	1.2439764179729347E-4	1.9195908672302488E-4	3.6534206321895915E-4	4.251525678095367E-5	1.9911132820282502E-4	1.0860922885338751E-4	0.07018627154755594	1.7226762236498389E-4	1.103111787786285E-4	1.7550913975413374E-4	1.9811824743722723E-4	6.0239994459367336E-5	1.471038684240292E-4	2.2200743444570462E-4	8.72671026634198E-5	1.6367054060918782E-4	8.757750206837508E-5	1.286639191175533E-4	1.1157260067911453E-4	0.012316825617278022	1.1586199990340703E-4	0.01771336058020327
681	file:/home/ulrike/Git/johnson-topics/data/letters-leipzig-txt/uj0319.txt	1.8609944134017164E-4	2.04844401473009E-4	1.6860138644428556E-4	2.1429235498701782E-4	1.50896916972072E-4	2.517769601431475E-4	2.546143237857926E-4	0.14665979802381593	1.6096266101326909E-4	2.444398393988968E-4	0.2656282616087232	2.2118611457660955E-4	1.5976796639249855E-4	1.6148220098869908E-4	0.5320431683866889	1.746290940304232E-4	1.4028596237507734E-4	1.5961557197381225E-4	1.3009187798848735E-4	2.007459122854251E-4	3.820654027331982E-4	4.446137015048599E-5	2.0822554383222346E-4	1.1358075880121703E-4	1.5985808439787302E-4	1.8015308157200038E-4	1.1536061458319203E-4	1.835429777034238E-4	2.0718700532036503E-4	6.29974483118029E-5	1.538374701172966E-4	2.3216970721607423E-4	9.126170808444867E-5	1.711624729505401E-4	9.158631585782544E-5	1.3455344189431024E-4	1.1667977740331555E-4	0.04950019823042546	1.2116552160608638E-4	2.1439206164216407E-4
682	file:/home/ulrike/Git/johnson-topics/data/letters-leipzig-txt/uj0138.txt	5.690394432337947E-5	6.263562282849218E-5	5.155353416420612E-5	0.11763644469795034	4.6140008267154744E-5	7.698627152623662E-5	7.785385705784028E-5	5.5495197776258386E-5	4.9217828030442925E-5	7.474278757315163E-5	4.16865931151197E-5	6.763245638102362E-5	0.08122877358584488	4.937668865690551E-5	0.515396509622367	5.339663661743819E-5	4.2895478540160055E-5	4.880592631194303E-5	0.1008148528372651	0.042050996763006	0.002916132414165412	1.359502915948994E-5	6.366948050787377E-5	3.4729782789715954E-5	4.8880079750433247E-5	0.12602392874240032	3.527401233490851E-5	5.612225006678934E-5	0.008461274793256264	1.9262837467078354E-5	4.7039146229368934E-5	7.099092827930472E-5	2.7905248496697003E-5	5.23366419635083E-5	2.800450437049301E-5	4.114263595277187E-5	3.5677375005581815E-5	0.003938529744321383	3.704898867903078E-5	6.555502720053996E-5
683	file:/home/ulrike/Git/johnson-topics/data/letters-leipzig-txt/uj1018.txt	9.809268405673965E-5	1.0797311915490608E-4	8.886949048802725E-5	1.1295311862378345E-4	7.953749616379091E-5	1.327111872353422E-4	1.3420675655756984E-4	9.566424554327801E-5	0.009735899890372475	1.2884380395966453E-4	7.186056883166239E-5	1.1658680702453937E-4	8.421341051250199E-5	8.511698051482598E-5	0.18392843881583967	9.204668442034336E-5	7.39444808955676E-5	8.413308368585194E-5	6.857119717273431E-5	1.0581281280421287E-4	0.7819369834279776	2.343550901331983E-5	1.0975531327007825E-4	5.986821565813873E-5	8.426091155261992E-5	9.49583684143798E-5	0.014537391512150569	0.0049222735558539475	1.092079014702853E-4	3.3205842796350915E-5	8.108745648903077E-5	1.2237623914121908E-4	4.810388377922451E-5	9.02194346237584E-5	4.827498395839165E-5	7.09228795607156E-5	6.150170284344384E-5	0.0019638244231423973	6.386613062287729E-5	1.1300567382411712E-4
684	file:/home/ulrike/Git/johnson-topics/data/letters-leipzig-txt/uj1194.txt	1.1734528638355939E-4	1.2916494956575824E-4	1.063118611990112E-4	1.3512237105426972E-4	9.514828098874958E-5	1.5875834596824272E-4	1.605474499377269E-4	1.1444021945051278E-4	1.0149525123579519E-4	0.05788045626230115	8.596460694621531E-5	1.3946924167072347E-4	1.0074193472175493E-4	1.0182284795916793E-4	0.6529754146680498	1.1011264140467962E-4	8.84575273947542E-5	1.0064584218877785E-4	8.202963194730905E-5	1.2658064096174773E-4	2.409119220246647E-4	2.803518471491509E-5	1.3129693403378446E-4	7.16185205780828E-5	1.0079875876739865E-4	1.1359580016849727E-4	7.274081135420349E-5	0.023206263043941407	0.04631170156119317	3.972313705160085E-5	9.700245125636324E-5	1.4639496275036068E-4	5.754520913067749E-5	1.0792675819905199E-4	5.774989105693647E-5	8.484287786829146E-5	7.357261148105602E-5	0.05430295518033382	7.640110432513373E-5	0.16176889341844097
685	file:/home/ulrike/Git/johnson-topics/data/letters-leipzig-txt/uj1131.txt	6.010050030765751E-5	6.615415352723563E-5	5.4449533028656864E-5	6.920535415946907E-5	4.873190451081135E-5	8.131094409297356E-5	8.222726588980273E-5	5.861261799483379E-5	5.198261955051406E-5	7.894143333909054E-5	4.4028320569530115E-5	0.026680450016848378	0.008921269573163998	5.215040410821241E-5	0.34034622553535165	5.6396171014382695E-5	4.530511464283146E-5	5.154757942010158E-5	4.20129523053173E-5	6.48305533653788E-5	1.233873766044197E-4	1.4358724406505483E-5	0.18928693202318195	3.6680714246738544E-5	5.162589839791212E-5	5.818013346236879E-5	3.7255515665817726E-5	5.927489469336643E-5	6.691069348369573E-5	2.0344919546127943E-5	4.968155118323855E-5	0.011901209185836663	2.9472814508781577E-5	5.5276631590848324E-5	2.9577646041016204E-5	4.345380683429144E-5	0.09169096691204945	0.32938111025623473	3.913020058589586E-5	6.923755425537016E-5
686	file:/home/ulrike/Git/johnson-topics/data/letters-leipzig-txt/uj0540.txt	2.565639020014747E-4	2.8240643049005806E-4	2.324404053956014E-4	0.06340189080998299	2.0803233765533257E-4	3.471094747152889E-4	3.510211741933303E-4	2.5021225950361026E-4	2.219093624822747E-4	3.3699423571164244E-4	1.8795313959227034E-4	3.049357494877683E-4	2.202623101784218E-4	2.2262562042685613E-4	0.5315546619383366	2.4075043667396795E-4	1.9340366442686664E-4	2.200522133268685E-4	1.7934970462601436E-4	2.7675609446161563E-4	5.267301709187593E-4	6.129616796263973E-5	2.870678043805732E-4	1.5658683583612797E-4	2.203865503530992E-4	2.483660199775415E-4	1.5904061399437986E-4	2.53039462157671E-4	2.85636034940201E-4	8.685072367019209E-5	0.02545466992403223	3.200781559629426E-4	1.2581692755684487E-4	0.025478554844358015	1.262644444131976E-4	1.8550058953175952E-4	0.10113119376638774	0.24494097701130246	1.6704348378175976E-4	2.9556920481297976E-4
687	file:/home/ulrike/Git/johnson-topics/data/letters-leipzig-txt/uj1038.txt	1.276625739990129E-4	1.405214511822747E-4	0.08175795416743252	1.4700266389272373E-4	1.0351395302663772E-4	1.727167721410176E-4	0.2576619015854669	1.2450208640090086E-4	1.1041896458529984E-4	0.0064478601185876975	9.352282766344542E-5	1.517317221177238E-4	1.0959941462140954E-4	1.1077536442229633E-4	0.47802009483222047	1.1979401699701482E-4	9.623493183944952E-5	1.0949487339542588E-4	8.924187993674988E-5	1.377099237782903E-4	2.620934936593002E-4	3.050010744824672E-5	1.4284088499425164E-4	7.791539792330595E-5	1.0966123477759547E-4	1.2358342368850068E-4	7.913636327837446E-5	1.2590886251094056E-4	1.4212845674263427E-4	4.321569344291462E-5	1.0553114652704204E-4	1.5926636971264914E-4	6.260472614912847E-5	1.1741594553720771E-4	6.282740421624645E-5	9.230247339246754E-5	8.00412973282996E-5	0.1721205830549314	8.311847825427617E-5	1.4707106177801096E-4
688	file:/home/ulrike/Git/johnson-topics/data/letters-leipzig-txt/uj0404.txt	0.2845643706365453	7.763003734393559E-5	6.389499459976109E-5	8.121053541389584E-5	5.718551844908581E-5	9.54161045052066E-5	9.649138234513276E-5	0.0035382173843611854	6.100014106114479E-5	9.26355503222396E-5	0.0139294145019424	8.382306868564666E-5	6.054738673953236E-5	6.119703151753156E-5	0.3265285374148077	6.617931949048477E-5	0.006992038530417594	6.0489633711729044E-5	4.9301017131872494E-5	7.607682980495496E-5	1.4479161387240564E-4	1.684955898391764E-5	0.024364971278440825	4.304378583884712E-5	6.058153882800671E-5	6.827274921595655E-5	0.034738089566307924	6.955742070993993E-5	7.85178156910351E-5	2.3874190506799374E-5	5.8299902092642175E-5	8.798552907334033E-5	3.458551835306368E-5	6.486557148490865E-5	3.470853520579759E-5	5.0991819370697776E-5	4.421822325612825E-5	0.30325297185313094	4.5918189120327495E-5	8.124832132020709E-5
689	file:/home/ulrike/Git/johnson-topics/data/letters-leipzig-txt/uj0174.txt	7.464918752904818E-4	8.216826461011759E-4	6.763027564027497E-4	8.595807745723833E-4	6.052856565008872E-4	0.0010099409959465797	0.0010213223783474413	7.280112960569374E-4	6.456618988549541E-4	9.805099509946672E-4	5.468637269172851E-4	8.872333859224058E-4	6.408696769039581E-4	6.47745904952738E-4	0.5918106506049736	7.004814143679484E-4	5.627224368657788E-4	6.402583843897533E-4	5.218313889624967E-4	8.052425705294023E-4	0.0015325608551859352	0.36740427743815024	8.352452623141955E-4	4.556011185409945E-4	6.412311629908855E-4	7.226395239748206E-4	4.627405697444212E-4	7.362372537797192E-4	8.310794219672517E-4	2.52698680824259E-4	6.170809580663423E-4	9.312913508889606E-4	3.6607376744159423E-4	6.865759214110234E-4	3.673758512293631E-4	5.397278489561525E-4	4.680320650886091E-4	0.014944834984073346	4.8602551836222175E-4	8.599807231560173E-4
690	file:/home/ulrike/Git/johnson-topics/data/letters-leipzig-txt/uj1048.txt	7.004024520856138E-5	7.709508424877527E-5	6.345469048171773E-5	8.065090889862296E-5	0.20678853349059023	9.47585865884361E-5	0.1206893426451335	6.830628889375219E-5	6.0579785546934484E-5	9.199719336580523E-5	5.130996169790836E-5	8.32454390518935E-5	6.0130151181642836E-5	6.077531921975326E-5	0.25536782962232385	6.572327395697319E-5	5.279791886161054E-5	6.007279613330772E-5	4.8961280960003866E-5	7.555257995313745E-5	1.437938464534473E-4	1.6733447694538787E-5	7.836760843379718E-5	4.274716861116382E-5	6.0164067926092365E-5	6.780227773664541E-5	4.341703378919805E-5	6.907809648476541E-5	0.020751150948950674	2.3709672073689835E-5	5.789815408196137E-5	8.73792156833497E-5	3.4347187537779836E-5	6.441857906519027E-5	3.446935667423821E-5	0.03795145980594181	4.39135129120052E-5	0.3562917025590205	4.5601764212720584E-5	8.068843442005967E-5
691	file:/home/ulrike/Git/johnson-topics/data/letters-leipzig-txt/uj0454.txt	0.004718689531078581	1.0347904935120917E-4	8.517055415277899E-5	1.0825177069928502E-4	7.622697718861403E-5	1.271874666664156E-4	1.2862078722725742E-4	9.168249711779542E-5	8.13117811515523E-5	1.2348105207011462E-4	6.886957982448613E-5	1.117342172961022E-4	8.070827008298824E-5	8.157423158891282E-5	0.41675629076102855	8.821550654735435E-5	7.0866755056546E-5	8.063128662891926E-5	6.571711877776622E-5	1.0140865952430793E-4	1.930038818758129E-4	2.246007351404592E-5	1.051870647743142E-4	5.7376373778453346E-5	8.075379402925439E-5	0.32844326272624524	5.827548443501329E-5	9.271843756170725E-5	1.0466243741252667E-4	3.1823745320744124E-5	7.771242488377423E-5	1.1728268099156962E-4	4.610169829801592E-5	8.646431075568206E-5	4.626567692549853E-5	6.797091916613103E-5	5.894187176893234E-5	0.2469901085197042	6.120788705857443E-5	1.0830213844091882E-4
692	file:/home/ulrike/Git/johnson-topics/data/letters-leipzig-txt/uj1125.txt	1.3621725830754224E-4	1.4993781038438565E-4	1.2340939039312117E-4	1.56853329931502E-4	1.1045043536387829E-4	1.842905436401417E-4	1.8636737897849255E-4	1.328449860585655E-4	1.1781815257056813E-4	1.7892006824023792E-4	9.978980349857117E-5	1.6189928291214002E-4	1.1694368446585919E-4	1.1819843480314548E-4	0.6641755526896196	1.2782142836244745E-4	1.0268364609885097E-4	1.1683213791985492E-4	9.522198895417009E-5	1.4693788219376152E-4	2.7965640992630404E-4	3.25439232857528E-5	0.18778074659371666	8.313651803022528E-5	1.1700964719808372E-4	1.3186476364824895E-4	8.443930041934752E-5	1.3434603040350903E-4	1.5165250157899408E-4	4.6111582214365945E-5	1.1260280124131229E-4	1.6993882814097258E-4	6.679987631453142E-5	1.2528400205051324E-4	6.703747606548325E-5	9.848767314235739E-5	0.0067864168000644496	0.022830117631738513	0.11400589099695638	1.5692631116723935E-4
693	file:/home/ulrike/Git/johnson-topics/data/letters-leipzig-txt/uj0435.txt	3.96786858351574E-4	4.3675341487357106E-4	3.594788568906191E-4	4.568976117915123E-4	3.2173075420921374E-4	5.368193923693637E-4	5.428690000288956E-4	3.8696377625608306E-4	3.4319215638385604E-4	5.21175750086011E-4	0.01981003571787031	4.7159595365695175E-4	3.4064492076696574E-4	3.442998794009397E-4	0.158413445246	3.7233066955024807E-4	2.9910689618829306E-4	3.4031999715523756E-4	2.7737185663955936E-4	4.280149327103886E-4	8.146103488737897E-4	9.479710015770817E-5	4.4396242552234474E-4	2.4216812328600208E-4	3.4083706341917337E-4	0.019903466776663232	2.459629943450604E-4	3.9133616399370625E-4	4.41748133902607E-4	1.343182946697549E-4	0.136963508386606	4.950143217371675E-4	1.945811668098231E-4	3.649394077738742E-4	1.952732704382227E-4	2.86884458680585E-4	2.487756114452603E-4	0.6520825323430255	2.58339768848252E-4	4.571101986223342E-4
694	file:/home/ulrike/Git/johnson-topics/data/letters-leipzig-txt/uj0893.txt	1.3531054076021395E-4	1.4893976325458243E-4	0.006778995188645255	1.5580925028716892E-4	1.0971523228389577E-4	1.8306383072724545E-4	1.8512684180376933E-4	1.3196071572872274E-4	0.046711884736865585	1.7772910339879084E-4	9.912556192594817E-5	0.12663255958222475	1.1616525967540407E-4	1.17411657883434E-4	0.32027775938570424	0.133255115825168	1.0200014193133006E-4	1.1605445562863863E-4	9.458815261544922E-5	1.4595980380775007E-4	2.777949029685695E-4	3.23272976784786E-5	1.513981489311751E-4	8.258312750792018E-5	1.1623078333281885E-4	1.3098701807797604E-4	8.387723804688742E-5	1.334517685111889E-4	1.5064304076627198E-4	4.580464474367893E-5	1.11853271137474E-4	1.6880764609133875E-4	6.635522913276978E-5	1.2445006070952515E-4	6.659124732301407E-5	9.783209907969278E-5	8.483638458304175E-5	0.3621549214030938	8.809791223416154E-5	1.5588174573007876E-4
695	file:/home/ulrike/Git/johnson-topics/data/letters-leipzig-txt/uj0043.txt	1.6232268888484986E-4	1.7867272362912217E-4	1.4706025015585286E-4	1.86913571682232E-4	1.316177691397151E-4	2.1960900513927188E-4	2.2208385671594258E-4	1.5830413568603425E-4	1.4039747651888536E-4	2.13209302059548E-4	1.1891407468066762E-4	1.929265590670936E-4	1.3935542049849537E-4	1.4085063814681743E-4	0.4241412117340718	1.523178355421786E-4	0.23169406156937625	1.3922249655399526E-4	1.1347085883278665E-4	1.7509787256829584E-4	3.3325131475361685E-4	3.8780821169362636E-5	1.816218787437092E-4	9.90692612585256E-5	1.3943402469442407E-4	1.5713605801860288E-4	1.0062171608738954E-4	1.6009284849110723E-4	1.8071602775059857E-4	5.494866147483063E-5	1.3418262634672397E-4	0.03214343085559877	7.960177495328253E-5	1.4929412278420775E-4	7.98849096377716E-5	1.1736239684391361E-4	1.0177233778994459E-4	0.3066884930184728	1.0568496673391021E-4	1.8700053944659765E-4
696	file:/home/ulrike/Git/johnson-topics/data/letters-leipzig-txt/uj1063.txt	9.809268405673965E-5	1.0797311915490608E-4	8.886949048802725E-5	1.1295311862378345E-4	7.953749616379091E-5	1.327111872353422E-4	0.32827013654397014	9.566424554327801E-5	8.484313191916285E-5	1.2884380395966453E-4	7.186056883166239E-5	1.1658680702453937E-4	8.421341051250199E-5	8.511698051482598E-5	0.347996403709546	9.204668442034336E-5	7.39444808955676E-5	8.413308368585194E-5	6.857119717273431E-5	1.0581281280421287E-4	2.013859932594467E-4	2.343550901331983E-5	0.004935283692496735	5.986821565813873E-5	8.426091155261992E-5	9.49583684143798E-5	6.080637447060233E-5	9.67451766272914E-5	1.092079014702853E-4	3.3205842796350915E-5	8.108745648903077E-5	1.2237623914121908E-4	4.810388377922451E-5	9.02194346237584E-5	4.827498395839165E-5	7.09228795607156E-5	6.150170284344384E-5	0.315623169072875	6.386613062287729E-5	1.1300567382411712E-4
697	file:/home/ulrike/Git/johnson-topics/data/letters-leipzig-txt/uj0819.txt	3.96786858351574E-4	4.3675341487357106E-4	3.594788568906191E-4	4.568976117915123E-4	3.2173075420921374E-4	5.368193923693637E-4	5.428690000288956E-4	3.8696377625608306E-4	3.4319215638385604E-4	5.21175750086011E-4	2.9067743043486736E-4	4.7159595365695175E-4	3.4064492076696574E-4	3.442998794009397E-4	0.6659167607193215	3.7233066955024807E-4	2.9910689618829306E-4	3.4031999715523756E-4	2.7737185663955936E-4	4.280149327103886E-4	8.146103488737897E-4	9.479710015770817E-5	0.27371497844961856	2.4216812328600208E-4	3.4083706341917337E-4	3.84108489227789E-4	2.459629943450604E-4	3.9133616399370625E-4	4.41748133902607E-4	1.343182946697549E-4	3.280003745579217E-4	0.02001437260917261	1.945811668098231E-4	3.649394077738742E-4	1.952732704382227E-4	2.86884458680585E-4	2.487756114452603E-4	0.02746306714509134	2.58339768848252E-4	4.571101986223342E-4
698	file:/home/ulrike/Git/johnson-topics/data/letters-leipzig-txt/uj0057.txt	3.748371183160515E-4	4.125927761973593E-4	3.3959294764000444E-4	4.3162262198126824E-4	3.039330215784934E-4	5.071232321752317E-4	5.128381832990223E-4	3.6555743652176857E-4	3.24207206513915E-4	4.923449761165006E-4	0.01871416995278897	4.455078704286445E-4	3.218008807039479E-4	3.2525365171459777E-4	0.11277107180601026	3.517338145086462E-4	2.825606863630981E-4	0.5166295218299518	0.018701600426268627	4.0433769565837314E-4	7.695471492952822E-4	8.955304617560928E-5	4.1940299362422216E-4	2.2877169334096524E-4	0.14783856179384314	3.628601003093312E-4	2.3235663700081307E-4	3.696879493783182E-4	4.1731119377656073E-4	1.2688797890208017E-4	3.0985581457171053E-4	4.676307644259927E-4	1.838171862560621E-4	3.447514278527839E-4	1.8447100359951737E-4	2.7101437842028835E-4	2.3501366373084463E-4	0.17346042489776417	2.4404874421448818E-4	4.318234487812995E-4
699	file:/home/ulrike/Git/johnson-topics/data/letters-leipzig-txt/uj0786.txt	2.3573678290489373E-4	2.5948148931332563E-4	2.1357156231882312E-4	2.7144944660749214E-4	1.9114487126396606E-4	0.011915663798060779	3.225262856165883E-4	2.2990074846307283E-4	2.0389539915769865E-4	3.096380136271057E-4	1.726956447057059E-4	2.801819430409423E-4	2.0238204981916176E-4	2.0455351334394426E-4	0.31445360938474176	2.212070091767755E-4	1.777037116224757E-4	2.0218900802529576E-4	1.6479061182674305E-4	2.5428983130030956E-4	0.12804802011732522	5.6320321476197574E-5	2.6376446628824157E-4	0.5104000691095835	0.023395959547369363	2.2820438134769897E-4	1.4613015471692751E-4	2.3249844694321457E-4	2.6244892376997667E-4	7.980043190509047E-5	1.9486974294237707E-4	2.9409513254285166E-4	1.1560347151665242E-4	2.168157541840851E-4	1.1601466024269423E-4	1.704421855999323E-4	1.4780117101393636E-4	0.004719471754222428	1.5348337456962864E-4	2.715757475031269E-4
700	file:/home/ulrike/Git/johnson-topics/data/letters-leipzig-txt/uj0961.txt	1.2530182132053624E-4	1.3792291049904713E-4	1.1352028059031175E-4	1.4428427179348063E-4	1.0159975974185221E-4	1.6952287145675826E-4	0.024827604152676836	1.2219977786410814E-4	1.0837708294188739E-4	1.6458274597393744E-4	9.179339154924879E-5	1.4892587966775045E-4	1.075726882009555E-4	1.0872689218742514E-4	0.3520636743568075	1.1757877068298257E-4	9.445534314727136E-5	1.0747008016471979E-4	8.759160765652305E-5	1.3516337422011724E-4	2.5724682718700827E-4	2.993609555269437E-5	1.401994530437352E-4	7.647457639997177E-5	1.0763336517089091E-4	1.2129810318031319E-4	7.767296350722641E-5	1.235805396900412E-4	0.030959713784112105	4.241654330163377E-5	0.2713214591990896	1.5632119559377778E-4	6.144703153032032E-5	0.030935458259830826	6.166559180608474E-5	9.059560422583947E-5	7.856116340073212E-5	0.28605451879867494	8.158144070268172E-5	1.4435140485630788E-4
701	file:/home/ulrike/Git/johnson-topics/data/letters-leipzig-txt/uj0738.txt	2.936229057680527E-4	3.231982211106137E-4	0.20248700107531395	3.381049588437695E-4	2.3808126942085695E-4	0.02928595951061711	4.017239227682428E-4	2.863538094061955E-4	0.029142675048268497	0.014830027036900407	0.02910381406760796	3.489817551833261E-4	2.520777827326644E-4	2.547824579303963E-4	0.2616697627740174	2.755252871884203E-4	2.2133957853073008E-4	2.518373387436053E-4	2.0525561472256376E-4	3.1673173042234983E-4	6.028129527745496E-4	7.015000477165118E-5	3.285329004475242E-4	1.7920479609389735E-4	2.52219968600658E-4	2.8424089246753347E-4	1.8201300670854555E-4	2.8958938328079185E-4	3.2689432112988667E-4	9.939575151906372E-5	2.4272079844280605E-4	3.663113847799951E-4	1.4399037267462915E-4	2.7005574172744563E-4	1.4450253045956074E-4	2.1229495535069064E-4	1.8409434783260532E-4	0.4247646856324941	1.911718395105207E-4	3.382622734364283E-4
702	file:/home/ulrike/Git/johnson-topics/data/letters-leipzig-txt/uj1178.txt	1.4705699581785952E-4	1.6186938592504879E-4	1.3322991838487884E-4	1.6933522059059872E-4	1.1923973080353268E-4	1.9895580077064877E-4	2.011979040801773E-4	1.4341636883581578E-4	1.2719374758461607E-4	1.9315795996665546E-4	1.0773075965618575E-4	1.747827145101685E-4	1.2624969208082154E-4	1.276042914714962E-4	0.6591544795993114	1.379930523464991E-4	1.108548850750522E-4	0.18821681667525475	1.0279945291356901E-4	1.5863073296092532E-4	3.0191058031809627E-4	3.513366551340069E-5	1.6454118673325067E-4	8.975225853305337E-5	1.2632090391812763E-4	1.4235814343408997E-4	9.115871221395322E-5	1.4503686153034953E-4	1.6372052680813093E-4	4.9780995720403795E-5	1.2156337513295897E-4	0.13040009176403902	7.211559866842267E-5	1.352537056941111E-4	7.237210585419468E-5	1.0632500989490577E-4	9.220112330301921E-5	0.017412608797195007	9.57457877131668E-5	1.6941400944167352E-4
703	file:/home/ulrike/Git/johnson-topics/data/letters-leipzig-txt/uj0997.txt	1.5729843163342448E-4	1.7314239553085884E-4	1.425084001753112E-4	1.811281705509061E-4	1.2754389914926815E-4	2.1281160581001346E-4	0.1162862583467191	1.534042618167971E-4	1.3605185457085176E-4	2.066099881293559E-4	1.1523341299304174E-4	1.8695504226901364E-4	1.350420525597614E-4	1.364909898133731E-4	0.5735125422478252	1.4760325130875023E-4	0.15487997309956023	1.349132429143567E-4	1.0995867708399538E-4	1.696781942595876E-4	3.229364268830391E-4	3.758046634949749E-5	1.76000267571762E-4	9.60028417845074E-5	1.3511822377664017E-4	1.5227233881592E-4	9.750724459744542E-5	1.5513760988300737E-4	1.7512245473186403E-4	5.3247875141338574E-5	1.3002936817887732E-4	1.962387987566548E-4	7.713791855844993E-5	1.4467312935348745E-4	7.741228957902086E-5	1.1372976312253659E-4	9.862225193535172E-5	0.15017245694374845	1.0241377609428141E-4	1.812124464647131E-4
704	file:/home/ulrike/Git/johnson-topics/data/letters-leipzig-txt/uj0943.txt	2.3573678290489373E-4	2.5948148931332563E-4	2.1357156231882312E-4	2.7144944660749214E-4	1.9114487126396606E-4	3.189321266431294E-4	3.225262856165883E-4	2.2990074846307283E-4	2.0389539915769865E-4	3.096380136271057E-4	1.726956447057059E-4	2.801819430409423E-4	2.0238204981916176E-4	2.0455351334394426E-4	0.140502634313477	2.212070091767755E-4	1.777037116224757E-4	2.0218900802529576E-4	1.6479061182674305E-4	2.5428983130030956E-4	4.839717317310656E-4	5.6320321476197574E-5	2.6376446628824157E-4	1.4387556720685265E-4	2.0249620453405935E-4	2.2820438134769897E-4	1.4613015471692751E-4	2.3249844694321457E-4	2.6244892376997667E-4	7.980043190509047E-5	0.4640641365996484	2.9409513254285166E-4	1.1560347151665242E-4	2.168157541840851E-4	1.1601466024269423E-4	1.704421855999323E-4	1.4780117101393636E-4	0.38741161691100484	1.5348337456962864E-4	2.715757475031269E-4
705	file:/home/ulrike/Git/johnson-topics/data/letters-leipzig-txt/uj0757.txt	2.1572330100836225E-4	2.3745213935417054E-4	1.9543985396422938E-4	2.484040460613487E-4	1.7491713466080903E-4	0.03212844728356203	2.9514458515049127E-4	2.1038273175534065E-4	1.8658517361909451E-4	2.8335049623655844E-4	1.5803420275194055E-4	2.563951746983575E-4	1.852003039739543E-4	1.871874155049296E-4	0.40449142922541315	2.0242706987756414E-4	1.626170969173887E-4	1.8502365096082589E-4	1.5080028801782165E-4	2.3270124053187608E-4	4.4288370392277736E-4	5.1538862594893246E-5	2.4137150195760625E-4	1.3166088002835986E-4	1.8530476723004833E-4	2.0883038209933418E-4	1.337240585196087E-4	2.1275989192633807E-4	2.401676458127998E-4	7.302556851895418E-5	1.7832577375564033E-4	2.6912716811033883E-4	0.5413278482906742	1.984086217978056E-4	1.0616529658426105E-4	1.559720568662009E-4	1.3525320958032773E-4	0.004318800033202001	1.4045300781686314E-4	0.010860716864981345
706	file:/home/ulrike/Git/johnson-topics/data/letters-leipzig-txt/uj0177.txt	1.0742343069846785E-4	1.1824370996032036E-4	9.732291092296624E-5	1.236974156364125E-4	8.710324107492499E-5	1.4533490608372915E-4	1.4697273655993621E-4	1.0476399489176241E-4	9.291355812720215E-5	1.410996505874185E-4	7.869607106861686E-5	1.2767674679502007E-4	9.222393652556829E-5	9.321345567737088E-5	0.39166750867826255	1.0080232506567979E-4	8.097820847092441E-5	9.2135968871519E-5	7.509380865891489E-5	1.1587791151385398E-4	2.2054217904808067E-4	2.566473537332788E-5	1.2019542947807436E-4	6.556298441250698E-5	9.227595594720285E-5	1.0399097350319514E-4	6.659038252220236E-5	1.0594774601968717E-4	1.1959594691620903E-4	3.6364440291538105E-5	8.88006363209096E-5	1.3401687975957315E-4	0.4545232080035615	9.880126409176767E-5	5.286698435863248E-5	7.766918716404367E-5	6.735185173869777E-5	0.15011777559606193	6.994118799907152E-5	1.237549699787692E-4
707	file:/home/ulrike/Git/johnson-topics/data/letters-leipzig-txt/uj0946.txt	2.008063265934792E-4	2.2103264516439776E-4	0.29653327021063713	2.3122724233949702E-4	0.029797956327259213	0.11881221204760088	2.747357363854221E-4	1.9583505047910259E-4	1.7368306129250514E-4	0.02002051350997485	1.471063514344987E-4	2.3866579524237276E-4	1.723939535097504E-4	1.7424365896670158E-4	0.26785923438212816	1.8842951185704082E-4	1.513723446685567E-4	1.7222951581348774E-4	1.4037265211755493E-4	2.1661026456822258E-4	4.122588949693458E-4	4.797501997285589E-5	2.2468098914627143E-4	1.2255670829705532E-4	1.724911932730128E-4	1.94390043701651E-4	1.2447722078688734E-4	1.980478332403112E-4	2.235603780251937E-4	6.797594925141246E-5	1.6599478775555128E-4	2.505173885348991E-4	9.847384939531628E-5	1.8468893402548032E-4	9.882410995540215E-5	0.010023564958752436	1.259006331205305E-4	0.25097961481890474	1.3074087234376326E-4	2.31334828514999E-4
708	file:/home/ulrike/Git/johnson-topics/data/letters-leipzig-txt/uj1129.txt	3.818788001081983E-4	0.15070816632372666	3.459725332234199E-4	4.3973107498597165E-4	3.0964270058172615E-4	5.16650037968707E-4	5.224723500375721E-4	3.724247904175179E-4	3.3029775590573613E-4	5.015941579193851E-4	2.797561109109275E-4	4.538771714027555E-4	3.278462249124666E-4	3.313638596027525E-4	0.6408969657208504	3.5834147814781526E-4	2.878688651509359E-4	3.27533509316267E-4	2.669504535441173E-4	4.1193357464225616E-4	7.840038449761566E-4	9.123538771509992E-5	4.272818889615975E-4	2.3306939329873562E-4	3.280311483894675E-4	3.6967678210681094E-4	2.367216836306762E-4	3.766328989969908E-4	4.251507926083865E-4	1.2927169365981584E-4	0.03788763240622914	4.7641566559613165E-4	1.8727037184066472E-4	0.019137205744129263	1.8793647178223482E-4	2.761056485231681E-4	2.3942862520593485E-4	0.13914709294596908	2.4863343851117854E-4	4.3993567451381467E-4
709	file:/home/ulrike/Git/johnson-topics/data/letters-leipzig-txt/uj0336.txt	1.4705699581785952E-4	1.6186938592504879E-4	1.3322991838487884E-4	1.6933522059059872E-4	1.1923973080353268E-4	1.9895580077064877E-4	2.011979040801773E-4	1.4341636883581578E-4	1.2719374758461607E-4	1.9315795996665546E-4	1.0773075965618575E-4	1.747827145101685E-4	1.2624969208082154E-4	1.276042914714962E-4	0.11658518900438732	1.379930523464991E-4	1.108548850750522E-4	1.2612926901436832E-4	0.007337056660845892	1.5863073296092532E-4	3.0191058031809627E-4	3.513366551340069E-5	1.6454118673325067E-4	0.5860645861010512	1.2632090391812763E-4	1.4235814343408997E-4	9.115871221395322E-5	1.4503686153034953E-4	1.6372052680813093E-4	4.9780995720403795E-5	0.014590077790997604	1.8346202125722302E-4	7.211559866842267E-5	1.352537056941111E-4	7.237210585419468E-5	1.0632500989490577E-4	9.220112330301921E-5	0.27061161107482623	9.57457877131668E-5	1.6941400944167352E-4
