,segmentID,idno,filename,corpus,genre,sender,receiver,date,year,month,sender_norm,receiver_norm,tokens,0,1,2,3,4,5,6,7,8,9,10,11,12,13,14,15,16,17,18,19,20,21,22,23,24,25,26,27,28,29,30,31,32,33,34,35,36,37,38,39
0,uj0295,uj0295,0546_100995.xml,letters-leipzig,Brief,"Johnson, Uwe","Bierwisch, Manfred",1966-04-17,1966,4.0,JohnsonUwe,BierwischManfred,461,0.0001173452863835594,0.00012916494956575824,0.0001063118611990112,0.0116803872408545,9.514828098874958e-05,0.00015875834596824272,0.0001605474499377269,0.00011444021945051278,0.0001014952512357952,0.00015413191329996257,8.596460694621531e-05,0.00013946924167072347,0.00010074193472175492,0.00010182284795916792,0.5490680308398477,0.00011011264140467962,8.84575273947542e-05,0.00010064584218877785,8.202963194730905e-05,0.00012658064096174773,0.0002409119220246647,2.803518471491509e-05,0.00013129693403378446,0.242522180786383,0.00010079875876739864,0.00011359580016849728,7.274081135420349e-05,0.00011573330434093208,0.00013064208199222663,3.972313705160085e-05,9.700245125636324e-05,0.00014639496275036068,0.0058301776440307,0.000107926758199052,5.774989105693647e-05,8.484287786829146e-05,0.1847978105282848,0.0023492632662327,7.640110432513373e-05,0.00013518524123764172
1,uj0008,uj0008,0585_101037.xml,letters-leipzig,Brief,"Bierwisch, Manfred","Johnson, Uwe",1967-01-22,1967,1.0,BierwischManfred,JohnsonUwe,712,8.605071868919975e-05,9.471822074946983e-05,7.795977446813806e-05,9.908687002733908e-05,6.977338599150532e-05,0.00011641941648872152,0.00011773138808237032,8.392039794830706e-05,7.4427696088564e-05,0.0001130267974211654,6.303888666969752e-05,0.00010227448285886067,7.387527997172295e-05,7.466792673058833e-05,0.1613491821503284,8.074693259231197e-05,6.48669754054529e-05,7.380481415432047e-05,6.0153321879535177e-05,9.2823115973272e-05,0.00017666362808351632,2.055854025033004e-05,9.62816307624482e-05,5.2518727910869934e-05,7.39169497321127e-05,8.330117506912857e-05,5.334171731964585e-05,0.3895338616479706,9.580141983495554e-05,2.9129457153540492e-05,7.113307148904445e-05,0.0001073531979458539,4.2198598302699855e-05,7.914399798273517e-05,4.234869403641092e-05,6.221630916100737e-05,5.395168641961863e-05,0.4462025721701084,5.602585445432416e-05,9.913297349369902e-05
2,uj0495,uj0495,0294_060266.xml,letters-leipzig,Brief,"Baumgärtner, Klaus + Baumgärtner, Sabine","Johnson, Uwe",1962-05-04,1962,5.0,BaumgärtnerKlaus+BaumgärtnerSabine,JohnsonUwe,630,8.906698365397756e-05,9.803830052480093e-05,0.0044622144754224,0.0044840821216604,7.221909502038889e-05,0.0001205001704036668,0.00012185812945695554,8.686199053483662e-05,7.703654881566205e-05,0.00011698863265433572,6.52485368408619e-05,0.00010585942606604236,7.64647693116862e-05,7.728520006451038e-05,0.2896874392870933,0.0044650993295046,6.714070406532903e-05,7.639183351402694e-05,6.226182672486446e-05,0.0044775988093948,0.0001828560727261167,2.1279161828262637e-05,9.965651146122957e-05,5.435962362220509e-05,7.650789968786475e-05,8.622106254610987e-05,5.521146060085477e-05,8.784346302808809e-05,9.915946809563108e-05,3.015050802207029e-05,0.508330183218841,0.0001111161611697924,4.367775101126568e-05,8.191816735545108e-05,4.38331079271011e-05,6.439712620029242e-05,5.584281044527536e-05,0.1814255327721594,5.798968258367049e-05,0.00010260779996067216
3,uj0878,uj0878,0382_101344.xml,letters-leipzig,Brief,"Johnson, Uwe","Bierwisch, Manfred",1963-08-05,1963,8.0,JohnsonUwe,BierwischManfred,1431,3.5648460052499454e-05,3.923916917913079e-05,3.229660307506645e-05,4.104898113233472e-05,2.8905206152078147e-05,4.8229381244602845e-05,4.877289520542318e-05,3.476592641434338e-05,3.083335957246051e-05,4.682391192202876e-05,2.6115287210039354e-05,4.236952197636597e-05,3.0604508678783584e-05,3.093288055933945e-05,0.4298532120976683,3.3451246482618646e-05,2.6872614391749217e-05,3.057531661722961e-05,2.491987661129078e-05,3.845407908414163e-05,0.1245840887100257,8.516841137592691e-06,3.988684720253737e-05,2.175707306641841e-05,3.062177132122608e-05,3.450939930558422e-05,0.1666211919715469,3.515875416636684e-05,3.968790894465569e-05,1.2067537674375232e-05,2.9468486678741195e-05,4.447349478048187e-05,1.7481725530946368e-05,3.278719449947769e-05,1.7543906089676797e-05,2.5774515838163455e-05,0.2385221062673339,0.0392945282113838,2.320997970552449e-05,4.106808053793934e-05
4,uj0229,uj0229,0628_101073.xml,letters-leipzig,Brief,"Johnson, Uwe","Bierwisch, Manfred",1968-09-22,1968,9.0,JohnsonUwe,BierwischManfred,427,0.0001276625739990129,0.0001405214511822747,0.00011565906280146132,0.00014700266389272373,0.00010351395302663772,0.0001727167721410176,0.0001746631785535397,0.00012450208640090086,0.00011041896458529984,0.00016768357207761468,9.352282766344542e-05,0.0001517317221177238,0.00010959941462140954,0.00011077536442229632,0.7166668035996036,0.00011979401699701482,9.623493183944952e-05,0.00010949487339542588,8.924187993674988e-05,0.2639051248772017,0.0002620934936593002,3.050010744824672e-05,0.00014284088499425164,7.791539792330595e-05,0.00010966123477759548,0.0126839365167086,7.913636327837446e-05,0.00012590886251094056,0.0001421284567426343,4.321569344291462e-05,0.00010553114652704204,0.00015926636971264914,6.260472614912847e-05,0.00011741594553720772,6.282740421624645e-05,9.230247339246754e-05,8.00412973282996e-05,0.0025558162991591,8.311847825427617e-05,0.00014707106177801096
5,uj1147,uj1147,0445_101406.xml,letters-leipzig,Brief,"Baumgärtner, Klaus","Johnson, Uwe",1964-04-24,1964,4.0,BaumgärtnerKlaus,JohnsonUwe,134,0.00034908891685562945,0.0003842510741525607,0.0003162657284210135,0.0004019737273478432,0.00028305534354800704,0.0004722880717568375,0.0004776104531331792,0.00034044667224313155,0.0003019368601145428,0.0004585249593315421,0.0002557349549489758,0.0004149051743788677,0.0002996958289317801,0.0003029114232082306,0.2080621947218237,0.0518463527810464,0.00026315111051864354,0.00029940996454567054,0.00024402885066002997,0.0003765630491862583,0.0007166856420828576,8.340149457718977e-05,0.0003905934861201247,0.0002130569752387457,0.0002998648740221835,0.2751047621546593,0.0002163956629995174,0.00034429345312126053,0.0003886453755744577,0.00011817182704829872,0.00028857128978100247,0.00043550840902633535,0.00017119046997761097,0.0003210698638230523,0.00017179937549175424,0.0002523979381766279,0.000218870174028228,0.4534848864896748,0.00022728461941162024,0.0004021607590121924
6,uj0297,uj0297,0543_100992.xml,letters-leipzig,Brief,"Johnson, Uwe","Bierwisch, Manfred",1966-04-13,1966,4.0,JohnsonUwe,BierwischManfred,460,0.00013621725830754224,0.00014993781038438565,0.00012340939039312115,0.0336619129592143,0.00011045043536387828,0.0001842905436401417,0.0135883912306916,0.2279672504651819,0.00011781815257056812,0.00017892006824023792,9.978980349857116e-05,0.00016189928291214002,0.0001169436844658592,0.00011819843480314548,0.6239694811344801,0.00012782142836244745,0.00010268364609885095,0.00011683213791985492,9.522198895417008e-05,0.00014693788219376152,0.00027965640992630404,3.25439232857528e-05,0.0001524126697327155,8.313651803022528e-05,0.00011700964719808372,0.00013186476364824895,8.443930041934752e-05,0.0269383937338297,0.00015165250157899408,4.6111582214365945e-05,0.00011260280124131227,0.00016993882814097258,6.679987631453142e-05,0.00012528400205051324,6.703747606548325e-05,9.84876731423574e-05,8.540487420787926e-05,0.0027270818541688,0.0670988075159603,0.00015692631116723935
7,uj0952,uj0952,0196_060165.xml,letters-leipzig,Brief,"Baumgärtner, Klaus","Johnson, Uwe",1960-02-22,1960,2.0,BaumgärtnerKlaus,JohnsonUwe,244,0.0002134580421623295,0.00023495871116784503,0.00019338758674974492,0.0002457956145191808,0.00017308037161870382,0.00028879085604292966,0.000292045342374001,0.0002081735529511333,0.0001846258872874672,0.00028037510037006027,0.0001563747233443559,0.0002537028302235108,0.0001832555598276153,0.00018522180517513908,0.4947508111979818,0.0002003014315780702,0.00016090949363305922,0.3047051524521619,0.00014921677022062543,0.00023025770039905943,0.0004382330879560028,5.0997665311791126e-05,0.0002388369174809461,0.00013027834058191806,0.00018335892614001407,0.00020663750414799705,0.00013231985412873857,0.00021052575113109583,0.0002376457027419064,7.225874447027288e-05,0.00017645321740874883,0.00026630112801443817,0.0001046781515936306,0.0001963251802615609,0.00010505048016848656,0.00015433423155990084,0.00013383294793949425,0.1827863879229513,0.00013897814433701716,0.0107466710718859
8,uj1143,uj1143,0471_s000047.xml,letters-leipzig,Brief,"Johnson, Uwe","Baumgärtner, Klaus",1964-07-04,1964,7.0,JohnsonUwe,BaumgärtnerKlaus,131,0.0004397001856670048,0.0004839892087364686,0.1085504454822075,0.0005063120426169278,0.0003565266071267695,0.0005948775306598345,0.000601581416020755,0.0004288147167299702,0.0003803091047630777,0.0222079596430493,0.0003221148015395506,0.000522600040848725,0.0003774863802949909,0.0003815366303376464,0.7595674666299004,0.0869342695979904,0.0003314559316169254,0.000377126315516137,0.0003073702021530983,0.0004743056414793226,0.0009027121592033644,0.0001050496044985069,0.0004919778889410246,0.00026835911152364104,0.0003776993035762741,0.00042565062444705225,0.00027256440581232395,0.000433659987331996,0.0004895241170586482,0.00014884509872662322,0.0003634743000086388,0.0005485511543399017,0.00021562552633175495,0.0004044083668043254,0.00021639248241284184,0.00031791161196942147,0.0002756812133253195,0.0088028375589523,0.00028627975432366507,0.0005065476211574345
9,uj0453,uj0453,0146_060124.xml,letters-leipzig,Brief,"Baumgärtner, Klaus","Johnson, Uwe",1958-11-21,1958,11.0,BaumgärtnerKlaus,JohnsonUwe,194,0.00024423372171232223,0.0242982869745038,0.00022126957394716569,0.0002812336190591232,0.0001980345312248342,0.0003304277733148794,0.0003341514807978468,0.000238187332200244,0.0002112446414287197,0.00032079866162536345,0.000178920317441508,0.000290280871157416,0.00020967674465568683,0.00021192647680051783,0.2056405681389615,0.00022918023421865467,0.0001841088960188296,0.00020947674482884207,0.00017073035414220277,0.0002634554995056899,0.0005014160954759595,5.8350341226619885e-05,0.0002732716399333889,0.0001490614439095728,0.0002097950139835655,0.00023642982092485972,0.0001513972961755039,0.1083734157582938,0.0002719086797650716,8.267677295950061e-05,0.2765405995740893,0.000304695550152637,0.00011977030374070796,0.000224630700044833,0.00012019631342680712,0.00017658563425228482,0.00015312854288308735,0.3773460979020492,0.0001590155568010367,0.00028136447236685205
10,uj0605,uj0605,0993_101677.xml,letters-leipzig,Brief,"Johnson, Uwe","Bierwisch, Manfred",1976-07-03,1976,7.0,JohnsonUwe,BierwischManfred,350,0.00017489164021163893,0.00019250768892046456,0.00015844740212464243,0.00020138664134938645,0.00014180918073733334,0.0002366137437588876,0.0002392802277513463,0.00017056192287485207,0.00015126871738418242,0.0002297184996240743,0.00012812181530521917,0.00020786522566520167,0.00015014597300475865,0.00015175696816991356,0.9473851847883864,0.00016411209224334507,0.00013183726872988426,0.00015000275650904426,0.00012225712100892634,0.0259992834358965,0.0003590555913060958,4.178369314640591e-05,0.0001956852026665224,0.00010674038062756642,0.00015023066367152822,0.00016930339875505652,0.0001084130449558853,0.00017248913907916654,0.0001947092099260075,5.920343975810127e-05,0.00014457263966549734,0.0002181873336645544,8.576549021568543e-05,0.00016085424771524265,8.607054855171524e-05,0.00012644998813297174,0.00010965276146258828,0.0207084314212218,0.00011386835263009972,0.0002014803431914391
11,uj0083,uj0083,0924_101596.xml,letters-leipzig,Brief,"Baumgärtner, Klaus + Baumgärtner, Sabine","Johnson, Uwe",1974-03-25,1974,3.0,BaumgärtnerKlaus+BaumgärtnerSabine,JohnsonUwe,402,0.00014705699581785952,0.0001618693859250488,0.00013322991838487884,0.00016933522059059872,0.00011923973080353268,0.0001989558007706488,0.0002011979040801773,0.00014341636883581578,0.0001271937475846161,0.00019315795996665544,0.00010773075965618576,0.0001747827145101685,0.00012624969208082154,0.0073618614994038,0.3046758764106276,0.0001379930523464991,0.0001108548850750522,0.00012612926901436832,0.000102799452913569,0.5137908924961557,0.00030191058031809627,3.513366551340069e-05,0.00016454118673325067,8.975225853305337e-05,0.00012632090391812763,0.00014235814343408997,9.115871221395322e-05,0.00014503686153034953,0.00016372052680813093,4.97809957204038e-05,0.00012156337513295896,0.00018346202125722305,7.211559866842267e-05,0.0001352537056941111,7.237210585419468e-05,0.00010632500989490576,9.22011233030192e-05,0.1693320101637737,9.57457877131668e-05,0.00016941400944167352
12,uj0760,uj0760,0804_101254.xml,letters-leipzig,Brief,"Baumgärtner, Klaus","Johnson, Uwe",1971-10-17,1971,10.0,BaumgärtnerKlaus,JohnsonUwe,214,0.00021123986282948736,0.0002325171046024321,0.0001913779723833287,0.00024324139474509024,0.00017128178254069998,0.00028578984515620435,0.0002890105120338343,0.0002060102881327979,0.0001827073213560077,0.000277461542994642,0.0001547497333651188,0.00025106644150287694,0.00018135123384710756,0.00018329704667895293,0.323343283146375,0.00019821997101858804,0.00015923737994917415,0.0001811782522633508,0.00014766616312021394,0.0002278649450496754,0.00043367912705190927,5.0467715884391294e-05,0.00023635500998798285,0.00012892453484253993,0.0001814535260139012,0.00020449020139731125,0.00013094483371357964,0.0002083380431138222,0.00023517617392481,7.150785754196876e-05,0.00017461957892830248,0.00026353382230653253,0.00010359037382656698,0.54055961463467,0.00010395883329655622,0.00015273044563865687,0.0001324422039967246,0.1289287326396541,0.00013753393336064792,0.00024335457090512928
13,uj0899,uj0899,0357_101318.xml,letters-leipzig,Brief,"Baumgärtner, Klaus + Baumgärtner, Sabine","Johnson, Uwe",1963-02-19,1963,2.0,BaumgärtnerKlaus+BaumgärtnerSabine,JohnsonUwe,265,0.0002134580421623295,0.00023495871116784503,0.00019338758674974492,0.0002457956145191808,0.00017308037161870382,0.00028879085604292966,0.000292045342374001,0.0002081735529511333,0.0001846258872874672,0.00028037510037006027,0.0001563747233443559,0.0002537028302235108,0.0001832555598276153,0.00018522180517513908,0.5682561388473782,0.0002003014315780702,0.00016090949363305922,0.000183080761805574,0.00014921677022062543,0.00023025770039905943,0.0004382330879560028,5.0997665311791126e-05,0.0002388369174809461,0.00013027834058191806,0.00018335892614001407,0.00020663750414799705,0.00013231985412873857,0.00021052575113109583,0.0002376457027419064,7.225874447027288e-05,0.3257000470933069,0.00026630112801443817,0.0001046781515936306,0.0001963251802615609,0.00010505048016848656,0.00015433423155990084,0.00013383294793949425,0.0987802991807841,0.00013897814433701716,0.0002459099791150378
14,uj0104,uj0104,0907_101576.xml,letters-leipzig,Brief + Umschlag,"Klemm, Ine","Johnson, Uwe",0000-00-00,0,0.0,KlemmIne,JohnsonUwe,1643,4.341415995535436e-05,4.7787073123192406e-05,3.933213075264987e-05,4.99911365107776e-05,3.520194817898811e-05,5.873572291250062e-05,5.939763655472449e-05,4.233937421491949e-05,3.755013266964115e-05,0.3268186804682856,3.180427021383144e-05,5.1599345430487496e-05,3.727142864457571e-05,3.767133341819841e-05,0.5128144249861879,4.07383029551249e-05,3.27265743850879e-05,3.723587735209732e-05,3.03484500502124e-05,4.683095813497052e-05,8.913002848485954e-05,1.0372159215777022e-05,4.857584204242008e-05,2.6496657888580905e-05,3.729245180011025e-05,4.202696495751668e-05,2.691187108352479e-05,4.281777599822605e-05,4.8333566854762734e-05,1.4696343407009482e-05,3.588793435758522e-05,5.416164999357616e-05,2.128996392490436e-05,3.992959315469328e-05,0.008564154092153,3.138926483000734e-05,2.7219611640227024e-05,0.1503679524544161,2.8266067314330427e-05,5.0014396551989765e-05
15,uj0736,uj0736,0809_101259.xml,letters-leipzig,Brief,"Johnson, Uwe","Baumgärtner, Klaus + Baumgärtner, Sabine",1971-11-27,1971,11.0,JohnsonUwe,BaumgärtnerKlaus+BaumgärtnerSabine,149,0.000449421357325552,0.0004946895503155254,0.0004071643815644506,0.0005175059116201953,0.0003644089243549536,0.0006080294618617387,0.0006148815609885321,0.0004382952255105608,0.0003887172205911437,0.0005903106619556433,0.00032923632066007304,0.0005341540152873478,0.0003858320895333089,0.1551504287327518,0.4668395540977435,0.0004217210105656723,0.0003387839703886261,0.0003854640642130736,0.00031416573828260886,0.0004847918925880036,0.0009226698943691156,0.00010737210803905776,0.0447201282343967,0.0002742921656234458,0.00038604972025806127,0.00043506117946089817,0.0002785904332357423,0.0004432476184400037,0.0005003468279149265,0.000152135860937833,0.0003715102212545993,0.0005606788725184673,0.00022039271275505805,0.088847896054558,0.0002211766251895008,0.00032494020429878814,0.00028177614911368323,0.2300838232216482,0.0002926090094044321,0.0005177466984810666
16,uj0396,uj0396,0095_060079.xml,letters-leipzig,Brief,"Johnson, Uwe","Baumgärtner, Klaus",1958-03-18,1958,3.0,JohnsonUwe,BaumgärtnerKlaus,172,0.0002632079507082159,0.0002897197043553038,0.0002384597454618207,0.00030308232632182095,0.00021341959974940263,0.00035609831624205387,0.0003601113141555162,0.0002566918243457297,0.00022765598779204117,0.0003457211302532849,0.0001928204253027472,0.0003128324487358632,0.0002259662829729904,0.00022839079414749904,0.6100606274071293,0.0002469849755742293,0.0001984120984134488,0.0002257507453961286,0.0001839941934406101,0.00028392304568564195,0.000540370518931841,6.288351022826377e-05,0.0002945017904540732,0.00016064185119882594,0.00022609374050508023,0.0002547977740978883,0.00016315917306479263,0.00025959224100998785,0.0002930329435221893,8.909983367272532e-05,0.00021757854274100688,0.1168615930064094,0.00012907511699151989,0.00024208199347096728,0.00012953422286631015,0.0001903043633376752,0.00016502491828162278,0.2642321715102152,0.00017136928734855832,0.0003032233454682732
17,uj0630,uj0630,0061_060055.xml,letters-leipzig,Brief,"Bierwisch, Manfred","Johnson, Uwe",1957-09-12,1957,9.0,BierwischManfred,JohnsonUwe,635,0.0925876033028667,0.00010347904935120916,8.517055415277899e-05,0.00010825177069928502,7.622697718861403e-05,0.0001271874666664156,0.00012862078722725742,9.168249711779542e-05,8.13117811515523e-05,0.00012348105207011462,6.886957982448613e-05,0.0001117342172961022,0.2636874495854476,8.157423158891282e-05,0.2410184632174521,8.821550654735435e-05,7.0866755056546e-05,8.063128662891926e-05,6.571711877776622e-05,0.00010140865952430792,0.0094423632262745,2.246007351404592e-05,0.0001051870647743142,5.737637377845335e-05,8.075379402925439e-05,9.100600008937896e-05,5.827548443501329e-05,9.271843756170723e-05,0.00010466243741252669,3.1823745320744124e-05,7.771242488377423e-05,0.00011728268099156962,4.610169829801592e-05,8.646431075568206e-05,4.626567692549853e-05,6.797091916613103e-05,5.894187176893234e-05,0.3903551783578849,6.120788705857443e-05,0.00010830213844091882
18,uj1016,uj1016,0651_101099.xml,letters-leipzig,Brief,"Bierwisch, Manfred","Johnson, Uwe",1969-02-06,1969,2.0,BierwischManfred,JohnsonUwe,664,0.0083062038381101,9.199230579301688e-05,7.571615424868218e-05,0.0083188648193951,6.776536351249699e-05,0.00011306895840244136,0.0001143431724985224,8.150523573232915e-05,7.228572627180847e-05,0.0001097739762096557,6.12246777175933e-05,9.933110469695595e-05,7.174920825084767e-05,7.251904326728295e-05,0.1567056811918553,7.842310018182707e-05,6.300015551548385e-05,7.168077038354875e-05,0.1768449583544644,9.015174062295404e-05,0.00017157938956801616,1.9966881835425447e-05,9.351072211097304e-05,5.100728074924317e-05,7.178967878872058e-05,8.090383359444387e-05,5.180658517829044e-05,8.242618108984056e-05,9.30443312715178e-05,2.8291134576322573e-05,6.908591834431533e-05,0.0001042636584086018,4.0984156251904427e-05,7.686629675368386e-05,4.112993234994048e-05,6.042577333447539e-05,5.239899985336552e-05,0.6471495868683571,5.4413474983968094e-05,9.628000546932191e-05
19,uj0650,uj0650,0077_060066.xml,letters-leipzig,Brief,"Bierwisch, Manfred","Johnson, Uwe",1957-12-13,1957,12.0,BierwischManfred,JohnsonUwe,565,0.00010101745977025207,0.3529391967032453,9.151926330188214e-05,0.00011632097975729303,8.190902202558591e-05,0.0051060766738386,0.00013820832574637713,9.851661383870182e-05,8.737285300979957e-05,0.00013268546893479977,7.400319596536854e-05,0.00012006301185041706,8.672435554563564e-05,8.765486679871311e-05,0.2440760257201412,9.4791189881589e-05,7.614924289134032e-05,8.664163365808997e-05,7.061574691735418e-05,0.00010896777535870048,0.0002073906088716172,2.4134272720879428e-05,0.0150212533571488,6.165327338035342e-05,8.677327289819153e-05,9.77896899589355e-05,6.261940475913526e-05,0.0299160808343557,0.00011246409351982892,3.419592318299119e-05,8.350519666700809e-05,0.0001260250642864684,4.953817087571908e-05,9.290945798086992e-05,4.97143726550047e-05,7.303754812816517e-05,6.333546535637614e-05,0.3498809743968285,6.577039198097977e-05,0.0001163751019671854
20,uj0078,uj0078,1096_101812.xml,letters-leipzig,Brief,"Johnson, Uwe","Klemm, Erika",1981-05-20,1981,5.0,JohnsonUwe,KlemmErika,1426,0.0040878194151636,4.5273140533946295e-05,3.726298696875098e-05,4.736125484960297e-05,3.335008073977552e-05,5.5645815154349965e-05,5.6272907532836606e-05,4.011202849795581e-05,3.557473438556185e-05,5.4024220928779865e-05,3.013114427950975e-05,4.888486078885511e-05,3.5310692131673744e-05,3.568955913132745e-05,0.5283270536268198,3.859518472803756e-05,0.1639219151852789,3.527701108457574e-05,2.875191038732794e-05,0.1416784872985537,0.0162711977372821,9.826511462750349e-06,4.602041471909978e-05,2.510274929743347e-05,3.533060932293022e-05,3.981605414150085e-05,2.5496119388917905e-05,4.056526301833528e-05,4.579088489226935e-05,0.0081073014977431,3.399997927170505e-05,5.131237030123797e-05,2.016996366883688e-05,3.782901869079701e-05,0.040487133127337,2.973797106683408e-05,2.578767065081792e-05,0.0048701209350547,2.677907547433777e-05,0.0910978889892761
21,uj0346,uj0346,0536_s000163.xml,letters-leipzig,Brief,"Johnson, Uwe","Bierwisch, Manfred",1966-02-25,1966,2.0,JohnsonUwe,BierwischManfred,511,9.669290104258736e-05,0.00010643234229033732,8.760132248490123e-05,0.00011134127714584362,7.840249575893016e-05,0.0001308173980351959,0.0001322916255769037,9.429911635692892e-05,8.363242006975286e-05,0.00012700520233513172,7.083511821212692e-05,0.0191415953886168,8.301168479021421e-05,8.390236084480382e-05,0.6474572499777411,0.3187874937978145,7.288929284211346e-05,8.293250422771836e-05,6.759268590060966e-05,0.0001043028635203566,0.00019851221428843088,2.3101084201109756e-05,0.00010818910448798854,5.901389596883963e-05,8.305850799028981e-05,9.360331209762962e-05,5.993866725110267e-05,9.536462254982612e-05,0.00010764950425688152,3.273199527995452e-05,0.0095932664760533,0.00012062992969385364,4.741744115532847e-05,8.893200291213646e-05,4.75860997342191e-05,6.991080977102126e-05,6.062407328513857e-05,0.0019358006403626,6.29547606702127e-05,0.00011139308238324744
22,uj1206,uj1206,0956_101633.xml,letters-leipzig,Brief,"Johnson, Uwe","Klemm, Erika",1975-09-24,1975,9.0,JohnsonUwe,KlemmErika,571,9.488750753367484e-05,0.00010444509960925672,8.596568163349335e-05,0.00010926237769339464,0.004744792944345,0.0001283748518015117,0.00012982155342553827,9.253841820089775e-05,8.207088425170892e-05,0.0001246338351983346,6.951252615785706e-05,0.0001127773353970937,8.146173897963047e-05,0.2754857415088255,0.4766612580890398,8.903906081653425e-05,7.152834643604361e-05,8.138403683046198e-05,6.633063465321584e-05,0.00010235538122610108,0.1775732704134664,2.2669754217048603e-05,0.00010616906056675332,5.791202288851022e-05,8.15076879241964e-05,9.185560559330884e-05,5.881952738022065e-05,9.3584029882992e-05,0.0001056395354367566,3.212084253580261e-05,7.843792544242034e-05,0.00011837759793318035,4.653209032245432e-05,8.72715163711292e-05,4.669759980663098e-05,6.860547586540363e-05,5.949213591214962e-05,0.0018996564987247,6.177930606037444e-05,0.0607914195616143
23,uj0989,uj0989,0731_101174.xml,letters-leipzig,Brief,"Doherty, Monika","Johnson, Uwe",1969-12-26,1969,12.0,DohertyMonika,JohnsonUwe,349,0.00018275326771170796,0.00020116118281737376,0.00016556983777880064,0.00021043925676235287,0.00014818370472085695,0.0002472498674328273,0.00025003621366603254,0.00017822892343425533,0.0001580684609685445,0.00024004467228580813,0.00013388107278226833,0.0002172090626400284,0.00015689524763544093,0.00015857865932020497,0.4775253105287834,0.0271423409113523,0.00013776354111275297,0.000156745593354937,0.0001277527521519584,0.00019713638679263483,0.1082586026402133,4.36619294686036e-05,0.00020448153031704964,0.0180921063439915,0.00015698374526790693,0.2519048634710657,0.00011328636522756908,0.00018024277074279,0.00020346166531734955,6.186471841920672e-05,0.00015107138505079107,0.0002279951640470031,8.962077075179684e-05,0.00016808487449540655,8.99395418930857e-05,0.00013213409460533708,0.00011458180875112428,0.1115421439695085,0.0001189868967259814,0.00021053717063522303
24,uj0772,uj0772,0815_s000080.xml,letters-leipzig,Brief,"Johnson, Uwe","Baumgärtner, Klaus + Baumgärtner, Sabine",1971-12-21,1971,12.0,JohnsonUwe,BaumgärtnerKlaus+BaumgärtnerSabine,320,0.00020280975807802923,0.0002232378732961399,0.00018374051071911904,0.00023353418129529223,0.000164446314322279,0.0002743846193654902,0.00027747675671851096,0.00019778888386953435,0.0101523499721211,0.00026638868089079703,0.00014857402180644768,0.000241046948150178,0.00017411391662080662,0.00017598207646718104,0.6895628799357024,0.2895213979655291,0.0001528825765738148,0.00017394783834048707,0.00014177314081526132,0.00021877137090025185,0.0004163719747909764,4.845366358491757e-05,0.00022692261656544516,0.00012377944849757802,0.00017421212653877767,0.00019632946035470975,0.00012571912181393315,0.000200023743418499,0.000225790825181076,6.865414081655252e-05,0.0001676509068116701,0.0002530167840078024,9.945631649996489e-05,0.00018653156334673523,9.98100715865718e-05,0.0001466353192821791,0.0001271567354386068,0.004060269733621,0.00013204526540953207,0.0002336428408509758
25,uj0991,uj0991,0699_101144.xml,letters-leipzig,Brief,"Baumgärtner, Sabine","Johnson, Uwe",1969-08-29,1969,8.0,BaumgärtnerSabine,JohnsonUwe,666,8.497162798420047e-05,9.353043808871154e-05,7.698214558515041e-05,9.7844303758716e-05,0.0042489553304565,0.00011495949712804586,0.00011625501637389912,8.286802182913788e-05,7.349436007153709e-05,0.00011160942208286594,6.224836826735313e-05,0.00010099194338106482,7.294887134712292e-05,7.373157818029252e-05,0.3766887954179873,7.973435227055689e-05,6.40535324582271e-05,7.287928918310229e-05,5.939898895235205e-05,9.165909824998485e-05,0.0001744482360231093,2.0300732645345225e-05,9.50742426731844e-05,5.186013409561435e-05,0.4765994782873796,8.225656411059283e-05,5.267280307668378e-05,8.380436560268798e-05,9.46000536727156e-05,2.8764168787157507e-05,7.024105062703263e-05,0.00010600697051370745,4.1669420674830064e-05,7.815151873467551e-05,4.181763418241245e-05,6.143610602107206e-05,5.327512305999438e-05,0.1396430178747303,5.532328067339313e-05,9.788982907973592e-05
26,uj1210,uj1210,0963_101646.xml,letters-leipzig,Brief,"Johnson, Uwe","Klemm, Erika",1975-11-03,1975,11.0,JohnsonUwe,KlemmErika,1077,6.681715876178422e-05,7.354735079331048e-05,6.053465568933433e-05,7.693954480191878e-05,5.417804151038193e-05,9.039802052760204e-05,9.141674780378438e-05,6.516299501596052e-05,5.77920470808058e-05,8.776370009067573e-05,4.894879860316567e-05,7.94146808133233e-05,0.0066313109761824,0.3156074764558799,0.5854616953833761,0.0033496727804963,5.03682834970545e-05,5.730838812101817e-05,4.670819859843972e-05,7.207582889749951e-05,0.00013717679369679286,1.596341400445784e-05,7.476131642472184e-05,0.0263365715344311,5.739545980174694e-05,6.468217726037108e-05,4.141908457088028e-05,0.0362226125838089,7.438843947180166e-05,2.261860903570807e-05,5.523381795407792e-05,0.0099442800393552,3.276661119473186e-05,6.145418839968931e-05,3.288315839644741e-05,4.831007887102099e-05,4.189271689857609e-05,0.0144855813175282,4.350327886696709e-05,7.697534348760284e-05
27,uj0411,uj0411,0088_060074.xml,letters-leipzig,Brief,"Baumgärtner, Klaus + Baumann, Sabine","Johnson, Uwe",1958-02-13,1958,2.0,BaumgärtnerKlaus+BaumannSabine,JohnsonUwe,212,0.00021123986282948736,0.0002325171046024321,0.0001913779723833287,0.00024324139474509024,0.00017128178254069998,0.00028578984515620435,0.0002890105120338343,0.0002060102881327979,0.0001827073213560077,0.000277461542994642,0.0001547497333651188,0.00025106644150287694,0.00018135123384710756,0.00018329704667895293,0.1778603097938234,0.00019821997101858804,0.00015923737994917415,0.0001811782522633508,0.00014766616312021394,0.0002278649450496754,0.00043367912705190927,5.0467715884391294e-05,0.00023635500998798285,0.00012892453484253993,0.0001814535260139012,0.00020449020139731125,0.00013094483371357964,0.0002083380431138222,0.00023517617392481,7.150785754196876e-05,0.00017461957892830248,0.5302372224637446,0.00010359037382656698,0.0209775669469854,0.00010395883329655622,0.00015273044563865687,0.0001324422039967246,0.264020065038452,0.00013753393336064792,0.00024335457090512928
28,uj1117,uj1117,0465_101424.xml,letters-leipzig,Brief,"Bierwisch, Manfred","Johnson, Uwe",1964-06-15,1964,6.0,BierwischManfred,JohnsonUwe,387,0.00016907312883479345,0.00018610310504922585,0.00015317597799723305,0.0001946866615080508,0.00013709129753569592,0.000228741785108874,0.00023131955721420345,0.00016488745788897265,0.00014623612261867165,0.0002220759404833568,0.00012385930030408247,0.00020094970826871583,0.00014515073108777203,0.0001467081296734383,0.1506739584840485,0.0001586522081994863,0.00012745114342927643,0.00014501227929555438,0.0001181897199105663,0.00018237958828071636,0.0003471100858467933,4.039358156848954e-05,0.4493238704937579,0.00010318920963792538,0.00014523260416070169,0.00016367080390602414,0.00010480622570076862,0.00016675055708119393,0.0001882313831313128,5.723378650672778e-05,0.00013976281829463974,0.0002109284076136893,8.291213782012887e-05,0.00015550274967215453,8.320704709816687e-05,0.00012224309354576718,0.00010600469778555648,0.3942983907047208,0.00011008003945264231,0.00019477724596134004
29,uj0593,uj0593,0983_101668.xml,letters-leipzig,Brief,"Klemm, Erika","Johnson, Uwe",1976-03-17,1976,3.0,KlemmErika,JohnsonUwe,301,0.0002413341578483228,0.00026564266267230897,0.00021864264243123252,0.00027789478921429894,0.00019568344814532425,0.0003265049062167228,0.0003301844055224491,0.0002353595515953866,0.00020873672677854013,0.0003169901121738512,0.00017679615996091336,0.1664960452654799,0.00020718744421157877,0.0002094104673418433,0.5000013473777813,0.0002264593866599132,0.00018192313928468864,0.00020698981879997303,0.00016870342861411515,0.0002603277330335465,0.0004954632402310878,5.7657600929798686e-05,0.0002700273353932484,0.00014729177355756116,0.00020730430943576968,0.0002336229056458425,0.00014959989438340096,0.0002380189302775068,0.00026868055640590977,8.169522716154639e-05,0.00019949676382107544,0.000301078178233027,0.00011834838033769875,0.00022196386494921885,0.00011876933239996588,0.00017448919433240174,0.0001513105875803644,0.3253778665017779,0.0001571277103600071,0.0002780240890202431
30,uj1207,uj1207,0959_101643.xml,letters-leipzig,Brief,"Klemm, Erika","Johnson, Uwe",1975-10-27,1975,10.0,KlemmErika,JohnsonUwe,217,0.0003551885436884861,0.0003909650889759654,0.0003217918360407165,0.00040899740989703263,0.0002880011664754159,0.00048054035607819146,0.0004859557353662121,0.0003463952932302303,0.00030721259957476984,0.00046653676093975487,0.00026020340902467847,0.0004221548079608444,0.0003049324108786184,0.00030820419119875336,0.7009413574738531,0.00033329629120663385,0.00026774914699964527,0.0003046415515872114,0.0002482927641032994,0.0003831427312333648,0.0007292082824821792,8.485876798135736e-05,0.00039741832183859193,0.0002167797174409308,0.0003051044096920408,0.000343839348596364,0.00022017674205649455,0.0003503092888686436,0.00039543617197863005,0.00012023664209211062,0.0002936134927767172,0.0004431180427023605,0.00017418167919046784,0.0003266799140481835,0.0001748012241040117,0.000256808084594701,0.00022269449018939307,0.2866787321404052,0.0002312559610851002,0.000409187709563611
31,uj0019,uj0019,0596_101045.xml,letters-leipzig,Brief,"Johnson, Uwe","Bierwisch, Manfred",1967-05-01,1967,5.0,JohnsonUwe,BierwischManfred,407,0.0001276625739990129,0.0001405214511822747,0.00011565906280146132,0.00014700266389272373,0.0063836904995367,0.0001727167721410176,0.0001746631785535397,0.0064046786329109,0.00011041896458529984,0.00016768357207761468,0.4145851748973289,0.0001517317221177238,0.00010959941462140954,0.00011077536442229632,0.4277786824601398,0.00011979401699701482,9.623493183944952e-05,0.00010949487339542588,8.924187993674988e-05,0.0001377099237782903,0.0002620934936593002,3.050010744824672e-05,0.00014284088499425164,7.791539792330595e-05,0.00010966123477759548,0.00012358342368850068,7.913636327837446e-05,0.088048380513652,0.0001421284567426343,4.321569344291462e-05,0.00010553114652704204,0.00015926636971264914,6.260472614912847e-05,0.00011741594553720772,6.282740421624645e-05,9.230247339246754e-05,8.00412973282996e-05,0.0527972286712398,8.311847825427617e-05,0.00014707106177801096
32,uj0948,uj0948,0209_060181.xml,letters-leipzig,Brief,"Baumgärtner, Klaus + Baumgärtner, Sabine","Johnson, Uwe + Schmidt, Elisabeth",1960-08-06,1960,8.0,BaumgärtnerKlaus+BaumgärtnerSabine,JohnsonUwe+SchmidtElisabeth,284,0.00016495713046932244,0.00018157252067150265,0.00014944698759283771,0.00018994711486294705,0.00013375388040462365,0.138175258760288,0.0002256882015638004,0.00016087335752994496,0.00014267607942422994,0.000216669615928181,0.00012084400934026448,0.00019605769097137167,0.00014161711119192228,0.00014313659571000631,0.1307762213312651,0.00015478990178729746,0.0001243484108918967,0.000141482029937379,0.0001153124519655062,0.00017793965100368036,0.0003386598693290643,3.9410220600030265e-05,0.00018456953956241267,0.00010067712140053928,0.00014169699110699963,0.0001596863223624739,0.00010225477203898025,0.00016269110053054227,0.000183648986918276,5.5840459410134e-05,0.3571888171500653,0.00020579346401293727,8.08936844674449e-05,0.00015171711520801535,8.118141433078388e-05,0.00011926714830424896,0.00010342406793725022,0.3684697420480229,0.0001074001975074401,0.00019003549408430943
33,uj0121,uj0121,0908_101578.xml,letters-leipzig,Brief + Postkarte,"Klemm, Ine","Johnson, Uwe",1974-01-23,1974,1.0,KlemmIne,JohnsonUwe,97,0.0007200497801553067,0.0007925771575911034,0.0006523468870665647,0.0008291328656667897,0.0714274700625458,0.0009741670554929868,0.0009851452887020416,0.0007022238165316863,0.0006227913842253917,0.4260075268374568,0.000527492822595659,0.0008558059714062939,0.0006181689114611338,0.0006248015710502218,0.4291603953443125,0.0006756690931461913,0.0005427897882960775,0.0006175792720356645,0.0005033471754188496,0.0007767194192914256,0.0014782747721424,0.00017202845732213647,0.000805659361357508,0.0004394629012088029,0.0006185175930557191,0.0006970423223523057,0.0004463494601113448,0.0007101583959235263,0.0008016410826256574,0.00024374763556835692,0.0005952228321584806,0.000898303323404818,0.0003531067711411778,0.0006622561579515667,0.0003543627327613388,0.0005206097103646931,0.0004514535211003445,0.0498372742040059,0.0004688096136483818,0.0008295186473467402
34,uj0491,uj0491,0296_s000019.xml,letters-leipzig,Brief,"Johnson, Uwe","Baumgärtner, Klaus + Baumgärtner, Sabine",1962-05-14,1962,5.0,JohnsonUwe,BaumgärtnerKlaus+BaumgärtnerSabine,556,9.809268405673963e-05,0.00010797311915490608,0.2317142316933675,0.0049384814978504,7.953749616379091e-05,0.0001327111872353422,0.00013420675655756984,9.5664245543278e-05,8.484313191916285e-05,0.0001288438039596645,7.186056883166239e-05,0.00011658680702453936,8.421341051250199e-05,8.511698051482598e-05,0.656830219980052,9.204668442034336e-05,7.39444808955676e-05,8.413308368585194e-05,6.857119717273431e-05,0.00010581281280421287,0.0629332549232059,2.343550901331983e-05,0.00010975531327007824,5.986821565813873e-05,8.426091155261992e-05,9.49583684143798e-05,6.080637447060233e-05,9.67451766272914e-05,0.0001092079014702853,3.3205842796350915e-05,8.108745648903077e-05,0.00012237623914121908,4.810388377922451e-05,9.02194346237584e-05,4.827498395839165e-05,7.09228795607156e-05,6.150170284344384e-05,0.0405680514569556,6.386613062287729e-05,0.00011300567382411712
35,uj1053,uj1053,0682_s000224.xml,letters-leipzig,Brief,"Johnson, Uwe","Bierwisch, Manfred",1969-07-19,1969,7.0,JohnsonUwe,BierwischManfred,435,0.00013996899389695687,0.0276963600703475,0.00012680836793648432,0.00016117343024429494,0.3237354308833081,0.00018936632772182003,0.00019150036386680175,0.00013650384153887442,0.00012106313460566468,0.00018384793711689567,0.0001025382434679106,0.00016635836033851743,0.0001201645816445212,0.00012145389068277328,0.6273838848609405,0.00013134192354665166,0.0001055117891279093,0.00012004996285090514,9.7844620838653e-05,0.0070365580455717,0.00028735878860404565,3.344025754418192e-05,0.0001566104640828479,8.542628833796268e-05,0.00012023236114161924,0.00013549662155609154,8.676495234087791e-05,0.00013804622808641538,0.00015582935915538947,4.738160090529621e-05,0.0001157041405439359,0.00017461933307464587,6.863969805556147e-05,0.00012873461069670987,6.888384184838256e-05,0.00010120024945638496,8.775712024524821e-05,0.0096877650978476,9.113093533259855e-05,0.00016124842155058338
36,uj0976,uj0976,1129_101863.xml,letters-leipzig,Brief,"Klemm, Eberhardt","Johnson, Uwe",1983-04-22,1983,4.0,KlemmEberhardt,JohnsonUwe,132,0.0004813471447653552,0.0005298310788046242,0.00043608833741790894,0.0005542682582775658,0.00039029563772646807,0.0243304022244777,0.0006585612341878506,0.0004694306399216623,0.00041633073551761466,0.0006322448789434525,0.00035262445880599195,0.0005720990022671904,0.00041324065184818935,0.0004176745282875648,0.5710402269164533,0.00045167903352733095,0.0003628503500796229,0.0004128464829147172,0.00033648329933704245,0.0005192303158249594,0.0009882140934699963,0.00011499955840905744,0.0005385764205903535,0.0002937772061836211,0.0004134737425241558,0.0004659668551978821,0.00029838081215136694,0.0004747348386596335,0.0005358902354851647,0.00016294321817420565,0.00039790139328538666,0.0006005081200925799,0.00023604886880107052,0.00044271260059895376,0.00023688846844606865,0.0003480231569088365,0.00030179283344694086,0.3885034909846651,0.00031339523347889296,0.0005545261500445863
37,uj0633,uj0633,0048_110110.xml,letters-leipzig,Brief,"Bierwisch, Manfred","Johnson, Uwe",1957-07-13,1957,7.0,BierwischManfred,JohnsonUwe,872,6.659825204312343e-05,7.330639458495452e-05,6.033633173950198e-05,7.668747507013193e-05,5.400054313256572e-05,9.010185806852952e-05,9.11172477851782e-05,6.494950767705841e-05,5.76027084793808e-05,8.74761682057467e-05,4.8788432297815744e-05,7.915450202822535e-05,0.4357924581639807,5.778863302585441e-05,0.2067800122121994,6.249343004228547e-05,5.020326666800575e-05,5.712063408556095e-05,4.655517295833141e-05,7.183969369673531e-05,0.00013672737438084092,1.5911114585519693e-05,7.45163830159302e-05,4.064644121131936e-05,5.7207420501602176e-05,6.447026517906898e-05,4.128338715331018e-05,6.568338626817465e-05,7.414472768439801e-05,2.2544505832632185e-05,5.5052860636055146e-05,8.308513215625983e-05,3.265926105486966e-05,6.125285187206921e-05,3.277542642404445e-05,4.815180514253753e-05,4.175546776434176e-05,0.3551634576516946,4.3360753201341214e-05,7.67231564719781e-05
38,uj0999,uj0999,0664_101112.xml,letters-leipzig,Brief,"Johnson, Uwe","Zeibig, Brigitte",1969-05-02,1969,5.0,JohnsonUwe,ZeibigBrigitte,168,0.0003319854323492352,0.0003654248325390189,0.0003007704040931163,0.0003822791707873016,0.00026918714994727004,0.0004491484894675821,0.0004542101027043124,0.0003237666113680623,0.0002871435734774476,0.2127461501886907,0.00024320531385033805,0.00039457704627462726,0.0002850123408023488,0.00028807038820684034,0.7204777166915234,0.0003115233171306188,0.0002502581175753659,0.0002847404822378585,0.00023207274588313973,0.0003581134795595568,0.0170131173122662,7.93152686862056e-05,0.0003714565003391728,0.0165341637487681,0.000285173103590035,0.00032137763683773784,0.0002057934362009685,0.0003274249206162662,0.0003696038367610999,0.00011238204136498884,0.0002744328444009082,0.00041417083293460605,0.00016280305516857733,0.000305339162628552,0.0001633821275785338,0.00024003179300097023,0.00020814670946188725,0.0229779238598693,0.0002161488921543266,0.0003824570389032855
39,uj0942,uj0942,0222_060193.xml,letters-leipzig,Brief,"Johnson, Uwe","Baumgärtner, Klaus",1960-10-26,1960,10.0,JohnsonUwe,BaumgärtnerKlaus,445,0.00011278771233805356,0.00012414831157481424,0.1998456318815937,0.0112267326342572,9.145281652423424e-05,0.00015259232993648442,0.00015431194688976768,0.00010999547531119708,9.755327676856032e-05,0.1388588741021908,8.262582723443753e-05,0.00013405239523764915,9.682921831761106e-05,9.786814996148844e-05,0.4667100548535548,0.00010583597608633268,8.502192513574062e-05,9.673685792290523e-05,7.88436827451958e-05,0.00012166437494297412,0.0501674174097239,2.694632606404422e-05,0.0001261974918895902,6.883692857193021e-05,9.688383537391956e-05,0.00010918385243304104,6.99156306921245e-05,0.00011123833807240406,0.00012556807364908423,3.818032997334558e-05,9.323497266543464e-05,0.00014070912820867334,5.531021052391687e-05,0.0001037349904072398,5.550694280802616e-05,0.0555658390725509,7.071512453053525e-05,0.0577423116284273,7.343376152976945e-05,0.0167752222033807
40,uj0698,uj0698,0260_s000005.xml,letters-leipzig,Brief,"Johnson, Uwe","Baumgärtner, Klaus",1961-08-04,1961,8.0,JohnsonUwe,BaumgärtnerKlaus,506,0.00010254624227737224,0.0001128752642745312,9.290430158257792e-05,0.00011808136335304448,8.314862041118016e-05,0.000138736478566345,0.00014029994902833227,0.00010000754893289108,8.869514016275666e-05,0.00013469351016171148,0.5196704439032827,0.00012188002677720828,8.803682843894514e-05,8.898142190444033e-05,0.4142421215212596,9.622574498968284e-05,7.730167367635011e-05,8.795285465123366e-05,7.16844346358932e-05,0.00011061687670402298,0.0002105292260542807,2.4499517046381798e-05,0.00011473837273442451,6.258632441989598e-05,8.808648609909787e-05,9.926962390031492e-05,6.356707708053168e-05,0.00010113755594505792,0.00011416610759980356,3.4713438959926e-05,8.476895131109136e-05,0.015261776601806,5.028787384035284e-05,0.025317389358284,5.046674222993047e-05,7.414288700913918e-05,6.429397442735615e-05,0.0222314441206892,6.67657508523634e-05,0.00011813630464003415
41,uj1201,uj1201,0974_101658.xml,letters-leipzig,Brief,"Klemm, Erika","Johnson, Uwe",1975-12-15,1975,12.0,KlemmErika,JohnsonUwe,276,0.00024423372171232223,0.0002688342865695996,0.00022126957394716569,0.0002812336190591232,0.0001980345312248342,0.0003304277733148794,0.0003341514807978468,0.000238187332200244,0.0002112446414287197,0.00032079866162536345,0.000178920317441508,0.000290280871157416,0.00020967674465568683,0.2405064533561435,0.5780970848019431,0.00022918023421865467,0.0001841088960188296,0.00020947674482884207,0.00017073035414220277,0.0002634554995056899,0.0005014160954759595,5.8350341226619885e-05,0.0002732716399333889,0.0001490614439095728,0.0482687003898521,0.00023642982092485972,0.0001513972961755039,0.00024087866258947483,0.0002719086797650716,8.267677295950061e-05,0.00020189366284489272,0.000304695550152637,0.00011977030374070796,0.000224630700044833,0.00012019631342680712,0.00017658563425228482,0.00015312854288308735,0.1250368446787391,0.0001590155568010367,0.00028136447236685205
42,uj0716,uj0716,1120_101850.xml,letters-leipzig,Brief,"Menzhausen, Joachim","Johnson, Uwe",1982-08-07,1982,8.0,MenzhausenJoachim,JohnsonUwe,598,9.856832832235208e-05,0.0001084966729291775,8.93004121611877e-05,0.00011350082005200992,7.992316767757674e-05,0.00013335469409620653,0.00013485751532492225,9.612811448778034e-05,8.52545300734901e-05,0.0001294685581612894,7.220901548512186e-05,0.00011715212794261324,8.46217551936891e-05,8.552970654100653e-05,0.2963456157167533,9.24930120749914e-05,7.430303228652885e-05,8.454103886811935e-05,6.890369390309724e-05,0.0001063258914106616,0.0002023624992424323,2.354914608606469e-05,0.00011028750877353918,6.015851226633197e-05,8.466948656288366e-05,9.541881461220316e-05,6.110122014240487e-05,9.721428692772744e-05,0.00010973744261388236,3.33668555045135e-05,8.148064364730852e-05,0.00012296963259308006,4.833713600076675e-05,9.065690207750618e-05,4.850906583221478e-05,7.126677942733831e-05,6.179992011177716e-05,0.3801896539675302,6.41758128289433e-05,0.3201427365634737
43,uj0533,uj0533,0345_101307.xml,letters-leipzig,Brief,"Baumgärtner, Klaus","Johnson, Uwe",1962-12-16,1962,12.0,BaumgärtnerKlaus,JohnsonUwe,554,0.00011216537072653083,0.00012346328429044376,0.00010161898864039296,0.0001291577302322171,9.094819689826474e-05,0.00015175035385105726,0.00015346048227794237,0.000109388540744068,9.701499593800762e-05,0.00014732814354017357,8.216991329302914e-05,0.00013331271906237015,9.629493270687316e-05,9.732813171924212e-05,0.5689733004871732,0.00010525199286201449,8.455278997192819e-05,9.620308193964084e-05,7.840863797337739e-05,0.0001209930535587796,0.0002302774647292821,2.679764125042684e-05,0.00012550115760951106,6.84570992077941e-05,9.634924839642694e-05,0.0056263953373413,6.95298492503913e-05,0.0001106245456198043,0.00012487521238174732,3.7969658016343184e-05,9.272051943346402e-05,0.0001399327214194047,5.50050190732033e-05,0.2704760457135102,0.0055730146069165,8.109770015385967e-05,7.032493163055464e-05,0.1457087233537957,7.30285676966537e-05,0.00012921782516779482
44,uj0274,uj0274,0824_000030.xml,letters-leipzig,Brief,"Johnson, Uwe","Klemm, Eberhardt",1972-05-10,1972,5.0,JohnsonUwe,KlemmEberhardt,292,0.00020280975807802923,0.0002232378732961399,0.0600453450289644,0.00023353418129529223,0.000164446314322279,0.0002743846193654902,0.00027747675671851096,0.00019778888386953435,0.00017541588574694015,0.00026638868089079703,0.00014857402180644768,0.000241046948150178,0.00017411391662080662,0.00017598207646718104,0.899078495749561,0.00019030946067676615,0.0001528825765738148,0.00017394783834048707,0.00014177314081526132,0.00021877137090025185,0.0004163719747909764,0.0200023218363333,0.00022692261656544516,0.00012377944849757802,0.00017421212653877767,0.00019632946035470975,0.00012571912181393315,0.000200023743418499,0.000225790825181076,6.865414081655252e-05,0.0001676509068116701,0.0002530167840078024,9.945631649996489e-05,0.00018653156334673523,9.98100715865718e-05,0.0001466353192821791,0.0001271567354386068,0.0140372038199952,0.00013204526540953207,0.0002336428408509758
45,uj0931,uj0931,1020_101703.xml,letters-leipzig,Brief,"Johnson, Uwe","Klemm, Erika",1977-06-13,1977,6.0,JohnsonUwe,KlemmErika,179,0.00030235762830605275,0.00033281275298370424,0.0002739283630692034,0.00034816293778957826,0.0002451637340005406,0.0004090645516331105,0.030161770953653,0.0002948722901640908,0.0002615176492703291,0.00039714385799292,0.00022150062840667537,0.0003593632981163512,0.00025957661694113525,0.0002623617510776744,0.8644158703076777,0.0002837216400223329,0.00022792400967409275,0.00025932902020108466,0.00021136157855831603,0.00032615389650637226,0.000620745490670478,7.223683388369528e-05,0.000338306128876373,0.00018453579766294928,0.0002597230325680521,0.0002926965179684223,0.0001874275471979792,0.0002982041162025702,0.000336618804943057,0.00010235258592782354,0.0002499412801795903,0.0301253049600671,0.00014827381217730082,0.00027808938599512554,0.00014880120568144627,0.0002186103261708072,0.00018957080425866535,0.06554942013349,0.00019685883784205605,0.0003483249321919217
46,uj0670,uj0670,0231_060202.xml,letters-leipzig,Brief,"Baumgärtner, Klaus + Baumgärtner, Sabine","Johnson, Uwe",1961-05-02,1961,5.0,BaumgärtnerKlaus+BaumgärtnerSabine,JohnsonUwe,835,6.510516686891489e-05,7.166291765317851e-05,5.898363433945541e-05,7.496819673230768e-05,5.27898895812047e-05,8.808183885896147e-05,8.90744642644539e-05,6.349338617221821e-05,5.631129695751187e-05,8.551501508479088e-05,4.769463054323549e-05,7.737991471062311e-05,5.5893344103475696e-05,5.649305320864221e-05,0.3590791452635516,0.4612578065500917,4.907774533885283e-05,5.584003032678184e-05,0.0032482663988505,7.022909914976695e-05,0.0033364170040157,1.5554398777462295e-05,7.284577900901589e-05,3.973517707307045e-05,5.592487105345227e-05,6.302488794823967e-05,4.035784314263846e-05,6.421081173025251e-05,7.24824559241779e-05,2.2039074137566597e-05,5.3818614878970736e-05,8.122242292270002e-05,3.192706378263408e-05,5.987960674622177e-05,3.2040624807323086e-05,4.707227611341003e-05,4.0819340044041946e-05,0.1710494241971924,4.238863612977727e-05,7.500307818264676e-05
47,uj0478,uj0478,0343_101305.xml,letters-leipzig,Brief,"Johnson, Uwe","Bierwisch, Manfred + Zeibig, Brigitte",1962-11-25,1962,11.0,JohnsonUwe,BierwischManfred+ZeibigBrigitte,486,0.00011941327318540232,0.0001314412353817015,0.00010818540493148204,0.0001375036450584133,9.682508791782913e-05,0.00016155615893766707,0.0001633767924513711,0.00011645700998993088,0.00010328391140676532,0.00015684819421989032,8.747956914085609e-05,0.0001419271209765471,0.00010251731912633803,0.00010361728139740036,0.7291008653630769,0.00011205316663716856,9.001642255632108e-05,0.00010241953314579202,8.347524771471694e-05,0.0001288113832688745,0.00024515753503996017,2.852925136015016e-05,0.00013361079200858888,7.28806603698669e-05,0.00010257514458737763,0.00011559770942904812,7.402272937981679e-05,0.00011777288303460382,0.0001329443994491216,4.042318155856127e-05,9.871193439903404e-05,0.0001489748946773618,5.8559333657184285e-05,0.00010982876141025728,0.017681859828422,0.1998147164031092,7.486918839700156e-05,0.0493855770979493,7.774752803127364e-05,0.00013756762320882383
48,uj0610,uj0610,0984_101669.xml,letters-leipzig,Brief,"Klemm, Erika","Johnson, Uwe",1976-03-26,1976,3.0,KlemmErika,JohnsonUwe,182,0.0004930214892777477,0.0005426813275587806,0.0004466649982420525,0.0005677111937344082,0.0489067265015795,0.0006670167893126478,0.0006745336375022262,0.0004808159676933474,0.0004264282056914529,0.0006475790189986092,0.0003611768299177056,0.1461068689017572,0.00042326317673208193,0.0004278045901157221,0.3423551168424608,0.0004626338230254446,0.00037165073466554726,0.00042285944782931214,0.00034464419112137417,0.0005318234591605739,0.0010121817266109,0.00011778869817697856,0.0005516387743377472,0.0003009023264885263,0.0004235019206686597,0.0004772681741276703,0.00030561758593266897,0.00048624881172215016,0.0005488874398893389,0.00016689515865128256,0.0004075518877314253,0.0006150725332249511,0.00024177387589026305,0.0004534499228736893,0.000242633838750489,0.00035646393042588885,0.000309112360626744,0.4464330184079553,0.0003209961592638746,0.0005679753402748659
49,uj1032,uj1032,0693_s000228.xml,letters-leipzig,Brief + Umschlag,"Johnson, Uwe","Bierwisch, Manfred",1969-08-12,1969,8.0,JohnsonUwe,BierwischManfred,504,0.00010152196388151518,0.00011174781492041117,9.197633126518849e-05,0.00011690191311918092,8.231809426374584e-05,0.00013735071566994922,0.1749368387905836,9.90086281580322e-05,8.780921285943826e-05,0.00013334813026814475,7.437278471464068e-05,0.00012066263376950834,8.715747665181792e-05,8.809263508919226e-05,0.3851333489414026,0.3696680524946371,7.652954948582041e-05,0.0350466623858532,7.096841797759213e-05,0.0001095119851496484,0.0002084263646216732,2.425480475403212e-05,0.0001135923138076646,6.196118381448983e-05,8.720663830873004e-05,9.827807385549786e-05,6.293214027255721e-05,0.00010012734814744688,0.00011302576471686032,3.43667053811725e-05,8.392224056344097e-05,0.00012665446204799714,4.978557573947327e-05,0.010081827195812,0.0050441895209705,7.340231421306811e-05,6.36517770388687e-05,0.0170151595063469,6.609886423943147e-05,0.00011695630562766784
50,uj0815,uj0815,0526_100902.xml,letters-leipzig,Brief,"Bierwisch, Manfred","Johnson, Uwe",1965-02-11,1965,2.0,BierwischManfred,JohnsonUwe,1031,5.58103323028491e-05,6.14318561853686e-05,5.056274933666587e-05,6.426525225255433e-05,0.011027289078884,7.550670604166412e-05,0.0028218665716407,0.3597161016095295,4.827193211762876e-05,7.330633862554567e-05,4.088543671255864e-05,0.0247759132421089,4.791364891535008e-05,4.842773967118482e-05,0.2474134878402804,5.237043000988092e-05,4.20710890972889e-05,4.78679465581225e-05,3.90139319503262e-05,6.020273888199862e-05,0.0001145795867757869,1.3333752239496704e-05,6.24458446061402e-05,3.4062326282423585e-05,4.79406748741074e-05,5.402704745113744e-05,3.4596096517991345e-05,0.0082915705225296,6.213439187399483e-05,1.88926334178862e-05,4.61351214493013e-05,0.0055606444923035,2.7368949729454317e-05,5.133080692964456e-05,2.7466298048018744e-05,4.035193362502883e-05,3.4991707137896874e-05,0.3388149292289363,3.633696036799444e-05,6.429515380151355e-05
51,uj0975,uj0975,1135_101869.xml,letters-leipzig,Brief,"Menzhausen, Joachim + Menzhausen, Ingelore","Johnson, Uwe",1983-12-11,1983,12.0,MenzhausenJoachim+MenzhausenIngelore,JohnsonUwe,335,0.00016907312883479345,0.00018610310504922585,0.00015317597799723305,0.0001946866615080508,0.00013709129753569592,0.000228741785108874,0.00023131955721420345,0.00016488745788897265,0.00014623612261867165,0.1998374962020032,0.00012385930030408247,0.00020094970826871583,0.00014515073108777203,0.0001467081296734383,0.3336547603904417,0.2663125458902259,0.00012745114342927643,0.00014501227929555438,0.0001181897199105663,0.00018237958828071636,0.0003471100858467933,4.039358156848954e-05,0.00018917490533831597,0.00010318920963792538,0.00014523260416070169,0.00016367080390602414,0.00010480622570076862,0.00016675055708119393,0.0001882313831313128,5.723378650672778e-05,0.00013976281829463974,0.0002109284076136893,8.291213782012887e-05,0.00015550274967215453,8.320704709816687e-05,0.00012224309354576718,0.00010600469778555648,0.194682970443201,0.00011008003945264231,0.00019477724596134004
52,uj0673,uj0673,0250_060219.xml,letters-leipzig,Brief,"Johnson, Uwe","Baumgärtner, Klaus + Baumgärtner, Sabine",1961-07-16,1961,7.0,JohnsonUwe,BaumgärtnerKlaus+BaumgärtnerSabine,2145,2.201817275059038e-05,2.423596431103528e-05,1.9947907559451586e-05,2.5353789658134203e-05,1.785322063030493e-05,2.978874392705481e-05,3.0124443821638635e-05,2.147307829000189e-05,1.9044139257283435e-05,2.89206596873845e-05,0.1754868044803936,2.6169418057938022e-05,1.890279013578745e-05,1.9105608119561988e-05,0.2925764552967548,2.0661069866473373e-05,1.6597795951526664e-05,1.8884759739711583e-05,1.539169286254558e-05,0.0086889695467202,0.0888636932272699,5.260403371721591e-06,2.463600085076589e-05,0.4321912104413529,1.8913452359144944e-05,2.13146350308106e-05,1.3648777891084963e-05,2.1715707264508527e-05,2.451312718603284e-05,7.453481266718054e-06,1.8201129289608744e-05,2.746893104097696e-05,1.079753942111156e-05,2.0250919995801902e-05,1.0835945071224877e-05,1.591955841715863e-05,1.3804853345425223e-05,0.0015239581249586,1.4335579768139356e-05,2.5365586353178443e-05
53,uj0603,uj0603,0989_110141.xml,letters-leipzig,Brief,"Baumgärtner, Klaus + Baumgärtner, Sabine","Johnson, Uwe",1976-05-08,1976,5.0,BaumgärtnerKlaus+BaumgärtnerSabine,JohnsonUwe,418,0.00015609059172401875,0.00017181289533711475,0.0001414141277698594,0.0232156932120382,0.00012656453393885896,0.0002111774995572501,0.00021355733351444684,0.0001522263238820626,0.0462069188830679,0.00020502350194031335,0.00011434857572120938,0.0001855194795684052,0.00013400511163901618,0.00013544292300775434,0.3617851362897016,0.0001464698573146879,0.00011766461371409002,0.00013387729107804683,0.00010911434267335729,0.0001683752944617038,0.0003204567104577716,3.729189902813484e-05,0.00017464882277328704,9.526566937585988e-05,0.00013408069796363162,0.0078297550464132,9.675852040319888e-05,0.0001539463621717575,0.0001737777503526673,5.283900324084408e-05,0.2612031973501545,0.00019473194932115312,7.654560332939214e-05,0.000143562234746102,7.681786755038986e-05,0.00011285647185472035,9.786496598783136e-05,0.2949137220377145,0.00010162737635236986,0.0001798209791585978
54,uj0927,uj0927,1004_000108.xml,letters-leipzig,Brief,"Johnson, Uwe","Baumgärtner, Klaus + Baumgärtner, Sabine",1977-01-03,1977,1.0,JohnsonUwe,BaumgärtnerKlaus+BaumgärtnerSabine,678,8.091297775825176e-05,8.906297827080133e-05,7.330511114453358e-05,0.0160147606313532,6.560749886633036e-05,0.00010946848324420632,0.00011070212231187964,7.890984986633532e-05,6.998391890209448e-05,0.00010627842376141616,5.927508930440084e-05,9.616808648263313e-05,6.946448532087478e-05,7.02098063425605e-05,0.5218926377677734,7.592585931195497e-05,6.099403024376165e-05,6.939822673288093e-05,5.6561809935640565e-05,0.3463818600036569,0.1076368471641675,1.933107282956207e-05,0.004070930502938,4.9383046743539227e-05,6.95036671481386e-05,7.83275982847845e-05,5.015689877803618e-05,7.980146939535533e-05,9.008150391296616e-05,2.7390254894758848e-05,6.688600303336655e-05,0.00010094357200017544,3.967909040048841e-05,7.4418629455095e-05,3.982022452404217e-05,5.850162457709883e-05,5.073044908616989e-05,0.0016198851463674,5.2680776923235006e-05,9.321414395591524e-05
55,uj0343,uj0343,0557_s000168.xml,letters-leipzig,Brief,"Johnson, Uwe","Bierwisch, Manfred",1966-07-20,1966,7.0,JohnsonUwe,BierwischManfred,793,6.448557240836018e-05,7.098091422794349e-05,5.842229743091642e-05,7.425473754547174e-05,0.0032245623994986,8.724357943874726e-05,8.822675820225676e-05,6.288913074601867e-05,5.577539221539247e-05,8.470118367648697e-05,0.3680311293660795,7.664350362654694e-05,5.536141694540359e-05,5.595541872414157e-05,0.5015864974764247,6.051096664562832e-05,4.861068103949095e-05,5.530861054657695e-05,4.5078314890971606e-05,6.956074112388929e-05,0.0159937645164135,1.5406370290887967e-05,7.21525184996057e-05,3.935702435819906e-05,5.539264385892371e-05,6.242509113751287e-05,3.997376462393253e-05,0.1079209463981488,7.179265309687781e-05,2.1829332132314e-05,5.330643255524093e-05,8.044944336153764e-05,3.162321951323336e-05,5.930974302534606e-05,3.173569979755695e-05,4.662429751312022e-05,4.0430869540222944e-05,0.0012910070027506,4.198523091019831e-05,7.428928703516245e-05
56,uj0622,uj0622,0064_060058.xml,letters-leipzig,Brief,"Bierwisch, Manfred","Johnson, Uwe",1957-10-06,1957,10.0,BierwischManfred,JohnsonUwe,628,9.488750753367484e-05,0.00010444509960925672,8.596568163349335e-05,0.00010926237769339464,0.0094126472786496,0.0001283748518015117,0.00012982155342553827,9.253841820089775e-05,8.207088425170892e-05,0.0001246338351983346,6.951252615785706e-05,0.0001127773353970937,0.4481954778322281,8.233578484989259e-05,0.1872542893621501,0.0140926020637305,7.152834643604361e-05,8.138403683046198e-05,6.633063465321584e-05,0.00010235538122610108,0.00019480570988891617,2.2669754217048603e-05,0.00010616906056675332,5.791202288851022e-05,8.15076879241964e-05,9.185560559330884e-05,5.881952738022065e-05,9.3584029882992e-05,0.0001056395354367566,3.212084253580261e-05,7.843792544242034e-05,0.00011837759793318035,4.653209032245432e-05,8.72715163711292e-05,4.669759980663098e-05,6.860547586540363e-05,5.949213591214962e-05,0.3379851685686612,6.177930606037444e-05,0.00010931321565359064
57,uj0628,uj0628,0046_060045.xml,letters-leipzig,Brief + Postkarte,"Baumgärtner, Klaus","Johnson, Uwe",1957-07-07,1957,7.0,BaumgärtnerKlaus,JohnsonUwe,133,0.0003818788001081983,0.3009959889125121,0.0003459725332234199,0.0004397310749859717,0.037881598347778,0.000516650037968707,0.0005224723500375721,0.0003724247904175179,0.00033029775590573613,0.0005015941579193851,0.0002797561109109275,0.0004538771714027555,0.0003278462249124666,0.0003313638596027525,0.4530371874848687,0.00035834147814781526,0.0002878688651509359,0.000327533509316267,0.0002669504535441173,0.00041193357464225616,0.0007840038449761566,9.123538771509992e-05,0.0004272818889615975,0.0002330693932987356,0.0003280311483894675,0.0003696767821068109,0.0002367216836306762,0.0003766328989969908,0.0004251507926083865,0.00012927169365981584,0.00031567675903276766,0.0004764156655961317,0.00018727037184066472,0.0003512279205310801,0.0001879364717822348,0.0002761056485231681,0.00023942862520593485,0.1955050264167636,0.00024863343851117854,0.0004399356745138146
58,uj0416,uj0416,0086_100105.xml,letters-leipzig,Brief,"Baumgärtner, Klaus","Johnson, Uwe",1958-02-04,1958,2.0,BaumgärtnerKlaus,JohnsonUwe,646,0.004160677334259,9.124205616211372e-05,7.509864590068735e-05,9.545037574001452e-05,6.721269838985443e-05,0.00011214681666920876,0.0001134106388238439,8.08405141287372e-05,7.169619501712926e-05,0.00010887870693225144,0.0041385100379046,9.852100298253895e-05,7.116405260610376e-05,7.19276091796632e-05,0.3144612597484972,7.778351514850831e-05,6.24863533771976e-05,7.109617288857875e-05,5.79456912285905e-05,8.941650184896538e-05,0.0001701800619548609,1.9804040545622143e-05,9.274808893046447e-05,5.059128733299381e-05,7.120419308369783e-05,8.024401676770346e-05,5.138407297932656e-05,8.175394865250444e-05,9.228550177385142e-05,2.806040426588254e-05,6.852248334514214e-05,0.3181706185477637,4.064990712274299e-05,7.623940833871035e-05,4.079449433369981e-05,5.993296674863732e-05,5.197165617542647e-05,0.3564267857628795,5.396970211436818e-05,9.549478720629416e-05
59,uj1059,uj1059,0707_101152.xml,letters-leipzig,Brief,"Johnson, Uwe","Bierwisch, Manfred",1969-10-04,1969,10.0,JohnsonUwe,BierwischManfred,887,6.193154201541603e-05,6.816962783493278e-05,5.6108410499444616e-05,7.131378735415983e-05,5.021658682129175e-05,8.378819019191305e-05,0.237722110610589,6.039832938825099e-05,5.356633921987274e-05,8.134648914019336e-05,4.536970193695112e-05,7.360794341713569e-05,5.316875994951589e-05,5.373923555736478e-05,0.5670262729455906,5.811435540147772e-05,4.66853952405162e-05,5.311804501305064e-05,4.3292932797048816e-05,6.680570243304718e-05,0.0001271465372040331,1.4796182050350952e-05,6.929482927869764e-05,3.779824101128018e-05,5.319875008272641e-05,5.995266863906816e-05,3.839055452038566e-05,6.108078322758749e-05,0.1920068315942642,2.0964754589750783e-05,5.1195165743133634e-05,7.726314422876964e-05,3.0370743017435497e-05,5.6960707719817744e-05,3.047876838178179e-05,4.4777684876357126e-05,3.8829555234365873e-05,0.0012398750828593,4.0322354210889946e-05,7.134696846882593e-05
60,uj1021,uj1021,0697_s000229.xml,letters-leipzig,Brief + Umschlag,"Johnson, Uwe","Bierwisch, Manfred",1969-08-22,1969,8.0,JohnsonUwe,BierwischManfred,408,0.000124534187270474,0.0920312789308852,0.00011282482355835992,0.00014340034593550145,0.00010097733115913852,0.00016848432686879383,0.3677471869354111,0.00012145114780103374,0.00010771313457915936,0.00016357446597823694,9.123103952450332e-05,0.00014801351801998163,0.00010691366778569322,0.00010806080079528964,0.5275689555715326,0.00011685845020408206,9.387668326151698e-05,0.0001068116883550244,8.705499693667698e-05,0.00013433532553511654,0.000255670861077832,2.975269864728644e-05,0.0001393405519294317,7.600607172709451e-05,0.00010697397303151732,0.00012055499702887924,7.719711717930384e-05,0.0001228234506933181,0.00013864558181779675,4.215668767797943e-05,0.00010294509309022784,0.00015536352816947712,6.107058980600366e-05,0.00011453865367138424,6.128781112030766e-05,0.0062163206551659,7.807987571150825e-05,0.0024931857133859,8.108164994883219e-05,0.0001434670677223842
61,uj0504,uj0504,0304_101272.xml,letters-leipzig,Brief,"Johnson, Uwe","Bierwisch, Manfred",1962-07-19,1962,7.0,JohnsonUwe,BierwischManfred,528,8.829326587295503e-05,9.718664962987492e-05,7.99914654910936e-05,0.00010166914923095048,7.159173350376101e-05,0.0348671342653538,0.00012079955760849951,8.610742735312037e-05,0.1477540110373081,0.00011597236173610385,6.468172800701155e-05,0.00010493983367752794,7.580052596122e-05,7.661382969755034e-05,0.51303087327103,8.285125907604295e-05,6.655745812576141e-05,7.5728223751016e-05,6.172096320350482e-05,9.524215698169276e-05,0.00018126761661104503,2.109431144716356e-05,9.87908032970036e-05,0.2823787944772318,7.584328166726171e-05,8.54720670546969e-05,5.4731843047519125e-05,8.708037387312721e-05,9.829807770746672e-05,2.988859296436309e-05,7.298685343961449e-05,0.00011015090394282674,4.329832587294753e-05,8.120655077126397e-05,4.345233321564983e-05,6.38377135027491e-05,5.535770840621186e-05,0.0191414796183212,5.748593083762341e-05,0.00010171645418871248
62,uj0314,uj0314,0537_100976.xml,letters-leipzig,Brief,"Klemm, Eberhardt","Johnson, Uwe",1966-02-28,1966,2.0,KlemmEberhardt,JohnsonUwe,301,0.4262685189667307,0.0002325171046024321,0.0001913779723833287,0.00024324139474509024,0.00017128178254069998,0.00028578984515620435,0.0002890105120338343,0.0002060102881327979,0.0001827073213560077,0.000277461542994642,0.0105463906871188,0.0314259893027639,0.00018135123384710756,0.00018329704667895293,0.2402101555163455,0.00019821997101858804,0.00015923737994917415,0.0001811782522633508,0.00014766616312021394,0.0002278649450496754,0.00043367912705190927,5.0467715884391294e-05,0.00023635500998798285,0.00012892453484253993,0.0001814535260139012,0.00020449020139731125,0.00013094483371357964,0.0002083380431138222,0.00023517617392481,7.150785754196876e-05,0.00017461957892830248,0.00026353382230653253,0.00010359037382656698,0.0001942850394781018,0.00010395883329655622,0.00015273044563865687,0.0001324422039967246,0.2848033469459594,0.00013753393336064792,0.00024335457090512928
63,uj0157,uj0157,0163_060138.xml,letters-leipzig,Brief + Rundschreiben,"Klemm, Eberhardt","Johnson, Uwe",1959-03-09,1959,3.0,KlemmEberhardt,JohnsonUwe,864,0.3543914725101855,7.928038725777179e-05,6.525334894867237e-05,8.293700373348612e-05,5.840123492526112e-05,9.744457138782694e-05,9.854270873872575e-05,7.024246861399517e-05,6.22969532357704e-05,9.4604904939643e-05,5.276437107799431e-05,8.560507728587375e-05,6.18345737345081e-05,6.249802941921401e-05,0.3830749846328743,6.758623668331016e-05,5.4294505214441e-05,6.177559292545258e-05,5.034911567928327e-05,7.76941598206199e-05,0.0001478697629452941,1.7207766569134768e-05,8.05889818480296e-05,0.0035871533302154,6.186945186792844e-05,6.972417098053356e-05,4.4647713741178845e-05,7.103615352011145e-05,8.018703903284802e-05,2.4381735905383204e-05,5.9539309436593e-05,0.0036330504974663,3.5320777657153374e-05,6.624455948972916e-05,3.5446409745680744e-05,5.20758629649568e-05,4.515826584064263e-05,0.253008765859592,4.68943715627306e-05,8.297559293668293e-05
64,uj0006,uj0006,0599_s000067.xml,letters-leipzig,Brief,"Johnson, Uwe","Baumgärtner, Klaus + Baumgärtner, Sabine",1967-05-11,1967,5.0,JohnsonUwe,BaumgärtnerKlaus+BaumgärtnerSabine,1286,4.0155297002888826e-05,4.419995955545133e-05,0.0020117617123679,4.623857598918383e-05,3.255953093786014e-05,0.1067249563211474,5.493898164970587e-05,3.916118953504851e-05,3.4731450093654394e-05,5.274359922692767e-05,0.2509029345831735,4.7726065482935545e-05,3.4473666851645064e-05,3.4843552966548735e-05,0.4051818867957396,3.7680301916217326e-05,3.026996988244759e-05,3.444078419976894e-05,2.807035830237956e-05,4.331561487711492e-05,0.2134236986597614,9.593578092933005e-06,4.492951991665161e-05,2.450769905934067e-05,3.449311191416143e-05,3.8872231127691045e-05,2.489174447631145e-05,3.9603680319510125e-05,4.470543099896171e-05,1.359316948598772e-05,3.3194023895221774e-05,5.009603189132606e-05,1.969184306374875e-05,3.693229752643128e-05,1.976188476540848e-05,2.9033044823335894e-05,2.5176384636731934e-05,0.0205577329746989,2.614428862098945e-05,4.626009002663462e-05
65,uj0775,uj0775,0784_s000078.xml,letters-leipzig,Brief,"Johnson, Uwe","Baumgärtner, Sabine + Baumgärtner, Klaus",1971-03-04,1971,3.0,JohnsonUwe,BaumgärtnerSabine+BaumgärtnerKlaus,398,0.00017489164021163893,0.00019250768892046456,0.00015844740212464243,0.00020138664134938645,0.00014180918073733334,0.0002366137437588876,0.2583455542825828,0.00017056192287485207,0.00015126871738418242,0.0002297184996240743,0.00012812181530521917,0.00020786522566520167,0.00015014597300475865,0.00015175696816991356,0.7322966230760268,0.00016411209224334507,0.00013183726872988426,0.00015000275650904426,0.00012225712100892634,0.00018865603041335496,0.0003590555913060958,4.178369314640591e-05,0.0001956852026665224,0.00010674038062756642,0.00015023066367152822,0.00016930339875505652,0.0001084130449558853,0.00017248913907916654,0.0001947092099260075,5.920343975810127e-05,0.00014457263966549734,0.0002181873336645544,8.576549021568543e-05,0.00016085424771524265,8.607054855171524e-05,0.00012644998813297174,0.00010965276146258828,0.003501346484233,0.00011386835263009972,0.0002014803431914391
66,uj1198,uj1198,0945_101621.xml,letters-leipzig,Brief,"Johnson, Uwe","Klemm, Erika",1975-01-11,1975,1.0,JohnsonUwe,KlemmErika,975,6.10022841393919e-05,6.714676999045224e-05,5.526652636946728e-05,7.024375266082913e-05,0.0720715323106687,8.253098210182122e-05,8.346105293862203e-05,5.949207675096382e-05,5.276259784689907e-05,8.012591779221013e-05,4.468894780931637e-05,7.250348583490263e-05,5.237098409356796e-05,5.293289994439447e-05,0.5915283868575624,5.724237287513523e-05,4.598489966409813e-05,5.2321030114324326e-05,0.2491189660019735,6.580330974058394e-05,0.0631445493076493,0.0150191719220264,6.825508823916485e-05,3.723109360922055e-05,5.240052423689317e-05,5.905310296205577e-05,3.781451969237957e-05,6.0164290644957634e-05,6.791466152464138e-05,2.065018688018868e-05,5.042700287437565e-05,7.610384182865985e-05,2.99150422350679e-05,5.610603521288463e-05,3.0021446722275304e-05,4.410581372657817e-05,3.824693337723423e-05,0.004222190806127,0.0030406368836528,7.027643590621675e-05
67,uj0209,uj0209,0614_101059.xml,letters-leipzig,Brief,"Klemm, Erika","Johnson, Uwe",1968-04-03,1968,4.0,KlemmErika,JohnsonUwe,91,0.0004930214892777477,0.0005426813275587806,0.0004466649982420525,0.0005677111937344082,0.0003997616661137848,0.0006670167893126478,0.0006745336375022262,0.0004808159676933474,0.0004264282056914529,0.0006475790189986092,0.0003611768299177056,0.0005859743953598802,0.00042326317673208193,0.0004278045901157221,0.4636225289311253,0.0004626338230254446,0.00037165073466554726,0.00042285944782931214,0.00034464419112137417,0.0005318234591605739,0.0010121817266109,0.00011778869817697856,0.0005516387743377472,0.0003009023264885263,0.0004235019206686597,0.0004772681741276703,0.00030561758593266897,0.2672745554067838,0.0005488874398893389,0.00016689515865128256,0.0004075518877314253,0.0006150725332249511,0.00024177387589026305,0.0004534499228736893,0.000242633838750489,0.00035646393042588885,0.000309112360626744,0.2524051590660922,0.0003209961592638746,0.0005679753402748659
68,uj0276,uj0276,0836_s000085.xml,letters-leipzig,Brief,"Johnson, Uwe","Baumgärtner, Klaus + Baumgärtner, Sabine",1972-09-14,1972,9.0,JohnsonUwe,BaumgärtnerKlaus+BaumgärtnerSabine,554,0.0001068587313484733,0.00011762213098335618,9.681130759601572e-05,0.0001230471678296565,8.664536011452732e-05,0.00014457091515117956,0.0001462001359432674,0.00010421327556141196,9.242513371607544e-05,0.0001403579233827193,7.828238459546453e-05,0.0001270055805936078,9.173913729069644e-05,9.27234547763616e-05,0.5000005965963611,0.00010027243128857348,8.055252534583775e-05,0.2629297244448864,7.46990584199532e-05,0.00011526876897497646,0.00021938284142178192,0.2260662724410109,0.00011956359077717584,6.521833544309017e-05,9.179088325864035e-05,0.00010344431776188495,6.624033276600227e-05,0.00010539080399203364,0.0001189672595521354,3.617328110343521e-05,8.83338325586068e-05,0.00013331238499156528,0.0053091641409522,9.828188941486064e-05,5.2589075232947504e-05,7.726089877462096e-05,6.699779912047029e-05,0.0021393214842277,6.957352385779322e-05,0.0001231044196225646
69,uj0985,uj0985,0677_s000219.xml,letters-leipzig,Brief + Photographie + Umschlag,"Johnson, Uwe","Bierwisch, Manfred",1969-07-08,1969,7.0,JohnsonUwe,BierwischManfred,147,0.0004046860707606863,0.0004454482794384519,0.0003666353435216552,0.0004659935059946399,0.00032813575354966734,0.0005475063652778739,0.0005536764082161674,0.0003946674312510542,0.00035002440821719507,0.0204394999604658,0.00029646422179957906,0.000480984461695475,0.00034742646236439256,0.0003511541837272437,0.7986214894322068,0.0003797430094080325,0.000305061500924542,0.0003470950701900803,0.0002828937613241252,0.0004365358320209085,0.0008308275698854634,9.6684315961741e-05,0.00045280080670118497,0.0002469891938539624,0.00034762243018265763,0.00039175530131516193,0.0002508596130112749,0.0003991268642593246,0.0004505424330775404,0.00013699229638552247,0.0003345301891784596,0.0005048690414453738,0.139554095570783,0.00037220460277160574,0.00019916076068278823,0.00029259573975830457,0.0002537282235483348,0.0280098004761447,0.0002634827837059799,0.0004662103249931777
70,uj0428,uj0428,0098_060085.xml,letters-leipzig,Brief,"Baumgärtner, Klaus","Johnson, Uwe",1958-03-20,1958,3.0,BaumgärtnerKlaus,JohnsonUwe,157,0.0004813471447653552,0.0005298310788046242,0.00043608833741790894,0.0005542682582775658,0.00039029563772646807,0.0006512223787984259,0.0006585612341878506,0.0004694306399216623,0.00041633073551761466,0.0006322448789434525,0.00035262445880599195,0.0005720990022671904,0.00041324065184818935,0.0004176745282875648,0.4526443276880565,0.00045167903352733095,0.2608338286525526,0.0004128464829147172,0.00033648329933704245,0.0005192303158249594,0.0009882140934699963,0.00011499955840905744,0.0005385764205903535,0.0002937772061836211,0.0004134737425241558,0.0004659668551978821,0.00029838081215136694,0.0004747348386596335,0.0005358902354851647,0.00016294321817420565,0.00039790139328538666,0.0006005081200925799,0.00023604886880107052,0.00044271260059895376,0.00023688846844606865,0.0003480231569088365,0.00030179283344694086,0.2701075917562683,0.00031339523347889296,0.0005545261500445863
71,uj0859,uj0859,0354_101316.xml,letters-leipzig,Brief,"Baumgärtner, Klaus","Johnson, Uwe",1963-02-08,1963,2.0,BaumgärtnerKlaus,JohnsonUwe,580,9.90486077923898e-05,0.2827171382622575,8.973553321230932e-05,0.00011405385888944612,8.031259760166339e-05,0.00013400447200050564,0.0001355146158063166,9.659650388493972e-05,8.566993734699181e-05,0.00013009940065967178,7.256085778862245e-05,0.00011772295797371672,8.503407923762715e-05,8.594645462661528e-05,0.366005327032311,9.29436892405439e-05,7.466507779928281e-05,8.49529696174289e-05,6.923943084978862e-05,0.00010684397002320532,0.0002033485213810427,2.366389056428154e-05,0.00011082489057930854,6.0451637846133226e-05,8.50820431804799e-05,9.588374790764974e-05,6.139893911692863e-05,9.76879687583967e-05,0.00011027214419276603,3.352943729880064e-05,8.187766245664938e-05,0.0098686761512611,4.85726612902458e-05,9.10986326985496e-05,4.874542885902525e-05,7.161403063507634e-05,6.210104353940177e-05,0.3381891654203474,6.448851292134949e-05,0.00011410692624584843
72,uj0507,uj0507,0339_101301.xml,letters-leipzig,Brief,"Baumgärtner, Klaus","Johnson, Uwe",1962-11-18,1962,11.0,BaumgärtnerKlaus,JohnsonUwe,230,0.00023573678290489373,0.00025948148931332563,0.00021357156231882312,0.00027144944660749214,0.00019114487126396608,0.0003189321266431294,0.0003225262856165883,0.00022990074846307283,0.00020389539915769865,0.0003096380136271057,0.0001726956447057059,0.0002801819430409423,0.00020238204981916176,0.00020455351334394423,0.1984862926705652,0.5104774005515534,0.0001777037116224757,0.00020218900802529576,0.00016479061182674305,0.0002542898313003096,0.0004839717317310656,5.632032147619757e-05,0.0002637644662882416,0.00014387556720685263,0.00020249620453405932,0.00022820438134769897,0.00014613015471692751,0.00023249844694321457,0.00026244892376997667,7.980043190509047e-05,0.00019486974294237707,0.00029409513254285166,0.00011560347151665242,0.0002168157541840851,0.00011601466024269423,0.0001704421855999323,0.00014780117101393636,0.283041031868246,0.00015348337456962864,0.0002715757475031269
73,uj1174,uj1174,0469_101428.xml,letters-leipzig,Brief,"Bierwisch, Manfred","Johnson, Uwe",1964-06-27,1964,6.0,BierwischManfred,JohnsonUwe,1128,5.3043343772750575e-05,5.8386161339382175e-05,4.8055927719736366e-05,6.10790820842461e-05,4.3009677963337584e-05,7.176320226840062e-05,7.257192718461368e-05,5.173017245789467e-05,4.58786856167769e-05,6.967192560933705e-05,3.885840104077957e-05,6.304398889516449e-05,4.553816553237131e-05,4.60267684767896e-05,0.1385996514520599,4.9773986427224265e-05,3.998527064436762e-05,4.549472902616144e-05,3.7079682542262986e-05,5.7217981739484654e-05,0.00010889891100643933,1.2672685766900565e-05,0.4723591093656146,3.237356969841865e-05,4.556385158658388e-05,5.134847138029124e-05,3.2880876444905045e-05,5.231468290977312e-05,5.9053866413098864e-05,1.795596635618554e-05,4.3847814661873295e-05,6.617460807402613e-05,2.6012040231562345e-05,4.878590622480181e-05,2.61045621735442e-05,3.835134819755142e-05,3.325687331225802e-05,0.3872517911353825,3.453543100222586e-05,6.110750116141941e-05
74,uj0352,uj0352,0861_101521.xml,letters-leipzig,Brief,"Johnson, Uwe","Bierwisch, Manfred",1973-01-11,1973,1.0,JohnsonUwe,BierwischManfred,361,0.00015257586092616755,0.00016794414150615326,0.00013822987057258523,0.0001756901596081385,0.00012371464875079392,0.00020642236311174667,0.00020874860975396984,0.0001487986057673287,0.00013196716983247095,0.00020040693659454924,0.00011177376031216569,0.00018134209116056776,0.0001309876851064812,0.00013239312091790112,0.7139147220502456,0.00014317175899386777,0.00011501513025022193,0.00013086274271297395,0.0076124072198453,0.2553600782356313,0.0003132409067556789,3.645218803353315e-05,0.0001707162116566923,9.312054853010602e-05,0.0001310615694349668,0.00014770066648994647,9.457978465840188e-05,0.0001504799135257116,0.0001698647533910969,5.1649214221742185e-05,0.00012612549654539686,0.00019034712143341736,7.482200688139099e-05,0.00014032960808809937,7.508814046099564e-05,0.00011031525452071256,9.566131613175127e-05,0.0180660822249704,9.933900736340456e-05,0.0001757719053062419
75,uj0615,uj0615,0037_060036.xml,letters-leipzig,Brief,"Baumgärtner, Klaus","Johnson, Uwe",1957-03-15,1957,3.0,BaumgärtnerKlaus,JohnsonUwe,498,0.00010915391573664884,0.00012014849897715696,9.889068659471096e-05,0.0001256900584484012,8.850638799061347e-05,0.00014767610742935812,0.00014934032173184706,0.00010645163905394845,9.441030349399836e-05,0.0001433726261631052,7.996378680495494e-05,0.0001297334926894291,9.370957277160866e-05,9.47150320965751e-05,0.3335408472188862,0.00010242615065201442,8.228268717977312e-05,9.362018804580708e-05,7.630349551679451e-05,0.00011774458986164618,0.00022409489504913449,2.6078168832710518e-05,0.00012213165876266482,6.661913913449498e-05,9.37624301745872e-05,0.3383948602963252,6.766308760983706e-05,0.00010765445923973594,0.00012152251913066855,3.695023539635997e-05,9.023112659230696e-05,0.00013617575891451854,5.352822513864386e-05,0.00010039285456837505,5.37186190983864e-05,7.892036081807011e-05,6.843682334098028e-05,0.3243654561705715,7.106787124310913e-05,0.00012574853993419096
76,uj1214,uj1214,0966_101649.xml,letters-leipzig,Brief + Postkarte,"Baumgärtner, Klaus + Baumgärtner, Sabine","Johnson, Uwe",1975-11-15,1975,11.0,BaumgärtnerKlaus+BaumgärtnerSabine,JohnsonUwe,191,0.00026666070990576243,0.00029352024446524977,0.1838934442535817,0.0003070581571696572,0.00021621923586977328,0.00036076961030185456,0.00036483525068078254,0.0002600591050644921,0.000230642376704726,0.0003502562964937284,0.00019534984166402167,0.00031693618158951537,0.00022893050635519095,0.0002313868222424176,0.1720517452132685,0.0002502249219503747,0.0002010148662852332,0.0002287121413586068,0.00018640782738285172,0.2101754834260009,0.013665448836401,6.370841547041334e-05,0.013416354804465,0.00016274914935507552,0.00022905963587387947,0.0002581402086849276,0.00016529949342345869,0.000262997569364801,0.00029687694666954105,9.026864437690657e-05,0.0002204327358328812,0.000332674501863146,0.0001307683230522324,0.0002452576225781742,0.00013123345147317888,0.0001928007740239003,0.0001671897134669054,0.3988782638511829,0.00017361730790218388,0.000307201026203826
77,uj0103,uj0103,0943_101619.xml,letters-leipzig,Brief,"Johnson, Uwe","Klemm, Erika",1974-12-28,1974,12.0,JohnsonUwe,KlemmErika,2001,3.083571305078512e-05,3.3941655807206547e-05,2.793637603058334e-05,3.550713274457468e-05,2.500283718473772e-05,4.171813757130916e-05,4.218827402349446e-05,0.0167161759678133,2.6670678811030684e-05,4.050241468541869e-05,2.2589573335332637e-05,3.664939298466419e-05,0.0045772282626361,0.277622844614396,0.5219954905932007,2.8935135941637728e-05,0.0015401631698389,2.644747313789478e-05,2.1555550038208647e-05,3.326255738745862e-05,0.0182663284114767,7.36701863225413e-06,3.4501893574831086e-05,1.8819743150560147e-05,2.648765618984666e-05,2.9850432051618136e-05,1.91146560303062e-05,3.0412120273935088e-05,3.4329813125189545e-05,1.0438350728434436e-05,2.54900716027658e-05,3.846931736733959e-05,1.5121592105548768e-05,0.0091298718118586,1.5175377931458928e-05,2.229480805729222e-05,1.933323447361404e-05,0.0021342522821915,2.007649904259803e-05,0.1471766193995158
78,uj0793,uj0793,0567_100945.xml,letters-leipzig,Brief,"Klemm, Eberhardt","Johnson, Uwe",1965-08-07,1965,8.0,KlemmEberhardt,JohnsonUwe,214,0.00031162796714762016,0.00034301685138280537,0.5674956285020215,0.00035883767559416875,0.00025268049783607507,0.0004216065437864365,0.0004263577770929343,0.00030391312720241787,0.0002695358270664988,0.0004093203595519117,0.00022829187720186536,0.0003703814409673383,0.0002675352823397019,0.00027040580918589286,0.2623853567924116,0.00029242059613740696,0.0002349122004852363,0.00026728009423941613,0.00021784196227577537,0.0003361538331775617,0.000639777658190543,0.0154045408563843,0.0003486786551606723,0.0001901936981509199,0.0155977754153784,0.00030167064544294934,0.00019317410924274555,0.0003073471076218233,0.0003469395975744468,0.00010549073447786151,0.0002576045244335589,0.00038877372963604746,0.0001528199137190921,0.0002866156561966127,0.00015336347720219147,0.00022531295778365209,0.00019538307894739063,0.1288795339656376,0.0002028945649410455,0.000359004636773797
79,uj1078,uj1078,0423_101384.xml,letters-leipzig,Brief,"Baumgärtner, Klaus","Johnson, Uwe",1964-02-12,1964,2.0,BaumgärtnerKlaus,JohnsonUwe,439,0.00014192344238752686,0.00015621875273510804,0.00012857904883090845,0.00016342396558566383,0.0001150772390723907,0.00019201053286380427,0.00019417436749205195,0.00013840990458630238,0.0001227535922856556,0.0001864150865489839,0.0001039700299628474,0.00016868129513432427,0.00012184249243516392,0.00012314980466136163,0.3010217884059576,0.00013317590846772135,0.0001069850965459093,0.00012172627316902935,9.92108682209074e-05,0.00015309315660273315,0.0002913713054836959,3.390719853633917e-05,0.00015879728472513617,8.661913309342362e-05,0.00012191121836712665,0.00013738862034885698,0.2095395596031532,0.0001399738281541204,0.00015800527288676883,4.804321099330128e-05,0.0001173197682379184,0.00017705761945829545,6.959814428370706e-05,0.00013053218856417335,6.984569716345574e-05,0.00010261335295372774,8.898251142957268e-05,0.4845799613380151,9.240343657766824e-05,0.00016350000402847375
80,uj0444,uj0444,0137_060115.xml,letters-leipzig,Brief,"Baumgärtner, Klaus","Johnson, Uwe",1958-09-10,1958,9.0,BaumgärtnerKlaus,JohnsonUwe,249,0.0431221328428325,0.3327467406428435,0.0001975361465131881,0.00025106843380175766,0.00017679330003157203,0.00029498601130374983,0.0002983103130313038,0.0002126393019689524,0.0001885864906548485,0.0002863897204375404,0.00015972928139117328,0.00025914527547569186,0.00018718676686476548,0.000189195192201558,0.4195560378937175,0.00020459830747155845,0.00016436133178907264,0.00018700821906719232,0.00015241777551456553,0.00023519719960453129,0.0004476340851257765,5.209166966800566e-05,0.000243960458461725,0.00013307307777715328,0.00018729235059624332,0.00021107030177340008,0.00013515838597025488,0.00021504195961681067,0.00024274368972711057,7.380884251381594e-05,0.0001802385002708764,0.0002720138325535865,0.00010692371230986676,0.0002005367574215665,0.00010730402809512432,0.00015764501687933223,0.00013670393874183178,0.1974335541840898,0.00014195951013864252,0.00025118525175239667
81,uj1051,uj1051,0670_s000216.xml,letters-leipzig,Brief,"Johnson, Uwe","Bierwisch, Manfred",1969-06-10,1969,6.0,JohnsonUwe,BierwischManfred,273,0.0001950266845698782,0.0002146708457816221,0.00017668924299460494,0.1729175978322453,0.0001581354850769604,0.009857911762216,0.0002668282454495777,0.00019019849257455795,0.00016868408572802494,0.000256165688147446,0.00014287231127693597,0.0098258534650708,0.00016743208126587046,0.00016922854818411805,0.739852513580185,0.00018300610143123132,0.0001470155199643802,0.00016727237644349535,0.038512560380651,0.0002103757508998545,0.00040039318897098944,4.6594194745772536e-05,0.00021821418250325705,0.00011902926016549394,0.00016752652225764168,0.00018879507622922585,0.0001208944961364962,0.00019234758664401697,0.00021712582500305557,6.601945385830172e-05,0.00016121709739446547,0.0002433069542274668,9.563955822607872e-05,0.00017937318555034037,9.597973752684064e-05,0.00014100800884268185,0.00012227693957299354,0.0230925658758548,0.00012697786620337402,0.0002246765099296759
82,uj0248,uj0248,0829_s000082.xml,letters-leipzig,Brief,"Johnson, Uwe","Baumgärtner, Klaus + Baumgärtner, Sabine",1972-06-04,1972,6.0,JohnsonUwe,BaumgärtnerKlaus+BaumgärtnerSabine,361,0.00015977107106504454,0.00017586409281689704,0.00014474854895461846,0.2123960869904863,0.000129548814716602,0.0002161568799018653,0.00021859282825787237,0.00015581568717436676,0.00013819051022598825,0.00020985777641503795,0.0001170448149113442,0.00018989386629067876,0.0001371648347173377,0.00013863654841792363,0.5903875321300297,0.00014992348817081814,0.00012043904217362316,0.00013703400025957417,0.00011168716323597612,0.00017234543632586635,0.0003280127988132969,3.817120932124554e-05,0.00017876688893635255,9.751195036034594e-05,0.00013724220330123697,0.0001546659710053286,9.904000150644078e-05,0.00015757628245933648,0.00017787527739154078,5.408490062441069e-05,0.00013207335386703097,0.0001993235580055598,7.835048156445126e-05,0.0473051943266177,0.1415533702261587,0.00011551752854349732,0.00010017253610817051,0.0031986313198205,0.00010402366081139016,0.0001840610002358861
83,uj0553,uj0553,0745_s000072.xml,letters-leipzig,Brief,"Johnson, Uwe","Baumgärtner, Klaus",1970-05-27,1970,5.0,JohnsonUwe,BaumgärtnerKlaus,204,0.0002413341578483228,0.00026564266267230897,0.00021864264243123252,0.00027789478921429894,0.00019568344814532425,0.5108262232818487,0.0003301844055224491,0.0002353595515953866,0.00020873672677854013,0.0003169901121738512,0.00017679615996091336,0.00028683463155333017,0.00020718744421157877,0.0002094104673418433,0.4643850879562256,0.0002264593866599132,0.00018192313928468864,0.00020698981879997303,0.00016870342861411515,0.0002603277330335465,0.0004954632402310878,5.7657600929798686e-05,0.0002700273353932484,0.00014729177355756116,0.00020730430943576968,0.0002336229056458425,0.00014959989438340096,0.0002380189302775068,0.00026868055640590977,8.169522716154639e-05,0.00019949676382107544,0.000301078178233027,0.00011834838033769875,0.00022196386494921885,0.00011876933239996588,0.00017448919433240174,0.0001513105875803644,0.0167036181816283,0.0001571277103600071,0.0002780240890202431
84,uj0559,uj0559,0737_101185.xml,letters-leipzig,Brief,"Johnson, Uwe","Zeibig, Brigitte",1970-02-12,1970,2.0,JohnsonUwe,ZeibigBrigitte,405,0.00013531054076021395,0.00014893976325458245,0.00012258792723078167,0.0933455109100898,0.0333917515393562,0.00018306383072724545,0.00018512684180376933,0.00013196071572872274,0.00011703390696427095,0.00017772910339879084,9.912556192594817e-05,0.0068172288767642,0.00011616525967540407,0.000117411657883434,0.6331289006721845,0.00012697059687853126,0.00010200014193133006,0.00011605445562863864,9.458815261544922e-05,0.00014595980380775007,0.1001239038241856,3.23272976784786e-05,0.0001513981489311751,8.258312750792018e-05,0.00011623078333281883,0.00013098701807797604,8.387723804688742e-05,0.0001334517685111889,0.00015064304076627198,4.580464474367893e-05,0.000111853271137474,0.00016880764609133875,6.635522913276978e-05,0.00012445006070952515,0.1198819219527835,9.783209907969278e-05,8.483638458304175e-05,0.0027089292867122,8.809791223416154e-05,0.0068122890071445
85,uj0395,uj0395,0105_060089.xml,letters-leipzig,Brief,"Menzhausen, Joachim","Johnson, Uwe",1958-05-07,1958,5.0,MenzhausenJoachim,JohnsonUwe,379,0.00016907312883479345,0.00018610310504922585,0.00015317597799723305,0.0001946866615080508,0.00013709129753569592,0.000228741785108874,0.00023131955721420345,0.00016488745788897265,0.00014623612261867165,0.0002220759404833568,0.00012385930030408247,0.00020094970826871583,0.00014515073108777203,0.0583678723726167,0.1756258860167385,0.0001586522081994863,0.00012745114342927643,0.00014501227929555438,0.0001181897199105663,0.008499688765844,0.0003471100858467933,4.039358156848954e-05,0.00018917490533831597,0.00010318920963792538,0.00014523260416070169,0.00016367080390602414,0.00010480622570076862,0.00016675055708119393,0.0001882313831313128,5.723378650672778e-05,0.00013976281829463974,0.34122060468771,8.291213782012887e-05,0.00015550274967215453,8.320704709816687e-05,0.00012224309354576718,0.00010600469778555648,0.4109330090598474,0.00011008003945264231,0.00019477724596134004
86,uj1057,uj1057,0660_101109.xml,letters-leipzig,Brief,"Bierwisch, Manfred","Johnson, Uwe",1969-03-23,1969,3.0,BierwischManfred,JohnsonUwe,457,0.00011667178306440415,0.00012842360728493833,0.00010570168422821185,0.00013434683615038182,9.460217739112936e-05,0.00015784715237667648,0.3445296505086339,0.00011378338976420704,0.00010091271919984818,0.0116322480904822,8.547121304951542e-05,0.00013866875790115597,0.00010016372634624812,0.00010123843568169325,0.2704206350357682,0.00010948064985433652,8.794982538012111e-05,0.00010006818533640332,0.0287790608662454,0.0001258541313212167,0.00023952920794974804,2.7874276760786395e-05,0.00013054335522723904,7.120746604995577e-05,0.00010022022425025863,0.0058524442257078,7.232331543770827e-05,0.0001150690529933693,0.00012989226170924135,3.94951460902591e-05,9.64457056477343e-05,0.00014555472880182618,5.721492837935434e-05,0.00010730731252626091,5.741843553361391e-05,8.435592213609273e-05,7.315034144739278e-05,0.3352268033722451,7.596260015563595e-05,0.00013440934549031067
87,uj0390,uj0390,0892_101554.xml,letters-leipzig,Brief + Postkarte,"Klemm, Ine","Johnson, Uwe",1973-11-30,1973,11.0,KlemmIne,JohnsonUwe,98,0.0006117103363835363,0.0006733251686784613,0.0005541940914698577,0.0007043806666454119,0.0004959993602103285,0.0008275928604281264,0.000836919297174985,0.0005965664859094571,0.000529085540529034,0.4521866165093388,0.0004481257002540777,0.0007270405089701836,0.0005251585698563423,0.0005307932725396532,0.4849573105079765,0.0005740072140057711,0.00046112106848019145,0.0005246576481961468,0.000427613032430558,0.0006598534022854687,0.0012558520022595,0.00014614487552981078,0.0006844390103698777,0.0003733408530012177,0.0005254547884531572,0.0005921646047690245,0.0003791912530414627,0.0006033072201789648,0.0006810253260629219,0.00020707311113136008,0.0005056649816687564,0.0007631436648947917,0.0002999779566733368,0.0005626124030830809,0.00030104494499321057,0.000442278228295595,0.000383527351670407,0.0423387057505878,0.0003982720283628626,0.0007047084032099065
88,uj1175,uj1175,0483_101441.xml,letters-leipzig,Brief,"Johnson, Uwe","Bierwisch, Manfred",1964-07-27,1964,7.0,JohnsonUwe,BierwischManfred,178,0.00034319524997682507,0.0003777637647035056,0.0003109262153098976,0.0003951872064111178,0.00027827652124060216,0.0004643144340062044,0.0004695469576376579,0.0003346989123478258,0.0002968392612335012,0.0004507836841565555,0.00025141738266019805,0.0004079003318702395,0.00029463606537182284,0.00029779737078212,0.5928583955198313,0.00032204221112866184,0.00025870833130309565,0.00029435502723307576,0.00023990891248621928,0.0003702055366339808,0.0007045858410656708,8.199342745589628e-05,0.3886929131517666,0.00020945993512193743,0.00029480225647459665,0.00033222927172136456,0.00021274225582972,0.0003384807480387639,0.0003820838771509173,0.00011617673253382466,0.0002836993417739578,0.0004281557221841437,0.00016830026191268045,0.0003156492425118958,0.00016889888727730378,0.00024813670472954803,0.0002151749896979796,0.0068708000019767,0.00022344737403140697,0.0003953710804205767
89,uj1195,uj1195,1087_101788.xml,letters-leipzig,Brief,"Johnson, Uwe","Menzhausen, Joachim + Menzhausen, Ingelore",1980-10-29,1980,10.0,JohnsonUwe,MenzhausenJoachim+MenzhausenIngelore,1040,0.012702256199375,5.661344210684046e-05,4.6596854792999017e-05,0.0203005419705938,4.1703819150872605e-05,6.958432963948253e-05,7.036850006915427e-05,5.01595422003964e-05,4.4485718062636e-05,6.755654827226627e-05,3.767858319883582e-05,6.112984881390483e-05,4.415553684087944e-05,4.46293048343988e-05,0.4784938874457478,0.0557118855177208,3.87712388145024e-05,4.411341915283104e-05,3.595387010878015e-05,5.5480730747983206e-05,0.0001055925248780238,1.228791798509078e-05,5.754789823955344e-05,3.139064415041372e-05,4.418044301572906e-05,4.978943032177141e-05,3.188254806161065e-05,5.0726305759930885e-05,5.726087433509702e-05,1.741078773563095e-05,4.2516508363036384e-05,6.41654162082199e-05,2.5222263288904588e-05,4.7304669708172856e-05,2.5311976081899408e-05,3.718692548189249e-05,3.2247128921080223e-05,0.0111503488631218,3.348686707308006e-05,0.4200665875870246
90,uj0668,uj0668,0248_060216.xml,letters-leipzig,Brief,"Baumgärtner, Klaus + Baumgärtner, Sabine","Johnson, Uwe",0000-00-00,0,0.0,BaumgärtnerKlaus+BaumgärtnerSabine,JohnsonUwe,374,0.00015977107106504454,0.00017586409281689704,0.00014474854895461846,0.0001839753995539587,0.000129548814716602,0.0002161568799018653,0.00021859282825787237,0.00015581568717436676,0.00013819051022598825,0.00020985777641503795,0.0001170448149113442,0.00018989386629067876,0.1023133667118329,0.00013863654841792363,0.4410530832327069,0.00014992348817081814,0.0079801468788748,0.00013703400025957417,0.00011168716323597612,0.00017234543632586635,0.0003280127988132969,3.817120932124554e-05,0.00017876688893635255,9.751195036034594e-05,0.00013724220330123697,0.0001546659710053286,9.904000150644078e-05,0.00015757628245933648,0.1180734928279095,5.408490062441069e-05,0.00013207335386703097,0.0001993235580055598,7.835048156445126e-05,0.2830964294276537,7.862916553714329e-05,0.00011551752854349732,0.00010017253610817051,0.0424971705033265,0.00010402366081139016,0.0001840610002358861
91,uj0477,uj0477,0335_101296.xml,letters-leipzig,Brief,"Baumgärtner, Klaus","Johnson, Uwe",1962-11-08,1962,11.0,BaumgärtnerKlaus,JohnsonUwe,1256,4.617542835188833e-05,5.082647167227466e-05,4.183377007326143e-05,5.31707199806865e-05,3.744089572750743e-05,6.247148782405596e-05,6.317550112278332e-05,4.503228307389336e-05,0.002311472155894,6.065098427608444e-05,3.382711544005695e-05,5.488121572270473e-05,3.964200124383304e-05,4.006734113848913e-05,0.3523505657243143,4.332937896797632e-05,0.0386508813927581,3.960418878448012e-05,3.227870082769188e-05,4.980954495573316e-05,9.479896072011433e-05,1.1031859080424784e-05,5.166540861712051e-05,2.818192334383216e-05,3.96643615339576e-05,4.470000366789991e-05,2.8623545320477715e-05,4.554111261916626e-05,5.140772401420255e-05,1.5631074117821743e-05,0.3316820942500209,5.7606490400143817e-05,2.264406831410921e-05,0.022757806475129,2.2724610753538823e-05,3.338571449193025e-05,2.8950859082660084e-05,0.2507931459247751,3.00638724186933e-05,5.3195459429003794e-05
92,uj0683,uj0683,0268_060244.xml,letters-leipzig,Brief,"Baumgärtner, Klaus","Johnson, Uwe",1961-12-13,1961,12.0,BaumgärtnerKlaus,JohnsonUwe,161,0.00034319524997682507,0.0003777637647035056,0.0003109262153098976,0.0003951872064111178,0.00027827652124060216,0.0004643144340062044,0.0004695469576376579,0.0003346989123478258,0.0002968392612335012,0.0004507836841565555,0.00025141738266019805,0.0172908965950882,0.0171776323285897,0.00029779737078212,0.5084434142037416,0.00032204221112866184,0.00025870833130309565,0.00029435502723307576,0.00023990891248621928,0.0003702055366339808,0.0007045858410656708,8.199342745589628e-05,0.0003839990977535213,0.00020945993512193743,0.00029480225647459665,0.00033222927172136456,0.0170957385190476,0.0003384807480387639,0.0003820838771509173,0.00011617673253382466,0.0002836993417739578,0.03419414824862,0.00016830026191268045,0.0509646380321657,0.00016889888727730378,0.00024813670472954803,0.0002151749896979796,0.344530725266336,0.00022344737403140697,0.0003953710804205767
93,uj0360,uj0360,0890_s000244.xml,letters-leipzig,Brief + Postkarte,"Johnson, Uwe","Bierwisch, Manfred",1973-11-27,1973,11.0,JohnsonUwe,BierwischManfred,84,0.0004930214892777477,0.0005426813275587806,0.0004466649982420525,0.0005677111937344082,0.0003997616661137848,0.0006670167893126478,0.0006745336375022262,0.2187621577272893,0.0004264282056914529,0.0006475790189986092,0.0003611768299177056,0.0005859743953598802,0.00042326317673208193,0.0004278045901157221,0.4151155640956595,0.0004626338230254446,0.00037165073466554726,0.00042285944782931214,0.00034464419112137417,0.0005318234591605739,0.0010121817266109,0.00011778869817697856,0.0005516387743377472,0.0003009023264885263,0.0004235019206686597,0.0004772681741276703,0.00030561758593266897,0.00048624881172215016,0.0005488874398893389,0.00016689515865128256,0.0004075518877314253,0.0006150725332249511,0.00024177387589026305,0.0004534499228736893,0.000242633838750489,0.00035646393042588885,0.000309112360626744,0.0098703348887633,0.3398697500075242,0.0005679753402748659
94,uj0252,uj0252,0842_101502.xml,letters-leipzig,Brief,"Johnson, Uwe","Klemm, Erika",1972-10-18,1972,10.0,JohnsonUwe,KlemmErika,338,0.00020693899143288253,0.00022778302576422909,0.00018748149168911385,0.00023828896794876212,0.0001677944629154102,0.00027997112631209767,0.00028312621998840827,0.00020181589156498784,0.00017898737625736576,0.0002718123894781641,0.00015159900843589696,0.000245954695725146,0.00017765889886854524,0.00017956509469515525,0.8461233917620401,0.0001941841863320687,0.00015599528594513422,0.00017748943921259015,0.0001446596606130486,0.1427441464610547,0.00042484936297301616,4.944018654976771e-05,0.0002315427908912392,0.00012629961435263955,0.00017775910835336604,0.0002003267539954088,0.000128278779672887,0.00020409625314837357,0.00023038795608539285,7.005194815528733e-05,0.00017106430132946148,0.0002581682390155085,0.00010148126018775577,0.00019032937051540177,0.0001018422177744638,0.00014962083367319067,0.00012974566330008246,0.0041429373595413,0.0001347337243843202,0.000238399839827294
95,uj0865,uj0865,0406_101370.xml,letters-leipzig,Brief,"Baumgärtner, Klaus","Johnson, Uwe",1963-11-08,1963,11.0,BaumgärtnerKlaus,JohnsonUwe,1234,4.525033930599121e-05,4.980820256543922e-05,4.0995662797928056e-05,5.210548566944737e-05,3.669079629708868e-05,6.121991981202765e-05,6.190982874802217e-05,4.41300960607935e-05,3.913829603137783e-05,5.9435888646670765e-05,3.3149415306786523e-05,5.378171295028456e-05,3.884780436430134e-05,3.926462290265661e-05,0.1605313943291954,4.246130832349121e-05,3.411072785402007e-05,3.881074944836911e-05,3.163202198534463e-05,4.881164919029444e-05,9.289973675501554e-05,1.0810844303617324e-05,5.063033205650336e-05,2.761732027444612e-05,3.8869716683282026e-05,4.3804473616080825e-05,2.80500946958528e-05,0.0044966793323226,5.037780996559588e-05,1.5317917619698833e-05,0.0022634310962666,5.645238885428191e-05,2.2190411893376265e-05,4.161839456200777e-05,2.2269340727234567e-05,3.271685748576303e-05,2.83708509795932e-05,0.3503918880499054,0.4808509264440951,5.212972948202382e-05
96,uj0449,uj0449,0104_060088.xml,letters-leipzig,Brief + Postkarte,"Baumgärtner, Klaus","Johnson, Uwe",1958-05-05,1958,5.0,BaumgärtnerKlaus,JohnsonUwe,369,0.00017193317152571018,0.00018925122698333304,0.00015576710433004654,0.0001979799829666556,0.0001394103352574641,0.0002326111833693576,0.0002352325610926792,0.00016767669572948128,0.0001487098542904396,0.00022583257925135695,0.0424159788077467,0.3131505288126157,0.00014760610226585228,0.00014918984582113306,0.4323369210257318,0.00016133597049563516,0.0001296071082104692,0.00014746530842177157,0.00012018901836148694,0.0001854647231689714,0.0003529818034332091,4.107687978696513e-05,0.0001923749898759741,0.00010493475931125518,0.0001476893603044795,0.0001664394608159302,0.00010657912883353637,0.00016957131112574922,0.00019141550703814537,5.820195379564098e-05,0.00014212704748753588,0.00021449647460730192,8.431468034947692e-05,0.0001581332356972394,8.4614578315729e-05,0.00012431095890450342,0.00010779787428376076,0.2064342343241798,0.00011194215447010314,0.00019807209974743724
97,uj0363,uj0363,0882_101544.xml,letters-leipzig,Brief,"Baumgärtner, Klaus + Baumgärtner, Sabine","Johnson, Uwe",1973-08-08,1973,8.0,BaumgärtnerKlaus+BaumgärtnerSabine,JohnsonUwe,325,0.0001950266845698782,0.0002146708457816221,0.00017668924299460494,0.0002245720203178711,0.0001581354850769604,0.0002638547726644945,0.0002668282454495777,0.0961307683880898,0.00016868408572802494,0.000256165688147446,0.00014287231127693597,0.0002317964755193369,0.0097614890708173,0.00016922854818411805,0.2025853221652996,0.00018300610143123132,0.0001470155199643802,0.00016727237644349535,0.000136332422444984,0.0002103757508998545,0.00040039318897098944,4.6594194745772536e-05,0.00021821418250325705,0.00011902926016549394,0.00016752652225764168,0.00018879507622922585,0.0001208944961364962,0.00019234758664401697,0.00021712582500305557,6.601945385830172e-05,0.00016121709739446547,0.0002433069542274668,9.563955822607872e-05,0.4031297667467144,9.597973752684064e-05,0.00014100800884268185,0.00012227693957299354,0.282132104593746,0.00012697786620337402,0.0002246765099296759
98,uj0465,uj0465,0331_s000028.xml,letters-leipzig,Brief,"Johnson, Uwe","Baumgärtner, Klaus + Baumgärtner, Sabine",1962-10-24,1962,10.0,JohnsonUwe,BaumgärtnerKlaus+BaumgärtnerSabine,299,0.00020485356862960536,0.00022548754769680912,0.0001855921513803896,0.0002358876164968735,0.00016610351817462207,0.0002771497238928257,0.0002802730221870602,0.00019978209667974585,0.0001771836351964796,0.0002690732065368243,0.00015007127300548166,0.0002434760930824697,0.0102533449497232,0.000177755531690344,0.8174416504380707,0.1513543733630173,0.00015442324713185317,0.0001757007935769277,0.0001432018562965787,0.00022097603422841712,0.00042056795354230935,4.894195423639239e-05,0.0002292094238794664,0.00012502683296913925,0.0001759677451333005,0.00019830796585888684,0.00012698605329757186,0.0002020394779730819,0.00022806622689412672,6.934600130068305e-05,0.00016934040486921013,0.00025556655467851166,0.00010045858518274354,0.010265887734991,0.0001008159052278886,0.00014811303325226995,0.0001284381544396265,0.0041011870060563,0.00013337594845598506,0.00023599737106666556
99,uj0804,uj0804,0546_100928.xml,letters-leipzig,Brief,"Bierwisch, Manfred","Johnson, Uwe",1965-05-13,1965,5.0,BierwischManfred,JohnsonUwe,327,0.00015852511001554148,0.1561427841625144,0.1249182529644024,0.00018254068311635235,0.00012853853935154258,0.0002144711989388192,0.00021688815075965903,0.0001546005718482526,0.0001371128433367024,0.00020822121847244264,0.00011613205092063116,0.000188412995195802,0.00013609516647088935,0.0001375554031379001,0.2426532040258941,0.0001487543226553011,0.00011949980859155189,0.0001359653523144683,0.00011081618043418428,0.00017100141516302256,0.0237206985486421,3.787353440607058e-05,0.0001773727906238686,9.675151174526896e-05,0.00013617193170249611,0.0079518743981826,9.82676465150324e-05,0.0001563474372812886,0.0001764881322355245,5.3663124147010574e-05,0.0001310433910990618,0.00019776915026536144,7.773947202694011e-05,0.00014580135039427136,7.801598270647725e-05,0.00011461667496505785,9.93913491424156e-05,0.4398849033529579,0.00010321244117861357,0.00018262561624867403
100,uj0820,uj0820,0537_s000060.xml,letters-leipzig,Brief,"Johnson, Uwe","Baumgärtner, Klaus + Baumgärtner, Sabine",1965-03-19,1965,3.0,JohnsonUwe,BaumgärtnerKlaus+BaumgärtnerSabine,125,0.0003891901170156173,0.0195740390215158,0.0003525964014008161,0.0004481500111572164,0.00031557101058841047,0.0005265416374938679,0.000532475421497434,0.00037955510418762,0.0003366215203214406,0.0005111975028718138,0.000285112222805794,0.000462566943749972,0.00033412305317985627,0.0003377080352640744,0.8829151235348742,0.0195108496913675,0.00029338030097900814,0.0003338043504410736,0.00027206139283660296,0.00041982030966960544,0.0007990141062570434,9.298214829088298e-05,0.0004354624774051396,0.00023753165775369916,0.00033431151713656854,0.0003767544834783769,0.00024125387354902533,0.0578207863804782,0.0004332905798322899,0.0001317466839426959,0.00032172059499575265,0.0004855369520091123,0.00019085578437340905,0.0003579524065015213,0.00019153463722968253,0.00028139186995182393,0.0002440126412735779,0.0077916214077578,0.00025339368668997623,0.000448358527875505
101,uj0021,uj0021,0586_101039.xml,letters-leipzig,Brief,"Bierwisch, Manfred","Johnson, Uwe",1967,1967,,BierwischManfred,JohnsonUwe,272,0.00020485356862960536,0.433556972928988,0.0001855921513803896,0.0002358876164968735,0.00016610351817462207,0.0002771497238928257,0.0002802730221870602,0.00019978209667974585,0.1009519476773572,0.0002690732065368243,0.00015007127300548166,0.0002434760930824697,0.00017586854550719844,0.000177755531690344,0.323645306631483,0.00019222729977623536,0.00015442324713185317,0.0001757007935769277,0.0001432018562965787,0.00022097603422841712,0.00042056795354230935,4.894195423639239e-05,0.0002292094238794664,0.00012502683296913925,0.0001759677451333005,0.00019830796585888684,0.00012698605329757186,0.0002020394779730819,0.00022806622689412672,6.934600130068305e-05,0.00016934040486921013,0.00025556655467851166,0.00010045858518274354,0.0001884113307750035,0.0001008159052278886,0.00014811303325226995,0.0001284381544396265,0.1351083802608653,0.00013337594845598506,0.00023599737106666556
102,uj0136,uj0136,1047a_002768.xml,letters-leipzig,Brief,"Klemm, Eberhardt","Johnson, Uwe",1979-01-01,1979,1.0,KlemmEberhardt,JohnsonUwe,170,0.000396786858351574,0.0004367534148735711,0.0003594788568906191,0.0004568976117915123,0.00032173075420921374,0.0005368193923693637,0.0005428690000288956,0.0003869637762560831,0.00034319215638385604,0.000521175750086011,0.00029067743043486736,0.00047159595365695175,0.00034064492076696574,0.0003442998794009397,0.4512038195575317,0.00037233066955024807,0.00029910689618829306,0.0003403199971552376,0.00027737185663955936,0.0004280149327103886,0.0008146103488737897,9.479710015770816e-05,0.0004439624255223448,0.00024216812328600208,0.00034083706341917337,0.0784615416389695,0.0002459629943450604,0.0003913361639937063,0.000441748133902607,0.0001343182946697549,0.2540796581112187,0.0004950143217371675,0.0001945811668098231,0.0003649394077738742,0.0001952732704382227,0.000286884458680585,0.0002487756114452603,0.2031372917320103,0.000258339768848252,0.0004571101986223342
103,uj0821,uj0821,0528_100904.xml,letters-leipzig,Brief,"Baumgärtner, Klaus + Baumgärtner, Sabine","Johnson, Uwe",1965-02-19,1965,2.0,BaumgärtnerKlaus+BaumgärtnerSabine,JohnsonUwe,809,7.811463220597265e-05,8.598276795075274e-05,7.076988085868845e-05,8.99485155560714e-05,6.333848766769073e-05,0.00010568255604577336,0.00010687353016038496,7.618078175486103e-05,6.756355082744694e-05,0.00010260282359595736,5.722508215954575e-05,0.2613989498913874,6.706208166543394e-05,6.778162603393202e-05,0.2156379071027638,0.0423434056556881,5.888457415924866e-05,6.699811460631654e-05,5.460564055901526e-05,8.426244051084891e-05,0.0001603707039537912,1.86625147913817e-05,8.740199140421434e-05,4.7675152249461214e-05,6.709990840362439e-05,7.561866712993552e-05,0.0038911591194664,7.704156495066868e-05,8.696606825849533e-05,2.6442973011381087e-05,6.457277523871824e-05,9.745247571915824e-05,3.830680366457769e-05,0.0577128980671021,3.844305671641881e-05,5.647836742513062e-05,4.89759551780412e-05,0.4165794449004356,5.085883164476318e-05,8.999036709866148e-05
104,uj0264,uj0264,0827_s000081.xml,letters-leipzig,Brief,"Johnson, Uwe","Baumgärtner, Klaus + Baumgärtner, Sabine",1972-05-27,1972,5.0,JohnsonUwe,BaumgärtnerKlaus+BaumgärtnerSabine,1091,5.611847988082361e-05,6.177104208362267e-05,5.0841923247677165e-05,6.46200822815548e-05,4.550312208458843e-05,0.002836591434218,7.677921386461553e-05,5.472917874007099e-05,4.853845765783663e-05,7.371108752714805e-05,4.111117893227952e-05,6.669890264794473e-05,4.817819625373661e-05,4.869512547719433e-05,0.6573583796391442,5.265958473265624e-05,4.230337770180269e-05,4.813224155845429e-05,3.922934096406435e-05,6.053513841105451e-05,0.0001152122191342306,1.3407372361226446e-05,6.279062907482133e-05,3.4250395819210246e-05,4.8205371431883775e-05,5.432534891486716e-05,3.478711317941422e-05,0.0055766832362304,6.247745670759936e-05,1.8996945988499312e-05,4.638984894056615e-05,7.001101641958294e-05,2.752006288758914e-05,5.161422154443336e-05,0.2650517296582345,4.057473019512748e-05,3.518490809834315e-05,0.0673795249795783,3.653758892307261e-05,6.465014892700259e-05
105,uj0658,uj0658,0247_060217.xml,letters-leipzig,Brief,"Baumgärtner, Klaus + Baumgärtner, Sabine","Johnson, Uwe",1961-07-07,1961,7.0,BaumgärtnerKlaus+BaumgärtnerSabine,JohnsonUwe,658,8.123633064236404e-05,8.941890103732632e-05,7.359806067828544e-05,9.354313198627774e-05,6.586968639873344e-05,0.00010990595261879996,0.0001111445216836324,7.922519764176117e-05,7.02635959408766e-05,0.00010670314468745644,5.9511970600994033e-05,9.655240342393549e-05,6.974208654498236e-05,7.049038609630113e-05,0.4120817580832929,7.622928215298024e-05,6.123778095148962e-05,6.967556316750579e-05,5.678784814211893e-05,8.762982407729329e-05,0.00016677960535468975,1.9408325679792093e-05,0.0040871991801715,4.9580396427522966e-05,0.0680069551912238,0.0840010317422439,5.035734101026328e-05,8.01203803537739e-05,9.044149701793452e-05,2.749971468924636e-05,0.0080597619782421,0.0001013469732349733,3.983766012163108e-05,0.163923193935831,3.997935826009521e-05,5.873541487324609e-05,5.093318339998213e-05,0.2573898364087139,5.289130534064535e-05,9.358665604388036e-05
106,uj0300,uj0300,0561_s000170.xml,letters-leipzig,Brief,"Johnson, Uwe","Bierwisch, Manfred",1966-08-19,1966,8.0,JohnsonUwe,BierwischManfred,800,6.770736817976064e-05,7.452722700410301e-05,6.134116290405635e-05,7.796461543746728e-05,5.4899859134684216e-05,9.1602399323878e-05,9.26346991708253e-05,6.603116590113046e-05,5.856201433994785e-05,8.893298166183202e-05,0.3964108152751436,0.0633650363601252,5.8127356245499125e-05,5.875103524268255e-05,0.4467081139014213,6.353418516073553e-05,5.10393434637951e-05,5.807191155990401e-05,4.733049501240855e-05,7.303609992491274e-05,0.0234543699579099,1.61760956232691e-05,7.575736637977722e-05,4.132336023638865e-05,5.816014330238428e-05,6.554394217883595e-05,4.197091376943111e-05,0.0533590413777736,7.537952156259303e-05,2.291995825734888e-05,5.596970175765021e-05,8.44688180333227e-05,3.320316291918808e-05,6.227294660942614e-05,3.332126288696745e-05,4.8953717241630126e-05,4.245085633190175e-05,0.0146785736738734,4.408287592373956e-05,7.80008910714044e-05
107,uj1058,uj1058,0718_101161.xml,letters-leipzig,Brief,"Baumgärtner, Klaus + Baumgärtner, Sabine","Johnson, Uwe",1969-11-10,1969,11.0,BaumgärtnerKlaus+BaumgärtnerSabine,JohnsonUwe,1485,3.826556906629712e-05,4.2119887818909306e-05,3.4667637641449514e-05,4.406256596518394e-05,3.1027263471100534e-05,0.0508770988678878,5.235352627568936e-05,3.731824478259855e-05,3.3096971048073e-05,0.1431141498135191,2.8032524404988453e-05,0.0320466129747409,3.285131921164075e-05,3.320379830488447e-05,0.2562268775614253,3.590704846013747e-05,2.8845450279902115e-05,3.2819984033460936e-05,2.674935349770013e-05,0.0019236967444379,7.855988148511406e-05,9.142099610958748e-06,4.281511471232597e-05,2.335435474288134e-05,3.2869849179994985e-05,3.7042884899362494e-05,2.372032679450464e-05,3.773991173410429e-05,4.260157152881427e-05,1.295346827489597e-05,3.163189687924726e-05,4.773848810399914e-05,0.1656716884924293,3.519424552315029e-05,1.883188079312528e-05,2.766673551965848e-05,2.399157164961873e-05,0.3490137031267254,2.491392559850088e-05,4.4083067541499227e-05
108,uj0486,uj0486,0338_s000030.xml,letters-leipzig,Brief,"Johnson, Uwe","Baumgärtner, Klaus",1962-11-16,1962,11.0,JohnsonUwe,BaumgärtnerKlaus,389,0.00020280975807802923,0.0002232378732961399,0.00018374051071911904,0.00023353418129529223,0.000164446314322279,0.0002743846193654902,0.00027747675671851096,0.00019778888386953435,0.00017541588574694015,0.00026638868089079703,0.00014857402180644768,0.000241046948150178,0.00017411391662080662,0.00017598207646718104,0.4301625936899728,0.00019030946067676615,0.0001528825765738148,0.00017394783834048707,0.00014177314081526132,0.00021877137090025185,0.0004163719747909764,4.845366358491757e-05,0.00022692261656544516,0.00012377944849757802,0.00017421212653877767,0.00019632946035470975,0.00012571912181393315,0.000200023743418499,0.000225790825181076,6.865414081655252e-05,0.3892680802754062,0.0002530167840078024,9.945631649996489e-05,0.00018653156334673523,9.98100715865718e-05,0.0001466353192821791,0.0001271567354386068,0.1736681492019828,0.00013204526540953207,0.0002336428408509758
109,uj0955,uj0955,0200_060169.xml,letters-leipzig,Brief,"Baumgärtner, Klaus + Baumgärtner, Sabine","Johnson, Uwe",1960-07-14,1960,7.0,BaumgärtnerKlaus+BaumgärtnerSabine,JohnsonUwe,1409,4.12136624693847e-05,4.536492941760025e-05,3.733853569223546e-05,4.7457277273932814e-05,3.3417696254068765e-05,5.575863408391378e-05,5.638699785883306e-05,4.019335350155617e-05,3.564686026675819e-05,5.4133752162329015e-05,0.0061125326171676,4.898397224316262e-05,3.538228268124881e-05,3.5761917813586524e-05,0.2090616150820921,3.867343441159879e-05,3.106778967676135e-05,0.5170342811390268,2.88102033558794e-05,4.445727623608023e-05,8.461236872115502e-05,9.846434191916936e-06,4.6113718661405055e-05,2.5153643786030492e-05,3.5402240253550863e-05,3.989677907284096e-05,2.554781141444597e-05,4.064750693081116e-05,4.588372347506297e-05,1.3951442048712382e-05,3.4068912420693626e-05,5.1416403401925054e-05,2.021085719702309e-05,0.0081476928931417,2.0282744974388496e-05,2.9798263220949416e-05,2.583995378101737e-05,0.2583108441626429,2.6833368625068748e-05,4.747935835274507e-05
110,uj0144,uj0144,1051_101740.xml,letters-leipzig,Brief,"Johnson, Uwe","Bierwisch, Manfred",1979-04-07,1979,4.0,JohnsonUwe,BierwischManfred,125,0.0004930214892777477,0.0005426813275587806,0.0004466649982420525,0.0005677111937344082,0.0003997616661137848,0.0006670167893126478,0.0734349808907008,0.0004808159676933474,0.0004264282056914529,0.0006475790189986092,0.0003611768299177056,0.0005859743953598802,0.00042326317673208193,0.0004278045901157221,0.6333969058552555,0.0004626338230254446,0.0246251331523984,0.00042285944782931214,0.00034464419112137417,0.0247853058768934,0.0010121817266109,0.00011778869817697856,0.0005516387743377472,0.0003009023264885263,0.0004235019206686597,0.0004772681741276703,0.00030561758593266897,0.00048624881172215016,0.0005488874398893389,0.00016689515865128256,0.0004075518877314253,0.0006150725332249511,0.00024177387589026305,0.0004534499228736893,0.000242633838750489,0.00035646393042588885,0.000309112360626744,0.0098703348887633,0.0003209961592638746,0.2188493170998708
111,uj1046,uj1046,0721_101164.xml,letters-leipzig,Brief,"Johnson, Uwe","Baumgärtner, Sabine",1969-11-22,1969,11.0,JohnsonUwe,BaumgärtnerSabine,126,0.0004214671640988802,0.000463919656870701,0.00038183858960609,0.0004853168311201854,0.0003417425394159688,0.0005702097793136304,0.0005766356750571699,0.00041103308225782094,0.0003645388496307527,0.0005535930960476237,0.0210422280853627,0.332236455803556,0.0003618331749110744,0.0003657154734749921,0.6244031754625793,0.0003954897902977836,0.00031771146812326865,0.0003614880409170889,0.0002946245001772057,0.000454637637523725,0.0008652794475396304,0.00010069351876786592,0.000471577070946157,0.0002572310801333635,0.000362037268915258,0.0004080001952022797,0.0002612619937327375,0.00041567743431064017,0.0004692250494771599,0.00014267294782958572,0.00034840213272841966,0.0005258044160979633,0.00020668419539671975,0.0003876387889996494,0.00020741934815539725,0.0003047287899767432,0.00026424955677311143,0.0084378108150367,0.00027440860869932865,0.0004855426409392996
112,uj0165,uj0165,0187_060157.xml,letters-leipzig,Brief,"Baumgärtner, Klaus","Johnson, Uwe",1959-10-08,1959,10.0,BaumgärtnerKlaus,JohnsonUwe,97,0.0006306891668512887,0.0006942156514215993,0.000571388431801622,0.000726234672474478,0.0005113881597934753,0.000853269628761398,0.0008628854260950556,0.0006150754656101361,0.0005455008668352807,0.000828404199096726,0.0004620291790536128,0.0007495975555692493,0.0005414520585766991,0.0005472615826756411,0.2828226017419744,0.0005918162732188102,0.0004754277395682329,0.000540935595398401,0.0004408800883647129,0.0006803259120841157,0.0012948158726174,0.00015067914387781529,0.000705674309449705,0.0003849240686743196,0.1556709856244842,0.0006105370123849528,0.0003909559823230951,0.0006220253368605317,0.1558313828695787,0.0002134977295117304,0.0005213536653312037,0.0007868208424363797,0.0003092850264498992,0.0005800679286514338,0.0003103851189846759,0.0004560002843328124,0.00039542661207874337,0.3849366018445701,0.00041062875483414366,0.0007265725773430304
113,uj1054,uj1054,0653_101100.xml,letters-leipzig,Brief,"Johnson, Uwe","Zeibig, Brigitte",1969-02-11,1969,2.0,JohnsonUwe,ZeibigBrigitte,357,0.00019317336826587175,0.00021263085325773048,0.00017501018530305545,0.0192282094620351,0.00015663274162735783,0.00026134739090210907,0.00026429260711499923,0.00018839105802752,0.00016708110013148648,0.0002537313748768404,0.00014151461202432036,0.00022959374009244568,0.00016584099332470938,0.00016762038862305764,0.7138160081389427,0.000181267015355584,0.0001456184482729197,0.00016568280615901693,0.0001350368710088345,0.0002083765741719612,0.00039658829823632097,4.6151415435931735e-05,0.00021614051805528343,0.00011789813870380756,0.00016593453685452455,0.0001870009781873941,0.00011974564955045823,0.2567684353031191,0.00021506250309207456,6.539207853021758e-05,0.00015968506973504693,0.0002409948360363464,9.473070642992952e-05,0.000177668622659292,9.50676530456577e-05,0.00013966802584312478,0.00012111495578490611,0.0038673483364138,0.00012577121004654263,0.0002225414347224125
114,uj0413,uj0413,0091_060077.xml,letters-leipzig,Brief,"Baumgärtner, Klaus + Baumann, Sabine + Krienke, Gisela","Johnson, Uwe",1958-03-06,1958,3.0,BaumgärtnerKlaus+BaumannSabine+KrienkeGisela,JohnsonUwe,240,0.0002278111872732296,0.0002507575840624887,0.0002063911731555221,0.00026232317228687434,0.00018471847934482336,0.00030820945944384066,0.0003116827808869467,0.0002221713634036765,0.00019704032773028957,0.00029922781943526324,0.0001668895255654478,0.00027076207756016003,0.00019557785799890985,0.00019767631576865372,0.2478472952907337,0.0002137699122417068,0.00017172921861714012,0.0001953913063725066,0.00015925026408321666,0.00024574047234454807,0.0004677003455027901,5.442680240647413e-05,0.00025489656508062347,0.00013903839435284844,0.0001956881747717664,0.0002205320290501552,0.00014121718143542591,0.0002246817258835857,0.0002536252517993387,7.711749907331825e-05,0.0001883181188624357,0.4821784738660278,0.0001117168215099488,0.00020952629357016544,0.00011211418585300404,0.00016471182894962073,0.0001428320172785369,0.2623181989012657,0.00014832318213791598,0.0002624452268794316
115,uj0956,uj0956,0218_060189.xml,letters-leipzig,Brief,"Bierwisch, Manfred","Johnson, Uwe + Schmidt, Elisabeth",1960-09-16,1960,9.0,BierwischManfred,JohnsonUwe+SchmidtElisabeth,1017,5.374454643448506e-05,5.915799299303946e-05,4.869119959425402e-05,6.188651260969075e-05,0.4230652729450738,7.271187075093025e-05,7.353128654791224e-05,5.241401574603396e-05,4.64851755961641e-05,7.059294861072883e-05,3.9372086873959234e-05,6.387739436464318e-05,4.614015403103395e-05,0.005334406399824,0.2435433976436855,5.043197005505573e-05,4.051385304909166e-05,4.609614331905944e-05,3.7569854734391296e-05,5.797437072707735e-05,0.0371247367788953,1.2840211423449397e-05,0.039718418327721,3.280152977083852e-05,4.616617964018975e-05,5.202726879853308e-05,3.3315542822313454e-05,5.3006253091722575e-05,5.983452474587634e-05,0.0185253924772498,4.442745768897713e-05,6.704939853820839e-05,2.635590452348291e-05,4.943082799757916e-05,2.6449649552611463e-05,3.885833108219837e-05,3.3696510153167395e-05,0.2310940171846685,3.499196964440982e-05,6.191530737080741e-05
116,uj0211,uj0211,0633_s000200.xml,letters-leipzig,Brief + Umschlag,"Johnson, Uwe","Bierwisch, Manfred",1968-10-21,1968,10.0,JohnsonUwe,BierwischManfred,207,0.0541595484830061,0.00030142851684953503,0.00024809692375884964,0.0003153311795267295,0.00022204479865197733,0.0003704897723691674,0.0003746649526934293,0.0810956205986901,0.0002368565400298586,0.0003596931999074257,0.0002006131234554383,0.00032547534609250056,0.00023509854701156055,0.00023762104305318648,0.5538872320619488,0.0002569666948857484,0.0002064307799942534,0.00023487429863928172,0.2157342428784884,0.000295397590408521,0.0005622092029718606,6.542490185324916e-05,0.0003064038675023545,0.00016713407553199222,0.00023523115564770653,0.0002650952420160556,0.00016975313314210457,0.0002700834738438294,0.0003048756581831369,9.270073906527577e-05,0.00022637182231925133,0.0003416377015934858,0.00013429159457245527,0.0406661429421808,0.00013476925487941602,0.0136694211699565,0.00017169428110364783,0.0189538337097613,0.0001782950532618548,0.0137869036911524
117,uj0370,uj0370,0886_000036.xml,letters-leipzig,Brief,"Johnson, Uwe","Klemm, Eberhardt",1973-10-22,1973,10.0,JohnsonUwe,KlemmEberhardt,403,0.00014705699581785952,0.0001618693859250488,0.00013322991838487884,0.2099627942506279,0.00011923973080353268,0.0001989558007706488,0.0002011979040801773,0.00014341636883581578,0.0001271937475846161,0.00019315795996665544,0.00010773075965618576,0.0001747827145101685,0.00012624969208082154,0.0001276042914714962,0.6736229940151761,0.0724805651316697,0.0001108548850750522,0.0073603864769466,0.000102799452913569,0.00015863073296092532,0.00030191058031809627,3.513366551340069e-05,0.00016454118673325067,8.975225853305337e-05,0.0073605781118504,0.00014235814343408997,0.0217939303360109,0.00014503686153034953,0.00016372052680813093,4.97809957204038e-05,0.00012156337513295896,0.00018346202125722305,7.211559866842267e-05,0.0001352537056941111,7.237210585419468e-05,0.00010632500989490576,9.22011233030192e-05,0.0029440943813303,9.57457877131668e-05,0.00016941400944167352
118,uj0064,uj0064,1108_101826.xml,letters-leipzig,Brief,"Klemm, Ine","Johnson, Uwe",1981-12-30,1981,12.0,KlemmIne,JohnsonUwe,239,0.00025024702065545905,0.0002754532780830322,0.00022671747068245797,0.0002881578955775589,0.00020291035602482463,0.00033856326323055053,0.0003423786524277173,0.00024405176248016813,0.0002164457134598084,0.4065765807230478,0.00018332552958106677,0.0002974279008284448,0.00021483921336884652,0.0002171443363574726,0.4199828746013795,0.0002348228999838604,0.0001886418565866424,0.0002146342893294936,0.0001749339205085785,0.00026994205945176975,0.0005137615032102318,5.978698987108103e-05,0.0002799998838960973,0.0001527314982200078,0.00021496039461576472,0.000242250979372292,0.0001551248617004574,0.0002468093563406008,0.0002786033661711812,8.47123647196136e-05,0.00020686450364811816,0.0003121974848439877,0.00012271917843276013,0.00023016135134763197,0.0001231556769390649,0.00018093336396126077,0.00015689873357840648,0.1650470131032909,0.00016293069215970064,0.0002882919706355504
119,uj0932,uj0932,1010_101692.xml,letters-leipzig,Brief,"Johnson, Uwe","Klemm, Erika",1977-01-26,1977,1.0,JohnsonUwe,KlemmErika,190,0.0003164796280850984,0.0159171169020305,0.000286722537651172,0.0003644243331381337,0.0002566144197886998,0.000428170434756161,0.1094143135648719,0.0003086446776506367,0.000273732165589639,0.0004156929698716133,0.00023184609858033103,0.0003761478206204743,0.0002717004748627141,0.0002746156922515964,0.5311392863252279,0.0002969732221310871,0.00023856949208606168,0.00027144131380021566,0.00022123349143983247,0.0003413873314297856,0.0006497382028147166,7.561074760917241e-05,0.00035410714935668304,0.00019315477813459237,0.000271853729018768,0.000306367283231515,0.0001961815905305249,0.0003121321208860191,0.00035234101680078667,0.00010713309437391568,0.0002616151073730545,0.0003948264544118679,0.00015519913023372698,0.0002910779064752602,0.2803934258231822,0.00022882080108151888,0.0001984249511536944,0.0530422299421041,0.0002060533816678023,0.00036459389369624746
120,uj0539,uj0539,0312_101279.xml,letters-leipzig,Brief,"Johnson, Uwe","Baumgärtner, Klaus",1962-08-04,1962,8.0,JohnsonUwe,BaumgärtnerKlaus,410,0.00013996899389695687,0.00015406744143413092,0.00012680836793648432,0.1034447707886695,0.0001134924935756611,0.00018936632772182003,0.0070770735210951,0.00013650384153887442,0.00012106313460566468,0.00018384793711689567,0.0001025382434679106,0.00016635836033851743,0.0001201645816445212,0.00012145389068277328,0.7788664943199642,0.00013134192354665166,0.0001055117891279093,0.00012004996285090514,9.7844620838653e-05,0.0001509848883434149,0.00028735878860404565,3.344025754418192e-05,0.0276989030929962,8.542628833796268e-05,0.00012023236114161924,0.00013549662155609154,8.676495234087791e-05,0.00013804622808641538,0.00015582935915538947,4.738160090529621e-05,0.0001157041405439359,0.00017461933307464587,6.863969805556147e-05,0.0345566003968384,6.888384184838256e-05,0.00010120024945638496,8.775712024524821e-05,0.0441156308839894,9.113093533259855e-05,0.00016124842155058338
121,uj0047,uj0047,0021_060023.xml,letters-leipzig,Brief + Postkarte,"Bierwisch, Manfred","Johnson, Uwe",1955-10-04,1955,10.0,BierwischManfred,JohnsonUwe,146,0.0004046860707606863,0.0004454482794384519,0.0003666353435216552,0.0004659935059946399,0.00032813575354966734,0.0005475063652778739,0.0005536764082161674,0.0003946674312510542,0.00035002440821719507,0.0005315512901669278,0.00029646422179957906,0.000480984461695475,0.00034742646236439256,0.0003511541837272437,0.420370464696528,0.0003797430094080325,0.000305061500924542,0.2193345304434777,0.0002828937613241252,0.0004365358320209085,0.0008308275698854634,9.6684315961741e-05,0.00045280080670118497,0.0002469891938539624,0.00034762243018265763,0.1795632933340051,0.0002508596130112749,0.0003991268642593246,0.0004505424330775404,0.00013699229638552247,0.0003345301891784596,0.0005048690414453738,0.00019845487869087997,0.00037220460277160574,0.00019916076068278823,0.00029259573975830457,0.0002537282235483348,0.1673654411682369,0.0002634827837059799,0.0004662103249931777
122,uj0137,uj0137,1054_101744.xml,letters-leipzig,Brief + Postkarte,"Klemm, Eberhardt","Johnson, Uwe",1979-05-20,1979,5.0,KlemmEberhardt,JohnsonUwe,73,0.000695416854811835,0.0007654630684128918,0.0006300300797984741,0.0008007682045799081,0.0005638719742834028,0.000940840770267467,0.0009514434377774622,0.0006782007179574434,0.0006014856716274758,0.0009134233992393892,0.0005094472767510183,0.0008265288225436115,0.0005970213338000545,0.000603427089898593,0.1750085874738589,0.0006525544324837416,0.00052422093277971,0.0005964518659576446,0.0004861276529140784,0.0007501478238329787,0.001427702946273,0.00016614335845403487,0.0007780977295821213,0.0004244288617089684,0.0005973580869864593,0.0006731964828548737,0.0004310798312175616,0.0006858638551418448,0.1718243722136002,0.00023540902138489305,0.000574860240583038,0.0008675723388103213,0.00034102697753313183,0.0006396003542187237,0.00034223997266725754,0.0005027996360032593,0.0004360092821215982,0.6297028675164213,0.0004527716222044964,0.0008011407886566054
123,uj0782,uj0782,0540_100920.xml,letters-leipzig,Brief,"Klemm, Eberhardt","Johnson, Uwe",1965-04-20,1965,4.0,KlemmEberhardt,JohnsonUwe,205,0.0003266507212577109,0.000359552779980961,0.00029593729078641586,0.00037613628398041184,0.0002648615514884532,0.0004419310720901126,0.000446911349696891,0.00031856396943131165,0.0002825294312379814,0.00042905260364439854,0.00023929722042547293,0.0003882365435292905,0.0002804324455794158,0.0002834413528776934,0.4517944877328949,0.00030651741406009824,0.00024623669185759866,0.00028016495554064385,0.0002283435429396777,0.00035235891395132547,0.0006706196347053573,7.804074275115669e-05,0.0003654875242357466,0.00019936242965715409,0.00028059062505186286,0.0003162133836002566,0.0002024865184278136,0.00032216349289851143,0.0003636646313161899,0.00011057616175661112,0.0002700229522904496,0.0004075154754371186,0.0001601869546427319,0.00030043263342928954,0.0001607567218732824,0.0002361746952380368,0.0002048019766771592,0.4725438247527742,0.0644891235320727,0.0003763112939137205
124,uj0806,uj0806,0536_s000156.xml,letters-leipzig,Brief,"Johnson, Uwe","Bierwisch, Manfred",1965-03-19,1965,3.0,JohnsonUwe,BierwischManfred,384,0.00015852511001554148,0.00017449263171198377,0.00014361973976051776,0.00018254068311635235,0.00012853853935154258,0.0002144711989388192,0.00021688815075965903,0.0001546005718482526,0.0001371128433367024,0.00020822121847244264,0.00011613205092063116,0.000188412995195802,0.00013609516647088935,0.0001375554031379001,0.4922024704751779,0.0001487543226553011,0.00011949980859155189,0.0001359653523144683,0.00011081618043418428,0.00017100141516302256,0.0003254548190217396,3.787353440607058e-05,0.0001773727906238686,9.675151174526896e-05,0.00013617193170249611,0.0001534598216425459,9.82676465150324e-05,0.0001563474372812886,0.0001764881322355245,5.3663124147010574e-05,0.0001310433910990618,0.00019776915026536144,7.773947202694011e-05,0.0079442159269343,7.801598270647725e-05,0.00011461667496505785,9.93913491424156e-05,0.2059324660567542,0.2886445517731631,0.00018262561624867403
125,uj0076,uj0076,1103_101822.xml,letters-leipzig,Brief + Postkarte,"Klemm, Ine","Johnson, Uwe",0000-00-00,0,0.0,KlemmIne,JohnsonUwe,87,0.0005938403676956778,0.0006536552383775173,0.0005380043518618725,0.0006838035082934656,0.0004815096703866158,0.0008034162892268295,0.0008124702716391399,0.0005791389163731077,0.0005136293000830257,0.4974030777206207,0.0004350345494994433,0.0883451673977735,0.0005098170484837014,0.0005152871439100687,0.0910196073778531,0.0005572386712318647,0.0004476502824480811,0.0005093307603090797,0.0004151211207436789,0.0006405770243397721,0.0012191646444986,0.0001418755274507042,0.0006644444100556697,0.00036243440111342895,0.0005101046136105077,0.0005748656279234775,0.0003681138927035263,0.0005856827327500039,0.000661130450124856,0.00020102385907213915,0.0004908929288661346,0.0007408498559056674,0.00029121466402653854,0.0005461767383108711,0.00029225048228644714,0.00042935790045269846,0.000372323320354202,0.304019958009687,0.00038663725900753184,0.0006841216706497164
126,uj0759,uj0759,0774_101223.xml,letters-leipzig,Brief,"Johnson, Uwe","Bierwisch, Manfred",1971-01-07,1971,1.0,JohnsonUwe,BierwischManfred,183,0.00030235762830605275,0.00033281275298370424,0.0002739283630692034,0.00034816293778957826,0.0002451637340005406,0.0004090645516331105,0.00041367444479267047,0.0002948722901640908,0.0002615176492703291,0.00039714385799292,0.00022150062840667537,0.2532181836234299,0.00025957661694113525,0.0002623617510776744,0.7008013395089454,0.0002837216400223329,0.00022792400967409275,0.00025932902020108466,0.00021136157855831603,0.00032615389650637226,0.000620745490670478,7.223683388369528e-05,0.000338306128876373,0.00018453579766294928,0.0002597230325680521,0.0002926965179684223,0.0001874275471979792,0.0002982041162025702,0.000336618804943057,0.00010235258592782354,0.0002499412801795903,0.00037720845120672473,0.00014827381217730082,0.00027808938599512554,0.00014880120568144627,0.0002186103261708072,0.00018957080425866535,0.0358013236246296,0.00019685883784205605,0.0003483249321919217
127,uj0632,uj0632,0049_060047.xml,letters-leipzig,Brief,"Bierwisch, Manfred","Johnson, Uwe",1957-07-18,1957,7.0,BierwischManfred,JohnsonUwe,269,0.0002533660945862009,0.0002788865223093004,0.00022954327276632363,0.00029174948990575203,0.00020543942670105835,0.0003427831090672097,0.0003466460532000929,0.0002470936188351796,0.0002191434885642033,0.0003327939462030388,0.00018561049536670545,0.0127651153169723,0.1871772211748842,0.00021985081908388763,0.4252175328686231,0.00023774972797870495,0.0749748747688858,0.00021730948687924835,0.00017711429344421475,0.0002733066119576955,0.0005201650164552028,6.053217373387379e-05,0.0002834897969275634,0.0001546351406020566,0.000217639656735377,0.00024527039080215714,0.00015705833491773093,0.0002498855832911108,0.0002820758730332624,8.576821796300635e-05,0.0002094428587423554,0.0003160887081387527,0.000124248747852804,0.0002330300778921973,0.0001246906868678839,0.00018318851384178613,0.0001588543162997872,0.2917439586265221,0.0001649614570938923,0.00029188523607262247
128,uj0216,uj0216,0619_101065.xml,letters-leipzig,Brief,"Klemm, Ine","Johnson, Uwe",1968-07-24,1968,7.0,KlemmIne,JohnsonUwe,143,0.0004129061859155418,0.000454496369840065,0.0003740825599230575,0.00047545891772351545,0.00033480095375172376,0.0005586274927289395,0.0005649228635871384,0.000402684044540107,0.0003571342178954653,0.4067888563683758,0.0206148115013145,0.0004907543745946294,0.0003544835017211245,0.00035828694177330504,0.3070352139541074,0.00038745647298417645,0.00031125800939887417,0.000354145378201132,0.000288639991458272,0.0004454028898904503,0.0008477036098377402,9.86481992488036e-05,0.0004619982440290842,0.0002520061187302454,0.00035468345010148246,0.0003997127624733446,0.00025595515510092243,0.0004072340590027488,0.0004596939975855174,0.00013977492848724117,0.00034132527523776874,0.0005151241057004929,0.00020248595876441825,0.0003797649437791398,0.0002032061788610414,0.0002985390396354474,0.0002588820337886621,0.2520143240773443,0.0002688347317463804,0.0004756801408201049
129,uj0464,uj0464,0271_s000008.xml,letters-leipzig,Brief,"Johnson, Uwe","Baumgärtner, Sabine + Baumgärtner, Klaus",1962-01-17,1962,1.0,JohnsonUwe,BaumgärtnerSabine+BaumgärtnerKlaus,346,0.00016630668067190834,0.00018305800499921303,0.0001506696459393302,0.00019150111356924467,0.00013484815002414932,0.00022499901240719976,0.0002275346058827596,0.0001621894974969019,0.000143843343496679,0.00021844223723432372,0.0083030504032263,0.00019766168163134587,0.0001427757116146802,0.00014430762736646337,0.6472628478657129,0.00015605627167819555,0.0001253657323173661,0.00014263952523098055,0.0001162558482434844,0.00017939541403360734,0.0003414305194607708,3.973264419604824e-05,0.00018607954315424867,0.00010150078285242863,0.00014285624504473606,0.00016099275093625753,0.00010309134059426464,0.00016402211184878747,0.016547586944734,5.6297302367422536e-05,0.00013747595819702687,0.0002074771051520584,8.155549331408499e-05,0.0410590470596267,8.184557715808703e-05,0.00012024289881408084,0.00010427020275688404,0.2814908780692658,0.00010827886190886096,0.00019159021584026095
130,uj0441,uj0441,0110_110114.xml,letters-leipzig,Brief,"Baumgärtner, Klaus","Johnson, Uwe",1958-06-06,1958,6.0,BaumgärtnerKlaus,JohnsonUwe,745,8.156227832916529e-05,8.977767996935046e-05,7.389336103763766e-05,9.391845873043244e-05,0.004078472844316,0.00011034693254414266,0.00011159047116777268,7.954307598145857e-05,7.054551729776423e-05,0.00010713127386205456,5.975075279365332e-05,9.693980438483908e-05,7.002191542945163e-05,7.077321741214388e-05,0.257253953947227,7.65351398645215e-05,6.148348768009426e-05,0.0080946328579665,5.70157002323596e-05,8.798142462629568e-05,0.00016744878164737966,1.9486198459249156e-05,9.125954188245902e-05,4.977932977912136e-05,7.006141167825222e-05,7.895615201860638e-05,5.055939172680804e-05,8.044185046985926e-05,9.080437895155629e-05,2.761005286330933e-05,6.742274165254634e-05,0.4013356402530805,3.9997502313684114e-05,0.0080996935478027,4.01397689930965e-05,5.897108126117699e-05,5.1137544591328097e-05,0.3186076546493735,5.310352318075902e-05,9.396215742130298e-05
131,uj0199,uj0199,0188_060158.xml,letters-leipzig,Brief,"Bierwisch, Manfred + Baumgärtner, Klaus","Johnson, Uwe",1959-10-14,1959,10.0,BierwischManfred+BaumgärtnerKlaus,JohnsonUwe,358,0.00016103677305219998,0.00017725728327536885,0.00014589524293888263,0.0001854328475591008,0.00013057509682842236,0.00021786926870044656,0.2141135745590964,0.00015705005472020552,0.0001392852516096011,0.0239774369355046,0.00011797204068402002,0.00019139820022491704,0.0001382514507280604,0.0001397348233037038,0.3494834268208738,0.00015111117787981325,0.00012139315692039228,0.00013811957980335647,0.0001125719458408945,0.00017371075208535083,0.00033061130709457007,3.847360058124002e-05,0.00018018307526505425,9.828443732259611e-05,0.00013832943222373225,0.00015589123053161088,9.982459364742698e-05,0.00015882459739212024,0.00017928440039834996,5.451335970488812e-05,0.00013311963530787912,0.00020090259369564303,7.897117190313178e-05,0.00014811141889032402,7.925206360251471e-05,0.00011643265519598916,0.0001009661001568142,0.4072445542057262,0.0001048477333629634,0.00018551912636725277
132,uj0954,uj0954,0217_101920.xml,letters-leipzig,Brief,"Bierwisch, Manfred","Johnson, Uwe",1960-08-28,1960,8.0,BierwischManfred,JohnsonUwe,170,0.0003214847468573296,0.00035386646020240417,0.0002912570486536741,0.0003701876964291101,0.0002606727715299508,0.00043494194132572814,0.0004398434559451655,0.0003135258868438018,0.0635379784997692,0.00042226714559211024,0.0002355127398339695,0.0003820965906235,0.0002759974122529269,0.00027895873374451723,0.3972044293048988,0.0003016698474966181,0.00024234246366892936,0.00027573415256358544,0.0002247322945310508,0.0003467863650152324,0.0006600137990533132,7.680653001870983e-05,0.111064562561474,0.0001962095169556568,0.0002761530901202889,0.0003112124754790464,0.0001992841983270257,0.0161320478003324,0.0003579132826938143,0.00010882740204554224,0.00026575254488502,0.00040107062662196336,0.0001576536012682983,0.0002956812975456305,0.00015821435764188244,0.00023243959731778763,0.0002015630376520499,0.4018106366725689,0.00020931211163695507,0.00037035993858394327
133,uj0158,uj0158,0155_060130.xml,letters-leipzig,Brief,"Bierwisch, Manfred","Johnson, Uwe",1959-01-30,1959,1.0,BierwischManfred,JohnsonUwe,166,0.00034319524997682507,0.0003777637647035056,0.0003109262153098976,0.1692251498385907,0.00027827652124060216,0.3381242396983654,0.0004695469576376579,0.0003346989123478258,0.0002968392612335012,0.0004507836841565555,0.00025141738266019805,0.0004079003318702395,0.00029463606537182284,0.00029779737078212,0.4577944254140877,0.00032204221112866184,0.00025870833130309565,0.00029435502723307576,0.00023990891248621928,0.0003702055366339808,0.0007045858410656708,8.199342745589628e-05,0.0003839990977535213,0.00020945993512193743,0.00029480225647459665,0.00033222927172136456,0.00021274225582972,0.0003384807480387639,0.0003820838771509173,0.00011617673253382466,0.0002836993417739578,0.0004281557221841437,0.00016830026191268045,0.0003156492425118958,0.00016889888727730378,0.00024813670472954803,0.0002151749896979796,0.0237537962651946,0.00022344737403140697,0.0003953710804205767
134,uj0233,uj0233,0638_s000204.xml,letters-leipzig,Brief + Umschlag,"Johnson, Uwe","Bierwisch, Manfred",1968-11-24,1968,11.0,JohnsonUwe,BierwischManfred,288,0.000220401182653144,0.00024260120298803356,0.00019967789640676855,0.000253790597825244,0.0327056668312557,0.00029818434370756307,0.1954632847798962,0.0002149448050902893,0.0001906312055256216,0.0002894948491144769,0.0001614611171967198,0.000261955011192263,0.00018921630548384303,0.0001912465068086117,0.6084244194478079,0.00020681662756633003,0.00016614338976216612,0.0001890358218141108,0.0001540703376418028,0.00023774728264561052,0.00045248747662451726,5.265646416226512e-05,0.00024660555554988425,0.00013451589852261423,0.0001893230339878076,0.00021335879329427212,0.00013662381629213764,0.0002173735131185587,0.00024537559422062896,7.460910152154497e-05,0.0001821927035677828,0.0002749630932697014,0.0001080830132960566,0.00020271104089549232,0.00010846745258633836,0.00015935425442438204,0.0001381861264397314,0.1562049161630728,0.00014349868041759636,0.00025390868235335634
135,uj1041,uj1041,0690_101135.xml,letters-leipzig,Brief,"Bierwisch, Manfred + Doherty, Monika","Johnson, Uwe",1969-08-03,1969,8.0,BierwischManfred+DohertyMonika,JohnsonUwe,828,7.494663022709228e-05,8.24956673740087e-05,6.789975120085066e-05,8.630058088324837e-05,6.076974416082197e-05,0.00010139651465722357,0.2950538657345297,7.309120864241668e-05,6.482345647281757e-05,0.022219791174244,5.490427274902443e-05,8.907686031275612e-05,6.434232479755627e-05,6.503268746322966e-05,0.225326995583296,7.032725108114064e-05,0.0590467617720457,0.0148118472793079,5.2391064717541046e-05,8.084510920242282e-05,0.0001538667405716119,1.7905641435899644e-05,8.385733307443391e-05,4.574164795705839e-05,6.43786174418381e-05,7.255189102995645e-05,4.645843782052392e-05,7.391708208072185e-05,8.343908914385395e-05,2.537055689084368e-05,6.195397420284246e-05,9.350021188322257e-05,3.675324031304104e-05,6.893116108570357e-05,3.6883967512354005e-05,5.418784163356112e-05,4.698969577260131e-05,0.3812502712570176,4.87962106639806e-05,8.634073510273777e-05
136,uj0459,uj0459,0113_060096.xml,letters-leipzig,Brief,"Johnson, Uwe","Baumgärtner, Klaus",1958-06-13,1958,6.0,JohnsonUwe,BaumgärtnerKlaus,697,7.781560730206466e-05,0.0077417071814021,7.04989718596222e-05,8.960419022980092e-05,6.309602624076411e-05,0.0001052780003911681,0.00010646441542497596,7.588915968226629e-05,6.730491574560226e-05,0.00010221005723964182,5.700602301261455e-05,9.248674637932718e-05,6.680536622097022e-05,6.752215615435709e-05,0.4330099658168353,7.301939708538732e-05,5.865916243250324e-05,0.0038947684229243,5.439660870467664e-05,8.393988163211834e-05,0.00015975680060450586,1.859107418499877e-05,8.706741424059027e-05,4.749265048996239e-05,6.684304815739392e-05,7.532919684717778e-05,4.823687926134978e-05,7.674664777694955e-05,8.663315982034661e-05,2.6341748602579927e-05,6.432558892591687e-05,0.3714156769778316,3.816016419433582e-05,7.156986439106744e-05,0.042146590463509,5.6262166722198965e-05,4.87884739100977e-05,0.1393668395493913,5.066414267528372e-05,8.964588156356523e-05
137,uj0350,uj0350,0548_100997.xml,letters-leipzig,Brief,"Bierwisch, Manfred","Johnson, Uwe",1966-04-20,1966,4.0,BierwischManfred,JohnsonUwe,296,0.00018275326771170796,0.00020116118281737376,0.0181461376695071,0.00021043925676235287,0.00014818370472085695,0.0002472498674328273,0.00025003621366603254,0.3597895855580014,0.0001580684609685445,0.00024004467228580813,0.00013388107278226833,0.0002172090626400284,0.00015689524763544093,0.00015857865932020497,0.2887293482956356,0.00017148916375981589,0.00013776354111275297,0.000156745593354937,0.0001277527521519584,0.00019713638679263483,0.0003751956498431973,4.36619294686036e-05,0.0721267528572304,0.00011153851226321258,0.00015698374526790693,0.00017691382686870014,0.00011328636522756908,0.00018024277074279,0.00020346166531734955,6.186471841920672e-05,0.00015107138505079107,0.0002279951640470031,8.962077075179684e-05,0.00016808487449540655,8.99395418930857e-05,0.00013213409460533708,0.00011458180875112428,0.2553866866233354,0.0001189868967259814,0.00021053717063522303
138,uj0438,uj0438,0109_060091.xml,letters-leipzig,Brief,"Bierwisch, Manfred","Johnson, Uwe",1958-05-31,1958,5.0,BierwischManfred,JohnsonUwe,508,0.0001079941301097996,0.0001188718933578275,9.783995015371592e-05,0.00012435457247666565,8.7565987126539e-05,0.00014610701459682213,0.0001477535462370355,0.0001053205657425046,9.340717216078084e-05,0.00014184925881539795,7.911415305632628e-05,0.00012835504429271587,9.271388686455508e-05,9.370866295140213e-05,0.4415618295333733,0.0001013378490868529,8.140841457777252e-05,9.262545187216016e-05,7.549275321056113e-05,0.0160543408177774,0.0055343295987198,2.5801082251046352e-05,0.00012083398161145808,6.59112953570196e-05,9.276618264538905e-05,0.1222947060053273,6.694415163810827e-05,0.000106510605685332,0.1010599308267091,0.0319122522134787,8.927239998126485e-05,0.00013472885994760114,5.295947535328269e-05,9.93261572448664e-05,5.31478463331215e-05,7.808181371213405e-05,6.77096662479669e-05,0.2784180719886761,7.031275865697532e-05,0.0001244124325831288
139,uj0053,uj0053,0005_060001.xml,letters-leipzig,Brief,"Bierwisch, Manfred","Johnson, Uwe",1955-06-15,1955,6.0,BierwischManfred,JohnsonUwe,993,5.922498984068994e-05,6.519045682670924e-05,5.365634269173696e-05,6.819720927503965e-05,4.802200538757488e-05,8.012645174652061e-05,8.102942508002371e-05,5.7758782165046014e-05,5.12253658290992e-05,7.77914586997448e-05,4.338694062586406e-05,7.039110539164017e-05,5.0845161695930807e-05,5.13907061952233e-05,0.2538105848793807,0.0029690627388364,4.4645135077371655e-05,0.2826591438852623,4.140093111908388e-05,6.38861381315599e-05,0.0059485661697119,1.4149554541931215e-05,0.0058932427157393,3.614637012157367e-05,5.087384119069088e-05,5.73325978253088e-05,3.671279815513601e-05,5.8411411187126286e-05,6.593597593230837e-05,2.004854613956616e-05,4.895781813853096e-05,7.388656544139667e-05,2.90434710347449e-05,5.447139254477117e-05,2.914677543986295e-05,4.282079608532498e-05,3.71326135186718e-05,0.4469493713639815,3.856017371403757e-05,6.822894029795709e-05
140,uj0320,uj0320,0529_s000162.xml,letters-leipzig,Brief,"Johnson, Uwe","Bierwisch, Manfred",1966-01-15,1966,1.0,JohnsonUwe,BierwischManfred,505,0.00010254624227737224,0.0102021047934875,9.290430158257792e-05,0.00011808136335304448,8.314862041118016e-05,0.000138736478566345,0.00014029994902833227,0.00010000754893289108,8.869514016275666e-05,0.00013469351016171148,7.512314881035344e-05,0.5398956598396756,8.803682843894514e-05,8.898142190444033e-05,0.4394651953442922,9.622574498968284e-05,7.730167367635011e-05,8.795285465123366e-05,7.16844346358932e-05,0.00011061687670402298,0.0002105292260542807,2.4499517046381798e-05,0.00011473837273442451,6.258632441989598e-05,8.808648609909787e-05,9.926962390031492e-05,6.356707708053168e-05,0.00010113755594505792,0.00011416610759980356,3.4713438959926e-05,8.476895131109136e-05,0.005172547072593,5.028787384035284e-05,9.43155352513756e-05,5.046674222993047e-05,7.414288700913918e-05,6.429397442735615e-05,0.0020529850622631,6.67657508523634e-05,0.00011813630464003415
141,uj0913,uj0913,1008_101691.xml,letters-leipzig,Brief,"Johnson, Uwe","Klemm, Erika",1977-01-12,1977,1.0,JohnsonUwe,KlemmErika,421,0.00013266139592282375,0.0915112333093531,0.1632723477393514,0.00015275877640171345,0.00010756719902976064,0.000179479759601971,0.00018150238051293832,0.00012937715463402162,0.00011474258680035683,0.00017424947694783118,0.1110406535678091,0.00015767300808196825,0.00011389094611325124,0.00011511294201411734,0.3596898831651324,0.0066505711284373,0.00010000315671574884,0.00011378231141683206,9.27362812477666e-05,0.00014310216493829196,0.0002723561623581345,3.1694385465796806e-05,0.0001484340367313561,8.096629363330846e-05,0.00011395518693151844,0.00012842252028824852,8.223506774073048e-05,0.00013083901519865497,0.00014769371226981776,4.4907869537035984e-05,0.00010966337880451712,0.0001655026862438473,0.2545824255069777,0.00012201354516543478,6.528750662350895e-05,9.591671688735277e-05,8.317543585740414e-05,0.0091819795618379,8.637310847483309e-05,0.00015282985251005232
142,uj0398,uj0398,0101_060084.xml,letters-leipzig,Brief,"Baumgärtner, Klaus","Johnson, Uwe",1958-03-20,1958,3.0,BaumgärtnerKlaus,JohnsonUwe,301,0.0001704911564954061,0.00018766396426147573,0.0001544606751885514,0.00019631951158347884,0.0001382410914341979,0.00023066025778787212,0.00023325964984057768,0.00016627038004689363,0.00014746261477791145,0.0840946085758077,0.00012489811655516712,0.00020263508693699325,0.00014636811999551338,0.00014793858058747422,0.143550604063104,0.00015998283490045647,0.00012852008470933058,0.00014622850699883718,0.00011918098501098924,0.0001839092181083272,0.00035002132139557964,4.073236524375529e-05,0.0001907615279454224,0.0001040546644535532,0.0001464506797433918,0.00016504352190546584,0.0001056852425384668,0.0001681491051768807,0.00018981009235444652,5.771381010922135e-05,0.0001409350184167575,0.4363401818398629,8.360752747571602e-05,0.00015680696165342034,8.390491017762991e-05,0.00012326835456247275,0.00010689376628893576,0.3305088616726703,0.00011100328811965968,0.0001964108557746476
143,uj0692,uj0692,0241_060211.xml,letters-leipzig,Brief,"Bierwisch, Manfred","Johnson, Uwe",1961-06-15,1961,6.0,BierwischManfred,JohnsonUwe,887,5.722432128092367e-05,6.29882699167439e-05,5.184378758376377e-05,6.589345181003402e-05,4.639978279852448e-05,7.741971472138808e-05,7.82921848777103e-05,5.5807643298854015e-05,0.2900015098522758,7.516359964805766e-05,4.192129431257461e-05,6.801323632280509e-05,4.91275705794965e-05,4.965468613974444e-05,0.3634695163430696,5.369726695486032e-05,4.313698592722272e-05,4.9080710325035104e-05,4.000237383004416e-05,6.172801217310034e-05,0.00011748253083879924,1.3671571025464816e-05,0.0056941641604172,3.492531619743736e-05,0.104206675204396,5.539585581442181e-05,3.547260982909998e-05,5.6438225979192746e-05,0.0479198664073007,0.0169097799260504,4.730398302993936e-05,7.13906168753379e-05,2.8062358846764837e-05,5.263130438664475e-05,2.816217354465016e-05,4.1374274597309234e-05,3.587824348655204e-05,0.1616045181409804,0.0084824618976241,6.592411093306441e-05
144,uj0693,uj0693,0256_060225.xml,letters-leipzig,Brief,"Johnson, Uwe","Bierwisch, Manfred + Baumgärtner, Klaus",1961-07-26,1961,7.0,JohnsonUwe,BierwischManfred+BaumgärtnerKlaus,559,8.715756959283838e-05,9.593655976888298e-05,7.896255338889511e-05,0.00010036140199289546,7.067086525153989e-05,0.00011791689307351382,0.00011924574026060448,8.499984701878247e-05,7.538504268515563e-05,0.00011448063551533464,0.3988098281073065,0.0001035900163662608,0.0215127813470787,7.562836335951504e-05,0.416392458882182,8.178556209671687e-05,6.570134461744233e-05,7.47541487616774e-05,6.092706043388366e-05,9.401707868919836e-05,0.1245190798037763,2.082298009697161e-05,9.752007957073912e-05,5.319426441226809e-05,7.486772671400756e-05,8.437265921596578e-05,5.4027839747398425e-05,8.596027874807907e-05,9.703369179885598e-05,2.9504142762958265e-05,0.0129348215357439,0.00010873405781506704,4.2741389314502175e-05,8.016200930232872e-05,4.289341569563863e-05,6.301658345348188e-05,0.0043422368199644,0.0188952671016188,5.674650233007141e-05,0.00010040809847770055
145,uj0219,uj0219,0639_101087.xml,letters-leipzig,Brief,"Bierwisch, Manfred","Johnson, Uwe",1968-11-30,1968,11.0,BierwischManfred,JohnsonUwe,673,8.255600634794272e-05,9.08715017442441e-05,7.479365348616873e-05,0.0041562866161345,6.693973257372849e-05,0.00011169136333864202,0.0326027411387514,8.051220270182205e-05,7.1405020717409e-05,0.00010843652612700964,6.047873634696297e-05,9.81208871319792e-05,7.087503945585377e-05,7.163549505521857e-05,0.3375515054837087,7.746761887887033e-05,0.1584499641261803,7.080743541305894e-05,5.7710360803297214e-05,8.9053361415877e-05,0.0042307128083627,1.972361190312409e-05,9.237141817634333e-05,5.03858247884667e-05,7.091501691398144e-05,7.991812785011872e-05,5.1175390754796295e-05,8.14219275634833e-05,9.191070968973992e-05,2.7946444681834405e-05,6.82441981990706e-05,0.00010299334422877074,4.048481874898298e-05,7.592978303253047e-05,4.062881875890509e-05,5.968956555253448e-05,5.176058764398534e-05,0.3834078239872041,0.0772170043481378,9.510696149552826e-05
146,uj0639,uj0639,0070_110111.xml,letters-leipzig,Brief,"Bierwisch, Manfred","Johnson, Uwe",1957-11-09,1957,11.0,BierwischManfred,JohnsonUwe,372,0.00013996899389695687,0.00015406744143413092,0.00012680836793648432,0.2480418070904649,0.0001134924935756611,0.0208460857994068,0.00019150036386680175,0.00013650384153887442,0.00012106313460566468,0.00018384793711689567,0.0001025382434679106,0.00016635836033851743,0.0827470424683847,0.00012145389068277328,0.2555629343706096,0.00013134192354665166,0.0001055117891279093,0.00012004996285090514,9.7844620838653e-05,0.0001509848883434149,0.00028735878860404565,3.344025754418192e-05,0.0001566104640828479,0.0069709994455663,0.00012023236114161924,0.00013549662155609154,8.676495234087791e-05,0.00013804622808641538,0.00015582935915538947,4.738160090529621e-05,0.0001157041405439359,0.00017461933307464587,6.863969805556147e-05,0.00012873461069670987,6.888384184838256e-05,0.00010120024945638496,8.775712024524821e-05,0.3815087155881785,9.113093533259855e-05,0.00016124842155058338
147,uj0653,uj0653,0073_s000003.xml,letters-leipzig,Brief,"Johnson, Uwe","Baumgärtner, Klaus",1957-11-22,1957,11.0,JohnsonUwe,BaumgärtnerKlaus,432,0.0053919644585441,0.00011824370996032036,9.732291092296624e-05,0.0001236974156364125,8.710324107492499e-05,0.00014533490608372915,0.0001469727365599362,0.0001047639948917624,9.291355812720217e-05,0.0001410996505874185,7.869607106861686e-05,0.00012767674679502007,9.222393652556828e-05,9.321345567737088e-05,0.2912612291491946,0.0001008023250656798,8.097820847092441e-05,9.2135968871519e-05,7.509380865891489e-05,0.00011587791151385398,0.2750166756270235,2.566473537332788e-05,0.00012019542947807436,6.556298441250698e-05,9.227595594720285e-05,0.00010399097350319514,6.659038252220236e-05,0.00010594774601968715,0.00011959594691620904,3.6364440291538105e-05,8.88006363209096e-05,0.2379383631328152,5.267960883296509e-05,9.880126409176768e-05,5.286698435863248e-05,7.766918716404367e-05,6.735185173869777e-05,0.1871095627909816,6.994118799907152e-05,0.0001237549699787692
148,uj0246,uj0246,0832_000031.xml,letters-leipzig,Brief,"Johnson, Uwe","Klemm, Eberhardt",1972-07-19,1972,7.0,JohnsonUwe,KlemmEberhardt,518,0.00010203153250205696,0.00011230871009738004,9.243798754579387e-05,0.0001174886782321604,8.273127300985992e-05,0.00013804011934220327,0.00013959574228572153,9.950558160675689e-05,8.82499531461398e-05,0.0001340174437860734,7.474608361336096e-05,0.00012126827504643068,8.759494568264953e-05,8.853479795549259e-05,0.3569506804378148,9.574275965074452e-05,7.69136738217886e-05,8.751139338409695e-05,7.132462935755598e-05,0.00011006165803886304,0.00020947251789771456,2.4376546758692773e-05,0.00011416246706749194,6.2272185234836e-05,8.764435409638884e-05,9.877136043713348e-05,6.32480152091754e-05,0.0201778073494985,0.4418114965940827,3.453920199160143e-05,8.434347099202682e-05,0.0402816450435095,5.003546419890112e-05,9.384213781739968e-05,5.021343479538008e-05,7.377074203467507e-05,6.3971264044248e-05,0.1375636281967651,6.643063389579053e-05,0.00011754334375265828
149,uj1211,uj1211,0960_101640.xml,letters-leipzig,Brief,"Johnson, Uwe","Klemm, Erika",1975-10-28,1975,10.0,JohnsonUwe,KlemmErika,1078,5.33216176644458e-05,5.869246450923253e-05,4.830803682663746e-05,6.139951274837567e-05,4.323531363439731e-05,0.0026952199034403,7.295265115804953e-05,5.200155724218723e-05,4.611937256228958e-05,7.003743570923334e-05,3.906225844707353e-05,6.337472777567339e-05,4.577706605488823e-05,0.4774468682539454,0.5170503191259642,5.003510874574984e-05,4.019503978939674e-05,4.573340167379784e-05,3.727420850593649e-05,5.751815645173145e-05,0.00010947021216529844,1.2739168709636874e-05,5.9661236789518674e-05,3.254340663906556e-05,4.580288686226226e-05,5.161785369949065e-05,3.305337479813621e-05,5.2589134129674965e-05,5.936367247089241e-05,1.8050166236541712e-05,4.407784733252403e-05,6.652177068502325e-05,2.6148503567983608e-05,4.904184491605809e-05,2.6241510894917305e-05,3.855254552327834e-05,3.3431344205380174e-05,0.0010675036171946,3.471660941412113e-05,6.142808091658738e-05
150,uj0936,uj0936,1015_000247.xml,letters-leipzig,Brief,"Johnson, Uwe","Bierwisch, Manfred",1977-06-09,1977,6.0,JohnsonUwe,BierwischManfred,262,0.0001988420892420985,0.0002188705590146655,0.00018014590311647225,0.00022896543518548512,0.00016122916874356804,0.0002690166956835522,0.0002720483400054276,0.00019391944090949324,0.0001719841369504274,0.0002611771857564828,0.00014566739383283937,0.00023633122602104996,0.00017070763889815178,0.0001725392509981394,0.5978186134408938,0.00018658634141729012,0.00014989165818617324,0.00017054480969037878,0.00013899956188140986,0.00021449143704134545,0.00040822628138751857,4.75057403054145e-05,0.00022248321580659128,0.00012135788917525203,0.0001708039274863278,0.0393194898880065,0.0001232596156914033,0.00019611057878219764,0.3425826351090402,6.731102548740435e-05,0.0001643710681856792,0.0002480668899869785,9.751060278651748e-05,0.00018288235298416717,9.785743718525422e-05,0.00014376661911668308,0.00012466910456098237,0.013762586973804,0.000129461997772597,0.0002290719689798794
151,uj0027,uj0027,1033_002776.xml,letters-leipzig,Brief,"Bierwisch, Manfred","Johnson, Uwe",1978-02-10,1978,2.0,BierwischManfred,JohnsonUwe,1375,4.0155297002888826e-05,4.419995955545133e-05,3.637968335108424e-05,4.623857598918383e-05,0.0020079415599547,5.432675423539918e-05,5.493898164970587e-05,3.916118953504851e-05,3.4731450093654394e-05,5.274359922692767e-05,2.941689802842825e-05,4.7726065482935545e-05,3.4473666851645064e-05,3.4843552966548735e-05,0.0950469082400878,3.7680301916217326e-05,0.6854878340387434,3.444078419976894e-05,2.807035830237956e-05,4.331561487711492e-05,0.0158854957580724,9.593578092933005e-06,4.492951991665161e-05,2.450769905934067e-05,3.449311191416143e-05,3.8872231127691045e-05,2.489174447631145e-05,3.9603680319510125e-05,4.470543099896171e-05,1.359316948598772e-05,3.3194023895221774e-05,5.009603189132606e-05,1.969184306374875e-05,3.693229752643128e-05,1.976188476540848e-05,2.9033044823335894e-05,2.5176384636731934e-05,0.2003174976152359,2.614428862098945e-05,4.626009002663462e-05
152,uj1077,uj1077,0520_101474.xml,letters-leipzig,Brief,"Johnson, Uwe","Bierwisch, Manfred",1964-11-29,1964,11.0,JohnsonUwe,BierwischManfred,133,0.0004595820908014724,0.0005058737287978087,0.0004163697490765413,0.1361800820250144,0.0003726476559956829,0.0006217760833935881,0.0006287830980619843,0.000448204414065112,0.0003975055258453289,0.0006036566883657337,0.00033667985321652965,0.0005462304253109506,0.00039455516636155495,0.00039878855639310256,0.8391297560934875,0.0004312554813239226,0.00034644336078679854,0.00039417882054846735,0.000321268547888613,0.0004957523000799545,0.0009435300576215468,0.00010979962812627584,0.0005142236328252195,0.0002804934943854298,0.0003947777173860535,0.0004448972511521231,0.0002848889392922738,0.0004532687730678265,0.0005116589088409852,0.00015557542140802948,0.0003799095024196326,0.0005733549692290048,0.0002253754568499656,0.00042269448322292927,0.0002261770923524936,0.0003322866081972114,0.00028814667936185163,0.0092008751012738,0.0002992244541507704,0.0005294521640214885
153,uj0613,uj0613,0034_060033.xml,letters-leipzig,Brief,"Johnson, Uwe","Baumann, Sabine",1957-01-08,1957,1.0,JohnsonUwe,BaumannSabine,375,0.00014093944274068686,0.00015513563922732405,0.00012768757004127224,0.00016229089608201983,0.00011427937255575592,0.0001906792637418812,0.00019282809582739035,0.00013745026539674417,0.0001219025032095634,0.00018512261240768608,0.00010324917320342612,0.2151002144974752,0.0347875626755504,0.00012229596852085772,0.285068084147713,0.00013225255821144717,0.00010624333538617878,0.00012088230681791442,9.852300821941802e-05,0.00015203171383121854,0.00028935113702616654,3.367210931623705e-05,0.0001576962934480079,8.601857553267348e-05,0.00012106596973306707,0.0001364360620425698,8.736652091211077e-05,0.0001390033457929724,0.00015690977287560856,4.7710112374389656e-05,0.00011650635356468744,0.2289751587282213,6.911559856579184e-05,0.00012962716804545117,6.93614350839434e-05,0.1526347877055647,8.836556782710174e-05,0.0790880633159567,9.17627746304266e-05,0.0001623664073265064
154,uj1024,uj1024,0720_s000069.xml,letters-leipzig,Brief,"Johnson, Uwe","Baumgärtner, Klaus + Baumgärtner, Sabine",1969-11-21,1969,11.0,JohnsonUwe,BaumgärtnerKlaus+BaumgärtnerSabine,1078,0.0058521011668223,6.481279421532693e-05,5.3345499732742944e-05,6.780212788740248e-05,4.774380338008324e-05,7.966226164139786e-05,8.056000385237568e-05,5.742417287459882e-05,5.092860605213587e-05,7.734079572136007e-05,4.3135590564915566e-05,0.1622801231636535,5.055060452488221e-05,5.109298856526312e-05,0.63758928664776,5.525266716598119e-05,4.438649602006828e-05,5.050238691177268e-05,4.1161086446701e-05,6.351603172439002e-05,0.00012088554115258844,1.4067583069750757e-05,6.588258808015641e-05,3.593696627327126e-05,5.057911787304028e-05,5.700045751419555e-05,3.650011286502864e-05,0.0029546826612409,0.0029621636345326,1.993240051552774e-05,4.86741947625677e-05,0.0406259934867086,2.8875215838378573e-05,5.415582782325412e-05,2.8977921778425152e-05,4.25727258238442e-05,3.691749614610621e-05,0.1460093027112266,3.833678617222435e-05,6.783367508554615e-05
155,uj0014,uj0014,0602_101050.xml,letters-leipzig,Brief,"Bierwisch, Manfred","Johnson, Uwe",1967-07-19,1967,7.0,BierwischManfred,JohnsonUwe,733,7.35900377732277e-05,8.100243146070612e-05,0.0036868266817511,8.473847306818581e-05,5.966976440053046e-05,9.956115866836368e-05,0.00010068314859017632,7.176820076617595e-05,6.36501013584117e-05,9.66598120075256e-05,5.391046259544497e-05,8.746449967495186e-05,6.317767854168076e-05,6.38555451047296e-05,0.3298530803130588,6.905427299221746e-05,5.5473832677256216e-05,6.31174166142575e-05,5.144274558924413e-05,7.938174967920546e-05,0.0254921734155632,1.7581535362285065e-05,8.233944995006545e-05,4.491368845764057e-05,0.1810710117641765,7.12386452230854e-05,4.5617503865592384e-05,0.1122974141641989,8.192877656079442e-05,2.491133002601769e-05,6.0832558955274525e-05,9.180778513246428e-05,3.608797800154461e-05,6.76834533144316e-05,3.621633893660306e-05,5.320699944187676e-05,0.0471081667426125,0.2983260686821864,4.791296119748206e-05,8.477790046498837e-05
156,uj0724,uj0724,1124_101855.xml,letters-leipzig,Brief,"Johnson, Uwe","Menzhausen, Joachim",1982-09-07,1982,9.0,JohnsonUwe,MenzhausenJoachim,1403,4.104722035870329e-05,4.518172234133549e-05,3.718774335013324e-05,4.7265620213545766e-05,3.328273829194227e-05,5.553345184604465e-05,5.615927796265581e-05,4.003103192683244e-05,3.550289978602266e-05,5.391513203907024e-05,3.0070301697819117e-05,0.0485110000977176,3.5239390701809514e-05,3.561749267089676e-05,0.5191831888559897,3.85172510572185e-05,3.094232185424382e-05,3.520577766546612e-05,2.869385283596928e-05,0.0747568575714179,0.0081613063181814,9.806669191880704e-06,4.592748758642902e-05,2.5052060347136044e-05,3.5259267675100004e-05,3.973565521923522e-05,2.5444636122556545e-05,4.048335124936627e-05,4.5698421239747567e-05,1.3895098901258258e-05,3.393132451046768e-05,5.120875734008281e-05,2.012923528989334e-05,0.0121533061191375,2.0200832747188165e-05,2.967792240365808e-05,2.5735598666971933e-05,0.0008217690709319613,2.672500158746401e-05,0.3352442674199456
157,uj0170,uj0170,0179_060153.xml,letters-leipzig,Brief,"Baumgärtner, Klaus","Johnson, Uwe",1959,1959,,BaumgärtnerKlaus,JohnsonUwe,420,0.0001230267940784308,0.00013541872999002546,0.00011145916345607832,0.0001416645920036888,9.975507609106316e-05,0.3996067627271704,0.00016832067714032356,0.0001199810724958206,0.00010640934764870292,0.00016159451941246238,9.012675602696396e-05,0.00014622192509049068,0.00010561955780281356,0.00010675280562532254,0.1398991882612225,0.103001586423796,9.27403762253401e-05,0.00010551881275687787,8.600126131120827e-05,0.00013270929689510345,0.000252576156532521,2.939256448357743e-05,0.00013765393876755523,7.508607507728672e-05,0.00010567913309874205,0.0001190957689584905,7.626270381513493e-05,0.00012133676468800253,0.0001369673807493214,4.164641250456972e-05,0.00010169901973575664,0.0062056089957897,6.0331375993914486e-05,0.00011315224893743711,6.054596800667869e-05,8.895071618305881e-05,7.713477721556285e-05,0.3474341910998287,8.010021722090947e-05,0.00014173050617324564
158,uj0080,uj0080,1101_101818.xml,letters-leipzig,Brief,"Johnson, Uwe","Menzhausen, Joachim + Menzhausen, Ingelore",1981-06-29,1981,6.0,JohnsonUwe,MenzhausenJoachim+MenzhausenIngelore,1530,3.790876802965057e-05,4.172714781780842e-05,3.434438492757701e-05,4.365171177962495e-05,0.0056253397655868,5.1287388659220325e-05,5.186536438752026e-05,3.697027691620691e-05,3.278836375781283e-05,4.979280486951984e-05,2.7771139718661414e-05,4.5055982159224414e-05,3.254500246172877e-05,0.0578437795727381,0.4869461407543285,3.557223906291413e-05,2.8576485599288735e-05,3.251395946328994e-05,2.6499933528508803e-05,4.089227870285955e-05,0.0187265000652479,9.056855599229437e-06,4.241589218183043e-05,0.0168069420231533,3.2563359650425496e-05,3.66974845811398e-05,2.3499150489110858e-05,3.738801210322861e-05,4.2204340146787314e-05,1.2832685779785456e-05,3.133695043331676e-05,4.72933583840168e-05,0.0615592100811761,3.4866082540263586e-05,1.865628600248333e-05,2.740876157193181e-05,2.3767866165962317e-05,0.0007589369709244133,2.468161977639017e-05,0.3506387188295972
159,uj0545,uj0545,0736_101184.xml,letters-leipzig,Brief,"Bierwisch, Manfred","Johnson, Uwe",1970-02-09,1970,2.0,BierwischManfred,JohnsonUwe,1106,5.804127194840067e-05,6.388750835242737e-05,5.258392422362307e-05,6.683416544775988e-05,4.706219927948113e-05,7.852498056293511e-05,0.165684305353008,5.660436906899462e-05,5.020153480381622e-05,7.623665654987757e-05,4.251977461961103e-05,0.0971477160261639,4.982892973375217e-05,5.0363570545486594e-05,0.2601587513307806,5.446386439277677e-05,4.375282179311596e-05,4.9781400488985545e-05,4.0573459083125416e-05,6.260925881120864e-05,0.000119159744824693,1.3866750257384096e-05,0.045749051118269,3.542391993341306e-05,4.985703601725158e-05,5.6186702789449866e-05,3.597902688444207e-05,5.724395412682025e-05,6.461812691846178e-05,1.964783990316784e-05,4.797930813027415e-05,7.240980960322692e-05,2.84629850539032e-05,5.338268384010781e-05,2.856422473477192e-05,4.196494549548757e-05,3.639045148322447e-05,0.3780558915056614,0.0514324122041463,6.686526226914061e-05
160,uj0890,uj0890,0401_101365.xml,letters-leipzig,Brief,"Bierwisch, Manfred","Johnson, Uwe",1963-09-27,1963,9.0,BierwischManfred,JohnsonUwe,866,6.34787127716625e-05,0.3435717007226717,5.7510108068715614e-05,7.309534490498056e-05,5.147109513934841e-05,0.0094541130576973,8.684921035096375e-05,6.190719750156849e-05,5.49045308886598e-05,8.337868315676895e-05,4.650312561367786e-05,7.544681346261412e-05,5.449701931239924e-05,5.508174651400621e-05,0.3157584647950948,5.956616538826764e-05,4.7851687503059175e-05,5.444503741786948e-05,4.4374474728607125e-05,6.847463922666336e-05,0.00013032290578324782,1.5165819547294005e-05,7.102594931753675e-05,3.874251482115322e-05,5.452775865765211e-05,6.145040327732748e-05,3.934962547739883e-05,6.26067003693701e-05,7.067170275224983e-05,2.148849506443609e-05,5.247412087199594e-05,7.919332832230715e-05,3.112946343538273e-05,5.838369733659925e-05,3.124018748410229e-05,4.589631881180597e-05,0.0031625434849632,0.3260362143160512,4.1329685293370855e-05,7.31293549486318e-05
161,uj0939,uj0939,1014_101696.xml,letters-leipzig,Brief,"Johnson, Uwe","Klemm, Erika",1977-05-04,1977,5.0,JohnsonUwe,KlemmErika,528,0.00011405334615688864,0.0001255414269986772,0.00010332944662370968,0.00013133172225613445,9.247904336243688e-05,0.00015430462650903664,0.00015604353993820726,0.00011122977637632936,9.864795919146832e-05,0.00014980798124233065,8.355300306848313e-05,0.00013555664815130075,9.791577580524608e-05,0.0505951779360444,0.5617182286834836,0.0001070236018286015,8.59759884956901e-05,9.782237899942206e-05,7.972841769739287e-05,0.00012302961716912847,0.0058448436857387,2.7248701037816123e-05,0.0057383037764283,6.960937392949046e-05,9.797100574031695e-05,0.0001104090459691576,7.070018057645869e-05,0.3479752774037276,0.0001269771207631876,3.860876597782553e-05,9.428119775553896e-05,0.0001422880788548743,5.593086743338714e-05,0.0001048990401900958,5.6129807325283344e-05,8.246274236213898e-05,7.150864583931689e-05,0.0247261190225396,7.425778969835028e-05,0.00013139282871390588
162,uj0357,uj0357,0888_101552.xml,letters-leipzig,Brief,"Johnson, Uwe","Baumgärtner, Klaus + Baumgärtner, Sabine",1973-11-06,1973,11.0,JohnsonUwe,BaumgärtnerKlaus+BaumgärtnerSabine,134,0.0004046860707606863,0.0203533969497373,0.0003666353435216552,0.0004659935059946399,0.00032813575354966734,0.0005475063652778739,0.0005536764082161674,0.0003946674312510542,0.00035002440821719507,0.0005315512901669278,0.00029646422179957906,0.000480984461695475,0.00034742646236439256,0.040167051524325,0.7189896947510113,0.0003797430094080325,0.000305061500924542,0.0003470950701900803,0.0002828937613241252,0.0004365358320209085,0.0008308275698854634,9.6684315961741e-05,0.00045280080670118497,0.0002469891938539624,0.00034762243018265763,0.00039175530131516193,0.0002508596130112749,0.0003991268642593246,0.0004505424330775404,0.00013699229638552247,0.0003345301891784596,0.0005048690414453738,0.1992779415816797,0.00037220460277160574,0.00019916076068278823,0.00029259573975830457,0.0002537282235483348,0.0081018518058459,0.0002634827837059799,0.0004662103249931777
163,uj1153,uj1153,0502_s000058.xml,letters-leipzig,Brief,"Johnson, Uwe","Baumgärtner, Klaus",1964-09-09,1964,9.0,JohnsonUwe,BaumgärtnerKlaus,210,0.00034908891685562945,0.0003842510741525607,0.0003162657284210135,0.0175749004482228,0.00028305534354800704,0.0004722880717568375,0.0004776104531331792,0.00034044667224313155,0.0003019368601145428,0.0004585249593315421,0.0002557349549489758,0.0004149051743788677,0.0002996958289317801,0.0003029114232082306,0.4828290222558239,0.00032757261842140294,0.00026315111051864354,0.00029940996454567054,0.00024402885066002997,0.0003765630491862583,0.0007166856420828576,8.340149457718977e-05,0.3781949813453703,0.0002130569752387457,0.0002998648740221835,0.0003379346206591652,0.0173893223838745,0.00034429345312126053,0.0003886453755744577,0.00011817182704829872,0.00028857128978100247,0.00043550840902633535,0.00017119046997761097,0.0003210698638230523,0.00017179937549175424,0.0002523979381766279,0.000218870174028228,0.0928534253512995,0.00022728461941162024,0.0004021607590121924
164,uj0624,uj0624,0069_060062.xml,letters-leipzig,Brief,"Bierwisch, Manfred","Johnson, Uwe",1957-10-31,1957,10.0,BierwischManfred,JohnsonUwe,363,0.00016495713046932244,0.0813298581537852,0.00014944698759283771,0.00018994711486294705,0.00013375388040462365,0.00022317318399460095,0.0002256882015638004,0.00016087335752994496,0.00014267607942422994,0.000216669615928181,0.00012084400934026448,0.0326553719442168,0.0326009313644374,0.00014313659571000631,0.3336469354140495,0.00015478990178729746,0.0001243484108918967,0.000141482029937379,0.0001153124519655062,0.00017793965100368036,0.0003386598693290643,3.9410220600030265e-05,0.00018456953956241267,0.00010067712140053928,0.00014169699110699963,0.0245041720122966,0.00010225477203898025,0.00016269110053054227,0.000183648986918276,5.5840459410134e-05,0.00013636036436468103,0.1706171932935518,8.08936844674449e-05,0.00015171711520801535,8.118141433078388e-05,0.00011926714830424896,0.00010342406793725022,0.3197807706681546,0.0001074001975074401,0.00019003549408430943
165,uj0714,uj0714,1111_101829.xml,letters-leipzig,Brief,"Johnson, Uwe","Bierwisch, Manfred",1982-01-21,1982,1.0,JohnsonUwe,BierwischManfred,356,0.00017795370472367095,0.00019587818142555703,0.0001612215551172178,0.00020491258968475027,0.00014429202588242237,0.00024075646062600813,0.00024346963036053727,0.000173548181168885,0.1227123857202137,0.0002337404921252877,0.00013036501722949915,0.00021150460333942733,0.0089069511057046,0.00015441398268544064,0.7013470489755842,0.00016698542462816098,0.0001341455221229709,0.0001526290576681934,0.00012439764179729347,0.00019195908672302488,0.0003653420632189592,4.251525678095367e-05,0.1577742851612069,0.00010860922885338752,0.00015286095510964916,0.00017226762236498389,0.0001103111787786285,0.00017550913975413374,0.00019811824743722723,6.0239994459367336e-05,0.0001471038684240292,0.00022200743444570465,8.72671026634198e-05,0.00016367054060918782,8.757750206837508e-05,0.0001286639191175533,0.00011157260067911452,0.0035626492932222,0.00011586199990340704,0.00020500793209169736
166,uj0461,uj0461,0108_000002.xml,letters-leipzig,Brief,"Johnson, Uwe","Klemm, Eberhardt",1958-05-25,1958,5.0,JohnsonUwe,KlemmEberhardt,93,0.0005317088640333008,0.000585265507657835,0.0004817147811683375,0.0006122594663403358,0.00043113094661412335,0.0007193575676713913,0.0007274642626104833,0.0005185455757026388,0.0004598900083891228,0.07916835089135,0.0003895183600050021,0.0267886079055943,0.0004564766197453844,0.0004613743976391196,0.526159620675803,0.0004989366789358421,0.0004008141516014825,0.00045604121025322696,0.0003716884057635591,0.0005735556228000958,0.0010916075825416,0.0001270315721843919,0.0005949258448947782,0.0003245141189212113,0.0004567340979082501,0.0005147193869306355,0.0003295993845682326,0.0005244047347653738,0.0005919586133522305,0.0001799914144698443,0.0004395324665822514,0.0006633372480745623,0.0002607458613839821,0.0004890321185398263,0.0002616733054923341,0.0003844356394956627,0.0003333683940800921,0.2983680330118224,0.0526594889638653,0.0006125443404482997
167,uj1101,uj1101,0457_101416.xml,letters-leipzig,Brief,"Johnson, Uwe","Bierwisch, Manfred",1964-06-01,1964,6.0,JohnsonUwe,BierwischManfred,393,0.00014192344238752686,0.00015621875273510804,0.00012857904883090845,0.2515053237020303,0.0001150772390723907,0.00019201053286380427,0.00019417436749205195,0.00013840990458630238,0.0001227535922856556,0.0001864150865489839,0.0001039700299628474,0.00016868129513432427,0.014085281366682,0.00012314980466136163,0.6291626019507603,0.00013317590846772135,0.0001069850965459093,0.00012172627316902935,9.92108682209074e-05,0.00015309315660273315,0.0002913713054836959,3.390719853633917e-05,0.00015879728472513617,8.661913309342362e-05,0.00012191121836712665,0.00013738862034885698,8.797648944931671e-05,0.0001399738281541204,0.00015800527288676883,4.804321099330128e-05,0.0001173197682379184,0.00017705761945829545,6.959814428370706e-05,0.00013053218856417335,6.984569716345574e-05,0.00010261335295372774,8.898251142957268e-05,0.1005853922962245,9.240343657766824e-05,0.00016350000402847375
168,uj0282,uj0282,0855_s000091.xml,letters-leipzig,Brief,"Johnson, Uwe","Baumgärtner, Klaus + Baumgärtner, Sabine",1972-12-12,1972,12.0,JohnsonUwe,BaumgärtnerKlaus+BaumgärtnerSabine,2467,2.1829019526942177e-05,2.402775853349035e-05,1.9776539523482048e-05,2.5135980891718472e-05,1.7699847583732107e-05,2.9532835455173e-05,2.9865651426646667e-05,2.1288607851595728e-05,1.8880535293733647e-05,2.867220873408027e-05,1.5991465371017685e-05,2.5944602409394992e-05,0.0290126145536098,1.894147609069154e-05,0.4446969915431111,2.048357521178367e-05,0.007533385543978,1.87225249701396e-05,1.5259466253401757e-05,0.0172051020692626,0.0988387569171096,5.215212416653608e-06,0.0010982715493052,1.3322751448913023e-05,1.875097109766274e-05,2.1131525743194776e-05,1.3531524276709184e-05,2.1529152454560803e-05,0.0934490081449221,7.38945006735509e-06,1.8044767437144173e-05,2.7232951565503384e-05,1.0704780162107332e-05,0.0182754791934162,0.0644415743072973,0.2244498456861437,1.3686258921543805e-05,0.0004370189488898585,1.4212425991632772e-05,2.5147676243980035e-05
169,uj0546,uj0546,0761_000029.xml,letters-leipzig,Brief,"Johnson, Uwe","Klemm, Eberhardt",1970-08-09,1970,8.0,JohnsonUwe,KlemmEberhardt,323,0.00021572330100836225,0.0002374521393541705,0.00019543985396422935,0.0002484040460613487,0.0532359033379832,0.0002918555615685576,0.00029514458515049127,0.00021038273175534063,0.0001865851736190945,0.00028335049623655844,0.00015803420275194055,0.0002563951746983575,0.0001852003039739543,0.0001871874155049296,0.7865305298893348,0.0002024270698775641,0.0001626170969173887,0.00018502365096082589,0.00015080028801782165,0.00023270124053187608,0.00044288370392277736,5.1538862594893246e-05,0.00024137150195760625,0.00013166088002835986,0.00018530476723004836,0.00020883038209933415,0.0001337240585196087,0.00021275989192633807,0.0426889566084707,7.302556851895418e-05,0.00017832577375564033,0.0957789023340907,0.00010578901678513036,0.0001984086217978056,0.00010616529658426104,0.0001559720568662009,0.00013525320958032773,0.004318800033202,0.00014045300781686314,0.0108607168649813
170,uj0475,uj0475,0344_101306.xml,letters-leipzig,Brief,"Johnson, Uwe","Bierwisch, Manfred",1962-12-10,1962,12.0,JohnsonUwe,BierwischManfred,1705,3.185031400068346e-05,3.5058452949740515e-05,0.371367647573308,3.667543945930767e-05,2.582551646950109e-05,4.309080769371329e-05,4.3576413251159215e-05,3.1061809435548244e-05,2.75482358181133e-05,4.183508334611489e-05,2.3332847944422407e-05,0.0063051766678606,2.734376772013059e-05,2.7637153394835652e-05,0.520368972319102,2.988720137185731e-05,2.400948610784345e-05,2.73176859111141e-05,2.226480172661061e-05,0.001601187355826,6.538925081245343e-05,7.609418867653049e-06,0.0110034495462435,0.0391901976265955,2.7359191123595008e-05,3.083261386997166e-05,1.974359391584781e-05,3.1412783565474295e-05,3.5459381977684855e-05,1.0781808346781027e-05,2.632878257463627e-05,0.0094407171659476,1.561914446274566e-05,2.929390045101338e-05,1.5674700027204416e-05,2.3028383875547994e-05,1.996936434125259e-05,0.0335410834376325,2.073708486935369e-05,0.006304013887802
171,uj0228,uj0228,0634_s000201.xml,letters-leipzig,Brief,"Johnson, Uwe","Bierwisch, Manfred",1968-10-23,1968,10.0,JohnsonUwe,BierwischManfred,341,0.00015031934217165025,0.0001654603337614712,0.000136185521659932,0.00017309179222726063,0.00012188497252665136,0.00020336948219804276,0.00020566132484513887,0.00014659795067993917,0.00013001544305275682,0.0001974430207548097,0.00011012068370570708,0.00017866013460988362,0.00012905044440366376,0.00013043509454002675,0.3927770564531532,0.00014105432208526508,0.00011331411544429223,0.0001289273498440961,0.00010507997971556924,0.00016214983377211824,0.0003086082343494046,3.5913078862255634e-05,0.0001681914064157775,9.174334336204338e-05,0.00012912323602081295,0.00014551624936153483,9.31809981361802e-05,0.00014825439275861443,0.0001673525407813712,5.08853488249489e-05,0.0001242601651184602,0.0001875319851020501,7.371542776229833e-05,0.00013825420513416753,7.397762536271243e-05,0.00010868374846710556,0.5990684814047635,0.0030094068509393,9.786983437752098e-05,0.00017317232894840172
172,uj0288,uj0288,0563_000025.xml,letters-leipzig,Brief,"Johnson, Uwe","Klemm, Eberhardt",1966-09-09,1966,9.0,JohnsonUwe,KlemmEberhardt,477,0.00011216537072653083,0.00012346328429044376,0.00010161898864039296,0.0001291577302322171,9.094819689826474e-05,0.00015175035385105726,0.00015346048227794237,0.000109388540744068,9.701499593800762e-05,0.00014732814354017357,0.3918469597307833,0.00013331271906237015,9.629493270687316e-05,9.732813171924212e-05,0.4420635798420707,0.00010525199286201449,8.455278997192819e-05,9.620308193964084e-05,7.840863797337739e-05,0.0001209930535587796,0.0002302774647292821,2.679764125042684e-05,0.00012550115760951106,6.84570992077941e-05,9.634924839642694e-05,0.00010858139624994392,6.95298492503913e-05,0.0001106245456198043,0.1325524097985756,3.7969658016343184e-05,9.272051943346402e-05,0.0001399327214194047,5.50050190732033e-05,0.00010316260003099174,5.520066582517267e-05,8.109770015385967e-05,7.032493163055464e-05,0.0298346305908761,7.30285676966537e-05,0.00012921782516779482
173,uj0550,uj0550,0749_101200.xml,letters-leipzig,Brief,"Baumgärtner, Klaus","Johnson, Uwe",1970-06-26,1970,6.0,BaumgärtnerKlaus,JohnsonUwe,349,0.00013180124958111307,0.00014507699695071467,0.00011940859819049942,0.00015176832321243315,0.00010686975775764147,0.531847680224269,0.00018032556032705085,0.00012853830256643044,0.00011399862194465634,0.00017311968294031997,9.655473146340056e-05,0.000156650692131312,0.0001131525031022168,0.00011436657585938006,0.1758120991619751,0.0001236776029023959,9.935475897494248e-05,0.0584669991768629,9.21350002759794e-05,0.00014217432302311898,0.1104947267412994,3.1488886273499496e-05,0.0001474716241712312,8.044132658629293e-05,0.00011321632739761813,0.0001275898578527992,8.170187425075191e-05,0.00012999068475939423,0.00014673609980525075,4.461669711699923e-05,0.00010895234637912927,0.00016442960443941075,6.463430023118847e-05,0.00012122243706813829,6.486419726820642e-05,9.529481469368404e-05,8.263614523427094e-05,0.1193465821675134,8.581308486917142e-05,0.00015183893847943875
174,uj0184,uj0184,0173_060150.xml,letters-leipzig,Brief,"Baumgärtner, Klaus","Johnson, Uwe",1959-04-16,1959,4.0,BaumgärtnerKlaus,JohnsonUwe,248,0.0002008063265934792,0.2076669739758805,0.00018192545247118028,0.00023122724233949705,0.00016282185144261463,0.00027167414433449283,0.0397882483708075,0.00019583505047910256,0.00017368306129250514,0.00026375719276378566,0.0001471063514344987,0.0002386657952423728,0.0001723939535097504,0.00017424365896670158,0.2974943688579447,0.0001884295118570408,0.0001513723446685567,0.00017222951581348774,0.00014037265211755493,0.00021661026456822256,0.1189527967982357,4.797501997285589e-05,0.00022468098914627145,0.00012255670829705532,0.0001724911932730128,0.000194390043701651,0.00012447722078688734,0.0001980478332403112,0.0002235603780251937,6.797594925141246e-05,0.00016599478775555128,0.0002505173885348991,9.847384939531628e-05,0.00018468893402548032,9.882410995540217e-05,0.00014518680014690186,0.0001259006331205305,0.330006640087749,0.00013074087234376326,0.000231334828514999
175,uj1028,uj1028,0648_101097.xml,letters-leipzig,Brief,"Doherty, Monika","Johnson, Uwe",1969-01-17,1969,1.0,DohertyMonika,JohnsonUwe,237,0.00025024702065545905,0.0002754532780830322,0.00022671747068245797,0.0002881578955775589,0.00020291035602482463,0.00033856326323055053,0.3696586365166761,0.00024405176248016813,0.0494586134286929,0.0003286970723746527,0.00018332552958106677,0.0002974279008284448,0.00021483921336884652,0.0002171443363574726,0.1983931198828305,0.0002348228999838604,0.0001886418565866424,0.0002146342893294936,0.0001749339205085785,0.00026994205945176975,0.0005137615032102318,5.978698987108103e-05,0.0002799998838960973,0.0001527314982200078,0.00021496039461576472,0.000242250979372292,0.0001551248617004574,0.0002468093563406008,0.0002786033661711812,8.47123647196136e-05,0.00020686450364811816,0.0003121974848439877,0.00012271917843276013,0.00023016135134763197,0.0001231556769390649,0.00018093336396126077,0.00015689873357840648,0.3743262258930317,0.00016293069215970064,0.0002882919706355504
176,uj0750,uj0750,0802_101252.xml,letters-leipzig,Brief,"Johnson, Uwe","Bierwisch, Manfred",1971-08-17,1971,8.0,JohnsonUwe,BierwischManfred,428,0.00013901181785539425,0.0001530138533528008,0.0001259411906547228,0.0001600712479561242,0.0001127163767177533,0.00018807134869162524,0.1848293198059079,0.0206510291412994,0.0001202352460230953,0.00018259069552502893,0.00010183703709885108,0.00016522072097713934,0.0001193428378040303,0.00012062332992013966,0.7188323364219229,0.00013044374360714195,0.000104790248207711,0.00011922900282945952,9.717551174345236e-05,0.00014995238025904074,0.0002853936894765436,3.321157680244179e-05,0.00015553948557607615,8.484210183893766e-05,0.00011941015379196875,0.00013457002977133064,8.617161140646246e-05,0.00013710220085242896,0.00015476372222393163,4.705758247853793e-05,0.000114912899368624,0.00017342520116471916,6.817030642353156e-05,0.0001278542608302995,6.841278064238004e-05,0.00010050819294098896,8.715699438425131e-05,0.0711678917875539,9.05077376834837e-05,0.000160145726435395
177,uj0958,uj0958,0210_060182.xml,letters-leipzig,Brief,"Baumgärtner, Klaus","Johnson, Uwe + Schmidt, Elisabeth",1960-08-08,1960,8.0,BaumgärtnerKlaus,JohnsonUwe+SchmidtElisabeth,554,9.025332444501792e-05,9.93441360906341e-05,8.176722897744253e-05,0.00010392614454643928,7.318102788035368e-05,0.2931543415156074,0.0001234812367382832,0.093325548701514,7.80626484601279e-05,0.00011854687995667017,6.611762432574562e-05,0.00010726943626405428,7.748325305493683e-05,7.831461165586328e-05,0.186988796903731,8.469050829796966e-05,6.803499454990762e-05,0.1643530569827772,6.309113228499605e-05,9.735647684932952e-05,0.0357043505996263,2.1562592754520236e-05,0.00010098390102567857,5.508367462565168e-05,7.75269579125056e-05,8.736949667230277e-05,5.594685777224856e-05,8.901350695616506e-05,0.00010048023721785404,0.0133501992078516,7.460711865823334e-05,0.0001125961892243144,4.425952324110649e-05,8.300928843617157e-05,4.441694945623626e-05,6.525487319590172e-05,5.6586616973797074e-05,0.2104813510560539,5.876208469145669e-05,0.00010397449964644086
178,uj0197,uj0197,0184_060155.xml,letters-leipzig,Brief,"Baumgärtner, Klaus","Johnson, Uwe",1959-09-19,1959,9.0,BaumgärtnerKlaus,JohnsonUwe,1232,4.617542835188833e-05,0.0023223601959008,4.183377007326143e-05,5.31707199806865e-05,3.744089572750743e-05,0.542959031578457,6.317550112278332e-05,4.503228307389336e-05,3.993843166547488e-05,0.011418319605419,3.382711544005695e-05,5.488121572270473e-05,3.964200124383304e-05,4.006734113848913e-05,0.3001052900670567,4.332937896797632e-05,3.4808080872125575e-05,3.960418878448012e-05,3.227870082769188e-05,4.980954495573316e-05,9.479896072011433e-05,1.1031859080424784e-05,5.166540861712051e-05,2.818192334383216e-05,3.96643615339576e-05,4.470000366789991e-05,2.8623545320477715e-05,4.554111261916626e-05,5.140772401420255e-05,1.5631074117821743e-05,3.817051264679761e-05,5.7606490400143817e-05,2.264406831410921e-05,4.246923284317044e-05,2.2724610753538823e-05,3.338571449193025e-05,2.8950859082660084e-05,0.1417595271618027,3.00638724186933e-05,5.3195459429003794e-05
179,uj0972,uj0972,1130_101864.xml,letters-leipzig,Brief,"Klemm, Ine","Johnson, Uwe",0000-00-00,0,0.0,KlemmIne,JohnsonUwe,369,0.00015031934217165025,0.0001654603337614712,0.000136185521659932,0.00017309179222726063,0.00012188497252665136,0.00020336948219804276,0.00020566132484513887,0.00014659795067993917,0.00013001544305275682,0.3847241123203029,0.00011012068370570708,0.00017866013460988362,0.00012905044440366376,0.00013043509454002675,0.3705928255320254,0.00014105432208526508,0.00011331411544429223,0.0001289273498440961,0.00010507997971556924,0.00016214983377211824,0.0003086082343494046,3.5913078862255634e-05,0.0001681914064157775,9.174334336204338e-05,0.00012912323602081295,0.1332509017761282,9.31809981361802e-05,0.00014825439275861443,0.0001673525407813712,5.08853488249489e-05,0.0001242601651184602,0.0001875319851020501,7.371542776229833e-05,0.00013825420513416753,7.397762536271243e-05,0.00010868374846710556,9.424653431356075e-05,0.1065358178162023,9.786983437752098e-05,0.00017317232894840172
180,uj0164,uj0164,0165_060140.xml,letters-leipzig,Brief,"Johnson, Uwe","Baumgärtner, Klaus",1959-03-21,1959,3.0,JohnsonUwe,BaumgärtnerKlaus,1149,5.130303790519785e-05,5.6470562285179904e-05,4.647925462500001e-05,5.907513064801416e-05,4.159856792393616e-05,0.2171144108466688,7.019090551976393e-05,5.003295059639813e-05,4.437344593738284e-05,6.73860504680358e-05,3.758349077824581e-05,6.097557057941444e-05,4.4044098020091176e-05,4.451667032785282e-05,0.4646673791029154,4.814094532404842e-05,0.0303240225235407,4.400208662778339e-05,3.586313048303095e-05,5.534070963957031e-05,0.0001053260326711944,1.2256905994564287e-05,5.740266005704036e-05,3.131142109894201e-05,4.406894133725739e-05,4.966377279839507e-05,3.1802083553331325e-05,5.059828376990951e-05,5.711636053751365e-05,1.736684675352387e-05,4.2409206088055895e-05,0.0909200508811769,2.5158607868098463e-05,4.7185283171688114e-05,2.524809424582181e-05,3.7093073896770185e-05,3.216574429124949e-05,0.1221684880065809,3.340235361801858e-05,0.0732486963596766
181,uj1168,uj1168,0464_101423.xml,letters-leipzig,Brief,"Bierwisch, Manfred","Johnson, Uwe",1964-06-14,1964,6.0,BierwischManfred,JohnsonUwe,1646,3.899970719202803e-05,4.292797237779295e-05,0.0038724016519003,4.490792147359229e-05,3.162253221025787e-05,5.27633379905374e-05,5.3357946714043433e-05,3.803420816557601e-05,3.373194784014697e-05,5.1225743043461305e-05,2.857033804341961e-05,4.635260396973624e-05,3.348158308860118e-05,3.384082461468433e-05,0.1824827659567381,3.659593755548537e-05,2.939886018131144e-05,3.344964673423244e-05,2.726254906019893e-05,4.206907738544693e-05,8.006707987673346e-05,9.317493941616848e-06,0.4585733705280511,2.380241608462928e-05,3.350046856078221e-05,3.775356540811352e-05,2.417540943614709e-05,3.846396494281843e-05,4.341889735562136e-05,1.3201985026458476e-05,3.2238765718647247e-05,4.865436744506361e-05,1.9125150873677267e-05,3.586945924857834e-05,1.9193176914071497e-05,2.8197531372303568e-05,2.44518582172554e-05,0.3537911168110231,2.539190784441479e-05,4.492881637971236e-05
182,uj0586,uj0586,0980_101664.xml,letters-leipzig,Brief,"Klemm, Erika","Johnson, Uwe",1976-02-28,1976,2.0,KlemmErika,JohnsonUwe,147,0.0005181556470274041,0.0005703471360302064,0.0004694359093914064,0.0005966530208350273,0.0004201414527902006,0.0007010212000104717,0.0007089212559349783,0.0005053278898780417,0.0004481674483489141,0.0006805924952321153,0.0003795895677315706,0.0006158472775983613,0.00044484106671247503,0.0004496140006340091,0.5127478534453945,0.0004862188223431872,0.00039059743049120753,0.00044441675577393,0.0003622140976174119,0.0005589357352138788,0.0010637825913627,0.00012379354742897333,0.000579761232032935,0.00031624227962582363,0.0004450919817772778,0.0005015992303560477,0.0003211979222526005,0.0005110376994384063,0.0005768696349883676,0.00017540344751175473,0.0004283288186770074,0.0006464288339415868,0.00025409946994352407,0.00047656672841044783,0.0002550032735747059,0.0003746364053671169,0.0003248708600092818,0.4691921032619615,0.0003373604928262741,0.0005969306335244486
183,uj0645,uj0645,0039_060038.xml,letters-leipzig,Brief,"Johnson, Uwe","Bierwisch, Manfred",1957-05-27,1957,5.0,JohnsonUwe,BierwischManfred,950,5.9052939802379015e-05,6.500107696147479e-05,5.350046970905568e-05,6.799909472069309e-05,4.788250029202444e-05,7.98936824521773e-05,8.079403262614858e-05,5.759099149575221e-05,5.107655489342671e-05,7.756547261708687e-05,4.326090050636462e-05,7.018661751562777e-05,0.3777038644812633,5.124141494175923e-05,0.4825701835243779,5.54131775101494e-05,4.451543987233879e-05,5.064909757607732e-05,4.128066040558428e-05,6.370054734391034e-05,0.00012123671659461863,1.410844974127916e-05,6.607397860354363e-05,3.6041364035782085e-05,0.008765799136658,5.716604523190453e-05,0.0029416305083205,5.824172461462416e-05,6.574443031591002e-05,1.999030462461328e-05,4.881559448414096e-05,7.367192316878424e-05,2.895909904383952e-05,5.431315182241078e-05,2.9062103347144028e-05,4.269640062950808e-05,3.702474237178504e-05,0.1028580978665661,0.0232786430493777,6.803073356421592e-05
184,uj1126,uj1126,0510_101461.xml,letters-leipzig,Brief,"Johnson, Uwe","Bierwisch, Manfred",1964-09-30,1964,9.0,JohnsonUwe,BierwischManfred,156,0.0003748371183160515,0.0004125927761973593,0.00033959294764000444,0.00043162262198126813,0.018743505446525,0.0742654129319612,0.0005128381832990223,0.00036555743652176857,0.000324207206513915,0.0004923449761165006,0.0002745975278424641,0.0004455078704286445,0.0003218008807039479,0.00032525365171459777,0.7581561066791379,0.0003517338145086462,0.0002825606863630981,0.0003214939314496328,0.00026202800132211823,0.00040433769565837314,0.0007695471492952822,8.955304617560928e-05,0.00041940299362422216,0.00022877169334096524,0.0003219823942711016,0.0003628601003093312,0.00023235663700081307,0.0003696879493783182,0.00041731119377656073,0.00012688797890208017,0.00030985581457171053,0.0004676307644259927,0.0001838171862560621,0.0003447514278527839,0.00018447100359951735,0.00027101437842028835,0.00023501366373084465,0.1365812800478711,0.00024404874421448815,0.0004318234487812995
185,uj0380,uj0380,0876_101537.xml,letters-leipzig,Brief,"Johnson, Uwe","Klemm, Ine",1973-06-16,1973,6.0,JohnsonUwe,KlemmIne,1101,5.461085555953572e-05,6.0111561541841456e-05,4.947605374814636e-05,6.28840622058473e-05,4.428067960761928e-05,7.388391445229112e-05,7.471653842441328e-05,5.325887802758078e-05,4.723447081717093e-05,7.173083737531735e-05,4.000672611447783e-05,6.490703501274144e-05,4.688388784441823e-05,4.738692975176681e-05,0.5671628654489373,5.124488371330447e-05,4.116689643518059e-05,4.683916772313778e-05,3.817544376886024e-05,5.890886045137264e-05,0.00011211704007654432,1.3047182977991654e-05,6.110375730382535e-05,3.333025810592156e-05,4.691033296074624e-05,5.286589710041252e-05,3.38525565412434e-05,5.3860661655651576e-05,6.07989983198344e-05,1.84865925743784e-05,4.514358452513305e-05,6.81301687676793e-05,2.6780735731529107e-05,5.022760423245376e-05,2.687599183814459e-05,0.3788363262162053,3.4239664690040003e-05,0.052136860298059,3.555600571164877e-05,6.291332111013689e-05
186,uj0452,uj0452,0089_060075.xml,letters-leipzig,Brief,"Bierwisch, Manfred","Johnson, Uwe",1958-02-18,1958,2.0,BierwischManfred,JohnsonUwe,468,0.00013266139592282375,0.0001460237819667151,0.00012018786901857416,0.00015275877640171345,0.0131597399886563,0.000179479759601971,0.00018150238051293832,0.00012937715463402162,0.00011474258680035683,0.00017424947694783118,9.71848559827587e-05,0.00015767300808196825,0.00011389094611325124,0.00011511294201411734,0.0790681681881599,0.00012448473362404035,0.3655608412662612,0.00011378231141683206,9.27362812477666e-05,0.00014310216493829196,0.0002723561623581345,3.1694385465796806e-05,0.0001484340367313561,8.096629363330846e-05,0.00011395518693151844,0.00012842252028824852,8.223506774073048e-05,0.00013083901519865497,0.0131998665018964,4.4907869537035984e-05,0.00010966337880451712,0.0001655026862438473,6.505610925856551e-05,0.00012201354516543478,6.528750662350895e-05,9.591671688735277e-05,8.317543585740414e-05,0.5247428047520897,8.637310847483309e-05,0.00015282985251005232
187,uj0242,uj0242,0849_000032.xml,letters-leipzig,Brief,"Johnson, Uwe","Klemm, Eberhardt",1972-11-09,1972,11.0,JohnsonUwe,KlemmEberhardt,163,0.0003266507212577109,0.000359552779980961,0.00029593729078641586,0.00037613628398041184,0.0002648615514884532,0.0004419310720901126,0.000446911349696891,0.00031856396943131165,0.0002825294312379814,0.2093275084758314,0.00023929722042547293,0.0003882365435292905,0.0002804324455794158,0.0002834413528776934,0.6928311675854184,0.0163756294042283,0.00024623669185759866,0.00028016495554064385,0.0002283435429396777,0.00035235891395132547,0.0006706196347053573,7.804074275115669e-05,0.0003654875242357466,0.00019936242965715409,0.00028059062505186286,0.0003162133836002566,0.0002024865184278136,0.00032216349289851143,0.0003636646313161899,0.00011057616175661112,0.0002700229522904496,0.0004075154754371186,0.0001601869546427319,0.0645768805941022,0.0001607567218732824,0.0002361746952380368,0.0002048019766771592,0.0065395770378952,0.00021267557139974792,0.0003763112939137205
188,uj0581,uj0581,0732_101175.xml,letters-leipzig,Brief,"Johnson, Uwe","Doherty, Monika",1970-01-03,1970,1.0,JohnsonUwe,DohertyMonika,196,0.0002598434621631163,0.0002860163260038132,0.0258006617116768,0.0002992081385839957,0.0002106915370266599,0.013134171498849,0.00035550814624901137,0.00025341062900072545,0.000224745946658828,0.0003413019066720584,0.00019035567410337524,0.00030883362883899,0.00022307784070293087,0.2047474722221134,0.5639145759852604,0.00024382785923752576,0.00019587587095327896,0.00022286505826209915,0.0001816422646537703,0.0002802937638484908,0.0005334631651981724,6.207969389494495e-05,0.00029073728448900663,0.00015858842664699243,0.0002232036689931778,0.0002515407896870353,0.00016107357053140662,0.0002562739707262644,0.00028928721327671454,8.796090390652506e-05,0.00021479731780938205,0.00032416959501854964,0.00012742519816723343,0.1280652380887744,0.0129105034893295,0.0385357469356125,0.00016291546662668396,0.0052020896573147,0.0001691787380026335,0.0002993473551355734
189,uj0433,uj0433,0114_060097.xml,letters-leipzig,Brief,"Baumgärtner, Klaus","Johnson, Uwe",1958-06-16,1958,6.0,BaumgärtnerKlaus,JohnsonUwe,565,9.400985887920152e-05,0.00010347904935120916,8.517055415277899e-05,0.00010825177069928502,7.622697718861403e-05,0.0001271874666664156,0.00012862078722725742,9.168249711779542e-05,0.018580030469949,0.00012348105207011462,6.886957982448613e-05,0.0001117342172961022,8.070827008298824e-05,8.157423158891282e-05,0.2872652599394459,8.821550654735435e-05,7.0866755056546e-05,8.063128662891926e-05,0.0833099512183666,0.00010140865952430792,0.0001930038818758129,2.246007351404592e-05,0.0001051870647743142,5.737637377845335e-05,8.075379402925439e-05,9.100600008937896e-05,5.827548443501329e-05,9.271843756170723e-05,0.00010466243741252669,3.1823745320744124e-05,0.0047023920970831,0.4487112108843313,4.610169829801592e-05,8.646431075568206e-05,4.626567692549853e-05,6.797091916613103e-05,5.894187176893234e-05,0.1544965150757166,6.120788705857443e-05,0.00010830213844091882
190,uj0361,uj0361,0862_101524.xml,letters-leipzig,Brief,"Bierwisch, Manfred","Johnson, Uwe",1973-02-02,1973,2.0,BierwischManfred,JohnsonUwe,490,0.00012686583416275058,0.00013964445932397818,0.00011493723666344686,0.0001460852229020625,0.00010286792430105407,0.00017163884986164652,0.00017357310878663302,0.0001237250711110937,0.00010972984180633545,0.00016663706190963047,9.293915337218492e-05,0.00015078476715943813,0.00010891540663908116,0.0063510660945997,0.1879516044347069,0.00011904638468397573,9.563433135463496e-05,0.00010881151785301522,8.868492296352529e-05,0.2497761335682681,0.00026045777286281093,3.0309756824308275e-05,0.0001419494175911052,7.742912932132547e-05,0.00010897684097678034,0.0001228121417562166,7.864247465349607e-05,0.00012512306755664394,0.0001412414355914375,4.294598507468183e-05,0.0125868366830157,0.0001582723911537652,6.221401117528116e-05,0.00011668315472552765,6.243529951257325e-05,9.17264153103401e-05,7.954176102623453e-05,0.5392643241382039,8.259973732120366e-05,0.00014615319391737353
191,uj0482,uj0482,0277_s000011.xml,letters-leipzig,Brief,"Johnson, Uwe","Baumgärtner, Klaus",1962-01-31,1962,1.0,JohnsonUwe,BaumgärtnerKlaus,182,0.0003069228130375589,0.00033783776825083617,0.0002780643049589981,0.0003534197197552856,0.0002488653695155718,0.0004152408642857074,0.00041992036049773133,0.0002993244565749172,0.00026546620643476025,0.0004031401845512349,0.00022484498354164028,0.0456606670260823,0.00026349586718448013,0.0002663230530195544,0.8774673621946485,0.0002880054469376218,0.0002313653490401185,0.00026324453207386624,0.00021455284797217969,0.0003310783721903294,0.0006301178946413534,7.332751081797915e-05,0.0003434140865712853,0.00018732203464538275,0.0002636444934861804,0.00029711583320872405,0.00019025744562496964,0.0003027065886084665,0.0003417012863650516,0.0001038979693372836,0.00025371505007731546,0.0003829037805149072,0.00015051254300485196,0.00028228815361362866,0.00015104789942624254,0.00022191104171344385,0.060586936844188,0.0061446225277522,0.00019983113579866296,0.00035358416005051526
192,uj0523,uj0523,0302_101270.xml,letters-leipzig,Brief,"Bierwisch, Manfred + Klemm, Eberhardt","Johnson, Uwe + Baumgärtner, Klaus + Baumgärtner, Sabine",1962-07-10,1962,7.0,BierwischManfred+KlemmEberhardt,JohnsonUwe+BaumgärtnerKlaus+BaumgärtnerSabine,188,0.0003374972845823746,0.0003714918688695648,0.0003057640027933115,0.0003886260345224855,0.00027365638157309777,0.0004566055639758358,0.0004617512136235157,0.00032914200903914973,0.0002919109300915727,0.00044329946101279,0.00024724317702635594,0.00040112808786179705,0.00028974431321453323,0.0002928531324414395,0.2177561022681501,0.0003166954431454589,0.0002544130762868313,0.00028946794106574146,0.00023592577845024697,0.0003640591277407434,0.0006928878186131949,8.063211574704359e-05,0.00037762367859883457,0.00020598233611108507,0.00028990774509743866,0.00032671337109797414,0.00020921016145563723,0.0003328610560729141,0.00037574025581603454,0.00011424788590304304,0.0002789891686816276,0.1166398985926284,0.00016550602432250354,0.00031040861502436875,0.0001660947108939411,0.00024401696718441183,0.00021160250539018944,0.6542617554943005,0.00021973754586566825,0.0003888068557282039
193,uj0564,uj0564,0748_101199.xml,letters-leipzig,Brief,"Johnson, Uwe","Zeibig, Brigitte",1970-06-24,1970,6.0,JohnsonUwe,ZeibigBrigitte,592,0.00010915391573664884,0.00012014849897715696,9.889068659471096e-05,0.0001256900584484012,8.850638799061347e-05,0.00014767610742935812,0.0055190100698472,0.00010645163905394845,9.441030349399836e-05,0.0001433726261631052,7.996378680495494e-05,0.0860444494625354,9.370957277160866e-05,9.47150320965751e-05,0.789962775808693,0.00010242615065201442,8.228268717977312e-05,9.362018804580708e-05,7.630349551679451e-05,0.00011774458986164618,0.00022409489504913449,2.6078168832710518e-05,0.00012213165876266482,6.661913913449498e-05,0.0537904599113283,0.00010566616505668666,6.766308760983706e-05,0.00010765445923973594,0.00012152251913066855,3.695023539635997e-05,9.023112659230696e-05,0.00013617575891451854,5.352822513864386e-05,0.00010039285456837505,5.37186190983864e-05,7.892036081807011e-05,6.843682334098028e-05,0.0021852712836491,0.0591374351005122,0.00012574853993419096
194,uj1099,uj1099,0505_101456.xml,letters-leipzig,Brief,"Johnson, Uwe","Bierwisch, Manfred",1964-08-30,1964,8.0,JohnsonUwe,BierwischManfred,431,0.00013266139592282375,0.0001460237819667151,0.00012018786901857416,0.00015275877640171345,0.00010756719902976064,0.000179479759601971,0.00018150238051293832,0.00012937715463402162,0.00011474258680035683,0.00017424947694783118,9.71848559827587e-05,0.00015767300808196825,0.00011389094611325124,0.00011511294201411734,0.5358942158250919,0.00012448473362404035,0.00010000315671574884,0.00011378231141683206,9.27362812477666e-05,0.00014310216493829196,0.0002723561623581345,3.1694385465796806e-05,0.4504483952788499,0.0066070526884466,0.00011395518693151844,0.00012842252028824852,8.223506774073048e-05,0.00013083901519865497,0.00014769371226981776,4.4907869537035984e-05,0.00010966337880451712,0.0001655026862438473,6.505610925856551e-05,0.00012201354516543478,6.528750662350895e-05,9.591671688735277e-05,8.317543585740414e-05,0.0026558931670246,8.637310847483309e-05,0.00015282985251005232
195,uj0182,uj0182,0164_060139.xml,letters-leipzig,Brief,"Baumgärtner, Klaus","Johnson, Uwe",1959-03-17,1959,3.0,BaumgärtnerKlaus,JohnsonUwe,130,0.0004303906560256936,0.00047374197202454426,0.0003899230475708779,0.000495592176848973,0.0003489780658134929,0.4240312572851614,0.0005888444643280656,0.0004197356591217221,0.0003722570297377247,0.0005653140174956388,0.00031529484241606614,0.0005115353182731559,0.0003694940692587412,0.00037345856558999066,0.447071281041335,0.0004038632776094343,0.0003244381978957187,0.0003691416279329601,0.0003008624223042921,0.0004642634295987553,0.000883599532287077,0.00010282544713227032,0.0004815615123069817,0.0002626772919914172,0.0003697024844327661,0.0004166385584204679,0.0002667935499023429,0.00042447834348030274,0.0004791596927840006,0.00014569368350386778,0.0003557786590239705,0.0005369369831442356,0.0002110602059287997,0.0003958460513887701,0.00021181092367157517,0.00031118064466164843,0.000269844366968042,0.1144787036241139,0.00028021851090039804,0.000495822767614907
196,uj0886,uj0886,0399_101363.xml,letters-leipzig,Brief,"Bierwisch, Manfred","Johnson, Uwe",1963-09-22,1963,9.0,BierwischManfred,JohnsonUwe,124,0.0341091877764127,0.0003777637647035056,0.0003109262153098976,0.0003951872064111178,0.00027827652124060216,0.4563052135408911,0.0004695469576376579,0.0678666839652196,0.0002968392612335012,0.0004507836841565555,0.00025141738266019805,0.0004079003318702395,0.00029463606537182284,0.00029779737078212,0.2383154739922541,0.00032204221112866184,0.00025870833130309565,0.00029435502723307576,0.00023990891248621928,0.0003702055366339808,0.0007045858410656708,8.199342745589628e-05,0.0003839990977535213,0.00020945993512193743,0.00029480225647459665,0.00033222927172136456,0.00021274225582972,0.0003384807480387639,0.0003820838771509173,0.00011617673253382466,0.0002836993417739578,0.0004281557221841437,0.00016830026191268045,0.0003156492425118958,0.00016889888727730378,0.00024813670472954803,0.0002151749896979796,0.1925837588973743,0.00022344737403140697,0.0003953710804205767
197,uj1221,uj1221,0975_101659.xml,letters-leipzig,Brief,"Johnson, Uwe","Klemm, Erika",1975-12-15,1975,12.0,JohnsonUwe,KlemmErika,1527,4.0718336899629713e-05,4.481971192989554e-05,3.6889783255363046e-05,4.688691294578816e-05,3.301606634677184e-05,5.5088500066659405e-05,5.570931186424455e-05,3.971029049451788e-05,3.5218439196810214e-05,0.0280966026734462,2.9829368822186088e-05,0.0260884348198608,3.495704143166706e-05,0.2864757672794099,0.6532358447457259,3.820863852143647e-05,3.0694402074188994e-05,3.4923697713722475e-05,2.846394850889489e-05,4.392296735980044e-05,8.359545667709054e-05,9.728095021507383e-06,4.555950186530135e-05,2.48513352263633e-05,3.4976759144289604e-05,3.941728043958254e-05,2.524076555909997e-05,4.015898568995856e-05,4.533227087145976e-05,1.378376692430878e-05,3.365945588505454e-05,5.0798456396396747e-05,0.0040261278858024,3.7450145943395785e-05,2.0038977213683e-05,2.9440133396438185e-05,2.552939681854084e-05,0.0008151847942806806,2.65108723263588e-05,4.690872864360081e-05
198,uj0348,uj0348,0527_100963.xml,letters-leipzig,Brief,"Bierwisch, Manfred","Johnson, Uwe",1966-01-10,1966,1.0,BierwischManfred,JohnsonUwe,476,0.0001301139904934218,0.00014321978784004224,0.00011787998413649224,0.00014982545481492034,0.0257085834678839,0.00017603333337603408,0.0001780171152905143,0.00012689281422841473,0.0001125392639228492,0.00017090348423789777,9.531868211911148e-05,0.00015464532188837646,0.00011170397670538066,0.00011290250746048284,0.2247675969985645,0.00012209433900995065,9.808286496393252e-05,0.00011159742804622616,9.095553030127015e-05,0.0001403542726114612,0.00026712629452886925,3.108578000785258e-05,0.00014558376014224588,7.941155365363847e-05,0.00011176698395145374,0.00012595651106858007,8.065596436560963e-05,0.0001283266036913273,0.00014485765162152228,4.404553464386124e-05,0.00010755758846038634,0.00016232465213237562,6.380688159298713e-05,0.2625512591320234,6.403383559368203e-05,9.407489422545796e-05,8.157827524091786e-05,0.4826626777739097,8.47145451531331e-05,0.00014989516609769694
199,uj0462,uj0462,0286_s000015.xml,letters-leipzig,Brief,"Johnson, Uwe","Baumgärtner, Klaus + Baumgärtner, Sabine",1962-03-26,1962,3.0,JohnsonUwe,BaumgärtnerKlaus+BaumgärtnerSabine,315,0.00018957043587395167,0.00020866501368263195,0.00017174601969262586,0.00021828918371167365,0.0001537113390369773,0.00025647292508584283,0.0002593632092188615,0.00018487732188775756,0.00016396482218310573,0.0002489989575793795,0.00013887518204404133,0.00022531152080628288,0.00016274784496724318,0.00016449405224896164,0.5885946829310997,0.3825293184294834,0.00014290247645520242,0.00016259260819615417,0.0001325182592507601,0.00020449008238719208,0.0003891914151214318,4.52906320313673e-05,0.00021210921870642107,0.00011569918640155027,0.0001628396437896142,0.0188348025482283,0.0001175122387887685,0.000186966290894127,0.00021105131011224632,6.417243195043009e-05,0.00015670673728984902,0.00023649997161049165,9.296385661118998e-05,0.00017435487376443425,9.32945187380828e-05,0.0001370630370760752,0.00011885600569638868,0.0037952173034604,0.00012342541481236735,0.0002183907500244981
200,uj0617,uj0617,0055_060050.xml,letters-leipzig,Brief,"Johnson, Uwe","Baumgärtner, Klaus",1957-08-22,1957,8.0,JohnsonUwe,BaumgärtnerKlaus,770,3.3754252751265435e-05,3.715416689168261e-05,3.058049917437191e-05,3.88678131476707e-05,2.736930663618582e-05,4.5666677387185575e-05,4.6181311331551e-05,3.291861319096063e-05,2.9195006197932806e-05,4.433588871697514e-05,2.4727632101397106e-05,4.011818607688437e-05,2.8978315465818493e-05,2.9289239063538216e-05,0.0084945943635964,3.167378975014158e-05,2.5444718142959395e-05,2.895067454605444e-05,2.3595740529298977e-05,3.641079313977993e-05,0.989722453733346,8.06429248212427e-06,3.776743006409762e-05,2.060099489094608e-05,2.8994660844982154e-05,3.267571683993015e-05,2.092382069575744e-05,3.329056774972653e-05,3.757906253774317e-05,1.1426320131259636e-05,2.7902656835292592e-05,4.211036272932122e-05,1.655282111010685e-05,3.104502266045779e-05,1.6611697658841655e-05,2.440496786850304e-05,2.116308715958916e-05,0.0006757631986042296,2.1976700260775646e-05,3.8885897692226846e-05
201,uj0306,uj0306,0532_100970.xml,letters-leipzig,Brief,"Klemm, Eberhardt","Johnson, Uwe",1966-02-01,1966,2.0,KlemmEberhardt,JohnsonUwe,986,6.367756148783556e-05,7.009151599973509e-05,5.769025997566391e-05,7.332431797103602e-05,5.163232968147431e-05,8.615040832621132e-05,8.712126775768927e-05,6.210112340534884e-05,5.507652075742992e-05,8.363986904693598e-05,4.664879786225632e-05,7.568315256498934e-05,5.4667732640574446e-05,5.525429151532466e-05,0.3981932615539346,0.2663244600387664,4.80015841567756e-05,5.461558791141021e-05,4.451347892301128e-05,6.868913781219097e-05,0.00013073114566984032,1.5213326870852052e-05,7.124843994817646e-05,3.886387675489648e-05,5.4698568277624567e-05,6.164289826133838e-05,3.947288920103824e-05,6.280281748404855e-05,7.08930836963247e-05,2.155580833323888e-05,5.263849741827594e-05,7.94414034797699e-05,3.122697728796427e-05,5.856658578461456e-05,0.0344891236962885,4.604009022231999e-05,3.992426654524711e-05,0.2988647975118211,4.1459151605802006e-05,7.335843455203219e-05
202,uj0534,uj0534,0288_060263.xml,letters-leipzig,Brief,"Johnson, Uwe + Baumgärtner, Klaus","Bierwisch, Manfred",1962-04-11,1962,4.0,JohnsonUwe+BaumgärtnerKlaus,BierwischManfred,5518,1.005219579216522e-05,1.1064708285564837e-05,9.107035116083526e-06,1.1575041244514945e-05,8.150724918430686e-06,1.3599779134687668e-05,1.375303985736391e-05,9.803337891687844e-06,8.694427947130173e-06,1.32034631987513e-05,7.36402020781085e-06,1.1947408945565824e-05,8.629896295915377e-06,8.722490995128971e-06,0.4060444289344485,9.432622857763091e-06,7.577572240579302e-06,8.621664683164495e-06,7.026936884353022e-06,1.084332763300093e-05,0.0049656703433525,2.401589143535704e-06,1.124734131633187e-05,6.135085723366276e-06,8.634764036666774e-06,9.731002067939845e-06,6.231224963083423e-06,9.914107935334063e-06,1.119124446626222e-05,0.4796716047752735,8.309559441200877e-06,1.2540689736298915e-05,4.929518065104899e-06,9.24537267806731e-06,4.9470518141056686e-06,7.26792908506904e-06,6.302479787139492e-06,0.1089919720875272,6.544778091073674e-06,1.1580426917959711e-05
203,uj0446,uj0446,0099_060082.xml,letters-leipzig,Brief,"Johnson, Uwe","Baumgärtner, Klaus",1958-03-20,1958,3.0,JohnsonUwe,BaumgärtnerKlaus,509,0.00010152196388151518,0.00011174781492041117,9.197633126518849e-05,0.00011690191311918092,8.231809426374584e-05,0.00013735071566994922,0.0001388985694795735,9.90086281580322e-05,8.780921285943826e-05,0.00013334813026814475,7.437278471464068e-05,0.00012066263376950834,8.715747665181792e-05,8.809263508919226e-05,0.3801391220779425,9.526459858851497e-05,7.652954948582041e-05,8.707434163239928e-05,7.096841797759213e-05,0.0001095119851496484,0.0002084263646216732,2.425480475403212e-05,0.0001135923138076646,6.196118381448983e-05,8.720663830873004e-05,9.827807385549786e-05,6.293214027255721e-05,0.0100885810750676,0.00011302576471686032,3.43667053811725e-05,8.392224056344097e-05,0.3647052154946364,4.978557573947327e-05,9.33734688917875e-05,4.996265751041839e-05,7.340231421306811e-05,6.36517770388687e-05,0.2417553683620522,6.609886423943147e-05,0.00011695630562766784
204,uj0230,uj0230,0622_101069.xml,letters-leipzig,Brief,"Johnson, Uwe","Klemm, Ine",1968-07-31,1968,7.0,JohnsonUwe,KlemmIne,345,0.0001704911564954061,0.2350255401589481,0.0001544606751885514,0.00019631951158347884,0.0001382410914341979,0.017004794271694,0.00023325964984057768,0.00016627038004689363,0.00014746261477791145,0.0337722065340892,0.00012489811655516712,0.00020263508693699325,0.00014636811999551338,0.00014793858058747422,0.6467746244802898,0.00015998283490045647,0.00012852008470933058,0.00014622850699883718,0.00011918098501098924,0.0001839092181083272,0.00035002132139557964,4.073236524375529e-05,0.0001907615279454224,0.0001040546644535532,0.0001464506797433918,0.00016504352190546584,0.0001056852425384668,0.0001681491051768807,0.00018981009235444652,5.771381010922135e-05,0.0001409350184167575,0.0002126974783020153,8.360752747571602e-05,0.00015680696165342034,8.390491017762991e-05,0.00012326835456247275,0.00010689376628893576,0.0621227174501712,0.00011100328811965968,0.0001964108557746476
205,uj0456,uj0456,0134_060112.xml,letters-leipzig,Brief + Postkarte,"Baumgärtner, Klaus + Baumann, Sabine","Johnson, Uwe + Schmidt, Elisabeth",1958-08-28,1958,8.0,BaumgärtnerKlaus+BaumannSabine,JohnsonUwe+SchmidtElisabeth,167,0.0002814277766554983,0.0003097747314646616,0.0002549664468971586,0.0003240623431428276,0.0002281929679197412,0.00038074821501826153,0.0003850390013621773,0.00027446058987536315,0.0002434148296593441,0.00036965269767958754,0.00020616787388340045,0.0003344873902043607,0.00024160815980324733,0.0002442005009064794,0.1400462785686131,0.0002640818119518844,0.00021214661475006064,0.00024137770224724,0.00019673067108415528,0.00030357681549349013,0.0005777761397555647,6.72364433681264e-05,0.0003148878439482725,0.0001717618289989513,0.00024174444022250345,0.0002724354293561252,0.0001744534053512578,0.000277561779679852,0.00031331732024192144,9.526751765446226e-05,0.5401655787820273,0.00035109726304414016,0.00013800997689747182,0.0002588394347798043,0.00013850086307793882,0.00020347764464506476,0.00017644830150376884,0.3102117649113192,0.00018323184157535623,0.0003242131239408434
206,uj0993,uj0993,0728_101171.xml,letters-leipzig,Brief,"Baumgärtner, Klaus","Johnson, Uwe",1969-12-11,1969,12.0,BaumgärtnerKlaus,JohnsonUwe,576,0.0154705189612003,0.00011460975039150983,9.433190595930526e-05,0.0103641604835604,8.442631511848425e-05,0.0001408683583678094,0.00014245585373753934,0.00010154430462805628,9.005806489426924e-05,0.0718466157098437,7.627752093530694e-05,0.3176959565719173,0.0052115219548439,9.03487457548359e-05,0.1491345175647728,9.770438798425956e-05,7.848952187916575e-05,8.930437312892396e-05,7.27859661138352e-05,0.00011231665954112025,0.00021376430171196663,2.4875986350464912e-05,0.00011650148811556372,6.354805072473994e-05,8.944005801066142e-05,0.00010079504034650824,6.454387402007133e-05,0.00010269167577653131,0.00011592042932772204,3.524685944257608e-05,8.607154466619814e-05,0.00012989816661408864,5.106061727168889e-05,9.576482520485065e-05,0.0051733745517766,7.528219604213768e-05,6.528194116007095e-05,0.42209938208499,6.779169988280308e-05,0.00011995163399165308
207,uj0957,uj0957,0201_060170.xml,letters-leipzig,Brief,"Bierwisch, Manfred + Baumgärtner, Klaus + Baumgärtner, Sabine","Johnson, Uwe",1960-07-19,1960,7.0,BierwischManfred+BaumgärtnerKlaus+BaumgärtnerSabine,JohnsonUwe,144,0.0003319854323492352,0.0003654248325390189,0.0003007704040931163,0.0003822791707873016,0.00026918714994727004,0.4740639657429965,0.0004542101027043124,0.0003237666113680623,0.0002871435734774476,0.0004360596957294742,0.00024320531385033805,0.00039457704627462726,0.0002850123408023488,0.00028807038820684034,0.3611837173957429,0.0003115233171306188,0.0002502581175753659,0.0002847404822378585,0.00023207274588313973,0.0003581134795595568,0.000681571889730792,7.93152686862056e-05,0.0003714565003391728,0.0002026183262326469,0.000285173103590035,0.00032137763683773784,0.0002057934362009685,0.0003274249206162662,0.0003696038367610999,0.00011238204136498884,0.0002744328444009082,0.00041417083293460605,0.00016280305516857733,0.000305339162628552,0.0001633821275785338,0.00024003179300097023,0.00020814670946188725,0.1536302872401531,0.0002161488921543266,0.0003824570389032855
208,uj0114,uj0114,0900_000038.xml,letters-leipzig,Brief,"Johnson, Uwe","Klemm, Eberhardt",1973-01-09,1973,1.0,JohnsonUwe,KlemmEberhardt,739,7.332459131629963e-05,0.0036878079604584,6.643022497736067e-05,8.443281311580531e-05,5.945452972984498e-05,9.920203184065896e-05,0.00010031997463519098,7.15093258533489e-05,0.4329151460311816,9.631115062072488e-05,5.371600228912726e-05,8.714900667823338e-05,6.294979048192045e-05,6.36252119140402e-05,0.3791626359991019,6.880518748205625e-05,5.527373314229232e-05,6.288974592515776e-05,0.0036583548992622,7.909541195150884e-05,0.1660770314497811,1.7518117046294312e-05,8.204244350848699e-05,4.4751680394736855e-05,6.298529765951721e-05,7.098168046884656e-05,4.54529570717405e-05,7.23173252545124e-05,8.163325145825906e-05,2.4821472424460945e-05,0.0036677108426539,9.147662548070648e-05,3.595780513863989e-05,6.743931248479463e-05,3.608570306326309e-05,5.301507659589124e-05,4.59727172277552e-05,0.0086821603875704,4.774013446473876e-05,8.447209829413505e-05
209,uj0731,uj0731,1123_101854.xml,letters-leipzig,Brief,"Menzhausen, Joachim","Johnson, Uwe",1982-09-01,1982,9.0,MenzhausenJoachim,JohnsonUwe,793,6.956089702787809e-05,7.656745348071853e-05,6.302041315519411e-05,8.009894243511487e-05,5.6402774923606274e-05,9.41100686406472e-05,9.517062830033962e-05,6.783880773041604e-05,6.016518377188876e-05,9.136757410709828e-05,5.095880163675233e-05,8.267571589285993e-05,5.971862665760236e-05,6.035937923251184e-05,0.2775737559897391,0.0582383927062756,5.243657537580727e-05,5.966166414127495e-05,4.862619502644931e-05,7.503550592464677e-05,0.0001428097362681436,1.6618925712426198e-05,7.783126864207627e-05,4.245461141862249e-05,5.9752311279367306e-05,0.0513965611009106,4.311989210878924e-05,6.860533315025056e-05,7.744308010178496e-05,2.3547405534798112e-05,5.750190511479304e-05,8.678120138538966e-05,3.411211894530424e-05,6.397770498507886e-05,3.423345196885177e-05,5.029385391462917e-05,0.003465561163709,0.18617781773929,4.528967046367351e-05,0.4209797636216207
210,uj0880,uj0880,0407_s000040.xml,letters-leipzig,Brief,"Johnson, Uwe","Baumgärtner, Klaus",1963-11-15,1963,11.0,JohnsonUwe,BaumgärtnerKlaus,121,0.0004813471447653552,0.0005298310788046242,0.00043608833741790894,0.0005542682582775658,0.00039029563772646807,0.0006512223787984259,0.0006585612341878506,0.0004694306399216623,0.00041633073551761466,0.0006322448789434525,0.00035262445880599195,0.0005720990022671904,0.00041324065184818935,0.0004176745282875648,0.5947194067621328,0.00045167903352733095,0.0003628503500796229,0.0004128464829147172,0.00033648329933704245,0.0005192303158249594,0.0009882140934699963,0.00011499955840905744,0.0005385764205903535,0.0239729570518629,0.0004134737425241558,0.0004659668551978821,0.00029838081215136694,0.0004747348386596335,0.0005358902354851647,0.00016294321817420565,0.00039790139328538666,0.0006005081200925799,0.00023604886880107052,0.00044271260059895376,0.00023688846844606865,0.0003480231569088365,0.00030179283344694086,0.0096366134537952,0.3555010929186694,0.0005545261500445863
211,uj0399,uj0399,0132_000000.xml,letters-leipzig,Brief + Rundschreiben,"Baumgärtner, Klaus + Baumann, Sabine","Johnson, Uwe",1958-08-27,1958,8.0,BaumgärtnerKlaus+BaumannSabine,JohnsonUwe,74,0.0006724135658396568,0.0007401427615517697,0.0006091896818609087,0.0007742800596892179,0.0005452199817727189,0.0009097192465863574,0.0670768059420542,0.0006557669115456977,0.0005815894775370762,0.0008832087988004361,0.0004925955671007484,0.0007991885571801133,0.0005772728129396077,0.0005834666767643244,0.2353764151208343,0.0006309689646069803,0.0005068805339691874,0.0005767221821921698,0.00047004731951408464,0.0007253341210242515,0.0013804767923305,0.00016064759909922247,0.0007523594881254682,0.00041038942667591074,0.3975186069113777,0.0006509282086204869,0.00041682039263915885,0.0006631765642799214,0.0007486070459956497,0.00022762206352198704,0.0005558447736134813,0.0008388744188852682,0.0003297463448345962,0.033696860760459,0.00033091921600940307,0.00048616781978819433,0.0004215867851087685,0.2450107021324867,0.0004377946535102445,0.0007746403192743194
212,uj0255,uj0255,0845_s000088.xml,letters-leipzig,Brief,"Johnson, Uwe","Baumgärtner, Klaus + Baumgärtner, Sabine",1972-10-19,1972,10.0,JohnsonUwe,BaumgärtnerKlaus+BaumgärtnerSabine,385,0.00013806764416782934,0.00015197457729413568,0.00012508579317678693,0.00015898403779811398,0.00011195080269177184,0.00018679396075757065,0.00018889900798912777,0.00013464956270962258,0.0001194186035435977,0.00018135053240099695,0.0001011453559717952,0.00016409853539756946,0.00011853225659595557,0.0001198040515596802,0.5916932972621468,0.0001295577646139786,0.3464980672263236,0.00011841919479297098,9.651549187838402e-05,0.00014893389784500892,0.0002834552844088455,3.2986002477732035e-05,0.00015448305532486488,8.426585097487547e-05,0.000118599115371079,0.00013365602488163783,8.558633046157414e-05,0.00013617099735801268,0.00015371256098765858,4.673796554335858e-05,0.0001141324064751456,0.00017224729043578596,6.77072910440385e-05,0.00012698586970513197,6.79481183685374e-05,9.982553737527084e-05,8.656502067975336e-05,0.0571004387024549,8.989300559983692e-05,0.00015905801041664932
213,uj1212,uj1212,0976_s000103.xml,letters-leipzig,Brief,"Johnson, Uwe","Baumgärtner, Klaus + Baumgärtner, Sabine",1975-12-19,1975,12.0,JohnsonUwe,BaumgärtnerKlaus+BaumgärtnerSabine,1081,5.374454643448506e-05,5.915799299303946e-05,4.869119959425402e-05,0.0079935432883053,4.357824130273491e-05,7.271187075093025e-05,7.353128654791224e-05,5.241401574603396e-05,4.64851755961641e-05,7.059294861072883e-05,3.9372086873959234e-05,6.387739436464318e-05,4.614015403103395e-05,4.6635216026876776e-05,0.5000003000578467,5.043197005505573e-05,4.051385304909166e-05,4.609614331905944e-05,3.7569854734391296e-05,0.4310113258501938,0.0027542240842139,1.2840211423449397e-05,6.013444924254664e-05,3.280152977083852e-05,4.616617964018975e-05,5.202726879853308e-05,3.3315542822313454e-05,5.3006253091722575e-05,5.983452474587634e-05,1.8193333959874213e-05,4.442745768897713e-05,6.704939853820839e-05,2.635590452348291e-05,0.0555710282578675,2.6449649552611463e-05,3.885833108219837e-05,3.3696510153167395e-05,0.001075970689493,3.499196964440982e-05,6.191530737080741e-05
214,uj0567,uj0567,0755_101206.xml,letters-leipzig,Brief,"Klemm, Eberhardt","Johnson, Uwe",1970-07-13,1970,7.0,KlemmEberhardt,JohnsonUwe,297,0.00021572330100836225,0.0002374521393541705,0.00019543985396422935,0.0002484040460613487,0.2760920453919375,0.0002918555615685576,0.00029514458515049127,0.00021038273175534063,0.0001865851736190945,0.00028335049623655844,0.00015803420275194055,0.0002563951746983575,0.0001852003039739543,0.0001871874155049296,0.4151036264660777,0.0002024270698775641,0.0001626170969173887,0.00018502365096082589,0.00015080028801782165,0.00023270124053187608,0.00044288370392277736,5.1538862594893246e-05,0.00024137150195760625,0.00013166088002835986,0.00018530476723004836,0.00020883038209933415,0.0001337240585196087,0.00021275989192633807,0.0002401676458127998,7.302556851895418e-05,0.00017832577375564033,0.00026912716811033883,0.00010578901678513036,0.0001984086217978056,0.00010616529658426104,0.0001559720568662009,0.00013525320958032773,0.3014603227718077,0.00014045300781686314,0.00024851962431685423
215,uj0541,uj0541,0274_s000010.xml,letters-leipzig,Brief,"Johnson, Uwe","Baumgärtner, Klaus",1962-01-22,1962,1.0,JohnsonUwe,BaumgärtnerKlaus,286,0.0002134580421623295,0.00023495871116784503,0.00019338758674974492,0.0002457956145191808,0.0421761247427023,0.00028879085604292966,0.000292045342374001,0.0002081735529511333,0.0001846258872874672,0.00028037510037006027,0.031658658001657,0.0002537028302235108,0.0001832555598276153,0.00018522180517513908,0.9042804938160474,0.0002003014315780702,0.00016090949363305922,0.000183080761805574,0.00014921677022062543,0.00023025770039905943,0.0004382330879560028,5.0997665311791126e-05,0.0002388369174809461,0.00013027834058191806,0.0106841200189109,0.00020663750414799705,0.00013231985412873857,0.00021052575113109583,0.0002376457027419064,7.225874447027288e-05,0.00017645321740874883,0.00026630112801443817,0.0001046781515936306,0.0001963251802615609,0.00010505048016848656,0.00015433423155990084,0.00013383294793949425,0.0042734493458458,0.00013897814433701716,0.0002459099791150378
216,uj0662,uj0662,0236_060209.xml,letters-leipzig,Brief,"Johnson, Uwe","Baumgärtner, Klaus",1961-05-22,1961,5.0,JohnsonUwe,BaumgärtnerKlaus,545,9.400985887920152e-05,0.00010347904935120916,8.517055415277899e-05,0.00010825177069928502,7.622697718861403e-05,0.0001271874666664156,0.00012862078722725742,9.168249711779542e-05,8.13117811515523e-05,0.00012348105207011462,0.2729249702395878,0.0001117342172961022,8.070827008298824e-05,8.157423158891282e-05,0.3751341737112341,0.3330651519049026,7.0866755056546e-05,8.063128662891926e-05,6.571711877776622e-05,0.00010140865952430792,0.0001930038818758129,2.246007351404592e-05,0.0001051870647743142,5.737637377845335e-05,8.075379402925439e-05,9.100600008937896e-05,5.827548443501329e-05,9.271843756170723e-05,0.00010466243741252669,3.1823745320744124e-05,7.771242488377423e-05,0.00011728268099156962,4.610169829801592e-05,8.646431075568206e-05,4.626567692549853e-05,6.797091916613103e-05,5.894187176893234e-05,0.0157561249097352,6.120788705857443e-05,0.00010830213844091882
217,uj0963,uj0963,0203_060172.xml,letters-leipzig,Brief,"Baumgärtner, Klaus","Johnson, Uwe",1960-07-25,1960,7.0,BaumgärtnerKlaus,JohnsonUwe,531,8.532830515618298e-05,9.39230417488176e-05,7.730528608077046e-05,9.825501531488091e-05,6.918762402399962e-05,0.00011544205147354794,0.0001167430087950486,8.321586889732984e-05,7.380286022775223e-05,0.00011207791414285708,6.250966221311881e-05,0.00010141586747917523,7.325508175815854e-05,0.0042716442087306,0.1054257817343883,8.00690454375868e-05,6.432240376685895e-05,0.1931629294012614,5.964832233457329e-05,9.204384676811784e-05,0.00017518050048547347,2.038594706433295e-05,9.54733266122535e-05,5.207782235705729e-05,0.5415641007711094,8.260184452194872e-05,5.289390259998909e-05,8.415614307043889e-05,9.499714715454992e-05,2.8884909352223984e-05,7.053589468132553e-05,0.00010645194570543016,4.184433236567364e-05,7.847956779469358e-05,4.1993168014740056e-05,6.169399041228659e-05,5.3498750883549696e-05,0.1528219932482327,5.55555058497667e-05,9.830073173313104e-05
218,uj0186,uj0186,0153_060129.xml,letters-leipzig,Brief,"Bierwisch, Manfred","Johnson, Uwe",1959-01-26,1959,1.0,BierwischManfred,JohnsonUwe,709,8.67854689827582e-05,9.552697913709435e-05,7.862543964849646e-05,9.993293044321232e-05,7.036915110097512e-05,0.00011741347210782618,0.00011873664606594396,8.463695834393568e-05,7.506320236187553e-05,0.00011399188491665888,6.357714876897703e-05,0.0001031477609377516,7.450606940001333e-05,7.530548423063494e-05,0.3164211774371895,8.143639612416732e-05,6.542084677279788e-05,7.443500190512564e-05,0.0128685255795179,9.361569287151624e-05,0.0001781720832663753,2.0734080835163756e-05,9.7103738439695e-05,5.296716287268823e-05,0.0043438343063417,8.40124481853575e-05,5.379717943613415e-05,8.559328971529343e-05,0.0043659056385774,2.9378181133081745e-05,7.174044637160716e-05,0.00010826984100132968,4.25589140904465e-05,7.98197747413377e-05,4.27102914274502e-05,6.274754762265558e-05,5.441235680144269e-05,0.4158582154567574,0.2434058182839888,9.997942756735872e-05
219,uj0964,uj0964,0205_060174.xml,letters-leipzig,Brief,"Baumgärtner, Klaus + Baumgärtner, Sabine","Johnson, Uwe",1960-07-30,1960,7.0,BaumgärtnerKlaus+BaumgärtnerSabine,JohnsonUwe,385,0.00016630668067190834,0.00018305800499921303,0.0001506696459393302,0.00019150111356924467,0.00013484815002414932,0.00022499901240719976,0.0002275346058827596,0.0001621894974969019,0.000143843343496679,0.1392991438636915,0.000121832660493582,0.00019766168163134587,0.0001427757116146802,0.00014430762736646337,0.279108049442738,0.00015605627167819555,0.0001253657323173661,0.00014263952523098055,0.0001162558482434844,0.00017939541403360734,0.0003414305194607708,3.973264419604824e-05,0.00018607954315424867,0.00010150078285242863,0.00014285624504473606,0.00016099275093625753,0.00010309134059426464,0.00016402211184878747,0.00018515145926848676,5.6297302367422536e-05,0.3028425324393097,0.0002074771051520584,8.155549331408499e-05,0.0001529583459628314,8.184557715808703e-05,0.00012024289881408084,0.00010427020275688404,0.273309660326533,0.00010827886190886096,0.00019159021584026095
220,uj0090,uj0090,0939_101615.xml,letters-leipzig,Brief,"Klemm, Ine","Johnson, Uwe",1974-10-08,1974,10.0,KlemmIne,JohnsonUwe,452,0.00016103677305219998,0.00017725728327536885,0.0080678674668101,0.0001854328475591008,0.00013057509682842236,0.00021786926870044656,0.00022032451457166868,0.00015705005472020552,0.0001392852516096011,0.1348850480697026,0.00011797204068402002,0.00019139820022491704,0.0080602236745993,0.0001397348233037038,0.4049372323879728,0.00015111117787981325,0.00012139315692039228,0.00013811957980335647,0.0001125719458408945,0.00017371075208535083,0.00033061130709457007,3.847360058124002e-05,0.00018018307526505425,9.828443732259611e-05,0.00013832943222373225,0.00015589123053161088,9.982459364742698e-05,0.00015882459739212024,0.00017928440039834996,5.451335970488812e-05,0.00013311963530787912,0.00020090259369564303,7.897117190313178e-05,0.00014811141889032402,7.925206360251471e-05,0.00011643265519598916,0.0001009661001568142,0.4389324431012114,0.0001048477333629634,0.00018551912636725277
221,uj1199,uj1199,0947_101622.xml,letters-leipzig,Brief,"Johnson, Uwe","Klemm, Erika",1975-01-22,1975,1.0,JohnsonUwe,KlemmErika,307,0.00015729843163342448,0.00017314239553085884,0.0001425084001753112,0.0079191980699929,0.00012754389914926815,0.00021281160581001343,0.00021520985508872008,0.0001534042618167971,0.00013605185457085176,0.0002066099881293559,0.0233294431113191,0.1859006326288776,0.0001350420525597614,0.0775171899842336,0.3877988646612166,0.1239567216423811,0.0001185751107197005,0.0001349132429143567,0.00010995867708399538,0.0001696781942595876,0.0777036354213033,3.758046634949749e-05,0.000176000267571762,9.60028417845074e-05,0.00013511822377664017,0.00015227233881592,0.0310497868423655,0.00015513760988300737,0.0156512622536159,5.3247875141338574e-05,0.00013002936817887732,0.0001962387987566548,7.713791855844993e-05,0.00014467312935348745,7.741228957902086e-05,0.0001137297631225366,9.862225193535172e-05,0.0650536880498861,0.0001024137760942814,0.0001812124464647131
222,uj0855,uj0855,0375_101336.xml,letters-leipzig,Brief,"Bierwisch, Manfred","Johnson, Uwe",1963-07-08,1963,7.0,BierwischManfred,JohnsonUwe,1003,5.992333352095377e-05,6.595914152654463e-05,5.4289024401360505e-05,6.900134770101426e-05,4.858825054973053e-05,8.10712522665319e-05,0.0030298270006077,5.843983725029287e-05,5.1829382994694005e-05,7.870872645627126e-05,4.389853203134266e-05,7.122111285520016e-05,5.144469573448207e-05,5.1996672950004784e-05,0.3599778334877237,5.622992400562461e-05,4.517156231728631e-05,5.13956252939052e-05,4.188910475460195e-05,6.463944312900517e-05,0.00012302365009763677,1.4316397153799717e-05,0.0030148899846082,3.6572585292007285e-05,5.1473713399733554e-05,5.8008627613952255e-05,0.3862044644231281,5.9100161661673374e-05,0.0030145555790389,2.0284945935204865e-05,4.953509781369031e-05,7.475778916251835e-05,2.938593330455022e-05,5.511368480756656e-05,2.9490455809977816e-05,4.332571187189567e-05,3.7570457848442e-05,0.2429227250395735,3.9014850932142765e-05,6.903345287611613e-05
223,uj0429,uj0429,0103_060087.xml,letters-leipzig,Brief,"Johnson, Uwe","Baumgärtner, Klaus",1958-04-26,1958,4.0,JohnsonUwe,BaumgärtnerKlaus,715,7.693211273890026e-05,8.468113861367243e-05,6.969854813350673e-05,8.858685170801215e-05,6.237965329099578e-05,0.00010408270623115004,0.00010525565107217312,7.502753741512736e-05,6.654075635396952e-05,0.00010104959556617044,5.635879409356538e-05,0.0076605657516525,6.604687856158177e-05,6.675553028168425e-05,0.4243091388003676,7.21903572234987e-05,5.7993164274990704e-05,6.598387985231794e-05,5.3779006276174e-05,8.29868539346442e-05,0.0001579429708387787,1.8379996824873917e-05,8.607887749613306e-05,4.69534334877064e-05,6.60841326688448e-05,7.447393222649986e-05,4.768921251364981e-05,7.587528985271178e-05,8.564955346752441e-05,2.604267245986883e-05,6.35952558981505e-05,0.5034430604667,3.772690538207359e-05,7.075728207926373e-05,3.786109580004318e-05,5.562338331955895e-05,4.823454452576048e-05,0.0620932204396027,5.008891752247802e-05,8.862806969114682e-05
224,uj0497,uj0497,0278_060255.xml,letters-leipzig,Brief,"Baumgärtner, Klaus","Johnson, Uwe",1962-02-01,1962,2.0,BaumgärtnerKlaus,JohnsonUwe,831,8.4617920261509e-05,9.314110297717472e-05,7.666169533547543e-05,9.743701150503268e-05,6.861161536057815e-05,0.00011448096019877248,0.00011577108664266325,8.252307069685428e-05,7.318842827585108e-05,0.0001111448303661675,6.19892496756133e-05,0.00010057154858399038,7.264521023376987e-05,7.342465892703955e-05,0.4625365614733412,7.940244552908381e-05,6.378689958754283e-05,7.257591771641553e-05,5.915173134871501e-05,9.127755288390118e-05,0.00017372206789199204,2.0216227663114117e-05,9.467848123303872e-05,5.164425815720294e-05,0.337247884751697,8.191415826692237e-05,5.245354427623459e-05,8.345551679265409e-05,9.420626611862412e-05,2.8644433425152785e-05,6.994866124193854e-05,0.0042682224722939,4.149596517865541e-05,7.782620078594017e-05,0.0083669571065521,6.118036859827269e-05,5.305335700818751e-05,0.1848509564172072,5.509298884442587e-05,9.748234731976672e-05
225,uj0981,uj0981,0649_s000208.xml,letters-leipzig,Brief + Umschlag,"Johnson, Uwe","Bierwisch, Manfred",1969-01-31,1969,1.0,JohnsonUwe,BierwischManfred,373,0.00015031934217165025,0.0001654603337614712,0.000136185521659932,0.00017309179222726063,0.1184377832185414,0.00020336948219804276,0.00020566132484513887,0.00014659795067993917,0.00013001544305275682,0.0001974430207548097,0.00011012068370570708,0.00017866013460988362,0.00012905044440366376,0.00013043509454002675,0.6589878275066865,0.1776149016911074,0.00011331411544429223,0.0001289273498440961,0.00010507997971556924,0.00016214983377211824,0.0003086082343494046,3.5913078862255634e-05,0.0001681914064157775,9.174334336204338e-05,0.00012912323602081295,0.00014551624936153483,9.31809981361802e-05,0.00014825439275861443,0.0075620961811572,5.08853488249489e-05,0.0001242601651184602,0.0297665065466057,7.371542776229833e-05,0.00013825420513416753,7.397762536271243e-05,0.00010868374846710556,9.424653431356075e-05,0.0030094068509393,9.786983437752098e-05,0.00017317232894840172
226,uj0131,uj0131,1064_101757.xml,letters-leipzig,Brief,"Klemm, Ine","Johnson, Uwe",1979-10-28,1979,10.0,KlemmIne,JohnsonUwe,366,0.0001704911564954061,0.00018766396426147573,0.0001544606751885514,0.00019631951158347884,0.0001382410914341979,0.00023066025778787212,0.00023325964984057768,0.00016627038004689363,0.00014746261477791145,0.3189324847704944,0.00012489811655516712,0.0589121041356086,0.00014636811999551338,0.00014793858058747422,0.319679011209119,0.00015998283490045647,0.00012852008470933058,0.00014622850699883718,0.00011918098501098924,0.0001839092181083272,0.00035002132139557964,4.073236524375529e-05,0.0001907615279454224,0.0001040546644535532,0.0001464506797433918,0.00016504352190546584,0.0001056852425384668,0.0001681491051768807,0.00018981009235444652,5.771381010922135e-05,0.0001409350184167575,0.0085997644852551,8.360752747571602e-05,0.00015680696165342034,8.390491017762991e-05,0.00012326835456247275,0.00010689376628893576,0.2885735266379048,0.00011100328811965968,0.0001964108557746476
227,uj1159,uj1159,0519_101472.xml,letters-leipzig,Brief,"Johnson, Uwe","Bierwisch, Manfred",1964-11-23,1964,11.0,JohnsonUwe,BierwischManfred,986,5.611847988082361e-05,6.177104208362267e-05,5.0841923247677165e-05,0.1822686968825872,4.550312208458843e-05,7.592360391034756e-05,7.677921386461553e-05,5.472917874007099e-05,4.853845765783663e-05,7.371108752714805e-05,4.111117893227952e-05,6.669890264794473e-05,0.0028088460265613,4.869512547719433e-05,0.6049056908632986,5.265958473265624e-05,4.230337770180269e-05,4.813224155845429e-05,3.922934096406435e-05,6.053513841105451e-05,0.0001152122191342306,1.3407372361226446e-05,0.1408568499747655,3.4250395819210246e-05,0.0055695410320472,5.432534891486716e-05,3.478711317941422e-05,5.534757561517001e-05,6.247745670759936e-05,1.8996945988499312e-05,4.638984894056615e-05,7.001101641958294e-05,2.752006288758914e-05,5.161422154443336e-05,2.761794869889636e-05,0.0607752669969636,3.518490809834315e-05,0.0011234970521944,3.653758892307261e-05,6.465014892700259e-05
228,uj0181,uj0181,0151_060127.xml,letters-leipzig,Brief,"Baumgärtner, Klaus + Baumann, Sabine","Johnson, Uwe",1959-01-12,1959,1.0,BaumgärtnerKlaus+BaumannSabine,JohnsonUwe,381,0.00013180124958111307,0.4475253956283417,0.00011940859819049942,0.00015176832321243315,0.00010686975775764147,0.0131458615212069,0.00018032556032705085,0.00012853830256643044,0.00011399862194465634,0.00017311968294031997,9.655473146340056e-05,0.000156650692131312,0.0001131525031022168,0.00011436657585938006,0.3184550993053172,0.0001236776029023959,9.935475897494248e-05,0.0001130445727684802,9.21350002759794e-05,0.00014217432302311898,0.0002705902668987576,3.1488886273499496e-05,0.0001474716241712312,8.044132658629293e-05,0.00011321632739761813,0.0001275898578527992,8.170187425075191e-05,0.00012999068475939423,0.00014673609980525075,4.461669711699923e-05,0.00010895234637912927,0.00016442960443941075,0.0130321797678077,0.00012122243706813829,6.486419726820642e-05,9.529481469368404e-05,8.263614523427094e-05,0.203635627706761,8.581308486917142e-05,0.00015183893847943875
229,uj1100,uj1100,0447_101408.xml,letters-leipzig,Brief,"Bierwisch, Manfred","Johnson, Uwe",1964-04-28,1964,4.0,BierwischManfred,JohnsonUwe,593,9.623514241355748e-05,0.00010592847569241812,8.718660474606503e-05,0.00011081417091745288,7.803132663912765e-05,0.00013019808894288237,0.0001316653372713171,9.385269026197432e-05,8.323649170747609e-05,0.0001264039407463933,7.049977418738128e-05,0.000114379049624727,8.26186950814217e-05,8.350515454259792e-05,0.3603431331650628,9.030363343675794e-05,0.3409312932612209,8.253988937152975e-05,6.727269203449655e-05,0.00010380907819284904,0.0001975724278296676,2.299172021969041e-05,0.0001076769211155548,5.873451537500979e-05,8.266529661347781e-05,9.316018004391663e-05,5.965490865196148e-05,9.491315218948258e-05,0.0285120356285302,3.2577037127668185e-05,7.955193599006093e-05,0.0001200588495975774,4.719295990984584e-05,8.851098553349755e-05,4.73608200338446e-05,6.957984156042785e-05,6.033706987150648e-05,0.2670389966333768,6.265672343454625e-05,0.0001108657309011287
230,uj0451,uj0451,0080_060069.xml,letters-leipzig,Brief,"Bierwisch, Manfred","Johnson, Uwe",1958-01-12,1958,1.0,BierwischManfred,JohnsonUwe,266,0.00022528643744773,0.00024797852753685306,0.0002041038136774992,0.0002594159384877657,0.000182671310572848,0.0003047936843528006,0.0003082285122179031,0.0002197091177269017,0.00019485660032423916,0.0002959115846447491,0.00016503994870492377,0.00026776131839528186,0.00019341033862128545,0.0001954855399348764,0.2783484183660865,0.00021140077684019557,0.00016982600517127542,0.00019322585447976675,0.2550582506795835,0.00024301701867181005,0.0004625169900239477,5.3823609641785895e-05,0.0002520716377102398,0.00013749748160803632,0.0001935194327928451,0.00021808795152909093,0.0001396521219734469,0.00022219165875822904,0.00025081441393888423,7.626283344140261e-05,0.0001862310565744625,0.0002810577283055032,0.00011047870397503458,0.00020720418867505163,0.00011087166447134374,0.00016288638672101098,0.00014124906116906702,0.4588985756954046,0.0001466793694143068,0.0002595366403929728
231,uj0606,uj0606,0999_s000105.xml,letters-leipzig,Brief,"Johnson, Uwe","Baumgärtner, Klaus + Baumgärtner, Sabine",1976-10-02,1976,10.0,JohnsonUwe,BaumgärtnerKlaus+BaumgärtnerSabine,469,6.212080130197942e-05,6.837795035863356e-05,5.627987462573244e-05,7.1531718251366e-05,5.037004586794492e-05,8.40442421580374e-05,8.499136645780373e-05,6.058290326381824e-05,5.373003492023238e-05,8.159507940612404e-05,4.550834917777138e-05,7.383288512540219e-05,5.333124067013159e-05,5.390345961914444e-05,0.3028919980544032,5.829194958183314e-05,4.682806316559307e-05,5.328037075169138e-05,4.342523354893978e-05,6.70098568779292e-05,0.0092953652650982,1.484139834511097e-05,6.950659035431487e-05,3.791375029611868e-05,5.336132245149151e-05,6.013588060061397e-05,0.6723460540606486,6.126744264345524e-05,0.0061810467052072,2.1028821692999164e-05,0.0031072950070296,7.749925602380201e-05,3.046355428886241e-05,5.713477641816398e-05,3.0571909772607024e-05,4.491452294655326e-05,3.894821615708924e-05,0.0042996074626834,4.044557704278085e-05,7.15650007656402e-05
232,uj1000,uj1000,0657_101105.xml,letters-leipzig,Brief,"Johnson, Uwe","Doherty, Monika",1969-03-01,1969,3.0,JohnsonUwe,DohertyMonika,82,0.0006117103363835363,0.0006733251686784613,0.0306464034796604,0.0007043806666454119,0.0004959993602103285,0.0008275928604281264,0.000836919297174985,0.0005965664859094571,0.0607135043169102,0.000803475686479451,0.0004481257002540777,0.0007270405089701836,0.0005251585698563423,0.0005307932725396532,0.4247728917315952,0.0005740072140057711,0.00046112106848019145,0.0005246576481961468,0.000427613032430558,0.0006598534022854687,0.1517168989432126,0.0302383542637204,0.0608688577867511,0.0003733408530012177,0.0005254547884531572,0.0005921646047690245,0.0003791912530414627,0.0006033072201789648,0.0006810253260629219,0.00020707311113136008,0.1509667119226219,0.0007631436648947917,0.0002999779566733368,0.0005626124030830809,0.00030104494499321057,0.000442278228295595,0.000383527351670407,0.0724309151387784,0.0003982720283628626,0.0007047084032099065
233,uj0402,uj0402,0138_060116.xml,letters-leipzig,Brief,"Bierwisch, Manfred","Johnson, Uwe",1958-09-27,1958,9.0,BierwischManfred,JohnsonUwe,532,0.0001085709257212784,0.1176212954456268,0.0748722280224239,0.00012501874905366053,8.803367622258567e-05,0.0001468873707582175,0.000148542696508104,0.0001058830818723811,9.39060589699825e-05,0.0001426068743440666,7.953670098779586e-05,0.00012904058735125005,9.320907084364956e-05,9.420916002002024e-05,0.2997134663965815,0.00010187909356533124,0.1442885838426366,9.312016352080982e-05,7.589595928024319e-05,0.0001171157171382998,0.0002228980063674281,2.5938885583493004e-05,0.00012147935474646217,6.626332695234947e-05,9.326164593574658e-05,0.0001051018030841931,6.730169970891337e-05,0.0001070794778071111,0.00012087346852338877,3.675288454406771e-05,8.974920301197608e-05,0.00013544844549431845,5.3242331402393296e-05,9.985665729654186e-05,5.343170846982585e-05,7.84988479290834e-05,6.807130292494939e-05,0.3600199561401754,7.068829842550792e-05,0.0001250769181903965
234,uj0118,uj0118,0914_101584.xml,letters-leipzig,Brief,"Johnson, Uwe","Klemm, Erika",1974-01-30,1974,1.0,JohnsonUwe,KlemmErika,362,0.00019317336826587175,0.00021263085325773048,0.0096778959472888,0.000222437938063452,0.133197033409429,0.00026134739090210907,0.00026429260711499923,0.00018839105802752,0.00016708110013148648,0.0002537313748768404,0.00014151461202432036,0.00022959374009244568,0.00016584099332470938,0.00016762038862305764,0.6948102366149711,0.000181267015355584,0.0001456184482729197,0.00016568280615901693,0.104666780252853,0.0002083765741719612,0.00039658829823632097,4.6151415435931735e-05,0.00021614051805528343,0.00011789813870380756,0.00016593453685452455,0.0001870009781873941,0.00011974564955045823,0.0001905197295015452,0.00021506250309207456,6.539207853021758e-05,0.00015968506973504693,0.0002409948360363464,9.473070642992952e-05,0.000177668622659292,0.0476094964629748,0.00013966802584312478,0.00012111495578490611,0.0038673483364138,0.00012577121004654263,0.0002225414347224125
235,uj0916,uj0916,1023_101706.xml,letters-leipzig,Brief,"Bierwisch, Manfred","Johnson, Uwe",1977-07-07,1977,7.0,BierwischManfred,JohnsonUwe,362,0.00014192344238752686,0.00015621875273510804,0.00012857904883090845,0.00016342396558566383,0.0001150772390723907,0.00019201053286380427,0.00019417436749205195,0.00013840990458630238,0.0001227535922856556,0.0001864150865489839,0.0001039700299628474,0.00016868129513432427,0.00012184249243516392,0.00012314980466136163,0.3638572633400688,0.00013317590846772135,0.0001069850965459093,0.00012172627316902935,9.92108682209074e-05,0.00015309315660273315,0.0002913713054836959,3.390719853633917e-05,0.00015879728472513617,8.661913309342362e-05,0.00012191121836712665,0.00013738862034885698,8.797648944931671e-05,0.0071216932652775,0.3562256965661834,4.804321099330128e-05,0.0001173197682379184,0.00017705761945829545,6.959814428370706e-05,0.00013053218856417335,6.984569716345574e-05,0.00010261335295372774,8.898251142957268e-05,0.2681466587871877,9.240343657766824e-05,0.00016350000402847375
236,uj0272,uj0272,0837_s000086.xml,letters-leipzig,Brief,"Johnson, Uwe","Baumgärtner, Klaus + Baumgärtner, Sabine",1972-09-17,1972,9.0,JohnsonUwe,BaumgärtnerKlaus+BaumgärtnerSabine,3471,1.6416856567480885e-05,1.8070452729016007e-05,1.4873256783585888e-05,1.890390873822665e-05,1.3311448033191034e-05,2.2210632186213696e-05,2.2460931658450933e-05,1.601043148958837e-05,1.419940274696823e-05,2.1563384359948183e-05,1.2026632390694926e-05,1.9512045235456388e-05,1.4094012155304496e-05,1.424523422929985e-05,0.5016152989066252,1.5404994064255397e-05,1.2375397293820486e-05,1.4080568604398374e-05,1.1476120971407804e-05,0.001632916153118,3.370409320360375e-05,3.922182309080602e-06,1.836872191642316e-05,1.001958422141012e-05,1.41019619608371e-05,1.5892295425815416e-05,1.017659510157754e-05,1.6191336831676013e-05,1.827710671507594e-05,5.5573518415979846e-06,1.357085041971387e-05,2.0480968428665392e-05,8.050697847002589e-06,1.5099184328168022e-05,0.4118859282593813,1.1869700093306726e-05,0.041198077858328,0.0366708300965749,1.068867791760396e-05,0.0064797417071736
237,uj0146,uj0146,1065_101758.xml,letters-leipzig,Brief,"Johnson, Uwe","Bierwisch, Manfred",1979-11-04,1979,11.0,JohnsonUwe,BierwischManfred,430,0.0001344158143574759,0.00014795491508345893,0.00012177732774212335,0.0199919564305762,0.00010898975210655397,0.00018185334082883984,0.0001839027104664268,0.00013108813968384589,0.00011626003283747928,0.0067889463728794,9.847010480529e-05,0.3770661297915965,0.0001153971293854166,0.0001166352859193036,0.5099193391747058,0.00012613101745803402,0.00010132567695944944,0.0001152870580184972,0.066217887539308,0.00014499466029807564,0.00027595801404006764,3.2113536898279195e-05,0.00015039704494908076,8.203705545627597e-05,0.0067278547038428,0.00013012088050412673,8.332260882844178e-05,0.00013256933304009992,0.0001496469298557319,4.550176645504041e-05,0.00011111365340808612,0.0001676914236810711,6.591646231437363e-05,0.00012362714806344764,6.615091985971064e-05,9.71851948430376e-05,8.427541311124933e-05,0.0093034092671251,8.751537426144226e-05,0.00015485099444620976
238,uj1181,uj1181,1086_101787.xml,letters-leipzig,Brief,"Bierwisch, Manfred","Johnson, Uwe",1980-10-14,1980,10.0,BierwischManfred,JohnsonUwe,519,0.0001208329061497766,0.00013300386159274444,0.00010947155648740208,0.0001391383436311881,9.797618346122969e-05,0.00016347680345822648,0.00016531908139455747,0.00011784149770979667,0.00010451179203855158,0.00015871286856452053,8.851956140259405e-05,0.00014361440760811122,0.000103736086201126,0.0001048491252655624,0.3632840546376605,0.00011338529969806934,9.108657395061032e-05,0.000103637137701559,8.446763499465635e-05,0.00013034274474149092,0.0002480720663054009,2.886841856157932e-05,0.00013519921078040376,7.374709493921156e-05,0.00010379459911447708,0.00011697198143863322,7.490274132436326e-05,0.00011917301438185978,0.3508423761413543,4.090374858042258e-05,9.988546153141944e-05,0.00015074596807403362,5.925551054115981e-05,0.00011113444984819432,5.946627581983804e-05,8.736449340987374e-05,7.575926338639835e-05,0.281796526552638,7.867182187857856e-05,0.00013920308237955317
239,uj0915,uj0915,1019_101702.xml,letters-leipzig,Brief,"Bierwisch, Manfred","Johnson, Uwe",1977-06-12,1977,6.0,BierwischManfred,JohnsonUwe,410,0.00013901181785539425,0.0001530138533528008,0.0001259411906547228,0.0001600712479561242,0.0001127163767177533,0.00018807134869162524,0.0001901907912597516,0.2394825894549565,0.0001202352460230953,0.00018259069552502893,0.00010183703709885108,0.00016522072097713934,0.0001193428378040303,0.00012062332992013966,0.335877105873023,0.00013044374360714195,0.000104790248207711,0.00011922900282945952,9.717551174345236e-05,0.00014995238025904074,0.0686702562874943,3.321157680244179e-05,0.00015553948557607615,8.484210183893766e-05,0.00011941015379196875,0.00013457002977133064,8.617161140646246e-05,0.00013710220085242896,0.00015476372222393163,4.705758247853793e-05,0.000114912899368624,0.00017342520116471916,6.817030642353156e-05,0.0001278542608302995,6.841278064238004e-05,0.00010050819294098896,8.715699438425131e-05,0.351545828439427,9.05077376834837e-05,0.000160145726435395
240,uj1215,uj1215,0955_101632.xml,letters-leipzig,Brief,"Johnson, Uwe","Klemm, Erika",1975-09-23,1975,9.0,JohnsonUwe,KlemmErika,1149,5.690394432337947e-05,6.263562282849218e-05,5.155353416420612e-05,0.002864832162541,4.614000826715474e-05,7.698627152623662e-05,7.785385705784028e-05,5.549519777625839e-05,0.0224436788105493,7.474278757315163e-05,4.16865931151197e-05,6.763245638102362e-05,4.885252421386938e-05,0.2379905246279201,0.6385660450262209,5.339663661743819e-05,4.2895478540160055e-05,4.880592631194303e-05,3.9778415930057897e-05,6.13824207830656e-05,0.0421064391335734,1.359502915948994e-05,6.366948050787377e-05,3.4729782789715954e-05,4.8880079750433247e-05,5.508571573151448e-05,3.527401233490851e-05,5.612225006678934e-05,6.33519248116777e-05,0.0140158009515413,4.703914622936893e-05,7.099092827930472e-05,2.7905248496697003e-05,5.23366419635083e-05,2.800450437049301e-05,4.114263595277187e-05,3.5677375005581815e-05,0.0011392221215065,3.704898867903078e-05,0.0392558617466086
241,uj0302,uj0302,0582_101034.xml,letters-leipzig,Brief,"Johnson, Uwe","Bierwisch, Manfred",1966-11-29,1966,11.0,JohnsonUwe,BierwischManfred,560,9.106193298644632e-05,0.00010023419213541336,8.249980786211698e-05,0.0001048572522776472,7.383668022976507e-05,0.0001231991697931946,0.00012458754482551102,8.88075517621887e-05,7.876203681728295e-05,0.00011960897955557244,6.670999337250933e-05,0.00010823049762030564,7.817745042243711e-05,7.901625743227075e-05,0.3723301784037612,8.544927778162863e-05,6.864454193275892e-05,7.810288098664524e-05,6.365638601684187e-05,9.822872481612552e-05,0.282405575945694,2.175577895329864e-05,0.0001018886482515369,5.557718697070329e-05,7.822154684587174e-05,8.815226807384336e-05,5.6448103652540536e-05,0.3405440243368377,0.00010138047195777884,3.0825828251684214e-05,7.527554781327418e-05,0.00011360497467237328,4.465605853498488e-05,8.375299533073891e-05,4.481489518217333e-05,6.583951257800202e-05,5.70935946623965e-05,0.0018230681496481,5.928855309454136e-05,0.0001049060406065312
242,uj0424,uj0424,0112_060095.xml,letters-leipzig,Brief,"Baumgärtner, Klaus","Johnson, Uwe",1958-06-10,1958,6.0,BaumgärtnerKlaus,JohnsonUwe,512,0.00011802661062423012,0.00012991490053435972,0.0001069291237268724,0.00013590691170088133,9.570072610430276e-05,0.00015968012061169456,0.00016147961238576004,0.000115104676439134,0.00010208454780757128,0.0291857728266573,0.0116987621304689,0.00014027902089668772,0.0001013268574254556,0.0001024140466063974,0.5522560017479058,0.00011075197182949167,8.897112499667958e-05,0.00010123020696489504,8.250590822922396e-05,0.00012731558704901524,0.0002423106925880214,2.8197961180222096e-05,0.00013205926362229957,7.203434839404919e-05,0.0001013840113999865,0.00011425535433277968,7.316315535786193e-05,0.00011640526917335546,0.00013140060941208448,3.9953775512018245e-05,9.756566196113256e-05,0.2556178097579021,5.787932520064084e-05,0.0001085533970598382,5.808519554070224e-05,8.533548827576015e-05,7.399978504035562e-05,0.1475166334416281,7.684470053589744e-05,0.00013597014691791825
243,uj1007,uj1007,0672_s000217.xml,letters-leipzig,Brief,"Johnson, Uwe","Bierwisch, Manfred",1969-06-21,1969,6.0,JohnsonUwe,BierwischManfred,831,6.956089702787809e-05,7.656745348071853e-05,6.302041315519411e-05,0.0035020471327642,0.3080317399045467,9.41100686406472e-05,9.517062830033962e-05,6.783880773041604e-05,6.016518377188876e-05,9.136757410709828e-05,5.095880163675233e-05,8.267571589285993e-05,5.971862665760236e-05,6.035937923251184e-05,0.5205320775031085,6.527347068021405e-05,5.243657537580727e-05,5.966166414127495e-05,4.862619502644931e-05,7.503550592464677e-05,0.0001428097362681436,1.6618925712426198e-05,0.0137656240299586,4.245461141862249e-05,5.9752311279367306e-05,6.733824597344319e-05,4.311989210878924e-05,0.0342880872364417,0.0822041996480012,2.3547405534798112e-05,5.750190511479304e-05,8.678120138538966e-05,3.411211894530424e-05,6.397770498507886e-05,3.423345196885177e-05,5.029385391462917e-05,4.361297337992473e-05,0.0356120973648076,4.528967046367351e-05,8.013621113577124e-05
244,uj0626,uj0626,0063_060057.xml,letters-leipzig,Brief + Postkarte,"Bierwisch, Manfred","Johnson, Uwe",1957-09-21,1957,9.0,BierwischManfred,JohnsonUwe,112,0.6513412062588203,0.00042839148793331314,0.0003525964014008161,0.0004481500111572164,0.00031557101058841047,0.0005265416374938679,0.000532475421497434,0.00037955510418762,0.0003366215203214406,0.0005111975028718138,0.000285112222805794,0.000462566943749972,0.00033412305317985627,0.0003377080352640744,0.2894000499938171,0.00036520215778509626,0.00029338030097900814,0.0003338043504410736,0.00027206139283660296,0.00041982030966960544,0.0007990141062570434,9.298214829088298e-05,0.0004354624774051396,0.00023753165775369916,0.00033431151713656854,0.0003767544834783769,0.00024125387354902533,0.0003838437797307385,0.0004332905798322899,0.0001317466839426959,0.00032172059499575265,0.0004855369520091123,0.00019085578437340905,0.0003579524065015213,0.00019153463722968253,0.00028139186995182393,0.0002440126412735779,0.0460829164749228,0.00025339368668997623,0.000448358527875505
245,uj0774,uj0774,0786_101235.xml,letters-leipzig,Brief,"Johnson, Uwe","Bierwisch, Manfred",1971-03-13,1971,3.0,JohnsonUwe,BierwischManfred,191,0.00025024702065545905,0.0002754532780830322,0.00022671747068245797,0.0002881578955775589,0.00020291035602482463,0.0618912729072719,0.0618950882964691,0.00024405176248016813,0.0002164457134598084,0.0003286970723746527,0.00018332552958106677,0.0002974279008284448,0.00021483921336884652,0.0002171443363574726,0.6292620873911202,0.0002348228999838604,0.0001886418565866424,0.0002146342893294936,0.0001749339205085785,0.1356859032763428,0.0005137615032102318,5.978698987108103e-05,0.0002799998838960973,0.0001527314982200078,0.00021496039461576472,0.000242250979372292,0.0001551248617004574,0.0002468093563406008,0.0002786033661711812,8.47123647196136e-05,0.00020686450364811816,0.0003121974848439877,0.00012271917843276013,0.0740934129241973,0.0001231556769390649,0.0248020172215778,0.00015689873357840648,0.0050099680287833,0.00016293069215970064,0.0002882919706355504
246,uj0903,uj0903,0410_101374.xml,letters-leipzig,Brief,"Johnson, Uwe","Bierwisch, Manfred",1963-12-13,1963,12.0,JohnsonUwe,BierwischManfred,440,0.000130952185372167,0.00014414241032089354,0.00011863936749438544,0.00015079063103044723,0.0001061813023247899,0.00017716734085643414,0.0001791639023024233,0.0967577738932395,0.000113264242338469,0.00017200444520838745,9.59327254736962e-05,0.0581336797286861,0.00011242357419720196,0.00011362982589251308,0.5869677883824983,0.0838689360215615,9.871471519613016e-05,0.00011231633915113316,9.15414662133344e-05,0.00014125843543105353,0.0002688471232514624,3.128603473453933e-05,0.00014652161134269672,7.99231232191653e-05,0.00011248698733622154,0.00012676792344723306,8.117555043022218e-05,0.0323391744958712,0.0001457908252278022,4.432927616489273e-05,0.00010825047490154305,0.00016337034823004726,0.1160202942877511,0.00012044152161427964,6.444634183422924e-05,9.46809250931552e-05,8.210380283610189e-05,0.021947687343919,8.526027661239672e-05,0.0001508607913936032
247,uj0261,uj0261,0844_101504.xml,letters-leipzig,Brief,"Johnson, Uwe","Bierwisch, Manfred",1972-10-19,1972,10.0,JohnsonUwe,BierwischManfred,147,0.0003891901170156173,0.00042839148793331314,0.2875373094051381,0.0004481500111572164,0.00031557101058841047,0.0005265416374938679,0.000532475421497434,0.00037955510418762,0.0003366215203214406,0.0005111975028718138,0.000285112222805794,0.000462566943749972,0.00033412305317985627,0.0003377080352640744,0.5765847629975545,0.00036520215778509626,0.00029338030097900814,0.0003338043504410736,0.00027206139283660296,0.00041982030966960544,0.0007990141062570434,9.298214829088298e-05,0.0004354624774051396,0.0959657693256661,0.00033431151713656854,0.0003767544834783769,0.00024125387354902533,0.0003838437797307385,0.0004332905798322899,0.0001317466839426959,0.00032172059499575265,0.0004855369520091123,0.00019085578437340905,0.0003579524065015213,0.00019153463722968253,0.00028139186995182393,0.0002440126412735779,0.0269372689413403,0.00025339368668997623,0.000448358527875505
248,uj0256,uj0256,0823_101484.xml,letters-leipzig,Brief,"Johnson, Uwe","Bierwisch, Manfred",1972-05-10,1972,5.0,JohnsonUwe,BierwischManfred,459,0.0340982626164784,0.00015197457729413568,0.00012508579317678693,0.0612873349879571,0.00011195080269177184,0.00018679396075757065,0.00018889900798912777,0.00013464956270962258,0.0001194186035435977,0.00018135053240099695,0.0068931843504339,0.00016409853539756946,0.00011853225659595557,0.0001198040515596802,0.8090385450849346,0.0001295577646139786,0.00010407850875564486,0.0272865751726414,9.651549187838402e-05,0.00014893389784500892,0.0002834552844088455,3.2986002477732035e-05,0.00015448305532486488,8.426585097487547e-05,0.000118599115371079,0.0476779289861164,8.558633046157414e-05,0.00013617099735801268,0.00015371256098765858,4.673796554335858e-05,0.0001141324064751456,0.00017224729043578596,6.77072910440385e-05,0.00012698586970513197,6.79481183685374e-05,9.982553737527084e-05,8.656502067975336e-05,0.0095561657412201,8.989300559983692e-05,0.00015905801041664932
249,uj0715,uj0715,1112_101830.xml,letters-leipzig,Brief,"Johnson, Uwe","Klemm, Ine",1982-01-22,1982,1.0,JohnsonUwe,KlemmIne,952,6.308471793647386e-05,6.943895798251978e-05,5.715315871418602e-05,7.264166229058212e-05,5.115162826989009e-05,8.534834064601084e-05,8.631016129302873e-05,6.15229566275552e-05,5.456375363193754e-05,8.286117470245035e-05,4.62144935587428e-05,7.497853593243425e-05,5.415877136746223e-05,5.473986932885043e-05,0.5465507804486326,5.9196454653908726e-05,4.75546852969955e-05,5.410711211019265e-05,4.409905462170973e-05,6.804963605601378e-05,0.00012951402750668173,1.5071689494680458e-05,0.0093806707597205,3.8502050733662014e-05,5.418931992209038e-05,0.0124745165293997,3.910539322176898e-05,0.1055765221381813,7.023306301520078e-05,2.1355121911426217e-05,0.0062588721943993,0.0280089587437611,3.0936251454858614e-05,5.802132585479904e-05,3.104628826999353e-05,4.561145303906939e-05,3.955256820424332e-05,0.0167797711840409,4.10731633534233e-05,0.2731685211608616
250,uj0247,uj0247,0821_101482.xml,letters-leipzig,Brief,"Bierwisch, Manfred","Johnson, Uwe",1972-05-06,1972,5.0,BierwischManfred,JohnsonUwe,791,7.841596412317743e-05,8.631445167736694e-05,7.10428799534454e-05,9.02954973938757e-05,6.358281971384863e-05,0.00010609023289617965,0.1119765393861314,7.647465372701372e-05,6.782418131022659e-05,0.00010299862019221184,5.744583137428785e-05,9.32002928127029e-05,6.732077770059805e-05,6.804309775500733e-05,0.5366472622495246,7.358275056463967e-05,5.911172496472652e-05,0.0386428612483212,5.481628511938976e-05,8.458748797033815e-05,0.0040185498120853,1.873450657068268e-05,8.77391498711185e-05,4.785906203210577e-05,6.73587503577184e-05,7.591037071093235e-05,4.8609032618469125e-05,7.733875744604941e-05,8.730154512550527e-05,2.654497837873791e-05,6.482186862381682e-05,9.782840453704445e-05,3.84545744760666e-05,7.212203455028116e-05,3.859135313229421e-05,5.669623614263204e-05,4.9164882886640274e-05,0.3063171717141838,5.105502266318725e-05,9.0337510381322e-05
251,uj0681,uj0681,0246_060215.xml,letters-leipzig,Brief,"Johnson, Uwe","Baumgärtner, Klaus + Baumgärtner, Sabine",1961-07-07,1961,7.0,JohnsonUwe,BaumgärtnerKlaus+BaumgärtnerSabine,1708,2.9281115722707255e-05,3.2230470878824344e-05,2.652795017508922e-05,3.371702354225104e-05,2.3742307103343367e-05,3.9614897568591246e-05,4.006133186505874e-05,2.8556215697573693e-05,2.532606369059015e-05,3.846046593764844e-05,0.6669462519379498,0.0086774557077868,2.5138088964862013e-05,2.540780875136833e-05,0.2580058511526485,2.747635712409083e-05,2.2072766414529244e-05,2.5114111038991235e-05,2.0468816598983228e-05,3.1585609533053056e-05,0.0274285190119663,6.995606838963023e-06,3.276246398950831e-05,1.787093673350771e-05,2.5152268243021405e-05,2.8345508139756987e-05,1.81509814383517e-05,2.8878878579761315e-05,3.259905905863252e-05,9.91209624794819e-06,2.4204977363469e-05,3.652986820027314e-05,1.4359229754957012e-05,2.693091468602736e-05,1.441030394254343e-05,2.1170804568908715e-05,1.835854014414343e-05,0.0380377113069288,1.906433267182601e-05,3.373271151039665e-05
252,uj0608,uj0608,0987_101671.xml,letters-leipzig,Brief,"Klemm, Eberhardt","Johnson, Uwe",1976-04-23,1976,4.0,KlemmEberhardt,JohnsonUwe,674,8.568798932879109e-05,9.431895529120454e-05,7.763115084289482e-05,9.866918941365672e-05,6.947927042733836e-05,0.00011592867403908986,0.00011723511528244888,8.356664852312242e-05,0.3288673017794983,0.00011255035586946032,6.277315902220208e-05,0.0001018433655094808,7.356387370501948e-05,7.435317922215843e-05,0.3082044521719763,8.040656026700975e-05,6.459354182048253e-05,7.349370492198542e-05,0.0084904943171883,9.24318389450146e-05,0.147711323728624,2.0471879891537775e-05,9.58757750662081e-05,5.229734585997281e-05,7.360536781498161e-05,8.295003585246206e-05,5.311686612373268e-05,8.451088623139556e-05,9.53975883705318e-05,2.900666783204141e-05,0.0042861305041677,0.00010690067230258334,4.202071866606642e-05,7.881038250333227e-05,4.217018170163948e-05,6.195404892224666e-05,5.372426402261762e-05,0.1998344534575897,5.578968882244877e-05,9.871509854020034e-05
253,uj0366,uj0366,0895_101560.xml,letters-leipzig,Brief,"Baumgärtner, Klaus","Johnson, Uwe",1973-12-19,1973,12.0,BaumgärtnerKlaus,JohnsonUwe,368,0.395172424471983,0.0001607067916591251,0.00013227302132692953,0.00016811900447071603,0.00011838331545043644,0.00019752684079883968,0.00019975284065287924,0.00014238630964892715,0.0288554746538112,0.00019177064181880797,0.00010695700517059156,0.00017352737286226608,0.00012534292909257026,0.0001266877993459209,0.1444770338128751,0.0001370019450381064,0.00011005869218779704,0.00012522337094054013,0.00010206111654554977,0.2084441511600175,0.00029974216837600094,3.488132503633436e-05,0.00016335940279608955,8.910763101112933e-05,0.00012541362946519609,0.00014133568473803578,9.050398312170842e-05,0.0001439951634810295,0.00016254463709561127,4.942345374391596e-05,0.00012069027067241972,0.00018214434223651443,7.159764290417219e-05,0.00013428227319137883,7.185230777873977e-05,0.00010556135192387143,9.153890730305582e-05,0.2183919073891162,9.505811287492892e-05,0.00016819722743673508
254,uj0221,uj0221,0616_s000192.xml,letters-leipzig,Brief,"Johnson, Uwe","Bierwisch, Manfred",1968-04-25,1968,4.0,JohnsonUwe,BierwischManfred,208,0.0001079941301097996,0.0001188718933578275,9.783995015371592e-05,0.00012435457247666565,8.7565987126539e-05,0.00014610701459682213,0.0054603693100517,0.0001053205657425046,9.340717216078084e-05,0.00014184925881539795,7.911415305632628e-05,0.00012835504429271587,9.271388686455508e-05,9.370866295140213e-05,0.0218651841920089,0.0001013378490868529,8.140841457777252e-05,9.262545187216016e-05,7.549275321056113e-05,0.00011649352633324042,0.9671177828491876,2.5801082251046352e-05,0.00012083398161145808,6.59112953570196e-05,9.276618264538905e-05,0.00010454343758832268,6.694415163810827e-05,0.000106510605685332,0.00012023131422908444,3.655763059027323e-05,8.927239998126485e-05,0.00013472885994760114,5.295947535328269e-05,9.93261572448664e-05,5.31478463331215e-05,7.808181371213405e-05,6.77096662479669e-05,0.0021620522703096,7.031275865697532e-05,0.0001244124325831288
255,uj0949,uj0949,0202_060171.xml,letters-leipzig,Brief,"Johnson, Uwe","Baumgärtner, Klaus + Baumgärtner, Sabine + Bierwisch, Manfred",1960-07-23,1960,7.0,JohnsonUwe,BaumgärtnerKlaus+BaumgärtnerSabine+BierwischManfred,421,0.00011534770664553924,0.000126966162600668,0.00010450210448540784,0.0001328221703483889,9.352856294068655e-05,0.00015605578786027438,0.0001578144357462737,0.00011249209293743152,9.976748812214792e-05,0.051220787489787,8.45012234366184e-05,0.00013709504378153152,9.902699538527962e-05,0.00010008950813599088,0.4602800933629878,0.0001082381836556832,8.695170666820578e-05,0.334886430685939,0.0171037263600171,0.0001244258469226902,0.00023681085594084295,2.7557939154704736e-05,0.00012906185409855154,0.0057447637272106,9.908285210990256e-05,0.00011166204828349128,7.150253774845038e-05,0.00011376316552334122,0.00012841814966428098,3.904692639030928e-05,9.535116949516292e-05,0.00014390286766626444,5.656561167668313e-05,0.00010608951094342782,0.0511260461876843,8.339858965725034e-05,7.232017806428116e-05,0.0760760084187862,7.510052121126753e-05,0.00013288397028677452
256,uj1156,uj1156,0433_101395.xml,letters-leipzig,Brief,"Johnson, Uwe","Bierwisch, Manfred",1964-03-12,1964,3.0,JohnsonUwe,BierwischManfred,467,0.0001201188953079557,0.0001322179316485987,0.00010882468072571074,0.2365013614879525,9.73972347339282e-05,0.0001625108065805985,0.0001643421983563454,0.00011714516332819276,0.00010389422390259067,0.00015777502214087252,8.799649257499884e-05,0.00014276577913974704,0.00010312310177001532,0.00010422956380188084,0.7275001017521207,0.00011271529732978084,9.05483364504343e-05,0.0001030247379646655,0.0059930446423933,0.0119477248057087,0.0002466061895791107,2.869783287845719e-05,0.00013440030835076938,7.331131774062193e-05,0.00010318126892610664,0.00011628078509487456,7.446013532330085e-05,0.00011846881196686818,0.00013372997802693368,4.066204521593232e-05,9.929523073464198e-05,0.0001498551986719286,5.8905365218067295e-05,0.00011047774792303288,5.91148850686676e-05,8.684824996698642e-05,7.53115961312617e-05,0.0142229434343894,7.820694409356956e-05,0.0001383805207678123
257,uj0303,uj0303,0579_101032.xml,letters-leipzig,Brief,"Johnson, Uwe","Bierwisch, Manfred",1966-11-19,1966,11.0,JohnsonUwe,BierwischManfred,532,9.53325057839988e-05,0.00010493492053288606,8.636883879199743e-05,0.00010977479042467584,7.729943253151719e-05,0.00012897689716999183,0.0001304303834562797,9.297239982037e-05,8.245577580217555e-05,0.00012521833615147365,6.983852220643984e-05,0.00011330623238503593,8.184377379387003e-05,8.27219187167164e-05,0.3569632980752265,8.945663134087103e-05,7.186379616846819e-05,8.176570724140627e-05,6.664170844080674e-05,0.00010283540190259204,0.5207574567694101,2.277606959221304e-05,0.00010666696642832292,0.037576146676456,0.0610485799122313,9.228638499550744e-05,5.909537598715968e-05,9.402291515502232e-05,0.00010613495796029278,3.2271481108770624e-05,7.880577934108588e-05,0.00011893275872649264,4.67503139781875e-05,8.768079756206458e-05,4.6916599659703366e-05,6.892721807906555e-05,5.977113888184557e-05,0.0206675469344809,6.206903527571227e-05,0.00010982586680196094
258,uj1190,uj1190,1071_101765.xml,letters-leipzig,Brief,"Klemm, Ine","Johnson, Uwe",1980-04-25,1980,4.0,KlemmIne,JohnsonUwe,318,0.0001950266845698782,0.0002146708457816221,0.00017668924299460494,0.0002245720203178711,0.0001581354850769604,0.0002638547726644945,0.0098608852350011,0.00019019849257455795,0.0097627410752795,0.3072659893537963,0.00014287231127693597,0.0002317964755193369,0.00016743208126587046,0.00016922854818411805,0.4424367469040877,0.00018300610143123132,0.0001470155199643802,0.00016727237644349535,0.000136332422444984,0.0002103757508998545,0.00040039318897098944,4.6594194745772536e-05,0.00021821418250325705,0.00011902926016549394,0.00016752652225764168,0.00018879507622922585,0.0384971224543425,0.00019234758664401697,0.00021712582500305557,6.601945385830172e-05,0.00016121709739446547,0.0002433069542274668,9.563955822607872e-05,0.00017937318555034037,9.597973752684064e-05,0.00014100800884268185,0.00012227693957299354,0.1861915346982308,0.00012697786620337402,0.0002246765099296759
259,uj0204,uj0204,0642_101092.xml,letters-leipzig,Brief,"Doherty, Monika","Johnson, Uwe",1968-12-12,1968,12.0,DohertyMonika,JohnsonUwe,254,0.00019691590700382207,0.00021675036109850704,0.0001784008307316275,0.0002267474482587005,0.00015966734266182825,0.00026641073241390163,0.6008630761935624,0.0098790355118283,0.00017031812755009424,0.0002586471637769075,0.0001442563145801203,0.0002340418867184559,0.0001690539949275164,0.0001708678642110417,0.243295743350526,0.00018477888054161312,0.0001484396585076118,0.00016889274304539455,0.00013765307388058124,0.0002124136596559529,0.0004042717956174113,4.704555245715138e-05,0.00022032802210371523,0.00012018229596208936,0.00016914935076866187,0.00019062393310702717,0.0001220656004638098,0.00019421085667090728,0.0002192291216903218,6.665898394917572e-05,0.0001627788065411121,0.0002456638673713007,9.656601810705188e-05,0.0001811107726243198,9.690949272285224e-05,0.00014237395265831343,0.00012346143562236636,0.1395601982459176,0.0001282079001034775,0.0002268529500608072
260,uj0770,uj0770,0798_101248.xml,letters-leipzig,Brief,"Johnson, Uwe","Bierwisch, Manfred",1971-07-18,1971,7.0,JohnsonUwe,BierwischManfred,128,0.0003748371183160515,0.0004125927761973593,0.00033959294764000444,0.0188711950469277,0.0003039330215784934,0.0005071232321752317,0.0005128381832990223,0.00036555743652176857,0.000324207206513915,0.0004923449761165006,0.0002745975278424641,0.0004455078704286445,0.0003218008807039479,0.00032525365171459777,0.5368812375797799,0.0003517338145086462,0.0002825606863630981,0.0003214939314496328,0.00026202800132211823,0.00040433769565837314,0.0929674092740278,8.955304617560928e-05,0.00041940299362422216,0.00022877169334096524,0.0003219823942711016,0.0003628601003093312,0.00023235663700081307,0.0003696879493783182,0.3138900424178671,0.00012688797890208017,0.00030985581457171053,0.0004676307644259927,0.0186233896112025,0.0003447514278527839,0.00018447100359951735,0.00027101437842028835,0.00023501366373084465,0.0075042730732455,0.00024404874421448815,0.0004318234487812995
261,uj1157,uj1157,0484_101442.xml,letters-leipzig,Brief,"Johnson, Uwe","Baumgärtner, Klaus",1964-07-27,1964,7.0,JohnsonUwe,BaumgärtnerKlaus,126,0.0004595820908014724,0.0005058737287978087,0.0004163697490765413,0.0005292059333358456,0.0003726476559956829,0.0006217760833935881,0.0006287830980619843,0.000448204414065112,0.0003975055258453289,0.0006036566883657337,0.00033667985321652965,0.0005462304253109506,0.00039455516636155495,0.00039878855639310256,0.7486958386990351,0.0004312554813239226,0.00034644336078679854,0.00039417882054846735,0.000321268547888613,0.0004957523000799545,0.0009435300576215468,0.00010979962812627584,0.203990537770343,0.0002804934943854298,0.0003947777173860535,0.0004448972511521231,0.0002848889392922738,0.0004532687730678265,0.0005116589088409852,0.00015557542140802948,0.0003799095024196326,0.0005733549692290048,0.0002253754568499656,0.00042269448322292927,0.0002261770923524936,0.0003322866081972114,0.00028814667936185163,0.0318093544498869,0.0002992244541507704,0.0005294521640214885
262,uj0254,uj0254,0846_101506.xml,letters-leipzig,Brief,"Baumgärtner, Klaus","Johnson, Uwe",1972-10-23,1972,10.0,BaumgärtnerKlaus,JohnsonUwe,186,0.00034319524997682507,0.1860907226601011,0.0003109262153098976,0.0003951872064111178,0.00027827652124060216,0.0004643144340062044,0.0004695469576376579,0.0003346989123478258,0.0002968392612335012,0.0004507836841565555,0.00025141738266019805,0.0004079003318702395,0.00029463606537182284,0.00029779737078212,0.4240284328876518,0.00032204221112866184,0.00025870833130309565,0.00029435502723307576,0.00023990891248621928,0.0003702055366339808,0.0007045858410656708,8.199342745589628e-05,0.0003839990977535213,0.00020945993512193743,0.00029480225647459665,0.00033222927172136456,0.00021274225582972,0.0003384807480387639,0.0003820838771509173,0.00011617673253382466,0.0002836993417739578,0.0004281557221841437,0.00016830026191268045,0.0003156492425118958,0.00016889888727730378,0.00024813670472954803,0.0002151749896979796,0.3782967177927719,0.00022344737403140697,0.0003953710804205767
263,uj1148,uj1148,0427_101390.xml,letters-leipzig,Brief,"Johnson, Uwe","Bierwisch, Manfred",1964-02-19,1964,2.0,JohnsonUwe,BierwischManfred,328,0.0001704911564954061,0.00018766396426147573,0.0001544606751885514,0.1176152576089268,0.0001382410914341979,0.00023066025778787212,0.00023325964984057768,0.00016627038004689363,0.00014746261477791145,0.0002239385062768228,0.00012489811655516712,0.00020263508693699325,0.0253075691408548,0.00014793858058747422,0.7138711605359145,0.00015998283490045647,0.00012852008470933058,0.00014622850699883718,0.00011918098501098924,0.0001839092181083272,0.00035002132139557964,4.073236524375529e-05,0.1008355656113825,0.0001040546644535532,0.0001464506797433918,0.00016504352190546584,0.0001056852425384668,0.0001681491051768807,0.00018981009235444652,5.771381010922135e-05,0.0001409350184167575,0.0002126974783020153,8.360752747571602e-05,0.00015680696165342034,8.390491017762991e-05,0.0336715363823748,0.00010689376628893576,0.0034132484014995,0.00011100328811965968,0.0001964108557746476
264,uj0110,uj0110,0936_101611.xml,letters-leipzig,Brief,"Johnson, Uwe","Klemm, Ine",1974-08-30,1974,8.0,JohnsonUwe,KlemmIne,346,0.00015977107106504454,0.00017586409281689704,0.00014474854895461846,0.0001839753995539587,0.000129548814716602,0.0002161568799018653,0.00021859282825787237,0.00015581568717436676,0.00013819051022598825,0.00020985777641503795,0.0001170448149113442,0.0080496017029918,0.0001371648347173377,0.00013863654841792363,0.5117904537630177,0.00014992348817081814,0.00012043904217362316,0.00013703400025957417,0.00011168716323597612,0.00017234543632586635,0.071065383329124,3.817120932124554e-05,0.00017876688893635255,9.751195036034594e-05,0.00013724220330123697,0.0001546659710053286,9.904000150644078e-05,0.345984721097312,0.00017787527739154078,5.408490062441069e-05,0.00013207335386703097,0.0001993235580055598,7.835048156445126e-05,0.00014694730641056682,7.862916553714329e-05,0.00011551752854349732,0.00010017253610817051,0.0424971705033265,0.00010402366081139016,0.0159034766736382
265,uj0521,uj0521,0336_101297.xml,letters-leipzig,Brief + Postkarte,"Bierwisch, Manfred","Johnson, Uwe",1962-11-12,1962,11.0,BierwischManfred,JohnsonUwe,112,0.000396786858351574,0.0004367534148735711,0.0003594788568906191,0.0004568976117915123,0.00032173075420921374,0.0005368193923693637,0.0005428690000288956,0.0003869637762560831,0.00034319215638385604,0.000521175750086011,0.00029067743043486736,0.00047159595365695175,0.00034064492076696574,0.0003442998794009397,0.4707231778449671,0.00037233066955024807,0.00029910689618829306,0.0003403199971552376,0.00027737185663955936,0.0004280149327103886,0.0008146103488737897,9.479710015770816e-05,0.0004439624255223448,0.1368776761353341,0.00034083706341917337,0.000384108489227789,0.0002459629943450604,0.0003913361639937063,0.000441748133902607,0.0001343182946697549,0.0003280003745579217,0.0004950143217371675,0.0001945811668098231,0.0003649394077738742,0.0001952732704382227,0.000286884458680585,0.0002487756114452603,0.3788115163189293,0.000258339768848252,0.0004571101986223342
266,uj0691,uj0691,0251_060220.xml,letters-leipzig,Brief,"Klemm, Eberhardt","Johnson, Uwe",1961-07-18,1961,7.0,KlemmEberhardt,JohnsonUwe,497,0.00011534770664553924,0.000126966162600668,0.00010450210448540784,0.0001328221703483889,9.352856294068655e-05,0.00015605578786027438,0.0001578144357462737,0.00011249209293743152,0.3519103587615503,0.00015150811138614815,8.45012234366184e-05,0.00013709504378153152,9.902699538527962e-05,0.00010008950813599088,0.4035364496092091,0.0001082381836556832,8.695170666820578e-05,9.893253864444012e-05,8.063323388356754e-05,0.0001244258469226902,0.0740035477358532,2.7557939154704736e-05,0.00012906185409855154,7.039935183272618e-05,9.908285210990256e-05,0.00011166204828349128,7.150253774845038e-05,0.00011376316552334122,0.00012841814966428098,3.904692639030928e-05,9.535116949516292e-05,0.00014390286766626444,5.656561167668313e-05,0.00010608951094342782,5.676680928345017e-05,8.339858965725034e-05,7.232017806428116e-05,0.1611914740494543,0.0057494648965891,0.00013288397028677452
267,uj0267,uj0267,0820_101481.xml,letters-leipzig,Brief,"Johnson, Uwe","Bierwisch, Manfred",1972-05-04,1972,5.0,JohnsonUwe,BierwischManfred,130,0.0004129061859155418,0.000454496369840065,0.0003740825599230575,0.00047545891772351545,0.0409594517572952,0.0005586274927289395,0.0005649228635871384,0.000402684044540107,0.0003571342178954653,0.0208546737347122,0.00030248609954275515,0.0004907543745946294,0.0003544835017211245,0.00035828694177330504,0.8960926506054884,0.00038745647298417645,0.00031125800939887417,0.000354145378201132,0.000288639991458272,0.0004454028898904503,0.0008477036098377402,9.86481992488036e-05,0.0004619982440290842,0.0002520061187302454,0.00035468345010148246,0.0003997127624733446,0.00025595515510092243,0.0004072340590027488,0.0004596939975855174,0.00013977492848724117,0.00034132527523776874,0.0005151241057004929,0.00020248595876441825,0.0003797649437791398,0.0002032061788610414,0.0002985390396354474,0.0002588820337886621,0.0285787446578549,0.0002688347317463804,0.0004756801408201049
268,uj0055,uj0055,0006_060002.xml,letters-leipzig,Brief,"Bierwisch, Manfred","Johnson, Uwe",1955-06-23,1955,6.0,BierwischManfred,JohnsonUwe,1596,3.622012489368368e-05,3.9868415249899446e-05,3.281451696084181e-05,4.170724965908823e-05,2.936873501307214e-05,4.900279590344099e-05,4.955502574768619e-05,3.53234387942052e-05,3.1327808633575864e-05,4.757478823290193e-05,2.653407645068036e-05,4.304896692338472e-05,3.109528784757832e-05,3.142892555612986e-05,0.0590054689419447,3.3987676428813744e-05,2.7303548261426624e-05,0.3403542739338813,2.5319496041817206e-05,3.9070735315018e-05,7.436054888126525e-05,8.653418667986511e-06,4.052647954956716e-05,2.2105973234920232e-05,0.007158300435824,3.506279797257675e-05,2.245238265050811e-05,3.572256599967328e-05,4.0324351083541005e-05,1.2261054785575738e-05,2.994104840321212e-05,4.518667939752142e-05,1.7762065490500213e-05,3.3312975593775086e-05,1.7825243187372908e-05,2.6187840410431783e-05,2.27091284083454e-05,0.5922817016884387,2.3582178934964063e-05,4.17266553460485e-05
269,uj0832,uj0832,0532_100910.xml,letters-leipzig,Brief,"Bierwisch, Manfred","Johnson, Uwe",1965-03-08,1965,3.0,BierwischManfred,JohnsonUwe,275,0.00023573678290489373,0.00025948148931332563,0.00021357156231882312,0.00027144944660749214,0.00019114487126396608,0.0003189321266431294,0.0003225262856165883,0.00022990074846307283,0.00020389539915769865,0.0003096380136271057,0.0001726956447057059,0.0002801819430409423,0.00020238204981916176,0.00020455351334394423,0.2216797560134005,0.0002212070091767755,0.0001777037116224757,0.00020218900802529576,0.0581484489689149,0.0002542898313003096,0.0004839717317310656,5.632032147619757e-05,0.0002637644662882416,0.00014387556720685263,0.00020249620453405932,0.00022820438134769897,0.00014613015471692751,0.00023249844694321457,0.00026244892376997667,7.980043190509047e-05,0.00019486974294237707,0.0234875584753781,0.00011560347151665242,0.0234102790970193,0.00011601466024269423,0.0001704421855999323,0.00014780117101393636,0.6657331770250284,0.00015348337456962864,0.0002715757475031269
270,uj0560,uj0560,0750_s000073.xml,letters-leipzig,Brief,"Johnson, Uwe","Baumgärtner, Klaus",1970-06-29,1970,6.0,JohnsonUwe,BaumgärtnerKlaus,105,0.000449421357325552,0.0004946895503155254,0.0004071643815644506,0.2658211462219102,0.0003644089243549536,0.1553684863095309,0.0006148815609885321,0.0004382952255105608,0.0003887172205911437,0.0005903106619556433,0.00032923632066007304,0.0005341540152873478,0.0003858320895333089,0.0003899718850826712,0.3341877339425985,0.0004217210105656723,0.0003387839703886261,0.0003854640642130736,0.00031416573828260886,0.0004847918925880036,0.0009226698943691156,0.00010737210803905776,0.0005028548493483768,0.0002742921656234458,0.00038604972025806127,0.00043506117946089817,0.0002785904332357423,0.0004432476184400037,0.0005003468279149265,0.000152135860937833,0.0003715102212545993,0.0005606788725184673,0.00022039271275505805,0.0004133492844614193,0.0002211766251895008,0.00032494020429878814,0.00028177614911368323,0.2300838232216482,0.0002926090094044321,0.0005177466984810666
271,uj0036,uj0036,1039_101724.xml,letters-leipzig,Brief,"Johnson, Uwe","Bierwisch, Manfred",1978-09-01,1978,9.0,JohnsonUwe,BierwischManfred,104,0.0005052761966287828,0.000556170396491347,0.050170437661419,0.000581822413408248,0.0004096982760485026,0.0006835963821478976,0.0006913000716350032,0.0004927672905097598,0.00043702764806998135,0.0006636754601012558,0.00037015436223399495,0.0006005395712933975,0.0004337839480901819,0.00043843824436673234,0.8977041826426326,0.00047413320436107945,0.0003808886098680979,0.00043337018396651366,0.000353210782627586,0.0005450426412777178,0.0010373408547938,0.0001207164935303472,0.0005653504925691291,0.00030838165554934364,0.0004340286263260513,0.0004891313117983338,0.00031321411906233294,0.000498335175130311,0.0005625307700296877,0.00017104356064197925,0.00041768213402520673,0.0006303609822241494,0.0002477834883688208,0.00046472102610958896,0.00024866482675407764,0.0003653243173330974,0.00031679576104731743,0.0349720103444993,0.0003289749473656828,0.000582093125663632
272,uj1040,uj1040,0665_s000215.xml,letters-leipzig,Brief,"Johnson, Uwe","Bierwisch, Manfred",1969-05-08,1969,5.0,JohnsonUwe,BierwischManfred,394,0.0001429212786567029,0.00015731709656599467,0.00012948306325038194,0.0001645729678742969,0.295409761673248,0.00019336052177706755,0.0001955395699080054,0.00013938303785087112,0.00012361664904705954,0.00018772573496161367,0.00010470102313112873,0.00016986726069001466,0.0001226991434297659,0.00012401564711533422,0.6476477356091185,0.00013411224251806594,0.00010773728806408932,0.0001225821070484531,9.990840064361284e-05,0.00015416952497184115,0.00029341988076849574,3.4145593490101125e-05,0.00015991375771564294,8.722813546224441e-05,0.00012276835256046163,0.00013835457316151365,8.859503512810323e-05,0.00014095795706276269,0.00015911617739525002,4.838099351612012e-05,0.00011814462083358384,0.00017830247732995727,7.008747537281636e-05,0.0001314499351312881,7.033676874897492e-05,0.0493189806989831,8.960813025429337e-05,0.0028612969490204,9.305310726534743e-05,0.00016464954092868905
273,uj0124,uj0124,0909_101579.xml,letters-leipzig,Brief,"Johnson, Uwe","Klemm, Ine",1974-01-23,1974,1.0,JohnsonUwe,KlemmIne,453,0.00016103677305219998,0.00017725728327536885,0.00014589524293888263,0.0001854328475591008,0.00013057509682842236,0.00021786926870044656,0.00022032451457166868,0.00015705005472020552,0.0001392852516096011,0.00021152026389076127,0.00011797204068402002,0.00019139820022491704,0.0001382514507280604,0.0001397348233037038,0.7059721768950817,0.00015111117787981325,0.00012139315692039228,0.00013811957980335647,0.0001125719458408945,0.00017371075208535083,0.00033061130709457007,0.0554922791676802,0.00018018307526505425,9.828443732259611e-05,0.00013832943222373225,0.00015589123053161088,0.071397574608489,0.134832352403204,0.00017928440039834996,5.451335970488812e-05,0.00013311963530787912,0.00020090259369564303,7.897117190313178e-05,0.00014811141889032402,7.925206360251471e-05,0.00011643265519598916,0.0001009661001568142,0.0269898874599044,0.0001048477333629634,0.00018551912636725277
274,uj0868,uj0868,0370_101330.xml,letters-leipzig,Brief,"Johnson, Uwe","Bierwisch, Manfred",1963-06-11,1963,6.0,JohnsonUwe,BierwischManfred,236,0.0002413341578483228,0.0833702479796356,0.00021864264243123252,0.00027789478921429894,0.00019568344814532425,0.0003265049062167228,0.0003301844055224491,0.0002353595515953866,0.00020873672677854013,0.0003169901121738512,0.00017679615996091336,0.00028683463155333017,0.00020718744421157877,0.0002094104673418433,0.6899547309594118,0.0002264593866599132,0.00018192313928468864,0.00020698981879997303,0.00016870342861411515,0.0002603277330335465,0.0004954632402310878,5.7657600929798686e-05,0.0002700273353932484,0.00014729177355756116,0.00020730430943576968,0.0002336229056458425,0.00014959989438340096,0.0002380189302775068,0.00026868055640590977,8.169522716154639e-05,0.00019949676382107544,0.000301078178233027,0.00011834838033769875,0.00022196386494921885,0.00011876933239996588,0.00017448919433240174,0.0001513105875803644,0.0048315317077764,0.2138546842396942,0.0002780240890202431
275,uj0682,uj0682,0244_060213.xml,letters-leipzig,Brief,"Baumgärtner, Klaus","Johnson, Uwe",1961-06-25,1961,6.0,BaumgärtnerKlaus,JohnsonUwe,601,9.147169514450312e-05,0.00010068522779360217,8.28710420123286e-05,0.00010532909086674884,7.41689318791914e-05,0.00012375354367951194,0.00012514816614729097,8.920716961421948e-05,0.4365614974859618,0.0001201471982379384,6.701017622556104e-05,0.00010871751520073695,7.852923474927809e-05,7.937181623829607e-05,0.3515065047710722,8.583378401073982e-05,6.895342990294262e-05,0.0045782726909427,6.39428281914467e-05,9.867073623564824e-05,0.00018779298740715216,2.1853676006894423e-05,0.0001023471286617348,5.5827274217096695e-05,7.857352959860855e-05,8.854893726830154e-05,5.670210986580993e-05,9.021514079514768e-05,0.0181011101103797,3.096453887964967e-05,7.56142741054721e-05,0.0001141161764233252,4.485700268711846e-05,8.412986859693184e-05,4.5016554070368346e-05,6.613577842559154e-05,5.7350505467964026e-05,0.1863238244334876,5.955534081436387e-05,0.00010537809873425097
276,uj1025,uj1025,0676_101124.xml,letters-leipzig,Brief + Umschlag,"Bierwisch, Manfred","Johnson, Uwe",1969-06-29,1969,6.0,BierwischManfred,JohnsonUwe,765,0.0033318874405891,0.0294626270023028,6.013930304602986e-05,0.1013071436846511,0.127408584161697,8.980762985042543e-05,9.081970380518622e-05,6.47374146268127e-05,0.0686330545836728,8.719051419539125e-05,4.862911334694393e-05,7.889602247424137e-05,5.6988464629865104e-05,5.7599923859513605e-05,0.2681493973500694,6.228935732992731e-05,5.003932756606739e-05,5.693410627421228e-05,4.6403146730718656e-05,7.160510069811525e-05,0.0915704675265244,1.5859156734783838e-05,7.427304927049662e-05,4.051370998661161e-05,5.702060928863344e-05,6.425973709839489e-05,4.1148575977383247e-05,6.546889673249793e-05,7.390260758192684e-05,2.2470886598563476e-05,5.487308515268876e-05,8.281381710339281e-05,3.2552612020202e-05,6.105283027599506e-05,3.266839805058944e-05,4.799456510188477e-05,0.003307125780588,0.3050210690296318,4.321915837273758e-05,7.647261649311437e-05
277,uj0024,uj0024,1044_002771.xml,letters-leipzig,Brief,"Bierwisch, Manfred","Johnson, Uwe",1978-11-10,1978,11.0,BierwischManfred,JohnsonUwe,1337,4.206653916934416e-05,4.630371255351585e-05,3.811122040877013e-05,4.843935951572627e-05,3.410924300807514e-05,5.691250483895917e-05,5.7553871991657e-05,4.102511589879945e-05,3.638453740406217e-05,5.5253997564807534e-05,3.0817032509171936e-05,4.999764795394634e-05,3.611448464249485e-05,3.65019759550276e-05,0.1637222740096663,3.947374356008964e-05,0.3063033304348707,3.608003689919863e-05,2.940640252118231e-05,4.537727637131644e-05,8.636333947907437e-05,1.0050196580328987e-05,4.706799726316759e-05,2.567417400389505e-05,3.613485521736412e-05,4.072240415044556e-05,2.6076498548391537e-05,4.148866759199921e-05,4.6833242549916685e-05,1.4240153586130836e-05,3.4773935460520604e-05,5.248041591209186e-05,2.062910124903748e-05,3.869013695497568e-05,2.070247667410642e-05,3.0414909325121427e-05,2.637468651738191e-05,0.5285398991049755,2.7388659116389305e-05,4.846189754100969e-05
278,uj0101,uj0101,0905_s000094.xml,letters-leipzig,Brief,"Johnson, Uwe","Baumgärtner, Klaus + Baumgärtner, Sabine",1974-01-13,1974,1.0,JohnsonUwe,BaumgärtnerKlaus+BaumgärtnerSabine,10202,5.684158207176243e-06,6.256697910761367e-06,5.149703554170246e-06,6.545272997934831e-06,4.608944244365372e-06,0.0022446820313601,7.7768535348055e-06,5.543437940016142e-06,4.916388915832826e-06,7.466087535106196e-06,4.164090788468772e-06,6.7558336523209495e-06,4.879898568603308e-06,4.93225756860271e-06,0.4295347887339859,5.333811809947191e-06,0.0145447318152833,4.87524388517457e-06,3.973482191188123e-06,6.1315150473155584e-06,1.1669676055901276e-05,0.3635125322239252,6.359970376021646e-06,3.469172167675287e-06,0.00028450663126463374,5.502534611556254e-06,3.523535478912801e-06,5.606074449065407e-06,6.3282496080110735e-06,1.924172691083724e-06,4.698759502131319e-06,7.091312780018992e-06,2.787466653706522e-06,5.227928511639115e-06,0.1663790655778988,4.109754685664711e-06,3.563827540600943e-06,0.0233225877158241,3.700838589865007e-06,6.5483184041868765e-06
279,uj0162,uj0162,0191_000008.xml,letters-leipzig,Postkarte,"Johnson, Uwe","Klemm, Eberhardt",1959-12-25,1959,12.0,JohnsonUwe,KlemmEberhardt,95,0.0005610597536272249,0.0006175727804162616,0.0281088328301159,0.0006460568340634824,0.00045492982918043424,0.0007590668634448664,0.0007676210564871947,0.0005471698379096212,0.00048527642147087375,0.0007369466296201025,0.0004110201839403599,0.000666840405626342,0.00048167461017707165,0.0004868427505716765,0.6104052399595827,0.0005264785093780141,0.0004229395151361416,0.0004812151656221253,0.00039220599743610383,0.0006052164975748403,0.0011518654714021,0.00013404384883113437,0.0006277663784484657,0.0003424276402491715,0.0004819463014058506,0.0005431324394854772,0.0003477936179186129,0.00055335242872683,0.30423043109211,0.00018992713021828017,0.0004637951219040796,0.0006999541631737142,0.0002751393076987582,0.0005160272068110014,0.0002761179476992048,0.028006183777313,0.0003517706807271993,0.0112324671060899,0.0003652944748832545,0.000646357433522398
280,uj0073,uj0073,1091_101804.xml,letters-leipzig,Brief,"Johnson, Uwe","Klemm, Erika",1981-03-19,1981,3.0,JohnsonUwe,KlemmErika,1230,4.979497956394511e-05,5.481060400655389e-05,4.511299191435965e-05,5.733861080100319e-05,4.037577352611153e-05,6.736843751230518e-05,0.0025177199717167,4.856222660878922e-05,4.306908370059574e-05,6.540523023512514e-05,3.647872000684893e-05,5.918318709532423e-05,4.27494170009108e-05,4.320809799463599e-05,0.5293953860326305,4.672583703580479e-05,3.753658033183704e-05,4.270864053801819e-05,0.4507597986521643,5.371396350151474e-05,0.0123501916397987,1.1896612918797316e-05,5.57153026637203e-05,3.039101849331089e-05,4.27735300460852e-05,4.820390083203902e-05,3.086725787184944e-05,4.911094175259491e-05,5.543741894949769e-05,1.6856346417144064e-05,4.1162582893827495e-05,0.0025117144232026,2.4419067872047888e-05,4.579826667564887e-05,2.4505923788031256e-05,3.600271898258175e-05,3.1220228763091914e-05,0.0009969000028685951,3.242048782511545e-05,5.736528949933588e-05
281,uj0598,uj0598,0988_000040.xml,letters-leipzig,Brief,"Johnson, Uwe","Klemm, Eberhardt",1976-04-30,1976,4.0,JohnsonUwe,KlemmEberhardt,909,4.758047690463724e-05,5.237304444947215e-05,4.310670852116352e-05,5.4788624693733446e-05,3.858016564298416e-05,6.437240085698666e-05,6.50978362172259e-05,4.640254744215809e-05,0.2949634398993642,6.249650213529071e-05,3.485642347875063e-05,5.655116823806964e-05,4.084824747616368e-05,4.128652982148549e-05,0.2624239795368189,4.464782653594511e-05,3.586723820750842e-05,4.080928444077528e-05,3.326089294807551e-05,5.132517418866205e-05,0.433118500591872,1.1367541892438094e-05,5.323750897862583e-05,2.9039456712146062e-05,4.0871288156149247e-05,4.606015727563327e-05,2.949451657862384e-05,4.692685990208277e-05,5.297198342238447e-05,1.610670409790093e-05,3.933198370329456e-05,5.935936890835925e-05,2.3333093116881524e-05,4.376150746351434e-05,2.3416086341111504e-05,3.440159136635576e-05,2.983179000429529e-05,0.0079745246542444,3.097867065532267e-05,5.481411692610266e-05
282,uj0520,uj0520,0299_060271.xml,letters-leipzig,Brief,"Bierwisch, Manfred","Johnson, Uwe",1962-06-11,1962,6.0,BierwischManfred,JohnsonUwe,232,0.0128778557149272,0.00028240643049005806,0.0002324404053956014,0.0255380153712056,0.00020803233765533257,0.0886961521651957,0.0634574802388222,0.00025021225950361026,0.0002219093624822747,0.00033699423571164244,0.00018795313959227037,0.0003049357494877683,0.0002202623101784218,0.0633290846850557,0.1276733239247117,0.00024075043667396795,0.00019340366442686664,0.0002200522133268685,0.00017934970462601436,0.00027675609446161563,0.0005267301709187593,6.129616796263973e-05,0.0002870678043805732,0.00015658683583612797,0.0002203865503530992,0.0002483660199775415,0.00015904061399437986,0.000253039462157671,0.000285636034940201,8.685072367019209e-05,0.0002120862981806761,0.0003200781559629426,0.0001258169275568449,0.00023597121850646357,0.0001262644444131976,0.00018550058953175952,0.0001608592629815496,0.6109584395861499,0.00016704348378175976,0.00029556920481297976
283,uj1228,uj1228,0952_s000101.xml,letters-leipzig,Brief,"Johnson, Uwe","Baumgärtner, Klaus",1975-06-06,1975,6.0,JohnsonUwe,BaumgärtnerKlaus,447,0.0001371362096841022,0.00015094932360204292,0.00012424193709528823,0.00015791149675448366,0.00011119555812497604,0.000185533807899526,0.0001876246540226833,0.00013374118734997588,0.00011861297956116892,0.0001801271020995772,0.00010046300730865388,0.121594922977325,0.00011773261210362784,0.00011899582726074692,0.6416713523709112,0.00012868373963641487,0.00010337637240317645,0.0001176203130402607,9.586437728965286e-05,0.1822958263869741,0.0002815430331490778,3.2763471700349304e-05,0.0001534408788920853,8.369737513919593e-05,0.00011779901983485128,0.0001327543521451832,8.500894638286358e-05,0.0001352523580679224,0.00015267558247796602,4.642266101948753e-05,0.00011336244433273016,0.00017108527259295642,6.725052287030542e-05,0.0203647844430405,6.748972552107273e-05,9.915209249665107e-05,8.598103414306945e-05,0.0027454793439951,8.928656774999726e-05,0.0271428586340018
284,uj0807,uj0807,0553_100931.xml,letters-leipzig,Brief,"Bierwisch, Manfred","Johnson, Uwe",1965-06-07,1965,6.0,BierwischManfred,JohnsonUwe,1165,5.475796295966039e-05,6.027348640907255e-05,0.0593118708263063,6.305345546668526e-05,4.439996020826339e-05,7.408293844586803e-05,7.491780528978858e-05,5.34023435528856e-05,4.7361708160863584e-05,7.192406154085975e-05,4.011449379923393e-05,6.508187763464682e-05,4.701018080902872e-05,0.0108224712135936,0.2481356943536469,0.00543886124197,4.127778931616061e-05,4.696534022340638e-05,3.827827845665084e-05,5.906754555557982e-05,0.00011241905413778443,1.30823286856935e-05,6.126835488763384e-05,3.34200411273595e-05,4.703669716160215e-05,5.30083040376051e-05,3.394374649842924e-05,5.400574822908055e-05,6.096277496243367e-05,1.8536390632711623e-05,4.526518956654392e-05,6.83136936711949e-05,2.685287604807471e-05,5.036290429683514e-05,2.694838874979471e-05,3.959105053881223e-05,3.4331897415605e-05,0.3405073934082824,0.3340593074945379,6.308279318683107e-05
285,uj1002,uj1002,0673_101122.xml,letters-leipzig,Brief,"Doherty, Monika","Johnson, Uwe",1969-06-25,1969,6.0,DohertyMonika,JohnsonUwe,591,0.0176151551484259,9.803830052480093e-05,8.069243422940672e-05,0.00010256008046747998,7.221909502038889e-05,0.0001205001704036668,0.00012185812945695554,0.0658096926084297,7.703654881566205e-05,0.00011698863265433572,6.52485368408619e-05,0.00010585942606604236,7.64647693116862e-05,7.728520006451038e-05,0.3203580935754442,8.357728831160749e-05,6.714070406532903e-05,7.639183351402694e-05,6.226182672486446e-05,9.607676820182484e-05,0.3594676634505516,2.1279161828262637e-05,9.965651146122957e-05,5.435962362220509e-05,7.650789968786475e-05,8.622106254610987e-05,5.521146060085477e-05,8.784346302808809e-05,9.915946809563108e-05,3.015050802207029e-05,7.362644045374049e-05,0.0001111161611697924,4.367775101126568e-05,8.191816735545108e-05,4.38331079271011e-05,6.439712620029242e-05,5.584281044527536e-05,0.2340037972664754,5.798968258367049e-05,0.00010260779996067216
286,uj0231,uj0231,0635_s000202.xml,letters-leipzig,Brief + Umschlag,"Johnson, Uwe","Bierwisch, Manfred",1968-10-26,1968,10.0,JohnsonUwe,BierwischManfred,857,6.118589809718506e-05,6.734887855679381e-05,5.543287597068861e-05,0.0030804073574694,4.961198872250239e-05,8.277939641085996e-05,0.0030936644411889,5.967114505674428e-05,5.292141074301917e-05,8.03670929727004e-05,4.482345940494992e-05,7.272171785974825e-05,5.2528618251019664e-05,5.309222544168324e-05,0.3826122067987648,5.741466967984272e-05,4.612331201283499e-05,5.247851391268758e-05,4.277169416820172e-05,6.60013745558251e-05,0.00012561571721949734,1.4618038849005569e-05,6.846053279042914e-05,3.7343157420387616e-05,5.25582473087635e-05,5.923084997772576e-05,0.0090677848630059,6.0345382282410025e-05,6.811908140777604e-05,2.071234295509197e-05,5.057878574132952e-05,7.633291075285775e-05,3.0005085081492783e-05,5.627491169557469e-05,3.0111809841117828e-05,4.423857011651137e-05,0.5719292752046106,0.0283145167943057,3.9836880779942256e-05,7.048796461728685e-05
287,uj0680,uj0680,0239_060210.xml,letters-leipzig,Brief,"Baumgärtner, Klaus + Baumgärtner, Sabine","Johnson, Uwe",1961-06-01,1961,6.0,BaumgärtnerKlaus+BaumgärtnerSabine,JohnsonUwe,1291,4.277468358144245e-05,0.1389268559255051,3.8752781333524895e-05,4.9254783423754336e-05,3.468343499805167e-05,5.787056492842801e-05,5.852272879923612e-05,4.171572908336566e-05,0.1241870969054362,5.6184138489025175e-05,3.133580371782713e-05,5.083930395217608e-05,3.672243269337777e-05,3.711644700050729e-05,0.328504761868179,4.013824107946365e-05,3.224452265035767e-05,0.0021409263859739,2.990142730897051e-05,4.614115344162236e-05,0.0085047730959794,1.0219380703610418e-05,4.786033577992534e-05,2.610637078582921e-05,0.014766416012584,4.140792151212484e-05,2.651546802624176e-05,4.218708416490542e-05,4.762162922652584e-05,1.4479871076291969e-05,3.535931682464718e-05,5.3363866607266366e-05,2.097636972095308e-05,3.934144330983623e-05,2.105098034145939e-05,3.092691122754455e-05,0.0126522525611503,0.3690981747011618,2.7849717389570715e-05,4.927770085216859e-05
288,uj0970,uj0970,0212_060186.xml,letters-leipzig,Brief,"Johnson, Uwe","Baumgärtner, Klaus + Baumgärtner, Sabine",1960-08-10,1960,8.0,JohnsonUwe,BaumgärtnerKlaus+BaumgärtnerSabine,852,5.643004912337879e-05,6.211399429534883e-05,5.112419710024708e-05,6.49788523361442e-05,4.575575496616147e-05,0.2138279624921449,7.720549129690847e-05,5.503303459650053e-05,4.8807942692345147e-05,7.412033075250847e-05,4.133942778912103e-05,6.706921429254762e-05,4.844568112051008e-05,4.896548032987885e-05,0.2890246927206342,5.295195022372562e-05,4.253824563436372e-05,0.2998558627830144,3.94471418752093e-05,6.087122889787382e-05,0.00011585187622980743,1.3481809959324505e-05,6.313924202338929e-05,3.4440553676395065e-05,4.847300717497623e-05,5.46269627121207e-05,3.498025088604863e-05,5.5654864804904045e-05,6.282433092629702e-05,1.910241684382305e-05,4.664740492083069e-05,0.1583021164647439,2.767285400322817e-05,5.190078318947126e-05,2.7771283275586902e-05,4.080000069391191e-05,3.53802543584139e-05,0.0372176700952962,3.674044525363841e-05,6.500908591130871e-05
289,uj0077,uj0077,1089_101797.xml,letters-leipzig,Brief,"Menzhausen, Joachim","Johnson, Uwe",1981-01-03,1981,1.0,MenzhausenJoachim,JohnsonUwe,991,5.565752407216183e-05,6.126365626853992e-05,5.042430894496756e-05,6.408929452060436e-05,4.512936056286367e-05,7.529996930172428e-05,7.61485512969455e-05,5.427963461668955e-05,4.813976396462936e-05,0.6051692874343895,4.077349272320878e-05,6.615103950781283e-05,4.778246173881088e-05,4.8295144918385625e-05,0.3507797591157595,5.222704020337135e-05,4.195589880146415e-05,4.773688451426139e-05,3.890711212561825e-05,6.003790427823448e-05,0.00011426586880985406,1.3297244535563256e-05,6.227486839735764e-05,3.3969063913296936e-05,4.7809413700715465e-05,5.387912183970288e-05,3.45013726903511e-05,5.489295199511936e-05,6.196426842023052e-05,1.884090554301987e-05,4.6008803866332e-05,6.943594765867823e-05,2.7294013770262525e-05,5.119026360257557e-05,2.739109554993162e-05,4.024145036274344e-05,3.489590013163405e-05,0.0421841452684345,3.623747006945517e-05,6.411911419936854e-05
290,uj1113,uj1113,0473_101432.xml,letters-leipzig,Brief,"Bierwisch, Manfred","Johnson, Uwe",1964-07-09,1964,7.0,BierwischManfred,JohnsonUwe,696,8.4617920261509e-05,9.314110297717472e-05,7.666169533547543e-05,0.0458866615080585,6.861161536057815e-05,0.00011448096019877248,0.00011577108664266325,8.252307069685428e-05,7.318842827585108e-05,0.0001111448303661675,6.19892496756133e-05,0.00010057154858399038,7.264521023376987e-05,7.342465892703955e-05,0.3418195150733365,7.940244552908381e-05,6.378689958754283e-05,7.257591771641553e-05,5.915173134871501e-05,9.127755288390118e-05,0.00017372206789199204,2.0216227663114117e-05,0.195739546784689,5.164425815720294e-05,7.268618616651845e-05,8.191415826692237e-05,5.245354427623459e-05,8.345551679265409e-05,0.0375581172178442,2.8644433425152785e-05,6.994866124193854e-05,0.00010556569987997548,4.149596517865541e-05,0.0084031397456138,4.164356172427671e-05,6.118036859827269e-05,5.305335700818751e-05,0.3680078544034214,5.509298884442587e-05,9.748234731976672e-05
291,uj1154,uj1154,0468_101426.xml,letters-leipzig,Brief,"Johnson, Uwe","Bierwisch, Manfred",1964-06-20,1964,6.0,JohnsonUwe,BierwischManfred,449,0.0001201188953079557,0.0001322179316485987,0.00010882468072571074,0.00013831616456564012,9.73972347339282e-05,0.0001625108065805985,0.0001643421983563454,0.00011714516332819276,0.00010389422390259067,0.0178850034213948,8.799649257499884e-05,0.00014276577913974704,0.00010312310177001532,0.00010422956380188084,0.5206824370941571,0.00011271529732978084,9.05483364504343e-05,0.0001030247379646655,8.396850930869131e-05,0.00012957253953941824,0.0002466061895791107,2.869783287845719e-05,0.4492241864227859,7.331131774062193e-05,0.00010318126892610664,0.00011628078509487456,7.446013532330085e-05,0.00011846881196686818,0.00013372997802693368,4.066204521593232e-05,9.929523073464198e-05,0.0001498551986719286,5.8905365218067295e-05,0.00011047774792303288,5.91148850686676e-05,8.684824996698642e-05,7.53115961312617e-05,0.0083138673013047,7.820694409356956e-05,0.0001383805207678123
292,uj0190,uj0190,0149_060126.xml,letters-leipzig,Brief,"Baumgärtner, Klaus","Johnson, Uwe",1959-01-08,1959,1.0,BaumgärtnerKlaus,JohnsonUwe,110,0.0006117103363835363,0.0006733251686784613,0.0005541940914698577,0.3618108933249329,0.0004959993602103285,0.0008275928604281264,0.000836919297174985,0.0005965664859094571,0.000529085540529034,0.000803475686479451,0.0004481257002540777,0.0007270405089701836,0.0005251585698563423,0.0005307932725396532,0.4247728917315952,0.0005740072140057711,0.00046112106848019145,0.0005246576481961468,0.000427613032430558,0.0006598534022854687,0.0012558520022595,0.00014614487552981078,0.0006844390103698777,0.0003733408530012177,0.0005254547884531572,0.0005921646047690245,0.0003791912530414627,0.0006033072201789648,0.0006810253260629219,0.00020707311113136008,0.0005056649816687564,0.0007631436648947917,0.0002999779566733368,0.0005626124030830809,0.00030104494499321057,0.000442278228295595,0.000383527351670407,0.1927997526915409,0.0003982720283628626,0.0007047084032099065
293,uj0771,uj0771,0795_101245.xml,letters-leipzig,Brief,"Bierwisch, Manfred","Johnson, Uwe",1971-07-09,1971,7.0,BierwischManfred,JohnsonUwe,162,0.0003615051186802642,0.0003979179041710686,0.0003275144932046701,0.0004162709069085901,0.0002931228997015782,0.0004890861530913006,0.0004945978379893685,0.0003525554914837154,0.00031267598362280674,0.0004748335218833786,0.00026483079460742464,0.00042966229250675095,0.0003103552446804534,0.0003136852094384482,0.4110833988196449,0.00033922354042482554,0.0002725107239031255,0.00031005921282771564,0.00025270833406534714,0.0003899564357781623,0.0007421763212401075,8.63678728812447e-05,0.00040448589954515706,0.000220634868082031,0.00031053030227328404,0.0003499540926361884,0.000224092304445424,0.0537077107788485,0.0004024684996793663,0.0001223748973371911,0.0536500067203728,0.0893696178088079,0.00017727927808083456,0.0003324894994418013,0.0001779098408100617,0.000261375088665249,0.00022665482751595617,0.3806955670366649,0.0002353685532462114,0.00041646459081189617
294,uj1052,uj1052,0694_101139.xml,letters-leipzig,Brief,"Bierwisch, Manfred","Johnson, Uwe",1969-08-15,1969,8.0,BierwischManfred,JohnsonUwe,584,0.0001005179450387703,0.00011064266577311332,9.106671559045066e-05,0.00011574579163534552,8.150399537735994e-05,0.0001359923622523768,0.3611105238443449,9.802946537921716e-05,8.69408086156003e-05,0.000132029361104161,7.363726232730728e-05,0.00011946931999495212,8.62955178647849e-05,8.722142789269022e-05,0.2774829591116446,9.432246303111948e-05,7.577269740403626e-05,8.621320502337382e-05,7.026656365794506e-05,0.00010842894762365092,0.005151200698269,2.4014932709904138e-05,0.00011246892317283616,6.13484080791708e-05,0.0050311797951927,9.730613601853136e-05,6.230976209711477e-05,9.91371215957675e-05,0.00011190797706626074,3.4026829964597336e-05,8.309227719758843e-05,0.0001254018910618575,4.9293212764721616e-05,9.245003598529628e-05,4.946854325517591e-05,7.267638945990818e-05,6.302228189242133e-05,0.3481508704982163,6.544516820516369e-05,0.00011579964621980754
295,uj0003,uj0003,0606_s000188.xml,letters-leipzig,Brief,"Johnson, Uwe","Bierwisch, Manfred",1967-10-15,1967,10.0,JohnsonUwe,BierwischManfred,736,7.664205593207451e-05,0.0038546574743659,6.943576400354779e-05,8.825285309003089e-05,6.214446355812193e-05,0.00010369028366090749,0.0001048588061531472,7.474466142028123e-05,6.628987803249009e-05,0.00010066860871974869,5.614630477968406e-05,9.109193688438785e-05,6.57978623053742e-05,6.650384219900828e-05,0.4415608459610138,7.191817823667009e-05,5.77745129023914e-05,6.573510111986725e-05,5.357624352497191e-05,8.267396896367645e-05,0.0491711903919552,1.8310698803557587e-05,8.575433468230951e-05,0.4826446143158671,6.583497595364019e-05,7.419314348686535e-05,4.750941008512831e-05,7.558921758057298e-05,8.532662933220063e-05,2.594448388625517e-05,6.335548298410499e-05,9.561535251286486e-05,3.758466379638258e-05,7.049050620935834e-05,3.771834827680856e-05,5.541366672168944e-05,4.8052686034348456e-05,0.0203858589477995,4.9900067496699615e-05,8.829391566918474e-05
296,uj1219,uj1219,0953_101629.xml,letters-leipzig,Brief,"Johnson, Uwe","Klemm, Erika",1975-09-14,1975,9.0,JohnsonUwe,KlemmErika,491,0.3260066500220995,0.00015513563922732405,0.00012768757004127224,0.00016229089608201983,0.00011427937255575592,0.0001906792637418812,0.00019282809582739035,0.00013745026539674417,0.0001219025032095634,0.00018512261240768608,0.00010324917320342612,0.0071008247659696,0.00012099772029950126,0.00012229596852085772,0.6317337337002225,0.00013225255821144717,0.00010624333538617878,0.00012088230681791442,9.852300821941802e-05,0.0140186576959315,0.00028935113702616654,3.367210931623705e-05,0.0001576962934480079,8.601857553267348e-05,0.00012106596973306707,0.0001364360620425698,8.736652091211077e-05,0.0001390033457929724,0.00015690977287560856,4.7710112374389656e-05,0.00011650635356468744,0.00017583002356514083,6.911559856579184e-05,0.00012962716804545117,6.93614350839434e-05,0.00010190190246063844,8.836556782710174e-05,0.016688246396505,9.17627746304266e-05,0.0001623664073265064
297,uj0937,uj0937,1016_101697.xml,letters-leipzig,Brief,"Johnson, Uwe","Klemm, Erika",1977-06-09,1977,6.0,JohnsonUwe,KlemmErika,191,0.00034908891685562945,0.0003842510741525607,0.0003162657284210135,0.0004019737273478432,0.00028305534354800704,0.0004722880717568375,0.0004776104531331792,0.00034044667224313155,0.0003019368601145428,0.0004585249593315421,0.0002557349549489758,0.0004149051743788677,0.0002996958289317801,0.0003029114232082306,0.706077069627199,0.00032757261842140294,0.00026315111051864354,0.00029940996454567054,0.00024402885066002997,0.0003765630491862583,0.0007166856420828576,8.340149457718977e-05,0.0003905934861201247,0.0002130569752387457,0.0002998648740221835,0.1033754949459092,0.0002163956629995174,0.00034429345312126053,0.0003886453755744577,0.00011817182704829872,0.00028857128978100247,0.00043550840902633535,0.00017119046997761097,0.1720503370725731,0.00017179937549175424,0.0002523979381766279,0.000218870174028228,0.0069887917469244,0.00022728461941162024,0.0004021607590121924
298,uj1227,uj1227,0957_101635.xml,letters-leipzig,Brief,"Johnson, Uwe","Klemm, Erika",1975-09-29,1975,9.0,JohnsonUwe,KlemmErika,531,0.0001208329061497766,0.00013300386159274444,0.00010947155648740208,0.0001391383436311881,9.797618346122969e-05,0.00016347680345822648,0.00016531908139455747,0.00011784149770979667,0.00010451179203855158,0.0061029137371319,8.851956140259405e-05,0.00014361440760811122,0.000103736086201126,0.42214311079355,0.5653868841689517,0.00011338529969806934,9.108657395061032e-05,0.000103637137701559,8.446763499465635e-05,0.00013034274474149092,0.0002480720663054009,2.886841856157932e-05,0.00013519921078040376,7.374709493921156e-05,0.00010379459911447708,0.00011697198143863322,7.490274132436326e-05,0.00011917301438185978,0.00013452489587847488,4.090374858042258e-05,9.988546153141944e-05,0.00015074596807403362,5.925551054115981e-05,0.00011113444984819432,5.946627581983804e-05,8.736449340987374e-05,7.575926338639835e-05,0.0024190857299709,7.867182187857856e-05,0.00013920308237955317
299,uj0665,uj0665,0235_060205.xml,letters-leipzig,Brief,"Baumgärtner, Klaus","Johnson, Uwe",1961-05-20,1961,5.0,BaumgärtnerKlaus,JohnsonUwe,453,0.0001173452863835594,0.00012916494956575824,0.0001063118611990112,0.00013512237105426972,9.514828098874958e-05,0.00015875834596824272,0.0001605474499377269,0.00011444021945051278,0.0001014952512357952,0.00015413191329996257,8.596460694621531e-05,0.00013946924167072347,0.00010074193472175492,0.00010182284795916792,0.2258006144854409,0.00011011264140467962,8.84575273947542e-05,0.00010064584218877785,8.202963194730905e-05,0.00012658064096174773,0.0002409119220246647,2.803518471491509e-05,0.00013129693403378446,7.16185205780828e-05,0.00010079875876739864,0.00011359580016849728,7.274081135420349e-05,0.00011573330434093208,0.0059032745168923,3.972313705160085e-05,0.0058696348861564,0.00014639496275036068,5.754520913067749e-05,0.5138722134643096,5.774989105693647e-05,8.484287786829146e-05,7.357261148105602e-05,0.2447998255320377,7.640110432513373e-05,0.00013518524123764172
300,uj0207,uj0207,0623_s000194.xml,letters-leipzig,Brief,"Johnson, Uwe","Bierwisch, Manfred",1968-08-05,1968,8.0,JohnsonUwe,BierwischManfred,775,3.347631698994767e-05,3.684823591056261e-05,3.0328696405039743e-05,3.854777183857819e-05,2.714394513484485e-05,4.529065357649747e-05,4.580104997550287e-05,3.264755816609679e-05,2.8954611710930124e-05,4.397082274810133e-05,2.452402240207026e-05,3.9787849076917794e-05,2.8739705231130465e-05,0.0016758672909065,0.0018373721681704,3.141298472113099e-05,2.5235203888246284e-05,2.8712291909356346e-05,2.340145093396432e-05,3.611098316957969e-05,0.9898070800370934,7.997890322757127e-06,3.745644941507446e-05,2.04313643190264e-05,0.0016755751382733,3.240666184696577e-05,2.075153194513375e-05,0.0033266548945202,3.726963292503625e-05,1.1332234713100792e-05,2.767290367715122e-05,4.1763621955327856e-05,1.6416523590173693e-05,3.078939496009526e-05,1.6474915343747517e-05,2.4204015017481515e-05,2.098882826590608e-05,0.0006701988994784683,2.179574199862001e-05,3.856570747325633e-05
301,uj1119,uj1119,0477_101436.xml,letters-leipzig,Brief,"Baumgärtner, Klaus","Johnson, Uwe",1964-07-16,1964,7.0,BaumgärtnerKlaus,JohnsonUwe,137,0.0004813471447653552,0.0005298310788046242,0.00043608833741790894,0.0005542682582775658,0.00039029563772646807,0.0006512223787984259,0.0006585612341878506,0.0004694306399216623,0.00041633073551761466,0.0006322448789434525,0.00035262445880599195,0.0242512788479465,0.00041324065184818935,0.0004176745282875648,0.4526443276880565,0.00045167903352733095,0.0003628503500796229,0.0004128464829147172,0.00033648329933704245,0.0005192303158249594,0.0009882140934699963,0.1658692584781646,0.0005385764205903535,0.0002937772061836211,0.0004134737425241558,0.0004659668551978821,0.00029838081215136694,0.0004747348386596335,0.0005358902354851647,0.00016294321817420565,0.00039790139328538666,0.0006005081200925799,0.00023604886880107052,0.00044271260059895376,0.00023688846844606865,0.0003480231569088365,0.00030179283344694086,0.3411451312933063,0.00031339523347889296,0.0005545261500445863
302,uj1209,uj1209,0970_101653.xml,letters-leipzig,Brief,"Johnson, Uwe","Klemm, Erika",1975-11-29,1975,11.0,JohnsonUwe,KlemmErika,1013,6.681715876178422e-05,7.354735079331048e-05,6.053465568933433e-05,7.693954480191878e-05,5.417804151038193e-05,9.039802052760204e-05,9.141674780378438e-05,6.516299501596052e-05,0.0033447659832591,8.776370009067573e-05,4.894879860316567e-05,7.94146808133233e-05,5.736310382566749e-05,5.797858275641777e-05,0.7563843400646514,6.269884431801686e-05,5.03682834970545e-05,5.730838812101817e-05,4.670819859843972e-05,7.207582889749951e-05,0.0034241507298751,1.596341400445784e-05,7.476131642472184e-05,4.078004500417937e-05,5.739545980174694e-05,6.468217726037108e-05,0.0033283930207492,6.589928584687807e-05,7.438843947180166e-05,2.261860903570807e-05,5.523381795407792e-05,8.33582308201414e-05,0.180816333101005,6.145418839968931e-05,3.288315839644741e-05,4.831007887102099e-05,4.189271689857609e-05,0.0506422946154902,4.350327886696709e-05,7.697534348760284e-05
303,uj0808,uj0808,0524_100900.xml,letters-leipzig,Brief,"Bierwisch, Manfred","Johnson, Uwe",1965-01-05,1965,1.0,BierwischManfred,JohnsonUwe,344,0.00019317336826587175,0.00021263085325773048,0.00017501018530305545,0.000222437938063452,0.00015663274162735783,0.00026134739090210907,0.00026429260711499923,0.0857143629159,0.00016708110013148648,0.0002537313748768404,0.00014151461202432036,0.00022959374009244568,0.00016584099332470938,0.00016762038862305764,0.3907178922314244,0.000181267015355584,0.047660047258202,0.00016568280615901693,0.0001350368710088345,0.0002083765741719612,0.00039658829823632097,4.6151415435931735e-05,0.00021614051805528343,0.00011789813870380756,0.00016593453685452455,0.0572043155501024,0.00011974564955045823,0.0001905197295015452,0.00021506250309207456,6.539207853021758e-05,0.00015968506973504693,0.0002409948360363464,9.473070642992952e-05,0.000177668622659292,9.50676530456577e-05,0.00013966802584312478,0.00012111495578490611,0.4124914361018047,0.00012577121004654263,0.0002225414347224125
304,uj1020,uj1020,0684_101132.xml,letters-leipzig,Brief,"Bierwisch, Manfred","Johnson, Uwe",1969-07-26,1969,7.0,BierwischManfred,JohnsonUwe,571,0.00010002334603627262,0.00011009824803651952,9.061862140513477e-05,0.00011517626394490112,0.2165833016565783,0.0001353232112197787,0.3002876236895616,9.754711095212216e-05,8.651301597418655e-05,0.00013137971003660944,7.327492984548327e-05,0.000118881470666399,8.587090037942463e-05,8.679225446285627e-05,0.2711970984422814,9.385834892581896e-05,7.539985750427368e-05,8.578899255872144e-05,6.992081671414557e-05,0.0001078954224972086,0.0100463587079246,2.389676712505472e-05,0.00011191551932845974,6.104654296017066e-05,8.59193363358722e-05,9.682734073682213e-05,6.20031666313279e-05,9.864931694125685e-05,0.00011135733335973492,3.385940079409294e-05,8.268342127239679e-05,0.00012478485049057845,4.905066528870692e-05,9.19951351657305e-05,4.922513306469115e-05,7.231878495736746e-05,6.271218046976395e-05,0.1988226570890749,6.512314495946282e-05,0.00011522985353763713
305,uj0097,uj0097,0902_101571.xml,letters-leipzig,Brief,"Johnson, Uwe","Klemm, Ine",1974-01-11,1974,1.0,JohnsonUwe,KlemmIne,271,0.00024720380781439885,0.0002721035360929825,0.0002239603968269275,0.0002846536548246515,0.00020044279657328165,0.00033444605109561365,0.0003382150419725604,0.00024108388915437308,0.00021381355275368663,0.1827372316522889,0.00018109613798130263,0.00029381092906702306,0.00021222658904598797,0.00021450367981324796,0.6945747474132478,0.00023196725733631103,0.00018634781400894357,0.0002120241570541581,0.00017280657788593977,0.0124274947925463,0.0005075137341070607,5.905993012496516e-05,0.00027659485138088047,0.000150874155601502,0.00021234629662770225,0.00023930500507356024,0.00015323841378248406,0.0002438079483696199,0.0002752153164782258,8.368219159133392e-05,0.00020434885845796729,0.0975950845350953,0.0001212268106967817,0.0002273623970260089,0.00012165800101657537,0.000178733063093978,0.00015499071389640882,0.0049490426319551,0.00016094931882193014,0.00028478609941792423
306,uj0792,uj0792,0561_100936.xml,letters-leipzig,Brief,"Bierwisch, Manfred","Johnson, Uwe",1965-07-08,1965,7.0,BierwischManfred,JohnsonUwe,383,0.00015729843163342448,0.00017314239553085884,0.0001425084001753112,0.0001811281705509061,0.00012754389914926815,0.00021281160581001343,0.108548188447277,0.0001534042618167971,0.00013605185457085176,0.0002066099881293559,0.00011523341299304174,0.00018695504226901364,0.0001350420525597614,0.0001364909898133731,0.4110130743595427,0.00014760325130875023,0.0001185751107197005,0.0001349132429143567,0.00010995867708399538,0.0001696781942595876,0.0003229364268830391,3.758046634949749e-05,0.000176000267571762,9.60028417845074e-05,0.00013511822377664017,0.00015227233881592,9.750724459744542e-05,0.00015513760988300737,0.00017512245473186403,5.3247875141338574e-05,0.00013002936817887732,0.0001962387987566548,7.713791855844993e-05,0.00014467312935348745,7.741228957902086e-05,0.0001137297631225366,0.216764579436312,0.2585054355359368,0.0001024137760942814,0.0001812124464647131
307,uj1166,uj1166,0435_101397.xml,letters-leipzig,Brief,"Bierwisch, Manfred","Johnson, Uwe",1964-03-18,1964,3.0,BierwischManfred,JohnsonUwe,405,0.2069463103512284,0.00015956077850109906,0.0001313297716899506,0.00016692013422230523,0.0001175391144319461,0.00019611826088580816,0.00019832838695445164,0.0001413709413331527,0.00012537968973621105,0.0001904031098272938,0.00010619428609691015,0.00017228993510045912,0.00012444909850505971,0.0001257843783796201,0.3359859449620775,0.00013602497306282205,0.0001092738547325768,0.00012433039293190297,0.00010133331045050856,0.00015636831573059278,0.00029760468267656164,3.46325834800608e-05,0.00016219447365302826,8.847219727142848e-05,0.00012451929470759746,0.00014032780851366334,8.985859188192035e-05,0.00014296832229816653,0.00016138551811280404,4.907101108906066e-05,0.00011982961856924232,0.00018084545616761823,7.108707430900125e-05,0.00013332469541648691,7.133992314770543e-05,0.00010480858536662242,9.088613593504084e-05,0.4521602119363846,9.43802457667182e-05,0.00016699779937401292
308,uj1034,uj1034,0705_101150.xml,letters-leipzig,Brief,"Bierwisch, Manfred","Johnson, Uwe",1969-09-22,1969,9.0,BierwischManfred,JohnsonUwe,770,0.003467775987825,7.604699572193723e-05,6.259203972108894e-05,7.955447981861907e-05,5.6019384063765566e-05,9.347036713332463e-05,0.3059764367300201,6.737768185741493e-05,5.975621840502479e-05,9.074651436587232e-05,5.061241550943096e-05,0.1496243823217452,5.931269670728031e-05,5.994909384611467e-05,0.2417001036220638,6.482978236731155e-05,5.20801442649681e-05,5.925612138658545e-05,4.829566450295604e-05,0.0170679650731808,0.00014183900481644417,1.650596062822341e-05,7.730222025664497e-05,4.216603146846871e-05,5.934615236201094e-05,6.688052260683773e-05,4.282678999574216e-05,6.813899691587631e-05,7.691667037976062e-05,2.3387344969210127e-05,5.711104305394056e-05,8.619131694331712e-05,3.3880246051973325e-05,6.354282447861287e-05,3.400075432935743e-05,4.995198768689216e-05,4.331651960815576e-05,0.2800755589642002,4.498181955164856e-05,7.959149518990983e-05
309,uj0156,uj0156,0177_000005.xml,letters-leipzig,Postkarte,"Johnson, Uwe","Klemm, Eberhardt",1959-04-23,1959,4.0,JohnsonUwe,KlemmEberhardt,177,0.1229523417934084,0.00034301685138280537,0.00028232705556522,0.00035883767559416875,0.00025268049783607507,0.015751695772069,0.0004263577770929343,0.00030391312720241787,0.0002695358270664988,0.0004093203595519117,0.00022829187720186536,0.0003703814409673383,0.0002675352823397019,0.00027040580918589286,0.5076667844449333,0.00029242059613740696,0.0002349122004852363,0.00026728009423941613,0.00021784196227577537,0.0003361538331775617,0.000639777658190543,7.445162810170664e-05,0.0003486786551606723,0.0001901936981509199,0.0002676861870958689,0.2609131875262472,0.00019317410924274555,0.0156374363359044,0.0003469395975744468,0.00010549073447786151,0.0002576045244335589,0.00038877372963604746,0.0001528199137190921,0.0002866156561966127,0.00015336347720219147,0.00022531295778365209,0.00019538307894739063,0.0675591770525072,0.0002028945649410455,0.000359004636773797
310,uj0107,uj0107,0910_s000098.xml,letters-leipzig,Brief,"Johnson, Uwe","Baumgärtner, Klaus + Baumgärtner, Sabine",1974-01-25,1974,1.0,JohnsonUwe,BaumgärtnerKlaus+BaumgärtnerSabine,419,0.0185033743822231,0.00013707795612195222,0.00011282482355835992,0.00014340034593550145,0.00010097733115913852,0.00016848432686879383,0.00017038303635810237,0.2390463736821855,0.00010771313457915936,0.00016357446597823694,9.123103952450332e-05,0.00014801351801998163,0.00010691366778569322,0.00010806080079528964,0.6317157166762644,0.00011685845020408206,9.387668326151698e-05,0.0001068116883550244,8.705499693667698e-05,0.00013433532553511654,0.000255670861077832,2.975269864728644e-05,0.0552758611367873,7.600607172709451e-05,0.00010697397303151732,0.00012055499702887924,7.719711717930384e-05,0.0001228234506933181,0.00013864558181779675,4.215668767797943e-05,0.00010294509309022784,0.00015536352816947712,6.107058980600366e-05,0.00011453865367138424,0.049071528330994,9.00405901816955e-05,7.807987571150825e-05,0.0024931857133859,8.108164994883219e-05,0.0001434670677223842
311,uj0069,uj0069,1107_101825.xml,letters-leipzig,Brief,"Johnson, Uwe","Klemm, Ine",1981-08-03,1981,8.0,JohnsonUwe,KlemmIne,478,0.00011802661062423012,0.00012991490053435972,0.0001069291237268724,0.00013590691170088133,9.570072610430276e-05,0.00015968012061169456,0.00016147961238576004,0.000115104676439134,0.00010208454780757128,0.1336964584283575,8.646373028007251e-05,0.00014027902089668772,0.0001013268574254556,0.0001024140466063974,0.5812867477483781,0.0697845423729629,8.897112499667958e-05,0.00010123020696489504,8.250590822922396e-05,0.00012731558704901524,0.0002423106925880214,2.8197961180222096e-05,0.00013205926362229957,7.203434839404919e-05,0.0001013840113999865,0.00011425535433277968,7.316315535786193e-05,0.00011640526917335546,0.00013140060941208448,3.9953775512018245e-05,9.756566196113256e-05,0.00014724495374623156,5.787932520064084e-05,0.0001085533970598382,5.808519554070224e-05,8.533548827576015e-05,7.399978504035562e-05,0.0023629034392667,7.684470053589744e-05,0.2091573413503182
312,uj0016,uj0016,0609_101054.xml,letters-leipzig,Brief,"Bierwisch, Manfred","Johnson, Uwe",1967-11-03,1967,11.0,BierwischManfred,JohnsonUwe,611,9.578169755785986e-05,0.0001054293573748268,8.677579517675041e-05,0.00011029203197235752,7.76636553003591e-05,0.00012958461602465148,0.00013104495090972366,9.341047114611544e-05,8.284429444954636e-05,0.00012580834525774068,7.016759033924257e-05,0.0142493682893724,8.222940878403016e-05,8.311169138764299e-05,0.3162386684669325,8.987813691848258e-05,7.22024070736556e-05,8.215097439424908e-05,6.69557136899238e-05,0.00010331994614294804,0.00019664149762288244,2.2883386850031583e-05,0.00010716956439811592,0.2356505940315857,8.227579073699646e-05,0.0048045639492074,0.0047712165493847,0.0566365786397061,0.00010663504918985592,3.2423539252267e-05,7.91770997791842e-05,0.00011949315118049556,4.69705941050102e-05,8.809393569020416e-05,4.7137663298504826e-05,6.92519922901452e-05,6.005277108776771e-05,0.3647294481106078,6.23614948080413e-05,0.00011034334901349936
313,uj0767,uj0767,0777_101226.xml,letters-leipzig,Brief,"Johnson, Uwe","Bierwisch, Manfred",1971-01-26,1971,1.0,JohnsonUwe,BierwischManfred,1428,4.659883162204482e-05,5.1292522450462575e-05,4.2217362725981656e-05,5.365826622595003e-05,3.778420813963726e-05,0.0023554067555708,6.375478570603219e-05,4.54452043308614e-05,4.030464510789749e-05,6.120712042895359e-05,3.413729147541788e-05,0.3462021126715704,4.000549658239877e-05,4.043473660984741e-05,0.5894023952675963,4.3726685531308736e-05,3.512725182072658e-05,3.996733740359972e-05,3.257467875306589e-05,5.0266271075489925e-05,9.566821502719845e-05,1.1133015157959398e-05,5.2139151985471216e-05,2.8440336073913316e-05,4.002806190408011e-05,4.51098781055503e-05,2.8886007481084123e-05,4.595869956308319e-05,5.1879104556534345e-05,1.5774402466551044e-05,3.852051524460877e-05,5.813471021939022e-05,2.285170196074865e-05,4.285865233983009e-05,2.2932982930029704e-05,3.369184312347583e-05,2.921632253036272e-05,0.0605343362344953,3.0339541586256574e-05,5.368323252139562e-05
314,uj0938,uj0938,1024_101707.xml,letters-leipzig,Brief,"Klemm, Eberhardt","Johnson, Uwe",1977-08-03,1977,8.0,KlemmEberhardt,JohnsonUwe,301,0.00018957043587395167,0.00020866501368263195,0.00017174601969262586,0.00021828918371167365,0.0094793560287366,0.00025647292508584283,0.0002593632092188615,0.018836166701287,0.307910239582272,0.0002489989575793795,0.00013887518204404133,0.00022531152080628288,0.00016274784496724318,0.00016449405224896164,0.4020817891371064,0.00017788615179724696,0.00014290247645520242,0.00016259260819615417,0.0001325182592507601,0.00020449008238719208,0.1682507958297153,4.52906320313673e-05,0.00021210921870642107,0.00011569918640155027,0.0001628396437896142,0.0001835131688289903,0.0001175122387887685,0.0281639003599931,0.00021105131011224632,6.417243195043009e-05,0.00015670673728984902,0.00023649997161049165,9.296385661118998e-05,0.00017435487376443425,9.32945187380828e-05,0.0001370630370760752,0.00011885600569638868,0.0597490854416584,0.00012342541481236735,0.0002183907500244981
315,uj1200,uj1200,0968_101651.xml,letters-leipzig,Brief,"Johnson, Uwe","Klemm, Erika",1975-11-19,1975,11.0,JohnsonUwe,KlemmErika,1066,5.974720818365655e-05,6.576527587577713e-05,5.412945930088286e-05,6.879854046510582e-05,4.844544103774368e-05,8.083296943392618e-05,8.174390476521489e-05,5.826807217244213e-05,5.167704721786918e-05,7.84773875073041e-05,4.37695064363602e-05,7.10117813346178e-05,5.129349062194906e-05,0.3204222344327136,0.5117570451521185,5.606465425593311e-05,4.503879505982736e-05,5.1244564408126456e-05,4.17659852238535e-05,6.444945630659618e-05,0.085358821025281,1.4274318715744994e-05,6.685079131300675e-05,3.64650919577432e-05,5.132242299912027e-05,5.783812993793289e-05,3.7036514489572096e-05,5.892645577290898e-05,6.651736862120335e-05,2.0225324870504843e-05,4.9389505349155e-05,7.453806272111069e-05,0.0206035448298891,0.0088724853817706,2.940377811413893e-05,4.319836989726384e-05,3.746003158921772e-05,0.0511621687416492,3.890017934469476e-05,6.883055127738671e-05
316,uj0222,uj0222,0621_101068.xml,letters-leipzig,Brief,"Bierwisch, Manfred","Johnson, Uwe",1968-07-27,1968,7.0,BierwischManfred,JohnsonUwe,1363,4.180699264193107e-05,0.0103291921141718,3.787607782019751e-05,4.81404932956693e-05,3.389879223769452e-05,5.6561360121827394e-05,0.0185669121340817,0.2550634894541508,3.6160048284652094e-05,5.491308567909463e-05,3.0626894363014184e-05,4.968916724311274e-05,3.589166172282136e-05,3.627676225097877e-05,0.2758270382240346,3.923019433385612e-05,0.0020881498735827,0.0144323011540597,2.922496782727133e-05,4.5097302911692696e-05,8.583048592610308e-05,0.0226329711882492,4.677759221718163e-05,2.5515766803338693e-05,3.5911906613189994e-05,4.047115080767325e-05,2.591560904383587e-05,4.123268647700541e-05,0.0370659710138806,1.415229319908472e-05,3.455938360121666e-05,5.215661676017342e-05,2.05018216653454e-05,3.845142250662576e-05,2.0574744371052346e-05,3.0227252240588267e-05,2.621195722154804e-05,0.3628047077876309,2.7219673706499914e-05,4.8162892263490114e-05
317,uj1012,uj1012,0719_s000068.xml,letters-leipzig,Brief,"Johnson, Uwe","Baumgärtner, Klaus + Baumgärtner, Sabine",1969-11-20,1969,11.0,JohnsonUwe,BaumgärtnerKlaus+BaumgärtnerSabine,431,0.000130952185372167,0.00014414241032089354,0.00011863936749438544,0.00015079063103044723,0.0001061813023247899,0.00017716734085643414,0.0001791639023024233,0.0001277102582759955,0.000113264242338469,0.00017200444520838745,9.59327254736962e-05,0.1096697136673333,0.00011242357419720196,0.00011362982589251308,0.606293801109491,0.00012288087125981735,9.871471519613016e-05,0.00011231633915113316,9.15414662133344e-05,0.00014125843543105353,0.0002688471232514624,3.128603473453933e-05,0.00014652161134269672,7.99231232191653e-05,0.00011248698733622154,0.00012676792344723306,8.117555043022218e-05,0.0001291532842167107,0.0001457908252278022,4.432927616489273e-05,0.00010825047490154305,0.00016337034823004726,6.421792579489907e-05,0.00012044152161427964,6.444634183422924e-05,9.46809250931552e-05,0.199784235315094,0.0799257255248972,8.526027661239672e-05,0.0001508607913936032
318,uj0419,uj0419,0117_060099.xml,letters-leipzig,Brief + Postkarte,"Klemm, Eberhardt + Ziegner, Uta + Schmidt, Elisabeth","Johnson, Uwe",1958-07-15,1958,7.0,KlemmEberhardt+ZiegnerUta+SchmidtElisabeth,JohnsonUwe,139,0.3712645943196249,0.0004367534148735711,0.0003594788568906191,0.0004568976117915123,0.00032173075420921374,0.0005368193923693637,0.0005428690000288956,0.0003869637762560831,0.00034319215638385604,0.000521175750086011,0.00029067743043486736,0.00047159595365695175,0.1955342277951214,0.0003442998794009397,0.3926457446952253,0.00037233066955024807,0.00029910689618829306,0.0003403199971552376,0.00027737185663955936,0.0004280149327103886,0.0008146103488737897,9.479710015770816e-05,0.0004439624255223448,0.00024216812328600208,0.00034083706341917337,0.000384108489227789,0.0002459629943450604,0.0003913361639937063,0.000441748133902607,0.0001343182946697549,0.0003280003745579217,0.0004950143217371675,0.0001945811668098231,0.0003649394077738742,0.0001952732704382227,0.000286884458680585,0.0002487756114452603,0.0274630671450913,0.000258339768848252,0.0004571101986223342
319,uj0333,uj0333,0550_s000166.xml,letters-leipzig,Brief,"Johnson, Uwe","Bierwisch, Manfred + Zeibig, Brigitte",1966-05-20,1966,5.0,JohnsonUwe,BierwischManfred+ZeibigBrigitte,1434,3.7351522968230375e-05,4.11137739663966e-05,3.383953499751763e-05,0.0110677364574897,3.0286118107227528e-05,5.053348275488877e-05,5.110296245082058e-05,3.642682733180523e-05,3.23063867713331e-05,4.906086880169254e-05,2.736291409534044e-05,4.439367565730838e-05,3.206660279752651e-05,3.2410662255372384e-05,0.454063848493516,3.504934012497019e-05,2.815642168530204e-05,3.203601611984065e-05,2.611039417246392e-05,4.02911771228883e-05,0.0368257713620504,8.923723125741536e-06,4.1792394039512285e-05,2.2796491437918788e-05,0.0110568111000919,3.615804494455258e-05,2.315372154909928e-05,0.4851248004597517,4.158395174221293e-05,1.264404998001614e-05,3.08763086932508e-05,4.659816326776148e-05,1.8316894242607276e-05,3.435356384560608e-05,1.838204540381246e-05,2.700586277517702e-05,2.341848720352493e-05,0.0007477808743019632,2.4318808969204697e-05,4.3030059397093777e-05
320,uj0268,uj0268,857a_000055.xml,letters-leipzig,Brief,"Klemm, Eberhardt","Johnson, Uwe",1972,1972,,KlemmEberhardt,JohnsonUwe,82,0.0005181556470274041,0.0005703471360302064,0.0004694359093914064,0.230005943149638,0.0004201414527902006,0.0007010212000104717,0.0007089212559349783,0.0005053278898780417,0.0004481674483489141,0.0006805924952321153,0.0003795895677315706,0.0006158472775983613,0.00044484106671247503,0.0004496140006340091,0.4617680111945494,0.0004862188223431872,0.00039059743049120753,0.00044441675577393,0.0003622140976174119,0.0005589357352138788,0.0010637825913627,0.00012379354742897333,0.000579761232032935,0.00031624227962582363,0.0004450919817772778,0.0005015992303560477,0.0003211979222526005,0.0005110376994384063,0.0005768696349883676,0.00017540344751175473,0.0004283288186770074,0.0006464288339415868,0.00025409946994352407,0.00047656672841044783,0.2041743722769551,0.0513544786562122,0.0003248708600092818,0.035863444129778,0.0003373604928262741,0.0005969306335244486
321,uj0195,uj0195,0175_060148.xml,letters-leipzig,Brief,"Bierwisch, Manfred","Johnson, Uwe",1959-04-18,1959,4.0,BierwischManfred,JohnsonUwe,333,0.0001811249034058558,0.0447502631907438,0.00016409458090738843,0.00020856420534164492,0.00014686336140498795,0.0002450468268864366,0.0002478083462762879,0.000176640871845221,0.00015666004270634308,0.0002379058313170284,0.00013268816847539848,0.0002152736910379809,0.00015549728291389952,0.00015716569509942698,0.4376297590811558,0.00016996116463507564,0.00013653604331857028,0.00015534896207980474,0.00012661445227812643,0.0269259165003521,0.0003718525894888433,4.32728938668793e-05,0.00020265956330467555,0.00011054468416716028,0.1159879104061431,0.00017533749302530677,0.00011227696344895188,0.00017863677541400362,0.0002016487854845542,6.131349271185389e-05,0.00014972531198663983,0.00022596368635202315,8.882223365321323e-05,0.00016658720819696466,8.913816448661206e-05,0.00013095675618651968,0.00011356086433898586,0.3689434709765858,0.00011792670219201362,0.0002086612467843932
322,uj0191,uj0191,0193_060161.xml,letters-leipzig,Brief,"Johnson, Uwe","Baumgärtner, Klaus",1959-12-28,1959,12.0,JohnsonUwe,BaumgärtnerKlaus,478,0.00011600596677071424,0.00012769072630910248,0.00010509847150803971,0.0001335801528087444,9.406230674313567e-05,0.00015694635868685234,0.00015871504273058068,0.0001131340567989736,0.00010033683588925606,0.00015237272977576685,8.498345050063591e-05,0.0001378774104475444,0.028633324790414,0.00010066069358969708,0.4400798090522857,0.00010885587153517308,8.744791801891327e-05,9.949712156650976e-05,8.109338731160726e-05,0.0001251359136934326,0.00023816227547234216,2.771520532847693e-05,0.3025873647118865,0.005777547637703,9.964829283282032e-05,0.0001122992752905809,7.191058460796239e-05,0.00011441238307395818,0.00012915099949485905,3.926975730217448e-05,9.589531445125077e-05,0.0001447240848576398,5.688841728509732e-05,0.00010669493689236304,5.709076307560955e-05,8.38745242697685e-05,7.27328909898321e-05,0.2191788182815272,7.552910085043757e-05,0.0001336423054237142
323,uj0674,uj0674,0232_060203.xml,letters-leipzig,Brief,"Bierwisch, Manfred","Johnson, Uwe",1960-05-17,1960,5.0,BierwischManfred,JohnsonUwe,505,0.0001187158928103092,0.0234909033908444,0.0059476110409089,0.0001367006158723812,9.6259623842276e-05,0.0001606126616888845,0.00016242266259828227,0.00011577689436172176,0.00010268072743100996,0.0001559321917555084,8.69686834318134e-05,0.0001410982584370467,0.00010191861209353724,0.00010301215052174926,0.1933976469351021,0.00011139876970711816,8.949072147760264e-05,0.3388251532046945,8.298774747283098e-05,0.0001280591173910199,0.0119238406908662,2.8362638893345266e-05,0.00013283049730799254,7.245503312668047e-05,0.0001019760998505626,0.00011492261216547704,7.359043238800616e-05,0.00011708508263222354,0.00013216799651935343,4.0187107856151344e-05,9.813545103164084e-05,0.0001481048727345896,5.821734378468793e-05,0.00010918735513451289,5.84244164193615e-05,8.583385242938404e-05,7.443194803590577e-05,0.4228608389679927,7.72934780013676e-05,0.00013676422038671812
324,uj0009,uj0009,0590_110142.xml,letters-leipzig,Brief,"Baumgärtner, Klaus + Baumgärtner, Sabine","Johnson, Uwe",1967-02-24,1967,2.0,BaumgärtnerKlaus+BaumgärtnerSabine,JohnsonUwe,421,0.0001208329061497766,0.00013300386159274444,0.00010947155648740208,0.0001391383436311881,9.797618346122969e-05,0.00016347680345822648,0.00016531908139455747,0.00011784149770979667,0.00010451179203855158,0.00015871286856452053,8.851956140259405e-05,0.00014361440760811122,0.000103736086201126,0.0001048491252655624,0.3454514520319584,0.00011338529969806934,9.108657395061032e-05,0.000103637137701559,8.446763499465635e-05,0.00013034274474149092,0.0002480720663054009,2.886841856157932e-05,0.00013519921078040376,7.374709493921156e-05,0.00010379459911447708,0.00011697198143863322,0.0773495140327003,0.00011917301438185978,0.00013452489587847488,4.090374858042258e-05,9.988546153141944e-05,0.00015074596807403362,5.925551054115981e-05,0.3448747848267566,5.946627581983804e-05,8.736449340987374e-05,7.575926338639835e-05,0.2282987187355316,7.867182187857856e-05,0.00013920308237955317
325,uj0768,uj0768,0793_101243.xml,letters-leipzig,Brief,"Bierwisch, Manfred","Johnson, Uwe",1971-06-11,1971,6.0,BierwischManfred,JohnsonUwe,1504,3.783820479995404e-05,4.164947707119524e-05,3.4280456426378155e-05,4.357045865732503e-05,3.068073932384463e-05,5.119192251841445e-05,0.0056359568636524,3.690146059012789e-05,3.2727331628216675e-05,4.970012074102232e-05,2.7719446629891823e-05,4.4972115133637686e-05,3.248442332387906e-05,3.283296579804822e-05,0.4246136726952964,3.5506025038922286e-05,2.8523293442907263e-05,3.2453438108753766e-05,2.645060665787422e-05,4.081616197828893e-05,7.768249518369208e-05,9.03999720431993e-06,4.233693940920356e-05,2.309352452594885e-05,3.250274634257792e-05,3.662917602962584e-05,2.345540926406393e-05,3.7318418206537655e-05,0.3332320122422514,1.2808799069629268e-05,3.127861995869713e-05,4.7205326715243977e-05,1.855555920009945e-05,3.480118295320809e-05,1.8621559266086943e-05,2.7357743012400012e-05,0.0111920997072494,0.2241250459385682,2.4635677507725527e-05,4.359073126432575e-05
326,uj0290,uj0290,0555_s000167.xml,letters-leipzig,Brief,"Johnson, Uwe","Bierwisch, Manfred",1966-07-01,1966,7.0,JohnsonUwe,BierwischManfred,1181,4.565687272124275e-05,5.025568426407452e-05,4.136397178882959e-05,5.257360638119053e-05,3.7020429951901496e-05,6.176992547970478e-05,6.24660326241606e-05,4.452656510262005e-05,3.948991826000176e-05,5.996986640618873e-05,0.2515881493991598,5.426489304968465e-05,3.919681678775408e-05,3.96173800640834e-05,0.4314965190462679,4.2842784815237904e-05,3.441718192494842e-05,3.91594289668811e-05,3.191620712353896e-05,4.925017775723411e-05,9.373435695539896e-05,1.0907969972151707e-05,5.1085199845826746e-05,0.0022738895634299,3.9218925969123165e-05,4.4198017234439576e-05,2.8302099453601083e-05,0.3122423832618293,5.083040907208468e-05,1.545553526986424e-05,3.7741853185172587e-05,5.6959562563739605e-05,2.2389772695332904e-05,4.199229823517512e-05,2.246941063345169e-05,3.301078889078619e-05,2.862573744274949e-05,0.000914054728917574,2.972625150475356e-05,5.2598068002518845e-05
327,uj1146,uj1146,0420_101381.xml,letters-leipzig,Brief,"Johnson, Uwe","Bierwisch, Manfred",1964-01-31,1964,1.0,JohnsonUwe,BierwischManfred,700,0.0192179495017762,8.565362361251376e-05,7.04989718596222e-05,8.960419022980092e-05,6.309602624076411e-05,0.003933304779286,0.00010646441542497596,7.588915968226629e-05,6.730491574560226e-05,0.00010221005723964182,5.700602301261455e-05,9.248674637932718e-05,6.680536622097022e-05,6.752215615435709e-05,0.321997189228885,7.301939708538732e-05,5.865916243250324e-05,6.674164402946809e-05,5.439660870467664e-05,8.393988163211834e-05,0.00015975680060450586,1.859107418499877e-05,8.706741424059027e-05,4.749265048996239e-05,6.684304815739392e-05,7.532919684717778e-05,4.823687926134978e-05,7.674664777694955e-05,8.663315982034661e-05,2.6341748602579927e-05,6.432558892591687e-05,9.707942503243572e-05,0.6393186322396321,7.156986439106744e-05,3.829589566584579e-05,5.6262166722198965e-05,4.87884739100977e-05,0.0130419558458617,5.066414267528372e-05,8.964588156356523e-05
328,uj0032,uj0032,1034_101717.xml,letters-leipzig,Brief,"Johnson, Uwe","Bierwisch, Manfred",1978-03-06,1978,3.0,JohnsonUwe,BierwischManfred,452,0.000124534187270474,0.00013707795612195222,0.00011282482355835992,0.00014340034593550145,0.00010097733115913852,0.00016848432686879383,0.00017038303635810237,0.00012145114780103374,0.00010771313457915936,0.00016357446597823694,9.123103952450332e-05,0.00014801351801998163,0.00010691366778569322,0.2206541431402271,0.6929785173261065,0.00011685845020408206,9.387668326151698e-05,0.0613696123381972,8.705499693667698e-05,0.00013433532553511654,0.000255670861077832,2.975269864728644e-05,0.0001393405519294317,7.600607172709451e-05,0.00010697397303151732,0.0184993951919815,7.719711717930384e-05,0.0001228234506933181,0.00013864558181779675,4.215668767797943e-05,0.00010294509309022784,0.00015536352816947712,6.107058980600366e-05,0.00011453865367138424,6.128781112030766e-05,9.00405901816955e-05,7.807987571150825e-05,0.0024931857133859,8.108164994883219e-05,0.0001434670677223842
329,uj1110,uj1110,0430_101393.xml,letters-leipzig,Brief,"Klemm, Eberhardt","Johnson, Uwe",1964-02-27,1964,2.0,KlemmEberhardt,JohnsonUwe,362,0.00018275326771170796,0.00020116118281737376,0.00016556983777880064,0.00021043925676235287,0.00014818370472085695,0.0002472498674328273,0.00025003621366603254,0.00017822892343425533,0.0001580684609685445,0.1081234516626559,0.00013388107278226833,0.0002172090626400284,0.00015689524763544093,0.00015857865932020497,0.2887293482956356,0.00017148916375981589,0.00013776354111275297,0.000156745593354937,0.0001277527521519584,0.00019713638679263483,0.0003751956498431973,4.36619294686036e-05,0.00020448153031704964,0.00011153851226321258,0.00015698374526790693,0.0271477655744612,0.00011328636522756908,0.00018024277074279,0.00020346166531734955,6.186471841920672e-05,0.00015107138505079107,0.0002279951640470031,8.962077075179684e-05,0.00016808487449540655,8.99395418930857e-05,0.00013213409460533708,0.00011458180875112428,0.5700466236785817,0.0001189868967259814,0.00021053717063522303
330,uj1134,uj1134,0472_s000048.xml,letters-leipzig,Brief,"Johnson, Uwe","Baumgärtner, Klaus",1964-07-09,1964,7.0,JohnsonUwe,BaumgärtnerKlaus,178,0.0003266507212577109,0.000359552779980961,0.00029593729078641586,0.00037613628398041184,0.0002648615514884532,0.0004419310720901126,0.0647233593103698,0.00031856396943131165,0.0002825294312379814,0.00042905260364439854,0.00023929722042547293,0.0003882365435292905,0.0002804324455794158,0.0966981132938871,0.7571076155460913,0.00030651741406009824,0.00024623669185759866,0.00028016495554064385,0.0002283435429396777,0.00035235891395132547,0.0006706196347053573,7.804074275115669e-05,0.0003654875242357466,0.00019936242965715409,0.00028059062505186286,0.0003162133836002566,0.0002024865184278136,0.00032216349289851143,0.0003636646313161899,0.00011057616175661112,0.0002700229522904496,0.0004075154754371186,0.0001601869546427319,0.00030043263342928954,0.0001607567218732824,0.0002361746952380368,0.0323430259570136,0.0386778010182317,0.00021267557139974792,0.0003763112939137205
331,uj1073,uj1073,0448_101409.xml,letters-leipzig,Brief,"Johnson, Uwe","Bierwisch, Manfred",1964-04-29,1964,4.0,JohnsonUwe,BierwischManfred,128,0.0004046860707606863,0.0004454482794384519,0.0003666353435216552,0.3389011209010756,0.00032813575354966734,0.0005475063652778739,0.0005536764082161674,0.0003946674312510542,0.00035002440821719507,0.0005315512901669278,0.00029646422179957906,0.000480984461695475,0.00034742646236439256,0.0003511541837272437,0.599542002729218,0.0003797430094080325,0.000305061500924542,0.0003470950701900803,0.0002828937613241252,0.0004365358320209085,0.0008308275698854634,9.6684315961741e-05,0.00045280080670118497,0.0002469891938539624,0.00034762243018265763,0.00039175530131516193,0.0002508596130112749,0.0003991268642593246,0.0004505424330775404,0.00013699229638552247,0.0003345301891784596,0.0204128177117442,0.00019845487869087997,0.00037220460277160574,0.00019916076068278823,0.00029259573975830457,0.0002537282235483348,0.0280098004761447,0.0002634827837059799,0.0004662103249931777
332,uj0265,uj0265,0843_101503.xml,letters-leipzig,Brief,"Johnson, Uwe","Klemm, Eberhardt + Klemm, Erika",1972-10-19,1972,10.0,JohnsonUwe,KlemmEberhardt+KlemmErika,140,0.0003748371183160515,0.0004125927761973593,0.074097882647426,0.00043162262198126813,0.0003039330215784934,0.0005071232321752317,0.0558315554581385,0.00036555743652176857,0.000324207206513915,0.0004923449761165006,0.0002745975278424641,0.0004455078704286445,0.0003218008807039479,0.00032525365171459777,0.8503539688038705,0.0003517338145086462,0.0002825606863630981,0.0003214939314496328,0.00026202800132211823,0.00040433769565837314,0.0007695471492952822,8.955304617560928e-05,0.00041940299362422216,0.00022877169334096524,0.0003219823942711016,0.0003628601003093312,0.00023235663700081307,0.0003696879493783182,0.00041731119377656073,0.00012688797890208017,0.00030985581457171053,0.0004676307644259927,0.0001838171862560621,0.0003447514278527839,0.00018447100359951735,0.00027101437842028835,0.00023501366373084465,0.0075042730732455,0.00024404874421448815,0.0004318234487812995
333,uj0614,uj0614,0072_060063.xml,letters-leipzig,Brief,"Baumgärtner, Klaus","Johnson, Uwe",1957-11-22,1957,11.0,BaumgärtnerKlaus,JohnsonUwe,281,0.00022528643744773,0.2329834599150315,0.0002041038136774992,0.0002594159384877657,0.000182671310572848,0.0003047936843528006,0.0003082285122179031,0.0002197091177269017,0.00019485660032423916,0.0002959115846447491,0.00016503994870492377,0.00026776131839528186,0.00019341033862128545,0.0001954855399348764,0.2451004924535872,0.00021140077684019557,0.00016982600517127542,0.00019322585447976675,0.0001574853504226217,0.00024301701867181005,0.0558757268441893,5.3823609641785895e-05,0.0002520716377102398,0.00013749748160803632,0.0001935194327928451,0.00021808795152909093,0.0001396521219734469,0.00022219165875822904,0.00025081441393888423,7.626283344140261e-05,0.0001862310565744625,0.0002810577283055032,0.00011047870397503458,0.00020720418867505163,0.00011087166447134374,0.00016288638672101098,0.00014124906116906702,0.4588985756954046,0.0001466793694143068,0.0002595366403929728
334,uj1136,uj1136,0495_s000055.xml,letters-leipzig,Brief,"Johnson, Uwe","Baumgärtner, Klaus",1964-08-12,1964,8.0,JohnsonUwe,BaumgärtnerKlaus,350,0.2439993669007825,0.00017050365709739854,0.00014033653238128776,0.00017836772667724,0.0001256000945276059,0.00020956829753987223,0.00021192999683019887,0.00015106633805022634,0.00013397838633391913,0.00020346119424359413,0.00011347722361636564,0.00018410579524403225,0.00013298397398732245,0.00013441082903277793,0.6638338652389008,0.0001453537365614353,0.0001167679929369728,0.00013285712743686562,0.00010828287615479848,0.00016709225122039058,0.0079381543400138,3.700772955329145e-05,0.000173317974370741,9.453973168047144e-05,0.00013305898433359591,0.00014995166587181228,9.60212069746482e-05,0.0001527732694081148,0.0001724535396435284,5.243636266223287e-05,0.00012804768431548747,0.00019324806469162343,7.596231514974558e-05,0.0001424682704825936,7.623250467938364e-05,0.00011199648978956892,9.711922128951642e-05,0.0793025307957695,0.00010085296156201616,0.00017845071820259844
335,uj0902,uj0902,0351_101311.xml,letters-leipzig,Brief,"Johnson, Uwe","Bierwisch, Manfred",1963-01-06,1963,1.0,JohnsonUwe,BierwischManfred,510,0.00011278771233805356,0.00012414831157481424,0.0001021828143982194,0.0445173074787898,9.145281652423424e-05,0.00015259232993648442,0.00015431194688976768,0.2164987319647729,9.755327676856032e-05,0.0278902912870821,8.262582723443753e-05,0.00013405239523764915,9.682921831761106e-05,9.786814996148844e-05,0.6553566456392395,0.00010583597608633268,8.502192513574062e-05,0.0056451659986783,7.88436827451958e-05,0.00012166437494297412,0.00023155514292504532,2.694632606404422e-05,0.0001261974918895902,6.883692857193021e-05,9.688383537391956e-05,0.00010918385243304104,6.99156306921245e-05,0.00011123833807240406,0.00012556807364908423,3.818032997334558e-05,9.323497266543464e-05,0.00014070912820867334,5.531021052391687e-05,0.0001037349904072398,5.550694280802616e-05,8.154766499664158e-05,0.0389097191098185,0.0078064493616284,7.343376152976945e-05,0.00012993478111446085
336,uj0494,uj0494,0283_060258.xml,letters-leipzig,Brief,"Baumgärtner, Klaus","Johnson, Uwe",1962-03-06,1962,3.0,BaumgärtnerKlaus,JohnsonUwe,185,0.0002979262587570387,0.00032793503150084263,0.0002699136543498737,0.00034306024317836667,0.00024157060122112584,0.0004030692797167255,0.0004076116100359301,0.00029055062613066835,0.0002576848326352772,0.00039132329639919567,0.00021825430336666255,0.0003540964504259925,0.00025577224817956824,0.0002585165632414516,0.3387850758367439,0.00027956340051293096,0.00022458354321515955,0.00025552828023056367,0.0002082638519743954,0.000321373767579684,0.0006116478116059347,7.117812698821264e-05,0.0003333478961830337,0.00018183123115656408,0.00025591651793123714,0.00028840674216850493,0.00018468059905596372,0.0002938336207487789,0.0003316853017594024,0.3225340274947399,0.00024627812742821235,0.0003716800639995852,0.0001461007032669027,0.0002740136931015584,0.00014662036726368396,0.0002154063615547309,0.00018679244442669968,0.3283976856896428,0.000193973664200647,0.00034321986338209745
337,uj1102,uj1102,0444_101405.xml,letters-leipzig,Brief,"Johnson, Uwe","Bierwisch, Manfred",1964-04-22,1964,4.0,JohnsonUwe,BierwischManfred,253,0.00019317336826587175,0.00021263085325773048,0.00017501018530305545,0.000222437938063452,0.00015663274162735783,0.00026134739090210907,0.00026429260711499923,0.00018839105802752,0.00016708110013148648,0.0002537313748768404,0.00014151461202432036,0.00022959374009244568,0.00016584099332470938,0.00016762038862305764,0.5997813789951127,0.000181267015355584,0.0096485042102587,0.00016568280615901693,0.0001350368710088345,0.0002083765741719612,0.00039658829823632097,4.6151415435931735e-05,0.00021614051805528343,0.00011789813870380756,0.0096688202988403,0.0001870009781873941,0.00011974564955045823,0.0001905197295015452,0.00021506250309207456,6.539207853021758e-05,0.00015968506973504693,0.0002409948360363464,9.473070642992952e-05,0.000177668622659292,9.50676530456577e-05,0.3232377839333615,0.00012111495578490611,0.051381777146343,0.00012577121004654263,0.0002225414347224125
338,uj0960,uj0960,0223_060194.xml,letters-leipzig,Brief + Postkarte,"Baumgärtner, Klaus","Johnson, Uwe",1960-11-01,1960,11.0,BaumgärtnerKlaus,JohnsonUwe,87,0.0006508833739350257,0.0007164439302036332,0.0005896838726043564,0.000749488176955232,0.0005277624356520547,0.0008805906998803095,0.0008905143880306122,0.5129430989740696,0.0005629674066907641,0.0008549290972951775,0.0004768230163524509,0.0007735991225252864,0.0005587889585450345,0.0005647844993680273,0.0997627516873329,0.0006107657986031968,0.0004906505890015381,0.0005582559585924872,0.000454996747206314,0.0007021094515440511,0.0013362749323909,0.0001555037801560317,0.0007282694861035964,0.0003972490565810117,0.0005591041465486525,0.0006300859621821117,0.0004034741077050076,0.0006419421344275567,0.0007246371944336593,0.00022033377108065768,0.0005380470294080377,0.000812014271886401,0.0003191881073973812,0.0005986412806122794,0.0003203234240926893,0.0004706010808203016,0.0004080878837644541,0.3652427204766878,0.00042377678804209794,0.0007498369012912
339,uj0414,uj0414,0096_060080.xml,letters-leipzig,Brief,"Baumgärtner, Klaus","Johnson, Uwe",1958-03-19,1958,3.0,BaumgärtnerKlaus,JohnsonUwe,468,0.00012686583416275058,0.00013964445932397818,0.149898507090457,0.0188690314546262,0.00010286792430105407,0.00017163884986164652,0.006414555186028,0.0001237250711110937,0.00010972984180633545,0.00016663706190963047,9.293915337218492e-05,0.00015078476715943813,0.00010891540663908116,0.0001100840173583369,0.2004335685891897,0.00011904638468397573,9.563433135463496e-05,0.00010881151785301522,8.868492296352529e-05,0.0001368504786121317,0.00026045777286281093,0.0686811126064797,0.0001419494175911052,7.742912932132547e-05,0.00010897684097678034,0.0001228121417562166,7.864247465349607e-05,0.00012512306755664394,0.0001412414355914375,4.294598507468183e-05,0.00010487252853297603,0.0001582723911537652,6.221401117528116e-05,0.00011668315472552765,6.243529951257325e-05,9.17264153103401e-05,7.954176102623453e-05,0.5517462882926867,8.259973732120366e-05,0.00014615319391737353
340,uj0002,uj0002,0587_s000182.xml,letters-leipzig,Brief,"Johnson, Uwe","Bierwisch, Manfred",1967-01-29,1967,1.0,JohnsonUwe,BierwischManfred,1367,4.286488153608295e-05,4.718246835797969e-05,3.8834498398860026e-05,0.0042667109247001,3.475657112986605e-05,5.799259520786878e-05,5.864613428107027e-05,0.0042591559729357,3.707504625688036e-05,5.630261264127225e-05,3.1401880779437245e-05,0.008485651065359,3.679986841098066e-05,3.719471356667824e-05,0.5358477336868276,4.02228796307072e-05,3.2312515905898275e-05,3.676476691547533e-05,2.9964479735272283e-05,4.623845019093118e-05,8.800235029861512e-05,1.0240930067860023e-05,4.79612577280103e-05,2.616142066699279e-05,3.6820625580356495e-05,4.149523740820146e-05,0.0653955317033538,0.3585172197487006,0.021134483442269,1.4510404434932784e-05,3.5433878172342385e-05,5.347639371948963e-05,2.102060209127583e-05,3.942440167263501e-05,2.109537004141735e-05,3.099212606731681e-05,2.68752275666828e-05,0.0008581588124041304,2.7908443424120387e-05,4.938161156416226e-05
341,uj0895,uj0895,0392_101357.xml,letters-leipzig,Brief,"Johnson, Uwe","Bierwisch, Manfred",1963-08-27,1963,8.0,JohnsonUwe,BierwischManfred,1100,5.079030387667581e-05,5.590618286291472e-05,0.4722730764580639,5.848472058733523e-05,4.118282253763368e-05,6.871502795884945e-05,6.948940192032285e-05,0.0025480887922604,4.392996779994931e-05,6.67125792169471e-05,3.720787297042203e-05,6.036616709725837e-05,4.360391145936175e-05,4.407176077384618e-05,0.5099945070928225,4.76598139556006e-05,3.828687828051013e-05,4.356231993829943e-05,3.5504706340547315e-05,5.478762221719975e-05,0.0001042733807572953,1.2134407736285278e-05,5.682896504129266e-05,3.0998487757480297e-05,4.3628506486863005e-05,4.9167421951773095e-05,3.1484246421623347e-05,5.009259321174827e-05,5.654552686316024e-05,0.0125099726893854,4.198535900274037e-05,6.33638118177297e-05,2.490716711739568e-05,4.671370290440882e-05,2.499575914825729e-05,3.672235742488208e-05,3.184427265283817e-05,0.0010168264857973,3.306852302957794e-05,5.85119325514171e-05
342,uj0318,uj0318,0567_101019.xml,letters-leipzig,Brief,"Bierwisch, Manfred","Johnson, Uwe",1966-09-28,1966,9.0,BierwischManfred,JohnsonUwe,910,6.027871780847487e-05,6.635032207574952e-05,5.46109935763622e-05,0.003034735316643,4.887641043318352e-05,8.1552057447624e-05,8.247109643615273e-05,5.878642344140959e-05,5.213676489863609e-05,7.917552032486626e-05,4.4158878838045685e-05,7.164350031199368e-05,5.174979619311969e-05,0.0148789287776638,0.2019851995518695,5.656340397587887e-05,4.54394590204083e-05,5.170043473295934e-05,4.2137534352446426e-05,6.502279700957874e-05,0.1988005112512485,1.4401302687311017e-05,6.744549423034413e-05,3.678948447640028e-05,5.177898595197288e-05,5.835265645185815e-05,3.7365990368351576e-05,0.2817653015467707,6.710910541886394e-05,2.0405248839516188e-05,4.982887311638856e-05,7.520115140685818e-05,2.956021097498269e-05,5.544054475438762e-05,2.9665353366754035e-05,4.3582661483010914e-05,0.0030031180211995,0.2947739352597743,3.924623433801442e-05,6.944286608836543e-05
343,uj0115,uj0115,0935_101610.xml,letters-leipzig,Brief,"Klemm, Ine","Johnson, Uwe",0000-00-00,0,0.0,KlemmIne,JohnsonUwe,384,0.00014921592863235335,0.00016424577833665764,0.00013518585690432003,0.00017182121836547095,0.0001209902804199685,0.00020187665607935957,0.00020415167554076167,0.00014552185387645058,0.00012906106952963246,0.2717931172890926,0.00010931234692348012,0.00017734868653797789,0.0001281031544172249,0.00012947764058077123,0.3972343538814256,0.00014001891808125143,0.00011248233739518456,0.0001279809634286926,0.00010430864403346652,0.00016095957894932516,0.0223277313063951,0.0293975006593224,0.00016695680365374151,9.106990476296778e-05,0.00012817541171021628,0.00014444809274633447,9.249700648571612e-05,0.00014716613690366734,0.0368684380945308,5.051182681484605e-05,0.0001233480379989149,0.0148670810130814,7.317432240704004e-05,0.00013723935528446842,0.0661375997932849,0.00010788595945454324,9.355472113442485e-05,0.1571370352070688,9.715142449905314e-05,0.00017190116390980646
344,uj0848,uj0848,0400_101364.xml,letters-leipzig,Brief,"Johnson, Uwe","Bierwisch, Manfred",1963-09-24,1963,9.0,JohnsonUwe,BierwischManfred,367,0.00013531054076021395,0.2797180447426625,0.0200918097114742,0.00015580925028716892,0.00010971523228389576,0.00018306383072724545,0.00018512684180376933,0.00013196071572872274,0.00011703390696427095,0.00017772910339879084,9.912556192594817e-05,0.00016082161534974586,0.00011616525967540407,0.000117411657883434,0.6863801587635003,0.00012697059687853126,0.00010200014193133006,0.00011605445562863864,9.458815261544922e-05,0.00014595980380775007,0.0002777949029685695,3.23272976784786e-05,0.0001513981489311751,8.258312750792018e-05,0.00011623078333281883,0.00013098701807797604,8.387723804688742e-05,0.0001334517685111889,0.00015064304076627198,4.580464474367893e-05,0.000111853271137474,0.0068252149075058,6.635522913276978e-05,0.00012445006070952515,6.659124732301407e-05,9.783209907969278e-05,8.483638458304175e-05,0.0027089292867122,8.809791223416154e-05,0.00015588174573007876
345,uj0887,uj0887,0366_101327.xml,letters-leipzig,Brief,"Johnson, Uwe","Bierwisch, Manfred",1963-06-07,1963,6.0,JohnsonUwe,BierwischManfred,445,0.00010974320048032942,0.00012079713972399172,0.2430390688876023,0.00012636861618383474,8.898420377769871e-05,0.00014847336034078104,0.00015014655916839722,0.0001070263351279366,9.49199925062505e-05,0.0001441466460476797,8.03954840032925e-05,0.00013043387954655958,9.421547877780603e-05,0.021689861417251,0.4757066482680683,0.00010297911448776708,8.272690332993915e-05,0.2484324286981844,7.671543205149502e-05,0.00011838025272346964,0.00022530470691797992,2.621895596739581e-05,0.00012279100591245358,6.697879313375055e-05,9.426862153986635e-05,0.00010623662062459656,0.0054666871402848,0.0001082356489294601,0.0001221785777434453,3.714971710846835e-05,9.071825365455768e-05,0.0001369109253686571,5.381720576034328e-05,0.00010093484133240848,5.400862759210495e-05,7.93464249155603e-05,6.880629039700513e-05,0.0021970688176135,7.145154242894602e-05,0.00012642741339121023
346,uj0026,uj0026,1046_101732.xml,letters-leipzig,Brief,"Johnson, Uwe","Bierwisch, Manfred",1978-11-21,1978,11.0,JohnsonUwe,BierwischManfred,1623,3.667758899482287e-05,4.037195765345753e-05,3.3228967864859155e-05,4.223401674043559e-05,0.0018340408553408,4.962170652418223e-05,5.01809110911834e-05,3.576957765276983e-05,3.172348225036449e-05,4.8175662962067966e-05,2.686920471069323e-05,4.35926800391286e-05,3.148802470165078e-05,3.182587629060435e-05,0.5811937583234108,3.441694446400013e-05,2.7648395033766227e-05,3.145798989975439e-05,0.2742794201675211,3.956420293458574e-05,7.529973066912588e-05,8.762712283189421e-06,4.103833337651825e-05,2.238517407162092e-05,3.1505785696194104e-05,3.550564490932896e-05,0.0126528442888369,3.617374587808049e-05,0.0054537372220751,1.24159132357596e-05,3.0319207088063287e-05,4.575739205339239e-05,1.798640230181265e-05,3.373372208432448e-05,1.8050377939840897e-05,2.6518595671748512e-05,2.299594716022634e-05,0.0061471922251572,2.3880024409573905e-05,0.1173218310190206
347,uj1144,uj1144,0482_s000052.xml,letters-leipzig,Brief,"Johnson, Uwe","Baumgärtner, Klaus",1964-07-23,1964,7.0,JohnsonUwe,BaumgärtnerKlaus,246,0.0001988420892420985,0.0002188705590146655,0.00018014590311647225,0.00022896543518548512,0.00016122916874356804,0.0002690166956835522,0.0002720483400054276,0.00019391944090949324,0.0001719841369504274,0.0002611771857564828,0.00014566739383283937,0.00023633122602104996,0.00017070763889815178,0.0001725392509981394,0.392401856515204,0.00018658634141729012,0.00014989165818617324,0.1664603004162012,0.00013899956188140986,0.00021449143704134545,0.00040822628138751857,4.75057403054145e-05,0.3719289957480073,0.00012135788917525203,0.0001708039274863278,0.0001924885688275636,0.0588137615944599,0.00019611057878219764,0.00022137356622371675,6.731102548740435e-05,0.0001643710681856792,0.0002480668899869785,9.751060278651748e-05,0.00018288235298416717,9.785743718525422e-05,0.00014376661911668308,0.00012466910456098237,0.0039808366440092,0.000129461997772597,0.0002290719689798794
348,uj0998,uj0998,0711_101156.xml,letters-leipzig,Brief,"Bierwisch, Manfred","Johnson, Uwe",1969-11-05,1969,11.0,BierwischManfred,JohnsonUwe,697,8.059218881463418e-05,8.870987769897109e-05,7.301448447601467e-05,9.280140665805626e-05,6.534739028007116e-05,0.0120028846104922,0.00011026323082800973,0.3727525676744328,6.970645948783468e-05,0.00010585707054673622,5.904008629490083e-05,9.578681688006504e-05,6.918908526167044e-05,6.993145137117982e-05,0.2978049977762161,0.0119694749702072,6.075221229229119e-05,6.912308936358167e-05,5.633756403886287e-05,8.693498674775792e-05,0.0398116242636871,1.925443253521377e-05,9.0174114568575e-05,4.918726189126487e-05,6.922811174800719e-05,7.801705937982725e-05,4.995804589905536e-05,7.948508715636577e-05,8.972436527735617e-05,2.728166303253178e-05,6.662082566812383e-05,0.0001005433694279296,3.9521778015677785e-05,7.412358811327597e-05,3.966235259652706e-05,5.826968805878072e-05,5.052932230005383e-05,0.2632781657348172,5.247191783478755e-05,9.284458560324684e-05
349,uj0384,uj0384,0879_101541.xml,letters-leipzig,Brief,"Klemm, Ine","Johnson, Uwe",1973-07-17,1973,7.0,KlemmIne,JohnsonUwe,522,0.0001260789775237082,0.00013877834615292855,0.0001142243644521169,0.00014517916235183578,0.00010222990926954484,0.0001705742987204939,0.00017249656084203214,0.00012295769434443116,0.00010904926728368168,0.00016560353322683395,9.23627192964505e-05,0.0125543971540134,0.00010823988346632514,0.0001094012461419372,0.4472813766238524,0.00011830802641154743,9.504118104712005e-05,0.00010813663902695488,8.813487478958359e-05,0.00013600169447444224,0.00025884234244279424,3.0121767413744265e-05,0.00014106900843779074,7.694889266136233e-05,0.00010830093677144132,0.00012205042722737092,7.815471249357172e-05,0.00012434702003325798,0.00014036541753632877,4.2679622316739626e-05,0.00010422208039716452,0.0001572907424492236,6.182814284392311e-05,0.00011595945385234844,6.20480586903591e-05,0.3784298591585344,7.904842124600399e-05,0.1575809574950373,8.208743113472505e-05,0.00014524671179229955
350,uj0664,uj0664,0264_060234.xml,letters-leipzig,Brief + Postkarte,"Bierwisch, Manfred + Zeibig, Brigitte","Johnson, Uwe",1961-09-18,1961,9.0,BierwischManfred+ZeibigBrigitte,JohnsonUwe,366,0.00016630668067190834,0.00018305800499921303,0.0001506696459393302,0.00019150111356924467,0.00013484815002414932,0.00022499901240719976,0.0002275346058827596,0.0001621894974969019,0.000143843343496679,0.0738494019218293,0.000121832660493582,0.00019766168163134587,0.0001427757116146802,0.00014430762736646337,0.2954704849282035,0.0083372740144109,0.0001253657323173661,0.00014263952523098055,0.0001162558482434844,0.00017939541403360734,0.0003414305194607708,3.973264419604824e-05,0.00018607954315424867,0.00010150078285242863,0.00014285624504473606,0.00016099275093625753,0.00010309134059426464,0.00016402211184878747,0.00018515145926848676,5.6297302367422536e-05,0.00013747595819702687,0.0002074771051520584,8.155549331408499e-05,0.3028580148270755,8.184557715808703e-05,0.00012024289881408084,0.00010427020275688404,0.3142157490401969,0.00010827886190886096,0.00019159021584026095
351,uj0287,uj0287,0570_101023.xml,letters-leipzig,Brief,"Johnson, Uwe","Klemm, Erika",1966-10-10,1966,10.0,JohnsonUwe,KlemmErika,432,0.00014192344238752686,0.00015621875273510804,0.00012857904883090845,0.00016342396558566383,0.0001150772390723907,0.00019201053286380427,0.00019417436749205195,0.0141018487788332,0.0001227535922856556,0.0001864150865489839,0.3352265030118891,0.00016868129513432427,0.00012184249243516392,0.00012314980466136163,0.6431260408250074,0.00013317590846772135,0.0001069850965459093,0.00012172627316902935,9.92108682209074e-05,0.00015309315660273315,0.0002913713054836959,3.390719853633917e-05,0.00015879728472513617,8.661913309342362e-05,0.00012191121836712665,0.00013738862034885698,8.797648944931671e-05,0.0001399738281541204,0.00015800527288676883,4.804321099330128e-05,0.0001173197682379184,0.00017705761945829545,6.959814428370706e-05,0.00013053218856417335,6.984569716345574e-05,0.00010261335295372774,8.898251142957268e-05,0.002841320176496,9.240343657766824e-05,0.00016350000402847375
352,uj0476,uj0476,0273_060250.xml,letters-leipzig,Brief,"Baumgärtner, Klaus + Baumgärtner, Sabine","Johnson, Uwe",1962-01-21,1962,1.0,BaumgärtnerKlaus+BaumgärtnerSabine,JohnsonUwe,451,0.0001301139904934218,0.00014321978784004224,0.00011787998413649224,0.0449552186182928,0.0065062721121077,0.00017603333337603408,0.0001780171152905143,0.00012689281422841473,0.0001125392639228492,0.00017090348423789777,9.531868211911148e-05,0.00015464532188837646,0.00011170397670538066,0.00011290250746048284,0.3143783833255203,0.00012209433900995065,9.808286496393252e-05,0.00011159742804622616,9.095553030127015e-05,0.0001403542726114612,0.00026712629452886925,3.108578000785258e-05,0.00014558376014224588,7.941155365363847e-05,0.00011176698395145374,0.00012595651106858007,0.038485278675918,0.0001283266036913273,0.0065456281035469,4.404553464386124e-05,0.00010755758846038634,0.00016232465213237562,6.380688159298713e-05,0.00011967060308154604,6.403383559368203e-05,0.1985179589039132,8.157827524091786e-05,0.3866511209950285,8.47145451531331e-05,0.00014989516609769694
353,uj0866,uj0866,0390_101355.xml,letters-leipzig,Brief,"Johnson, Uwe","Bierwisch, Manfred",1963-08-19,1963,8.0,JohnsonUwe,BierwischManfred,879,6.308471793647386e-05,6.943895798251978e-05,0.0652277527006685,7.264166229058212e-05,5.115162826989009e-05,8.534834064601084e-05,8.631016129302873e-05,6.15229566275552e-05,5.456375363193754e-05,8.286117470245035e-05,4.62144935587428e-05,7.497853593243425e-05,0.0310877776008695,5.473986932885043e-05,0.5031037140873297,5.9196454653908726e-05,4.75546852969955e-05,5.410711211019265e-05,4.409905462170973e-05,6.804963605601378e-05,0.00012951402750668173,1.5071689494680458e-05,7.058511086991195e-05,3.8502050733662014e-05,5.418931992209038e-05,6.106899759888193e-05,3.910539322176898e-05,6.221811787428293e-05,7.023306301520078e-05,2.1355121911426217e-05,5.214842849888499e-05,7.870179720930834e-05,3.0936251454858614e-05,5.802132585479904e-05,3.104628826999353e-05,4.561145303906939e-05,0.3910631498199304,0.0074696855351903,4.10731633534233e-05,7.267546124328717e-05
354,uj0604,uj0604,0985_101670.xml,letters-leipzig,Brief,"Johnson, Uwe","Klemm, Erika",1976-03-29,1976,3.0,JohnsonUwe,KlemmErika,395,0.0161327846930266,0.00017867272362912217,0.00014706025015585286,0.000186913571682232,0.0001316177691397151,0.00021960900513927188,0.00022208385671594255,0.00015830413568603425,0.00014039747651888536,0.000213209302059548,0.00011891407468066762,0.1758680086046266,0.00013935542049849537,0.00014085063814681743,0.7994470688314036,0.0001523178355421786,0.00012236250932047224,0.00013922249655399526,0.00011347085883278664,0.00017509787256829584,0.00033325131475361685,3.878082116936264e-05,0.0001816218787437092,9.90692612585256e-05,0.00013943402469442407,0.00015713605801860288,0.00010062171608738954,0.00016009284849110723,0.00018071602775059857,5.494866147483063e-05,0.00013418262634672397,0.00020250684731521796,7.960177495328253e-05,0.00014929412278420775,7.98849096377716e-05,0.0001173623968439136,0.0001017723377899446,0.003249714939779,0.0001056849667339102,0.00018700053944659765
355,uj0298,uj0298,0559_s000169.xml,letters-leipzig,Brief,"Johnson, Uwe","Bierwisch, Manfred",1966-08-08,1966,8.0,JohnsonUwe,BierwischManfred,436,0.00012686583416275058,0.00013964445932397818,0.00011493723666344686,0.0001460852229020625,0.00010286792430105407,0.00017163884986164652,0.00017357310878663302,0.0001237250711110937,0.00010972984180633545,0.00016663706190963047,0.4494436487147531,0.00015078476715943813,0.00010891540663908116,0.0001100840173583369,0.4875187441422941,0.00011904638468397573,9.563433135463496e-05,0.0250727398268186,8.868492296352529e-05,0.0001368504786121317,0.00026045777286281093,3.0309756824308275e-05,0.0001419494175911052,7.742912932132547e-05,0.00010897684097678034,0.0001228121417562166,7.864247465349607e-05,0.00012512306755664394,0.0001412414355914375,4.294598507468183e-05,0.00010487252853297603,0.0001582723911537652,6.221401117528116e-05,0.00011668315472552765,6.243529951257325e-05,9.17264153103401e-05,7.954176102623453e-05,0.0337447758816503,8.259973732120366e-05,0.00014615319391737353
356,uj1039,uj1039,0654_s000213.xml,letters-leipzig,Brief,"Johnson, Uwe","Bierwisch, Manfred",1969-02-12,1969,2.0,JohnsonUwe,BierwischManfred,833,6.638077500716051e-05,7.306701206480756e-05,6.013930304602986e-05,7.643705160912377e-05,5.3824203999021273e-05,0.0033553142954324,9.081970380518622e-05,6.47374146268127e-05,5.74146064508858e-05,8.719051419539125e-05,4.862911334694393e-05,7.889602247424137e-05,5.6988464629865104e-05,0.0947572932257375,0.5261244239310474,0.1927271826266679,5.003932756606739e-05,0.0033224407718562,4.6403146730718656e-05,7.160510069811525e-05,0.00013628089022843276,1.5859156734783838e-05,7.427304927049662e-05,4.051370998661161e-05,5.702060928863344e-05,6.425973709839489e-05,4.1148575977383247e-05,0.1600752955102505,7.390260758192684e-05,2.2470886598563476e-05,5.487308515268876e-05,8.281381710339281e-05,0.0032980592776022,6.105283027599506e-05,3.266839805058944e-05,4.799456510188477e-05,4.161911500603281e-05,0.0143909757928337,4.321915837273758e-05,7.647261649311437e-05
357,uj0620,uj0620,0042_060043.xml,letters-leipzig,Brief,"Baumgärtner, Klaus + Baumann, Sabine","Johnson, Uwe",1957-06-08,1957,6.0,BaumgärtnerKlaus+BaumannSabine,JohnsonUwe,131,0.0003891901170156173,0.00042839148793331314,0.0003525964014008161,0.0004481500111572164,0.00031557101058841047,0.0005265416374938679,0.000532475421497434,0.00037955510418762,0.0003366215203214406,0.0005111975028718138,0.000285112222805794,0.000462566943749972,0.00033412305317985627,0.0003377080352640744,0.2702544024602346,0.00036520215778509626,0.00029338030097900814,0.0003338043504410736,0.00027206139283660296,0.00041982030966960544,0.0007990141062570434,9.298214829088298e-05,0.0004354624774051396,0.00023753165775369916,0.00033431151713656854,0.0003767544834783769,0.00024125387354902533,0.0003838437797307385,0.0004332905798322899,0.0001317466839426959,0.402380318800228,0.0387768320191741,0.00019085578437340905,0.0003579524065015213,0.00019153463722968253,0.00028139186995182393,0.0002440126412735779,0.2758306868779127,0.00025339368668997623,0.000448358527875505
358,uj0035,uj0035,1037_101721.xml,letters-leipzig,Brief,"Johnson, Uwe","Klemm, Erika",1978-06-05,1978,6.0,JohnsonUwe,KlemmErika,1126,5.490586503837046e-05,6.043628599929055e-05,0.2728522571934356,6.322376379499626e-05,4.451988516628793e-05,7.428303757302449e-05,7.512015940480412e-05,5.354658408325886e-05,4.748963284450114e-05,7.211832950913683e-05,4.022284364825369e-05,0.0027662726535592,4.713715601201999e-05,0.0621709876577126,0.543216546362295,5.152171011132213e-05,4.138928124380799e-05,4.709219431130378e-05,3.838166866050762e-05,5.922708788147693e-05,0.00011272269968803704,1.3117664251561936e-05,6.143384163252433e-05,3.3510309159370734e-05,0.0027481787327833,0.032465331345833,0.0054360654066617,5.415161856452853e-05,6.112743633136591e-05,1.8586457701648783e-05,4.5387451522033925e-05,6.849820998174093e-05,2.6925406068772883e-05,5.049893525622027e-05,2.7021176751731853e-05,3.969798655973981e-05,3.442462838511841e-05,0.0767276400795056,3.5748080320386644e-05,6.325318075676393e-05
359,uj0345,uj0345,0577_101030.xml,letters-leipzig,Brief,"Bierwisch, Manfred","Johnson, Uwe",1966-11-16,1966,11.0,BierwischManfred,JohnsonUwe,633,8.027393343681135e-05,8.835956588762869e-05,7.272615315401893e-05,9.243493756008472e-05,6.50893360109266e-05,0.00010860390979094752,0.0001098278056744896,7.828662609111522e-05,0.063252800697339,0.00010543904514653822,5.880693932064885e-05,9.540855851476951e-05,6.891586029042893e-05,6.965529482542544e-05,0.3242717017341029,7.532620285895982e-05,6.0512304199943344e-05,6.885012500754108e-05,5.611508921850472e-05,8.65916839108407e-05,0.083092976263597,1.917839753987008e-05,8.981802054353408e-05,4.8993023332323625e-05,6.8954732662709e-05,7.770897308666723e-05,0.0276924849223813,0.2528126492273311,8.937004729454349e-05,2.7173928820274262e-05,6.63577426528127e-05,0.0001001463276240587,3.9365708071684334e-05,7.383087698472189e-05,3.95057275290533e-05,5.803958335680495e-05,5.032978399744335e-05,0.2464426482565601,5.226470829896009e-05,9.247794599332224e-05
360,uj1050,uj1050,0647_s000207.xml,letters-leipzig,Brief,"Johnson, Uwe","Bierwisch, Manfred",1969-01-14,1969,1.0,JohnsonUwe,BierwischManfred,131,0.0004214671640988802,0.000463919656870701,0.00038183858960609,0.0004853168311201854,0.0003417425394159688,0.0005702097793136304,0.0005766356750571699,0.00041103308225782094,0.0003645388496307527,0.0005535930960476237,0.0003087576861338031,0.0005009294158935793,0.0003618331749110744,0.0003657154734749921,0.6036697050633504,0.1247963121856712,0.00031771146812326865,0.0003614880409170889,0.2283627988916951,0.000454637637523725,0.0008652794475396304,0.00010069351876786592,0.000471577070946157,0.0002572310801333635,0.000362037268915258,0.0004080001952022797,0.0002612619937327375,0.00041567743431064017,0.0004692250494771599,0.00014267294782958572,0.00034840213272841966,0.0005258044160979633,0.00020668419539671975,0.0003876387889996494,0.00020741934815539725,0.0210381991892056,0.00026424955677311143,0.0084378108150367,0.00027440860869932865,0.0004855426409392996
361,uj0704,uj0704,0027_060028.xml,letters-leipzig,Brief,"Menzhausen, Joachim","Johnson, Uwe",1956-10-17,1956,10.0,MenzhausenJoachim,JohnsonUwe,311,0.00017952530086204647,0.00019760807737798157,0.00016264538146485447,0.0002067222729119309,0.0001455663392833562,0.0355688376331312,0.0267400860305598,0.00017508086997562066,0.0001552765013041714,0.2386860005767642,0.00013151633441042148,0.0002133725038609312,0.00015412401041173474,0.00015577768803384266,0.3012925057898187,0.00016846015452444564,0.00013533022679026736,0.00015397699947141522,0.0001254962581693169,0.1061715191748419,0.0003685685775342,4.2890729792222216e-05,0.0002008697776545872,0.0354355233445701,0.00015421094491251255,0.00017378900193107017,0.00011128539071120584,0.00017705914674452216,0.0001998679265073964,6.077200329174941e-05,0.00014840301458069,0.00022396809060179485,8.803780109740868e-05,0.00016511599514460563,8.835094179121173e-05,0.00012980021306966517,0.00011255795284499437,0.2420443085984333,0.00011688523385021026,0.0090383071909682
362,uj0418,uj0418,0094_060078.xml,letters-leipzig,Brief,"Baumgärtner, Klaus","Johnson, Uwe",1958-03-17,1958,3.0,BaumgärtnerKlaus,JohnsonUwe,683,8.67854689827582e-05,9.552697913709435e-05,7.862543964849646e-05,9.993293044321232e-05,7.036915110097512e-05,0.1538117170818249,0.00011873664606594396,8.463695834393568e-05,7.506320236187553e-05,0.00011399188491665888,6.357714876897703e-05,0.0001031477609377516,7.450606940001333e-05,7.530548423063494e-05,0.2822668877461413,8.143639612416732e-05,6.542084677279788e-05,7.443500190512564e-05,6.0666945374873306e-05,9.361569287151624e-05,0.0001781720832663753,2.0734080835163756e-05,9.7103738439695e-05,5.296716287268823e-05,7.454809496067e-05,8.40124481853575e-05,5.379717943613415e-05,8.559328971529343e-05,9.661942719641974e-05,2.9378181133081745e-05,7.174044637160716e-05,0.2648040149466252,4.25589140904465e-05,7.98197747413377e-05,4.27102914274502e-05,6.274754762265558e-05,5.441235680144269e-05,0.2963182015380885,5.650423527012953e-05,9.997942756735872e-05
363,uj1139,uj1139,0443_s000045.xml,letters-leipzig,Brief,"Johnson, Uwe","Baumgärtner, Klaus",1964-04-19,1964,4.0,JohnsonUwe,BaumgärtnerKlaus,367,0.00014393324546251466,0.00015843099423894978,0.00013039987957861357,0.00016573824138841616,0.00011670686829401905,0.00019472962812310608,0.00019692410519784784,0.0001403699518284398,0.00012449192770855113,0.0001890549436992019,0.0001054423680234994,0.00017107002091458116,0.00012356792561125417,0.0001248937509180817,0.4964605091817277,0.00013506183616120184,0.0001085001314999567,0.0001234500605434499,0.00010061581094684648,0.00015526113598460025,0.0002954974662917557,3.4387364397145164e-05,0.00016104604127846752,8.784576202177634e-05,0.00012363762478334597,0.00013933420500351535,8.922234014210831e-05,0.0001419560223956736,0.00016024281361978605,4.87235594372389e-05,0.00011898115431336037,0.00017956496385504168,7.058373596638973e-05,0.00013238067807054275,7.083479448643695e-05,0.481584105294437,9.024260857830848e-05,0.0170427342283911,9.371197805502434e-05,0.00016581535662512007
364,uj0166,uj0166,0161_060136.xml,letters-leipzig,Brief,"Baumgärtner, Klaus + Baumgärtner, Sabine","Johnson, Uwe",1959-02-17,1959,2.0,BaumgärtnerKlaus+BaumgärtnerSabine,JohnsonUwe,755,6.659825204312343e-05,7.330639458495452e-05,0.0033365414670286,7.668747507013193e-05,5.400054313256572e-05,0.1737289740283908,9.11172477851782e-05,6.494950767705841e-05,5.76027084793808e-05,8.74761682057467e-05,4.8788432297815744e-05,7.915450202822535e-05,5.717517053033771e-05,5.778863302585441e-05,0.2821327303238487,6.249343004228547e-05,5.020326666800575e-05,5.712063408556095e-05,4.655517295833141e-05,7.183969369673531e-05,0.00013672737438084092,1.5911114585519693e-05,7.45163830159302e-05,4.064644121131936e-05,5.7207420501602176e-05,6.447026517906898e-05,4.128338715331018e-05,6.568338626817465e-05,7.414472768439801e-05,2.2544505832632185e-05,5.5052860636055146e-05,0.3375322140669336,3.265926105486966e-05,6.125285187206921e-05,3.277542642404445e-05,4.815180514253753e-05,4.175546776434176e-05,0.2011818162931068,4.3360753201341214e-05,7.67231564719781e-05
365,uj0023,uj0023,0584_s000159.xml,letters-leipzig,Brief,"Johnson, Uwe","Bierwisch, Manfred",1967-01-10,1967,1.0,JohnsonUwe,BierwischManfred,589,8.829326587295503e-05,9.718664962987492e-05,7.99914654910936e-05,0.00010166914923095048,7.159173350376101e-05,0.00011945339503716546,0.00012079955760849951,8.610742735312037e-05,7.636733846226276e-05,0.00011597236173610385,0.2346115276026446,0.00010493983367752794,7.580052596122e-05,7.661382969755034e-05,0.4044443705512903,8.285125907604295e-05,6.655745812576141e-05,7.5728223751016e-05,6.172096320350482e-05,9.524215698169276e-05,0.00018126761661104503,2.109431144716356e-05,9.87908032970036e-05,5.388740590874136e-05,7.584328166726171e-05,8.54720670546969e-05,5.4731843047519125e-05,0.3171596683155129,9.829807770746672e-05,2.988859296436309e-05,7.298685343961449e-05,0.00011015090394282674,4.329832587294753e-05,8.120655077126397e-05,4.345233321564983e-05,6.38377135027491e-05,5.535770840621186e-05,0.0408587801622692,5.748593083762341e-05,0.00010171645418871248
366,uj0655,uj0655,0050_060048.xml,letters-leipzig,Brief,"Bierwisch, Manfred","Johnson, Uwe + Schmidt, Elisabeth",1957-08-04,1957,8.0,BierwischManfred,JohnsonUwe+SchmidtElisabeth,820,8.189085217816354e-05,9.0139349585084e-05,7.419104063351123e-05,9.429680948410436e-05,6.640039880245009e-05,0.00011079146544702277,0.0041405425975745,7.986351546858166e-05,7.08297100964812e-05,0.0001075628524756249,5.9991458855672834e-05,9.733032663728668e-05,0.390835054637712,7.105832750136e-05,0.318717840924003,7.684346187322529e-05,6.173117406908103e-05,7.02369395400165e-05,5.7245388128068833e-05,8.833585802273838e-05,0.00016812334949691793,1.956469866009273e-05,9.162718118273853e-05,4.997986593776162e-05,7.034365425623011e-05,7.927422708102857e-05,5.076307036702017e-05,8.076591067233121e-05,9.117018462679254e-05,2.772128003261093e-05,6.76943543415076e-05,0.00010216352632206944,4.015863235510455e-05,7.531801637824663e-05,4.030147215620255e-05,5.920864641441333e-05,5.134355232184883e-05,0.2836346431542327,5.331745086110718e-05,9.434068421526402e-05
367,uj0153,uj0153,1056_101746.xml,letters-leipzig,Brief,"Johnson, Uwe","Bierwisch, Hedwig + Bierwisch, Wilhelm",1979-06-01,1979,6.0,JohnsonUwe,BierwischHedwig+BierwischWilhelm,451,0.0001301139904934218,0.00014321978784004224,0.00011787998413649224,0.00014982545481492034,0.00010550166018232242,0.00017603333337603408,0.0001780171152905143,0.00012689281422841473,0.0001125392639228492,0.00017090348423789777,9.531868211911148e-05,0.00015464532188837646,0.00011170397670538066,0.00011290250746048284,0.6152145945660147,0.00012209433900995065,9.808286496393252e-05,0.00011159742804622616,0.0448963486937791,0.0001403542726114612,0.00026712629452886925,3.108578000785258e-05,0.00014558376014224588,7.941155365363847e-05,0.00011176698395145374,0.00012595651106858007,8.065596436560963e-05,0.0001283266036913273,0.00014485765162152228,4.404553464386124e-05,0.00010755758846038634,0.00016232465213237562,6.380688159298713e-05,0.00011967060308154604,6.403383559368203e-05,9.407489422545796e-05,8.157827524091786e-05,0.0026048938795037,8.47145451531331e-05,0.3329899586662191
368,uj1043,uj1043,0674_101123.xml,letters-leipzig,Brief,"Johnson, Uwe","Doherty, Monika",1969-06-25,1969,6.0,JohnsonUwe,DohertyMonika,457,0.00012377590143299955,0.00013624329156087495,0.00011213783577054832,0.00014252718448646372,0.1462358173183562,0.0001674584296296402,0.00016934557791999785,0.00012071163452085696,0.00010705727174942924,0.0001625784647705176,9.067553579716738e-05,0.00014711226707091052,0.00010626267289110848,0.0001074028210338668,0.5791573957483295,0.0001161469017552492,9.33050702695626e-05,0.00010616131441087654,8.652492103779878e-05,0.1523579494814902,0.0915887733594328,2.9571535141060776e-05,0.00013849211047387797,7.554327248283922e-05,0.0001063226109396606,0.00011982094039039788,7.672706568634486e-05,0.0001220755814920023,0.00013780137201946642,0.0183088318510484,0.00010231826275681696,0.00015441752317556242,6.069873237190385e-05,0.0062028185152389,6.091463103055929e-05,8.949233507336665e-05,7.760444912189869e-05,0.0024780047622102,8.058794562407737e-05,0.00014259350000590172
369,uj0226,uj0226,0644_101094.xml,letters-leipzig,Brief,"Johnson, Uwe","Doherty, Monika",1968-12-24,1968,12.0,JohnsonUwe,DohertyMonika,245,0.0002134580421623295,0.00023495871116784503,0.00019338758674974492,0.0002457956145191808,0.00017308037161870382,0.00028879085604292966,0.2208080282905631,0.0002081735529511333,0.0001846258872874672,0.00028037510037006027,0.0001563747233443559,0.1262628359434744,0.0001832555598276153,0.00018522180517513908,0.5787568999401491,0.0002003014315780702,0.00016090949363305922,0.000183080761805574,0.00014921677022062543,0.00023025770039905943,0.0004382330879560028,5.0997665311791126e-05,0.0107395980102518,0.00013027834058191806,0.00018335892614001407,0.00020663750414799705,0.00013231985412873857,0.00021052575113109583,0.0002376457027419064,7.225874447027288e-05,0.00017645321740874883,0.00026630112801443817,0.0001046781515936306,0.0001963251802615609,0.00010505048016848656,0.00015433423155990084,0.00013383294793949425,0.0042734493458458,0.00013897814433701716,0.0527497154429695
370,uj0556,uj0556,0759_101209.xml,letters-leipzig,Brief,"Zeibig, Brigitte","Johnson, Uwe",1970-07-27,1970,7.0,ZeibigBrigitte,JohnsonUwe,243,0.0003069228130375589,0.00033783776825083617,0.0002780643049589981,0.0154520456650717,0.0002488653695155718,0.0004152408642857074,0.00041992036049773133,0.0455952022925242,0.00026546620643476025,0.0155017661298676,0.00022484498354164028,0.0003647891901330852,0.00026349586718448013,0.0002663230530195544,0.545297591397687,0.0002880054469376218,0.0002313653490401185,0.00026324453207386624,0.00021455284797217969,0.0003310783721903294,0.0006301178946413534,7.332751081797915e-05,0.0003434140865712853,0.00018732203464538275,0.0002636444934861804,0.00029711583320872405,0.00019025744562496964,0.0003027065886084665,0.0909334569582636,0.0001038979693372836,0.00025371505007731546,0.0003829037805149072,0.00015051254300485196,0.00028228815361362866,0.00015104789942624254,0.00022191104171344385,0.00019243306292231977,0.2779198895434481,0.00019983113579866296,0.00035358416005051526
371,uj0188,uj0188,0159_060135.xml,letters-leipzig,Brief,"Bierwisch, Manfred","Johnson, Uwe",1959-02-15,1959,2.0,BierwischManfred,JohnsonUwe,367,0.00017339978777350168,0.0001908655688927227,0.0001570958215522943,0.00019966878249951927,0.0001405995267379928,0.00023459539233799457,0.00023723913081419765,0.0001691070035877649,0.00014997837209054576,0.0002277589656901785,0.00012702891662629798,0.00020609210350031537,0.00014886520489238589,0.00015046245802240375,0.3507232917272088,0.00016271219099795242,0.00013071267666502613,0.0001487232100552828,0.0001212142490692722,0.00018704676562173388,0.00035599279219992585,0.1194635683681742,0.0001940159779605721,0.00010582986885642498,0.0001489491731348157,0.00016785921487118415,0.00010748826510221362,0.00017101778034311687,0.00019304831058739776,5.869842536265988e-05,0.00014333941293886873,0.076987702581403,8.503389746756166e-05,0.00015948213638191465,8.53363536093309e-05,0.00012537135039551145,0.00010871740663751782,0.4470394321067191,0.00011289703816765704,0.00019976168505052888
372,uj0059,uj0059,0011_060005.xml,letters-leipzig,Brief,"Bierwisch, Manfred","Johnson, Uwe",1955-07-19,1955,7.0,BierwischManfred,JohnsonUwe,290,0.0002008063265934792,0.4348696716238078,0.00018192545247118028,0.00023122724233949705,0.00016282185144261463,0.00027167414433449283,0.0002747357363854221,0.00019583505047910256,0.00017368306129250514,0.0101421353513693,0.0001471063514344987,0.0002386657952423728,0.0001723939535097504,0.00017424365896670158,0.1394403183202562,0.0001884295118570408,0.0001513723446685567,0.00017222951581348774,0.00014037265211755493,0.00021661026456822256,0.0004122588949693458,4.797501997285589e-05,0.00022468098914627145,0.00012255670829705532,0.0001724911932730128,0.000194390043701651,0.00012447722078688734,0.0001980478332403112,0.0101019385366307,6.797594925141246e-05,0.00016599478775555128,0.0002505173885348991,9.847384939531628e-05,0.00018468893402548032,9.882410995540217e-05,0.00014518680014690186,0.0001259006331205305,0.3991552871979877,0.00013074087234376326,0.000231334828514999
373,uj0277,uj0277,0817_101477.xml,letters-leipzig,Brief,"Baumgärtner, Klaus + Baumgärtner, Sabine","Johnson, Uwe",0000-00-00,0,0.0,BaumgärtnerKlaus+BaumgärtnerSabine,JohnsonUwe,295,0.00017795370472367095,0.00019587818142555703,0.0001612215551172178,0.00020491258968475027,0.00014429202588242237,0.00024075646062600813,0.00024346963036053727,0.000173548181168885,0.00015391718343277222,0.0002337404921252877,0.00013036501722949915,0.00021150460333942733,0.00015277478164881978,0.00015441398268544064,0.2373757038006275,0.6742385623769237,0.0001341455221229709,0.0264151580298355,0.00012439764179729347,0.00019195908672302488,0.0003653420632189592,4.251525678095367e-05,0.00019911132820282505,0.00010860922885338752,0.00015286095510964916,0.00017226762236498389,0.0001103111787786285,0.00017550913975413374,0.00019811824743722723,6.0239994459367336e-05,0.0001471038684240292,0.00022200743444570465,8.72671026634198e-05,0.00016367054060918782,8.757750206837508e-05,0.0001286639191175533,0.00011157260067911452,0.0560877072375569,0.00011586199990340704,0.00020500793209169736
374,uj0779,uj0779,1139_101876.xml,letters-leipzig,Brief,"Johnson, Uwe","Klemm, Ine",1984-01-12,1984,1.0,JohnsonUwe,KlemmIne,457,0.00012155545619808838,0.0001337991908592637,0.0001101261685541738,0.00013997035554016364,9.85620561208309e-05,0.0001644543531671624,0.0001663076474570209,0.0001185461598964183,0.0001051367459752963,0.2273899976959329,8.904888586731148e-05,0.0001444731852413073,0.00010435640161424196,0.00010547609636921335,0.5508285169119089,0.00011406331495388994,9.163124849751716e-05,0.0001042568614278123,8.497272996994826e-05,0.0001311221612060202,0.0002495554741717283,2.904104436270421e-05,0.00013600766767673966,7.418808381144088e-05,0.00010441526441993374,0.00011767144413909038,7.535064066806951e-05,0.00011988563869954638,0.00013532932054319033,4.1148342594211206e-05,0.00010048275118830902,0.00015164739062510334,5.960984342421721e-05,0.00011179900559435325,5.982186902565968e-05,8.788691086175388e-05,7.621228451420318e-05,0.0024335512474094,7.914225936543899e-05,0.2154108798901473
375,uj1015,uj1015,0646_101096.xml,letters-leipzig,Brief,"Bierwisch, Manfred","Johnson, Uwe",1969-01-10,1969,1.0,BierwischManfred,JohnsonUwe,670,8.791142610058035e-05,9.676634885375544e-05,7.964552831600955e-05,0.00010122946309615812,7.128212244843637e-05,0.00011893679780045205,0.00012027713865475326,8.573504062424352e-05,7.603707446254562e-05,0.00011547081884073982,6.440200048697015e-05,0.00010448600289203947,7.547271324195146e-05,7.62824997030912e-05,0.2080848573784923,8.24929542201316e-05,6.626961868059754e-05,7.540072371538436e-05,6.145404003210142e-05,0.4412117874551801,0.00018048369289068732,2.1003085383638228e-05,9.836356507593794e-05,5.3654360334963824e-05,7.551528404341522e-05,8.510242805328632e-05,5.4495145556671045e-05,8.67037794657365e-05,0.0044225490212441,2.975933448217563e-05,7.267120894251517e-05,0.0001096745369665625,4.311107464000163e-05,8.085535874596899e-05,4.326441595083729e-05,6.356163607202088e-05,5.511830425043596e-05,0.3434094027357741,5.723732280926744e-05,0.0001012765634753022
376,uj0015,uj0015,0600_101048.xml,letters-leipzig,Brief,"Johnson, Uwe","Menzhausen, Joachim",1967-06-09,1967,6.0,JohnsonUwe,MenzhausenJoachim,354,0.00015729843163342448,0.00017314239553085884,0.0001425084001753112,0.0001811281705509061,0.00012754389914926815,0.00021281160581001343,0.00021520985508872008,0.0001534042618167971,0.00013605185457085176,0.0002066099881293559,0.4566613574800725,0.00018695504226901364,0.0001350420525597614,0.0001364909898133731,0.5193460529517311,0.00014760325130875023,0.0001185751107197005,0.0001349132429143567,0.00010995867708399538,0.0001696781942595876,0.008061006326325,3.758046634949749e-05,0.0079140701670137,9.60028417845074e-05,0.00013511822377664017,0.00015227233881592,9.750724459744542e-05,0.00015513760988300737,0.00017512245473186403,5.3247875141338574e-05,0.00013002936817887732,0.0001962387987566548,7.713791855844993e-05,0.00014467312935348745,7.741228957902086e-05,0.0001137297631225366,9.862225193535172e-05,0.0031491288543499,0.0001024137760942814,0.0001812124464647131
377,uj0130,uj0130,1049_101738.xml,letters-leipzig,Brief,"Bierwisch, Manfred","Johnson, Uwe",1979-03-25,1979,3.0,BierwischManfred,JohnsonUwe,464,0.00011534770664553924,0.000126966162600668,0.00010450210448540784,0.0001328221703483889,9.352856294068655e-05,0.00015605578786027438,0.0001578144357462737,0.0228099495944489,9.976748812214792e-05,0.00015150811138614815,8.45012234366184e-05,0.00013709504378153152,9.902699538527962e-05,0.00010008950813599088,0.2957235264770295,0.0001082381836556832,8.695170666820578e-05,9.893253864444012e-05,0.3575655888826897,0.0001244258469226902,0.00023681085594084295,2.7557939154704736e-05,0.00012906185409855154,7.039935183272618e-05,0.0114478116028656,0.00011166204828349128,7.150253774845038e-05,0.00011376316552334122,0.00012841814966428098,0.0057134113017681,9.535116949516292e-05,0.00014390286766626444,5.656561167668313e-05,0.00010608951094342782,5.676680928345017e-05,8.339858965725034e-05,7.232017806428116e-05,0.3030505834339012,7.510052121126753e-05,0.00013288397028677452
378,uj0167,uj0167,0170_060149.xml,letters-leipzig,Brief,"Bierwisch, Manfred","Johnson, Uwe",1959-04-09,1959,4.0,BierwischManfred,JohnsonUwe,446,0.00012686583416275058,0.00013964445932397818,0.00011493723666344686,0.0001460852229020625,0.00010286792430105407,0.00017163884986164652,0.00017357310878663302,0.0001237250711110937,0.00010972984180633545,0.00016663706190963047,9.293915337218492e-05,0.00015078476715943813,0.00010891540663908116,0.0001100840173583369,0.3564581205202247,0.00011904638468397573,9.563433135463496e-05,0.00010881151785301522,8.868492296352529e-05,0.1686433665641299,0.00026045777286281093,3.0309756824308275e-05,0.0001419494175911052,7.742912932132547e-05,0.00010897684097678034,0.0001228121417562166,7.864247465349607e-05,0.00012512306755664394,0.0001412414355914375,4.294598507468183e-05,0.00010487252853297603,0.0001582723911537652,6.221401117528116e-05,0.00011668315472552765,6.243529951257325e-05,9.17264153103401e-05,7.954176102623453e-05,0.2396971844306166,0.1810710799773218,0.0500740098118485
379,uj0656,uj0656,0038_100103.xml,letters-leipzig,Brief,"Bierwisch, Manfred","Johnson, Uwe",1957-05-13,1957,5.0,BierwischManfred,JohnsonUwe,328,0.00014921592863235335,0.00016424577833665764,0.00013518585690432003,0.0221932096176752,0.0001209902804199685,0.00020187665607935957,0.00020415167554076167,0.00014552185387645058,0.00012906106952963246,0.00019599369760588483,0.00010931234692348012,0.0515605882849273,0.0001281031544172249,0.00012947764058077123,0.1917013954878681,0.00014001891808125143,0.00011248233739518456,0.0001279809634286926,0.00010430864403346652,0.00016095957894932516,0.00030634290708546016,3.5649460242842044e-05,0.00016695680365374151,0.073495697902462,0.00012817541171021628,0.00014444809274633447,0.0221138854057954,0.00014716613690366734,0.00016612409568131858,5.051182681484605e-05,0.2790609344292555,0.0001861554135416415,7.317432240704004e-05,0.00013723935528446842,7.343459535572213e-05,0.00010788595945454324,9.355472113442485e-05,0.3553295308008564,9.715142449905314e-05,0.00017190116390980646
380,uj0013,uj0013,0592_101041.xml,letters-leipzig,Brief,"Bierwisch, Manfred","Johnson, Uwe",1967-03-16,1967,3.0,BierwischManfred,JohnsonUwe,888,5.992333352095377e-05,0.0030138012692428,5.4289024401360505e-05,6.900134770101426e-05,4.858825054973053e-05,8.10712522665319e-05,8.198487289136583e-05,5.843983725029287e-05,5.1829382994694005e-05,7.870872645627126e-05,4.389853203134266e-05,7.122111285520016e-05,0.0088949710788835,5.1996672950004784e-05,0.3953519390203198,5.622992400562461e-05,4.517156231728631e-05,5.13956252939052e-05,4.188910475460195e-05,6.463944312900517e-05,0.03844497131041,1.4316397153799717e-05,0.0030148899846082,3.6572585292007285e-05,5.1473713399733554e-05,5.8008627613952255e-05,3.714569228724824e-05,0.2918954708055796,6.671345132264977e-05,2.0284945935204865e-05,0.0177365878641117,7.475778916251835e-05,2.938593330455022e-05,5.511368480756656e-05,2.9490455809977816e-05,4.332571187189567e-05,3.7570457848442e-05,0.2399748829118571,3.9014850932142765e-05,6.903345287611613e-05
381,uj0740,uj0740,0780_101229.xml,letters-leipzig,Brief + Umschlag,"Baumgärtner, Klaus","Johnson, Uwe",1971-02-01,1971,2.0,BaumgärtnerKlaus,JohnsonUwe,182,0.00028537868309357447,0.0003141235949472993,0.0002585458681913562,0.00032861178745524286,0.0002313965218716365,0.6602093873669572,0.000390444484386884,0.00027831368541704504,0.00024683208018469493,0.0003748421755643604,0.0002090622220885796,0.000339183189599569,0.0002450000468635885,0.0002476287813082177,0.0998959788900033,0.00026778920197364733,0.00021512489726358133,0.0002447663539615448,0.00019949253234813737,0.0003078386677137566,0.0005858874196635227,6.818036191139677e-05,0.0003193084893611454,0.0001741731578452805,0.00024513824049550697,0.0002762600940874987,0.00017690252068215253,0.00028145841218476424,0.0003177159173968139,9.66049586608676e-05,0.00023590578411394997,0.00035602624501399754,0.00013994747046233212,0.00026247322815106547,0.00014044524809251246,0.0002063342252775332,0.0001789254227697774,0.2303340028920432,0.0001858041955595431,0.00032876468503374387
382,uj0244,uj0244,0839_101499.xml,letters-leipzig,Brief,"Baumgärtner, Klaus","Johnson, Uwe",1972-10-03,1972,10.0,BaumgärtnerKlaus,JohnsonUwe,378,0.00013996899389695687,0.00015406744143413092,0.00012680836793648432,0.00016117343024429494,0.006999065650804,0.1654431221012022,0.00019150036386680175,0.00013650384153887442,0.00012106313460566468,0.00018384793711689567,0.0001025382434679106,0.00016635836033851743,0.0001201645816445212,0.00012145389068277328,0.3106475196284364,0.00013134192354665166,0.0001055117891279093,0.00012004996285090514,9.7844620838653e-05,0.0001509848883434149,0.00028735878860404565,3.344025754418192e-05,0.0483556225646813,8.542628833796268e-05,0.00012023236114161924,0.00013549662155609154,8.676495234087791e-05,0.00013804622808641538,0.00015582935915538947,4.738160090529621e-05,0.0001157041405439359,0.00017461933307464587,6.863969805556147e-05,0.261780514585374,6.888384184838256e-05,0.00010120024945638496,0.0138589034347019,0.1887126671857847,9.113093533259855e-05,0.00016124842155058338
383,uj0401,uj0401,0128_060108.xml,letters-leipzig,Brief,"Baumgärtner, Klaus + Bierwisch, Manfred","Johnson, Uwe",1958-08-12,1958,8.0,BaumgärtnerKlaus+BierwischManfred,JohnsonUwe,145,0.0003748371183160515,0.0004125927761973593,0.00033959294764000444,0.00043162262198126813,0.0003039330215784934,0.0005071232321752317,0.0005128381832990223,0.4797944404851309,0.000324207206513915,0.0004923449761165006,0.0002745975278424641,0.0004455078704286445,0.0003218008807039479,0.00032525365171459777,0.4262438030301009,0.0003517338145086462,0.0002825606863630981,0.0003214939314496328,0.00026202800132211823,0.00040433769565837314,0.0007695471492952822,8.955304617560928e-05,0.00041940299362422216,0.00022877169334096524,0.0003219823942711016,0.0003628601003093312,0.00023235663700081307,0.0003696879493783182,0.00041731119377656073,0.00012688797890208017,0.00030985581457171053,0.0004676307644259927,0.0001838171862560621,0.0003447514278527839,0.00018447100359951735,0.00027101437842028835,0.00023501366373084465,0.0812625627730316,0.00024404874421448815,0.0004318234487812995
384,uj1089,uj1089,0437_101398.xml,letters-leipzig,Brief,"Johnson, Uwe","Bierwisch, Manfred",1964-03-20,1964,3.0,JohnsonUwe,BierwischManfred,444,0.0001187158928103092,0.00013067361101643625,0.00010755359595197624,0.2512591707490232,9.6259623842276e-05,0.0001606126616888845,0.00016242266259828227,0.00011577689436172176,0.00010268072743100996,0.0059959896367125,8.69686834318134e-05,0.0001410982584370467,0.00010191861209353724,0.00010301215052174926,0.6898025297564467,0.0234716285495351,8.949072147760264e-05,0.00010182139718873492,8.298774747283098e-05,0.0001280591173910199,0.0002437258009522628,2.8362638893345266e-05,0.00013283049730799254,7.245503312668047e-05,0.0001019760998505626,0.00011492261216547704,7.359043238800616e-05,0.00011708508263222354,0.00013216799651935343,0.0175603594427271,9.813545103164084e-05,0.0001481048727345896,5.821734378468793e-05,0.00010918735513451289,5.84244164193615e-05,8.583385242938404e-05,7.443194803590577e-05,0.0082167603760459,7.72934780013676e-05,0.00013676422038671812
385,uj1122,uj1122,0507_s000057.xml,letters-leipzig,Brief,"Johnson, Uwe","Baumgärtner, Klaus",1964-09-12,1964,9.0,JohnsonUwe,BaumgärtnerKlaus,168,0.0003319854323492352,0.0003654248325390189,0.0003007704040931163,0.0003822791707873016,0.00026918714994727004,0.0657753301796095,0.0004542101027043124,0.0003237666113680623,0.0002871435734774476,0.0004360596957294742,0.00024320531385033805,0.00039457704627462726,0.0002850123408023488,0.00028807038820684034,0.5571622624661686,0.0003115233171306188,0.0002502581175753659,0.0002847404822378585,0.00023207274588313973,0.0003581134795595568,0.000681571889730792,7.93152686862056e-05,0.098360729035552,0.0002026183262326469,0.000285173103590035,0.00032137763683773784,0.0002057934362009685,0.0003274249206162662,0.0003696038367610999,0.00011238204136498884,0.1309267962246847,0.00041417083293460605,0.00016280305516857733,0.000305339162628552,0.0001633821275785338,0.00024003179300097023,0.00020814670946188725,0.1372987418176177,0.0002161488921543266,0.0003824570389032855
386,uj0501,uj0501,0292_060265.xml,letters-leipzig,Brief,"Bierwisch, Manfred","Johnson, Uwe",1962-04-24,1962,4.0,BierwischManfred,JohnsonUwe,199,0.00027758477250081943,0.0003055446387773626,0.0002514847823423164,0.0003196371476419679,0.00022507690548196144,0.0003755489522106216,0.0003797811462224567,0.0002707127253265209,0.0002400909068653393,0.00036460494841385015,0.00020335257254637185,0.00032991983669020786,0.0002383089077785803,0.00024086584947046616,0.2200661926130386,0.0002604756735935214,0.0002092496714149913,0.000238081597208829,0.0001940442383684015,0.0002994313577242885,0.000569886385119607,6.631830396383498e-05,0.027621354481292,0.0001694163553918232,0.0002384433272364785,0.0002687152191503681,0.00017207117723742297,0.0002737715671956185,0.0003090388521470806,9.39666031871593e-05,0.00022946301631585544,0.00034630289535019827,0.0001361253977670566,0.00025530488309100216,0.00013660958070858448,0.2323422147675242,0.0001740388323183761,0.5108064535013649,0.0001807297405503194,0.00031978586947039613
387,uj0666,uj0666,0252_060221.xml,letters-leipzig,Brief,"Baumgärtner, Klaus","Johnson, Uwe",1961-07-10,1961,7.0,BaumgärtnerKlaus,JohnsonUwe,326,0.00016495713046932244,0.00018157252067150265,0.00014944698759283771,0.00018994711486294705,0.00013375388040462365,0.00022317318399460095,0.0002256882015638004,0.00016087335752994496,0.00014267607942422994,0.000216669615928181,0.00012084400934026448,0.00019605769097137167,0.00014161711119192228,0.00014313659571000631,0.2524986497809358,0.00015478990178729746,0.0001243484108918967,0.000141482029937379,0.0001153124519655062,0.00017793965100368036,0.0003386598693290643,3.9410220600030265e-05,0.00018456953956241267,0.00010067712140053928,0.2760458681436938,0.0001596863223624739,0.00010225477203898025,0.00016269110053054227,0.000183648986918276,5.5840459410134e-05,0.00013636036436468103,0.00020579346401293727,8.08936844674449e-05,0.00015171711520801535,8.118141433078388e-05,0.00011926714830424896,0.00010342406793725022,0.4658476848077594,0.0001074001975074401,0.00019003549408430943
388,uj0152,uj0152,1067_101760.xml,letters-leipzig,Brief,"Johnson, Uwe","Klemm, Ine",1979-11-22,1979,11.0,JohnsonUwe,KlemmIne,469,0.00012377590143299955,0.00013624329156087495,0.00011213783577054832,0.00014252718448646372,0.00010036248248342797,0.0001674584296296402,0.00016934557791999785,0.00012071163452085696,0.00010705727174942924,0.1584759878702994,9.067553579716738e-05,0.00014711226707091052,0.00010626267289110848,0.0001074028210338668,0.6156912594572976,0.0001161469017552492,9.33050702695626e-05,0.0183730931688949,8.652492103779878e-05,0.00013351736078938322,0.1646565007773692,2.9571535141060776e-05,0.00013849211047387797,7.554327248283922e-05,0.0001063226109396606,0.00011982094039039788,7.672706568634486e-05,0.0001220755814920023,0.00013780137201946642,4.189999656430462e-05,0.00010231826275681696,0.00015441752317556242,6.069873237190385e-05,0.0001138412304109444,6.091463103055929e-05,8.949233507336665e-05,7.760444912189869e-05,0.0390118684711785,8.058794562407737e-05,0.00014259350000590172
389,uj0595,uj0595,0982_101666.xml,letters-leipzig,Brief,"Johnson, Uwe","Klemm, Erika",1976-03-04,1976,3.0,JohnsonUwe,KlemmErika,527,0.00012155545619808838,0.0001337991908592637,0.0001101261685541738,0.00013997035554016364,9.85620561208309e-05,0.0001644543531671624,0.0001663076474570209,0.0001185461598964183,0.0001051367459752963,0.00015966193115436546,8.904888586731148e-05,0.3409899768324091,0.00010435640161424196,0.00010547609636921335,0.5986664823360729,0.00011406331495388994,9.163124849751716e-05,0.0001042568614278123,8.497272996994826e-05,0.0001311221612060202,0.0002495554741717283,2.904104436270421e-05,0.00013600766767673966,7.418808381144088e-05,0.00010441526441993374,0.00011767144413909038,7.535064066806951e-05,0.00011988563869954638,0.00013532932054319033,4.1148342594211206e-05,0.00010048275118830902,0.00015164739062510334,5.960984342421721e-05,0.00011179900559435325,5.982186902565968e-05,8.788691086175388e-05,7.621228451420318e-05,0.0562512623495938,7.914225936543899e-05,0.0001400354814097794
390,uj0217,uj0217,0627_101072.xml,letters-leipzig,Brief,"Bierwisch, Manfred","Johnson, Uwe",1968-09-06,1968,9.0,BierwischManfred,JohnsonUwe,798,7.439803524737529e-05,8.189181488814438e-05,6.740273802600944e-05,8.566887715920162e-05,6.032492127199698e-05,0.00010065431158907753,0.00010178862063791164,0.1720880555481447,6.434896118622314e-05,9.772110897538877e-05,5.450238398759698e-05,8.842483475498976e-05,6.387135130267992e-05,6.45566606458567e-05,0.2785762087528972,6.98124690720829e-05,5.6082919423788856e-05,6.381042771660531e-05,5.200757215758228e-05,8.025333848626475e-05,0.0001527404654987069,1.7774575569821567e-05,8.324351345642445e-05,4.540682785431076e-05,0.1610996940067738,7.20208250825295e-05,4.6118370953253074e-05,7.337602319626043e-05,0.0183823495387733,2.5184849273292786e-05,6.150048297690995e-05,9.281580823910688e-05,3.648421363281576e-05,6.842659818803762e-05,3.661398393406622e-05,5.37911970106902e-05,4.664574019886613e-05,0.3674798795626122,4.843903174721864e-05,8.570873745749455e-05
391,uj0588,uj0588,0977_101661.xml,letters-leipzig,Brief,"Klemm, Erika","Johnson, Uwe",1976-01-15,1976,1.0,KlemmErika,JohnsonUwe,236,0.0003164796280850984,0.00034835719831630894,0.000286722537651172,0.0003644243331381337,0.0002566144197886998,0.000428170434756161,0.000432995638872304,0.0003086446776506367,0.000273732165589639,0.0004156929698716133,0.00023184609858033103,0.0003761478206204743,0.0002717004748627141,0.0002746156922515964,0.5467080460289422,0.0002969732221310871,0.00023856949208606168,0.00027144131380021566,0.00022123349143983247,0.0003413873314297856,0.0006497382028147166,7.561074760917241e-05,0.00035410714935668304,0.00019315477813459237,0.000271853729018768,0.000306367283231515,0.0001961815905305249,0.0003121321208860191,0.00035234101680078667,0.00010713309437391568,0.0002616151073730545,0.0003948264544118679,0.00015519913023372698,0.0002910779064752602,0.00015575115632607847,0.00022882080108151888,0.0001984249511536944,0.3177111449052461,0.1247561310113816,0.00036459389369624746
392,uj0427,uj0427,0131_060110.xml,letters-leipzig,Brief,"Johnson, Uwe","Bierwisch, Manfred",1958-08-18,1958,8.0,JohnsonUwe,BierwischManfred,1189,5.374454643448506e-05,5.915799299303946e-05,4.869119959425402e-05,6.188651260969075e-05,4.357824130273491e-05,7.271187075093025e-05,7.353128654791224e-05,5.241401574603396e-05,4.64851755961641e-05,7.059294861072883e-05,3.9372086873959234e-05,6.387739436464318e-05,4.614015403103395e-05,4.6635216026876776e-05,0.4576981305874696,5.043197005505573e-05,4.051385304909166e-05,4.609614331905944e-05,3.7569854734391296e-05,5.797437072707735e-05,0.00011033849231535617,1.2840211423449397e-05,6.013444924254664e-05,3.280152977083852e-05,4.616617964018975e-05,0.3649082389508011,3.3315542822313454e-05,5.3006253091722575e-05,5.983452474587634e-05,1.8193333959874213e-05,4.442745768897713e-05,6.704939853820839e-05,2.635590452348291e-05,4.943082799757916e-05,2.6449649552611463e-05,3.885833108219837e-05,3.3696510153167395e-05,0.1755724197547986,3.499196964440982e-05,6.191530737080741e-05
393,uj1104,uj1104,0414_101378.xml,letters-leipzig,Brief,"Baumgärtner, Klaus","Johnson, Uwe",1964-01-04,1964,1.0,BaumgärtnerKlaus,JohnsonUwe,1683,3.527727091325283e-05,3.883059182653536e-05,3.196031510418724e-05,4.06215591356756e-05,2.860423105874915e-05,4.772719342262634e-05,4.826504805120656e-05,3.440392664543761e-05,3.051230760603817e-05,4.633635853159054e-05,0.0052320870357517,4.192834986487681e-05,3.028583961939607e-05,3.061079233190044e-05,0.2188630385778194,3.310293580186768e-05,2.6592803634406826e-05,3.025695151981367e-05,2.4660398711379967e-05,3.805367647222675e-05,7.242485319535807e-05,8.428159637008724e-06,3.947152591071811e-05,2.153052781840051e-05,3.030292251479255e-05,3.415007062195264e-05,0.4668483839894379,3.479266408346346e-05,3.927465909492951e-05,1.194188459102799e-05,2.916164643405535e-05,0.0156627414359968,1.729969728504679e-05,3.244579825159912e-05,1.736123038949619e-05,2.5506139018116347e-05,2.211798212779633e-05,0.2922558998840146,2.296830608551012e-05,4.064045966896102e-05
394,uj1150,uj1150,0491_s000054.xml,letters-leipzig,Brief,"Johnson, Uwe","Baumgärtner, Klaus + Baumgärtner, Sabine",1964-08-05,1964,8.0,JohnsonUwe,BaumgärtnerKlaus+BaumgärtnerSabine,352,0.0295110671277119,0.00016424577833665764,0.00013518585690432003,0.1029383004151442,0.0001209902804199685,0.00020187665607935957,0.00020415167554076167,0.00014552185387645058,0.00012906106952963246,0.00019599369760588483,0.00010931234692348012,0.00017734868653797789,0.0001281031544172249,0.00012947764058077123,0.6468100890736026,0.00014001891808125143,0.00011248233739518456,0.0001279809634286926,0.00010430864403346652,0.00016095957894932516,0.00030634290708546016,3.5649460242842044e-05,0.1102738988002024,9.106990476296778e-05,0.00012817541171021628,0.00014444809274633447,0.0147734226060255,0.00014716613690366734,0.00016612409568131858,5.051182681484605e-05,0.0001233480379989149,0.0001861554135416415,7.317432240704004e-05,0.00013723935528446842,7.343459535572213e-05,0.00010788595945454324,0.0881791083183733,0.0029873164119006,9.715142449905314e-05,0.00017190116390980646
395,uj1151,uj1151,0413_101377.xml,letters-leipzig,Brief,"Johnson, Uwe","Bierwisch, Manfred",1964-01-03,1964,1.0,JohnsonUwe,BierwischManfred,1013,5.3043343772750575e-05,5.8386161339382175e-05,4.8055927719736366e-05,0.4932359660610641,4.3009677963337584e-05,7.176320226840062e-05,7.257192718461368e-05,5.173017245789467e-05,4.58786856167769e-05,6.967192560933705e-05,3.885840104077957e-05,6.304398889516449e-05,4.553816553237131e-05,4.60267684767896e-05,0.4960862097384105,4.9773986427224265e-05,3.998527064436762e-05,4.549472902616144e-05,3.7079682542262986e-05,5.7217981739484654e-05,0.00010889891100643933,1.2672685766900565e-05,5.93498778084531e-05,3.237356969841865e-05,4.556385158658388e-05,5.134847138029124e-05,3.2880876444905045e-05,5.231468290977312e-05,5.9053866413098864e-05,1.795596635618554e-05,4.3847814661873295e-05,6.617460807402613e-05,2.6012040231562345e-05,4.878590622480181e-05,2.61045621735442e-05,3.835134819755142e-05,3.325687331225802e-05,0.0088901053578582,3.453543100222586e-05,6.110750116141941e-05
396,uj0442,uj0442,0127_060107.xml,letters-leipzig,Brief,"Bierwisch, Manfred","Johnson, Uwe",1958-08-12,1958,8.0,BierwischManfred,JohnsonUwe,666,8.906698365397756e-05,9.803830052480093e-05,8.069243422940672e-05,0.00010256008046747998,7.221909502038889e-05,0.0001205001704036668,0.00012185812945695554,8.686199053483662e-05,7.703654881566205e-05,0.00011698863265433572,6.52485368408619e-05,0.00010585942606604236,7.64647693116862e-05,7.728520006451038e-05,0.2853059172459003,8.357728831160749e-05,6.714070406532903e-05,7.639183351402694e-05,6.226182672486446e-05,9.607676820182484e-05,0.0001828560727261167,2.1279161828262637e-05,9.965651146122957e-05,5.435962362220509e-05,7.650789968786475e-05,0.4119492929346875,5.521146060085477e-05,8.784346302808809e-05,9.915946809563108e-05,3.015050802207029e-05,0.0044551484816467,0.0001111161611697924,4.367775101126568e-05,8.191816735545108e-05,4.38331079271011e-05,6.439712620029242e-05,5.584281044527536e-05,0.2953451058431773,5.798968258367049e-05,0.00010260779996067216
397,uj0563,uj0563,0733_101178.xml,letters-leipzig,Brief,"Baumgärtner, Klaus","Johnson, Uwe",1970-01-11,1970,1.0,BaumgärtnerKlaus,JohnsonUwe,538,9.809268405673963e-05,0.00010797311915490608,8.886949048802725e-05,0.00011295311862378345,0.1014156334599235,0.0725156368756351,0.00013420675655756984,9.5664245543278e-05,8.484313191916285e-05,0.0001288438039596645,7.186056883166239e-05,0.2799972328021705,8.421341051250199e-05,8.511698051482598e-05,0.3286942901926393,9.204668442034336e-05,7.39444808955676e-05,8.413308368585194e-05,6.857119717273431e-05,0.00010581281280421287,0.0002013859932594467,2.343550901331983e-05,0.00010975531327007824,5.986821565813873e-05,8.426091155261992e-05,9.49583684143798e-05,6.080637447060233e-05,9.67451766272914e-05,0.0001092079014702853,3.3205842796350915e-05,8.108745648903077e-05,0.00012237623914121908,4.810388377922451e-05,9.02194346237584e-05,4.827498395839165e-05,7.09228795607156e-05,6.150170284344384e-05,0.2142870731091152,6.386613062287729e-05,0.00011300567382411712
398,uj1067,uj1067,0493_101451.xml,letters-leipzig,Brief,"Baumgärtner, Klaus","Johnson, Uwe",1964-08-11,1964,8.0,BaumgärtnerKlaus,JohnsonUwe,190,0.0983212579675621,0.0003654248325390189,0.0003007704040931163,0.0003822791707873016,0.00026918714994727004,0.0004491484894675821,0.0167857555252397,0.0003237666113680623,0.0002871435734774476,0.0004360596957294742,0.00024320531385033805,0.00039457704627462726,0.0002850123408023488,0.00028807038820684034,0.4428414445084203,0.0003115233171306188,0.0002502581175753659,0.0002847404822378585,0.00023207274588313973,0.0003581134795595568,0.000681571889730792,7.93152686862056e-05,0.0003714565003391728,0.0002026183262326469,0.000285173103590035,0.00032137763683773784,0.0002057934362009685,0.0003274249206162662,0.0003696038367610999,0.00011238204136498884,0.0002744328444009082,0.00041417083293460605,0.00016280305516857733,0.000305339162628552,0.0001633821275785338,0.00024003179300097023,0.00020814670946188725,0.4312665594232563,0.0002161488921543266,0.0003824570389032855
399,uj0777,uj0777,1138_101875.xml,letters-leipzig,Brief + Postkarte,"Klemm, Ine","Johnson, Uwe",1984,1984,,KlemmIne,JohnsonUwe,120,0.0005052761966287828,0.000556170396491347,0.0004577674531176519,0.000581822413408248,0.0004096982760485026,0.0006835963821478976,0.0006913000716350032,0.0004927672905097598,0.00043702764806998135,0.4232213722306628,0.00037015436223399495,0.0006005395712933975,0.0004337839480901819,0.00043843824436673234,0.4751464858720711,0.00047413320436107945,0.0003808886098680979,0.00043337018396651366,0.000353210782627586,0.0005450426412777178,0.0010373408547938,0.0001207164935303472,0.0005653504925691291,0.00030838165554934364,0.0004340286263260513,0.0004891313117983338,0.00031321411906233294,0.000498335175130311,0.0005625307700296877,0.00017104356064197925,0.00041768213402520673,0.0006303609822241494,0.0002477834883688208,0.00046472102610958896,0.00024866482675407764,0.0749343296297851,0.00031679576104731743,0.0101156752403486,0.0003289749473656828,0.000582093125663632
400,uj0528,uj0528,0310_101277.xml,letters-leipzig,Brief,"Klemm, Eberhardt","Johnson, Uwe",1962-08-02,1962,8.0,KlemmEberhardt,JohnsonUwe,253,0.1857834435255873,0.00025948148931332563,0.00021357156231882312,0.00027144944660749214,0.00019114487126396608,0.0003189321266431294,0.0351127212998695,0.00022990074846307283,0.00020389539915769865,0.0003096380136271057,0.0001726956447057059,0.0002801819430409423,0.00020238204981916176,0.00020455351334394423,0.4652111211131712,0.0002212070091767755,0.0001777037116224757,0.00020218900802529576,0.00016479061182674305,0.0002542898313003096,0.0004839717317310656,5.632032147619757e-05,0.0002637644662882416,0.00014387556720685263,0.00020249620453405932,0.00022820438134769897,0.00014613015471692751,0.00023249844694321457,0.00026244892376997667,7.980043190509047e-05,0.00019486974294237707,0.00029409513254285166,0.00011560347151665242,0.0002168157541840851,0.00011601466024269423,0.0001704421855999323,0.00014780117101393636,0.3062344952110813,0.00015348337456962864,0.0002715757475031269
401,uj0054,uj0054,0017_060010.xml,letters-leipzig,Brief,"Bierwisch, Manfred","Johnson, Uwe",1955-08-18,1955,8.0,BierwischManfred,JohnsonUwe,119,0.000449421357325552,0.0004946895503155254,0.0004071643815644506,0.0005175059116201953,0.0003644089243549536,0.0006080294618617387,0.0006148815609885321,0.0004382952255105608,0.0003887172205911437,0.0005903106619556433,0.00032923632066007304,0.0005341540152873478,0.0003858320895333089,0.0003899718850826712,0.5994913742528886,0.0225303577030898,0.0003387839703886261,0.0003854640642130736,0.00031416573828260886,0.0004847918925880036,0.0009226698943691156,0.00010737210803905776,0.0005028548493483768,0.0002742921656234458,0.00038604972025806127,0.00043506117946089817,0.0002785904332357423,0.0004432476184400037,0.0005003468279149265,0.000152135860937833,0.0003715102212545993,0.0005606788725184673,0.00022039271275505805,0.0004133492844614193,0.0002211766251895008,0.00032494020429878814,0.00028177614911368323,0.3627356433767932,0.0002926090094044321,0.0005177466984810666
402,uj1023,uj1023,0666_101115.xml,letters-leipzig,Brief,"Zeibig, Brigitte","Johnson, Uwe",1969-05-18,1969,5.0,ZeibigBrigitte,JohnsonUwe,801,8.791142610058035e-05,9.676634885375544e-05,0.0044043215791951,0.00010122946309615812,7.128212244843637e-05,0.00011893679780045205,0.00012027713865475326,8.573504062424352e-05,7.603707446254562e-05,0.4109596956523604,6.440200048697015e-05,0.00010448600289203947,7.547271324195146e-05,7.62824997030912e-05,0.4718900964821207,8.24929542201316e-05,6.626961868059754e-05,7.540072371538436e-05,6.145404003210142e-05,9.483026550635994e-05,0.00018048369289068732,2.1003085383638228e-05,9.836356507593794e-05,5.3654360334963824e-05,7.551528404341522e-05,8.510242805328632e-05,5.4495145556671045e-05,8.67037794657365e-05,9.78729703649578e-05,2.975933448217563e-05,7.267120894251517e-05,0.0001096745369665625,4.311107464000163e-05,8.085535874596899e-05,4.326441595083729e-05,6.356163607202088e-05,5.511830425043596e-05,0.1098768959882997,5.723732280926744e-05,0.0001012765634753022
403,uj0133,uj0133,1055_101745.xml,letters-leipzig,Brief,"Bierwisch, Hedwig","Johnson, Uwe",1979-05-21,1979,5.0,BierwischHedwig,JohnsonUwe,346,0.00020280975807802923,0.0002232378732961399,0.00018374051071911904,0.00023353418129529223,0.000164446314322279,0.0002743846193654902,0.0501621471885896,0.00019778888386953435,0.00017541588574694015,0.0301971909400134,0.00014857402180644768,0.000241046948150178,0.00017411391662080662,0.00017598207646718104,0.6496551435902056,0.00019030946067676615,0.0001528825765738148,0.00017394783834048707,0.00014177314081526132,0.00021877137090025185,0.0004163719747909764,4.845366358491757e-05,0.00022692261656544516,0.00012377944849757802,0.00017421212653877767,0.00019632946035470975,0.050010389553685,0.000200023743418499,0.000225790825181076,6.865414081655252e-05,0.0001676509068116701,0.0002530167840078024,9.945631649996489e-05,0.00018653156334673523,9.98100715865718e-05,0.0001466353192821791,0.0001271567354386068,0.2135758855474797,0.00013204526540953207,0.0002336428408509758
404,uj0324,uj0324,0535_000024.xml,letters-leipzig,Brief,"Johnson, Uwe","Klemm, Eberhardt",1966-02-24,1966,2.0,JohnsonUwe,KlemmEberhardt,365,0.750957546380614,0.0298561671209809,0.00018192545247118028,0.00023122724233949705,0.00016282185144261463,0.00027167414433449283,0.0101531138949909,0.00019583505047910256,0.00017368306129250514,0.00026375719276378566,0.0001471063514344987,0.0002386657952423728,0.0199291502707208,0.00017424365896670158,0.1789538309546783,0.0001884295118570408,0.0001513723446685567,0.00017222951581348774,0.00014037265211755493,0.00021661026456822256,0.0004122588949693458,4.797501997285589e-05,0.00022468098914627145,0.00012255670829705532,0.0001724911932730128,0.000194390043701651,0.00012447722078688734,0.0001980478332403112,0.0002235603780251937,6.797594925141246e-05,0.00016599478775555128,0.0002505173885348991,9.847384939531628e-05,0.00018468893402548032,9.882410995540217e-05,0.00014518680014690186,0.0001259006331205305,0.0040201608537664,0.00013074087234376326,0.000231334828514999
405,uj0202,uj0202,0640_s000205.xml,letters-leipzig,Brief,"Johnson, Uwe","Bierwisch, Manfred",1968-12-04,1968,12.0,JohnsonUwe,BierwischManfred,604,9.06558256469156e-05,9.978717942919084e-05,0.1204935684503897,0.00010438962218945968,7.350739205429493e-05,0.0001226497405702881,0.2364872222191403,8.841149824790905e-05,7.841078311357947e-05,0.00011907556144244576,6.641248796009234e-05,0.00010774782392776268,7.782880378864473e-05,7.86638699852541e-05,0.5802747971785922,8.506820110417787e-05,6.833840904733283e-05,7.775456690888574e-05,6.337249872473609e-05,0.0179365219988958,0.0001861179930819209,2.165875507932204e-05,0.0001014342571957708,5.532933034391025e-05,7.787270355601664e-05,8.775913691698117e-05,5.619636301357013e-05,8.941047896528822e-05,0.00010092834720710754,3.0688354834532106e-05,7.493984274473892e-05,0.00011309833251677,4.445690667722375e-05,8.337948353501898e-05,4.461503496334303e-05,0.0357430085753093,5.683897533824881e-05,0.0062746206796721,5.902414495194863e-05,0.00010443819293787076
406,uj0337,uj0337,0574_000026.xml,letters-leipzig,Brief,"Johnson, Uwe","Klemm, Eberhardt",1966-11-09,1966,11.0,JohnsonUwe,KlemmEberhardt,250,0.00020693899143288253,0.00022778302576422909,0.00018748149168911385,0.00023828896794876212,0.0001677944629154102,0.00027997112631209767,0.00028312621998840827,0.00020181589156498784,0.00017898737625736576,0.0002718123894781641,0.4684346247447277,0.000245954695725146,0.00017765889886854524,0.00017956509469515525,0.520361286902011,0.0001941841863320687,0.00015599528594513422,0.00017748943921259015,0.0001446596606130486,0.0002232255847919756,0.00042484936297301616,4.944018654976771e-05,0.0002315427908912392,0.00012629961435263955,0.00017775910835336604,0.0002003267539954088,0.000128278779672887,0.00020409625314837357,0.00023038795608539285,7.005194815528733e-05,0.00017106430132946148,0.0002581682390155085,0.00010148126018775577,0.00019032937051540177,0.0001018422177744638,0.00014962083367319067,0.00012974566330008246,0.0041429373595413,0.0001347337243843202,0.000238399839827294
407,uj1001,uj1001,0691_101136.xml,letters-leipzig,Brief,"Johnson, Uwe","Bierwisch, Manfred",1969-08-06,1969,8.0,JohnsonUwe,BierwischManfred,1784,3.2987398453164704e-05,3.631007080745895e-05,2.988574857797324e-05,3.798478516924952e-05,2.6747510307745127e-05,0.0016673967664145,0.3278441830224348,3.217074357586281e-05,2.8531732264691227e-05,0.0357442153637941,2.416585130599499e-05,3.920675119335224e-05,2.831996447430236e-05,2.862382427774853e-05,0.5113595572206334,0.0178813975664008,2.486664605184612e-05,2.8292951521576435e-05,2.3059674891137747e-05,3.558358557508425e-05,0.016295399491811,7.881081868734922e-06,3.690940140956649e-05,2.0132966118581064e-05,2.8335938506946866e-05,0.0049002361015539,2.0448457725897917e-05,3.2534247793446824e-05,3.672531335721705e-05,1.1166728465323471e-05,2.7268743459095228e-05,4.11536680902331e-05,1.6176761770043335e-05,3.033971867292057e-05,1.6234300717416105e-05,2.385051759988407e-05,2.0682288355687245e-05,0.083421557218556,2.147741718740305e-05,3.800245885562953e-05
408,uj0311,uj0311,0542_100991.xml,letters-leipzig,Brief,"Bierwisch, Manfred","Johnson, Uwe",1966-04-07,1966,4.0,BierwischManfred,JohnsonUwe,529,0.00010101745977025207,0.00011119249437797357,9.151926330188214e-05,0.00011632097975729303,8.190902202558591e-05,0.00013666816385464657,0.00013820832574637713,0.4871005505922753,8.737285300979957e-05,0.00013268546893479977,7.400319596536854e-05,0.00012006301185041706,8.672435554563564e-05,8.765486679871311e-05,0.2440760257201412,9.4791189881589e-05,7.614924289134032e-05,8.664163365808997e-05,7.061574691735418e-05,0.00010896777535870048,0.0002073906088716172,2.4134272720879428e-05,0.00011302782719676,6.165327338035342e-05,8.677327289819153e-05,9.77896899589355e-05,6.261940475913526e-05,9.962977445148084e-05,0.00011246409351982892,0.009973012943151,8.350519666700809e-05,0.0001260250642864684,4.953817087571908e-05,9.290945798086992e-05,4.97143726550047e-05,7.303754812816517e-05,6.333546535637614e-05,0.2554622127071316,6.577039198097977e-05,0.0001163751019671854
409,uj0251,uj0251,0852_s000090.xml,letters-leipzig,Brief,"Johnson, Uwe","Baumgärtner, Klaus + Baumgärtner, Sabine",1972-12-01,1972,12.0,JohnsonUwe,BaumgärtnerKlaus+BaumgärtnerSabine,2563,2.185248575738599e-05,2.405358841183643e-05,1.9797799334682747e-05,2.5163002110848733e-05,1.771887494781997e-05,2.956458329989845e-05,2.989775704906673e-05,2.131149313863562e-05,1.890083189897322e-05,2.870303140372224e-05,1.6008656221530572e-05,2.597249289793299e-05,1.8760546431178117e-05,1.8961838207384022e-05,0.498925120424977,2.05055950874652e-05,0.0107664886801735,1.874265171403192e-05,1.5275870203707905e-05,2.357232862968176e-05,4.486353484724251e-05,5.220818778232586e-06,2.445061467218598e-05,1.3337073427747663e-05,1.877112842118705e-05,2.1154242166720217e-05,1.3546070686663209e-05,2.155229632742853e-05,2.4328665633137555e-05,7.397393737840133e-06,1.8064165590618835e-05,2.7262227031417572e-05,1.071628781767676e-05,0.0473201679760069,0.4418364030783655,1.5799763564190645e-05,1.370097167148524e-05,0.0004374887449496543,1.4227704372004994e-05,2.517471003563244e-05
410,uj0785,uj0785,0548_100925.xml,letters-leipzig,Brief,"Johnson, Uwe","Jäckel, Ine",1965-05-21,1965,5.0,JohnsonUwe,JäckelIne,369,0.00016907312883479345,0.00018610310504922585,0.1831339778843904,0.0001946866615080508,0.00013709129753569592,0.000228741785108874,0.00023131955721420345,0.00016488745788897265,0.00014623612261867165,0.0002220759404833568,0.00012385930030408247,0.00020094970826871583,0.00014515073108777203,0.0001467081296734383,0.724568291735918,0.0001586522081994863,0.00012745114342927643,0.00014501227929555438,0.0001181897199105663,0.00018237958828071636,0.0003471100858467933,4.039358156848954e-05,0.0251411024380282,0.00010318920963792538,0.00014523260416070169,0.00016367080390602414,0.00010480622570076862,0.00016675055708119393,0.0001882313831313128,5.723378650672778e-05,0.00013976281829463974,0.0002109284076136893,8.291213782012887e-05,0.00015550274967215453,8.320704709816687e-05,0.00012224309354576718,0.00010600469778555648,0.0616060236021877,0.00011008003945264231,0.00019477724596134004
411,uj0647,uj0647,0068_060061.xml,letters-leipzig,Brief,"Baumgärtner, Klaus","Johnson, Uwe",1957-10-29,1957,10.0,BaumgärtnerKlaus,JohnsonUwe,333,0.00016907312883479345,0.2996092334973289,0.00015317597799723305,0.0001946866615080508,0.00013709129753569592,0.000228741785108874,0.00023131955721420345,0.00016488745788897265,0.00014623612261867165,0.0002220759404833568,0.00012385930030408247,0.00020094970826871583,0.0500490057964677,0.0001467081296734383,0.3502893787455683,0.0001586522081994863,0.00012745114342927643,0.00014501227929555438,0.0001181897199105663,0.00018237958828071636,0.0003471100858467933,4.039358156848954e-05,0.00018917490533831597,0.00010318920963792538,0.00014523260416070169,0.00016367080390602414,0.00010480622570076862,0.00016675055708119393,0.0001882313831313128,5.723378650672778e-05,0.00013976281829463974,0.0002109284076136893,8.291213782012887e-05,0.00015550274967215453,8.320704709816687e-05,0.00012224309354576718,0.00010600469778555648,0.2944906805739609,0.00011008003945264231,0.00019477724596134004
412,uj0644,uj0644,0053_060049.xml,letters-leipzig,Brief,"Baumgärtner, Klaus","Johnson, Uwe",1957-08-14,1957,8.0,BaumgärtnerKlaus,JohnsonUwe,282,0.00018275326771170796,0.00020116118281737376,0.00016556983777880064,0.00021043925676235287,0.00014818370472085695,0.0002472498674328273,0.00025003621366603254,0.00017822892343425533,0.0001580684609685445,0.00024004467228580813,0.00013388107278226833,0.0002172090626400284,0.00015689524763544093,0.00015857865932020497,0.4325738909494624,0.00017148916375981589,0.00013776354111275297,0.000156745593354937,0.0001277527521519584,0.00019713638679263483,0.0003751956498431973,4.36619294686036e-05,0.00020448153031704964,0.00011153851226321258,0.00015698374526790693,0.00017691382686870014,0.00011328636522756908,0.00018024277074279,0.00020346166531734955,6.186471841920672e-05,0.3327915762720254,0.0002279951640470031,8.962077075179684e-05,0.00016808487449540655,8.99395418930857e-05,0.00013213409460533708,0.00011458180875112428,0.2284158348757428,0.0001189868967259814,0.00021053717063522303
413,uj0654,uj0654,0074_060064.xml,letters-leipzig,Brief + Postkarte,"Baumgärtner, Klaus","Johnson, Uwe",1957-12-04,1957,12.0,BaumgärtnerKlaus,JohnsonUwe,177,0.5743650681993875,0.0003777637647035056,0.0003109262153098976,0.0003951872064111178,0.00027827652124060216,0.0004643144340062044,0.0004695469576376579,0.0003346989123478258,0.0002968392612335012,0.0004507836841565555,0.00025141738266019805,0.0004079003318702395,0.00029463606537182284,0.00029779737078212,0.1201345001497284,0.00032204221112866184,0.00025870833130309565,0.00029435502723307576,0.00023990891248621928,0.0003702055366339808,0.0007045858410656708,8.199342745589628e-05,0.0003839990977535213,0.00020945993512193743,0.00029480225647459665,0.00033222927172136456,0.00021274225582972,0.0003384807480387639,0.0003820838771509173,0.00011617673253382466,0.0002836993417739578,0.0004281557221841437,0.00016830026191268045,0.0003156492425118958,0.00016889888727730378,0.00024813670472954803,0.0002151749896979796,0.2938817364766821,0.00022344737403140697,0.0003953710804205767
414,uj0208,uj0208,0632_s00199.xml,letters-leipzig,Brief,"Johnson, Uwe","Bierwisch, Manfred",1968-10-19,1968,10.0,JohnsonUwe,BierwischManfred,327,0.00018275326771170796,0.00020116118281737376,0.00016556983777880064,0.00021043925676235287,0.00014818370472085695,0.0002472498674328273,0.00025003621366603254,0.0091685128392984,0.0001580684609685445,0.00024004467228580813,0.00013388107278226833,0.0002172090626400284,0.00015689524763544093,0.00015857865932020497,0.5854087175191536,0.00017148916375981589,0.00013776354111275297,0.000156745593354937,0.0001277527521519584,0.00019713638679263483,0.0003751956498431973,0.3866258703116283,0.00020448153031704964,0.00011153851226321258,0.00015698374526790693,0.00017691382686870014,0.00011328636522756908,0.00018024277074279,0.0091937455811815,6.186471841920672e-05,0.00015107138505079107,0.0002279951640470031,8.962077075179684e-05,0.00016808487449540655,8.99395418930857e-05,0.00013213409460533708,0.00011458180875112428,0.0036587369791383,0.0001189868967259814,0.00021053717063522303
415,uj0796,uj0796,0557_100935.xml,letters-leipzig,Brief,"Bierwisch, Manfred","Johnson, Uwe",1965-06-20,1965,6.0,BierwischManfred,JohnsonUwe,345,0.00016362930669753842,0.00018011095118029957,0.0001482440128430788,0.0001884181340072591,0.00013267722744961458,0.00022137674962350315,0.0002238715225381954,0.00015957840612185957,0.00014152760715518988,0.00021492553208146147,0.00011987127449804718,0.0001944795229832877,0.00014047716309633515,0.00014198441651135487,0.3309612416767421,0.00015354391920600183,0.0001233474673407082,0.00014034316917945592,0.00011438424343964936,0.00017650732432660118,0.0003359338239391802,3.909298770676225e-05,0.00018308384554311847,9.98667200878462e-05,0.00014055640001738235,0.00015840092600368424,0.00010143167141456096,0.0001613815171852965,0.00018217070289502493,5.53909711750928e-05,0.4026106719493054,0.00020413692784007403,8.024253009225985e-05,0.0001504958670474385,8.052794387170899e-05,0.0001183071064178467,0.00010259155505592784,0.2608601354468218,0.00010653567873860034,0.0001885058018193558
416,uj1045,uj1045,0668_101117.xml,letters-leipzig,Brief,"Johnson, Uwe","Zeibig, Brigitte",1969-06-04,1969,6.0,JohnsonUwe,ZeibigBrigitte,492,0.00011667178306440415,0.00012842360728493833,0.00010570168422821185,0.00013434683615038182,9.460217739112936e-05,0.00015784715237667648,0.0231176276225065,0.00011378338976420704,0.00010091271919984818,0.00015324727312058669,8.547121304951542e-05,0.00013866875790115597,0.00010016372634624812,0.00010123843568169325,0.5114796522003636,0.00010948064985433652,8.794982538012111e-05,0.00010006818533640332,8.155882284122354e-05,0.229705870478555,0.00023952920794974804,0.1779523869458669,0.00013054335522723904,7.120746604995577e-05,0.00010022022425025863,0.00011294381702700576,7.232331543770827e-05,0.0001150690529933693,0.00012989226170924135,3.94951460902591e-05,9.64457056477343e-05,0.00014555472880182618,5.721492837935434e-05,0.00010730731252626091,5.741843553361391e-05,8.435592213609273e-05,7.315034144739278e-05,0.042512282529522,7.596260015563595e-05,0.011613410162852
417,uj1163,uj1163,0458_101417.xml,letters-leipzig,Brief,"Bierwisch, Manfred","Johnson, Uwe",1964-06-02,1964,6.0,BierwischManfred,JohnsonUwe,664,9.06558256469156e-05,9.978717942919084e-05,8.213188488504084e-05,0.00010438962218945968,7.350739205429493e-05,0.0001226497405702881,0.00012403192389030327,8.841149824790905e-05,7.841078311357947e-05,0.00011907556144244576,6.641248796009234e-05,0.00010774782392776268,7.782880378864473e-05,7.86638699852541e-05,0.2413389016608751,8.506820110417787e-05,6.833840904733283e-05,7.775456690888574e-05,6.337249872473609e-05,9.77906558580845e-05,0.0001861179930819209,2.165875507932204e-05,0.5129649603695307,5.532933034391025e-05,7.787270355601664e-05,8.775913691698117e-05,5.619636301357013e-05,8.941047896528822e-05,0.00010092834720710754,3.0688354834532106e-05,7.493984274473892e-05,0.00011309833251677,4.445690667722375e-05,8.337948353501898e-05,4.461503496334303e-05,6.554588923384313e-05,5.683897533824881e-05,0.2426378109749221,5.902414495194863e-05,0.00010443819293787076
418,uj0258,uj0258,0834_s000083.xml,letters-leipzig,Brief,"Johnson, Uwe","Baumgärtner, Klaus + Baumgärtner, Sabine",1972-08-21,1972,8.0,JohnsonUwe,BaumgärtnerKlaus+BaumgärtnerSabine,546,9.147169514450312e-05,0.00010068522779360217,8.28710420123286e-05,0.00010532909086674884,7.41689318791914e-05,0.0046235719048577,0.00012514816614729097,8.920716961421948e-05,7.911645167671715e-05,0.0001201471982379384,6.701017622556104e-05,0.00010871751520073695,7.852923474927809e-05,7.937181623829607e-05,0.1985126804910135,8.583378401073982e-05,6.895342990294262e-05,7.845432976456986e-05,6.39428281914467e-05,9.867073623564824e-05,0.00018779298740715216,2.1853676006894423e-05,0.0001023471286617348,5.5827274217096695e-05,7.857352959860855e-05,8.854893726830154e-05,5.670210986580993e-05,9.021514079514768e-05,0.00010183666566695936,3.096453887964967e-05,7.56142741054721e-05,0.0001141161764233252,0.7920128885700498,8.412986859693184e-05,4.5016554070368346e-05,6.613577842559154e-05,5.7350505467964026e-05,0.0018312716251816,5.955534081436387e-05,0.00010537809873425097
419,uj0338,uj0338,0530_100968.xml,letters-leipzig,Brief,"Johnson, Uwe","Bierwisch, Manfred",1966-01-24,1966,1.0,JohnsonUwe,BierwischManfred,264,0.00022528643744773,0.00024797852753685306,0.0002041038136774992,0.0113420579093208,0.000182671310572848,0.0003047936843528006,0.0003082285122179031,0.0002197091177269017,0.00019485660032423916,0.0002959115846447491,0.00016503994870492377,0.4546560821225515,0.00019341033862128545,0.0001954855399348764,0.5110838997535812,0.00021140077684019557,0.00016982600517127542,0.00019322585447976675,0.0001574853504226217,0.00024301701867181005,0.0004625169900239477,5.3823609641785895e-05,0.0002520716377102398,0.00013749748160803632,0.0112761614036259,0.00021808795152909093,0.0001396521219734469,0.00022219165875822904,0.00025081441393888423,7.626283344140261e-05,0.0001862310565744625,0.0002810577283055032,0.00011047870397503458,0.00020720418867505163,0.00011087166447134374,0.00016288638672101098,0.00014124906116906702,0.0045102548912484,0.0001466793694143068,0.0002595366403929728
420,uj0385,uj0385,0880_101542.xml,letters-leipzig,Brief,"Johnson, Uwe","Klemm, Ine",1973-07-24,1973,7.0,JohnsonUwe,KlemmIne,955,6.489731666609977e-05,7.143413163380578e-05,5.879532731330319e-05,7.47288585100915e-05,5.26213562714271e-05,8.780063493995416e-05,8.879009135899323e-05,6.32906816277404e-05,5.613152144880351e-05,0.0192404224141922,0.0032400724320618,7.713287700624548e-05,5.571490292182088e-05,5.631269743763706e-05,0.5335219280388248,6.0897332806555504e-05,4.892106316118592e-05,5.566175935096216e-05,4.536614264238548e-05,7.00048906390785e-05,0.00013323532435013827,1.550474089167464e-05,7.261321666919831e-05,3.960832132550496e-05,5.57463292210617e-05,6.282367909842877e-05,4.02289995149235e-05,6.400581678310909e-05,7.225105350423308e-05,2.1968713730710195e-05,5.364679733274824e-05,8.096311789531855e-05,3.182513567152312e-05,5.96884393012208e-05,3.193833414922625e-05,0.370380409891502,4.068902307359295e-05,0.0715349116574355,4.225330913438888e-05,7.476362860035156e-05
421,uj0709,uj0709,0026_060027.xml,letters-leipzig,Brief,"Bierwisch, Manfred","Johnson, Uwe",1956-06,1956,6.0,BierwischManfred,JohnsonUwe,206,0.0003069228130375589,0.00033783776825083617,0.0002780643049589981,0.0003534197197552856,0.0002488653695155718,0.0004152408642857074,0.00041992036049773133,0.0002993244565749172,0.00026546620643476025,0.0004031401845512349,0.00022484498354164028,0.0003647891901330852,0.00026349586718448013,0.0757594527796017,0.2433250724913582,0.0002880054469376218,0.0002313653490401185,0.00026324453207386624,0.00021455284797217969,0.0003310783721903294,0.0006301178946413534,7.332751081797915e-05,0.0003434140865712853,0.00018732203464538275,0.0002636444934861804,0.00029711583320872405,0.00019025744562496964,0.0003027065886084665,0.0003417012863650516,0.0001038979693372836,0.00025371505007731546,0.0003829037805149072,0.00015051254300485196,0.00028228815361362866,0.00015104789942624254,0.00022191104171344385,0.00019243306292231977,0.6704841641216754,0.00019983113579866296,0.00035358416005051526
422,uj0483,uj0483,0279_060256.xml,letters-leipzig,Brief,"Baumgärtner, Klaus","Johnson, Uwe",1962-02-01,1962,2.0,BaumgärtnerKlaus,JohnsonUwe,128,0.0004046860707606863,0.0004454482794384519,0.0003666353435216552,0.0004659935059946399,0.00032813575354966734,0.0005475063652778739,0.0005536764082161674,0.0003946674312510542,0.00035002440821719507,0.0005315512901669278,0.00029646422179957906,0.000480984461695475,0.00034742646236439256,0.0003511541837272437,0.5398181567183213,0.0003797430094080325,0.000305061500924542,0.0003470950701900803,0.0002828937613241252,0.0004365358320209085,0.0008308275698854634,9.6684315961741e-05,0.00045280080670118497,0.0002469891938539624,0.00034762243018265763,0.00039175530131516193,0.0002508596130112749,0.0003991268642593246,0.0004505424330775404,0.00013699229638552247,0.0003345301891784596,0.0005048690414453738,0.00019845487869087997,0.00037220460277160574,0.00019916076068278823,0.0600164417506549,0.0002537282235483348,0.3863528765415246,0.0002634827837059799,0.0004662103249931777
423,uj0194,uj0194,0171_060147.xml,letters-leipzig,Brief,"Baumgärtner, Klaus","Johnson, Uwe",1959-04-10,1959,4.0,BaumgärtnerKlaus,JohnsonUwe,818,5.627383324194274e-05,6.194204349043021e-05,5.098266946316734e-05,6.479897071544597e-05,0.0028139393041055,7.613378399863218e-05,7.699176254667683e-05,5.48806860846501e-05,4.867282716600394e-05,7.391514268372761e-05,4.122498742887927e-05,6.688354590149187e-05,4.831156844657878e-05,4.882992869048637e-05,0.1110527289344643,5.280536279900317e-05,4.242048657443473e-05,4.826548653444408e-05,3.9337939949393215e-05,6.070271845310021e-05,0.3849106510838893,1.3444488127093869e-05,6.296445301471195e-05,3.434521153983338e-05,4.833881885404922e-05,5.4475738333215926e-05,3.488341470018831e-05,5.5500794874135534e-05,6.265041368922668e-05,1.904953542813808e-05,0.2962557113036012,7.020482863151824e-05,2.759624695880554e-05,5.175710572118768e-05,2.769440374840413e-05,4.0687053635208205e-05,3.528231083885489e-05,0.2032132529547782,3.663873630372944e-05,6.482912059469551e-05
424,uj0058,uj0058,0003_060000.xml,letters-leipzig,Brief,"Bierwisch, Manfred","Johnson, Uwe",1955-06-03,1955,6.0,BierwischManfred,JohnsonUwe,428,0.00013531054076021395,0.0134617542860835,0.00012258792723078167,0.00015580925028716892,0.00010971523228389576,0.00018306383072724545,0.00018512684180376933,0.00013196071572872274,0.00011703390696427095,0.00017772910339879084,9.912556192594817e-05,0.00016082161534974586,0.00011616525967540407,0.000117411657883434,0.2270880577259016,0.00012697059687853126,0.00010200014193133006,0.3329364175263523,9.458815261544922e-05,0.00014595980380775007,0.0002777949029685695,3.23272976784786e-05,0.0001513981489311751,8.258312750792018e-05,0.00011623078333281883,0.00013098701807797604,8.387723804688742e-05,0.0001334517685111889,0.00015064304076627198,4.580464474367893e-05,0.000111853271137474,0.00016880764609133875,6.635522913276978e-05,0.0134372645835384,6.659124732301407e-05,9.783209907969278e-05,8.483638458304175e-05,0.4087497722329951,8.809791223416154e-05,0.00015588174573007876
425,uj0667,uj0667,0245_060214.xml,letters-leipzig,Brief,"Johnson, Uwe","Baumgärtner, Sabine + Bierwisch, Manfred + Baumgärtner, Klaus",1961-07-04,1961,7.0,JohnsonUwe,BaumgärtnerSabine+BierwischManfred+BaumgärtnerKlaus,1306,3.5523865446243125e-05,0.0017866474456542,3.218372351343521e-05,4.090551121431092e-05,2.88041798307736e-05,4.806081517590568e-05,4.860242950605912e-05,3.464441634332342e-05,0.461382716721279,4.6660258096289455e-05,0.1870133840520589,4.2221436648131885e-05,3.0497543140780377e-05,3.082476733178378e-05,0.2605864756628622,3.3334331337388044e-05,2.6778692163291452e-05,3.04684531081334e-05,2.483277937876608e-05,3.831967858450202e-05,0.0874502021628767,8.487074004131013e-06,3.974743904816864e-05,2.168103011959803e-05,3.0514745448719364e-05,3.4388785820112774e-05,2.202078050711813e-05,3.5035871126668344e-05,3.954919609757017e-05,1.202536053396558e-05,2.93654916408265e-05,4.431805587616857e-05,1.7420625312143038e-05,3.267260027625189e-05,1.7482588544172107e-05,2.5684431563903808e-05,2.2272590841347432e-05,0.0007111910051049659,2.312885871801568e-05,4.092454386575793e-05
426,uj0514,uj0514,0330_101291.xml,letters-leipzig,Brief,"Johnson, Uwe","Bierwisch, Manfred",1962-10-23,1962,10.0,JohnsonUwe,BierwischManfred,413,0.00014093944274068686,0.00015513563922732405,0.00012768757004127224,0.00016229089608201983,0.00011427937255575592,0.0140573052458422,0.0209927670689779,0.00013745026539674417,0.0001219025032095634,0.00018512261240768608,0.00010324917320342612,0.0001675117749194223,0.00012099772029950126,0.00012229596852085772,0.5277340388344696,0.4299976580033231,0.00010624333538617878,0.00012088230681791442,9.852300821941802e-05,0.00015203171383121854,0.00028935113702616654,3.367210931623705e-05,0.0001576962934480079,8.601857553267348e-05,0.00012106596973306707,0.0001364360620425698,8.736652091211077e-05,0.0001390033457929724,0.00015690977287560856,4.7710112374389656e-05,0.00011650635356468744,0.00017583002356514083,6.911559856579184e-05,0.00012962716804545117,6.93614350839434e-05,0.00010190190246063844,8.836556782710174e-05,0.0028216204144046,9.17627746304266e-05,0.0001623664073265064
427,uj1116,uj1116,0516_101467.xml,letters-leipzig,Brief,"Johnson, Uwe","Bierwisch, Manfred",1964-11-11,1964,11.0,JohnsonUwe,BierwischManfred,124,0.0004702128891963191,0.000517575319725167,0.0004260009835148251,0.0005414472318965424,0.0003812675351913532,0.0006361586633974507,0.0931691124472056,0.0004585720303429727,0.00040670040351936914,0.0006176201405588459,0.00034446774511830006,0.0005588655249913698,0.0004036817979540092,0.0004080131124191953,0.7891457023625589,0.0004412310442764128,0.0003544570967383775,0.0004032967467180042,0.0003286999540107552,0.0005072197677237451,0.0009653552723607904,0.00011233945231395027,0.0930519030558652,0.00028698171455231544,0.00040390949690555136,0.00045518836796908097,0.00029147883245642266,0.0004637535352933526,0.0005234943193491058,0.0001591741058939672,0.0003886973586249656,0.0005866174988369961,0.00023058871709851045,0.00043247201790867047,0.00023140889558951447,0.0003399728779882984,0.0002948119287650613,0.0094137046484114,0.00030614594850521194,0.0005416991582540359
428,uj1216,uj1216,0962_000039.xml,letters-leipzig,Brief,"Johnson, Uwe","Klemm, Eberhardt",1975-11-02,1975,11.0,JohnsonUwe,KlemmEberhardt,662,9.23023830606568e-05,0.00010159958716926694,8.362362425200348e-05,0.00010628562286131002,7.484248707425738e-05,0.00012487739486815962,0.00012628468241260255,9.001729254586232e-05,7.983493710844533e-05,0.0001212382988847375,6.761872014247398e-05,0.00010970481871587176,7.924238744933432e-05,0.4269042812131256,0.554488709616106,8.661327199402066e-05,6.957962121717637e-05,7.916680222506609e-05,6.452351639908749e-05,9.9566801276746e-05,0.00018949840420445855,2.205213723092429e-05,0.00010327658036696474,5.633426211111877e-05,7.928708455639082e-05,8.935308255128583e-05,5.721704246229825e-05,9.103441748171444e-05,0.0001027614816710499,3.12457391814038e-05,7.630095498187786e-05,0.0046558353645213,4.526436553338689e-05,8.489388270119292e-05,4.542536586109836e-05,6.67363816163028e-05,5.7871326382043335e-05,0.0109292677872647,6.00961846445646e-05,0.0001063350757871798
429,uj1138,uj1138,0454_101412.xml,letters-leipzig,Brief,"Johnson, Uwe","Bierwisch, Manfred",1964-05-17,1964,5.0,JohnsonUwe,BierwischManfred,737,8.156227832916529e-05,8.977767996935046e-05,0.2648882585443919,9.391845873043244e-05,0.0080908117107305,0.00011034693254414266,0.00011159047116777268,7.954307598145857e-05,7.054551729776423e-05,0.00010713127386205456,5.975075279365332e-05,9.693980438483908e-05,7.002191542945163e-05,7.077321741214388e-05,0.7106482458520609,7.65351398645215e-05,6.148348768009426e-05,6.995512513764209e-05,5.70157002323596e-05,8.798142462629568e-05,0.00016744878164737966,1.9486198459249156e-05,9.125954188245902e-05,4.977932977912136e-05,7.006141167825222e-05,7.895615201860638e-05,5.055939172680804e-05,8.044185046985926e-05,9.080437895155629e-05,2.761005286330933e-05,6.742274165254634e-05,0.00010175361163467743,3.9997502313684114e-05,7.501581497379095e-05,4.01397689930965e-05,5.897108126117699e-05,5.1137544591328097e-05,0.0136699008018746,5.310352318075902e-05,9.396215742130298e-05
430,uj0906,uj0906,0376_101337.xml,letters-leipzig,Brief,"Klemm, Eberhardt","Johnson, Uwe",1963-07-15,1963,7.0,KlemmEberhardt,JohnsonUwe,291,0.201754381652951,0.0103029639519128,0.0001855921513803896,0.0002358876164968735,0.00016610351817462207,0.0002771497238928257,0.0002802730221870602,0.00019978209667974585,0.0001771836351964796,0.0002690732065368243,0.00015007127300548166,0.0002434760930824697,0.00017586854550719844,0.000177755531690344,0.5554272639284528,0.00019222729977623536,0.00015442324713185317,0.0606405592188733,0.0001432018562965787,0.00022097603422841712,0.00042056795354230935,4.894195423639239e-05,0.0002292094238794664,0.00012502683296913925,0.0001759677451333005,0.00019830796585888684,0.00012698605329757186,0.0002020394779730819,0.00022806622689412672,6.934600130068305e-05,0.00016934040486921013,0.00025556655467851166,0.00010045858518274354,0.0001884113307750035,0.0001008159052278886,0.00014811303325226995,0.0001284381544396265,0.1653408094735136,0.00013337594845598506,0.00023599737106666556
431,uj1047,uj1047,0675_s000218.xml,letters-leipzig,Brief,"Johnson, Uwe","Bierwisch, Manfred",1969-06-27,1969,6.0,JohnsonUwe,BierwischManfred,1868,2.936571496077706e-05,3.232359141783663e-05,2.660459494483157e-05,3.3814439041327936e-05,0.5865330645400896,0.0014843334262497,4.017707739142259e-05,2.8638720548585847e-05,2.539923596011093e-05,3.8571586229134166e-05,2.151268467696608e-05,3.490224552617403e-05,2.521071813627398e-05,2.548121719938461e-05,0.3757642136722171,2.755574203891596e-05,2.2136539231058696e-05,2.5186670933184453e-05,2.052795527063984e-05,3.1676866933412095e-05,0.0072833086905793,7.015818603228317e-06,3.285712156734959e-05,1.7922569589494682e-05,2.5224938381319336e-05,2.842740421277668e-05,1.8203423401781143e-05,2.8962315671001096e-05,3.269324452561642e-05,9.940734357171626e-06,2.4274910581241104e-05,3.6635410593049405e-05,1.4400716558535216e-05,2.7008723704117263e-05,1.4451938310080458e-05,2.1231971429926423e-05,1.841158178787642e-05,0.0280353816613173,1.911941349707936e-05,3.3830172335278914e-05
432,uj0326,uj0326,0554_101005.xml,letters-leipzig,Brief,"Bierwisch, Manfred","Johnson, Uwe",1966-06-19,1966,6.0,BierwischManfred,JohnsonUwe,1116,4.860437062638877e-05,5.3500070382993256e-05,4.403433033354369e-05,5.5967631977745073e-05,3.941037988117174e-05,0.009629845814318,6.649868946920184e-05,0.1506817897862605,4.203929241570443e-05,6.384137676309249e-05,3.560650577057245e-05,5.776810404627358e-05,4.172726901727228e-05,4.21749828473316e-05,0.2274237584866502,4.560861197261966e-05,3.66390724220086e-05,4.168746752859569e-05,3.397664070187882e-05,5.24296507941593e-05,0.0144459178781184,1.1612162281568334e-05,0.0335286917359834,2.9664362542119863e-05,4.175080551422138e-05,4.705133493768004e-05,3.0129214932141308e-05,0.2032848103219849,0.012009222111788,1.6453307458708e-05,4.01783764634712e-05,6.063673494389132e-05,2.383520257659336e-05,4.470322002423707e-05,0.0024149420244975,3.5141886035719195e-05,3.047374621156969e-05,0.3452802380599288,3.1645306814850144e-05,5.599367278251991e-05
433,uj0129,uj0129,1057_101748.xml,letters-leipzig,Brief,"Baumgärtner, Klaus","Johnson, Uwe",1979-06-14,1979,6.0,BaumgärtnerKlaus,JohnsonUwe,208,0.0002565639020014747,0.0255249900563416,0.0002324404053956014,0.0002954317453541248,0.00020803233765533257,0.0003471094747152889,0.0003510211741933303,0.00025021225950361026,0.0002219093624822747,0.00033699423571164244,0.00018795313959227037,0.0003049357494877683,0.0128415541231041,0.0002226256204268561,0.2034010748022664,0.00024075043667396795,0.00019340366442686664,0.0002200522133268685,0.00017934970462601436,0.00027675609446161563,0.0005267301709187593,6.129616796263973e-05,0.0002870678043805732,0.00015658683583612797,0.2400249309959428,0.0002483660199775415,0.00015904061399437986,0.000253039462157671,0.000285636034940201,8.685072367019209e-05,0.0759398371757353,0.0003200781559629426,0.0001258169275568449,0.00023597121850646357,0.0001262644444131976,0.00018550058953175952,0.0001608592629815496,0.434260354205189,0.00016704348378175976,0.00029556920481297976
434,uj0086,uj0086,0901_101568.xml,letters-leipzig,Brief,"Johnson, Uwe","Bierwisch, Manfred",1974-01-09,1974,1.0,JohnsonUwe,BierwischManfred,338,0.0001878189035137733,0.00020673705734166947,0.0001701591756795462,0.0002162723050386608,0.00015229112610552295,0.00025410324847605667,0.0002569668278849671,0.00018316915146309888,0.00016244987239327896,0.0002466983365472004,0.00013759204749695645,0.00022322975938608112,0.0001612441394147647,0.00016297421264822076,0.5646774126371474,0.00017624257615284815,0.00014158213179962884,0.00016109033695080696,0.00013129385936835148,0.2404290956950605,0.0003855954886007897,4.4872170116405934e-05,0.00021014943970003904,0.00011463018601605044,0.00016133509006369944,0.0001818176024700218,0.00011642648674095237,0.00018523881948090865,0.0094485818823555,6.357951201186297e-05,0.0001552588484344177,0.0002343148347164008,9.210491886369356e-05,0.00017274392529483063,0.1664030829068719,0.00013579664580722406,0.00011775783794032992,0.0129996320436244,0.0001222850280895344,0.0002163729329315106
435,uj0412,uj0412,0120_060103.xml,letters-leipzig,Brief,"Menzhausen, Joachim","Johnson, Uwe",1958-08-01,1958,8.0,MenzhausenJoachim,JohnsonUwe,393,0.00017952530086204647,0.00019760807737798157,0.00016264538146485447,0.0002067222729119309,0.0531344987410869,0.00024288269859557628,0.0002456198296580484,0.00017508086997562066,0.0001552765013041714,0.00023580476864808623,0.00013151633441042148,0.0002133725038609312,0.00015412401041173474,0.00015577768803384266,0.265966550855283,0.00016846015452444564,0.00013533022679026736,0.1237948192703464,0.0001254962581693169,0.0001936543712347379,0.0003685685775342,4.2890729792222216e-05,0.0002008697776545872,0.00010956841003437488,0.00015421094491251255,0.00017378900193107017,0.00011128539071120584,0.00017705914674452216,0.0001998679265073964,6.077200329174941e-05,0.00014840301458069,0.2386741638987179,8.803780109740868e-05,0.00016511599514460563,8.835094179121173e-05,0.00012980021306966517,0.00011255795284499437,0.3126962184675047,0.00011688523385021026,0.0002068184573342708
436,uj0996,uj0996,0725_101168.xml,letters-leipzig,Brief,"Bierwisch, Manfred","Johnson, Uwe",1969-11-27,1969,11.0,BierwischManfred,JohnsonUwe,569,0.0001134169985176861,0.00012484098292242157,0.0001027529317590896,0.00013059897188776615,9.19630670855248e-05,0.00015344370144102518,0.1284810501871579,0.0001106091825227414,9.80975641521392e-05,0.022466516018495,8.308682861554095e-05,0.00013480032529067525,9.736946589962836e-05,9.841419414414176e-05,0.3354087471421321,0.000106426475846266,8.54962952718536e-05,9.727659019063224e-05,7.92835820824053e-05,0.0391780449666015,0.00023284707844040383,2.7096670017587235e-05,0.0001269015964050926,6.922099636531566e-05,9.742438768557446e-05,0.00010979303128728728,7.03057169809835e-05,0.00011185897969499897,0.00012626866639728728,3.839335277066967e-05,0.0670463867879673,0.0001414941987442337,5.561880753642605e-05,0.00010431376795715528,5.581663746588084e-05,8.200265089448373e-05,7.110967150409812e-05,0.4039864083156316,7.384347682845917e-05,0.00013065973740902453
437,uj0592,uj0592,0996_101681.xml,letters-leipzig,Brief,"Bierwisch, Manfred","Johnson, Uwe",1976-08-16,1976,8.0,BierwischManfred,JohnsonUwe,585,0.00010203153250205696,0.00011230871009738004,9.243798754579387e-05,0.0001174886782321604,8.273127300985992e-05,0.00013804011934220327,0.00013959574228572153,9.950558160675689e-05,8.82499531461398e-05,0.0001340174437860734,7.474608361336096e-05,0.00012126827504643068,0.1105120708256283,0.0051078291561348,0.3368735030050974,9.574275965074452e-05,7.69136738217886e-05,8.751139338409695e-05,0.050264268211151,0.00011006165803886304,0.00020947251789771456,2.4376546758692773e-05,0.1055193439888338,6.2272185234836e-05,8.764435409638884e-05,9.877136043713348e-05,6.32480152091754e-05,0.00010062991678110284,0.00011359307430003258,3.453920199160143e-05,8.434347099202682e-05,0.0001272901780747929,5.003546419890112e-05,9.384213781739968e-05,5.021343479538008e-05,7.377074203467507e-05,6.3971264044248e-05,0.3835090517475532,6.643063389579053e-05,0.005136837701932
438,uj0081,uj0081,1090_101802.xml,letters-leipzig,Brief,"Bierwisch, Manfred","Johnson, Uwe",1981-03-16,1981,3.0,BierwischManfred,JohnsonUwe,579,0.00010974320048032942,0.00012079713972399172,9.942456366645028e-05,0.00012636861618383474,8.898420377769871e-05,0.00014847336034078104,0.0055488053219225,0.0001070263351279366,9.49199925062505e-05,0.0001441466460476797,8.03954840032925e-05,0.00013043387954655958,9.421547877780603e-05,9.522636623456782e-05,0.3299428616737067,0.00010297911448776708,8.272690332993915e-05,9.412561149437126e-05,7.671543205149502e-05,0.00011838025272346964,0.00022530470691797992,2.621895596739581e-05,0.00012279100591245358,6.697879313375055e-05,9.426862153986635e-05,0.00010623662062459656,6.80283775306769e-05,0.0001082356489294601,0.0001221785777434453,3.714971710846835e-05,9.071825365455768e-05,0.0001369109253686571,5.381720576034328e-05,0.00010093484133240848,0.0054526673903462,7.93464249155603e-05,6.880629039700513e-05,0.390900499735911,0.2646057309173814,0.00012642741339121023
439,uj0544,uj0544,0768_s000074.xml,letters-leipzig,Brief,"Johnson, Uwe","Baumgärtner, Sabine + Baumgärtner, Klaus",1970-11-01,1970,11.0,JohnsonUwe,BaumgärtnerSabine+BaumgärtnerKlaus,299,0.00019135494409217268,0.00021062926739157757,0.00017336273899896333,0.0002203440338811444,0.00015515829012130997,0.1414603522533755,0.0002618047068934407,0.0001866176518012824,0.0001655082937235702,0.0002513428920862575,0.0566207684892303,0.00022743247526147025,0.00016427986057665446,0.0001660425056601355,0.7353368434054391,0.00017956067081349776,0.00014424767905740562,0.00016412316249493175,0.0001337657107407939,0.0002064150356684477,0.0003928550416544584,4.571697227105602e-05,0.0002141058942017167,0.00011678831270979134,0.000164372523540906,0.00018524065738181956,0.00011861843214056062,0.00018872628517325972,0.0002130380270579837,6.477651471086068e-05,0.0001581818853489602,0.00023872624777534972,9.383896546112948e-05,0.00017599615133857238,9.417274025313896e-05,0.00013835327051858948,0.0001199748485052492,0.0603115293349283,0.0001245872714386635,0.00022044655628144675
440,uj0340,uj0340,0528_100966.xml,letters-leipzig,Brief,"Johnson, Uwe","Bierwisch, Manfred",1966-01-13,1966,1.0,JohnsonUwe,BierwischManfred,337,0.00016630668067190834,0.00018305800499921303,0.0001506696459393302,0.2047219446818886,0.00013484815002414932,0.00022499901240719976,0.0002275346058827596,0.0001621894974969019,0.000143843343496679,0.0165808777226998,0.000121832660493582,0.00019766168163134587,0.0001427757116146802,0.00014430762736646337,0.7617998962639717,0.00015605627167819555,0.0001253657323173661,0.00014263952523098055,0.0001162558482434844,0.00017939541403360734,0.0085226482621935,3.973264419604824e-05,0.00018607954315424867,0.00010150078285242863,0.00014285624504473606,0.00016099275093625753,0.00010309134059426464,0.00016402211184878747,0.00018515145926848676,5.6297302367422536e-05,0.00013747595819702687,0.0002074771051520584,8.155549331408499e-05,0.0001529583459628314,8.184557715808703e-05,0.00012024289881408084,0.00010427020275688404,0.0033294748163514,0.00010827886190886096,0.00019159021584026095
441,uj0843,uj0843,0547_100929.xml,letters-leipzig,Brief,"Klemm, Eberhardt","Johnson, Uwe",1965-05-14,1965,5.0,KlemmEberhardt,JohnsonUwe,493,0.00011405334615688864,0.0001255414269986772,0.00010332944662370968,0.00013133172225613445,9.247904336243688e-05,0.00015430462650903664,0.00015604353993820726,0.00011122977637632936,0.4489538619178423,0.00014980798124233065,8.355300306848313e-05,0.00013555664815130075,9.791577580524608e-05,9.896636569625597e-05,0.455115115368304,0.0001070236018286015,8.59759884956901e-05,0.0057085125534825,7.972841769739287e-05,0.00012302961716912847,0.0002341535112555665,2.7248701037816123e-05,0.0001276136019451689,6.960937392949046e-05,9.797100574031695e-05,0.0001104090459691576,7.070018057645869e-05,0.0001124865857733014,0.0001269771207631876,3.860876597782553e-05,9.428119775553896e-05,0.0001422880788548743,5.593086743338714e-05,0.0001048990401900958,0.0281095806797409,8.246274236213898e-05,7.150864583931689e-05,0.0583902600694384,7.425778969835028e-05,0.00013139282871390588
442,uj1097,uj1097,0456_101415.xml,letters-leipzig,Brief,"Johnson, Uwe","Bierwisch, Manfred",1964-05-27,1964,5.0,JohnsonUwe,BierwischManfred,1036,5.19586993005755e-05,0.0230614929827579,4.707326726417071e-05,5.9830120687090775e-05,4.213020457167464e-05,0.0051823625951819,7.108795701875998e-05,5.067238006378201e-05,4.4940545989718565e-05,0.0026242806684789,3.806381406928295e-05,6.175484855831161e-05,4.460698895102136e-05,4.508560081182655e-05,0.5191705406851047,4.8756194647963545e-05,3.916764114199983e-05,4.4564440646101234e-05,3.632146728208301e-05,5.604797315426744e-05,0.0001066721169650407,1.241355130087654e-05,0.2070968427309152,3.171158629163345e-05,4.463214976993141e-05,5.029848411184373e-05,3.220851949416245e-05,5.124493828969833e-05,5.784631716733586e-05,1.7588797956428596e-05,4.2951202826961216e-05,6.482145199937615e-05,2.5480139079779116e-05,0.237758895730583,2.5570769108359815e-05,3.75671295781305e-05,3.257682787706624e-05,0.0035962512810819,3.3829241277625745e-05,5.985795864337749e-05
443,uj0791,uj0791,0534_100912.xml,letters-leipzig,Brief,"Bierwisch, Manfred","Johnson, Uwe",1965-03-17,1965,3.0,BierwischManfred,JohnsonUwe,2425,2.1528481633115397e-05,2.369694880865956e-05,1.950425979382064e-05,2.4789913366919955e-05,1.7456159363686103e-05,2.912623285190555e-05,2.9454466674786827e-05,2.099551024552477e-05,1.862059158419152e-05,2.8277455079951784e-05,1.577129784054854e-05,2.558740193345657e-05,1.8482386111809534e-05,1.8680693359555088e-05,0.0530756769060371,2.0201561145847547e-05,1.6228655726350305e-05,1.846475671743817e-05,1.5049376751073995e-05,2.3222824606227707e-05,4.419834872236649e-05,5.143410338982374e-06,2.4088088409375727e-05,1.3139326276953642e-05,1.8492811203951385e-05,2.084059081446984e-05,1.334522475916242e-05,2.123274307499231e-05,2.3967947493761915e-05,7.287713488804684e-06,1.779633042450327e-05,2.6858013337238865e-05,1.0557398733462417e-05,1.9800533137865432e-05,1.0594950229784935e-05,1.5565502409000654e-05,1.3497829046094194e-05,0.3838116857320816,0.5623762901786858,2.480144769973985e-05
444,uj0657,uj0657,0040_060040.xml,letters-leipzig,Brief,"Bierwisch, Manfred","Johnson, Uwe + Baumgärtner, Klaus + Spott, Margot",1957-05-28,1957,5.0,BierwischManfred,JohnsonUwe+BaumgärtnerKlaus+SpottMargot,765,8.426714505943535e-05,9.275499576587468e-05,0.0083671456845139,9.70330960306922e-05,6.832719270910754e-05,0.0001140063907243254,0.00011529116907690572,8.218097948603312e-05,7.288503290004211e-05,0.00011068409048730204,6.17322793847558e-05,0.00010015463919684894,0.1119981681323366,7.31202842804786e-05,0.2657853201071331,7.907329056061461e-05,0.0042089233686364,7.227506144242559e-05,0.3068185724813397,9.08991708348188e-05,0.00017300192027691074,2.0132423294940328e-05,9.428600097254652e-05,5.143017200340655e-05,7.238487278559716e-05,8.1574591242231e-05,5.223610330703903e-05,8.310956021895631e-05,9.381574337908813e-05,2.852569076530082e-05,6.965869599927962e-05,0.00010512808773360028,4.132394776761766e-05,7.750357998383415e-05,4.147093246638717e-05,6.092675144375418e-05,5.2833429574758286e-05,0.3001559000546556,5.4864606319364746e-05,9.707824391029944e-05
445,uj0973,uj0973,1134_101868.xml,letters-leipzig,Brief,"Johnson, Uwe","Menzhausen, Joachim",1983-12-10,1983,12.0,JohnsonUwe,MenzhausenJoachim,488,0.00011216537072653083,0.00012346328429044376,0.00010161898864039296,0.0001291577302322171,9.094819689826474e-05,0.00015175035385105726,0.00015346048227794237,0.000109388540744068,9.701499593800762e-05,0.00014732814354017357,8.216991329302914e-05,0.00013331271906237015,9.629493270687316e-05,9.732813171924212e-05,0.6462226956624529,0.00010525199286201449,8.455278997192819e-05,9.620308193964084e-05,0.0055962225790647,0.0001209930535587796,0.0002302774647292821,2.679764125042684e-05,0.00012550115760951106,6.84570992077941e-05,0.022167605012762,0.00010858139624994392,6.95298492503913e-05,0.0001106245456198043,0.00012487521238174732,3.7969658016343184e-05,9.272051943346402e-05,0.0001399327214194047,5.50050190732033e-05,0.00010316260003099174,5.520066582517267e-05,8.109770015385967e-05,7.032493163055464e-05,0.068459328178516,7.30285676966537e-05,0.2539486591153727
446,uj1162,uj1162,0470_101429.xml,letters-leipzig,Brief,"Johnson, Uwe","Bierwisch, Manfred",1964-07-01,1964,7.0,JohnsonUwe,BierwischManfred,463,0.00012846938441395402,0.0001414095279833689,0.00011639001262902212,0.00014793170109240962,0.00010416814738272412,0.00017380831907002955,0.0001757670265110844,0.0001252889229563891,0.000111116797692089,0.00016874330985454367,9.4113879441817e-05,0.0001526906463337002,0.00011029206828189962,0.00011147544992844864,0.5252801829430566,0.0001205510991827584,9.68431237539398e-05,0.000110186866369332,8.980587669732319e-05,0.00013858023210174558,0.000263749889529669,3.0692864053218965e-05,0.4425343932582646,0.0190380070830286,0.00011035427913321492,0.00012436445441835835,7.96364945235274e-05,0.00012670458970353183,0.0001430266896042116,4.348881085286842e-05,0.00010619808927660111,0.00016027291189497282,6.300037965586446e-05,0.00011815799862898,6.322446501862206e-05,9.288581269485732e-05,8.054714763577004e-05,0.0088918351401719,8.364377593415943e-05,0.0001480005312431955
447,uj1176,uj1176,0422_101386.xml,letters-leipzig,Brief,"Johnson, Uwe","Bierwisch, Manfred",1964-02-10,1964,2.0,JohnsonUwe,BierwischManfred,492,0.0001260789775237082,0.00013877834615292855,0.0001142243644521169,0.00014517916235183578,0.00010222990926954484,0.0001705742987204939,0.00017249656084203214,0.00012295769434443116,0.00010904926728368168,0.00016560353322683395,9.23627192964505e-05,0.00014984955874900306,0.00010823988346632514,0.0001094012461419372,0.6581586857433483,0.00011830802641154743,9.504118104712005e-05,0.00010813663902695488,8.813487478958359e-05,0.00013600169447444224,0.00025884234244279424,3.0121767413744265e-05,0.00014106900843779074,7.694889266136233e-05,0.0063105747344036,0.00012205042722737092,7.815471249357172e-05,0.00012434702003325798,0.00014036541753632877,4.2679622316739626e-05,0.00010422208039716452,0.0001572907424492236,6.182814284392311e-05,0.00011595945385234844,6.20480586903591e-05,0.3288116687774765,7.904842124600399e-05,0.0025241125542314,8.208743113472505e-05,0.00014524671179229955
448,uj1161,uj1161,0475_s000049.xml,letters-leipzig,Brief,"Johnson, Uwe","Baumgärtner, Klaus",1964-07-13,1964,7.0,JohnsonUwe,BaumgärtnerKlaus,159,0.00034908891685562945,0.0003842510741525607,0.0003162657284210135,0.0004019737273478432,0.00028305534354800704,0.0004722880717568375,0.0004776104531331792,0.00034044667224313155,0.0003019368601145428,0.0004585249593315421,0.0002557349549489758,0.0004149051743788677,0.0002996958289317801,0.0003029114232082306,0.7575958497898241,0.00032757261842140294,0.00026315111051864354,0.00029940996454567054,0.00024402885066002997,0.0003765630491862583,0.0007166856420828576,8.340149457718977e-05,0.2236386408574952,0.0002130569752387457,0.0002998648740221835,0.0003379346206591652,0.0002163956629995174,0.00034429345312126053,0.0003886453755744577,0.00011817182704829872,0.00028857128978100247,0.00043550840902633535,0.00017119046997761097,0.0003210698638230523,0.00017179937549175424,0.0002523979381766279,0.000218870174028228,0.0069887917469244,0.00022728461941162024,0.0004021607590121924
449,uj0403,uj0403,0125_060104.xml,letters-leipzig,Brief,"Johnson, Uwe","Bierwisch, Manfred",1958-08-08,1958,8.0,JohnsonUwe,BierwischManfred,239,0.00023573678290489373,0.00025948148931332563,0.00021357156231882312,0.0234649127894427,0.00019114487126396608,0.0003189321266431294,0.0003225262856165883,0.00022990074846307283,0.00020389539915769865,0.0003096380136271057,0.0001726956447057059,0.0002801819430409423,0.00020238204981916176,0.00020455351334394423,0.2680666826990712,0.0002212070091767755,0.0001777037116224757,0.00020218900802529576,0.00016479061182674305,0.0002542898313003096,0.0004839717317310656,5.632032147619757e-05,0.0002637644662882416,0.00014387556720685263,0.00020249620453405932,0.3481301545238772,0.00014613015471692751,0.00023249844694321457,0.00026244892376997667,7.980043190509047e-05,0.00019486974294237707,0.0118908268039605,0.00011560347151665242,0.0002168157541840851,0.00011601466024269423,0.0001704421855999323,0.00014780117101393636,0.3410246902253342,0.00015348337456962864,0.0002715757475031269
450,uj0879,uj0879,0373_101334.xml,letters-leipzig,Brief,"Johnson, Uwe","Baumgärtner, Sabine",1963-06-29,1963,6.0,JohnsonUwe,BaumgärtnerSabine,130,0.0184737612841031,0.0004051224906893189,0.0003334443759205268,0.0004238077875877869,0.00029843009816951275,0.0004979414055639555,0.0005035528834351296,0.0003589387592740149,0.0003183372045746065,0.0004834307203364132,0.0002696257444009526,0.0728602850668227,0.00031597444700398543,0.0003193647031410567,0.5271606211269301,0.00034536542376407617,0.00027744472427589345,0.0003156730552841172,0.0002572837980934095,0.00039701687425168334,0.0007556139511183356,8.793162461507636e-05,0.1633632071287211,0.00022462961920877684,0.0003161526741389754,0.0003562902602511275,0.00022814965491527628,0.0003629944862590875,0.0004097554779641227,0.0001245905818446888,0.0003042456547853213,0.0004591639770168637,0.0544976216202418,0.0184442203164523,0.0001811310249466096,0.0002661074704461768,0.0002307585742875912,0.1341083788826719,0.00023963006821641668,0.00042400497827584414
451,uj0377,uj0377,0893_000037.xml,letters-leipzig,Brief,"Johnson, Uwe","Klemm, Eberhardt",1973-12-13,1973,12.0,JohnsonUwe,KlemmEberhardt,414,0.00015257586092616755,0.0752254424620014,0.00013822987057258523,0.0001756901596081385,0.00012371464875079392,0.00020642236311174667,0.00020874860975396984,0.0001487986057673287,0.00013196716983247095,0.2178671520660308,0.00011177376031216569,0.00018134209116056776,0.0001309876851064812,0.00013239312091790112,0.6088342244015523,0.00014317175899386777,0.00011501513025022193,0.00013086274271297395,0.00010665738779577304,0.00016458394594732212,0.0003132409067556789,3.645218803353315e-05,0.0001707162116566923,9.312054853010602e-05,0.0001310615694349668,0.00014770066648994647,0.052634828609005,0.0001504799135257116,0.0001698647533910969,5.1649214221742185e-05,0.00012612549654539686,0.00019034712143341736,7.482200688139099e-05,0.00014032960808809937,7.508814046099564e-05,0.0226275647506692,9.566131613175127e-05,0.0030545825608714,9.933900736340456e-05,0.0151872715694052
452,uj0982,uj0982,0695_101140.xml,letters-leipzig,Brief,"Doherty, Monika","Johnson, Uwe",1969-08-16,1969,8.0,DohertyMonika,JohnsonUwe,385,0.0001344158143574759,0.3902791114751072,0.00012177732774212335,0.00015477897837162173,0.00010898975210655397,0.006794245824897,0.1588813223281032,0.00013108813968384589,0.00011626003283747928,0.0001765538888112765,9.847010480529e-05,0.0001597581997091315,0.0001153971293854166,0.0001166352859193036,0.3644467045252054,0.00012613101745803402,0.00010132567695944944,0.0001152870580184972,9.396269862601294e-05,0.00014499466029807564,0.0068883504981082,3.2113536898279195e-05,0.00015039704494908076,8.203705545627597e-05,0.00011546221977469156,0.00013012088050412673,8.332260882844178e-05,0.00013256933304009992,0.0001496469298557319,4.550176645504041e-05,0.00011111365340808612,0.0001676914236810711,6.591646231437363e-05,0.00012362714806344764,6.615091985971064e-05,9.71851948430376e-05,8.427541311124933e-05,0.0688149416237389,8.751537426144226e-05,0.00015485099444620976
453,uj0492,uj0492,0276_060253.xml,letters-leipzig,Brief,"Baumgärtner, Klaus","Johnson, Uwe",1962-01-27,1962,1.0,BaumgärtnerKlaus,JohnsonUwe,589,0.00010002334603627262,0.00011009824803651952,9.061862140513477e-05,0.00011517626394490112,8.110295460003735e-05,0.0001353232112197787,0.00013684821636442214,9.754711095212216e-05,8.651301597418655e-05,0.0148928932578987,7.327492984548327e-05,0.000118881470666399,8.587090037942463e-05,8.679225446285627e-05,0.423732738436857,9.385834892581896e-05,7.539985750427368e-05,8.578899255872144e-05,6.992081671414557e-05,0.0001078954224972086,0.0002053496760165787,2.389676712505472e-05,0.00011191551932845974,6.104654296017066e-05,8.59193363358722e-05,9.682734073682213e-05,6.20031666313279e-05,9.864931694125685e-05,0.00011135733335973492,0.2263770671346805,0.0050031879372264,0.00012478485049057845,4.905066528870692e-05,9.19951351657305e-05,4.922513306469115e-05,7.231878495736746e-05,6.271218046976395e-05,0.3267557745038803,6.512314495946282e-05,0.00011522985353763713
454,uj0508,uj0508,0303_101271.xml,letters-leipzig,Brief,"Bierwisch, Manfred","Johnson, Uwe",1962-07-14,1962,7.0,BierwischManfred,JohnsonUwe,519,0.00011600596677071424,0.00012769072630910248,0.00010509847150803971,0.0001335801528087444,0.0058008088413563,0.00015694635868685234,0.00015871504273058068,0.0001131340567989736,0.00010033683588925606,0.00015237272977576685,8.498345050063591e-05,0.0115513704796739,9.959211734802772e-05,0.00010066069358969708,0.2346369338062107,0.00010885587153517308,8.744791801891327e-05,0.0058062436561797,0.245471194375679,0.0001251359136934326,0.0630123741562175,2.771520532847693e-05,0.0001297983773871792,7.08011030898366e-05,9.964829283282032e-05,0.0001122992752905809,7.191058460796239e-05,0.00011441238307395818,0.00012915099949485905,3.926975730217448e-05,9.589531445125077e-05,0.0001447240848576398,0.0342973676249642,0.00010669493689236304,5.709076307560955e-05,8.38745242697685e-05,7.27328909898321e-05,0.3960879608545363,7.552910085043757e-05,0.0001336423054237142
455,uj0392,uj0392,0081_060068.xml,letters-leipzig,Brief,"Johnson, Uwe","Bierwisch, Manfred",1958-01-13,1958,1.0,JohnsonUwe,BierwischManfred,990,6.407901987536392e-05,0.0063750836823856,5.805397111982175e-05,7.378659481976385e-05,5.195784829955483e-05,8.669354790636246e-05,8.767052816993213e-05,6.249264305973721e-05,5.542375345129138e-05,8.416718080599384e-05,4.694289755345596e-05,7.616030080499548e-05,5.5012388109203054e-05,5.560264497386597e-05,0.6024492996577249,6.0129472214470224e-05,4.830421255717481e-05,5.495991463097244e-05,4.479411638861403e-05,6.91221919345927e-05,0.00013155534674968812,1.5309240054896966e-05,7.169762931955292e-05,3.910889601961977e-05,5.5043418151077086e-05,0.1891985396560027,3.972174801534383e-05,6.319876100403087e-05,7.134003270634728e-05,2.169170801050566e-05,5.297035947143409e-05,0.0820390957674974,3.142384933608448e-05,5.893582176888863e-05,3.1535620482801073e-05,4.633035228560337e-05,4.017597109071042e-05,0.1179170477958458,4.172053291128964e-05,7.382092649045998e-05
456,uj0619,uj0619,0067_060060.xml,letters-leipzig,Brief,"Bierwisch, Manfred","Johnson, Uwe",1957-10-24,1957,10.0,BierwischManfred,JohnsonUwe,185,0.0003164796280850984,0.00034835719831630894,0.000286722537651172,0.0003644243331381337,0.0002566144197886998,0.000428170434756161,0.000432995638872304,0.0003086446776506367,0.000273732165589639,0.0004156929698716133,0.00023184609858033103,0.0003761478206204743,0.0002717004748627141,0.0002746156922515964,0.266470371362086,0.0002969732221310871,0.0936511277143714,0.00027144131380021566,0.00022123349143983247,0.0003413873314297856,0.0006497382028147166,7.561074760917241e-05,0.0470603862604993,0.00019315477813459237,0.000271853729018768,0.000306367283231515,0.0001961815905305249,0.0003121321208860191,0.00035234101680078667,0.00010713309437391568,0.0002616151073730545,0.0003948264544118679,0.00015519913023372698,0.0625661167213322,0.00015575115632607847,0.00022882080108151888,0.0001984249511536944,0.5201050210535311,0.0002060533816678023,0.00036459389369624746
457,uj1230,uj1230,0951_101627.xml,letters-leipzig,Brief,"Johnson, Uwe","Klemm, Erika",1975-02-11,1975,2.0,JohnsonUwe,KlemmErika,883,8.867843712712651e-05,9.761061745297624e-05,8.03404209044153e-05,0.00010211267154641426,7.190404585860845e-05,0.00011997449948977128,0.00012132653457154874,8.648306308772785e-05,7.670048395464461e-05,0.00011647828050100032,6.496389609822575e-05,0.00010539762405316406,7.61311987861821e-05,0.4973914662237053,0.4716448427431051,8.321269007593283e-05,6.684780891715306e-05,7.605858116423399e-05,6.199021523049375e-05,9.56576421344044e-05,0.00018205837992170583,2.118633344131744e-05,9.92217690929825e-05,5.412248476229496e-05,7.617414101006023e-05,8.584493108842126e-05,5.497060568044816e-05,8.746025399746983e-05,9.872689403336534e-05,3.0018979203038067e-05,7.330525187690661e-05,0.00011063142713335896,0.0044058952649895,8.156080688239837e-05,4.364189002404144e-05,6.411619965829209e-05,5.559920131922246e-05,0.0235873906173276,5.773670792530983e-05,0.000102160182867705
458,uj0571,uj0571,0734_s000070.xml,letters-leipzig,Brief,"Johnson, Uwe","Baumgärtner, Klaus + Baumgärtner, Sabine",1970-01-16,1970,1.0,JohnsonUwe,BaumgärtnerKlaus+BaumgärtnerSabine,165,0.0003748371183160515,0.0004125927761973593,0.00033959294764000444,0.00043162262198126813,0.0003039330215784934,0.0005071232321752317,0.0005128381832990223,0.0741238471363077,0.000324207206513915,0.0004923449761165006,0.0002745975278424641,0.0004455078704286445,0.0003218008807039479,0.00032525365171459777,0.6106395272795658,0.2953848926136527,0.0002825606863630981,0.0003214939314496328,0.00026202800132211823,0.00040433769565837314,0.0007695471492952822,8.955304617560928e-05,0.00041940299362422216,0.00022877169334096524,0.0003219823942711016,0.0003628601003093312,0.00023235663700081307,0.0003696879493783182,0.00041731119377656073,0.00012688797890208017,0.00030985581457171053,0.0004676307644259927,0.0001838171862560621,0.0003447514278527839,0.00018447100359951735,0.00027101437842028835,0.00023501366373084465,0.0075042730732455,0.00024404874421448815,0.0004318234487812995
459,uj0966,uj0966,0213_060187.xml,letters-leipzig,Brief,"Baumgärtner, Klaus + Baumgärtner, Sabine","Johnson, Uwe + Schmidt, Elisabeth",1960-08-23,1960,8.0,BaumgärtnerKlaus+BaumgärtnerSabine,JohnsonUwe+SchmidtElisabeth,788,0.0036410217404241,7.984620854681555e-05,6.571905976686645e-05,8.352892216356806e-05,5.8818042450679966e-05,0.4996856370520455,9.924600452741964e-05,7.074378660084557e-05,6.274156436347283e-05,9.528009676342617e-05,5.314094850769157e-05,8.621603766149724e-05,6.227588487624324e-05,6.294407562044782e-05,0.2073848710212838,6.80685972378497e-05,0.0214655747326811,6.221648312326245e-05,5.070845551756178e-05,7.824866026116318e-05,0.00014892510415608138,1.733057778384358e-05,8.116414252987286e-05,4.4272593680538025e-05,0.003630793133521,7.022178989570664e-05,4.496636287768914e-05,7.154313600775717e-05,8.075933106319153e-05,2.4555747482726456e-05,5.996423935910529e-05,9.049732737299332e-05,3.557286078433361e-05,6.671734454211223e-05,3.569938950458459e-05,5.244752653687016e-05,4.548055876923108e-05,0.2619514446179165,4.722905501577996e-05,8.356778677652827e-05
460,uj0924,uj0924,1032_101716.xml,letters-leipzig,Brief,"Klemm, Erika","Johnson, Uwe",1977-10-29,1977,10.0,KlemmErika,JohnsonUwe,127,0.000695416854811835,0.0007654630684128918,0.0690500921987224,0.0008007682045799081,0.0005638719742834028,0.000940840770267467,0.0009514434377774622,0.0006782007179574434,0.0006014856716274758,0.0009134233992393892,0.0005094472767510183,0.0008265288225436115,0.0005970213338000545,0.000603427089898593,0.6539490223063265,0.0006525544324837416,0.00052422093277971,0.0005964518659576446,0.0004861276529140784,0.0007501478238329787,0.001427702946273,0.00016614335845403487,0.0007780977295821213,0.0004244288617089684,0.0005973580869864593,0.0006731964828548737,0.0004310798312175616,0.0006858638551418448,0.0007742169162904929,0.00023540902138489305,0.000574860240583038,0.0008675723388103213,0.00034102697753313183,0.0006396003542187237,0.00034223997266725754,0.0005027996360032593,0.0004360092821215982,0.2533925258623397,0.0004527716222044964,0.0008011407886566054
461,uj0687,uj0687,0266_060239.xml,letters-leipzig,Brief + Postkarte,"Baumgärtner, Klaus + Baumgärtner, Sabine","Johnson, Uwe",1961-11-05,1961,11.0,BaumgärtnerKlaus+BaumgärtnerSabine,JohnsonUwe,179,0.00023573678290489373,0.00025948148931332563,0.00021357156231882312,0.00027144944660749214,0.00019114487126396608,0.0003189321266431294,0.0003225262856165883,0.00022990074846307283,0.0349940904134106,0.0003096380136271057,0.0001726956447057059,0.0002801819430409423,0.00020238204981916176,0.00020455351334394423,0.2332764876848182,0.0002212070091767755,0.0001777037116224757,0.00020218900802529576,0.00016479061182674305,0.0002542898313003096,0.0004839717317310656,5.632032147619757e-05,0.0002637644662882416,0.00014387556720685263,0.00020249620453405932,0.00022820438134769897,0.00014613015471692751,0.00023249844694321457,0.00026244892376997667,7.980043190509047e-05,0.00019486974294237707,0.00029409513254285166,0.00011560347151665242,0.4292958875966371,0.00011601466024269423,0.0001704421855999323,0.00014780117101393636,0.2946377635396637,0.00015348337456962864,0.0002715757475031269
462,uj0594,uj0594,0990_s000104.xml,letters-leipzig,Brief,"Johnson, Uwe","Baumgärtner, Klaus + Baumgärtner, Sabine",1976-05-14,1976,5.0,JohnsonUwe,BaumgärtnerKlaus+BaumgärtnerSabine,965,6.118589809718506e-05,6.734887855679381e-05,5.543287597068861e-05,0.0903690204171747,4.961198872250239e-05,8.277939641085996e-05,8.371226671639841e-05,5.967114505674428e-05,5.292141074301917e-05,8.03670929727004e-05,4.482345940494992e-05,7.272171785974825e-05,0.0060724329671962,0.0030630443999142,0.6504979503268258,5.741466967984272e-05,0.0632551189759373,5.247851391268758e-05,4.277169416820172e-05,6.60013745558251e-05,0.00012561571721949734,1.4618038849005569e-05,6.846053279042914e-05,3.7343157420387616e-05,5.25582473087635e-05,5.923084997772576e-05,3.792833958815428e-05,6.0345382282410025e-05,0.0391974973495515,2.071234295509197e-05,5.057878574132952e-05,7.633291075285775e-05,3.0005085081492783e-05,5.627491169557469e-05,3.0111809841117828e-05,4.423857011651137e-05,3.836205481751994e-05,0.0192846602708879,3.9836880779942256e-05,0.1264884792924662
463,uj1114,uj1114,0455_101414.xml,letters-leipzig,Brief,"Bierwisch, Manfred","Johnson, Uwe",1964-05-25,1964,5.0,BierwischManfred,JohnsonUwe,601,8.985438156058853e-05,9.89050094828681e-05,8.140579681546238e-05,0.00010346676428396216,7.285754893342711e-05,0.0045418224015155,0.00012293541794368258,8.762989516913864e-05,7.771759149591765e-05,0.00011802287228691578,6.582536743745557e-05,0.00010679527779313426,7.714075716729182e-05,7.796844094958652e-05,0.2038432861658028,8.431615449026293e-05,6.773426239256296e-05,7.706717657969988e-05,6.281225326917624e-05,9.692613620613456e-05,0.00018447261437790324,2.146728055408705e-05,0.00010053752623556588,5.484019063018384e-05,7.718426883816028e-05,8.698330104762162e-05,5.5699558285479854e-05,8.862004438360461e-05,0.2078521126297579,3.041705400719163e-05,7.427733602363782e-05,0.00011209848513661322,0.1149707445244818,0.0310244409998192,4.4220615126807536e-05,6.496642988928749e-05,5.633648958697288e-05,0.4349840737334219,5.850234117833906e-05,0.000103514905641997
464,uj0712,uj0712,0024_060025.xml,letters-leipzig,Brief,"Bierwisch, Manfred","Johnson, Uwe",1956-02-20,1956,2.0,BierwischManfred,JohnsonUwe,274,0.0002180371542955397,0.00023999905668124533,0.1181837992899901,0.00025106843380175766,0.00017679330003157203,0.00029498601130374983,0.0002983103130313038,0.0002126393019689524,0.0001885864906548485,0.0002863897204375404,0.00015972928139117328,0.00025914527547569186,0.00018718676686476548,0.000189195192201558,0.4195560378937175,0.00020459830747155845,0.00016436133178907264,0.00018700821906719232,0.00015241777551456553,0.00023519719960453129,0.0004476340851257765,5.209166966800566e-05,0.000243960458461725,0.00013307307777715328,0.00018729235059624332,0.00021107030177340008,0.0215872062302387,0.00021504195961681067,0.00024274368972711057,7.380884251381594e-05,0.0001802385002708764,0.0646281573653591,0.00010692371230986676,0.0002005367574215665,0.00010730402809512432,0.00015764501687933223,0.00013670393874183178,0.369049936938238,0.00014195951013864252,0.00025118525175239667
465,uj1069,uj1069,0522_101476.xml,letters-leipzig,Brief,"Bierwisch, Manfred","Johnson, Uwe",1964-12-29,1964,12.0,BierwischManfred,JohnsonUwe,561,9.856832832235208e-05,0.0001084966729291775,8.93004121611877e-05,0.00011350082005200992,7.992316767757674e-05,0.00013335469409620653,0.00013485751532492225,9.612811448778034e-05,8.52545300734901e-05,0.0001294685581612894,7.220901548512186e-05,0.00011715212794261324,8.46217551936891e-05,8.552970654100653e-05,0.3690795209288863,9.24930120749914e-05,7.430303228652885e-05,8.454103886811935e-05,0.0291624657787562,0.0001063258914106616,0.0002023624992424323,2.354914608606469e-05,0.00011028750877353918,6.015851226633197e-05,8.466948656288366e-05,9.541881461220316e-05,0.0097589552484268,9.721428692772744e-05,0.2474050151638659,3.33668555045135e-05,8.148064364730852e-05,0.00012296963259308006,4.833713600076675e-05,9.065690207750618e-05,4.850906583221478e-05,7.126677942733831e-05,6.179992011177716e-05,0.3413982378543926,6.41758128289433e-05,0.00011355363008867422
466,uj0227,uj0227,0630_s000198.xml,letters-leipzig,Brief,"Johnson, Uwe","Bierwisch, Manfred",1968-10-09,1968,10.0,JohnsonUwe,BierwischManfred,705,7.126802546321332e-05,7.84465332891022e-05,6.456702833556892e-05,8.206469026347399e-05,5.778698336567556e-05,9.641967045851064e-05,9.750625783822662e-05,6.950367351915678e-05,6.164172735345007e-05,0.0035995377871536,5.220940683337368e-05,8.470470159521269e-05,6.118421105979174e-05,6.184068866107926e-05,0.2878917589652817,6.687537926150442e-05,0.0245952188603697,6.112585059813118e-05,4.981955456864352e-05,7.687698944911012e-05,0.00014631450075570284,1.702677900156702e-05,7.974136436444531e-05,4.349651107001416e-05,6.121872235254724e-05,6.899082722812125e-05,4.4178118743187005e-05,7.028901061906614e-05,7.934364909687304e-05,2.412529407971888e-05,5.891308785540764e-05,8.891094184112556e-05,3.494928135592881e-05,0.0070774036458299,3.507359207331718e-05,0.5855414901366317,4.468330096607632e-05,0.0680394227342454,0.0210819686435778,8.210287359377656e-05
467,uj1124,uj1124,0466_101425.xml,letters-leipzig,Brief,"Johnson, Uwe","Bierwisch, Manfred",1964-06-17,1964,6.0,JohnsonUwe,BierwischManfred,957,5.992333352095377e-05,6.595914152654463e-05,5.4289024401360505e-05,6.900134770101426e-05,4.858825054973053e-05,8.10712522665319e-05,8.198487289136583e-05,5.843983725029287e-05,5.1829382994694005e-05,7.870872645627126e-05,4.389853203134266e-05,7.122111285520016e-05,5.144469573448207e-05,5.1996672950004784e-05,0.439569570936065,5.622992400562461e-05,4.517156231728631e-05,5.13956252939052e-05,4.188910475460195e-05,6.463944312900517e-05,0.00012302365009763677,1.4316397153799717e-05,0.5188872623349682,3.6572585292007285e-05,5.1473713399733554e-05,5.8008627613952255e-05,3.714569228724824e-05,5.9100161661673374e-05,6.671345132264977e-05,2.0284945935204865e-05,4.953509781369031e-05,7.475778916251835e-05,2.938593330455022e-05,5.511368480756656e-05,2.9490455809977816e-05,4.332571187189567e-05,3.7570457848442e-05,0.0395216182271458,3.9014850932142765e-05,6.903345287611613e-05
468,uj0941,uj0941,0216_060188.xml,letters-leipzig,Brief,"Baumgärtner, Klaus","Johnson, Uwe",1960-08-23,1960,8.0,BaumgärtnerKlaus,JohnsonUwe,394,0.00012377590143299955,0.0062252205763889,0.00011213783577054832,0.00014252718448646372,0.00010036248248342797,0.1341249586958464,0.00016934557791999785,0.00012071163452085696,0.00010705727174942924,0.0001625784647705176,9.067553579716738e-05,0.00014711226707091052,0.00010626267289110848,0.0001074028210338668,0.2868864860765838,0.0001161469017552492,9.33050702695626e-05,0.00010616131441087654,8.652492103779878e-05,0.0062224946456174,0.0002541140870123367,2.9571535141060776e-05,0.00013849211047387797,7.554327248283922e-05,0.0001063226109396606,0.00011982094039039788,0.0244326362049984,0.0001220755814920023,0.00013780137201946642,4.189999656430462e-05,0.00010231826275681696,0.0123323720928316,6.069873237190385e-05,0.2436729326235323,6.091463103055929e-05,0.0975131288923219,7.760444912189869e-05,0.1851473233070513,8.058794562407737e-05,0.00014259350000590172
469,uj0061,uj0061,0007_s000152.xml,letters-leipzig,Brief,"Johnson, Uwe","Bierwisch, Manfred",1955-07-02,1955,7.0,JohnsonUwe,BierwischManfred,503,0.000124534187270474,0.00013707795612195222,0.00011282482355835992,0.00014340034593550145,0.00010097733115913852,0.00016848432686879383,0.00017038303635810237,0.00012145114780103374,0.00010771313457915936,0.00016357446597823694,9.123103952450332e-05,0.00014801351801998163,0.00010691366778569322,0.00010806080079528964,0.4785587150516589,0.00011685845020408206,9.387668326151698e-05,0.0001068116883550244,8.705499693667698e-05,0.00013433532553511654,0.000255670861077832,2.975269864728644e-05,0.0001393405519294317,7.600607172709451e-05,0.00010697397303151732,0.2267929174014449,7.719711717930384e-05,0.0001228234506933181,0.00013864558181779675,4.215668767797943e-05,0.00010294509309022784,0.00015536352816947712,6.107058980600366e-05,0.00011453865367138424,6.128781112030766e-05,9.00405901816955e-05,7.807987571150825e-05,0.2904283487676442,8.108164994883219e-05,0.0001434670677223842
470,uj1167,uj1167,0421_101382.xml,letters-leipzig,Brief,"Bierwisch, Manfred","Johnson, Uwe",1964-02-04,1964,2.0,BierwischManfred,JohnsonUwe,1863,3.4093928902208605e-05,3.75280570943266e-05,3.0888237174973386e-05,3.925894813332327e-05,2.764472973029696e-05,4.612623077488903e-05,4.664604358897066e-05,3.3249880125100465e-05,2.9488801691056384e-05,4.478205009814991e-05,2.497647146857363e-05,4.052190382853589e-05,2.9269930354489883e-05,2.9583982841825057e-05,0.1394018138461204,3.199252976395237e-05,2.5700773697923807e-05,2.924201127833164e-05,2.383318943331436e-05,3.677720261587313e-05,6.999543138320816e-05,8.145445154962072e-06,3.814749166314183e-05,2.0808307039187733e-05,2.9286440220644884e-05,3.3004539456958174e-05,2.113438150803001e-05,3.3625577740890275e-05,3.795722855471698e-05,1.1541305596061111e-05,2.8183447144731307e-05,4.253412817399338e-05,0.3857731221647668,3.135743525868521e-05,1.6778864669261563e-05,2.465056019758087e-05,2.1376055760654537e-05,0.4736534573759056,2.2197856421749532e-05,3.92772146664582e-05
471,uj0225,uj0225,0629_s000197.xml,letters-leipzig,Brief + Umschlag,"Johnson, Uwe","Bierwisch, Manfred",1968-09-26,1968,9.0,JohnsonUwe,BierwischManfred,461,0.0001230267940784308,0.00013541872999002546,0.00011145916345607832,0.0001416645920036888,9.975507609106316e-05,0.00016644495010925063,0.00016832067714032356,0.0001199810724958206,0.00010640934764870292,0.00016159451941246238,9.012675602696396e-05,0.00014622192509049068,0.00010561955780281356,0.00010675280562532254,0.5998607663075355,0.00011544396606818951,9.27403762253401e-05,0.00010551881275687787,8.600126131120827e-05,0.3451038928316298,0.000252576156532521,2.939256448357743e-05,0.00013765393876755523,7.508607507728672e-05,0.00010567913309874205,0.0122233478228088,7.626270381513493e-05,0.00012133676468800253,0.0001369673807493214,4.164641250456972e-05,0.00010169901973575664,0.00015348296886453827,6.0331375993914486e-05,0.00011315224893743711,6.054596800667869e-05,8.895071618305881e-05,7.713477721556285e-05,0.038775763726645,8.010021722090947e-05,0.00014173050617324564
472,uj0060,uj0060,0008_060003.xml,letters-leipzig,Brief,"Bierwisch, Manfred","Johnson, Uwe",1955-07-09,1955,7.0,BierwischManfred,JohnsonUwe,579,0.00010915391573664884,0.00012014849897715696,9.889068659471096e-05,0.0001256900584484012,8.850638799061347e-05,0.00014767610742935812,0.00014934032173184706,0.00010645163905394845,9.441030349399836e-05,0.0592097398554322,7.996378680495494e-05,0.0001297334926894291,9.370957277160866e-05,9.47150320965751e-05,0.1563417455310789,0.00010242615065201442,8.228268717977312e-05,0.0108329596842765,7.630349551679451e-05,0.00011774458986164618,0.00022409489504913449,2.6078168832710518e-05,0.0699278383842625,6.661913913449498e-05,9.37624301745872e-05,0.00010566616505668666,6.766308760983706e-05,0.00010765445923973594,0.00012152251913066855,3.695023539635997e-05,9.023112659230696e-05,0.0108755152551452,5.352822513864386e-05,0.00010039285456837505,5.37186190983864e-05,7.892036081807011e-05,6.843682334098028e-05,0.6895029990424169,7.106787124310913e-05,0.00012574853993419096
473,uj0795,uj0795,0554_100932.xml,letters-leipzig,Brief,"Zeibig, Brigitte","Johnson, Uwe",1965-06-13,1965,6.0,ZeibigBrigitte,JohnsonUwe,563,0.00011405334615688864,0.0001255414269986772,0.00010332944662370968,0.00013133172225613445,9.247904336243688e-05,0.00015430462650903664,0.00015604353993820726,0.00011122977637632936,9.864795919146832e-05,0.00014980798124233065,8.355300306848313e-05,0.00013555664815130075,9.791577580524608e-05,9.896636569625597e-05,0.4607258055427872,0.0001070236018286015,8.59759884956901e-05,9.782237899942206e-05,0.4377135620273819,0.00012302961716912847,0.0002341535112555665,2.7248701037816123e-05,0.0001276136019451689,6.960937392949046e-05,9.797100574031695e-05,0.0001104090459691576,7.070018057645869e-05,0.0001124865857733014,0.0001269771207631876,3.860876597782553e-05,9.428119775553896e-05,0.0001422880788548743,5.593086743338714e-05,0.0001048990401900958,5.6129807325283344e-05,8.246274236213898e-05,7.150864583931689e-05,0.0976650912908204,7.425778969835028e-05,0.00013139282871390588
474,uj0607,uj0607,0981_101665.xml,letters-leipzig,Brief,"Johnson, Uwe","Klemm, Erika",1976-03-03,1976,3.0,JohnsonUwe,KlemmErika,539,0.000124534187270474,0.00013707795612195222,0.00011282482355835992,0.00014340034593550145,0.00010097733115913852,0.00016848432686879383,0.00017038303635810237,0.00012145114780103374,0.00010771313457915936,0.00016357446597823694,9.123103952450332e-05,0.3370934170921519,0.00010691366778569322,0.00010806080079528964,0.6317157166762644,0.00011685845020408206,9.387668326151698e-05,0.0001068116883550244,8.705499693667698e-05,0.00013433532553511654,0.000255670861077832,2.975269864728644e-05,0.0001393405519294317,7.600607172709451e-05,0.00010697397303151732,0.00012055499702887924,7.719711717930384e-05,0.0001228234506933181,0.006264925646802,4.215668767797943e-05,0.00010294509309022784,0.00015536352816947712,6.107058980600366e-05,0.00011453865367138424,6.128781112030766e-05,9.00405901816955e-05,7.807987571150825e-05,0.0208720259083386,8.108164994883219e-05,0.0001434670677223842
475,uj0904,uj0904,0403_101367.xml,letters-leipzig,Brief,"Bierwisch, Manfred","Johnson, Uwe",1963-10-02,1963,10.0,BierwischManfred,JohnsonUwe,348,0.00015372971772919448,0.00016921422111788927,0.00013927523564916764,0.00017701881857593442,0.0001246502422858962,0.0002079834347421315,0.00021032727365286527,0.2497128250581425,0.00013296517315857436,0.00020192251648877183,0.00011261905073329266,0.00018271349292943608,0.098444636314232,0.0001333943455042661,0.295813030056134,0.0001442544971617117,0.00011588493357090884,0.0001318523937955603,0.00010746398558754816,0.00016582861403929657,0.0003156097949208997,3.672785814866402e-05,0.00017200725508264013,9.382477381037532e-05,0.00013205272414705522,0.00014881765457578467,9.529504542963048e-05,0.00015161791970104337,0.0001711493576535605,5.203981203216248e-05,0.00012707932214625308,0.0001917866238531928,7.538784921799755e-05,0.00014139085245516809,7.565599543603318e-05,0.0001111495149740615,0.0076588969123951,0.3433907299164982,0.00010009025981419476,0.0001771011824768735
476,uj1224,uj1224,0965_s000102.xml,letters-leipzig,Brief,"Johnson, Uwe","Baumgärtner, Klaus + Baumgärtner, Sabine",1975-11-10,1975,11.0,JohnsonUwe,BaumgärtnerKlaus+BaumgärtnerSabine,1027,5.804127194840067e-05,6.388750835242737e-05,5.258392422362307e-05,0.0571719705263639,0.0343101440158292,7.852498056293511e-05,0.0057899235424426,5.660436906899462e-05,5.020153480381622e-05,7.623665654987757e-05,4.251977461961103e-05,6.898421260644534e-05,4.982892973375217e-05,5.0363570545486594e-05,0.631342137676736,5.446386439277677e-05,4.375282179311596e-05,4.9781400488985545e-05,0.2056190643583814,6.260925881120864e-05,0.000119159744824693,1.3866750257384096e-05,6.494202953612455e-05,3.542391993341306e-05,4.985703601725158e-05,5.6186702789449866e-05,3.597902688444207e-05,5.724395412682025e-05,6.461812691846178e-05,1.964783990316784e-05,4.797930813027415e-05,7.240980960322692e-05,2.84629850539032e-05,5.338268384010781e-05,2.856422473477192e-05,4.196494549548757e-05,3.639045148322447e-05,0.0382803301582099,3.778947932172331e-05,0.0257641766246814
477,uj0421,uj0421,0090_110113.xml,letters-leipzig,Brief,"Bierwisch, Manfred","Johnson, Uwe",1958-03-02,1958,3.0,BierwischManfred,JohnsonUwe,1140,5.02877171903314e-05,5.535297287898822e-05,4.555939974000239e-05,5.790599512837481e-05,4.0775305024768296e-05,6.803507025889638e-05,6.880178153647969e-05,4.9042765741062974e-05,4.349526638525799e-05,6.605243640292601e-05,3.683968888498056e-05,5.976882410906929e-05,0.3958562690186524,4.3635656271253065e-05,0.1784021397852215,4.718820449199319e-05,3.790801708424329e-05,4.313125651957239e-05,3.515337564654999e-05,5.4245480757095646e-05,0.00010324156151407938,1.2014333798753036e-05,5.6266623825578806e-05,3.0691747571763975e-05,4.3196788130567486e-05,0.0049963446014906,3.117269949488087e-05,4.959691060087394e-05,5.598599036102079e-05,1.7023145483954856e-05,0.0025154017537673,6.273680615355906e-05,2.4660702543800026e-05,4.625145551942348e-05,2.4748417927509946e-05,3.635897767472858e-05,3.152916314866e-05,0.4166105160660788,3.274129916708454e-05,5.7932937821162505e-05
478,uj1037,uj1037,0671_101120.xml,letters-leipzig,Brief,"Bierwisch, Manfred","Johnson, Uwe",1969-06-15,1969,6.0,BierwischManfred,JohnsonUwe,333,0.00016362930669753842,0.00018011095118029957,0.0001482440128430788,0.0001884181340072591,0.3221130046024973,0.00022137674962350315,0.0002238715225381954,0.00015957840612185957,0.00014152760715518988,0.00021492553208146147,0.00011987127449804718,0.0001944795229832877,0.00014047716309633515,0.00014198441651135487,0.2907137007548612,0.00015354391920600183,0.0001233474673407082,0.00014034316917945592,0.00011438424343964936,0.00017650732432660118,0.0003359338239391802,3.909298770676225e-05,0.00018308384554311847,9.98667200878462e-05,0.00014055640001738235,0.00015840092600368424,0.00010143167141456096,0.0001613815171852965,0.00018217070289502493,5.53909711750928e-05,0.000135262730495703,0.00020413692784007403,8.024253009225985e-05,0.0001504958670474385,8.052794387170899e-05,0.0001183071064178467,0.00010259155505592784,0.3816027582124647,0.00010653567873860034,0.0001885058018193558
479,uj0778,uj0778,1137_101874.xml,letters-leipzig,Brief + Postkarte,"Klemm, Ine","Johnson, Uwe",0000-00-00,0,0.0,KlemmIne,JohnsonUwe,120,0.1024778401487176,0.0005703471360302064,0.0004694359093914064,0.0005966530208350273,0.0004201414527902006,0.0007010212000104717,0.0007089212559349783,0.0005053278898780417,0.0004481674483489141,0.0006805924952321153,0.0003795895677315706,0.0006158472775983613,0.00044484106671247503,0.0004496140006340091,0.4362780900691268,0.0004862188223431872,0.00039059743049120753,0.00044441675577393,0.0003622140976174119,0.0005589357352138788,0.0010637825913627,0.00012379354742897333,0.000579761232032935,0.00031624227962582363,0.0004450919817772778,0.0005015992303560477,0.0003211979222526005,0.0005110376994384063,0.0005768696349883676,0.00017540344751175473,0.0004283288186770074,0.0006464288339415868,0.00025409946994352407,0.00047656672841044783,0.0002550032735747059,0.0003746364053671169,0.0003248708600092818,0.4437021821365389,0.0003373604928262741,0.0005969306335244486
480,uj1197,uj1197,1081_101778.xml,letters-leipzig,Brief,"Johnson, Uwe","Bierwisch, Manfred",1980-09-13,1980,9.0,JohnsonUwe,BierwischManfred,500,0.0001079941301097996,0.0001188718933578275,9.783995015371592e-05,0.00012435457247666565,8.7565987126539e-05,0.00014610701459682213,0.0001477535462370355,0.0001053205657425046,0.0054060229359755,0.00014184925881539795,7.911415305632628e-05,0.00012835504429271587,9.271388686455508e-05,9.370866295140213e-05,0.6540664600859629,0.0001013378490868529,8.140841457777252e-05,9.262545187216016e-05,7.549275321056113e-05,0.00011649352633324042,0.0002217138349050776,2.5801082251046352e-05,0.00012083398161145808,6.59112953570196e-05,9.276618264538905e-05,0.00010454343758832268,6.694415163810827e-05,0.000106510605685332,0.00012023131422908444,3.655763059027323e-05,8.927239998126485e-05,0.00013472885994760114,5.295947535328269e-05,9.93261572448664e-05,5.31478463331215e-05,0.0478916236880447,6.77096662479669e-05,0.0021620522703096,7.031275865697532e-05,0.287005663678579
481,uj0896,uj0896,0383_101349.xml,letters-leipzig,Brief,"Johnson, Uwe","Klemm, Eberhardt",1963-08-05,1963,8.0,JohnsonUwe,KlemmEberhardt,243,0.00020906731040459584,0.00023012572073829592,0.00018940969484137704,0.0002407397140731329,0.00016952018959600604,0.0002828505636551334,0.0002860381067296087,0.00020389152065661945,0.1544523086912634,0.0002746079161271897,0.00015315816866719485,0.00024848428206104725,0.00017948607895837504,0.00018141187956180108,0.5257130806427179,0.00019618132512604653,0.0001575996608590931,0.00017931487644961964,0.00014614745128020386,0.00022552140755497893,0.0004292188389865738,4.9948667268023486e-05,0.000233924154167464,0.00012759857625191983,0.00017958731907423455,0.00020238706765654145,0.00012959809682310414,0.0002061953352238372,0.2573518915618866,7.077241600541084e-05,0.0001728236575309266,0.0002608234387784238,0.00010252497113770994,0.0001922868634331807,0.00010288964108850392,0.00015115964884120358,0.00013108006700422275,0.0556093733221512,0.00013611942912633711,0.00024085172624292104
482,uj1011,uj1011,0656_101104.xml,letters-leipzig,Brief,"Doherty, Monika","Johnson, Uwe",1969-02-18,1969,2.0,DohertyMonika,JohnsonUwe,134,0.0004303906560256936,0.00047374197202454426,0.0003899230475708779,0.000495592176848973,0.0003489780658134929,0.0005822825166362976,0.0641061906796068,0.0004197356591217221,0.0003722570297377247,0.0217377627559218,0.00031529484241606614,0.0005115353182731559,0.0003694940692587412,0.00037345856558999066,0.8281753583330076,0.0004038632776094343,0.0003244381978957187,0.0003691416279329601,0.0003008624223042921,0.0004642634295987553,0.000883599532287077,0.00010282544713227032,0.0004815615123069817,0.0002626772919914172,0.0003697024844327661,0.0004166385584204679,0.0002667935499023429,0.00042447834348030274,0.0004791596927840006,0.00014569368350386778,0.0003557786590239705,0.0005369369831442356,0.0002110602059287997,0.0003958460513887701,0.00021181092367157517,0.00031118064466164843,0.000269844366968042,0.0721338061472614,0.00028021851090039804,0.000495822767614907
483,uj0358,uj0358,0866_s000095.xml,letters-leipzig,Brief,"Johnson, Uwe","Baumgärtner, Klaus + Baumgärtner, Sabine",1973-03-23,1973,3.0,JohnsonUwe,BaumgärtnerKlaus+BaumgärtnerSabine,103,0.0005181556470274041,0.0005703471360302064,0.0004694359093914064,0.0005966530208350273,0.0004201414527902006,0.0007010212000104717,0.0261988423813575,0.0005053278898780417,0.0004481674483489141,0.0261705136206546,0.0003795895677315706,0.0006158472775983613,0.00044484106671247503,0.0004496140006340091,0.7676470646996201,0.0004862188223431872,0.00039059743049120753,0.00044441675577393,0.0003622140976174119,0.0005589357352138788,0.0010637825913627,0.00012379354742897333,0.000579761232032935,0.00031624227962582363,0.1533846187343125,0.0005015992303560477,0.0003211979222526005,0.0005110376994384063,0.0005768696349883676,0.00017540344751175473,0.0004283288186770074,0.0006464288339415868,0.00025409946994352407,0.00047656672841044783,0.0002550032735747059,0.0003746364053671169,0.0003248708600092818,0.0103735230043555,0.0003373604928262741,0.0005969306335244486
484,uj0735,uj0735,0776_101225.xml,letters-leipzig,Brief,"Bierwisch, Manfred","Johnson, Uwe",1971-01-23,1971,1.0,BierwischManfred,JohnsonUwe,355,0.00018275326771170796,0.00020116118281737376,0.00016556983777880064,0.00021043925676235287,0.00014818370472085695,0.0002472498674328273,0.00025003621366603254,0.00017822892343425533,0.0001580684609685445,0.00024004467228580813,0.00013388107278226833,0.1440617517164669,0.00015689524763544093,0.00015857865932020497,0.3876224713701416,0.00017148916375981589,0.00013776354111275297,0.000156745593354937,0.0001277527521519584,0.00019713638679263483,0.0003751956498431973,4.36619294686036e-05,0.00020448153031704964,0.00011153851226321258,0.00015698374526790693,0.00017691382686870014,0.00011328636522756908,0.0091705266866069,0.00020346166531734955,6.186471841920672e-05,0.00015107138505079107,0.0002279951640470031,8.962077075179684e-05,0.00016808487449540655,8.99395418930857e-05,0.00013213409460533708,0.00011458180875112428,0.4531729327723473,0.0001189868967259814,0.00021053717063522303
485,uj1225,uj1225,0958_101637.xml,letters-leipzig,Brief,"Klemm, Erika","Johnson, Uwe",1975-10-01,1975,10.0,KlemmErika,JohnsonUwe,571,0.3027293281403369,0.00013541872999002546,0.00011145916345607832,0.0001416645920036888,9.975507609106316e-05,0.00016644495010925063,0.00016832067714032356,0.0001199810724958206,0.00010640934764870292,0.00016159451941246238,9.012675602696396e-05,0.00014622192509049068,0.00010561955780281356,0.00010675280562532254,0.4969746238498075,0.00011544396606818951,9.27403762253401e-05,0.00010551881275687787,8.600126131120827e-05,0.00013270929689510345,0.000252576156532521,2.939256448357743e-05,0.00013765393876755523,7.508607507728672e-05,0.00010567913309874205,0.0001190957689584905,7.626270381513493e-05,0.00012133676468800253,0.0001369673807493214,4.164641250456972e-05,0.00010169901973575664,0.0062056089957897,6.0331375993914486e-05,0.00011315224893743711,6.054596800667869e-05,8.895071618305881e-05,7.713477721556285e-05,0.1900789143997743,8.010021722090947e-05,0.00014173050617324564
486,uj0962,uj0962,0207_060179.xml,letters-leipzig,Brief,"Bierwisch, Manfred","Johnson, Uwe",1960-08-08,1960,8.0,BierwischManfred,JohnsonUwe,737,7.781560730206466e-05,0.0996143498748782,7.04989718596222e-05,8.960419022980092e-05,6.309602624076411e-05,0.0001052780003911681,0.00010646441542497596,7.588915968226629e-05,0.1876406170815926,0.00010221005723964182,5.700602301261455e-05,9.248674637932718e-05,6.680536622097022e-05,0.030691736387313,0.3870736444700972,7.301939708538732e-05,5.865916243250324e-05,6.674164402946809e-05,5.439660870467664e-05,8.393988163211834e-05,0.00015975680060450586,0.0115026714108695,8.706741424059027e-05,4.749265048996239e-05,6.684304815739392e-05,7.532919684717778e-05,4.823687926134978e-05,7.674664777694955e-05,8.663315982034661e-05,2.6341748602579927e-05,6.432558892591687e-05,9.707942503243572e-05,3.816016419433582e-05,7.156986439106744e-05,0.0995669921469316,5.6262166722198965e-05,4.87884739100977e-05,0.16999105378055,5.066414267528372e-05,0.011573726218248
487,uj0171,uj0171,0154_s000004.xml,letters-leipzig,Brief,"Johnson, Uwe","Baumgärtner, Klaus",1959-01-27,1959,1.0,JohnsonUwe,BaumgärtnerKlaus,338,0.00017339978777350168,0.0001908655688927227,0.0001570958215522943,0.00019966878249951927,0.0001405995267379928,0.3755613245522028,0.00023723913081419765,0.0001691070035877649,0.00014997837209054576,0.0002277589656901785,0.00012702891662629798,0.00020609210350031537,0.00014886520489238589,0.00015046245802240375,0.4872057386944324,0.0598737827391582,0.00013071267666502613,0.0001487232100552828,0.0001212142490692722,0.00018704676562173388,0.00035599279219992585,4.142727185365909e-05,0.0001940159779605721,0.00010582986885642498,0.0001489491731348157,0.00016785921487118415,0.00010748826510221362,0.00017101778034311687,0.00019304831058739776,5.869842536265988e-05,0.00014333941293886873,0.0002163261623398174,8.503389746756166e-05,0.00015948213638191465,8.53363536093309e-05,0.00012537135039551145,0.00010871740663751782,0.0717127029468543,0.00011289703816765704,0.00019976168505052888
488,uj0201,uj0201,0613_101058.xml,letters-leipzig,Brief,"Johnson, Uwe","Klemm, Erika",1968-03-20,1968,3.0,JohnsonUwe,KlemmErika,349,0.00015977107106504454,0.00017586409281689704,0.00014474854895461846,0.0001839753995539587,0.000129548814716602,0.0002161568799018653,0.00021859282825787237,0.00015581568717436676,0.00013819051022598825,0.00020985777641503795,0.0001170448149113442,0.00018989386629067876,0.0001371648347173377,0.00013863654841792363,0.6454054869869381,0.00014992348817081814,0.00012043904217362316,0.00013703400025957417,0.0079713949999371,0.00017234543632586635,0.0003280127988132969,3.817120932124554e-05,0.00017876688893635255,9.751195036034594e-05,0.00013724220330123697,0.0001546659710053286,9.904000150644078e-05,0.3381250132606108,0.00017787527739154078,5.408490062441069e-05,0.00013207335386703097,0.0001993235580055598,7.835048156445126e-05,0.00014694730641056682,7.862916553714329e-05,0.00011551752854349732,0.00010017253610817051,0.0031986313198205,0.00010402366081139016,0.0001840610002358861
489,uj0685,uj0685,0253_060222.xml,letters-leipzig,Brief,"Bierwisch, Manfred","Johnson, Uwe",1961-07-20,1961,7.0,BierwischManfred,JohnsonUwe,1188,4.670589846935602e-05,5.141037365999401e-05,4.231436258137558e-05,5.378155303802279e-05,3.78710222485504e-05,6.318916947135688e-05,6.390127057848373e-05,4.5549620570147895e-05,4.039725024698552e-05,6.134775171066634e-05,3.421572632124537e-05,5.55116992068932e-05,4.009741438902827e-05,4.052764065099995e-05,0.3632913091998329,4.3827153251211626e-05,0.0505830555972191,4.005916753457669e-05,3.264952329390231e-05,5.038176433965144e-05,9.58880251343258e-05,1.115859470132002e-05,5.2258948435945374e-05,2.8505681427303336e-05,4.0120031557456994e-05,4.5213523889430185e-05,0.1654582719127914,4.606429562413151e-05,5.19983035143805e-05,1.5810646198025048e-05,3.860902111440169e-05,5.826828224095986e-05,2.2904206703882065e-05,0.1608770177856111,2.2985674426710884e-05,3.376925449405679e-05,2.928345081307857e-05,0.2582695533754006,3.0409250610140567e-05,5.380657669676375e-05
490,uj0601,uj0601,0992_101676.xml,letters-leipzig,Brief,"Bierwisch, Manfred","Johnson, Uwe",1976-06-24,1976,6.0,BierwischManfred,JohnsonUwe,156,0.0004397001856670048,0.0004839892087364686,0.00039835724594012586,0.0005063120426169278,0.0003565266071267695,0.0005948775306598345,0.000601581416020755,0.0004288147167299702,0.0003803091047630777,0.0005775419957959161,0.0003221148015395506,0.000522600040848725,0.0003774863802949909,0.0003815366303376464,0.6297849607463796,0.0004125990089765151,0.0003314559316169254,0.000377126315516137,0.0003073702021530983,0.0004743056414793226,0.0009027121592033644,0.0001050496044985069,0.0004919778889410246,0.00026835911152364104,0.0003776993035762741,0.00042565062444705225,0.00027256440581232395,0.000433659987331996,0.0004895241170586482,0.00014884509872662322,0.0003634743000086388,0.0005485511543399017,0.00021562552633175495,0.0004044083668043254,0.00021639248241284184,0.00031791161196942147,0.0002756812133253195,0.354889519915008,0.00028627975432366507,0.0005065476211574345
491,uj0007,uj0007,0588_101040.xml,letters-leipzig,Brief,"Johnson, Uwe","Bierwisch, Manfred",1967-02-20,1967,2.0,JohnsonUwe,BierwischManfred,1042,5.922498984068994e-05,6.519045682670924e-05,5.365634269173696e-05,6.819720927503965e-05,4.802200538757488e-05,8.012645174652061e-05,8.102942508002371e-05,0.0058847350135494,5.12253658290992e-05,7.77914586997448e-05,4.338694062586406e-05,7.039110539164017e-05,5.0845161695930807e-05,5.13907061952233e-05,0.5568133489113684,5.557462314427796e-05,4.4645135077371655e-05,5.079666311993575e-05,4.140093111908388e-05,6.38861381315599e-05,0.00012158993832760262,1.4149554541931215e-05,6.626648435496157e-05,3.614637012157367e-05,5.087384119069088e-05,5.73325978253088e-05,3.671279815513601e-05,0.029193292568109,0.011719888438701,2.004854613956616e-05,4.895781813853096e-05,7.388656544139667e-05,2.90434710347449e-05,5.447139254477117e-05,2.914677543986295e-05,4.282079608532498e-05,0.2622510630258157,0.132292654869225,3.856017371403757e-05,6.822894029795709e-05
492,uj0042,uj0042,0010_060004.xml,letters-leipzig,Brief,"Bierwisch, Manfred","Johnson, Uwe",1955-07-17,1955,7.0,BierwischManfred,JohnsonUwe,660,0.00010412200854220982,0.00011460975039150983,9.433190595930526e-05,0.0001198958484550384,8.442631511848425e-05,0.0001408683583678094,0.00014245585373753934,0.00010154430462805628,9.005806489426924e-05,0.0001367632641058032,7.627752093530694e-05,0.00012375288364926748,8.938963729119103e-05,9.03487457548359e-05,0.2003558407402999,9.770438798425956e-05,7.848952187916575e-05,8.930437312892396e-05,7.27859661138352e-05,0.00011231665954112025,0.00021376430171196663,2.4875986350464912e-05,0.00011650148811556372,6.354805072473994e-05,8.944005801066142e-05,0.00010079504034650824,0.3176367475622881,0.00010269167577653131,0.00011592042932772204,3.524685944257608e-05,8.607154466619814e-05,0.00012989816661408864,5.106061727168889e-05,9.576482520485065e-05,5.124223422394305e-05,7.528219604213768e-05,6.528194116007095e-05,0.4784428375780699,6.779169988280308e-05,0.00011995163399165308
493,uj0637,uj0637,0047_060046.xml,letters-leipzig,Brief + Postkarte,"Baumgärtner, Klaus","Johnson, Uwe",1957-07-08,1957,7.0,BaumgärtnerKlaus,JohnsonUwe,156,0.0003214847468573296,0.4273583080032897,0.0002912570486536741,0.0003701876964291101,0.0002606727715299508,0.0795098385233789,0.0162548227723558,0.0003135258868438018,0.0002780612341266755,0.00042226714559211024,0.0002355127398339695,0.0003820965906235,0.0002759974122529269,0.00027895873374451723,0.2074246775079711,0.0003016698474966181,0.00024234246366892936,0.00027573415256358544,0.0002247322945310508,0.0003467863650152324,0.0006600137990533132,7.680653001870983e-05,0.0003597073465995522,0.0001962095169556568,0.0002761530901202889,0.0003112124754790464,0.0001992841983270257,0.0003170684839218189,0.0003579132826938143,0.00010882740204554224,0.00026575254488502,0.00040107062662196336,0.0001576536012682983,0.0002956812975456305,0.00015821435764188244,0.00023243959731778763,0.0002015630376520499,0.2436608435084625,0.00020931211163695507,0.0161853392549945
494,uj0971,uj0971,0225_060197.xml,letters-leipzig,Brief,"Baumgärtner, Klaus","Johnson, Uwe",1960-12-23,1960,12.0,BaumgärtnerKlaus,JohnsonUwe,79,0.3511513044152705,0.0006536552383775173,0.0005380043518618725,0.0006838035082934656,0.0004815096703866158,0.0008034162892268295,0.0008124702716391399,0.0005791389163731077,0.0005136293000830257,0.0007800036532231076,0.0004350345494994433,0.0007058013858798131,0.0005098170484837014,0.0005152871439100687,0.2955114614056051,0.0005572386712318647,0.0004476502824480811,0.0005093307603090797,0.0004151211207436789,0.0006405770243397721,0.0012191646444986,0.0001418755274507042,0.0006644444100556697,0.00036243440111342895,0.0005101046136105077,0.0005748656279234775,0.0003681138927035263,0.0005856827327500039,0.000661130450124856,0.00020102385907213915,0.0004908929288661346,0.0007408498559056674,0.00029121466402653854,0.0005461767383108711,0.00029225048228644714,0.00042935790045269846,0.000372323320354202,0.3332330800136516,0.00038663725900753184,0.0006841216706497164
495,uj0572,uj0572,0758_101208.xml,letters-leipzig,Brief,"Johnson, Uwe","Bierwisch, Manfred",1970-07-26,1970,7.0,JohnsonUwe,BierwischManfred,514,0.00013806764416782934,0.00015197457729413568,0.00012508579317678693,0.00015898403779811398,0.00011195080269177184,0.00018679396075757065,0.00018889900798912777,0.00013464956270962258,0.0001194186035435977,0.00018135053240099695,0.0001011453559717952,0.3397660482585034,0.00011853225659595557,0.0001198040515596802,0.6392375702233816,0.0001295577646139786,0.00010407850875564486,0.00011841919479297098,9.651549187838402e-05,0.00014893389784500892,0.0002834552844088455,3.2986002477732035e-05,0.00015448305532486488,8.426585097487547e-05,0.000118599115371079,0.00013365602488163783,8.558633046157414e-05,0.00013617099735801268,0.00015371256098765858,4.673796554335858e-05,0.0001141324064751456,0.00017224729043578596,0.0068597462855061,0.00012698586970513197,6.79481183685374e-05,9.982553737527084e-05,8.656502067975336e-05,0.0095561657412201,8.989300559983692e-05,0.00015905801041664932
496,uj1121,uj1121,0498_101453.xml,letters-leipzig,Brief,"Bierwisch, Manfred","Johnson, Uwe",1964-08-14,1964,8.0,BierwischManfred,JohnsonUwe,1164,5.611847988082361e-05,6.177104208362267e-05,5.0841923247677165e-05,6.46200822815548e-05,4.550312208458843e-05,0.002836591434218,7.677921386461553e-05,5.472917874007099e-05,4.853845765783663e-05,7.371108752714805e-05,4.111117893227952e-05,6.669890264794473e-05,4.817819625373661e-05,4.869512547719433e-05,0.3509242504749936,5.265958473265624e-05,4.230337770180269e-05,4.813224155845429e-05,3.922934096406435e-05,0.0055818707990263,0.0001152122191342306,1.3407372361226446e-05,0.3258215946053789,3.4250395819210246e-05,4.8205371431883775e-05,5.432534891486716e-05,3.478711317941422e-05,5.534757561517001e-05,6.247745670759936e-05,1.8996945988499312e-05,0.0028070576792482,7.001101641958294e-05,2.752006288758914e-05,5.161422154443336e-05,2.761794869889636e-05,4.057473019512748e-05,3.518490809834315e-05,0.3103182940466526,3.653758892307261e-05,6.465014892700259e-05
497,uj0621,uj0621,0043_060042.xml,letters-leipzig,Brief,"Johnson, Uwe","Bierwisch, Manfred",1957-06-11,1957,6.0,JohnsonUwe,BierwischManfred,892,6.59500543231848e-05,7.259290682260121e-05,5.974908100148437e-05,7.594107940713279e-05,5.347495833326329e-05,8.922490083360934e-05,9.023040780890986e-05,6.431735711010139e-05,5.7042063970656335e-05,0.003330942748283,4.831357673322304e-05,7.838409490546256e-05,0.1849827436380683,5.722617892208192e-05,0.4837787782936931,6.188518436583252e-05,4.9714640585648496e-05,5.656468158470949e-05,4.6102053604036655e-05,7.11404812665778e-05,0.019601304502705,1.5756252440048696e-05,7.379111849190449e-05,4.025083127099034e-05,5.665062331256036e-05,6.384277905727329e-05,4.088157784746245e-05,6.504409289468924e-05,7.342308046459743e-05,2.232508119565533e-05,5.451703367895597e-05,0.2434061250879172,3.234138997115203e-05,6.065668068581187e-05,3.245642470813866e-05,4.768314584072714e-05,4.134906371964864e-05,0.0629623677136642,4.2938724987421545e-05,7.597641352353812e-05
498,uj0524,uj0524,0323_s000034.xml,letters-leipzig,Brief,"Johnson, Uwe","Baumgärtner, Klaus",1962-09-19,1962,9.0,JohnsonUwe,BaumgärtnerKlaus,198,0.0003164796280850984,0.00034835719831630894,0.000286722537651172,0.0003644243331381337,0.0002566144197886998,0.000428170434756161,0.000432995638872304,0.0003086446776506367,0.000273732165589639,0.0004156929698716133,0.00023184609858033103,0.0003761478206204743,0.0002717004748627141,0.0002746156922515964,0.9047895192143696,0.0002969732221310871,0.00023856949208606168,0.00027144131380021566,0.00022123349143983247,0.0003413873314297856,0.0006497382028147166,7.561074760917241e-05,0.00035410714935668304,0.00019315477813459237,0.000271853729018768,0.000306367283231515,0.0001961815905305249,0.0003121321208860191,0.00035234101680078667,0.00010713309437391568,0.0002616151073730545,0.0003948264544118679,0.00015519913023372698,0.0158598376101894,0.00015575115632607847,0.00022882080108151888,0.0001984249511536944,0.0686109896458183,0.0002060533816678023,0.00036459389369624746
499,uj0109,uj0109,0930_101603.xml,letters-leipzig,Brief,"Bierwisch, Manfred","Johnson, Uwe",1974-05-20,1974,5.0,BierwischManfred,JohnsonUwe,767,9.106193298644632e-05,0.00010023419213541336,8.249980786211698e-05,0.0001048572522776472,7.383668022976507e-05,0.0001231991697931946,0.00012458754482551102,8.88075517621887e-05,7.876203681728295e-05,0.00011960897955557244,6.670999337250933e-05,0.00010823049762030564,7.817745042243711e-05,7.901625743227075e-05,0.2513793394578386,8.544927778162863e-05,6.864454193275892e-05,7.810288098664524e-05,6.365638601684187e-05,0.1972032995996528,0.00018695173854140935,2.175577895329864e-05,0.0001018886482515369,5.557718697070329e-05,7.822154684587174e-05,8.815226807384336e-05,5.6448103652540536e-05,8.981100757422926e-05,0.00010138047195777884,3.0825828251684214e-05,7.527554781327418e-05,0.0269915691848773,4.465605853498488e-05,8.375299533073891e-05,4.481489518217333e-05,6.583951257800202e-05,5.70935946623965e-05,0.5214637095469451,5.928855309454136e-05,0.0001049060406065312
500,uj0239,uj0239,0822_101483.xml,letters-leipzig,Brief,"Klemm, Eberhardt","Johnson, Uwe",1972-05-07,1972,5.0,KlemmEberhardt,JohnsonUwe,348,0.00018957043587395167,0.00020866501368263195,0.00017174601969262586,0.00021828918371167365,0.0001537113390369773,0.00025647292508584283,0.0002593632092188615,0.00018487732188775756,0.00016396482218310573,0.0002489989575793795,0.00013887518204404133,0.00022531152080628288,0.00016274784496724318,0.00016449405224896164,0.7284793532765947,0.00017788615179724696,0.00014290247645520242,0.00016259260819615417,0.0001325182592507601,0.00020449008238719208,0.0003891914151214318,4.52906320313673e-05,0.00021210921870642107,0.00011569918640155027,0.1120705759201855,0.0001835131688289903,0.0001175122387887685,0.000186966290894127,0.00021105131011224632,6.417243195043009e-05,0.00015670673728984902,0.00023649997161049165,9.296385661118998e-05,0.00017435487376443425,9.32945187380828e-05,0.0001370630370760752,0.00011885600569638868,0.153005532338655,0.00012342541481236735,0.0002183907500244981
501,uj0918,uj0918,1028_000042.xml,letters-leipzig,Brief,"Johnson, Uwe","Klemm, Eberhardt",1977-09-26,1977,9.0,JohnsonUwe,KlemmEberhardt,845,7.004024520856138e-05,7.709508424877527e-05,6.345469048171773e-05,8.065090889862296e-05,0.0172844366197932,9.47585865884361e-05,9.582645462632808e-05,0.0035138353229082,6.057978554693448e-05,9.199719336580524e-05,5.130996169790836e-05,8.32454390518935e-05,6.013015118164284e-05,6.077531921975326e-05,0.4517629845611499,6.572327395697319e-05,5.279791886161054e-05,6.007279613330772e-05,4.8961280960003866e-05,7.555257995313745e-05,0.0001437938464534473,1.6733447694538787e-05,7.836760843379718e-05,0.0034882762026256,6.0164067926092365e-05,0.0276320345498525,4.341703378919805e-05,6.907809648476541e-05,0.4204325188946315,2.3709672073689835e-05,5.789815408196137e-05,8.73792156833497e-05,3.434718753777984e-05,6.441857906519027e-05,3.446935667423821e-05,0.0241693436698838,4.39135129120052e-05,0.0496396185317308,4.560176421272058e-05,8.068843442005967e-05
502,uj0342,uj0342,0534_100973.xml,letters-leipzig,Brief,"Bierwisch, Manfred","Johnson, Uwe",1966-02-06,1966,2.0,BierwischManfred,JohnsonUwe,414,0.0001514391962046885,0.000166692985657054,0.00013720008108700923,0.00017438129721584805,0.0001227929952473393,0.00020488455092802907,0.00020719346742067532,0.00014769008096691586,0.0001309840364230872,0.0001989139383352968,0.00011094106443640472,0.4173706529774462,0.00013001184869497443,0.00013140681424395935,0.1498586828628025,0.00014210515326362592,0.0001141582867089293,0.00012988783710146434,0.00010586280804209082,0.0001633578229948148,0.0003109073142340835,3.618062531118032e-05,0.0001694444043472214,9.242681597164992e-05,0.0001300851825975332,0.00014660032115406597,9.38751810341214e-05,0.00014935886326286125,0.0001685992893037218,5.126443618843076e-05,0.00012518588262788762,0.00018892906711961505,7.426459540688851e-05,0.00013928417590816948,7.452874633570357e-05,0.00010949342426988832,9.494865527834252e-05,0.427672321532182,9.859894832358456e-05,0.0001744624339221319
503,uj0063,uj0063,1104_101823.xml,letters-leipzig,Brief,"Klemm, Ine","Johnson, Uwe",1981-07-19,1981,7.0,KlemmIne,JohnsonUwe,162,0.0004303906560256936,0.00047374197202454426,0.0003899230475708779,0.000495592176848973,0.0003489780658134929,0.0005822825166362976,0.0005888444643280656,0.0004197356591217221,0.0003722570297377247,0.1699449039249056,0.00031529484241606614,0.0005115353182731559,0.0003694940692587412,0.00037345856558999066,0.5105886272566138,0.0004038632776094343,0.0003244381978957187,0.0003691416279329601,0.0003008624223042921,0.0004642634295987553,0.000883599532287077,0.00010282544713227032,0.0004815615123069817,0.0002626772919914172,0.0003697024844327661,0.0004166385584204679,0.0002667935499023429,0.00042447834348030274,0.0004791596927840006,0.00014569368350386778,0.0003557786590239705,0.0005369369831442356,0.0002110602059287997,0.0003958460513887701,0.00021181092367157517,0.00031118064466164843,0.000269844366968042,0.283858293531524,0.0214526672493266,0.000495822767614907
504,uj0926,uj0926,1025_101708.xml,letters-leipzig,Brief + Postkarte,"Bierwisch, Manfred","Johnson, Uwe",1977-08-10,1977,8.0,BierwischManfred,JohnsonUwe,173,0.000396786858351574,0.0004367534148735711,0.0003594788568906191,0.0004568976117915123,0.00032173075420921374,0.0005368193923693637,0.0005428690000288956,0.0003869637762560831,0.00034319215638385604,0.000521175750086011,0.00029067743043486736,0.00047159595365695175,0.00034064492076696574,0.0003442998794009397,0.509761894419838,0.00037233066955024807,0.00029910689618829306,0.0003403199971552376,0.00027737185663955936,0.0004280149327103886,0.0008146103488737897,9.479710015770816e-05,0.0004439624255223448,0.00024216812328600208,0.00034083706341917337,0.000384108489227789,0.0002459629943450604,0.0003913361639937063,0.4103482721700469,0.0001343182946697549,0.0003280003745579217,0.0004950143217371675,0.0001945811668098231,0.0003649394077738742,0.0001952732704382227,0.000286884458680585,0.0002487756114452603,0.0665017837199622,0.000258339768848252,0.0004571101986223342
505,uj0092,uj0092,0927_101599.xml,letters-leipzig,Brief,"Johnson, Uwe","Bierwisch, Manfred",1974-04-06,1974,4.0,JohnsonUwe,BierwischManfred,1110,5.38870175437594e-05,5.9314814576684894e-05,0.0212559742989736,6.205056721030721e-05,4.369376261216104e-05,7.290462223123021e-05,7.372621021283925e-05,5.25529597591528e-05,4.6608402881002585e-05,7.078008305250473e-05,3.947645811278281e-05,0.0053658352326218,4.6262466700188266e-05,4.675884105303076e-05,0.6285686721247274,5.056565987464314e-05,4.062125098930719e-05,4.62183393204703e-05,3.766944844639348e-05,0.3420234866942042,0.0001106309879905218,1.2874249466119377e-05,6.029385930845222e-05,3.288848315759829e-05,4.628856130048181e-05,5.216518758639143e-05,3.340385880331736e-05,5.314676706341753e-05,5.999313974365735e-05,1.824156256431171e-05,4.454523018124112e-05,6.722713940346175e-05,2.6425771239317342e-05,4.956186389543995e-05,2.651976477660487e-05,3.896134040874612e-05,3.378583603827925e-05,0.0010788229740102,3.508472965564203e-05,6.207943830329063e-05
506,uj1189,uj1189,1088_101796.xml,letters-leipzig,Brief,"Johnson, Uwe","Menzhausen, Joachim + Menzhausen, Ingelore",1980-12-01,1980,12.0,JohnsonUwe,MenzhausenJoachim+MenzhausenIngelore,840,6.748259939788345e-05,7.427981827325524e-05,6.113752807323158e-05,7.770579557616536e-05,5.471760756008201e-05,9.129830598416358e-05,9.23271788956773e-05,6.581196162359713e-05,0.013337204926721,8.86377500128368e-05,4.943628595345709e-05,8.020558178390243e-05,5.7934390318624594e-05,5.855599888282195e-05,0.4651434287896467,6.332327013346368e-05,5.086990767908536e-05,5.787912969326957e-05,4.717337152650759e-05,7.279364130254243e-05,0.1628043001402128,1.612239568770052e-05,7.550587394376644e-05,4.118617869185208e-05,5.7967068532011096e-05,6.532635534243946e-05,4.183158253538903e-05,6.655558526913835e-05,7.512928346154725e-05,2.28438706580716e-05,5.578389861651058e-05,8.418840610997708e-05,3.30929380694494e-05,6.206621852754083e-05,3.321064597966382e-05,4.879120512974965e-05,4.2309931828057015e-05,0.0113101357455809,4.393653358922855e-05,0.3453275123031958
507,uj0649,uj0649,0044_060044.xml,letters-leipzig,Brief,"Bierwisch, Manfred","Johnson, Uwe",1957-06-23,1957,6.0,BierwischManfred,JohnsonUwe,1415,4.241765604016753e-05,4.6690195848322845e-05,3.842932341218856e-05,4.884366841951755e-05,0.0021210694676916,5.738753656261325e-05,5.803425701587136e-05,4.136754031982361e-05,3.668822829881922e-05,5.571518622231364e-05,3.107425309913119e-05,5.041496342711727e-05,0.4424116272200761,3.680664707438461e-05,0.2089090010828154,3.980321913835645e-05,3.197538722543929e-05,3.638118621895229e-05,2.9651849002858523e-05,4.575602697929598e-05,8.708418854606507e-05,1.0134082577231164e-05,4.746085981476561e-05,2.5888468685968443e-05,3.643646208928913e-05,4.106230192668405e-05,2.629415131358535e-05,4.183496114091445e-05,4.722414567385664e-05,1.4359011905972138e-05,3.5064183140653266e-05,5.29184543097928e-05,2.080128621175338e-05,3.901307200234604e-05,2.087527407963683e-05,3.066877351265592e-05,2.659482816872268e-05,0.3451506669413538,2.761726409495152e-05,4.886639456298393e-05
508,uj0330,uj0330,0569_s000175.xml,letters-leipzig,Brief,"Johnson, Uwe","Bierwisch, Manfred",1966-10-07,1966,10.0,JohnsonUwe,BierwischManfred,422,0.00013531054076021395,0.00014893976325458245,0.00012258792723078167,0.00015580925028716892,0.00010971523228389576,0.00018306383072724545,0.00018512684180376933,0.00013196071572872274,0.00011703390696427095,0.00017772910339879084,0.3196066741098207,0.00016082161534974586,0.00011616525967540407,0.000117411657883434,0.6597545297178424,0.00012697059687853126,0.00010200014193133006,0.00011605445562863864,9.458815261544922e-05,0.00014595980380775007,0.0002777949029685695,3.23272976784786e-05,0.0001513981489311751,0.0133953976503368,0.00011623078333281883,0.00013098701807797604,8.387723804688742e-05,0.0001334517685111889,0.00015064304076627198,4.580464474367893e-05,0.000111853271137474,0.00016880764609133875,6.635522913276978e-05,0.00012445006070952515,6.659124732301407e-05,9.783209907969278e-05,8.483638458304175e-05,0.0027089292867122,8.809791223416154e-05,0.00015588174573007876
509,uj0888,uj0888,0377_101338.xml,letters-leipzig,Brief,"Johnson, Uwe","Bierwisch, Manfred",1963-07-16,1963,7.0,JohnsonUwe,BierwischManfred,1369,3.999727719771688e-05,4.402602312566828e-05,3.623652140473026e-05,4.605661716146768e-05,3.243140212001275e-05,5.411296667159945e-05,5.4722784838211547e-05,3.9007081758428526e-05,3.459477430274333e-05,5.253604172154283e-05,2.9301136152855987e-05,4.7538253061359016e-05,3.4338005493715924e-05,3.4706436026512736e-05,0.5295143503890902,0.0059403574383077,3.015085098406063e-05,3.430525224220864e-05,2.7959895352753514e-05,4.314515853549472e-05,8.211510851794461e-05,9.555825281864565e-06,4.475271250857322e-05,2.441125594673485e-05,3.435737403569279e-05,3.871926046509191e-05,2.479379006167336e-05,3.94478312456574e-05,4.452950542938926e-05,1.3539677415098778e-05,3.3063398209937496e-05,4.989889313778165e-05,1.9614351389258425e-05,3.678696092341077e-05,1.968411746162697e-05,2.891879349340047e-05,0.4624130682735058,0.0008007491137120754,2.604140517340964e-05,4.607804653651375e-05
510,uj0299,uj0299,0540_s000164.xml,letters-leipzig,Brief,"Johnson, Uwe","Bierwisch, Manfred",1966-04-01,1966,4.0,JohnsonUwe,BierwischManfred,369,0.00016103677305219998,0.00017725728327536885,0.00014589524293888263,0.0001854328475591008,0.00013057509682842236,0.00021786926870044656,0.00022032451457166868,0.2932700223379578,0.0001392852516096011,0.00021152026389076127,0.00011797204068402002,0.00019139820022491704,0.0001382514507280604,0.0001397348233037038,0.6505183713279827,0.00015111117787981325,0.00012139315692039228,0.00013811957980335647,0.0001125719458408945,0.00017371075208535083,0.00033061130709457007,3.847360058124002e-05,0.00018018307526505425,9.828443732259611e-05,0.00013832943222373225,0.00015589123053161088,9.982459364742698e-05,0.00015882459739212024,0.00017928440039834996,5.451335970488812e-05,0.00013311963530787912,0.0318887914891807,7.897117190313178e-05,0.00014811141889032402,7.925206360251471e-05,0.00011643265519598916,0.0001009661001568142,0.0190679152360331,0.0001048477333629634,0.00018551912636725277
511,uj1186,uj1186,1079_101776.xml,letters-leipzig,Brief,"Johnson, Uwe","Menzhausen, Joachim + Menzhausen, Ingelore",1980-09-02,1980,9.0,JohnsonUwe,MenzhausenJoachim+MenzhausenIngelore,2070,2.7313910100205943e-05,3.006511747736503e-05,2.4745711641828668e-05,3.145179844241345e-05,2.2147217610608295e-05,3.6953433095387736e-05,3.736987440707947e-05,2.6637711341058915e-05,2.362457200701612e-05,3.587656013456837e-05,2.0009577020874987e-05,3.246359906001098e-05,2.3449226067050183e-05,2.3700825154689023e-05,0.3763826517244557,2.5630401364336467e-05,0.0040515953022783,2.3426859060347776e-05,0.2459104267050621,2.9463580125021737e-05,0.1532342834104372,6.52561801624393e-06,3.0561369469152424e-05,1.6670306007737292e-05,0.0188348212655806,2.6441159838508887e-05,1.693153635034393e-05,2.693869662591647e-05,3.040894264108553e-05,9.246167679706633e-06,2.2578804098322303e-05,3.407566656419678e-05,1.3394527529254806e-05,2.512160361703788e-05,1.3442170378024214e-05,1.974847742211436e-05,1.7125150551530735e-05,0.0086088378749527,1.7783525520335943e-05,0.1921760600208138
512,uj0669,uj0669,0258_060227.xml,letters-leipzig,Brief,"Baumgärtner, Klaus","Johnson, Uwe",1961-07-30,1961,7.0,BaumgärtnerKlaus,JohnsonUwe,633,8.189085217816354e-05,0.0726031858598807,7.419104063351123e-05,9.429680948410436e-05,0.0040949029827077,0.00011079146544702277,0.00011204001366921128,7.986351546858166e-05,0.0363273529652442,0.0001075628524756249,5.9991458855672834e-05,9.733032663728668e-05,7.030399889668918e-05,7.105832750136e-05,0.4033163951860146,7.684346187322529e-05,6.173117406908103e-05,7.02369395400165e-05,5.7245388128068833e-05,8.833585802273838e-05,0.00016812334949691793,1.956469866009273e-05,9.162718118273853e-05,4.997986593776162e-05,7.034365425623011e-05,7.927422708102857e-05,5.076307036702017e-05,8.076591067233121e-05,9.117018462679254e-05,0.302165415072931,6.76943543415076e-05,0.00010216352632206944,4.015863235510455e-05,7.531801637824663e-05,4.030147215620255e-05,5.920864641441333e-05,5.134355232184883e-05,0.1788935759726945,5.331745086110718e-05,9.434068421526402e-05
513,uj1115,uj1115,0486_101444.xml,letters-leipzig,Brief + Zeichnung,"Klemm, Eberhardt","Johnson, Uwe",1964-07-28,1964,7.0,KlemmEberhardt,JohnsonUwe,699,0.6390410326827164,8.664870429369215e-05,7.131799342557262e-05,9.064516660522752e-05,6.382904411115034e-05,0.00010650106720286848,0.00010770126540929894,7.677080173692481e-05,6.808683037550476e-05,0.0001033974822322074,5.766829029119791e-05,9.356121084102297e-05,6.758147733596831e-05,6.83065945739699e-05,0.2289255188055947,7.386769968283103e-05,5.934063505267807e-05,6.751701485212299e-05,5.502856112140703e-05,8.491505292166456e-05,0.00016161277469250911,1.880705592615121e-05,8.807891962958481e-05,4.804439619560016e-05,6.761959704216033e-05,7.6204333535503e-05,4.879727104220948e-05,7.763825169663342e-05,8.763962026009001e-05,2.664777377743377e-05,6.507289123661853e-05,9.82072449227733e-05,3.860348977215564e-05,7.240132704736192e-05,3.874079810357451e-05,5.691579225285682e-05,4.9355273839914345e-05,0.1293684367331819,5.1252733180604434e-05,9.06873422879201e-05
514,uj0378,uj0378,0864_101526.xml,letters-leipzig,Brief,"Johnson, Uwe","Klemm, Ine",1973-03-04,1973,3.0,JohnsonUwe,KlemmIne,555,0.00010974320048032942,0.00012079713972399172,9.942456366645028e-05,0.00012636861618383474,8.898420377769871e-05,0.00014847336034078104,0.00015014655916839722,0.0001070263351279366,9.49199925062505e-05,0.3510569662250662,8.03954840032925e-05,0.00013043387954655958,0.0162901917670402,9.522636623456782e-05,0.5134972596073473,0.00010297911448776708,8.272690332993915e-05,0.0216887606625108,7.671543205149502e-05,0.00011838025272346964,0.00022530470691797992,2.621895596739581e-05,0.00012279100591245358,6.697879313375055e-05,9.426862153986635e-05,0.00010623662062459656,6.80283775306769e-05,0.0001082356489294601,0.0109194961032517,3.714971710846835e-05,9.071825365455768e-05,0.0001369109253686571,5.381720576034328e-05,0.00010093484133240848,0.081033890068904,7.93464249155603e-05,6.880629039700513e-05,0.0021970688176135,7.145154242894602e-05,0.00012642741339121023
515,uj0678,uj0678,0254_060223.xml,letters-leipzig,Brief,"Johnson, Uwe","Baumgärtner, Klaus",1961-07-22,1961,7.0,JohnsonUwe,BaumgärtnerKlaus,413,0.0001449596451029686,0.00015956077850109906,0.0001313297716899506,0.00016692013422230523,0.0001175391144319461,0.00019611826088580816,0.00019832838695445164,0.0001413709413331527,0.00012537968973621105,0.0001904031098272938,0.3495291661688606,0.00017228993510045912,0.00012444909850505971,0.0001257843783796201,0.5713116199035306,0.00013602497306282205,0.0001092738547325768,0.00012433039293190297,0.00010133331045050856,0.00015636831573059278,0.00029760468267656164,3.46325834800608e-05,0.00016219447365302826,8.847219727142848e-05,0.00012451929470759746,0.00014032780851366334,8.985859188192035e-05,0.0144051304399619,0.00016138551811280404,0.0499666384229124,0.00011982961856924232,0.00018084545616761823,7.108707430900125e-05,0.00013332469541648691,7.133992314770543e-05,0.00010480858536662242,9.088613593504084e-05,0.010033186288806,9.43802457667182e-05,0.00016699779937401292
516,uj0844,uj0844,0558_000054.xml,letters-leipzig,Postkarte,"Johnson, Uwe","Klemm, Eberhardt",1965-06,1965,6.0,JohnsonUwe,KlemmEberhardt,93,0.0006117103363835363,0.0006733251686784613,0.0005541940914698577,0.0007043806666454119,0.0004959993602103285,0.1813808491895719,0.000836919297174985,0.0005965664859094571,0.000529085540529034,0.1211723132392419,0.0004481257002540777,0.0007270405089701836,0.0005251585698563423,0.0005307932725396532,0.605326148060739,0.0005740072140057711,0.00046112106848019145,0.0005246576481961468,0.000427613032430558,0.0006598534022854687,0.0012558520022595,0.00014614487552981078,0.0006844390103698777,0.0003733408530012177,0.0005254547884531572,0.0005921646047690245,0.0003791912530414627,0.0006033072201789648,0.0006810253260629219,0.00020707311113136008,0.0005056649816687564,0.0007631436648947917,0.0002999779566733368,0.0005626124030830809,0.00030104494499321057,0.000442278228295595,0.000383527351670407,0.0724309151387784,0.0003982720283628626,0.0007047084032099065
517,uj1111,uj1111,0424_101387.xml,letters-leipzig,Brief,"Bierwisch, Manfred","Johnson, Uwe",1964-02-14,1964,2.0,BierwischManfred,JohnsonUwe,1690,3.790876802965057e-05,4.172714781780842e-05,3.434438492757701e-05,4.365171177962495e-05,3.0737954830436804e-05,5.1287388659220325e-05,5.186536438752026e-05,3.697027691620691e-05,3.278836375781283e-05,4.979280486951984e-05,2.7771139718661414e-05,4.5055982159224414e-05,3.254500246172877e-05,3.289419492135031e-05,0.2202701211082705,3.557223906291413e-05,2.8576485599288735e-05,3.251395946328994e-05,2.6499933528508803e-05,4.089227870285955e-05,7.782736272643168e-05,9.056855599229437e-06,4.241589218183043e-05,2.313659088399205e-05,3.2563359650425496e-05,3.66974845811398e-05,2.3499150489110858e-05,3.738801210322861e-05,4.2204340146787314e-05,1.2832685779785456e-05,3.133695043331676e-05,4.72933583840168e-05,1.859016285513294e-05,3.4866082540263586e-05,1.865628600248333e-05,0.4420009518113322,2.3767866165962317e-05,0.3345701783460598,2.468161977639017e-05,0.0019085392924445
518,uj0897,uj0897,0380_101341.xml,letters-leipzig,Brief,"Bierwisch, Manfred","Johnson, Uwe",1963-07-29,1963,7.0,BierwischManfred,JohnsonUwe,1375,3.991873276093758e-05,4.393956726086168e-05,3.61653621318001e-05,4.596617372860537e-05,3.236771512949869e-05,5.4006702625957854e-05,5.461532326544336e-05,0.21605083556759,3.452683900180562e-05,5.243287435374341e-05,2.924359620520548e-05,4.744490007401143e-05,3.4270574421138255e-05,3.463828145046888e-05,0.2024929172269369,3.74583184489138e-05,3.0091642413505865e-05,3.423788548865148e-05,2.790498925947036e-05,4.306043246376308e-05,0.0177556551806176,9.537060081648177e-06,0.0098633877880558,2.4363318474893115e-05,3.428990492824557e-05,0.0275310675093711,2.474510139053228e-05,3.937036578039488e-05,4.444206085393172e-05,1.3513088946801665e-05,0.0019967430618294,4.980090445625107e-05,1.957583381279828e-05,3.671472072785275e-05,1.964546288241953e-05,2.8862004369079635e-05,0.1885445088668023,0.3346357572340814,2.599026650484038e-05,4.598756102183208e-05
519,uj0695,uj0695,0262_s000006.xml,letters-leipzig,Brief,"Johnson, Uwe","Baumgärtner, Klaus",1961-08-06,1961,8.0,JohnsonUwe,BaumgärtnerKlaus,554,9.90486077923898e-05,0.00010902532879117878,8.973553321230932e-05,0.00011405385888944612,8.031259760166339e-05,0.00013400447200050564,0.0001355146158063166,9.659650388493972e-05,8.566993734699181e-05,0.00013009940065967178,0.3898768545591214,0.00011772295797371672,8.503407923762715e-05,8.594645462661528e-05,0.6047604569243774,9.29436892405439e-05,7.466507779928281e-05,8.49529696174289e-05,6.923943084978862e-05,0.00010684397002320532,0.0002033485213810427,2.366389056428154e-05,0.00011082489057930854,6.0451637846133226e-05,8.50820431804799e-05,9.588374790764974e-05,6.139893911692863e-05,9.76879687583967e-05,0.00011027214419276603,3.352943729880064e-05,8.187766245664938e-05,0.0001235688087278258,4.85726612902458e-05,9.10986326985496e-05,4.874542885902525e-05,7.161403063507634e-05,6.210104353940177e-05,0.0019829621029478,6.448851292134949e-05,0.00011410692624584843
520,uj0705,uj0705,0032_100107.xml,letters-leipzig,Brief,"Johnson, Uwe","Bierwisch, Manfred + Baumgärtner, Klaus",1956-12-01,1956,12.0,JohnsonUwe,BierwischManfred+BaumgärtnerKlaus,593,0.0001187158928103092,0.00013067361101643625,0.00010755359595197624,0.0001367006158723812,9.6259623842276e-05,0.4089646338086785,0.00016242266259828227,0.00011577689436172176,0.00010268072743100996,0.0001559321917555084,8.69686834318134e-05,0.0001410982584370467,0.00010191861209353724,0.00010301215052174926,0.5496411510774789,0.00011139876970711816,8.949072147760264e-05,0.00010182139718873492,8.298774747283098e-05,0.0001280591173910199,0.0002437258009522628,2.8362638893345266e-05,0.00013283049730799254,7.245503312668047e-05,0.0001019760998505626,0.00011492261216547704,7.359043238800616e-05,0.0117971999725462,0.00013216799651935343,4.0187107856151344e-05,9.813545103164084e-05,0.0001481048727345896,5.821734378468793e-05,0.00010918735513451289,5.84244164193615e-05,8.583385242938404e-05,7.443194803590577e-05,0.0257369327109169,7.72934780013676e-05,0.00013676422038671812
521,uj0426,uj0426,0121_060102.xml,letters-leipzig,Brief + Postkarte,"Klemm, Eberhardt","Johnson, Uwe",1958-08-04,1958,8.0,KlemmEberhardt,JohnsonUwe,129,0.5245448610029206,0.0003909650889759654,0.0003217918360407165,0.00040899740989703263,0.0002880011664754159,0.00048054035607819146,0.0004859557353662121,0.0003463952932302303,0.00030721259957476984,0.0179395258429141,0.00026020340902467847,0.0178951438899352,0.0003049324108786184,0.00030820419119875336,0.3165355976704163,0.00033329629120663385,0.00026774914699964527,0.0003046415515872114,0.0002482927641032994,0.0003831427312333648,0.0007292082824821792,8.485876798135736e-05,0.00039741832183859193,0.0002167797174409308,0.0003051044096920408,0.000343839348596364,0.00022017674205649455,0.0003503092888686436,0.00039543617197863005,0.00012023664209211062,0.0002936134927767172,0.0004431180427023605,0.00017418167919046784,0.0003266799140481835,0.0001748012241040117,0.000256808084594701,0.00022269449018939307,0.1119488413206611,0.0002312559610851002,0.000409187709563611
522,uj1066,uj1066,0501_101454.xml,letters-leipzig,Brief,"Baumgärtner, Klaus","Johnson, Uwe",1964-08-22,1964,8.0,BaumgärtnerKlaus,JohnsonUwe,163,0.00034908891685562945,0.0003842510741525607,0.0003162657284210135,0.0004019737273478432,0.051801835506173,0.0004722880717568375,0.0004776104531331792,0.00034044667224313155,0.0003019368601145428,0.0004585249593315421,0.0002557349549489758,0.0004149051743788677,0.0346455492706818,0.0003029114232082306,0.1908892680009487,0.00032757261842140294,0.00026315111051864354,0.0346452634062956,0.00024402885066002997,0.0003765630491862583,0.0007166856420828576,8.340149457718977e-05,0.0003905934861201247,0.0002130569752387457,0.0002998648740221835,0.0003379346206591652,0.0002163956629995174,0.00034429345312126053,0.0003886453755744577,0.00011817182704829872,0.00028857128978100247,0.0347813618507763,0.00017119046997761097,0.0003210698638230523,0.00017179937549175424,0.0002523979381766279,0.000218870174028228,0.6423870804192998,0.00022728461941162024,0.0004021607590121924
523,uj0921,uj0921,1021_000248.xml,letters-leipzig,Brief,"Johnson, Uwe","Bierwisch, Manfred",1977-06-21,1977,6.0,JohnsonUwe,BierwischManfred,427,0.0001371362096841022,0.00015094932360204292,0.00012424193709528823,0.0406352219922508,0.00011119555812497604,0.000185533807899526,0.0001876246540226833,0.00013374118734997588,0.00011861297956116892,0.0001801271020995772,0.00010046300730865388,0.00016299149083604553,0.00011773261210362784,0.0945660536500855,0.5809553866276668,0.00012868373963641487,0.00010337637240317645,0.0001176203130402607,9.586437728965286e-05,0.00014792915724061277,0.0002815430331490778,3.2763471700349304e-05,0.0001534408788920853,8.369737513919593e-05,0.00011779901983485128,0.0001327543521451832,8.500894638286358e-05,0.0001352523580679224,0.00015267558247796602,4.642266101948753e-05,0.0743217650194093,0.00017108527259295642,6.725052287030542e-05,0.0001261291952923661,6.748972552107273e-05,9.915209249665107e-05,8.598103414306945e-05,0.0297303530076593,8.928656774999726e-05,0.175559663784155
524,uj0864,uj0864,0365_101333.xml,letters-leipzig,Brief + Postkarte,"Bierwisch, Manfred","Johnson, Uwe",1963-06-05,1963,6.0,BierwischManfred,JohnsonUwe,83,0.1287279656841101,0.0007164439302036332,0.0005896838726043564,0.000749488176955232,0.0005277624356520547,0.0008805906998803095,0.0008905143880306122,0.0006347697333691157,0.0005629674066907641,0.0008549290972951775,0.0004768230163524509,0.0007735991225252864,0.0005587889585450345,0.0005647844993680273,0.3238976457301394,0.0006107657986031968,0.0004906505890015381,0.0005582559585924872,0.000454996747206314,0.0007021094515440511,0.0013362749323909,0.0001555037801560317,0.0007282694861035964,0.0003972490565810117,0.0005591041465486525,0.0006300859621821117,0.0004034741077050076,0.0006419421344275567,0.0007246371944336593,0.00022033377108065768,0.0005380470294080377,0.000812014271886401,0.0003191881073973812,0.0005986412806122794,0.0003203234240926893,0.0004706010808203016,0.0004080878837644541,0.5253390733644068,0.00042377678804209794,0.0007498369012912
525,uj0947,uj0947,0198_060167.xml,letters-leipzig,Brief,"Baumgärtner, Klaus","Johnson, Uwe",1960-06-20,1960,6.0,BaumgärtnerKlaus,JohnsonUwe,146,0.0003818788001081983,0.0004203437349411797,0.0003459725332234199,0.0004397310749859717,0.0003096427005817261,0.4325941399807269,0.0005224723500375721,0.0003724247904175179,0.00033029775590573613,0.0005015941579193851,0.0002797561109109275,0.0004538771714027555,0.0003278462249124666,0.0003313638596027525,0.5093951209556633,0.00035834147814781526,0.0002878688651509359,0.000327533509316267,0.0002669504535441173,0.00041193357464225616,0.0007840038449761566,9.123538771509992e-05,0.0004272818889615975,0.0002330693932987356,0.0003280311483894675,0.0003696767821068109,0.0002367216836306762,0.0003766328989969908,0.0004251507926083865,0.00012927169365981584,0.00031567675903276766,0.0004764156655961317,0.00018727037184066472,0.0003512279205310801,0.0001879364717822348,0.0002761056485231681,0.00023942862520593485,0.0452172038279781,0.00024863343851117854,0.0004399356745138146
526,uj0235,uj0235,0618_101062.xml,letters-leipzig,Brief,"Johnson, Uwe","Klemm, Ine",1968-07-12,1968,7.0,JohnsonUwe,KlemmIne,352,0.00018609944134017164,0.000204844401473009,0.146646907152983,0.0185240805758043,0.000150896916972072,0.0002517769601431475,0.0002546143237857926,0.0001814922572771608,0.00016096266101326909,0.0002444398393988968,0.0001363324068716875,0.00022118611457660957,0.00015976796639249855,0.00016148220098869908,0.806689991698949,0.0001746290940304232,0.00014028596237507734,0.00015961557197381225,0.00013009187798848737,0.0002007459122854251,0.0003820654027331982,0.0091993554805591,0.00020822554383222343,0.00011358075880121704,0.00015985808439787302,0.0001801530815720004,0.00011536061458319204,0.0001835429777034238,0.00020718700532036503,6.29974483118029e-05,0.0001538374701172966,0.0093870638176247,9.126170808444868e-05,0.0001711624729505401,9.158631585782544e-05,0.00013455344189431024,0.00011667977740331556,0.003725727678382,0.00012116552160608638,0.00021439206164216407
527,uj0050,uj0050,0014_100100.xml,letters-leipzig,Brief,"Bierwisch, Manfred","Johnson, Uwe",1955-08-05,1955,8.0,BierwischManfred,JohnsonUwe,516,0.0001344158143574759,0.00014795491508345893,0.00012177732774212335,0.00015477897837162173,0.00010898975210655397,0.00018185334082883984,0.0001839027104664268,0.00013108813968384589,0.00011626003283747928,0.0001765538888112765,9.847010480529e-05,0.0001597581997091315,0.0001153971293854166,0.0001166352859193036,0.1991368924235004,0.00012613101745803402,0.00010132567695944944,0.0001152870580184972,9.396269862601294e-05,0.00014499466029807564,0.00027595801404006764,3.2113536898279195e-05,0.00015039704494908076,8.203705545627597e-05,0.0728517795445248,0.00013012088050412673,8.332260882844178e-05,0.00013256933304009992,0.0001496469298557319,4.550176645504041e-05,0.00011111365340808612,0.0001676914236810711,6.591646231437363e-05,0.00012362714806344764,0.0199033283720643,9.71851948430376e-05,8.427541311124933e-05,0.6044187328332631,0.0992734026352844,0.00015485099444620976
528,uj0979,uj0979,0729_s000238.xml,letters-leipzig,Brief + Postkarte,"Johnson, Uwe","Bierwisch, Manfred",1969-12-16,1969,12.0,JohnsonUwe,BierwischManfred,71,0.0008389130648323507,0.0009234130065944236,0.0007600340163215058,0.0009660032023615496,0.000680224476651709,0.0011349791260349,0.0424168901435169,0.000818144453842905,0.0007255995950432967,0.0011019043010581,0.0006145694821062857,0.000997079410564403,0.0007202140607363058,0.0007279416164376232,0.6650811658281638,0.0007872061701366092,0.0006323916170920162,0.0007195270857087464,0.0005864379564344235,0.042174058064796,0.0017223031711709,0.0002004263098856404,0.0009386547745372852,0.0005120078909734199,0.0007206203014619139,0.0420812281529867,0.0005200312587936753,0.0008273888456880471,0.0009339731724881044,0.00028398463777904977,0.0006934801233833592,0.1661230742205497,0.0004113963947426084,0.0007715790747848221,0.0004128596860887341,0.0006065501299220253,0.0005259778802153905,0.0167951155731253,0.0005461990554650344,0.0009664526675241024
529,uj0980,uj0980,0698_101143.xml,letters-leipzig,Brief,"Johnson, Uwe","Klemm, Erika",1969-08-28,1969,8.0,JohnsonUwe,KlemmErika,295,0.0002008063265934792,0.00022103264516439776,0.00018192545247118028,0.00023122724233949705,0.00016282185144261463,0.00027167414433449283,0.0002747357363854221,0.00019583505047910256,0.00017368306129250514,0.00026375719276378566,0.0001471063514344987,0.0002386657952423728,0.0001723939535097504,0.00017424365896670158,0.7716565204710103,0.0001884295118570408,0.0001513723446685567,0.00017222951581348774,0.00014037265211755493,0.00021661026456822256,0.0004122588949693458,4.797501997285589e-05,0.00022468098914627145,0.2075684980390132,0.0001724911932730128,0.000194390043701651,0.00012447722078688734,0.0001980478332403112,0.0002235603780251937,6.797594925141246e-05,0.00016599478775555128,0.0002505173885348991,9.847384939531628e-05,0.00018468893402548032,9.882410995540217e-05,0.00014518680014690186,0.0001259006331205305,0.0138985390123719,0.00013074087234376326,0.000231334828514999
530,uj0223,uj0223,0631_101076.xml,letters-leipzig,Brief,"Bierwisch, Manfred","Johnson, Uwe",1968-10-15,1968,10.0,BierwischManfred,JohnsonUwe,548,0.00010254624227737224,0.0001128752642745312,9.290430158257792e-05,0.00011808136335304448,8.314862041118016e-05,0.000138736478566345,0.00014029994902833227,0.0707246142534242,8.869514016275666e-05,0.00013469351016171148,7.512314881035344e-05,0.00012188002677720828,8.803682843894514e-05,8.898142190444033e-05,0.3486621295813747,9.622574498968284e-05,7.730167367635011e-05,8.795285465123366e-05,7.16844346358932e-05,0.00011061687670402298,0.0002105292260542807,2.4499517046381798e-05,0.00011473837273442451,6.258632441989598e-05,8.808648609909787e-05,9.926962390031492e-05,6.356707708053168e-05,0.00010113755594505792,0.1716310681042217,3.4713438959926e-05,8.476895131109136e-05,0.0001279323079864984,5.028787384035284e-05,9.43155352513756e-05,5.046674222993047e-05,7.414288700913918e-05,6.429397442735615e-05,0.3904883219369657,6.67657508523634e-05,0.0152519805984596
531,uj0696,uj0696,0261_s000153.xml,letters-leipzig,Brief,"Johnson, Uwe","Bierwisch, Manfred",1961-08-05,1961,8.0,JohnsonUwe,BierwischManfred,952,6.118589809718506e-05,6.734887855679381e-05,5.543287597068861e-05,7.045518299689371e-05,4.961198872250239e-05,8.277939641085996e-05,8.371226671639841e-05,5.967114505674428e-05,5.292141074301917e-05,8.03670929727004e-05,0.4846471235494927,7.272171785974825e-05,5.2528618251019664e-05,5.309222544168324e-05,0.4759207242074153,5.741466967984272e-05,4.612331201283499e-05,5.247851391268758e-05,4.277169416820172e-05,6.60013745558251e-05,0.003135567891692,1.4618038849005569e-05,6.846053279042914e-05,3.7343157420387616e-05,5.25582473087635e-05,5.923084997772576e-05,3.792833958815428e-05,6.0345382282410025e-05,0.0060880234303529,2.071234295509197e-05,5.057878574132952e-05,7.633291075285775e-05,3.0005085081492783e-05,5.627491169557469e-05,3.0111809841117828e-05,4.423857011651137e-05,3.836205481751994e-05,0.0283145167943057,3.9836880779942256e-05,7.048796461728685e-05
532,uj0178,uj0178,0168_060145.xml,letters-leipzig,Brief,"Baumgärtner, Klaus + Baumgärtner, Sabine","Johnson, Uwe",1959-04-01,1959,4.0,BaumgärtnerKlaus+BaumgärtnerSabine,JohnsonUwe,289,0.00015977107106504454,0.00017586409281689704,0.00014474854895461846,0.0001839753995539587,0.000129548814716602,0.0002161568799018653,0.00021859282825787237,0.00015581568717436676,0.00013819051022598825,0.00020985777641503795,0.0001170448149113442,0.00018989386629067876,0.0001371648347173377,0.0079983443851191,0.244560387315177,0.0394484626716768,0.00012043904217362316,0.00013703400025957417,0.00011168716323597612,0.00017234543632586635,0.0003280127988132969,3.817120932124554e-05,0.00017876688893635255,9.751195036034594e-05,0.00013724220330123697,0.0001546659710053286,0.02367816351161,0.00015757628245933648,0.00017787527739154078,5.408490062441069e-05,0.5660310375963532,0.0001993235580055598,7.835048156445126e-05,0.00014694730641056682,7.862916553714329e-05,0.00011551752854349732,0.00010017253610817051,0.1132345410336373,0.00010402366081139016,0.0001840610002358861
533,uj0527,uj0527,0337_101298.xml,letters-leipzig,Brief,"Baumgärtner, Klaus","Johnson, Uwe",1962-11-12,1962,11.0,BaumgärtnerKlaus,JohnsonUwe,240,0.00028944210097572306,0.1427054711070341,0.0002622272220078917,0.00033329078799920644,0.0002346913046306272,0.00039159092470302144,0.0003960039013785298,0.0002822765070052275,0.0002503466450345914,0.00038017943615670913,0.000212038993732865,0.0003440127130348957,0.00024848852596357206,0.0002511546901364273,0.5854337408488902,0.01451028964917,0.00021818799344497893,0.0002482515055813297,0.00020233304417092385,0.0003122218862977274,0.0005942296875308322,6.915116077695635e-05,0.00032385502315100976,0.0001766531550073206,0.00024862868729142715,0.00028019367523052723,0.00017942138038864756,0.00028546601055460364,0.000322239775052188,9.79804864763004e-05,0.00023926477284877637,0.000361095591451586,0.0001419401387579232,0.00026621050241869043,0.00014244500408821444,0.0002092721538277785,0.00018147308594690164,0.2478523442557804,0.0001884498034326698,0.00033344586263854423
534,uj0271,uj0271,0841_s000087.xml,letters-leipzig,Brief,"Johnson, Uwe","Baumgärtner, Klaus + Baumgärtner, Sabine",1972-10-05,1972,10.0,JohnsonUwe,BaumgärtnerKlaus+BaumgärtnerSabine,452,0.0001276625739990129,0.0001405214511822747,0.00011565906280146132,0.00014700266389272373,0.00010351395302663772,0.0001727167721410176,0.0001746631785535397,0.00012450208640090086,0.00011041896458529984,0.00016768357207761468,9.352282766344542e-05,0.0001517317221177238,0.00010959941462140954,0.00011077536442229632,0.4528993886461801,0.2576070324239104,9.623493183944952e-05,0.00010949487339542588,8.924187993674988e-05,0.0001377099237782903,0.0002620934936593002,3.050010744824672e-05,0.00014284088499425164,7.791539792330595e-05,0.00010966123477759548,0.00012358342368850068,7.913636327837446e-05,0.00012590886251094056,0.0001421284567426343,0.0628449811585437,0.0440667669720976,0.00015926636971264914,6.260472614912847e-05,0.00011741594553720772,6.282740421624645e-05,9.230247339246754e-05,8.00412973282996e-05,0.1784007596014414,8.311847825427617e-05,0.00014707106177801096
535,uj0193,uj0193,0166_060141.xml,letters-leipzig,Brief,"Menzhausen, Joachim","Johnson, Uwe",1959-03-24,1959,3.0,MenzhausenJoachim,JohnsonUwe,225,0.00025024702065545905,0.0002754532780830322,0.00022671747068245797,0.0002881578955775589,0.00020291035602482463,0.00033856326323055053,0.0372740044388525,0.00024405176248016813,0.0002164457134598084,0.2711606195061568,0.00018332552958106677,0.0002974279008284448,0.00021483921336884652,0.0002171443363574726,0.3830512488149547,0.0002348228999838604,0.0494308095718197,0.0002146342893294936,0.0001749339205085785,0.00026994205945176975,0.0005137615032102318,5.978698987108103e-05,0.0002799998838960973,0.0001527314982200078,0.00021496039461576472,0.000242250979372292,0.0001551248617004574,0.0002468093563406008,0.0002786033661711812,8.47123647196136e-05,0.00020686450364811816,0.0003121974848439877,0.00012271917843276013,0.00023016135134763197,0.0001231556769390649,0.00018093336396126077,0.00015689873357840648,0.2512208066049489,0.00016293069215970064,0.0002882919706355504
536,uj0335,uj0335,0556_101007.xml,letters-leipzig,Brief,"Bierwisch, Manfred","Johnson, Uwe",1966-07-14,1966,7.0,BierwischManfred,JohnsonUwe,807,6.793363927013765e-05,7.477628936423229e-05,6.154615878838085e-05,7.822516519770937e-05,5.508332884148139e-05,9.190852516118914e-05,9.294427484850456e-05,6.625183529515633e-05,5.875772259439061e-05,8.92301865786983e-05,4.976670796298432e-05,8.074165946444034e-05,0.0034002191994331,5.8947375185624135e-05,0.3880468100943028,6.374650990084898e-05,5.120991172258516e-05,5.82659819410485e-05,4.748866867950646e-05,7.328017909105339e-05,0.00013946894767638538,1.6230154478207934e-05,7.601053973971837e-05,4.14614586742707e-05,5.835450854497611e-05,6.57629833210797e-05,4.211117626490302e-05,0.3743595302309702,7.563143220385117e-05,0.0067067917294427,5.61567467689281e-05,8.47511041725286e-05,3.331412448924562e-05,6.24810564194677e-05,3.343261913502239e-05,4.911731555117988e-05,4.259272274626532e-05,0.2252671759773356,4.423019638043987e-05,7.826156206110004e-05
537,uj0672,uj0672,0242_060212.xml,letters-leipzig,Brief,"Baumgärtner, Klaus","Johnson, Uwe",1961-06-18,1961,6.0,BaumgärtnerKlaus,JohnsonUwe,2111,2.7387509567271696e-05,0.0242813500465941,2.481239089728201e-05,3.153654777325362e-05,2.2206895020658705e-05,3.705300701109927e-05,3.7470570456476455e-05,2.6709488737680665e-05,0.1037649494277965,3.59732323318616e-05,2.006349439116524e-05,3.2551074766751154e-05,2.3512411840720365e-05,2.3764688881779144e-05,0.2750028721264436,2.569946448544128e-05,2.064532332302059e-05,0.0269692721137935,1.914510074493678e-05,2.954297204610133e-05,5.622703538132678e-05,6.543201804376358e-06,3.0643719469481094e-05,1.67152254511085e-05,0.0849027393812187,2.6512407611734147e-05,1.697715969930488e-05,2.7011285050929207e-05,3.0490881915404228e-05,9.2710822016894e-06,2.2639644451919497e-05,3.4167486112911494e-05,1.3430620131307531e-05,0.0916408485351221,1.3478391357459235e-05,1.9801691239114385e-05,1.7171295609099914e-05,0.3400651552514485,0.0525621065966177,3.1551221202427154e-05
538,uj1093,uj1093,0415_101380.xml,letters-leipzig,Brief,"Bierwisch, Manfred","Johnson, Uwe",1964-01-19,1964,1.0,BierwischManfred,JohnsonUwe,377,0.0001449596451029686,0.00015956077850109906,0.0001313297716899506,0.2212304329580116,0.0001175391144319461,0.0287204424962134,0.00019832838695445164,0.0001413709413331527,0.00012537968973621105,0.0001904031098272938,0.00010619428609691015,0.00017228993510045912,0.00012444909850505971,0.0001257843783796201,0.2575440533149265,0.0286603492083904,0.0001092738547325768,0.00012433039293190297,0.00010133331045050856,0.0286806925510582,0.00029760468267656164,3.46325834800608e-05,0.00016219447365302826,8.847219727142848e-05,0.00012451929470759746,0.00014032780851366334,8.985859188192035e-05,0.00014296832229816653,0.00016138551811280404,4.907101108906066e-05,0.00011982961856924232,0.00018084545616761823,7.108707430900125e-05,0.00013332469541648691,7.133992314770543e-05,0.00010480858536662242,9.088613593504084e-05,0.4307669687598889,9.43802457667182e-05,0.00016699779937401292
539,uj0699,uj0699,0255_000009.xml,letters-leipzig,Brief,"Johnson, Uwe","Klemm, Eberhardt",1961-07-25,1961,7.0,JohnsonUwe,KlemmEberhardt,765,6.956089702787809e-05,7.656745348071853e-05,6.302041315519411e-05,8.009894243511487e-05,5.6402774923606274e-05,9.41100686406472e-05,9.517062830033962e-05,6.783880773041604e-05,0.0719210771806839,9.136757410709828e-05,0.4380603271637674,8.267571589285993e-05,5.971862665760236e-05,6.035937923251184e-05,0.4589370100771838,6.527347068021405e-05,5.243657537580727e-05,0.0034816098544704,4.862619502644931e-05,7.503550592464677e-05,0.0172525506879138,1.6618925712426198e-05,7.783126864207627e-05,4.245461141862249e-05,5.9752311279367306e-05,6.733824597344319e-05,4.311989210878924e-05,6.860533315025056e-05,7.744308010178496e-05,2.3547405534798112e-05,5.750190511479304e-05,8.678120138538966e-05,3.411211894530424e-05,6.397770498507886e-05,3.423345196885177e-05,5.029385391462917e-05,4.361297337992473e-05,0.0082365118421745,4.528967046367351e-05,8.013621113577124e-05
540,uj0717,uj0717,1122_101852.xml,letters-leipzig,Brief,"Johnson, Uwe","Menzhausen, Joachim",1982-08-15,1982,8.0,JohnsonUwe,MenzhausenJoachim,899,6.027871780847487e-05,6.635032207574952e-05,0.0178465594703825,0.1483356478772273,0.0326674486179112,8.1552057447624e-05,8.247109643615273e-05,5.878642344140959e-05,5.213676489863609e-05,7.917552032486626e-05,4.4158878838045685e-05,7.164350031199368e-05,5.174979619311969e-05,0.0059829545392607,0.45996845246556,5.656340397587887e-05,4.54394590204083e-05,5.170043473295934e-05,4.2137534352446426e-05,6.502279700957874e-05,0.00012375326024562536,1.4401302687311017e-05,6.744549423034413e-05,3.678948447640028e-05,5.177898595197288e-05,0.0712261465636767,3.7365990368351576e-05,5.945066400542518e-05,6.710910541886394e-05,2.0405248839516188e-05,0.0030151536192507,7.520115140685818e-05,2.956021097498269e-05,5.544054475438762e-05,2.9665353366754035e-05,4.3582661483010914e-05,3.7793275065205167e-05,0.0012067853924714,3.924623433801442e-05,0.2580526957797787
541,uj0642,uj0642,0065_060059.xml,letters-leipzig,Brief,"Bierwisch, Manfred","Johnson, Uwe",1957-10-21,1957,10.0,BierwischManfred,JohnsonUwe,492,0.00011278771233805356,0.00012414831157481424,0.0001021828143982194,0.00012987435274639138,9.145281652423424e-05,0.00015259232993648442,0.00015431194688976768,0.00010999547531119708,9.755327676856032e-05,0.00014814558330504527,8.262582723443753e-05,0.00013405239523764915,0.1499044160187142,9.786814996148844e-05,0.1171590189859627,0.0056542651168417,0.0389240259104237,0.0056451659986783,7.88436827451958e-05,0.0056700935156984,0.00023155514292504532,2.694632606404422e-05,0.0001261974918895902,6.883692857193021e-05,9.688383537391956e-05,0.0112060421339439,0.2109102229793984,0.00011123833807240406,0.00012556807364908423,3.818032997334558e-05,9.323497266543464e-05,0.00014070912820867334,5.531021052391687e-05,0.0001037349904072398,5.550694280802616e-05,8.154766499664158e-05,7.071512453053525e-05,0.4516807806220629,7.343376152976945e-05,0.00012993478111446085
542,uj0354,uj0354,0858_101519.xml,letters-leipzig,Brief,"Bierwisch, Manfred","Johnson, Uwe",1973-01-04,1973,1.0,BierwischManfred,JohnsonUwe,509,0.00013996899389695687,0.00015406744143413092,0.00012680836793648432,0.00016117343024429494,0.0001134924935756611,0.00018936632772182003,0.00019150036386680175,0.00013650384153887442,0.00012106313460566468,0.00018384793711689567,0.0001025382434679106,0.00016635836033851743,0.0001201645816445212,0.00012145389068277328,0.3175330927856648,0.00013134192354665166,0.0001055117891279093,0.00012004996285090514,9.7844620838653e-05,0.2411460453913357,0.00028735878860404565,3.344025754418192e-05,0.0001566104640828479,8.542628833796268e-05,0.00012023236114161924,0.00013549662155609154,8.676495234087791e-05,0.00013804622808641538,0.00015582935915538947,4.738160090529621e-05,0.0001157041405439359,0.00017461933307464587,6.863969805556147e-05,0.00012873461069670987,6.888384184838256e-05,0.00010120024945638496,8.775712024524821e-05,0.4365933008460054,9.113093533259855e-05,0.00016124842155058338
543,uj0308,uj0308,0571_101024.xml,letters-leipzig,Brief,"Klemm, Eberhardt","Johnson, Uwe",1966-10-31,1966,10.0,KlemmEberhardt,JohnsonUwe,422,0.00015852511001554148,0.00017449263171198377,0.00014361973976051776,0.00018254068311635235,0.00012853853935154258,0.0002144711989388192,0.00021688815075965903,0.0001546005718482526,0.0001371128433367024,0.00020822121847244264,0.00011613205092063116,0.000188412995195802,0.00013609516647088935,0.0001375554031379001,0.3206373497912952,0.0001487543226553011,0.0859020601505328,0.0079343799288545,0.00011081618043418428,0.00017100141516302256,0.0003254548190217396,3.787353440607058e-05,0.0001773727906238686,9.675151174526896e-05,0.0079345865082426,0.0001534598216425459,9.82676465150324e-05,0.0001563474372812886,0.0001764881322355245,5.3663124147010574e-05,0.0001310433910990618,0.00019776915026536144,0.007876154048567,0.00014580135039427136,0.1794415512431292,0.00011461667496505785,9.93913491424156e-05,0.385296001317177,0.00010321244117861357,0.00018262561624867403
544,uj0509,uj0509,0272_060249.xml,letters-leipzig,Brief,"Baumgärtner, Klaus","Johnson, Uwe",1962-01-19,1962,1.0,BaumgärtnerKlaus,JohnsonUwe,450,0.00013353284279142563,0.00014698300576087994,0.000120977377838164,0.0001537622420777732,0.00010827380322389478,0.00018065875424012136,0.0001826946616587948,0.0001302270274662058,0.1906152194265302,0.00017539411408952114,9.782325902256214e-05,0.000158708755129557,0.00011463909072353589,0.00011586911386166906,0.5853971731158184,0.0001253024683580282,0.00010066007304897464,0.0001145297424105792,9.334546179601112e-05,0.00014404219675883884,0.0002741452579965484,3.190258448838584e-05,0.0001494090933829439,8.149815765115804e-05,0.00011470375353690968,0.00012926612216944882,8.27752662798263e-05,0.00013169849092852103,0.00014866390576261497,4.520286735468596e-05,0.00011038375271129472,0.00016658986610253282,6.548345997579887e-05,0.00012281504677124697,6.571637737984396e-05,9.654678957727592e-05,8.372181163325303e-05,0.2194488865889893,8.694048962130912e-05,0.00015383378508193818
545,uj0455,uj0455,0102_060086.xml,letters-leipzig,Brief + Postkarte,"Bierwisch, Manfred","Johnson, Uwe",1958-03-28,1958,3.0,BierwischManfred,JohnsonUwe,154,0.0003680504258328738,0.0004051224906893189,0.0003334443759205268,0.0004238077875877869,0.00029843009816951275,0.0004979414055639555,0.0005035528834351296,0.0003589387592740149,0.0003183372045746065,0.0004834307203364132,0.0002696257444009526,0.0004374416337415797,0.00031597444700398543,0.0003193647031410567,0.3098920908276866,0.00034536542376407617,0.00027744472427589345,0.0003156730552841172,0.0002572837980934095,0.00039701687425168334,0.0007556139511183356,8.793162461507636e-05,0.00041180940428856905,0.00022462961920877684,0.0003161526741389754,0.4167876400004678,0.00022814965491527628,0.0003629944862590875,0.0004097554779641227,0.0001245905818446888,0.0003042456547853213,0.0004591639770168637,0.00018048904543092905,0.0003385094581821055,0.0001811310249466096,0.0002661074704461768,0.0002307585742875912,0.2608483548905639,0.00023963006821641668,0.00042400497827584414
546,uj0987,uj0987,0726_s000236.xml,letters-leipzig,Brief,"Johnson, Uwe","Bierwisch, Manfred",1969-12-07,1969,12.0,JohnsonUwe,BierwischManfred,195,0.00030235762830605275,0.00033281275298370424,0.0002739283630692034,0.00034816293778957826,0.0002451637340005406,0.0004090645516331105,0.3573908325511177,0.0002948722901640908,0.0002615176492703291,0.00039714385799292,0.00022150062840667537,0.0301074598069767,0.00025957661694113525,0.0002623617510776744,0.5818089534735038,0.0002837216400223329,0.00022792400967409275,0.00025932902020108466,0.00021136157855831603,0.00032615389650637226,0.000620745490670478,7.223683388369528e-05,0.000338306128876373,0.00018453579766294928,0.0002597230325680521,0.0002926965179684223,0.0001874275471979792,0.0002982041162025702,0.000336618804943057,0.00010235258592782354,0.0002499412801795903,0.00037720845120672473,0.00014827381217730082,0.00027808938599512554,0.00014880120568144627,0.0002186103261708072,0.00018957080425866535,0.0209272753701994,0.00019685883784205605,0.0003483249321919217
547,uj0953,uj0953,0211_060183.xml,letters-leipzig,Brief + Postkarte,"Baumgärtner, Klaus","Johnson, Uwe",0000-00-00,0,0.0,BaumgärtnerKlaus,JohnsonUwe,141,0.0005181556470274041,0.0005703471360302064,0.0004694359093914064,0.0005966530208350273,0.0004201414527902006,0.0007010212000104717,0.0007089212559349783,0.0005053278898780417,0.0004481674483489141,0.0006805924952321153,0.0003795895677315706,0.0006158472775983613,0.255344052320938,0.0004496140006340091,0.3343184055674366,0.0004862188223431872,0.00039059743049120753,0.280833549135422,0.0003622140976174119,0.0005589357352138788,0.0010637825913627,0.00012379354742897333,0.000579761232032935,0.00031624227962582363,0.1024047764834674,0.0005015992303560477,0.0003211979222526005,0.0005110376994384063,0.0005768696349883676,0.00017540344751175473,0.0004283288186770074,0.0006464288339415868,0.00025409946994352407,0.00047656672841044783,0.0002550032735747059,0.0003746364053671169,0.0003248708600092818,0.0103735230043555,0.0003373604928262741,0.0005969306335244486
548,uj0811,uj0811,0549_000022.xml,letters-leipzig,Brief,"Johnson, Uwe","Klemm, Eberhardt",1965-05-24,1965,5.0,JohnsonUwe,KlemmEberhardt,154,0.0003551885436884861,0.0003909650889759654,0.0003217918360407165,0.00040899740989703263,0.0002880011664754159,0.0179535294380525,0.0004859557353662121,0.0003463952932302303,0.0876721580094468,0.0179395258429141,0.00026020340902467847,0.0004221548079608444,0.0003049324108786184,0.00030820419119875336,0.6310494011459555,0.00033329629120663385,0.00026774914699964527,0.0003046415515872114,0.0002482927641032994,0.0003831427312333648,0.2278780663481494,8.485876798135736e-05,0.00039741832183859193,0.0002167797174409308,0.0003051044096920408,0.000343839348596364,0.00022017674205649455,0.0003503092888686436,0.00039543617197863005,0.00012023664209211062,0.0002936134927767172,0.0004431180427023605,0.00017418167919046784,0.0003266799140481835,0.0001748012241040117,0.000256808084594701,0.00022269449018939307,0.0071109068288146,0.0002312559610851002,0.000409187709563611
549,uj0638,uj0638,0041_060041.xml,letters-leipzig,Brief,"Bierwisch, Manfred","Johnson, Uwe",1957-05-29,1957,5.0,BierwischManfred,JohnsonUwe,969,6.027871780847487e-05,6.635032207574952e-05,5.46109935763622e-05,6.941057050872314e-05,4.887641043318352e-05,8.1552057447624e-05,8.247109643615273e-05,0.0030241111695757,5.213676489863609e-05,7.917552032486626e-05,4.4158878838045685e-05,7.164350031199368e-05,0.3380987708555115,5.230504699203539e-05,0.2553610449822883,5.656340397587887e-05,4.54394590204083e-05,5.170043473295934e-05,4.2137534352446426e-05,6.502279700957874e-05,0.00012375326024562536,1.4401302687311017e-05,6.744549423034413e-05,3.678948447640028e-05,5.177898595197288e-05,0.0682608218175424,3.7365990368351576e-05,5.945066400542518e-05,6.710910541886394e-05,2.0405248839516188e-05,4.982887311638856e-05,7.520115140685818e-05,2.956021097498269e-05,5.544054475438762e-05,2.9665353366754035e-05,4.3582661483010914e-05,3.7793275065205167e-05,0.3333231569595211,3.924623433801442e-05,6.944286608836543e-05
550,uj0737,uj0737,0775_101224.xml,letters-leipzig,Brief,"Johnson, Uwe","Baumgärtner, Klaus",1971-01-11,1971,1.0,JohnsonUwe,BaumgärtnerKlaus,137,0.00034908891685562945,0.0003842510741525607,0.0003162657284210135,0.0004019737273478432,0.00028305534354800704,0.0004722880717568375,0.0519963906157582,0.00034044667224313155,0.0003019368601145428,0.0004585249593315421,0.0002557349549489758,0.0004149051743788677,0.0002996958289317801,0.0003029114232082306,0.723249996348074,0.00032757261842140294,0.00026315111051864354,0.00029940996454567054,0.00024402885066002997,0.0862411966535613,0.0007166856420828576,8.340149457718977e-05,0.0003905934861201247,0.0002130569752387457,0.0002998648740221835,0.0003379346206591652,0.0002163956629995174,0.00034429345312126053,0.0003886453755744577,0.00011817182704829872,0.00028857128978100247,0.00043550840902633535,0.00017119046997761097,0.0003210698638230523,0.00017179937549175424,0.0345982513799266,0.000218870174028228,0.0928534253512995,0.00022728461941162024,0.0004021607590121924
551,uj0037,uj0037,1043_101726.xml,letters-leipzig,Brief,"Johnson, Uwe","Klemm, Erika",1978-10-24,1978,10.0,JohnsonUwe,KlemmErika,201,0.00034319524997682507,0.0172607600279214,0.0003109262153098976,0.0003951872064111178,0.00027827652124060216,0.0004643144340062044,0.0004695469576376579,0.0003346989123478258,0.0002968392612335012,0.0004507836841565555,0.00025141738266019805,0.0004079003318702395,0.00029463606537182284,0.1691277600029617,0.778571354415229,0.00032204221112866184,0.00025870833130309565,0.00029435502723307576,0.00023990891248621928,0.0003702055366339808,0.0007045858410656708,8.199342745589628e-05,0.0003839990977535213,0.00020945993512193743,0.00029480225647459665,0.0172152255349393,0.00021274225582972,0.0003384807480387639,0.0003820838771509173,0.00011617673253382466,0.0002836993417739578,0.0004281557221841437,0.00016830026191268045,0.0003156492425118958,0.00016889888727730378,0.00024813670472954803,0.0002151749896979796,0.0068708000019767,0.00022344737403140697,0.0003953710804205767
552,uj1231,uj1231,0948_s000100.xml,letters-leipzig,Brief,"Johnson, Uwe","Baumgärtner, Sabine",1975-02-01,1975,2.0,JohnsonUwe,BaumgärtnerSabine,424,0.00012686583416275058,0.1187183039269105,0.00011493723666344686,0.0001460852229020625,0.00010286792430105407,0.00017163884986164652,0.0126555372632694,0.0001237250711110937,0.00010972984180633545,0.00016663706190963047,9.293915337218492e-05,0.00015078476715943813,0.00010891540663908116,0.0001100840173583369,0.5811334753009152,0.00011904638468397573,9.563433135463496e-05,0.00010881151785301522,8.868492296352529e-05,0.0001368504786121317,0.00026045777286281093,3.0309756824308275e-05,0.0001419494175911052,7.742912932132547e-05,0.00010897684097678034,0.0001228121417562166,7.864247465349607e-05,0.00012512306755664394,0.0001412414355914375,4.294598507468183e-05,0.00010487252853297603,0.0001582723911537652,6.221401117528116e-05,0.00011668315472552765,6.243529951257325e-05,0.0063327084925517,7.954176102623453e-05,0.0025398654954433,8.259973732120366e-05,0.274749364592539
553,uj0723,uj0723,1118_101848.xml,letters-leipzig,Brief,"Johnson, Uwe","Klemm, Erika",1982-07-07,1982,7.0,JohnsonUwe,KlemmErika,841,6.387765991629905e-05,7.031176944337316e-05,5.7871544090335695e-05,7.355473007305982e-05,5.17945775406224e-05,8.642112474365542e-05,8.739503497422112e-05,6.22962680828284e-05,5.524959153764351e-05,8.390269642226474e-05,4.679538562290309e-05,7.592097699694895e-05,5.483951885746862e-05,5.542792091694979e-05,0.4214411185779345,5.994052319360118e-05,4.815242287184423e-05,5.478721027029672e-05,4.465335672250331e-05,0.0094960135508817,0.0598361628718749,1.5261132765541354e-05,7.147232887436955e-05,3.898600141672322e-05,5.48704513914848e-05,6.183660302609111e-05,3.959692760501434e-05,6.300016714361487e-05,7.111585596186246e-05,2.1623544648370312e-05,5.280390702825431e-05,7.969103772486065e-05,3.132510398966249e-05,5.875062363879986e-05,0.0283127622231594,4.618476519863113e-05,4.004972334363264e-05,0.0012788365395756,0.0063263284758578,0.4714290172746822
554,uj0159,uj0159,0160_060134.xml,letters-leipzig,Brief,"Johnson, Uwe","Bierwisch, Manfred",1959-02-16,1959,2.0,JohnsonUwe,BierwischManfred,1083,5.169443389994384e-05,5.690138183899105e-05,4.6833849495826585e-05,5.9525820713726367e-05,4.191592754896819e-05,0.0026129714972453,7.072639894100725e-05,5.041465696834712e-05,4.4711975383632463e-05,6.790014537024566e-05,3.7870218979144186e-05,6.144075929097253e-05,4.438011483822033e-05,4.485629244726701e-05,0.2978291446743691,4.850821739900696e-05,3.896843191394911e-05,4.433778293680909e-05,3.613673388359466e-05,5.576290943482131e-05,0.00010612957548295088,1.235041515328342e-05,5.784059067774957e-05,3.1550299054484865e-05,4.440514768753185e-05,5.004266267608977e-05,3.204470482169272e-05,5.098430312504321e-05,5.7552106950623935e-05,1.7499340160118185e-05,4.273275015252037e-05,6.449176578296329e-05,2.5350545397629463e-05,0.0153057448068667,2.5440714475856625e-05,0.0025804093177353,3.241113996366333e-05,0.1409017563900226,0.5391567076838298,5.955351708431579e-05
555,uj0648,uj0648,0045_110109.xml,letters-leipzig,Brief,"Johnson, Uwe","Bierwisch, Manfred",1957-07-07,1957,7.0,JohnsonUwe,BierwischManfred,1216,5.33216176644458e-05,5.869246450923253e-05,4.830803682663746e-05,6.139951274837567e-05,4.323531363439731e-05,7.213968354117435e-05,7.295265115804953e-05,5.200155724218723e-05,4.611937256228958e-05,7.003743570923334e-05,3.906225844707353e-05,6.337472777567339e-05,0.4040001309305335,4.6268232288744295e-05,0.4567194740682823,5.003510874574984e-05,4.019503978939674e-05,4.573340167379784e-05,3.727420850593649e-05,5.751815645173145e-05,0.00010947021216529844,1.2739168709636874e-05,5.9661236789518674e-05,3.254340663906556e-05,4.580288686226226e-05,5.161785369949065e-05,3.305337479813621e-05,5.2589134129674965e-05,5.936367247089241e-05,1.8050166236541712e-05,4.407784733252403e-05,6.652177068502325e-05,2.6148503567983608e-05,4.904184491605809e-05,2.6241510894917305e-05,3.855254552327834e-05,3.3431344205380174e-05,0.1374676750519536,3.471660941412113e-05,6.142808091658738e-05
556,uj0730,uj0730,1114_101836.xml,letters-leipzig,Brief,"Klemm, Ine","Johnson, Uwe",1982-03-13,1982,3.0,KlemmIne,JohnsonUwe,503,0.00013180124958111307,0.00014507699695071467,0.00011940859819049942,0.00015176832321243315,0.00010686975775764147,0.00017831605363039687,0.00018032556032705085,0.00012853830256643044,0.00011399862194465634,0.4216183473791782,9.655473146340056e-05,0.000156650692131312,0.0001131525031022168,0.00011436657585938006,0.4740656449162358,0.0001236776029023959,9.935475897494248e-05,0.0001130445727684802,9.21350002759794e-05,0.00014217432302311898,0.0002705902668987576,3.1488886273499496e-05,0.0001474716241712312,8.044132658629293e-05,0.00011321632739761813,0.0001275898578527992,8.170187425075191e-05,0.00012999068475939423,0.00014673609980525075,4.461669711699923e-05,0.00010895234637912927,0.00016442960443941075,6.463430023118847e-05,0.00012122243706813829,6.486419726820642e-05,9.529481469368404e-05,8.263614523427094e-05,0.0998952639661486,8.581308486917142e-05,0.00015183893847943875
557,uj0721,uj0721,1127_101859.xml,letters-leipzig,Brief,"Johnson, Uwe","Klemm, Eberhardt",1982-09-28,1982,9.0,JohnsonUwe,KlemmEberhardt,457,0.1720566204001306,0.00014795491508345893,0.00012177732774212335,0.00015477897837162173,0.00010898975210655397,0.00018185334082883984,0.0001839027104664268,0.0133558731078202,0.00011626003283747928,0.0001765538888112765,9.847010480529e-05,0.0001597581997091315,0.0001153971293854166,0.0001166352859193036,0.5760432640153877,0.00012613101745803402,0.00010132567695944944,0.0001152870580184972,9.396269862601294e-05,0.00014499466029807564,0.00027595801404006764,3.2113536898279195e-05,0.00015039704494908076,8.203705545627597e-05,0.00011546221977469156,0.00013012088050412673,8.332260882844178e-05,0.00013256933304009992,0.0001496469298557319,4.550176645504041e-05,0.00011111365340808612,0.0067800839077492,6.591646231437363e-05,0.00012362714806344764,0.0397405058242689,9.71851948430376e-05,8.427541311124933e-05,0.0026910167830569,8.751537426144226e-05,0.1853018405483558
558,uj0701,uj0701,0259_060228.xml,letters-leipzig,Brief,"Bierwisch, Manfred","Johnson, Uwe",1961-08-01,1961,8.0,BierwischManfred,JohnsonUwe,531,0.0050957488273416,0.00011174781492041117,0.0050862031947253,0.00011690191311918092,8.231809426374584e-05,0.0101258044425901,0.0001388985694795735,9.90086281580322e-05,8.780921285943826e-05,0.00013334813026814475,7.437278471464068e-05,0.00012066263376950834,8.715747665181792e-05,8.809263508919226e-05,0.4101044832587032,9.526459858851497e-05,7.652954948582041e-05,8.707434163239928e-05,7.096841797759213e-05,0.0001095119851496484,0.0002084263646216732,2.425480475403212e-05,0.0350731803580284,0.3097040267183417,8.720663830873004e-05,9.827807385549786e-05,6.293214027255721e-05,0.00010012734814744688,0.00011302576471686032,3.43667053811725e-05,8.392224056344097e-05,0.00012665446204799714,4.978557573947327e-05,9.33734688917875e-05,4.996265751041839e-05,7.340231421306811e-05,6.36517770388687e-05,0.2217784609082117,6.609886423943147e-05,0.00011695630562766784
559,uj0505,uj0505,0333_101293.xml,letters-leipzig,Brief,"Johnson, Uwe","Bierwisch, Manfred",1962-11-01,1962,11.0,JohnsonUwe,BierwischManfred,1808,3.0374949813792546e-05,3.343448196067154e-05,2.7518936192934905e-05,0.5080806323278426,2.4629231807872764e-05,4.109476349602833e-05,4.155787492520928e-05,2.9622970207142048e-05,2.627215167849703e-05,3.9897206572808034e-05,2.2252028200082257e-05,3.610175872313065e-05,2.60771549128572e-05,0.0074976165939779,0.4514369819014523,2.8502772114755188e-05,2.289732325920067e-05,2.605228126043695e-05,2.123345581601885e-05,3.2765530982158526e-05,6.236030237400941e-05,7.25693681425331e-06,0.0015282382770738,1.8538528775554797e-05,2.6091863876360025e-05,2.9404391394958813e-05,1.8829034913907227e-05,2.9957686580180463e-05,3.3816839230444154e-05,1.0282375471349376e-05,2.510918571621213e-05,3.789448885061688e-05,1.4895637423860074e-05,2.7936953966314812e-05,1.49486195540292e-05,2.196166745789413e-05,1.90443472446102e-05,0.0304931478217754,1.9776505568436733e-05,3.4992840741271645e-05
560,uj0686,uj0686,0226_060198.xml,letters-leipzig,Brief,"Baumgärtner, Klaus","Johnson, Uwe",1961-02-12,1961,2.0,BaumgärtnerKlaus,JohnsonUwe,381,0.00015490115963195114,0.00017050365709739854,0.00014033653238128776,0.00017836772667724,0.0001256000945276059,0.00020956829753987223,0.0078320695512411,0.00015106633805022634,0.00013397838633391913,0.00020346119424359413,0.00011347722361636564,0.00018410579524403225,0.00013298397398732245,0.00013441082903277793,0.3742685621712844,0.0001453537365614353,0.0001167679929369728,0.00013285712743686562,0.00010828287615479848,0.00016709225122039058,0.000318014785602936,3.700772955329145e-05,0.000173317974370741,9.453973168047144e-05,0.00013305898433359591,0.2744749756246662,9.60212069746482e-05,0.0001527732694081148,0.0001724535396435284,5.243636266223287e-05,0.00012804768431548747,0.00019324806469162343,7.596231514974558e-05,0.0001424682704825936,7.623250467938364e-05,0.00011199648978956892,9.711922128951642e-05,0.338387275645742,0.00010085296156201616,0.00017845071820259844
561,uj0860,uj0860,0388_101354.xml,letters-leipzig,Brief,"Bierwisch, Manfred","Johnson, Uwe",1963-08-14,1963,8.0,BierwischManfred,JohnsonUwe,552,9.715503529672144e-05,0.0001069410252504072,8.80200044293998e-05,0.00011187342187946236,0.0048581793111161,0.00013144262698186005,0.00013292390044977408,0.1291386064639716,8.403213303372051e-05,0.00012761221126566784,7.11736677247436e-05,0.00011547237656428398,8.340843101068434e-05,8.430336396427819e-05,0.1821703028830111,9.116682818702226e-05,7.323766008126698e-05,8.332887201244196e-05,6.791573852543307e-05,0.00010480136884512496,0.00019946098398194003,2.3211493571413644e-05,0.0001087061837209921,5.929594710706223e-05,8.345547799766064e-05,9.405067996387729e-05,6.022513824313216e-05,9.582040842694476e-05,0.00010816400452340828,3.288843464687722e-05,8.031235736965108e-05,0.00012120646863295078,0.1577679133122198,8.935704471346114e-05,4.781353283913895e-05,7.024494164193505e-05,0.2294722145387217,0.2934885806065764,6.325564678545816e-05,0.00011192547471492652
562,uj0327,uj0327,0580_101033.xml,letters-leipzig,Brief,"Bierwisch, Manfred","Johnson, Uwe",1966-11-22,1966,11.0,BierwischManfred,JohnsonUwe,591,0.00010306617140738542,0.0001134475635285158,9.337534422269392e-05,0.000118680058528562,8.357019987535248e-05,0.00013943989914032352,0.00014101129669762946,0.00010051460640039716,8.91448415466112e-05,0.0001353764321099129,7.550403759318342e-05,0.00012249798190536258,8.84831920560104e-05,8.943257479167118e-05,0.3301491457782639,9.671362798535645e-05,7.769360799837427e-05,8.839879250507817e-05,0.0710547349039187,0.0001111777254995735,0.0407731320870319,2.462373429999128e-05,0.00011532011830588656,6.290364909687772e-05,8.85331014900309e-05,9.97729399462761e-05,6.388937436173837e-05,0.1674179840220185,0.00011474495167719844,3.4889442757991854e-05,8.519874616391582e-05,0.00012858094934199615,5.054284301245868e-05,9.479373311705004e-05,5.0722618299101615e-05,7.451880567649567e-05,6.461995721762442e-05,0.3873979807458082,6.71042660235137e-05,0.0001187352783784216
563,uj0912,uj0912,1029_101712.xml,letters-leipzig,Brief,"Johnson, Uwe","Bierwisch, Manfred",1977-09-27,1977,9.0,JohnsonUwe,BierwischManfred,482,0.0001187158928103092,0.00013067361101643625,0.00010755359595197624,0.0001367006158723812,9.6259623842276e-05,0.0001606126616888845,0.00016242266259828227,0.00011577689436172176,0.00010268072743100996,0.0001559321917555084,8.69686834318134e-05,0.0001410982584370467,0.00010191861209353724,0.00010301215052174926,0.6606022425316618,0.00011139876970711816,8.949072147760264e-05,0.00010182139718873492,8.298774747283098e-05,0.0001280591173910199,0.0002437258009522628,2.8362638893345266e-05,0.00013283049730799254,7.245503312668047e-05,0.0001019760998505626,0.00011492261216547704,7.359043238800616e-05,0.00011708508263222354,0.00013216799651935343,4.0187107856151344e-05,9.813545103164084e-05,0.0001481048727345896,5.821734378468793e-05,0.00010918735513451289,5.84244164193615e-05,8.583385242938404e-05,7.443194803590577e-05,0.0023767029310889,0.1927991891615822,0.1402981428993546
564,uj0634,uj0634,0062_060056.xml,letters-leipzig,Brief,"Bierwisch, Manfred","Johnson, Uwe",0000-00-00,0,0.0,BierwischManfred,JohnsonUwe,184,0.00028944210097572306,0.0003185963026459859,0.0002622272220078917,0.00033329078799920644,0.0002346913046306272,0.00039159092470302144,0.0003960039013785298,0.0002822765070052275,0.0002503466450345914,0.00038017943615670913,0.000212038993732865,0.0003440127130348957,0.2138288007325458,0.0002511546901364273,0.4288081785640633,0.0002716021687311862,0.00021818799344497893,0.0002482515055813297,0.00020233304417092385,0.0715056592884918,0.0005942296875308322,6.915116077695635e-05,0.00032385502315100976,0.0001766531550073206,0.00024862868729142715,0.00028019367523052723,0.00017942138038864756,0.00028546601055460364,0.000322239775052188,9.79804864763004e-05,0.00023926477284877637,0.000361095591451586,0.0001419401387579232,0.00026621050241869043,0.00014244500408821444,0.0002092721538277785,0.00018147308594690164,0.276329719216658,0.0001884498034326698,0.00033344586263854423
565,uj1062,uj1062,0722_101165.xml,letters-leipzig,Brief,"Johnson, Uwe","Zeibig, Brigitte",1969-11-24,1969,11.0,JohnsonUwe,ZeibigBrigitte,148,0.066775331434898,0.0004946895503155254,0.0004071643815644506,0.0005175059116201953,0.0003644089243549536,0.0006080294618617387,0.0006148815609885321,0.0004382952255105608,0.0003887172205911437,0.0005903106619556433,0.00032923632066007304,0.0005341540152873478,0.0003858320895333089,0.0003899718850826712,0.8426863778706544,0.0004217210105656723,0.0003387839703886261,0.0003854640642130736,0.00031416573828260886,0.0004847918925880036,0.0009226698943691156,0.00010737210803905776,0.0005028548493483768,0.0002742921656234458,0.00038604972025806127,0.00043506117946089817,0.0002785904332357423,0.0004432476184400037,0.0005003468279149265,0.000152135860937833,0.0003715102212545993,0.0005606788725184673,0.00022039271275505805,0.0004133492844614193,0.0002211766251895008,0.00032494020429878814,0.00028177614911368323,0.0532147296814548,0.0224012457019286,0.0005177466984810666
566,uj1218,uj1218,0969_101652.xml,letters-leipzig,Brief,"Klemm, Erika","Johnson, Uwe",1975-11-29,1975,11.0,KlemmErika,JohnsonUwe,165,0.0004813471447653552,0.0005298310788046242,0.00043608833741790894,0.0005542682582775658,0.00039029563772646807,0.0006512223787984259,0.0006585612341878506,0.0004694306399216623,0.00041633073551761466,0.0006322448789434525,0.00035262445880599195,0.0005720990022671904,0.00041324065184818935,0.2845678326764399,0.6657569462991708,0.00045167903352733095,0.0003628503500796229,0.0004128464829147172,0.00033648329933704245,0.0005192303158249594,0.0009882140934699963,0.0237941794040884,0.0005385764205903535,0.0002937772061836211,0.0004134737425241558,0.0004659668551978821,0.00029838081215136694,0.0004747348386596335,0.0005358902354851647,0.00016294321817420565,0.00039790139328538666,0.0006005081200925799,0.00023604886880107052,0.00044271260059895376,0.00023688846844606865,0.0003480231569088365,0.00030179283344694086,0.0096366134537952,0.00031339523347889296,0.0005545261500445863
567,uj0905,uj0905,0372_000013.xml,letters-leipzig,Brief,"Johnson, Uwe","Klemm, Eberhardt",1963-06-22,1963,6.0,JohnsonUwe,KlemmEberhardt,377,0.2321595376238035,0.00015731709656599467,0.00012948306325038194,0.0001645729678742969,0.0001158863248792973,0.00019336052177706755,0.0001955395699080054,0.00013938303785087112,0.0141852297608741,0.00018772573496161367,0.00010470102313112873,0.00016986726069001466,0.0001226991434297659,0.00012401564711533422,0.6054628962736373,0.00013411224251806594,0.0071385438439776,0.0001225821070484531,0.0071307149565571,0.00015416952497184115,0.00029341988076849574,3.4145593490101125e-05,0.00015991375771564294,8.722813546224441e-05,0.00012276835256046163,0.00013835457316151365,8.859503512810323e-05,0.00014095795706276269,0.00015911617739525002,4.838099351612012e-05,0.00011814462083358384,0.014239915589157,7.008747537281636e-05,0.0001314499351312881,7.033676874897492e-05,0.00010333480758839908,8.960813025429337e-05,0.0520769428404152,9.305310726534743e-05,0.0634419085441505
568,uj0526,uj0526,0325_101288.xml,letters-leipzig,Brief,"Johnson, Uwe","Bierwisch, Manfred",1962-10-06,1962,10.0,JohnsonUwe,BierwischManfred,1014,5.974720818365655e-05,6.576527587577713e-05,5.412945930088286e-05,6.879854046510582e-05,4.844544103774368e-05,8.083296943392618e-05,8.174390476521489e-05,5.826807217244213e-05,5.167704721786918e-05,7.84773875073041e-05,4.37695064363602e-05,7.10117813346178e-05,5.129349062194906e-05,5.184384547824121e-05,0.6616551178122011,0.3292439889273785,4.503879505982736e-05,5.1244564408126456e-05,4.17659852238535e-05,6.444945630659618e-05,0.0001226620617046712,1.4274318715744994e-05,6.685079131300675e-05,3.64650919577432e-05,5.132242299912027e-05,5.783812993793289e-05,3.7036514489572096e-05,5.892645577290898e-05,6.651736862120335e-05,2.0225324870504843e-05,4.9389505349155e-05,7.453806272111069e-05,2.929956281894885e-05,5.4951695883451865e-05,2.940377811413893e-05,4.319836989726384e-05,3.746003158921772e-05,0.0070745003122131,3.890017934469476e-05,6.883055127738671e-05
569,uj0558,uj0558,0762_101212.xml,letters-leipzig,Brief,"Bierwisch, Manfred","Johnson, Uwe",1970-08-09,1970,8.0,BierwischManfred,JohnsonUwe,615,9.856832832235208e-05,0.0001084966729291775,8.93004121611877e-05,0.00011350082005200992,7.992316767757674e-05,0.00013335469409620653,0.0049837845294671,9.612811448778034e-05,8.52545300734901e-05,0.0001294685581612894,7.220901548512186e-05,0.2910527729764744,8.46217551936891e-05,0.0049344567206832,0.3399859588440331,9.24930120749914e-05,7.430303228652885e-05,8.454103886811935e-05,6.890369390309724e-05,0.0001063258914106616,0.0002023624992424323,2.354914608606469e-05,0.00011028750877353918,6.015851226633197e-05,8.466948656288366e-05,9.541881461220316e-05,6.110122014240487e-05,9.721428692772744e-05,0.00010973744261388236,3.33668555045135e-05,8.148064364730852e-05,0.00012296963259308006,4.833713600076675e-05,9.065690207750618e-05,4.850906583221478e-05,7.126677942733831e-05,6.179992011177716e-05,0.3559450188968192,6.41758128289433e-05,0.00011355363008867422
570,uj0684,uj0684,0265_060235.xml,letters-leipzig,Brief,"Bierwisch, Manfred + Baumgärtner, Klaus","Johnson, Uwe",1961-09-27,1961,9.0,BierwischManfred+BaumgärtnerKlaus,JohnsonUwe,511,0.00010574695827967142,0.2706240061668102,9.58040693181276e-05,0.0001217669680213765,8.57438897648763e-05,0.00014306677928910413,0.00014467904944199834,0.00010312902618170544,9.146352979986524e-05,0.00013889762007160297,0.3122016307616486,0.00012568419690965732,9.07846705764856e-05,9.17587470864448e-05,0.1254515949838756,9.922918299951812e-05,7.971444569456962e-05,9.069807576395516e-05,7.392187905081643e-05,0.000114069496707721,0.00021710035189778987,2.526420617118514e-05,0.0001183196345879354,6.453979483136175e-05,9.083587817219872e-05,0.00010236806872582628,6.555115915231265e-05,0.0001042943034431396,0.00011772950767570796,3.5796929267384946e-05,8.7414795107353e-05,0.0001319253844395183,5.185747989268437e-05,0.0625220919185687,5.20419311968975e-05,7.645706566295002e-05,6.630074472172179e-05,0.2258060470537731,6.88496712614668e-05,0.0001218236241586869
571,uj0296,uj0296,0538_100971.xml,letters-leipzig,Brief,"Bierwisch, Manfred","Johnson, Uwe",1966-03-02,1966,3.0,BierwischManfred,JohnsonUwe,459,0.00011667178306440415,0.00012842360728493833,0.00010570168422821185,0.00013434683615038182,9.460217739112936e-05,0.00015784715237667648,0.0231176276225065,0.00011378338976420704,0.00010091271919984818,0.00015324727312058669,8.547121304951542e-05,0.00013866875790115597,0.00010016372634624812,0.00010123843568169325,0.2130256309489597,0.00010948064985433652,0.3329789735288691,0.00010006818533640332,8.155882284122354e-05,0.0001258541313212167,0.00023952920794974804,2.7874276760786395e-05,0.00013054335522723904,7.120746604995577e-05,0.00010022022425025863,0.00011294381702700576,7.232331543770827e-05,0.0001150690529933693,0.00012989226170924135,3.94951460902591e-05,9.64457056477343e-05,0.00014555472880182618,5.721492837935434e-05,0.00010730731252626091,5.741843553361391e-05,0.0058238563308169,7.315034144739278e-05,0.4213193095024578,7.596260015563595e-05,0.00013440934549031067
572,uj0389,uj0389,0869a_000034.xml,letters-leipzig,Postkarte,"Johnson, Uwe","Klemm, Eberhardt",1973-04-16,1973,4.0,JohnsonUwe,KlemmEberhardt,164,0.00034908891685562945,0.0003842510741525607,0.0003162657284210135,0.0004019737273478432,0.00028305534354800704,0.0004722880717568375,0.0004776104531331792,0.3437989810897434,0.0003019368601145428,0.0004585249593315421,0.0002557349549489758,0.0004149051743788677,0.0002996958289317801,0.0003029114232082306,0.4828290222558239,0.00032757261842140294,0.00026315111051864354,0.00029940996454567054,0.00024402885066002997,0.0003765630491862583,0.0007166856420828576,8.340149457718977e-05,0.0003905934861201247,0.0002130569752387457,0.0861644984783972,0.0003379346206591652,0.0002163956629995174,0.00034429345312126053,0.0003886453755744577,0.00011817182704829872,0.00028857128978100247,0.00043550840902633535,0.00017119046997761097,0.0003210698638230523,0.00017179937549175424,0.0689441048216766,0.000218870174028228,0.0069887917469244,0.00022728461941162024,0.0004021607590121924
573,uj0589,uj0589,0978_101662.xml,letters-leipzig,Brief,"Johnson, Uwe","Klemm, Erika",1976-01-31,1976,1.0,JohnsonUwe,KlemmErika,494,0.0001187158928103092,0.00013067361101643625,0.00010755359595197624,0.0001367006158723812,9.6259623842276e-05,0.0001606126616888845,0.00016242266259828227,0.00011577689436172176,0.00010268072743100996,0.0001559321917555084,8.69686834318134e-05,0.0001410982584370467,0.00010191861209353724,0.3271462290681135,0.6547621850867048,0.00011139876970711816,8.949072147760264e-05,0.00010182139718873492,8.298774747283098e-05,0.0001280591173910199,0.0002437258009522628,2.8362638893345266e-05,0.00013283049730799254,7.245503312668047e-05,0.0001019760998505626,0.00011492261216547704,0.0117537053223019,0.00011708508263222354,0.00013216799651935343,4.0187107856151344e-05,9.813545103164084e-05,0.0001481048727345896,5.821734378468793e-05,0.00010918735513451289,5.84244164193615e-05,8.583385242938404e-05,7.443194803590577e-05,0.0023767029310889,7.72934780013676e-05,0.00013676422038671812
574,uj0353,uj0353,0863_101525.xml,letters-leipzig,Brief,"Johnson, Uwe","Klemm, Erika",1973-02-05,1973,2.0,JohnsonUwe,KlemmErika,114,0.0004214671640988802,0.000463919656870701,0.00038183858960609,0.0004853168311201854,0.0003417425394159688,0.0420371505777714,0.0005766356750571699,0.00041103308225782094,0.0003645388496307527,0.0005535930960476237,0.0003087576861338031,0.0005009294158935793,0.0003618331749110744,0.0003657154734749921,0.479268882667977,0.0003954897902977836,0.00031771146812326865,0.0003614880409170889,0.0002946245001772057,0.000454637637523725,0.0008652794475396304,0.00010069351876786592,0.000471577070946157,0.0002572310801333635,0.000362037268915258,0.0004080001952022797,0.0002612619937327375,0.00041567743431064017,0.0004692250494771599,0.00014267294782958572,0.00034840213272841966,0.0005258044160979633,0.00020668419539671975,0.4150570467735777,0.00020741934815539725,0.0003047287899767432,0.00026424955677311143,0.0499047516134946,0.00027440860869932865,0.0004855426409392996
575,uj0088,uj0088,0897_101565.xml,letters-leipzig,Brief,"Klemm, Ine","Johnson, Uwe",1974-01-01,1974,1.0,KlemmIne,JohnsonUwe,79,0.0007464918752904818,0.0008216826461011759,0.0006763027564027497,0.0008595807745723833,0.0006052856565008872,0.0010099409959465,0.0010213223783474,0.0007280112960569374,0.0006456618988549541,0.331483848435794,0.0005468637269172851,0.0008872333859224058,0.0006408696769039581,0.000647745904952738,0.408197684780085,0.0007004814143679484,0.0005627224368657788,0.0006402583843897533,0.0005218313889624967,0.0008052425705294023,0.0015325608551859,0.00017834578837317604,0.0008352452623141955,0.0004556011185409945,0.0006412311629908855,0.0007226395239748206,0.0004627405697444212,0.0007362372537797192,0.0008310794219672517,0.000252698680824259,0.0006170809580663423,0.0009312913508889606,0.00036607376744159423,0.1475769485813218,0.0003673758512293631,0.0005397278489561525,0.0004680320650886091,0.0883900213140287,0.00048602551836222175,0.0008599807231560173
576,uj1105,uj1105,0515_101466.xml,letters-leipzig,Brief,"Baumgärtner, Klaus","Johnson, Uwe",1964-10-22,1964,10.0,BaumgärtnerKlaus,JohnsonUwe,190,0.0002413341578483228,0.00026564266267230897,0.00021864264243123252,0.00027789478921429894,0.00019568344814532425,0.0003265049062167228,0.0003301844055224491,0.0002353595515953866,0.00020873672677854013,0.0003169901121738512,0.00017679615996091336,0.00028683463155333017,0.00020718744421157877,0.0002094104673418433,0.2863037908484471,0.0002264593866599132,0.00018192313928468864,0.00020698981879997303,0.00016870342861411515,0.0002603277330335465,0.2854255386126768,5.7657600929798686e-05,0.0002700273353932484,0.2613331941982995,0.00020730430943576968,0.0002336229056458425,0.00014959989438340096,0.0002380189302775068,0.00026868055640590977,8.169522716154639e-05,0.00019949676382107544,0.000301078178233027,0.00011834838033769875,0.00022196386494921885,0.00011876933239996588,0.00017448919433240174,0.0001513105875803644,0.1591686558678512,0.0001571277103600071,0.0002780240890202431
577,uj1177,uj1177,1083_101780.xml,letters-leipzig,Brief,"Johnson, Uwe","Klemm, Erika",1980-09-26,1980,9.0,JohnsonUwe,KlemmErika,243,0.00023039316742185523,0.0002535996354644251,0.00020873038185864853,0.0002652963064488805,0.0001868120527661349,0.000311702662369596,0.000315215349952369,0.0002246894225770101,0.00019927355525861155,0.0003026192257087916,0.00016878102811710574,0.0002738308570947774,0.0001977945100997492,0.00019991675149649165,0.7153446301000573,0.0002161927505420908,0.00017367557357325842,0.00019760584412329216,0.00016105518431320124,0.0002485256605036639,0.0684761623978054,5.504366817610001e-05,0.00025778552711479123,0.00014061423607692177,0.00019790607718748703,0.0002230315082371044,0.00014281771722769946,0.0002272282371543188,0.00025649980494650554,7.79915380268142e-05,0.00019045249009481136,0.0002874286663071761,0.00011298300434696762,0.00021190103528978267,0.00011338487236193564,0.00016657864979227616,0.00014445085539450275,0.2086219756939721,0.000150004256348735,0.00026541974439112657
578,uj0935,uj0935,1030_101713.xml,letters-leipzig,Brief,"Johnson, Uwe","Klemm, Erika",1977-11-29,1977,11.0,JohnsonUwe,KlemmErika,963,6.70375093076247e-05,7.378989625906734e-05,6.073428771006969e-05,7.719327709176761e-05,5.435671060138507e-05,9.069613636394238e-05,9.171822321295796e-05,6.5377890437832e-05,5.7982634489122505e-05,8.805312842882024e-05,4.911022262493374e-05,7.96765756407785e-05,5.755227665901339e-05,0.2111182506856273,0.5807968114926111,6.290561342979991e-05,0.1550477812998754,5.749738051216017e-05,4.686223353867244e-05,0.0330504511622303,0.00013762917721515675,1.6016058370883248e-05,7.500786532304709e-05,4.091452999789344e-05,5.75847393390761e-05,6.489548703483017e-05,4.155567699807319e-05,6.611660941878611e-05,0.009968075050893,2.269320099591008e-05,5.541596879916886e-05,8.363313074108836e-05,3.287466937613168e-05,6.165685286805338e-05,3.299160092881322e-05,4.846939651406502e-05,4.203087127697839e-05,0.0079377245388432,4.3646744578796624e-05,7.722919383485006e-05
579,uj0079,uj0079,1106_101824.xml,letters-leipzig,Brief + Umschlag,"Bierwisch, Manfred","Johnson, Uwe",1981-07-30,1981,7.0,BierwischManfred,JohnsonUwe,193,0.0003551885436884861,0.0178639541709503,0.0003217918360407165,0.00040899740989703263,0.0002880011664754159,0.00048054035607819146,0.0004859557353662121,0.0003463952932302303,0.00030721259957476984,0.00046653676093975487,0.00026020340902467847,0.0004221548079608444,0.0003049324108786184,0.00030820419119875336,0.4912654884901603,0.00033329629120663385,0.1924706290487181,0.0003046415515872114,0.0002482927641032994,0.0003831427312333648,0.0007292082824821792,8.485876798135736e-05,0.00039741832183859193,0.0002167797174409308,0.0003051044096920408,0.000343839348596364,0.00022017674205649455,0.0003503092888686436,0.0702873924998762,0.00012023664209211062,0.0002936134927767172,0.0004431180427023605,0.00017418167919046784,0.0003266799140481835,0.0001748012241040117,0.000256808084594701,0.00022269449018939307,0.2167867758125075,0.0002312559610851002,0.000409187709563611
580,uj0854,uj0854,0408_101372.xml,letters-leipzig,Brief,"Johnson, Uwe","Bierwisch, Manfred",1963-11-22,1963,11.0,JohnsonUwe,BierwischManfred,435,0.00011802661062423012,0.00012991490053435972,0.3949250747301497,0.00013590691170088133,9.570072610430276e-05,0.00015968012061169456,0.0117737780125746,0.000115104676439134,0.00010208454780757128,0.00015502682618507817,8.646373028007251e-05,0.00014027902089668772,0.0001013268574254556,0.0001024140466063974,0.5174191065473391,0.00011075197182949167,8.897112499667958e-05,0.00010123020696489504,8.250590822922396e-05,0.00012731558704901524,0.0524976534934381,2.8197961180222096e-05,0.00013205926362229957,7.203434839404919e-05,0.0059075332114944,0.00011425535433277968,7.316315535786193e-05,0.00011640526917335546,0.00013140060941208448,3.9953775512018245e-05,9.756566196113256e-05,0.00014724495374623156,5.787932520064084e-05,0.0001085533970598382,5.808519554070224e-05,8.533548827576015e-05,7.399978504035562e-05,0.0139752018394557,7.684470053589744e-05,0.00013597014691791825
581,uj1071,uj1071,0460_101419.xml,letters-leipzig,Brief,"Johnson, Uwe","Bierwisch, Manfred",1964-06-04,1964,6.0,JohnsonUwe,BierwischManfred,664,8.357424753895668e-05,9.199230579301688e-05,7.571615424868218e-05,9.62352288240055e-05,6.776536351249699e-05,0.00011306895840244136,0.0001143431724985224,8.150523573232915e-05,7.228572627180847e-05,0.0042210887714952,6.12246777175933e-05,9.933110469695595e-05,7.174920825084767e-05,7.251904326728295e-05,0.4362750872712757,7.842310018182707e-05,6.300015551548385e-05,7.168077038354875e-05,5.842215718393281e-05,9.015174062295404e-05,0.00017157938956801616,1.9966881835425447e-05,0.5140078601328102,5.100728074924317e-05,7.178967878872058e-05,8.090383359444387e-05,5.180658517829044e-05,8.242618108984056e-05,9.30443312715178e-05,2.8291134576322573e-05,6.908591834431533e-05,0.0001042636584086018,4.0984156251904427e-05,7.686629675368386e-05,4.112993234994048e-05,6.042577333447539e-05,5.239899985336552e-05,0.0427863119613748,5.4413474983968094e-05,9.628000546932191e-05
582,uj0928,uj0928,1012_101694.xml,letters-leipzig,Brief,"Johnson, Uwe","Klemm, Erika",1977-04-06,1977,4.0,JohnsonUwe,KlemmErika,501,0.0001230267940784308,0.00013541872999002546,0.00011145916345607832,0.0001416645920036888,9.975507609106316e-05,0.00016644495010925063,0.00016832067714032356,0.0001199810724958206,0.00010640934764870292,0.00016159451941246238,9.012675602696396e-05,0.0304068520597163,0.00010561955780281356,0.1998269116941559,0.6603820265767871,0.00011544396606818951,9.27403762253401e-05,0.00010551881275687787,8.600126131120827e-05,0.00013270929689510345,0.000252576156532521,2.939256448357743e-05,0.00013765393876755523,7.508607507728672e-05,0.00010567913309874205,0.0001190957689584905,7.626270381513493e-05,0.00012133676468800253,0.0001369673807493214,4.164641250456972e-05,0.00010169901973575664,0.01830986104964,6.0331375993914486e-05,0.00011315224893743711,6.054596800667869e-05,8.895071618305881e-05,7.713477721556285e-05,0.0145672596189444,8.010021722090947e-05,0.0727672428292752
583,uj1061,uj1061,0658_101107.xml,letters-leipzig,Brief,"Doherty, Monika","Johnson, Uwe",1969-03-09,1969,3.0,DohertyMonika,JohnsonUwe,359,0.00015977107106504454,0.00017586409281689704,0.0237238720590582,0.0001839753995539587,0.000129548814716602,0.0002161568799018653,0.00021859282825787237,0.00015581568717436676,0.00013819051022598825,0.00020985777641503795,0.0001170448149113442,0.00018989386629067876,0.2909463547926615,0.00013863654841792363,0.1974021402949698,0.00014992348817081814,0.00012043904217362316,0.00013703400025957417,0.00011168716323597612,0.00017234543632586635,0.4090328203072755,3.817120932124554e-05,0.00017876688893635255,9.751195036034594e-05,0.00013724220330123697,0.0001546659710053286,9.904000150644078e-05,0.00015757628245933648,0.00017787527739154078,5.408490062441069e-05,0.00013207335386703097,0.0001993235580055598,7.835048156445126e-05,0.00014694730641056682,7.862916553714329e-05,0.00011551752854349732,0.00010017253610817051,0.0739360018501313,0.00010402366081139016,0.0001840610002358861
584,uj0643,uj0643,0057_060052.xml,letters-leipzig,Brief,"Bierwisch, Manfred","Johnson, Uwe",1957-09-05,1957,9.0,BierwischManfred,JohnsonUwe,472,0.00013266139592282375,0.0001460237819667151,0.00012018786901857416,0.00015275877640171345,0.00010756719902976064,0.000179479759601971,0.00018150238051293832,0.00012937715463402162,0.00011474258680035683,0.00017424947694783118,9.71848559827587e-05,0.00015767300808196825,0.00011389094611325124,0.00011511294201411734,0.2944290192169993,0.00012448473362404035,0.0457826079204089,0.00011378231141683206,9.27362812477666e-05,0.00014310216493829196,0.0002723561623581345,3.1694385465796806e-05,0.0001484340367313561,8.096629363330846e-05,0.00011395518693151844,0.3264327422609539,8.223506774073048e-05,0.00013083901519865497,0.0066737801070831,4.4907869537035984e-05,0.00010966337880451712,0.0001655026862438473,6.505610925856551e-05,0.00012201354516543478,6.528750662350895e-05,9.591671688735277e-05,8.317543585740414e-05,0.322434126512877,8.637310847483309e-05,0.00015282985251005232
585,uj0102,uj0102,0917_101588.xml,letters-leipzig,Brief + Umschlag + Postkarte,"Bierwisch, Manfred","Johnson, Uwe",1974-02-05,1974,2.0,BierwischManfred,JohnsonUwe,176,0.00034908891685562945,0.0003842510741525607,0.0003162657284210135,0.0004019737273478432,0.017455982064423,0.0004722880717568375,0.0004776104531331792,0.0346863001139931,0.0003019368601145428,0.0004585249593315421,0.0002557349549489758,0.0004149051743788677,0.0002996958289317801,0.0003029114232082306,0.4656560955349489,0.00032757261842140294,0.00026315111051864354,0.00029940996454567054,0.00024402885066002997,0.2751433905831864,0.0007166856420828576,8.340149457718977e-05,0.0003905934861201247,0.0002130569752387457,0.0002998648740221835,0.0003379346206591652,0.0002163956629995174,0.00034429345312126053,0.0175615720964494,0.00011817182704829872,0.00028857128978100247,0.0176084351299013,0.00017119046997761097,0.0003210698638230523,0.00017179937549175424,0.0002523979381766279,0.000218870174028228,0.1615451322347995,0.00022728461941162024,0.0004021607590121924
586,uj0763,uj0763,0803_101253.xml,letters-leipzig,Brief,"Johnson, Uwe","Baumgärtner, Klaus",1971-10-13,1971,10.0,JohnsonUwe,BaumgärtnerKlaus,111,0.000396786858351574,0.0589948282771798,0.0003594788568906191,0.0004568976117915123,0.00032173075420921374,0.2152497605541592,0.0005428690000288956,0.0003869637762560831,0.00034319215638385604,0.000521175750086011,0.00029067743043486736,0.00047159595365695175,0.00034064492076696574,0.0003442998794009397,0.5683199692821443,0.00037233066955024807,0.00029910689618829306,0.0003403199971552376,0.00027737185663955936,0.0004280149327103886,0.0008146103488737897,9.479710015770816e-05,0.0004439624255223448,0.00024216812328600208,0.00034083706341917337,0.000384108489227789,0.0002459629943450604,0.0003913361639937063,0.000441748133902607,0.0001343182946697549,0.0003280003745579217,0.0004950143217371675,0.0001945811668098231,0.097961730844951,0.0001952732704382227,0.000286884458680585,0.0002487756114452603,0.0469824254325267,0.000258339768848252,0.0004571101986223342
587,uj0646,uj0646,0075_060065.xml,letters-leipzig,Brief,"Bierwisch, Manfred","Johnson, Uwe",1957-12-06,1957,12.0,BierwischManfred,JohnsonUwe,346,0.00016767849494986692,0.0001845679959625223,0.0001519124749749376,0.00019308074922054795,0.00013596047225204811,0.0002268549622493814,0.0662190288414088,0.00016352735035706523,0.0001450298643965058,0.0002202441021909002,0.00012283762182472958,0.2641577616152877,0.00014395342593708383,0.00014549797800565497,0.2814103286162011,0.00015734353338523108,0.00012639983690573785,0.00014381611619246527,0.0166146191506934,0.00018087519337486605,0.00034424687812799185,4.006038694449932e-05,0.000187614457885898,0.0001023380325803312,0.00014403462366341906,0.0331571294173547,0.00010394171035926586,0.0001653750813989343,0.0001866787185125724,5.6761682047698526e-05,0.000138609956431907,0.033203997207164,8.22282202888656e-05,0.0001542200538032921,8.252069694810151e-05,0.00012123474667461088,0.00010513029660476572,0.3003102168289765,0.00010917202199219353,0.00019317058646966065
588,uj0965,uj0965,0208_060180.xml,letters-leipzig,Brief,"Johnson, Uwe","Baumgärtner, Sabine + Baumgärtner, Klaus",1960-08-04,1960,8.0,JohnsonUwe,BaumgärtnerSabine+BaumgärtnerKlaus,430,0.00010412200854220982,0.00011460975039150983,9.433190595930526e-05,0.0001198958484550384,8.442631511848425e-05,0.1691712348376072,0.00014245585373753934,0.00010154430462805628,9.005806489426924e-05,0.0001367632641058032,7.627752093530694e-05,0.00012375288364926748,8.938963729119103e-05,9.03487457548359e-05,0.4564624566179355,0.0052198367055369,7.848952187916575e-05,0.3381500373316078,7.27859661138352e-05,0.00011231665954112025,0.0258244258894755,2.4875986350464912e-05,0.00011650148811556372,6.354805072473994e-05,8.944005801066142e-05,0.00010079504034650824,6.454387402007133e-05,0.00010269167577653131,0.00011592042932772204,3.524685944257608e-05,8.607154466619814e-05,0.00012989816661408864,5.106061727168889e-05,9.576482520485065e-05,5.124223422394305e-05,7.528219604213768e-05,6.528194116007095e-05,0.0020845320456677,6.779169988280308e-05,0.00011995163399165308
589,uj1094,uj1094,0512_101463.xml,letters-leipzig,Brief,"Baumgärtner, Klaus + Baumgärtner, Sabine","Johnson, Uwe",1964-10-06,1964,10.0,BaumgärtnerKlaus+BaumgärtnerSabine,JohnsonUwe,630,8.67854689827582e-05,9.552697913709435e-05,7.862543964849646e-05,9.993293044321232e-05,7.036915110097512e-05,0.00011741347210782618,0.00011873664606594396,8.463695834393568e-05,7.506320236187553e-05,0.00011399188491665888,6.357714876897703e-05,0.0001031477609377516,7.450606940001333e-05,7.530548423063494e-05,0.1840733048843776,8.143639612416732e-05,6.542084677279788e-05,7.443500190512564e-05,6.0666945374873306e-05,9.361569287151624e-05,0.0001781720832663753,2.0734080835163756e-05,9.7103738439695e-05,5.296716287268823e-05,7.454809496067e-05,8.40124481853575e-05,5.379717943613415e-05,8.559328971529343e-05,9.661942719641974e-05,2.9378181133081745e-05,0.5721560927714296,0.00010826984100132968,4.25589140904465e-05,7.98197747413377e-05,0.0043119965028084,6.274754762265558e-05,5.441235680144269e-05,0.236548194578754,5.650423527012953e-05,9.997942756735872e-05
590,uj0881,uj0881,0369_101329.xml,letters-leipzig,Brief,"Bierwisch, Manfred","Johnson, Uwe",1963-06-11,1963,6.0,BierwischManfred,JohnsonUwe,526,0.00011534770664553924,0.000126966162600668,0.00010450210448540784,0.0001328221703483889,9.352856294068655e-05,0.011504784538616,0.0001578144357462737,0.00011249209293743152,0.0057741318635,0.00015150811138614815,8.45012234366184e-05,0.00013709504378153152,9.902699538527962e-05,0.00010008950813599088,0.3808389921076976,0.0057826025590335,8.695170666820578e-05,9.893253864444012e-05,8.063323388356754e-05,0.0001244258469226902,0.00023681085594084295,2.7557939154704736e-05,0.00012906185409855154,7.039935183272618e-05,9.908285210990256e-05,0.00011166204828349128,7.150253774845038e-05,0.00011376316552334122,0.00012841814966428098,3.904692639030928e-05,9.535116949516292e-05,0.00014390286766626444,5.656561167668313e-05,0.0681984620154779,5.676680928345017e-05,8.339858965725034e-05,0.238395623943935,0.2860274903077676,7.510052121126753e-05,0.00013288397028677452
591,uj0056,uj0056,0001_s000151.xml,letters-leipzig,Brief + Postkarte,"Johnson, Uwe + Ebel, Gertrud","Bierwisch, Manfred",1955-05-27,1955,5.0,JohnsonUwe+EbelGertrud,BierwischManfred,457,0.00014093944274068686,0.00015513563922732405,0.2150603902925971,0.0556287948244835,0.00011427937255575592,0.0001906792637418812,0.00019282809582739035,0.00013745026539674417,0.0001219025032095634,0.00018512261240768608,0.00010324917320342612,0.0001675117749194223,0.00012099772029950126,0.117988616816374,0.2712014581656126,0.00013225255821144717,0.00010624333538617878,0.00012088230681791442,9.852300821941802e-05,0.00015203171383121854,0.00028935113702616654,3.367210931623705e-05,0.0001576962934480079,8.601857553267348e-05,0.00012106596973306707,0.0001364360620425698,8.736652091211077e-05,0.0001390033457929724,0.00015690977287560856,4.7710112374389656e-05,0.00011650635356468744,0.00017583002356514083,6.911559856579184e-05,0.00012962716804545117,6.93614350839434e-05,0.00010190190246063844,8.836556782710174e-05,0.3356206439848136,9.17627746304266e-05,0.0001623664073265064
592,uj0394,uj0394,0124_060105.xml,letters-leipzig,Brief,"Bierwisch, Manfred","Johnson, Uwe",1958-08-05,1958,8.0,BierwischManfred,JohnsonUwe,763,7.101903783588668e-05,7.817246625737651e-05,6.434145184338585e-05,8.177798255152055e-05,5.7585094176448464e-05,0.1049064626588099,9.716560224084137e-05,6.926084997174487e-05,6.142637092483717e-05,9.328282813668497e-05,5.202700390797928e-05,8.440877053024318e-05,6.097045304639634e-05,6.162463712545876e-05,0.2344807675543282,6.664173813140904e-05,5.3535754852418096e-05,6.091229647747426e-05,4.964550102070399e-05,7.6608405900253e-05,0.00014580332480898812,1.6967292895742418e-05,7.94627736081581e-05,4.334454820843747e-05,6.100484376776173e-05,0.3284746066517187,4.402377456297257e-05,7.004344335566256e-05,7.906644783019469e-05,2.4041008038504404e-05,5.870726441820332e-05,8.860031552155921e-05,3.48271797741181e-05,6.531881049733368e-05,3.495105618972285e-05,5.134811750118919e-05,4.452719184117277e-05,0.3298276644289344,4.623903597656902e-05,8.181603248151134e-05
593,uj0950,uj0950,0206_060178.xml,letters-leipzig,Brief,"Baumgärtner, Klaus","Johnson, Uwe",1960-08-01,1960,8.0,BaumgärtnerKlaus,JohnsonUwe,391,0.00013806764416782934,0.00015197457729413568,0.00012508579317678693,0.00015898403779811398,0.013696028791616,0.4280852506118709,0.00018889900798912777,0.00013464956270962258,0.0001194186035435977,0.00018135053240099695,0.0001011453559717952,0.00016409853539756946,0.00011853225659595557,0.0001198040515596802,0.2249231915611924,0.0001295577646139786,0.00010407850875564486,0.006910458189255,0.0068885544863405,0.00014893389784500892,0.0953720012068784,3.2986002477732035e-05,0.00015448305532486488,8.426585097487547e-05,0.000118599115371079,0.00013365602488163783,8.558633046157414e-05,0.00013617099735801268,0.00015371256098765858,4.673796554335858e-05,0.0001141324064751456,0.00017224729043578596,6.77072910440385e-05,0.00012698586970513197,6.79481183685374e-05,9.982553737527084e-05,8.656502067975336e-05,0.2201093745695457,8.989300559983692e-05,0.00015905801041664932
594,uj1083,uj1083,0426_101388.xml,letters-leipzig,Brief,"Bierwisch, Manfred","Johnson, Uwe",1964-02-17,1964,2.0,BierwischManfred,JohnsonUwe,894,7.151876509829971e-05,7.872252880045329e-05,6.479419210246507e-05,8.235341540152012e-05,0.0035762529846855,9.675890018781464e-05,9.784931046736978e-05,6.974820570062367e-05,6.185859914303932e-05,9.393921512467278e-05,5.239309324158257e-05,0.0387858923218416,6.139947318687425e-05,0.0070985836435133,0.3557516289391621,6.711066441334224e-05,5.391246055033866e-05,6.134090739777876e-05,4.9994832848791136e-05,7.714746289292624e-05,0.00014682927360494178,1.70866836828852e-05,8.002191543166061e-05,4.36495432221236e-05,6.143410589942348e-05,6.92335550816159e-05,0.0704095873796156,7.053630582275192e-05,0.0071161481839618,2.42101732018018e-05,5.912035957445228e-05,8.922375389067418e-05,3.507224210861924e-05,6.577842796538975e-05,3.5196990183766754e-05,0.0704169632604789,0.1689214497021061,0.275856302097209,4.656439812690658e-05,8.239173307080914e-05
595,uj0173,uj0173,0180_000006.xml,letters-leipzig,Brief,"Johnson, Uwe","Klemm, Eberhardt",1959-06-13,1959,6.0,JohnsonUwe,KlemmEberhardt,182,0.0178281776256628,0.0178639541709503,0.0003217918360407165,0.00040899740989703263,0.0002880011664754159,0.210156409339771,0.0004859557353662121,0.0003463952932302303,0.00030721259957476984,0.00046653676093975487,0.00026020340902467847,0.0178951438899352,0.0003049324108786184,0.00030820419119875336,0.4912654884901603,0.00033329629120663385,0.00026774914699964527,0.0003046415515872114,0.0002482927641032994,0.0003831427312333648,0.0007292082824821792,8.485876798135736e-05,0.00039741832183859193,0.0176897687994153,0.0003051044096920408,0.000343839348596364,0.00022017674205649455,0.0003503092888686436,0.00039543617197863005,0.00012023664209211062,0.0002936134927767172,0.0004431180427023605,0.0351201598431392,0.0003266799140481835,0.0001748012241040117,0.000256808084594701,0.00022269449018939307,0.1818407976485587,0.0002312559610851002,0.000409187709563611
596,uj0516,uj0516,0334_s000029.xml,letters-leipzig,Brief,"Johnson, Uwe","Baumgärtner, Klaus",1962-11-01,1962,11.0,JohnsonUwe,BaumgärtnerKlaus,358,0.00017952530086204647,0.00019760807737798157,0.00016264538146485447,0.1415105420110548,0.0001455663392833562,0.00024288269859557628,0.0002456198296580484,0.00017508086997562066,0.0001552765013041714,0.00023580476864808623,0.00013151633441042148,0.0002133725038609312,0.00015412401041173474,0.00015577768803384266,0.7252039650042473,0.00016846015452444564,0.00013533022679026736,0.00015397699947141522,0.0001254962581693169,0.0001936543712347379,0.0003685685775342,0.026537356930694,0.0002008697776545872,0.00010956841003437488,0.00015421094491251255,0.00017378900193107017,0.00011128539071120584,0.00017705914674452216,0.0001998679265073964,6.077200329174941e-05,0.00014840301458069,0.00022396809060179485,8.803780109740868e-05,0.00016511599514460563,8.835094179121173e-05,0.00012980021306966517,0.00011255795284499437,0.1007404888602904,0.00011688523385021026,0.0002068184573342708
597,uj0554,uj0554,0760_101210.xml,letters-leipzig,Brief,"Johnson, Uwe","Zeibig, Brigitte",1970-08-06,1970,8.0,JohnsonUwe,ZeibigBrigitte,413,0.00013531054076021395,0.00014893976325458245,0.00012258792723078167,0.00015580925028716892,0.0067661224936983,0.00018306383072724545,0.00018512684180376933,0.00013196071572872274,0.00011703390696427095,0.00017772910339879084,9.912556192594817e-05,0.00016082161534974586,0.00011616525967540407,0.000117411657883434,0.7263186023319871,0.00012697059687853126,0.00010200014193133006,0.00011605445562863864,9.458815261544922e-05,0.00014595980380775007,0.0002777949029685695,3.23272976784786e-05,0.0001513981489311751,8.258312750792018e-05,0.00011623078333281883,0.00013098701807797604,8.387723804688742e-05,0.2397641131794322,0.00015064304076627198,0.0067022119061581,0.000111853271137474,0.00016880764609133875,6.635522913276978e-05,0.00012445006070952515,6.659124732301407e-05,9.783209907969278e-05,0.0133976509074119,0.0027089292867122,8.809791223416154e-05,0.00015588174573007876
598,uj0460,uj0460,0142_060120.xml,letters-leipzig,Brief,"Baumgärtner, Klaus","Johnson, Uwe",1958-10-24,1958,10.0,BaumgärtnerKlaus,JohnsonUwe,463,0.00011278771233805356,0.0167694357338411,0.0001021828143982194,0.00012987435274639138,9.145281652423424e-05,0.00015259232993648442,0.00015431194688976768,0.00010999547531119708,9.755327676856032e-05,0.00014814558330504527,8.262582723443753e-05,0.00013405239523764915,9.682921831761106e-05,9.786814996148844e-05,0.2170307435195604,0.00010583597608633268,8.502192513574062e-05,9.673685792290523e-05,7.88436827451958e-05,0.00012166437494297412,0.00023155514292504532,2.694632606404422e-05,0.0001261974918895902,6.883692857193021e-05,0.1665497580580368,0.00010918385243304104,6.99156306921245e-05,0.00011123833807240406,0.2220627337038663,3.818032997334558e-05,9.323497266543464e-05,0.00014070912820867334,5.531021052391687e-05,0.0389427389756952,5.550694280802616e-05,8.154766499664158e-05,7.071512453053525e-05,0.3351637686661988,7.343376152976945e-05,0.00012993478111446085
599,uj1060,uj1060,0716_101158.xml,letters-leipzig,Brief,"Johnson, Uwe","Baumgärtner, Sabine",1969-11-07,1969,11.0,JohnsonUwe,BaumgärtnerSabine,243,0.00021123986282948736,0.0002325171046024321,0.0001913779723833287,0.00024324139474509024,0.3534870742101661,0.00028578984515620435,0.0002890105120338343,0.0002060102881327979,0.0001827073213560077,0.000277461542994642,0.0001547497333651188,0.00025106644150287694,0.00018135123384710756,0.00018329704667895293,0.5831343069902173,0.00019821997101858804,0.00015923737994917415,0.0001811782522633508,0.00014766616312021394,0.0002278649450496754,0.00043367912705190927,5.0467715884391294e-05,0.00023635500998798285,0.00012892453484253993,0.0001814535260139012,0.00020449020139731125,0.00013094483371357964,0.0002083380431138222,0.00023517617392481,7.150785754196876e-05,0.00017461957892830248,0.00026353382230653253,0.00010359037382656698,0.0001942850394781018,0.00010395883329655622,0.00015273044563865687,0.0001324422039967246,0.0561872459633782,0.00013753393336064792,0.00024335457090512928
600,uj0393,uj0393,0093_060081.xml,letters-leipzig,Brief,"Bierwisch, Manfred","Johnson, Uwe",1958-03-16,1958,3.0,BierwischManfred,JohnsonUwe,535,0.0001134169985176861,0.00012484098292242157,0.0001027529317590896,0.00013059897188776615,9.19630670855248e-05,0.00015344370144102518,0.0001551729128010087,0.0001106091825227414,9.80975641521392e-05,0.00014897214469382532,8.308682861554095e-05,0.00013480032529067525,0.0056767554343499,9.841419414414176e-05,0.3075118172998806,0.000106426475846266,8.54962952718536e-05,9.727659019063224e-05,7.92835820824053e-05,0.0001223431874493912,0.00023284707844040383,2.7096670017587235e-05,0.0001269015964050926,6.922099636531566e-05,9.742438768557446e-05,0.2567615475800012,7.03057169809835e-05,0.00011185897969499897,0.00012626866639728728,3.839335277066967e-05,9.3755166563693e-05,0.0001414941987442337,5.561880753642605e-05,0.00010431376795715528,5.581663746588084e-05,8.200265089448373e-05,7.110967150409812e-05,0.4263039521894328,7.384347682845917e-05,0.00013065973740902453
601,uj0237,uj0237,0643_101093.xml,letters-leipzig,Brief,"Bierwisch, Manfred","Johnson, Uwe",1968-12-18,1968,12.0,BierwischManfred,JohnsonUwe,755,7.635417810964356e-05,8.404499122726402e-05,6.917495397833282e-05,8.79213635590951e-05,6.191104063349282e-05,0.00010330080907408264,0.00010446494243940718,7.446391046564765e-05,6.604088437613358e-05,0.00010029048394852542,5.593541174242205e-05,9.0749783374642e-05,6.555071672595667e-05,6.625404486459818e-05,0.2295587873870622,7.164804393126572e-05,0.0526434317348898,6.548819127986454e-05,5.337500398184602e-05,0.3118414749455945,0.00015675646095304074,1.8241921367531743e-05,8.543222992099886e-05,4.660070672369377e-05,6.558769097039124e-05,0.0075861822113634,4.733095838059148e-05,7.530529435993756e-05,8.500613108944344e-05,2.584703293149621e-05,6.311751130838833e-05,9.52562084484524e-05,3.744349076756806e-05,7.022573443121617e-05,3.757667311118875e-05,5.520552557105416e-05,4.787219371261603e-05,0.3959226742952654,4.971263616287894e-05,8.796227190170446e-05
602,uj0725,uj0725,1116_101838.xml,letters-leipzig,Brief,"Klemm, Erika","Johnson, Uwe",1982-05-25,1982,5.0,KlemmErika,JohnsonUwe,145,0.0816622077930025,0.000454496369840065,0.0003740825599230575,0.00047545891772351545,0.00033480095375172376,0.0005586274927289395,0.0208772482653589,0.000402684044540107,0.0003571342178954653,0.0005423483329405301,0.00030248609954275515,0.1629893575887687,0.0003544835017211245,0.00035828694177330504,0.4492214917665097,0.00038745647298417645,0.00031125800939887417,0.000354145378201132,0.000288639991458272,0.0004454028898904503,0.0008477036098377402,9.86481992488036e-05,0.0004619982440290842,0.0002520061187302454,0.00035468345010148246,0.0003997127624733446,0.00025595515510092243,0.0004072340590027488,0.0004596939975855174,0.00013977492848724117,0.00034132527523776874,0.0005151241057004929,0.00020248595876441825,0.0003797649437791398,0.0002032061788610414,0.0002985390396354474,0.0002588820337886621,0.2723266494791161,0.0002688347317463804,0.0004756801408201049
603,uj1155,uj1155,0474_101433.xml,letters-leipzig,Brief,"Baumgärtner, Klaus","Johnson, Uwe",1964-07-10,1964,7.0,BaumgärtnerKlaus,JohnsonUwe,975,6.308471793647386e-05,6.943895798251978e-05,5.715315871418602e-05,7.264166229058212e-05,5.115162826989009e-05,8.534834064601084e-05,8.631016129302873e-05,6.15229566275552e-05,5.456375363193754e-05,8.286117470245035e-05,4.62144935587428e-05,7.497853593243425e-05,5.415877136746223e-05,5.473986932885043e-05,0.329315448642118,5.9196454653908726e-05,4.75546852969955e-05,5.410711211019265e-05,4.409905462170973e-05,6.804963605601378e-05,0.00012951402750668173,1.5071689494680458e-05,0.0714479084187247,3.8502050733662014e-05,5.418931992209038e-05,6.106899759888193e-05,3.910539322176898e-05,0.0031655800008244,0.0031735949459654,2.1355121911426217e-05,0.2328042896497645,0.0031820636801595,3.0936251454858614e-05,0.0093681069747054,3.104628826999353e-05,4.561145303906939e-05,3.955256820424332e-05,0.345736130776763,4.10731633534233e-05,7.267546124328717e-05
604,uj0773,uj0773,0783_101232.xml,letters-leipzig,Brief,"Bierwisch, Manfred","Johnson, Uwe",1971-02-11,1971,2.0,BierwischManfred,JohnsonUwe,1092,5.4318999313085925e-05,5.979030792770037e-05,4.921163937140509e-05,6.254799154427516e-05,4.40440308166763e-05,7.348905739092251e-05,7.431723157911953e-05,5.29742471410657e-05,4.698203610955656e-05,7.134748698212972e-05,3.979291857022892e-05,6.456015299793117e-05,4.663332675386128e-05,4.713368025940072e-05,0.2995894301935522,5.097101619635967e-05,4.094688860434811e-05,4.6588845629875485e-05,3.7971423128444005e-05,5.859403442058048e-05,0.00011151785410619949,1.297745504914518e-05,6.077720110784647e-05,3.315213154254274e-05,4.665963053981992e-05,5.258336641791649e-05,3.367163866358654e-05,5.357281466294179e-05,6.04740708442304e-05,1.8387794863499787e-05,4.490232412011283e-05,6.776606139153961e-05,2.6637611714743705e-05,4.995917335201336e-05,2.6732358745106064e-05,3.92736714586402e-05,3.405667799419451e-05,0.3297613031254129,0.3687913724356433,6.257709408049664e-05
605,uj0067,uj0067,1099_101815.xml,letters-leipzig,Brief,"Johnson, Uwe","Klemm, Erika",1981-06-01,1981,6.0,JohnsonUwe,KlemmErika,756,7.578486193559454e-05,8.341833039431288e-05,6.865916792557211e-05,8.726579950801254e-05,6.144941616633872e-05,0.00010253057196520074,0.056025593785643,7.390868860797596e-05,6.554846674353404e-05,9.954269258951024e-05,5.551834308428885e-05,9.00731299059551e-05,0.0112494435059854,6.576003785317544e-05,0.526097313397947,7.111381789074086e-05,0.3877823554793894,6.499989466757825e-05,5.2977026375261605e-05,8.174931175036209e-05,0.00015558764490633932,1.8105904961653432e-05,0.007541049593535,4.625324000063093e-05,6.509865246310284e-05,7.336333906156022e-05,4.697804671542212e-05,7.474379892992886e-05,8.437230375319661e-05,2.5654310879299563e-05,6.264689108899461e-05,9.45459539281246e-05,3.716430257597728e-05,6.97021134921138e-05,3.72964918781666e-05,5.479389912987441e-05,4.751524645913812e-05,0.0089734741709831,4.934196610234211e-05,8.730640282761363e-05
606,uj0829,uj0829,0527_100903.xml,letters-leipzig,Brief,"Johnson, Uwe","Bierwisch, Manfred",1965-02-17,1965,2.0,JohnsonUwe,BierwischManfred,340,0.0417556190166514,0.00018610310504922585,0.00015317597799723305,0.0001946866615080508,0.00013709129753569592,0.000228741785108874,0.00023131955721420345,0.00016488745788897265,0.00014623612261867165,0.0002220759404833568,0.00012385930030408247,0.00020094970826871583,0.00014515073108777203,0.0001467081296734383,0.8992317844647478,0.0001586522081994863,0.00012745114342927643,0.00014501227929555438,0.0001181897199105663,0.00018237958828071636,0.0003471100858467933,4.039358156848954e-05,0.00018917490533831597,0.00010318920963792538,0.00014523260416070169,0.00016367080390602414,0.00010480622570076862,0.00016675055708119393,0.0001882313831313128,5.723378650672778e-05,0.00013976281829463974,0.0002109284076136893,0.0084002213153834,0.00015550274967215453,8.320704709816687e-05,0.00012224309354576718,0.00010600469778555648,0.0449714052470611,0.00011008003945264231,0.00019477724596134004
607,uj0679,uj0679,0228_060199.xml,letters-leipzig,Brief,"Johnson, Uwe","Baumgärtner, Klaus",1961-02-15,1961,2.0,JohnsonUwe,BaumgärtnerKlaus,348,0.00015729843163342448,0.00017314239553085884,0.0001425084001753112,0.1317283164610653,0.00012754389914926815,0.015688951404694,0.00021520985508872008,0.0001534042618167971,0.2632304284355997,0.0002066099881293559,0.00011523341299304174,0.00018695504226901364,0.0001350420525597614,0.0001364909898133731,0.5502983325494991,0.00014760325130875023,0.0001185751107197005,0.0001349132429143567,0.00010995867708399538,0.0001696781942595876,0.0003229364268830391,3.758046634949749e-05,0.000176000267571762,9.60028417845074e-05,0.00013511822377664017,0.00015227233881592,9.750724459744542e-05,0.00015513760988300737,0.00017512245473186403,5.3247875141338574e-05,0.00013002936817887732,0.0001962387987566548,7.713791855844993e-05,0.00014467312935348745,7.741228957902086e-05,0.0001137297631225366,9.862225193535172e-05,0.034101408452118,0.0001024137760942814,0.0001812124464647131
608,uj0281,uj0281,0853_101514.xml,letters-leipzig,Brief,"Baumgärtner, Klaus","Johnson, Uwe",1972-12-03,1972,12.0,BaumgärtnerKlaus,JohnsonUwe,393,0.0001429212786567029,0.0353113498761337,0.00012948306325038194,0.0001645729678742969,0.0001158863248792973,0.00019336052177706755,0.0001955395699080054,0.00013938303785087112,0.00012361664904705954,0.00018772573496161367,0.00010470102313112873,0.00016986726069001466,0.0001226991434297659,0.00012401564711533422,0.1554912766951706,0.00013411224251806594,0.00010773728806408932,0.0001225821070484531,9.990840064361284e-05,0.00015416952497184115,0.0565398723280768,3.4145593490101125e-05,0.00015991375771564294,8.722813546224441e-05,0.00012276835256046163,0.00013835457316151365,8.859503512810323e-05,0.00014095795706276269,0.00015911617739525002,4.838099351612012e-05,0.00011814462083358384,0.00017830247732995727,7.008747537281636e-05,0.0001314499351312881,0.182871307222501,0.1618118855935998,8.960813025429337e-05,0.4036172706360922,9.305310726534743e-05,0.00016464954092868905
609,uj0406,uj0406,0100_060083.xml,letters-leipzig,Brief,"Johnson, Uwe","Baumgärtner, Klaus",1958-03-20,1958,3.0,JohnsonUwe,BaumgärtnerKlaus,204,0.0002228170360126001,0.0002452603943961354,0.0002018665984411065,0.0002565724380176326,0.00018066902050338783,0.0003014527909990497,0.0003048499691549394,0.00021730085020413165,0.00019272074530368624,0.0002926680494365418,0.00016323091887248984,0.000264826342852997,0.00019129033631146524,0.0001933427910045316,0.5602876422678101,0.0002090835783988208,0.0001679645145922448,0.00019110787433075207,0.0001557591277757934,0.0002403532694400864,0.00045744726575702607,5.323364026591464e-05,0.00024930863932041606,0.00013599034925574634,0.0001913982346839929,0.00021569745387378748,0.00013812137225621115,0.0002197561796977607,0.0002480651961841508,7.542690406864149e-05,0.00018418974754769328,0.2852682233845391,0.0001092677288571448,0.00020493298972195083,0.00010965638204927477,0.00016110096243320712,0.00013970080714049255,0.1359947771165593,0.00014507159289016663,0.0112178551390394
610,uj1030,uj1030,0655_s000214.xml,letters-leipzig,Brief + Umschlag,"Johnson, Uwe","Bierwisch, Manfred",1969-02-15,1969,2.0,JohnsonUwe,BierwischManfred,410,0.000130952185372167,0.00014414241032089354,0.00011863936749438544,0.00015079063103044723,0.0001061813023247899,0.00017716734085643414,0.0001791639023024233,0.0001277102582759955,0.000113264242338469,0.00017200444520838745,9.59327254736962e-05,0.000155641547708038,0.00011242357419720196,0.00011362982589251308,0.5032217332321967,0.00012288087125981735,9.871471519613016e-05,0.00011231633915113316,0.4832418596410309,0.00014125843543105353,0.0002688471232514624,3.128603473453933e-05,0.00014652161134269672,7.99231232191653e-05,0.00011248698733622154,0.00012676792344723306,8.117555043022218e-05,0.0001291532842167107,0.0001457908252278022,4.432927616489273e-05,0.00010825047490154305,0.00016337034823004726,6.421792579489907e-05,0.00012044152161427964,6.444634183422924e-05,9.46809250931552e-05,8.210380283610189e-05,0.0090636788592572,8.526027661239672e-05,0.0001508607913936032
611,uj0260,uj0260,0831_101492.xml,letters-leipzig,Brief,"Klemm, Eberhardt","Johnson, Uwe",1972-07-15,1972,7.0,KlemmEberhardt,JohnsonUwe,143,0.0003551885436884861,0.0003909650889759654,0.0003217918360407165,0.00040899740989703263,0.0002880011664754159,0.00048054035607819146,0.0004859557353662121,0.0003463952932302303,0.00030721259957476984,0.00046653676093975487,0.00026020340902467847,0.0004221548079608444,0.0003049324108786184,0.00030820419119875336,0.5262114666541091,0.00033329629120663385,0.00026774914699964527,0.0003046415515872114,0.0002482927641032994,0.0003831427312333648,0.0007292082824821792,8.485876798135736e-05,0.00039741832183859193,0.0002167797174409308,0.0003051044096920408,0.000343839348596364,0.00022017674205649455,0.0003503092888686436,0.2974362505655435,0.00012023664209211062,0.0002936134927767172,0.0004431180427023605,0.00017418167919046784,0.0003266799140481835,0.0001748012241040117,0.000256808084594701,0.00022269449018939307,0.1643678085665843,0.0002312559610851002,0.000409187709563611
612,uj0425,uj0425,0143_060121.xml,letters-leipzig,Brief,"Bierwisch, Manfred","Johnson, Uwe",1958-10-24,1958,10.0,BierwischManfred,JohnsonUwe,214,0.00028537868309357447,0.0003141235949472993,0.0002585458681913562,0.00032861178745524286,0.0002313965218716365,0.0003860934605795876,0.000390444484386884,0.00027831368541704504,0.1546735604412518,0.0003748421755643604,0.0002090622220885796,0.000339183189599569,0.0002450000468635885,0.0002476287813082177,0.1420123593521125,0.00026778920197364733,0.00021512489726358133,0.0002447663539615448,0.00019949253234813737,0.0003078386677137566,0.0005858874196635227,6.818036191139677e-05,0.0003193084893611454,0.0001741731578452805,0.00024513824049550697,0.0002762600940874987,0.00017690252068215253,0.00028145841218476424,0.0003177159173968139,9.66049586608676e-05,0.00023590578411394997,0.00035602624501399754,0.00013994747046233212,0.00026247322815106547,0.00014044524809251246,0.0002063342252775332,0.0001789254227697774,0.6936141879752445,0.0001858041955595431,0.00032876468503374387
613,uj0812,uj0812,0538_100918.xml,letters-leipzig,Brief,"Bierwisch, Manfred","Johnson, Uwe",1965-03-23,1965,3.0,BierwischManfred,JohnsonUwe,681,0.00010254624227737224,0.005157490028881,9.290430158257792e-05,0.00011808136335304448,8.314862041118016e-05,0.000138736478566345,0.00014029994902833227,0.00010000754893289108,8.869514016275666e-05,0.00013469351016171148,0.0202535822072364,0.00012188002677720828,8.803682843894514e-05,8.898142190444033e-05,0.3083052114645225,9.622574498968284e-05,7.730167367635011e-05,8.795285465123366e-05,7.16844346358932e-05,0.00011061687670402298,0.0002105292260542807,2.4499517046381798e-05,0.00011473837273442451,6.258632441989598e-05,8.808648609909787e-05,9.926962390031492e-05,6.356707708053168e-05,0.00010113755594505792,0.00011416610759980356,3.4713438959926e-05,8.476895131109136e-05,0.0001279323079864984,5.028787384035284e-05,9.43155352513756e-05,5.046674222993047e-05,7.414288700913918e-05,6.429397442735615e-05,0.440934469583031,0.2220298153935395,0.00011813630464003415
614,uj0305,uj0305,0560_101011.xml,letters-leipzig,Brief,"Bierwisch, Manfred","Johnson, Uwe",1966-08-12,1966,8.0,BierwischManfred,JohnsonUwe,879,6.659825204312343e-05,7.330639458495452e-05,6.033633173950198e-05,7.668747507013193e-05,0.0262636416254453,9.010185806852952e-05,9.11172477851782e-05,0.0262745905899898,5.76027084793808e-05,8.74761682057467e-05,4.8788432297815744e-05,7.915450202822535e-05,5.717517053033771e-05,5.778863302585441e-05,0.2886851405944269,6.249343004228547e-05,5.020326666800575e-05,5.712063408556095e-05,4.655517295833141e-05,7.183969369673531e-05,0.00013672737438084092,0.0131207316557419,7.45163830159302e-05,4.064644121131936e-05,5.7207420501602176e-05,6.447026517906898e-05,4.128338715331018e-05,0.2392286582623725,7.414472768439801e-05,2.2544505832632185e-05,5.5052860636055146e-05,8.308513215625983e-05,3.265926105486966e-05,6.125285187206921e-05,3.277542642404445e-05,4.815180514253753e-05,4.175546776434176e-05,0.4043065346810311,4.3360753201341214e-05,7.67231564719781e-05
615,uj0722,uj0722,1115_101837.xml,letters-leipzig,Brief,"Klemm, Erika","Johnson, Uwe",1982-03-31,1982,3.0,KlemmErika,JohnsonUwe,76,0.0007200497801553067,0.0007925771575911034,0.0006523468870665647,0.0008291328656667897,0.0005838453415518126,0.0009741670554929868,0.0009851452887020416,0.0007022238165316863,0.0006227913842253917,0.000945778511492934,0.000527492822595659,0.0362776183319032,0.0006181689114611338,0.0006248015710502218,0.7125348942282886,0.0006756690931461913,0.0005427897882960775,0.0006175792720356645,0.0713469718964128,0.0007767194192914256,0.0014782747721424,0.00017202845732213647,0.000805659361357508,0.0004394629012088029,0.1068839546745467,0.0006970423223523057,0.0004463494601113448,0.0007101583959235263,0.0008016410826256574,0.00024374763556835692,0.0005952228321584806,0.000898303323404818,0.0003531067711411778,0.0006622561579515667,0.0003543627327613388,0.0005206097103646931,0.0004514535211003445,0.0498372742040059,0.0004688096136483818,0.0008295186473467402
616,uj1203,uj1203,0973_101657.xml,letters-leipzig,Brief,"Klemm, Erika","Johnson, Uwe",1975-12-09,1975,12.0,KlemmErika,JohnsonUwe,529,0.00015852511001554148,0.00017449263171198377,0.00014361973976051776,0.00018254068311635235,0.00012853853935154258,0.0002144711989388192,0.0080153027272997,0.0001546005718482526,0.0001371128433367024,0.00020822121847244264,0.00011613205092063116,0.000188412995195802,0.00013609516647088935,0.0001375554031379001,0.6091786891232798,0.0001487543226553011,0.00011949980859155189,0.0001359653523144683,0.00011081618043418428,0.00017100141516302256,0.0003254548190217396,3.787353440607058e-05,0.0001773727906238686,9.675151174526896e-05,0.0313298302378629,0.0547423618574233,9.82676465150324e-05,0.0001563474372812886,0.0001764881322355245,5.3663124147010574e-05,0.0001310433910990618,0.00019776915026536144,7.773947202694011e-05,0.00014580135039427136,7.801598270647725e-05,0.00011461667496505785,9.93913491424156e-05,0.2761181972456153,0.00010321244117861357,0.0157794547693289
617,uj0301,uj0301,0564_s000172.xml,letters-leipzig,Brief,"Johnson, Uwe","Bierwisch, Manfred",1966-09-16,1966,9.0,JohnsonUwe,BierwischManfred,320,7.077178391739049e-05,7.790030756317803e-05,6.41174460475488e-05,8.149327119455593e-05,5.738461074811759e-05,9.574829720234043e-05,9.68273186393005e-05,6.901971721247737e-05,6.121251402994001e-05,9.29580624754196e-05,5.184587106000138e-05,8.411490004276521e-05,6.075818343690029e-05,6.14100899636064e-05,0.0038843611769069,6.640972385199196e-05,5.334936926384536e-05,6.070022934100503e-05,4.947265941319812e-05,7.634169250725612e-05,0.9854143315421416,1.690822099357952e-05,0.0070422181780518,4.319364346913717e-05,6.079245442641804e-05,6.85104418866058e-05,4.3870505086232535e-05,6.97995859849858e-05,7.8791176724822e-05,2.3957308883696725e-05,5.850287413618998e-05,8.829185210301323e-05,3.470592838953556e-05,6.50914020116781e-05,3.482937352741393e-05,5.116934820711751e-05,4.437216970911007e-05,0.0014168575267645,4.607805403171204e-05,8.153118865310563e-05
618,uj0496,uj0496,0347_s000033.xml,letters-leipzig,Brief,"Johnson, Uwe","Baumgärtner, Klaus + Baumgärtner, Sabine",1962-12-18,1962,12.0,JohnsonUwe,BaumgärtnerKlaus+BaumgärtnerSabine,500,0.0001134169985176861,0.00012484098292242157,0.0001027529317590896,0.1842503359307477,9.19630670855248e-05,0.00015344370144102518,0.0113139448497016,0.0001106091825227414,9.80975641521392e-05,0.00014897214469382532,8.308682861554095e-05,0.00013480032529067525,9.736946589962836e-05,9.841419414414176e-05,0.792918396555057,0.000106426475846266,8.54962952718536e-05,9.727659019063224e-05,7.92835820824053e-05,0.0001223431874493912,0.00023284707844040383,2.7096670017587235e-05,0.0001269015964050926,6.922099636531566e-05,9.742438768557446e-05,0.00010979303128728728,7.03057169809835e-05,0.00011185897969499897,0.00012626866639728728,3.839335277066967e-05,9.3755166563693e-05,0.0001414941987442337,5.561880753642605e-05,0.0056836997364074,5.581663746588084e-05,8.200265089448373e-05,7.110967150409812e-05,0.0022706185872098,7.384347682845917e-05,0.00013065973740902453
619,uj0273,uj0273,0856_s000093.xml,letters-leipzig,Brief,"Johnson, Uwe","Baumgärtner, Klaus + Baumgärtner, Sabine",1972-12-13,1972,12.0,JohnsonUwe,BaumgärtnerKlaus+BaumgärtnerSabine,362,0.0069301066386299,0.0476962475385289,0.00012508579317678693,0.00015898403779811398,0.00011195080269177184,0.0205629109441439,0.00018889900798912777,0.00013464956270962258,0.0001194186035435977,0.00018135053240099695,0.0001011453559717952,0.00016409853539756946,0.00011853225659595557,0.0001198040515596802,0.6188614532399953,0.0001295577646139786,0.00010407850875564486,0.00011841919479297098,9.651549187838402e-05,0.00014893389784500892,0.0002834552844088455,3.2986002477732035e-05,0.00015448305532486488,8.426585097487547e-05,0.2718001588938557,0.00013365602488163783,8.558633046157414e-05,0.00013617099735801268,0.00015371256098765858,4.673796554335858e-05,0.0001141324064751456,0.00017224729043578596,6.77072910440385e-05,0.00012698586970513197,6.79481183685374e-05,9.982553737527084e-05,8.656502067975336e-05,0.0299322827246064,8.989300559983692e-05,0.00015905801041664932
620,uj0805,uj0805,0525_100901.xml,letters-leipzig,Brief,"Johnson, Uwe","Bierwisch, Manfred",1965-01-08,1965,1.0,JohnsonUwe,BierwischManfred,352,0.00015490115963195114,0.00017050365709739854,0.00014033653238128776,0.00017836772667724,0.0001256000945276059,0.00020956829753987223,0.00021192999683019887,0.00015106633805022634,0.00013397838633391913,0.00020346119424359413,0.00011347722361636564,0.00018410579524403225,0.00013298397398732245,0.00013441082903277793,0.7400352607830103,0.0001453537365614353,0.0001167679929369728,0.00013285712743686562,0.00010828287615479848,0.00016709225122039058,0.000318014785602936,3.700772955329145e-05,0.000173317974370741,9.453973168047144e-05,0.00013305898433359591,0.00014995166587181228,9.60212069746482e-05,0.0001527732694081148,0.0001724535396435284,5.243636266223287e-05,0.00012804768431548747,0.1449758995984997,7.596231514974558e-05,0.0001424682704825936,7.623250467938364e-05,0.00011199648978956892,9.711922128951642e-05,0.1097830890134134,0.00010085296156201616,0.00017845071820259844
621,uj0266,uj0266,0848_s000089.xml,letters-leipzig,Brief,"Johnson, Uwe","Baumgärtner, Klaus",1972-11-09,1972,11.0,JohnsonUwe,BaumgärtnerKlaus,289,0.00020906731040459584,0.00023012572073829592,0.00018940969484137704,0.0002407397140731329,0.00016952018959600604,0.0002828505636551334,0.0002860381067296087,0.00020389152065661945,0.000180828219425432,0.0002746079161271897,0.00015315816866719485,0.00024848428206104725,0.00017948607895837504,0.00018141187956180108,0.8342560415863939,0.00019618132512604653,0.0001575996608590931,0.00017931487644961964,0.00014614745128020386,0.00022552140755497893,0.0004292188389865738,4.9948667268023486e-05,0.000233924154167464,0.0206971293058303,0.00017958731907423455,0.00020238706765654145,0.00012959809682310414,0.0002061953352238372,0.00023275744215660448,7.077241600541084e-05,0.0001728236575309266,0.0002608234387784238,0.00010252497113770994,0.0001922868634331807,0.00010288964108850392,0.00015115964884120358,0.00013108006700422275,0.0041855464982052,0.00013611942912633711,0.1339428014685025
622,uj1055,uj1055,0667_101116.xml,letters-leipzig,Brief,"Bierwisch, Manfred","Johnson, Uwe",1969-05-30,1969,5.0,BierwischManfred,JohnsonUwe,830,6.748259939788345e-05,0.0432305011123245,6.113752807323158e-05,7.770579557616536e-05,5.471760756008201e-05,9.129830598416358e-05,0.0764456417760633,6.581196162359713e-05,5.836760547454169e-05,8.86377500128368e-05,4.943628595345709e-05,8.020558178390243e-05,5.7934390318624594e-05,5.855599888282195e-05,0.3024776716043764,6.332327013346368e-05,5.086990767908536e-05,5.787912969326957e-05,4.717337152650759e-05,7.279364130254243e-05,0.00013854295494260529,1.612239568770052e-05,0.0233134711861252,4.118617869185208e-05,5.7967068532011096e-05,6.532635534243946e-05,0.0133206689037819,6.655558526913835e-05,0.2324547824052761,2.28438706580716e-05,5.578389861651058e-05,8.418840610997708e-05,3.30929380694494e-05,6.206621852754083e-05,3.321064597966382e-05,4.879120512974965e-05,4.2309931828057015e-05,0.3067642661433167,4.393653358922855e-05,7.774195078554204e-05
623,uj1005,uj1005,0717_s000234.xml,letters-leipzig,Brief,"Johnson, Uwe","Bierwisch, Manfred",1969-11-09,1969,11.0,JohnsonUwe,BierwischManfred,536,0.0001208329061497766,0.00013300386159274444,0.00010947155648740208,0.0001391383436311881,9.797618346122969e-05,0.00016347680345822648,0.1071609347156075,0.0357830467091141,0.00010451179203855158,0.00015871286856452053,8.851956140259405e-05,0.00014361440760811122,0.000103736086201126,0.0001048491252655624,0.755601311963108,0.00011338529969806934,9.108657395061032e-05,0.000103637137701559,8.446763499465635e-05,0.00013034274474149092,0.0002480720663054009,2.886841856157932e-05,0.00013519921078040376,7.374709493921156e-05,0.00010379459911447708,0.00011697198143863322,0.0060191036098917,0.00011917301438185978,0.00013452489587847488,4.090374858042258e-05,9.988546153141944e-05,0.00015074596807403362,5.925551054115981e-05,0.00011113444984819432,5.946627581983804e-05,8.736449340987374e-05,7.575926338639835e-05,0.0915820987584817,7.867182187857856e-05,0.00013920308237955317
624,uj0652,uj0652,0058_s000002.xml,letters-leipzig,Brief,"Johnson, Uwe","Baumgärtner, Klaus",1957-09-07,1957,9.0,JohnsonUwe,BaumgärtnerKlaus,238,0.0002330343461226847,0.000256506848222607,0.0002111232229526365,0.0002683376073773864,0.000188953626756134,0.00031527595597918905,0.0003188289122718813,0.0002272652147493772,0.0002015579852861041,0.0003060883887154362,0.00017071589824175126,0.0002769699963126707,0.0002000619846653465,0.00020220855499005944,0.4828056172631525,0.0002186711386574813,0.0001756665537351663,0.0001998711558619091,0.00016290148699320788,0.0002513747062825692,0.2297542072680175,5.5674677184001903e-05,0.0002607407260524013,0.00014222620803562035,0.00020017483073465805,0.0002255882944289932,0.00014445494942978213,0.0002298331337617782,0.1378249104763503,7.888561657691366e-05,0.00019263579729088503,0.1149286155310383,0.0001142782176902112,0.0002143302240862817,0.0001146846926353827,0.00016848827231610172,0.0001461068095482385,0.0275929470935897,0.000151723873520266,0.0002684624603861798
625,uj1204,uj1204,0967_101650.xml,letters-leipzig,Brief,"Klemm, Erika","Johnson, Uwe",1975-11-19,1975,11.0,KlemmErika,JohnsonUwe,442,0.0001811249034058558,0.00019936880069515892,0.00016409458090738843,0.00020856420534164492,0.00014686336140498795,0.0002450468268864366,0.0002478083462762879,0.000176640871845221,0.00015666004270634308,0.0091480847093267,0.00013268816847539848,0.0002152736910379809,0.00015549728291389952,0.2229116376453428,0.5178213689832435,0.00016996116463507564,0.00013653604331857028,0.00015534896207980474,0.00012661445227812643,0.00019537986632294795,0.0003718525894888433,4.32728938668793e-05,0.00020265956330467555,0.00011054468416716028,0.00015558499201662995,0.00017533749302530677,0.00011227696344895188,0.00017863677541400362,0.0002016487854845542,6.131349271185389e-05,0.00014972531198663983,0.00022596368635202315,8.882223365321323e-05,0.00016658720819696466,8.913816448661206e-05,0.00013095675618651968,0.00011356086433898586,0.2442009666844495,0.00011792670219201362,0.0002086612467843932
626,uj0995,uj0995,0709_s000231.xml,letters-leipzig,Brief,"Johnson, Uwe","Bierwisch, Manfred",1969-10-17,1969,10.0,JohnsonUwe,BierwischManfred,123,0.0004046860707606863,0.0004454482794384519,0.0003666353435216552,0.0203739421762935,0.00032813575354966734,0.0005475063652778739,0.0005536764082161674,0.338829794826332,0.1197977164300104,0.0005315512901669278,0.00029646422179957906,0.000480984461695475,0.00034742646236439256,0.0003511541837272437,0.4601863620371258,0.0003797430094080325,0.000305061500924542,0.0003470950701900803,0.0002828937613241252,0.0004365358320209085,0.0008308275698854634,9.6684315961741e-05,0.00045280080670118497,0.0002469891938539624,0.00034762243018265763,0.00039175530131516193,0.0002508596130112749,0.0003991268642593246,0.0004505424330775404,0.00013699229638552247,0.0003345301891784596,0.0005048690414453738,0.00019845487869087997,0.00037220460277160574,0.00019916076068278823,0.00029259573975830457,0.0002537282235483348,0.0479177491464436,0.0002634827837059799,0.0004662103249931777
627,uj1192,uj1192,1085_101786.xml,letters-leipzig,Brief,"Johnson, Uwe","Klemm, Eberhardt + Klemm, Erika",1980-10-06,1980,10.0,JohnsonUwe,KlemmEberhardt+KlemmErika,373,0.00016362930669753842,0.0082296191355564,0.0001482440128430788,0.0082379263183834,0.00013267722744961458,0.00022137674962350315,0.0002238715225381954,0.00015957840612185957,0.00014152760715518988,0.00021492553208146147,0.00011987127449804718,0.0001944795229832877,0.00014047716309633515,0.00014198441651135487,0.5482979626548994,0.00015354391920600183,0.0001233474673407082,0.00014034316917945592,0.00011438424343964936,0.00017650732432660118,0.0566824911145725,3.909298770676225e-05,0.00018308384554311847,0.008149374904464,0.00014055640001738235,0.00015840092600368424,0.00010143167141456096,0.0001613815171852965,0.00018217070289502493,5.53909711750928e-05,0.000135262730495703,0.00020413692784007403,8.024253009225985e-05,0.0001504958670474385,0.1610706916313955,0.0001183071064178467,0.00010259155505592784,0.0032758735467836,0.00010653567873860034,0.2014262104112242
628,uj0450,uj0450,0107_060090.xml,letters-leipzig,Brief,"Baumgärtner, Klaus","Johnson, Uwe",1958-05-20,1958,5.0,BaumgärtnerKlaus,JohnsonUwe,355,0.00017489164021163893,0.00019250768892046456,0.00015844740212464243,0.00020138664134938645,0.00014180918073733334,0.1981180905191296,0.0002392802277513463,0.00017056192287485207,0.043168981059856,0.0002297184996240743,0.00012812181530521917,0.00020786522566520167,0.00015014597300475865,0.00015175696816991356,0.3193265845882965,0.00016411209224334507,0.00013183726872988426,0.00015000275650904426,0.00012225712100892634,0.0259992834358965,0.0003590555913060958,4.178369314640591e-05,0.0001956852026665224,0.1033492500025601,0.00015023066367152822,0.00016930339875505652,0.0001084130449558853,0.00017248913907916654,0.0001947092099260075,5.920343975810127e-05,0.00014457263966549734,0.0002181873336645544,8.576549021568543e-05,0.00016085424771524265,8.607054855171524e-05,0.00012644998813297174,0.00010965276146258828,0.2788147054760532,0.00011386835263009972,0.0260121077486745
629,uj1033,uj1033,0696_101141.xml,letters-leipzig,Brief,"Bierwisch, Manfred","Johnson, Uwe",1969-08-16,1969,8.0,BierwischManfred,JohnsonUwe,293,0.0002330343461226847,0.000256506848222607,0.0002111232229526365,0.0002683376073773864,0.0345803211796846,0.00031527595597918905,0.2525221909670812,0.0002272652147493772,0.0002015579852861041,0.0232336667573344,0.00017071589824175126,0.0002769699963126707,0.0002000619846653465,0.00020220855499005944,0.3452401470514384,0.0002186711386574813,0.0001756665537351663,0.0001998711558619091,0.00016290148699320788,0.0002513747062825692,0.00047842358182733545,5.5674677184001903e-05,0.0002607407260524013,0.00014222620803562035,0.00020017483073465805,0.0002255882944289932,0.00014445494942978213,0.0002298331337617782,0.0117232294489457,7.888561657691366e-05,0.00019263579729088503,0.00029072368794324886,0.0001142782176902112,0.0002143302240862817,0.0001146846926353827,0.00016848827231610172,0.0001461068095482385,0.3256514658856371,0.000151723873520266,0.0002684624603861798
630,uj0711,uj0711,0028_060029.xml,letters-leipzig,Brief,"Baumgärtner, Klaus","Johnson, Uwe",1956-10-31,1956,10.0,BaumgärtnerKlaus,JohnsonUwe,185,0.00028537868309357447,0.0003141235949472993,0.0002585458681913562,0.1547553401485223,0.0002313965218716365,0.0003860934605795876,0.000390444484386884,0.00027831368541704504,0.00024683208018469493,0.0003748421755643604,0.0002090622220885796,0.000339183189599569,0.0002450000468635885,0.0002476287813082177,0.170089946326852,0.00026778920197364733,0.00021512489726358133,0.0002447663539615448,0.00019949253234813737,0.0003078386677137566,0.0146246809070332,6.818036191139677e-05,0.0003193084893611454,0.0001741731578452805,0.00024513824049550697,0.0002762600940874987,0.00017690252068215253,0.196824567235361,0.0003177159173968139,9.66049586608676e-05,0.00023590578411394997,0.00035602624501399754,0.00013994747046233212,0.00026247322815106547,0.00014044524809251246,0.0002063342252775332,0.0001789254227697774,0.4409159052025893,0.0142245976829292,0.00032876468503374387
631,uj0882,uj0882,0409_101373.xml,letters-leipzig,Brief,"Bierwisch, Manfred","Johnson, Uwe",1963-11-28,1963,11.0,BierwischManfred,JohnsonUwe,1156,4.5759649999160365e-05,5.036881383517073e-05,4.145708540285816e-05,5.269195378065351e-05,3.7103765905308265e-05,6.190897453014543e-05,0.0023136867553827,0.5042865707021756,3.957881322941266e-05,6.010486337945807e-05,3.352252525351827e-05,5.438704767092183e-05,0.0022903651586774,3.970656196022583e-05,0.1916022808578817,4.2939227355851766e-05,3.449465775850887e-05,3.924757997841877e-05,3.1988053062476565e-05,4.93610438526356e-05,9.3945360501657e-05,1.0932524686360668e-05,5.1200196722947256e-05,2.792816427579906e-05,3.930721091317899e-05,4.429751051179229e-05,2.836580974665936e-05,4.513104584854753e-05,5.094483239476304e-05,1.5490326917848867e-05,3.782681312006829e-05,5.708778310191404e-05,2.2440173867241244e-05,4.208682626236757e-05,2.251999107673827e-05,3.308509882096522e-05,2.869017627084692e-05,0.2980586864257427,2.9793167678163124e-05,5.2716470467050966e-05
632,uj0562,uj0562,0743_101194.xml,letters-leipzig,Brief,"Zeibig, Brigitte","Johnson, Uwe",1970-05-08,1970,5.0,ZeibigBrigitte,JohnsonUwe,525,0.0001260789775237082,0.00013877834615292855,0.0001142243644521169,0.00014517916235183578,0.00010222990926954484,0.0001705742987204939,0.00017249656084203214,0.00012295769434443116,0.00010904926728368168,0.0497837939142847,9.23627192964505e-05,0.00014984955874900306,0.00010823988346632514,0.0001094012461419372,0.2984268054806788,0.00011830802641154743,9.504118104712005e-05,0.00010813663902695488,8.813487478958359e-05,0.00013600169447444224,0.00025884234244279424,3.0121767413744265e-05,0.00014106900843779074,7.694889266136233e-05,0.4528742881639245,0.0125265980224918,7.815471249357172e-05,0.00012434702003325798,0.00014036541753632877,4.2679622316739626e-05,0.00010422208039716452,0.0001572907424492236,6.182814284392311e-05,0.0125205070491168,6.20480586903591e-05,9.115750296811004e-05,7.904842124600399e-05,0.1699855050903018,8.208743113472505e-05,0.00014524671179229955
633,uj0062,uj0062,1092_101805.xml,letters-leipzig,Brief,"Johnson, Uwe","Menzhausen, Joachim + Menzhausen, Ingelore",1981-03-19,1981,3.0,JohnsonUwe,MenzhausenJoachim+MenzhausenIngelore,1073,0.005398608947886,5.979030792770037e-05,4.921163937140509e-05,6.254799154427516e-05,4.40440308166763e-05,7.348905739092251e-05,7.431723157911953e-05,5.29742471410657e-05,0.0160798518818284,7.134748698212972e-05,3.979291857022892e-05,0.0321302998444358,4.663332675386128e-05,0.2485566162889029,0.5454267678279093,5.097101619635967e-05,4.094688860434811e-05,4.6588845629875485e-05,3.7971423128444005e-05,5.859403442058048e-05,0.00011151785410619949,1.297745504914518e-05,6.077720110784647e-05,3.315213154254274e-05,4.665963053981992e-05,5.258336641791649e-05,3.367163866358654e-05,5.357281466294179e-05,6.04740708442304e-05,1.8387794863499787e-05,4.490232412011283e-05,6.776606139153961e-05,2.6637611714743705e-05,4.995917335201336e-05,2.6732358745106064e-05,3.92736714586402e-05,0.032099796369432,0.0224646310824665,3.53659841077126e-05,0.0962597961683941
634,uj0409,uj0409,0082_060070.xml,letters-leipzig,Brief,"Bierwisch, Manfred","Johnson, Uwe",1958-01-16,1958,1.0,BierwischManfred,JohnsonUwe,533,0.000104658081081611,0.00011519981910793884,9.481757411997714e-05,0.0001205131326665593,8.486098430871124e-05,0.00014159361962283882,0.0001431892882182494,0.000102067105849487,9.05217291686849e-05,0.0001374673902681051,7.667023602906581e-05,0.00012439002582050388,8.984986016366291e-05,9.081390660071866e-05,0.309505949837042,9.82074193808939e-05,7.889362546782339e-05,8.976415701854654e-05,7.3160704924906e-05,0.000112894922270972,0.0002148648679962369,2.5004060456599704e-05,0.00011710129645054036,6.387522809485565e-05,8.990054047439075e-05,0.2369324811666328,6.487617839004229e-05,0.00010322038424249,0.00011651724607941766,3.542832802651757e-05,8.651468432673096e-05,0.0001305669477970039,5.132350304528717e-05,9.625787075546605e-05,5.150605505308008e-05,7.566978670206666e-05,6.561804547139463e-05,0.4500150804597626,6.814072569603223e-05,0.00012056920541521198
635,uj0566,uj0566,0744_101195.xml,letters-leipzig,Brief,"Zeibig, Brigitte","Johnson, Uwe",1970-05-10,1970,5.0,ZeibigBrigitte,JohnsonUwe,2125,3.116665397153495e-05,3.4305930919188264e-05,2.8236200133588452e-05,3.588820916671945e-05,2.5271177402641797e-05,4.216587292405028e-05,4.264105506433457e-05,3.0395074484562933e-05,2.6956918956935816e-05,4.093710242513491e-05,2.2832013462682e-05,3.7042728590015416e-05,2.6756839721989865e-05,2.704392793730673e-05,0.4018754588031841,2.92456791262489e-05,2.3494127735804277e-05,2.6731317753303743e-05,2.178689262351436e-05,3.361954414985876e-05,6.398568483456443e-05,7.446084354694989e-06,3.487218137743394e-05,1.9021723987399043e-05,0.5090487320394851,3.0170798551710835e-05,1.9319801987400412e-05,3.0738515031495414e-05,3.4698254093170684e-05,1.0550379186978214e-05,2.57636410108189e-05,3.8882185112255925e-05,1.528388294041196e-05,2.8665113280005155e-05,1.5338246016821262e-05,2.2534084648505448e-05,1.954072629996593e-05,0.0880162837128416,2.029196787471642e-05,3.5904907351288004e-05
636,uj0661,uj0661,0237_060206.xml,letters-leipzig,Brief,"Bierwisch, Manfred","Johnson, Uwe",1961-05-26,1961,5.0,BierwischManfred,JohnsonUwe,1388,4.388276138664158e-05,4.830287467009746e-05,3.97566717960611e-05,5.053072815886467e-05,3.558190907925051e-05,5.936970140829074e-05,6.003875957848553e-05,4.279637468152576e-05,3.795543927771819e-05,5.7639588106680144e-05,3.214755743990176e-05,5.2156295677758793e-05,3.767372699209478e-05,3.807794823641485e-05,0.3089509343061776,4.1178021864637736e-05,3.307981672845584e-05,3.763779196798237e-05,3.0676023522680896e-05,4.7336439619195175e-05,9.009207540599374e-05,1.048411367162853e-05,4.910015736098132e-05,2.6782656093399e-05,3.769497706623799e-05,4.248059335783591e-05,2.7202350994257267e-05,4.327994021234279e-05,4.885526711639742e-05,1.4854972010264624e-05,3.627529961867055e-05,5.474625710641601e-05,2.1519762395668808e-05,0.3907739790624184,2.159630580364876e-05,3.17280725932238e-05,2.751341322447533e-05,0.2987859365838409,2.8571164075709143e-05,5.055423926306216e-05
637,uj0397,uj0397,0141_060119.xml,letters-leipzig,Brief,"Baumgärtner, Klaus","Johnson, Uwe",1958-10-17,1958,10.0,BaumgärtnerKlaus,JohnsonUwe,785,0.0101274713739706,0.281735705515294,6.175252941746408e-05,7.848746225848126e-05,5.526802893404284e-05,9.221670394162033e-05,9.32559266046462e-05,6.647398454373561e-05,5.895474330882701e-05,8.952938461314879e-05,4.993358087645137e-05,8.101239459048116e-05,5.851717030738316e-05,5.9145031824792974e-05,0.1747493589543831,6.396025853454248e-05,5.138162384736333e-05,5.846135379826986e-05,4.764790309189948e-05,0.1341976585109625,0.0034930399168637,1.628457586299821e-05,7.62654109325247e-05,4.160048322881257e-05,0.067120616485171,6.598349339848397e-05,4.225237938965212e-05,6.722508853001064e-05,7.588503220992209e-05,2.3073664233391808e-05,5.634504614270088e-05,8.503528338091302e-05,3.342583019052004e-05,6.26905618568973e-05,3.3544722161086426e-05,4.928201098479791e-05,4.273554054611759e-05,0.3266156195538501,4.437850479856376e-05,7.852398116431522e-05
638,uj1135,uj1135,0478_s000050.xml,letters-leipzig,Brief,"Johnson, Uwe","Baumgärtner, Klaus",1964-07-16,1964,7.0,JohnsonUwe,BaumgärtnerKlaus,72,0.0007200497801553067,0.0007925771575911034,0.0006523468870665647,0.0008291328656667897,0.0005838453415518126,0.0009741670554929868,0.0009851452887020416,0.0007022238165316863,0.0006227913842253917,0.000945778511492934,0.000527492822595659,0.0008558059714062939,0.0006181689114611338,0.0006248015710502218,0.8542221436702766,0.0006756690931461913,0.0005427897882960775,0.0006175792720356645,0.0005033471754188496,0.0007767194192914256,0.0014782747721424,0.00017202845732213647,0.0716492840823515,0.0004394629012088029,0.0006185175930557191,0.0006970423223523057,0.0004463494601113448,0.0007101583959235263,0.0008016410826256574,0.00024374763556835692,0.0005952228321584806,0.000898303323404818,0.0003531067711411778,0.0006622561579515667,0.0003543627327613388,0.0005206097103646931,0.0004514535211003445,0.0498372742040059,0.0004688096136483818,0.0008295186473467402
639,uj0640,uj0640,0076_110112.xml,letters-leipzig,Brief,"Johnson, Uwe","Baumgärtner, Klaus",1957-12-10,1957,12.0,JohnsonUwe,BaumgärtnerKlaus,783,7.279940220196484e-05,8.01321587225813e-05,6.595441692450126e-05,8.382806110089394e-05,5.90286852586864e-05,9.8491494948365e-05,9.960143045126952e-05,7.09971386206974e-05,6.296625833058879e-05,9.562131973333718e-05,5.333126015608027e-05,8.652479986288187e-05,0.0716877347162964,0.1182448085733692,0.4731409430148912,6.83123687042541e-05,5.487783372527743e-05,6.243929663699606e-05,5.089005577174986e-05,7.852888919829542e-05,0.00014945844394120584,1.7392643119863966e-05,8.145481257225419e-05,4.443114542864178e-05,6.253416397980502e-05,7.04732725087037e-05,0.0645078396238508,7.179935070709702e-05,0.007243572131887,2.4643688042917584e-05,6.017898699830397e-05,0.2257103142082893,3.570025651143073e-05,6.69562768188684e-05,3.582723836415292e-05,5.263535485965024e-05,4.564343655655094e-05,0.0372700685311339,4.7398194625898e-05,8.386706489820754e-05
640,uj0304,uj0304,0544_100993.xml,letters-leipzig,Brief,"Johnson, Uwe","Bierwisch, Manfred",1966-04-14,1966,4.0,JohnsonUwe,BierwischManfred,120,0.0004046860707606863,0.0004454482794384519,0.0003666353435216552,0.0004659935059946399,0.00032813575354966734,0.0005475063652778739,0.0005536764082161674,0.0003946674312510542,0.1197977164300104,0.0005315512901669278,0.00029646422179957906,0.000480984461695475,0.00034742646236439256,0.0003511541837272437,0.6393579000698157,0.0003797430094080325,0.000305061500924542,0.0003470950701900803,0.0002828937613241252,0.0004365358320209085,0.0605546735807821,9.6684315961741e-05,0.00045280080670118497,0.0002469891938539624,0.00034762243018265763,0.00039175530131516193,0.0002508596130112749,0.0203070755345582,0.0004505424330775404,0.00013699229638552247,0.0003345301891784596,0.0005048690414453738,0.00019845487869087997,0.00037220460277160574,0.00019916076068278823,0.00029259573975830457,0.1396093689156405,0.0081018518058459,0.0002634827837059799,0.0004662103249931777
641,uj0481,uj0481,0275_060252.xml,letters-leipzig,Brief,"Baumgärtner, Klaus","Johnson, Uwe",1962-01-24,1962,1.0,BaumgärtnerKlaus,JohnsonUwe,376,0.00016362930669753842,0.00018011095118029957,0.0001482440128430788,0.0001884181340072591,0.00013267722744961458,0.00022137674962350315,0.0002238715225381954,0.00015957840612185957,0.00014152760715518988,0.00021492553208146147,0.00011987127449804718,0.0001944795229832877,0.00014047716309633515,0.00014198441651135487,0.5160999299173946,0.00015354391920600183,0.0001233474673407082,0.00014034316917945592,0.00011438424343964936,0.00017650732432660118,0.0003359338239391802,3.909298770676225e-05,0.00018308384554311847,9.98667200878462e-05,0.2013782610094222,0.00015840092600368424,0.00010143167141456096,0.0001613815171852965,0.00018217070289502493,5.53909711750928e-05,0.000135262730495703,0.00020413692784007403,8.024253009225985e-05,0.0001504958670474385,8.052794387170899e-05,0.0001183071064178467,0.00010259155505592784,0.2769591518155742,0.00010653567873860034,0.0001885058018193558
642,uj1072,uj1072,0480_101439.xml,letters-leipzig,Brief,"Baumgärtner, Klaus + Baumgärtner, Sabine","Johnson, Uwe",1964-07-17,1964,7.0,BaumgärtnerKlaus+BaumgärtnerSabine,JohnsonUwe,270,0.0002565639020014747,0.00028240643049005806,0.0002324404053956014,0.0002954317453541248,0.00020803233765533257,0.0003471094747152889,0.0003510211741933303,0.00025021225950361026,0.0002219093624822747,0.00033699423571164244,0.00018795313959227037,0.0003049357494877683,0.0002202623101784218,0.0002226256204268561,0.2160223666151922,0.00024075043667396795,0.00019340366442686664,0.0002200522133268685,0.00017934970462601436,0.00027675609446161563,0.0005267301709187593,6.129616796263973e-05,0.0002870678043805732,0.00015658683583612797,0.0002203865503530992,0.0002483660199775415,0.00015904061399437986,0.000253039462157671,0.000285636034940201,8.685072367019209e-05,0.2147740471179188,0.0003200781559629426,0.0001258169275568449,0.00023597121850646357,0.0001262644444131976,0.038049376028309,0.0001608592629815496,0.5099881050827437,0.0127883352967075,0.00029556920481297976
643,uj1173,uj1173,0432_101394.xml,letters-leipzig,Brief,"Bierwisch, Manfred","Johnson, Uwe",1964-03-11,1964,3.0,BierwischManfred,JohnsonUwe,278,0.00018609944134017164,0.000204844401473009,0.00016860138644428556,0.00021429235498701785,0.000150896916972072,0.0002517769601431475,0.0368741907654204,0.0001814922572771608,0.00016096266101326909,0.0002444398393988968,0.0001363324068716875,0.00022118611457660957,0.0459342385184358,0.00016148220098869908,0.3764099685097413,0.0001746290940304232,0.00014028596237507734,0.00015961557197381225,0.00013009187798848737,0.1832986281204588,0.0003820654027331982,4.446137015048599e-05,0.00020822554383222343,0.00011358075880121704,0.00015985808439787302,0.0001801530815720004,0.00011536061458319204,0.0001835429777034238,0.00020718700532036503,6.29974483118029e-05,0.0001538374701172966,0.00023216970721607423,9.126170808444868e-05,0.0459456330249939,9.158631585782544e-05,0.00013455344189431024,0.00011667977740331556,0.3058372333218683,0.00012116552160608638,0.00021439206164216407
644,uj0636,uj0636,0059_060053.xml,letters-leipzig,Brief,"Johnson, Uwe","Bierwisch, Manfred",1957-09-10,1957,9.0,JohnsonUwe,BierwischManfred,190,0.0002814277766554983,0.0003097747314646616,0.1248548754422933,0.0280129310087864,0.0002281929679197412,0.00038074821501826153,0.0003850390013621773,0.00027446058987536315,0.0002434148296593441,0.00036965269767958754,0.00020616787388340045,0.0003344873902043607,0.00024160815980324733,0.0833108064978372,0.5000015712219799,0.0002640818119518844,0.0555898839460372,0.1663745896961088,0.00019673067108415528,0.00030357681549349013,0.0005777761397555647,6.72364433681264e-05,0.0003148878439482725,0.0001717618289989513,0.00024174444022250345,0.0002724354293561252,0.0001744534053512578,0.000277561779679852,0.00031331732024192144,9.526751765446226e-05,0.00023263980197705156,0.00035109726304414016,0.00013800997689747182,0.0002588394347798043,0.0139829351958997,0.00020347764464506476,0.00017644830150376884,0.0194786439220613,0.00018323184157535623,0.0003242131239408434
645,uj0362,uj0362,0869_101536.xml,letters-leipzig,Brief,"Klemm, Ine","Johnson, Uwe",1973-04-01,1973,4.0,KlemmIne,JohnsonUwe,362,0.00017489164021163893,0.00019250768892046456,0.00015844740212464243,0.00020138664134938645,0.00014180918073733334,0.0002366137437588876,0.0002392802277513463,0.00017056192287485207,0.00015126871738418242,0.0002297184996240743,0.00012812181530521917,0.00020786522566520167,0.00015014597300475865,0.0087552994366642,0.4139655517417346,0.0087676545607377,0.00013183726872988426,0.00015000275650904426,0.00012225712100892634,0.00018865603041335496,0.0003590555913060958,4.178369314640591e-05,0.0001956852026665224,0.00010674038062756642,0.00015023066367152822,0.00016930339875505652,0.0001084130449558853,0.00017248913907916654,0.0174017941469147,5.920343975810127e-05,0.00014457263966549734,0.0002181873336645544,8.576549021568543e-05,0.00016085424771524265,8.607054855171524e-05,0.2238185541689869,0.00010965276146258828,0.3218324178185252,0.00011386835263009972,0.0002014803431914391
646,uj0051,uj0051,0015_060009.xml,letters-leipzig,Brief,"Menzhausen, Joachim","Johnson, Uwe",1955-08-11,1955,8.0,MenzhausenJoachim,JohnsonUwe,181,0.0003374972845823746,0.0003714918688695648,0.0003057640027933115,0.0003886260345224855,0.00027365638157309777,0.0004566055639758358,0.0004617512136235157,0.00032914200903914973,0.0002919109300915727,0.00044329946101279,0.00024724317702635594,0.00040112808786179705,0.00028974431321453323,0.0002928531324414395,0.1679480230930869,0.0003166954431454589,0.0002544130762868313,0.00028946794106574146,0.00023592577845024697,0.0003640591277407434,0.0006928878186131949,8.063211574704359e-05,0.00037762367859883457,0.00020598233611108507,0.5813841647875018,0.00032671337109797414,0.00020921016145563723,0.0003328610560729141,0.00037574025581603454,0.00011424788590304304,0.0002789891686816276,0.0004210471841475424,0.00016550602432250354,0.00031040861502436875,0.0001660947108939411,0.00024401696718441183,0.00021160250539018944,0.2391944290354403,0.00021973754586566825,0.0003888068557282039
647,uj0944,uj0944,0220_060191.xml,letters-leipzig,Brief,"Bierwisch, Manfred","Johnson, Uwe",1960-10-22,1960,10.0,BierwischManfred,JohnsonUwe,341,0.0385493503611707,0.00017181289533711475,0.0001414141277698594,0.00017973735037020097,0.00012656453393885896,0.0002111774995572501,0.00021355733351444684,0.0001522263238820626,0.00013500715973192105,0.00020502350194031335,0.0154716524834998,0.0001855194795684052,0.00013400511163901618,0.00013544292300775434,0.1928547933041361,0.0001464698573146879,0.268870482999841,0.00013387729107804683,0.00010911434267335729,0.0001683752944617038,0.0003204567104577716,3.729189902813484e-05,0.00017464882277328704,9.526566937585988e-05,0.00013408069796363162,0.00015110309252394785,9.675852040319888e-05,0.0001539463621717575,0.0001737777503526673,5.283900324084408e-05,0.0001290309179168476,0.00019473194932115312,7.654560332939214e-05,0.000143562234746102,7.681786755038986e-05,0.00011285647185472035,9.786496598783136e-05,0.4561654130693907,0.00010162737635236986,0.0232157768408266
648,uj0160,uj0160,0150_060128.xml,letters-leipzig,Brief,"Bierwisch, Manfred","Johnson, Uwe",1959-01-10,1959,1.0,BierwischManfred,JohnsonUwe,623,9.90486077923898e-05,0.00010902532879117878,0.1316486846574121,0.00011405385888944612,8.031259760166339e-05,0.00013400447200050564,0.0001355146158063166,0.0098417038464182,8.566993734699181e-05,0.00013009940065967178,7.256085778862245e-05,0.00011772295797371672,8.503407923762715e-05,8.594645462661528e-05,0.3221523439909111,9.29436892405439e-05,7.466507779928281e-05,8.49529696174289e-05,6.923943084978862e-05,0.00010684397002320532,0.0002033485213810427,2.366389056428154e-05,0.00011082489057930854,6.0451637846133226e-05,8.50820431804799e-05,9.588374790764974e-05,6.139893911692863e-05,9.76879687583967e-05,0.00011027214419276603,3.352943729880064e-05,8.187766245664938e-05,0.0001235688087278258,4.85726612902458e-05,9.10986326985496e-05,4.874542885902525e-05,7.161403063507634e-05,6.210104353940177e-05,0.2309929846524808,0.3021628161314543,0.00011410692624584843
649,uj0892,uj0892,0363_101325.xml,letters-leipzig,Brief,"Johnson, Uwe","Bierwisch, Manfred",1963-05-16,1963,5.0,JohnsonUwe,BierwischManfred,291,0.00019691590700382207,0.0195907394960774,0.3004752324229059,0.0002267474482587005,0.00015966734266182825,0.00026641073241390163,0.0002694130092137005,0.0001920409443388724,0.00017031812755009424,0.0002586471637769075,0.0001442563145801203,0.0002340418867184559,0.0001690539949275164,0.0001708678642110417,0.6695235043200638,0.00018477888054161312,0.0001484396585076118,0.00016889274304539455,0.00013765307388058124,0.0002124136596559529,0.0004042717956174113,4.704555245715138e-05,0.00022032802210371523,0.00012018229596208936,0.00016914935076866187,0.00019062393310702717,0.0001220656004638098,0.00019421085667090728,0.0002192291216903218,6.665898394917572e-05,0.0001627788065411121,0.0002456638673713007,9.656601810705188e-05,0.0001811107726243198,9.690949272285224e-05,0.00014237395265831343,0.00012346143562236636,0.0039422743010646,0.0001282079001034775,0.0002268529500608072
650,uj0387,uj0387,0894a_000066.xml,letters-leipzig,Brief + Telegramm + Postkarte,"Johnson, Uwe","Klemm, Eberhardt",0000-00-00,0,0.0,JohnsonUwe,KlemmEberhardt,694,3.862915041246918e-05,4.2520091079633926e-05,3.49970331442433e-05,4.448122763520016e-05,3.1322069859614264e-05,5.2262005698264575e-05,5.285096473079741e-05,3.76728251013004e-05,3.341144281947218e-05,5.073902025143547e-05,2.829887619874091e-05,4.591218344127896e-05,3.316345691542878e-05,3.351928509837236e-05,0.0021201892032881,3.624822025856502e-05,2.911952611098503e-05,3.313182400520046e-05,2.7003513208145728e-05,4.166935690143904e-05,0.9939390538052708,9.228963519284077e-06,4.322192369030428e-05,2.3576256780237304e-05,3.318216294678177e-05,3.7394848878637774e-05,2.3945706125271816e-05,3.809849853282476e-05,4.300635152042124e-05,1.30765460063371e-05,3.19324482085482e-05,4.81920766482855e-05,1.8943432732014516e-05,3.55286446050677e-05,1.901081242113409e-05,2.7929611760359245e-05,2.4219528220760765e-05,0.0026736645360252,2.5150645940797095e-05,4.450192400780091e-05
651,uj0151,uj0151,1068_101761.xml,letters-leipzig,Brief,"Bierwisch, Manfred","Johnson, Uwe",1979-12-17,1979,12.0,BierwischManfred,JohnsonUwe,428,0.00014393324546251466,0.00015843099423894978,0.00013039987957861357,0.00016573824138841616,0.00011670686829401905,0.00019472962812310608,0.00019692410519784784,0.0001403699518284398,0.00012449192770855113,0.0001890549436992019,0.0001054423680234994,0.269233444653143,0.00012356792561125417,0.0001248937509180817,0.2982040226106119,0.00013506183616120184,0.0001085001314999567,0.0001234500605434499,0.00010061581094684648,0.00015526113598460025,0.0002954974662917557,3.4387364397145164e-05,0.00016104604127846752,8.784576202177634e-05,0.00012363762478334597,0.00013933420500351535,8.922234014210831e-05,0.0001419560223956736,0.00016024281361978605,4.87235594372389e-05,0.00011898115431336037,0.00017956496385504168,7.058373596638973e-05,0.00013238067807054275,7.083479448643695e-05,0.00010406647887029116,9.024260857830848e-05,0.4277168849828451,9.371197805502434e-05,0.00016581535662512007
652,uj0070,uj0070,1097_101813.xml,letters-leipzig,Brief,"Menzhausen, Joachim","Johnson, Uwe",1981-05-23,1981,5.0,MenzhausenJoachim,JohnsonUwe,501,0.00011941327318540232,0.0001314412353817015,0.00010818540493148204,0.0001375036450584133,9.682508791782913e-05,0.00016155615893766707,0.0354095612038715,0.00011645700998993088,0.00010328391140676532,0.2586288672113015,8.747956914085609e-05,0.0001419271209765471,0.00010251731912633803,0.00010361728139740036,0.4765032104145654,0.00011205316663716856,9.001642255632108e-05,0.00010241953314579202,8.347524771471694e-05,0.0001288113832688745,0.0413657060150302,2.852925136015016e-05,0.00013361079200858888,7.28806603698669e-05,0.00010257514458737763,0.00011559770942904812,7.402272937981679e-05,0.00011777288303460382,0.0001329443994491216,4.042318155856127e-05,9.871193439903404e-05,0.0001489748946773618,5.8559333657184285e-05,0.00010982876141025728,5.876762271190257e-05,8.633807172796216e-05,7.486918839700156e-05,0.1844959506750602,7.774752803127364e-05,0.00013756762320882383
653,uj0049,uj0049,0013_060006.xml,letters-leipzig,Brief,"Bierwisch, Manfred","Johnson, Uwe",1955-07-25,1955,7.0,BierwischManfred,JohnsonUwe,170,0.0003615051186802642,0.0003979179041710686,0.0003275144932046701,0.0004162709069085901,0.0002931228997015782,0.0004890861530913006,0.0004945978379893685,0.0003525554914837154,0.00031267598362280674,0.0004748335218833786,0.00026483079460742464,0.00042966229250675095,0.0003103552446804534,0.0003136852094384482,0.1976787120744103,0.00033922354042482554,0.0002725107239031255,0.3737682610169881,0.00025270833406534714,0.0003899564357781623,0.0007421763212401075,8.63678728812447e-05,0.00040448589954515706,0.000220634868082031,0.00031053030227328404,0.0003499540926361884,0.000224092304445424,0.0003565390925398901,0.0004024684996793663,0.0001223748973371911,0.000298835034064233,0.00045099833162686543,0.00017727927808083456,0.0003324894994418013,0.0001779098408100617,0.000261375088665249,0.00022665482751595617,0.4162630148275373,0.0002353685532462114,0.00041646459081189617
654,uj0293,uj0293,0533_100972.xml,letters-leipzig,Brief,"Bierwisch, Manfred","Johnson, Uwe",1966-02-03,1966,2.0,BierwischManfred,JohnsonUwe,529,0.00011667178306440415,0.00012842360728493833,0.00010570168422821185,0.00013434683615038182,9.460217739112936e-05,0.00015784715237667648,0.00015962598778319665,0.1780382960588704,0.00010091271919984818,0.0058927476818014,8.547121304951542e-05,0.00013866875790115597,0.00010016372634624812,0.00010123843568169325,0.2704206350357682,0.00010948064985433652,0.0574829539121885,0.00010006818533640332,8.155882284122354e-05,0.0001258541313212167,0.00023952920794974804,2.7874276760786395e-05,0.00013054335522723904,7.120746604995577e-05,0.00010022022425025863,0.00011294381702700576,7.232331543770827e-05,0.0001150690529933693,0.00012989226170924135,3.94951460902591e-05,9.64457056477343e-05,0.00014555472880182618,5.721492837935434e-05,0.00010730731252626091,5.741843553361391e-05,8.435592213609273e-05,7.315034144739278e-05,0.4844538139979471,7.596260015563595e-05,0.00013440934549031067
655,uj0635,uj0635,0056_060051.xml,letters-leipzig,Brief + Postkarte,"Baumgärtner, Klaus","Johnson, Uwe",1957-09-02,1957,9.0,BaumgärtnerKlaus,JohnsonUwe,225,0.00026666070990576243,0.00029352024446524977,0.00024158785795679868,0.0003070581571696572,0.00021621923586977328,0.00036076961030185456,0.00036483525068078254,0.0002600591050644921,0.000230642376704726,0.0003502562964937284,0.00019534984166402167,0.00031693618158951537,0.00022893050635519095,0.0264673663073317,0.1458157657281792,0.0002502249219503747,0.0002010148662852332,0.0002287121413586068,0.00018640782738285172,0.00028764754528661825,0.0005474590938563625,6.370841547041334e-05,0.0002983650619204108,0.00016274914935507552,0.00022905963587387947,0.0002581402086849276,0.00016529949342345869,0.000262997569364801,0.00029687694666954105,9.026864437690657e-05,0.0002204327358328812,0.000332674501863146,0.0001307683230522324,0.1051891755629353,0.00013123345147317888,0.0001928007740239003,0.0001671897134669054,0.7137100176722543,0.00017361730790218388,0.000307201026203826
656,uj0577,uj0577,0772_101222.xml,letters-leipzig,Brief,"Bierwisch, Manfred","Johnson, Uwe",1970-12-31,1970,12.0,BierwischManfred,JohnsonUwe,457,0.00012846938441395402,0.0001414095279833689,0.00011639001262902212,0.00014793170109240962,0.00010416814738272412,0.00017380831907002955,0.3161690881964806,0.0001252889229563891,0.000111116797692089,0.00016874330985454367,9.4113879441817e-05,0.0001526906463337002,0.00011029206828189962,0.00011147544992844864,0.3736033887814711,0.0001205510991827584,9.68431237539398e-05,0.000110186866369332,8.980587669732319e-05,0.00013858023210174558,0.000263749889529669,3.0692864053218965e-05,0.00014374362030721547,7.840781283050726e-05,0.00011035427913321492,0.00012436445441835835,7.96364945235274e-05,0.00012670458970353183,0.0001430266896042116,4.348881085286842e-05,0.00010619808927660111,0.00016027291189497282,6.300037965586446e-05,0.00011815799862898,6.322446501862206e-05,9.288581269485732e-05,8.054714763577004e-05,0.3059255570399434,8.364377593415943e-05,0.0001480005312431955
657,uj1172,uj1172,0489_s000053.xml,letters-leipzig,Brief,"Johnson, Uwe","Baumgärtner, Klaus",1964-07-30,1964,7.0,JohnsonUwe,BaumgärtnerKlaus,445,0.00011154985935744156,0.00012278577522812232,0.00010106135090943932,0.00012844897269993454,9.044911550775664e-05,0.0001509176185116772,0.00015261836254940075,0.00010878826732598946,9.648262277697576e-05,0.00014651967523352582,0.0165443232391523,0.00013258116088451548,9.576651091784102e-05,9.679404021473072e-05,0.5768261092223036,0.00010467441889416464,8.408880359913916e-05,9.567516418488529e-05,7.797836784816124e-05,0.00012032909997342723,0.3569187722582672,2.665058826297113e-05,0.00012481246564654457,6.808143849732401e-05,9.582052854816116e-05,0.00010798555206532144,6.914830178678936e-05,0.0110850869803243,0.0001241899553149669,3.776129819870864e-05,9.221171236146404e-05,0.00013916483574860137,5.4703177119869296e-05,0.00010259649167889884,5.489775025348941e-05,8.065267370649566e-05,6.993902112476612e-05,0.0351584467642645,7.262782089401363e-05,0.00012850873786246524
658,uj0408,uj0408,0092_060072.xml,letters-leipzig,Brief,"Johnson, Uwe","Baumgärtner, Klaus",1958-03-08,1958,3.0,JohnsonUwe,BaumgärtnerKlaus,528,0.00010306617140738542,0.0001134475635285158,9.337534422269392e-05,0.000118680058528562,8.357019987535248e-05,0.00013943989914032352,0.00014101129669762946,0.00010051460640039716,8.91448415466112e-05,0.0001353764321099129,7.550403759318342e-05,0.00012249798190536258,0.0203692509107534,8.943257479167118e-05,0.3909914489343561,9.671362798535645e-05,7.769360799837427e-05,8.839879250507817e-05,7.204788847786736e-05,0.0001111777254995735,0.00021159664963718168,2.462373429999128e-05,0.00011532011830588656,6.290364909687772e-05,8.85331014900309e-05,9.97729399462761e-05,6.388937436173837e-05,0.00010165034276499751,0.00011474495167719844,3.4889442757991854e-05,8.519874616391582e-05,0.4260247030419875,5.054284301245868e-05,9.479373311705004e-05,5.0722618299101615e-05,7.451880567649567e-05,6.461995721762442e-05,0.1592393439104624,6.71042660235137e-05,0.0001187352783784216
659,uj0410,uj0410,0085_100104.xml,letters-leipzig,Brief,"Baumgärtner, Klaus","Johnson, Uwe",1958-02-03,1958,2.0,BaumgärtnerKlaus,JohnsonUwe,927,6.885405203163862e-05,7.578941116556617e-05,6.238002946833853e-05,7.928501479640653e-05,0.5115194008504493,9.31537665520221e-05,9.420354930513772e-05,6.714946179262747e-05,5.955381357808656e-05,9.043913995320487e-05,5.04409823519196e-05,8.183560429875607e-05,5.911179416637811e-05,5.974603571611751e-05,0.1900737833149793,6.461019248644662e-05,5.1903739651888e-05,5.9055410476249903e-05,4.8132078588778354e-05,7.42730305373343e-05,0.00014135857114796175,1.645005203504972e-05,7.704038403389512e-05,4.202320769999997e-05,5.914513650091903e-05,6.665398650791624e-05,4.268172812186898e-05,6.790819814301851e-05,7.665614008228835e-05,2.3308127916367983e-05,5.691759790138348e-05,8.589937178589025e-05,3.3765487696745855e-05,6.332759375058076e-05,3.388558779138882e-05,4.978279151463011e-05,4.316979893390845e-05,0.2960627736030871,4.482945821345264e-05,7.932190479012118e-05
660,uj0040,uj0040,0020_100101.xml,letters-leipzig,Brief,"Bierwisch, Manfred","Johnson, Uwe",1955-09-17,1955,9.0,BierwischManfred,JohnsonUwe,592,9.856832832235208e-05,0.0001084966729291775,8.93004121611877e-05,0.00011350082005200992,7.992316767757674e-05,0.00013335469409620653,0.2522790622507192,9.612811448778034e-05,8.52545300734901e-05,0.0001294685581612894,7.220901548512186e-05,0.00011715212794261324,0.0582717459249,8.552970654100653e-05,0.2575541996036157,9.24930120749914e-05,7.430303228652885e-05,8.454103886811935e-05,6.890369390309724e-05,0.0001063258914106616,0.0002023624992424323,2.354914608606469e-05,0.00011028750877353918,6.015851226633197e-05,8.466948656288366e-05,0.0291889808994653,6.110122014240487e-05,9.721428692772744e-05,0.00010973744261388236,3.33668555045135e-05,0.0049304076577895,0.00012296963259308006,4.833713600076675e-05,9.065690207750618e-05,4.850906583221478e-05,7.126677942733831e-05,6.179992011177716e-05,0.3947364350099568,6.41758128289433e-05,0.00011355363008867422
661,uj0484,uj0484,0342_101304.xml,letters-leipzig,Brief,"Johnson, Uwe","Bierwisch, Manfred",1962-11-24,1962,11.0,JohnsonUwe,BierwischManfred,931,6.250281140896246e-05,6.879843862640079e-05,5.662596611966304e-05,7.197160052540574e-05,5.067979503742546e-05,0.0462055985053578,0.0031602498474913,0.0154346346012819,5.406044624716138e-05,8.209684603436986e-05,4.578820148124557e-05,7.428691835991428e-05,5.365919962312219e-05,0.0031289707664506,0.489238773553953,5.865041427368019e-05,4.711603101283213e-05,5.36080168815603e-05,4.3692275791894e-05,6.742193209361127e-05,0.00012831936324446974,1.4932665103600337e-05,6.993401916174772e-05,3.814689982901575e-05,5.368946639154401e-05,6.050568449400045e-05,3.874467696082664e-05,6.164420504555352e-05,6.95852186694938e-05,2.115813783600284e-05,5.166740057428492e-05,7.797583550224178e-05,3.0650889052565806e-05,5.748612510643757e-05,3.07599108652867e-05,0.4028355843270269,3.918772710847959e-05,0.0381481418962934,4.0694295972499656e-05,7.200508770955818e-05
662,uj0471,uj0471,0295_060267.xml,letters-leipzig,Brief,"Baumgärtner, Klaus","Johnson, Uwe",1962-05-12,1962,5.0,BaumgärtnerKlaus,JohnsonUwe,326,0.00017339978777350168,0.0001908655688927227,0.0001570958215522943,0.00019966878249951927,0.0086707524621894,0.0172949012632409,0.00023723913081419765,0.0001691070035877649,0.00014997837209054576,0.0002277589656901785,0.00012702891662629798,0.00020609210350031537,0.00014886520489238589,0.00015046245802240375,0.3080725270499515,0.00016271219099795242,0.00013071267666502613,0.0001487232100552828,0.0001212142490692722,0.00018704676562173388,0.00035599279219992585,4.142727185365909e-05,0.008724168913412,0.00010582986885642498,0.0001489491731348157,0.00016785921487118415,0.00010748826510221362,0.00017101778034311687,0.00019304831058739776,5.869842536265988e-05,0.00014333941293886873,0.1025781613877575,8.503389746756166e-05,0.1451720820390569,8.53363536093309e-05,0.00012537135039551145,0.00010871740663751782,0.4043886674294618,0.00011289703816765704,0.00019976168505052888
663,uj1109,uj1109,0488_000020.xml,letters-leipzig,Brief,"Johnson, Uwe","Klemm, Eberhardt",1964-07-30,1964,7.0,JohnsonUwe,KlemmEberhardt,939,0.6219088150795398,6.922413045468633e-05,5.697634051081476e-05,7.241692636163102e-05,5.099337736628865e-05,8.508429329336645e-05,8.604313829734733e-05,6.13326193145928e-05,5.439494642856601e-05,8.260482204636378e-05,4.6071516969091226e-05,7.474657027536045e-05,5.399121708235476e-05,5.4570517265635375e-05,0.3685155161144852,5.9013314981608266e-05,4.74075624746481e-05,5.39397176464715e-05,4.396262269416613e-05,6.783910675792783e-05,0.00012911334208228327,1.5025061292177325e-05,7.03667374191777e-05,3.838293459747644e-05,5.402167112706138e-05,6.0880064726577925e-05,3.898441048823052e-05,6.202562989868936e-05,7.001577871632745e-05,0.0031150498778073,5.19870937337862e-05,7.845831267236035e-05,3.0840542092080524e-05,5.784182174993988e-05,3.0950238479627634e-05,4.5470342112552585e-05,3.9430202018262816e-05,0.0043528152911819,4.094609280974181e-05,7.245062074846031e-05
664,uj1092,uj1092,0511_101462.xml,letters-leipzig,Brief,"Bierwisch, Manfred","Johnson, Uwe",1964-10-02,1964,10.0,BierwischManfred,JohnsonUwe,762,8.027393343681135e-05,8.835956588762869e-05,7.272615315401893e-05,9.243493756008472e-05,6.50893360109266e-05,0.00010860390979094752,0.0001098278056744896,7.828662609111522e-05,6.943119142616162e-05,0.00010543904514653822,5.880693932064885e-05,9.540855851476951e-05,6.891586029042893e-05,6.965529482542544e-05,0.3400675441105811,7.532620285895982e-05,6.0512304199943344e-05,6.885012500754108e-05,5.611508921850472e-05,8.65916839108407e-05,0.00016480378708634433,1.917839753987008e-05,0.2251805718853583,4.8993023332323625e-05,6.8954732662709e-05,7.770897308666723e-05,4.9760763544440766e-05,7.917120367936513e-05,8.937004729454349e-05,2.7173928820274262e-05,6.63577426528127e-05,0.0001001463276240587,3.9365708071684334e-05,7.383087698472189e-05,3.95057275290533e-05,5.803958335680495e-05,5.032978399744335e-05,0.4320437961801793,5.226470829896009e-05,9.247794599332224e-05
665,uj0457,uj0457,0084_060073.xml,letters-leipzig,Brief,"Bierwisch, Manfred","Johnson, Uwe",1958-02-02,1958,2.0,BierwischManfred,JohnsonUwe,255,0.0121134206317002,0.00026564266267230897,0.00021864264243123252,0.00027789478921429894,0.00019568344814532425,0.1309194561185876,0.0003301844055224491,0.0002353595515953866,0.00020873672677854013,0.0003169901121738512,0.00017679615996091336,0.00028683463155333017,0.00020718744421157877,0.0002094104673418433,0.0963504072668165,0.0002264593866599132,0.00018192313928468864,0.00020698981879997303,0.00016870342861411515,0.0002603277330335465,0.0004954632402310878,5.7657600929798686e-05,0.0002700273353932484,0.00014729177355756116,0.00020730430943576968,0.2020590929611282,0.00014959989438340096,0.0002380189302775068,0.00026868055640590977,8.169522716154639e-05,0.00019949676382107544,0.000301078178233027,0.0950950401711529,0.00022196386494921885,0.00011876933239996588,0.00017448919433240174,0.0001513105875803644,0.4559708177141488,0.0001571277103600071,0.0002780240890202431
666,uj0599,uj0599,1002_101686.xml,letters-leipzig,Brief,"Johnson, Uwe","Klemm, Erika",1976-12-10,1976,12.0,JohnsonUwe,KlemmErika,950,5.722432128092367e-05,0.2534191178126862,5.184378758376377e-05,6.589345181003402e-05,0.0197518765250139,7.741971472138808e-05,7.82921848777103e-05,5.5807643298854015e-05,4.949493110631614e-05,7.516359964805766e-05,0.2308775059888358,6.801323632280509e-05,4.91275705794965e-05,0.0901318340791244,0.3719147206611619,5.369726695486032e-05,4.313698592722272e-05,4.9080710325035104e-05,4.000237383004416e-05,6.172801217310034e-05,0.0226380273790849,1.3671571025464816e-05,6.40279483556843e-05,3.492531619743736e-05,4.915528125748461e-05,5.539585581442181e-05,3.547260982909998e-05,5.6438225979192746e-05,6.370860477766372e-05,1.9371289865848807e-05,4.730398302993936e-05,7.13906168753379e-05,2.8062358846764837e-05,5.263130438664475e-05,2.816217354465016e-05,0.002856442380628,3.587824348655204e-05,0.0039607042032571,0.0028523256855625,6.592411093306441e-05
667,uj0568,uj0568,0735_101180.xml,letters-leipzig,Brief,"Zeibig, Brigitte","Johnson, Uwe",1970-01-17,1970,1.0,ZeibigBrigitte,JohnsonUwe,576,0.0515896944251369,0.00011519981910793884,9.481757411997714e-05,0.0361600385735053,8.486098430871124e-05,0.0052900972540283,0.0001431892882182494,0.000102067105849487,9.05217291686849e-05,0.0001374673902681051,7.667023602906581e-05,0.00012439002582050388,8.984986016366291e-05,9.081390660071866e-05,0.4382185406971804,9.82074193808939e-05,7.889362546782339e-05,8.976415701854654e-05,7.3160704924906e-05,0.000112894922270972,0.0002148648679962369,2.5004060456599704e-05,0.00011710129645054036,6.387522809485565e-05,8.990054047439075e-05,0.1648534302849552,6.487617839004229e-05,0.00010322038424249,0.00011651724607941766,3.542832802651757e-05,8.651468432673096e-05,0.0001305669477970039,5.132350304528717e-05,9.625787075546605e-05,5.150605505308008e-05,7.566978670206666e-05,6.561804547139463e-05,0.2955599714275965,6.814072569603223e-05,0.0052690728398207
668,uj0028,uj0028,1047_101736.xml,letters-leipzig,Brief + Postkarte,"Baumgärtner, Klaus + Baumgärtner, Sabine","Johnson, Uwe",1978-12-30,1978,12.0,BaumgärtnerKlaus+BaumgärtnerSabine,JohnsonUwe,132,0.0004595820908014724,0.0005058737287978087,0.0004163697490765413,0.0005292059333358456,0.0003726476559956829,0.0006217760833935881,0.0006287830980619843,0.000448204414065112,0.0003975055258453289,0.0006036566883657337,0.00033667985321652965,0.0005462304253109506,0.00039455516636155495,0.00039878855639310256,0.8617382354421006,0.0004312554813239226,0.00034644336078679854,0.00039417882054846735,0.0681467065937278,0.0004957523000799545,0.0009435300576215468,0.00010979962812627584,0.0005142236328252195,0.0002804934943854298,0.0003947777173860535,0.0004448972511521231,0.0002848889392922738,0.0004532687730678265,0.0005116589088409852,0.00015557542140802948,0.0003799095024196326,0.0005733549692290048,0.0002253754568499656,0.00042269448322292927,0.0002261770923524936,0.0003322866081972114,0.00028814667936185163,0.0544178337985,0.0002992244541507704,0.0005294521640214885
669,uj0629,uj0629,0036_060035.xml,letters-leipzig,Brief,"Johnson, Uwe","Baumgärtner, Klaus",1957-03-05,1957,3.0,JohnsonUwe,BaumgärtnerKlaus,437,0.00014921592863235335,0.00016424577833665764,0.00013518585690432003,0.00017182121836547095,0.0001209902804199685,0.00020187665607935957,0.00020415167554076167,0.00014552185387645058,0.00012906106952963246,0.00019599369760588483,0.00010931234692348012,0.00017734868653797789,0.0001281031544172249,0.00012947764058077123,0.529362684277284,0.00014001891808125143,0.00011248233739518456,0.0001279809634286926,0.00010430864403346652,0.00016095957894932516,0.00030634290708546016,3.5649460242842044e-05,0.00016695680365374151,9.106990476296778e-05,0.00012817541171021628,0.00014444809274633447,0.3377537857959016,0.00014716613690366734,0.00016612409568131858,0.0734551398245139,0.0001233480379989149,0.0368884694123912,7.317432240704004e-05,0.00013723935528446842,7.343459535572213e-05,0.00010788595945454324,9.355472113442485e-05,0.0176682420114405,9.715142449905314e-05,0.00017190116390980646
670,uj0871,uj0871,0378_000015.xml,letters-leipzig,Brief,"Johnson, Uwe","Klemm, Eberhardt",1963-07-22,1963,7.0,JohnsonUwe,KlemmEberhardt,361,0.4108180839999165,0.00015843099423894978,0.00013039987957861357,0.00016573824138841616,0.00011670686829401905,0.00019472962812310608,0.0710028121663106,0.0001403699518284398,0.00012449192770855113,0.0001890549436992019,0.0001054423680234994,0.00017107002091458116,0.00012356792561125417,0.0001248937509180817,0.4822993315695051,0.00013506183616120184,0.0001085001314999567,0.0001234500605434499,0.00010061581094684648,0.00015526113598460025,0.0002954974662917557,3.4387364397145164e-05,0.00016104604127846752,8.784576202177634e-05,0.00012363762478334597,0.00013933420500351535,8.922234014210831e-05,0.0001419560223956736,0.00016024281361978605,4.87235594372389e-05,0.00011898115431336037,0.00017956496385504168,7.058373596638973e-05,0.00013238067807054275,7.083479448643695e-05,0.0071846552849815,9.024260857830848e-05,0.0241233230345024,9.371197805502434e-05,0.00016581535662512007
671,uj0863,uj0863,0391_101356.xml,letters-leipzig,Brief,"Bierwisch, Manfred","Johnson, Uwe",1963-08-22,1963,8.0,BierwischManfred,JohnsonUwe,1277,0.0044282984099429,4.904399042088608e-05,4.036666231667156e-05,0.0022431772016034,3.612784580541571e-05,0.0022521517920877,6.095994016422347e-05,4.3453003662093766e-05,3.853779331086711e-05,5.852395796885884e-05,3.2640800571512775e-05,5.295653484558424e-05,3.825175868597317e-05,3.866218193655094e-05,0.1536846030261855,4.180982029896764e-05,3.3587363605905695e-05,3.8215272307255947e-05,3.1146688764853226e-05,4.806272726206621e-05,9.147436696856925e-05,1.0644972457532474e-05,4.985350589841216e-05,2.719358501666369e-05,3.827333480209132e-05,4.313237727453577e-05,2.761971933761189e-05,4.394398858635009e-05,4.960485827875037e-05,1.5082893305001696e-05,3.683187510399288e-05,5.558623430684971e-05,2.1849942223962383e-05,4.0979839446124905e-05,2.1927660044969725e-05,3.22148795276268e-05,0.4230590724293735,0.4129637973341256,2.900953425262912e-05,5.13298979219491e-05
672,uj0279,uj0279,0851_s000092.xml,letters-leipzig,Brief,"Johnson, Uwe","Baumgärtner, Klaus + Baumgärtner, Sabine",1972-11-28,1972,11.0,JohnsonUwe,BaumgärtnerKlaus+BaumgärtnerSabine,7196,0.0043692774465235,8.871271712642137e-06,7.301682152502056e-06,0.013092934346752,6.53494819205804e-06,0.00040737815814463954,1.1026676013559634e-05,7.85995182913795e-06,6.970869065351392e-06,1.0586045882186085e-05,5.904197605110433e-06,9.578988282631904e-06,6.919129986722562e-06,6.993368973840353e-06,0.4571808140213019,0.0186418576876686,6.075415685025613e-06,6.91253018567389e-06,5.6339367292682665e-06,8.693776936446491e-06,1.6546246689064853e-05,1.9255048831456063e-06,9.017700086334682e-06,0.0051590855750706,6.923032760272289e-06,7.801955655134568e-06,4.995964495713736e-06,7.948763131654515e-06,0.05829070377311,2.728253626452029e-06,6.662295806877717e-06,1.0054658762200787e-05,3.952304302949916e-06,7.412596066249215e-06,0.4361257633304536,5.827155315606283e-06,5.053093964356173e-06,0.0065049412307236,5.247359735693022e-06,9.284755737450624e-06
673,uj1031,uj1031,0710_s000232.xml,letters-leipzig,Brief,"Johnson, Uwe","Bierwisch, Manfred",1969-10-21,1969,10.0,JohnsonUwe,BierwischManfred,385,0.0001429212786567029,0.00015731709656599467,0.00012948306325038194,0.0001645729678742969,0.2883789551173344,0.00019336052177706755,0.0001955395699080054,0.00013938303785087112,0.00012361664904705954,0.00018772573496161367,0.00010470102313112873,0.00016986726069001466,0.0001226991434297659,0.00012401564711533422,0.6546785421650321,0.00013411224251806594,0.00010773728806408932,0.0282458083307026,9.990840064361284e-05,0.00015416952497184115,0.00029341988076849574,3.4145593490101125e-05,0.00015991375771564294,8.722813546224441e-05,0.00012276835256046163,0.00013835457316151365,8.859503512810323e-05,0.00014095795706276269,0.00015911617739525002,4.838099351612012e-05,0.00011814462083358384,0.00017830247732995727,7.008747537281636e-05,0.0001314499351312881,7.033676874897492e-05,0.00010333480758839908,8.960813025429337e-05,0.023953716616761,9.305310726534743e-05,0.00016464954092868905
674,uj0224,uj0224,0645_s000206.xml,letters-leipzig,Brief,"Johnson, Uwe","Bierwisch, Manfred",1968-12-24,1968,12.0,JohnsonUwe,BierwischManfred,214,0.00023039316742185523,0.0002535996354644251,0.00020873038185864853,0.0002652963064488805,0.0001868120527661349,0.000311702662369596,0.000315215349952369,0.0002246894225770101,0.00019927355525861155,0.0003026192257087916,0.00016878102811710574,0.0002738308570947774,0.0001977945100997492,0.00019991675149649165,0.4886674260934872,0.0002161927505420908,0.00017367557357325842,0.00019760584412329216,0.00016105518431320124,0.4762706540743011,0.0004730011958343641,5.504366817610001e-05,0.00025778552711479123,0.00014061423607692177,0.00019790607718748703,0.0002230315082371044,0.00014281771722769946,0.0002272282371543188,0.00025649980494650554,7.79915380268142e-05,0.00019045249009481136,0.0002874286663071761,0.00011298300434696762,0.00021190103528978267,0.00011338487236193564,0.00016657864979227616,0.00014445085539450275,0.0272802124887159,0.000150004256348735,0.00026541974439112657
675,uj0344,uj0344,0607_s000190.xml,letters-leipzig,Brief + Umschlag,"Johnson, Uwe","Bierwisch, Manfred",1966-10-07,1966,10.0,JohnsonUwe,BierwischManfred,1498,1.7445348198360583e-05,1.9202539698382275e-05,1.5805044185331462e-05,2.0088210486144225e-05,1.4145390441151525e-05,2.3602095236778277e-05,2.386807559843252e-05,1.7013461194217213e-05,1.5088974196211145e-05,2.2914298297490856e-05,1.278008301083362e-05,2.0734445829840844e-05,1.497698104083163e-05,1.513767695270022e-05,0.0009575007087349164,1.6370094015254685e-05,1.3150697516076053e-05,1.4962695271469168e-05,1.2195082870449788e-05,1.8818338808526172e-05,0.9981210089830964,4.167901193392741e-06,1.95194950064689e-05,1.0647296260816448e-05,1.498542888984922e-05,1.6887924081869817e-05,1.081414363894835e-05,1.720569998674671e-05,1.942214024910743e-05,5.905511663512935e-06,1.4421044001123572e-05,2.176407061906395e-05,8.555062085329726e-06,1.6045125754335554e-05,8.585491492283728e-06,1.26133191385751e-05,1.0937804701881471e-05,0.0003492574516805655,1.1358307681270172e-05,2.0097557195109036e-05
676,uj0112,uj0112,0937_101612.xml,letters-leipzig,Brief,"Klemm, Ine","Johnson, Uwe",0000-00-00,0,0.0,KlemmIne,JohnsonUwe,127,0.0004595820908014724,0.0005058737287978087,0.0004163697490765413,0.0005292059333358456,0.0003726476559956829,0.0006217760833935881,0.0006287830980619843,0.000448204414065112,0.0003975055258453289,0.0006036566883657337,0.00033667985321652965,0.0005462304253109506,0.00039455516636155495,0.00039878855639310256,0.4321771278184519,0.0004312554813239226,0.00034644336078679854,0.00039417882054846735,0.000321268547888613,0.0004957523000799545,0.0009435300576215468,0.00010979962812627584,0.0005142236328252195,0.0002804934943854298,0.0003947777173860535,0.0004448972511521231,0.1133272856823577,0.0004532687730678265,0.0005116589088409852,0.00015557542140802948,0.0003799095024196326,0.0005733549692290048,0.0454423341540761,0.00042269448322292927,0.0002261770923524936,0.0003322866081972114,0.00028814667936185163,0.3935450240276964,0.0002992244541507704,0.0005294521640214885
677,uj0867,uj0867,0356_101317.xml,letters-leipzig,Brief,"Bierwisch, Manfred","Johnson, Uwe",1963-02-15,1963,2.0,BierwischManfred,JohnsonUwe,423,0.0001371362096841022,0.00015094932360204292,0.00012424193709528823,0.00015791149675448366,0.00011119555812497604,0.000185533807899526,0.0001876246540226833,0.00013374118734997588,0.00011861297956116892,0.0001801271020995772,0.00010046300730865388,0.00016299149083604553,0.00011773261210362784,0.00011899582726074692,0.2976142131591923,0.00012868373963641487,0.00010337637240317645,0.0001176203130402607,9.586437728965286e-05,0.00014792915724061277,0.0002815430331490778,3.2763471700349304e-05,0.0001534408788920853,8.369737513919593e-05,0.00011779901983485128,0.0001327543521451832,8.500894638286358e-05,0.0001352523580679224,0.0271375492461421,0.1079859173156764,0.1890074780899823,0.00017108527259295642,6.725052287030542e-05,0.0001261291952923661,6.748972552107273e-05,9.915209249665107e-05,8.598103414306945e-05,0.3737874922193782,8.928656774999726e-05,0.00015798497033757755
678,uj0697,uj0697,0233_060204.xml,letters-leipzig,Brief,"Baumgärtner, Klaus + Baumgärtner, Sabine","Johnson, Uwe",1961-05-16,1961,5.0,BaumgärtnerKlaus+BaumgärtnerSabine,JohnsonUwe,1459,3.826556906629712e-05,4.2119887818909306e-05,3.4667637641449514e-05,4.406256596518394e-05,3.1027263471100534e-05,0.018875965946622,5.235352627568936e-05,3.731824478259855e-05,0.1430969853249426,5.026145962456459e-05,2.8032524404988453e-05,0.0056927388042867,3.285131921164075e-05,3.320379830488447e-05,0.3032873671515222,3.590704846013747e-05,2.8845450279902115e-05,3.2819984033460936e-05,2.674935349770013e-05,4.1277160834101806e-05,7.855988148511406e-05,0.0470696316897078,4.281511471232597e-05,2.335435474288134e-05,3.2869849179994985e-05,3.7042884899362494e-05,2.372032679450464e-05,3.773991173410429e-05,4.260157152881427e-05,1.295346827489597e-05,0.0922701914934691,0.1073456547535249,1.876513528823738e-05,3.519424552315029e-05,1.883188079312528e-05,2.766673551965848e-05,2.399157164961873e-05,0.279364178533382,2.491392559850088e-05,0.0019265026511453
679,uj1213,uj1213,0954_101631.xml,letters-leipzig,Brief,"Klemm, Erika","Johnson, Uwe",1975-09-14,1975,9.0,KlemmErika,JohnsonUwe,144,0.0005769848391938693,0.0006351019282622394,0.0005227336694020502,0.0006643944715376759,0.0004678425294938681,0.0007806121706479124,0.0007894091653798505,0.0005627006729621514,0.0004990504775949088,0.0007578640774656806,0.0004226865555817968,0.0006857679627185071,0.0004953464327106952,0.000500661265284649,0.5709630676890914,0.0005414220430331029,0.1707385754702402,0.0004948739473097368,0.0004033383483640425,0.0006223949254480109,0.0011845599501537,0.00013784854119860092,0.000645584860754535,0.00035214708534587926,0.0004956258356066148,0.0005585486772692577,0.0003576653705957203,0.0005690587500571605,0.0006423649640587359,0.0001953180102102942,0.00047695945414135874,0.0007198216191250754,0.0002829488448996055,0.0005306740913363202,0.0002839552625576818,0.0004171710321927324,0.00036175531811065247,0.2386227971166616,0.0003756629708089191,0.0006647036031931598
680,uj0742,uj0742,0813_101263.xml,letters-leipzig,Brief,"Johnson, Uwe","Baumgärtner, Klaus + Baumgärtner, Sabine",1971-12-11,1971,12.0,JohnsonUwe,BaumgärtnerKlaus+BaumgärtnerSabine,293,0.00017795370472367095,0.00019587818142555703,0.0001612215551172178,0.3591261418759719,0.00014429202588242237,0.00024075646062600813,0.00024346963036053727,0.000173548181168885,0.00015391718343277222,0.0002337404921252877,0.00013036501722949915,0.00021150460333942733,0.00015277478164881978,0.00015441398268544064,0.5350176988185242,0.00016698542462816098,0.0001341455221229709,0.0001526290576681934,0.00012439764179729347,0.00019195908672302488,0.0003653420632189592,4.251525678095367e-05,0.00019911132820282505,0.00010860922885338752,0.0701862715475559,0.00017226762236498389,0.0001103111787786285,0.00017550913975413374,0.00019811824743722723,6.0239994459367336e-05,0.0001471038684240292,0.00022200743444570465,8.72671026634198e-05,0.00016367054060918782,8.757750206837508e-05,0.0001286639191175533,0.00011157260067911452,0.012316825617278,0.00011586199990340704,0.0177133605802032
681,uj0319,uj0319,0576_000027.xml,letters-leipzig,Brief,"Johnson, Uwe","Klemm, Eberhardt",1966-11-11,1966,11.0,JohnsonUwe,KlemmEberhardt,300,0.00018609944134017164,0.000204844401473009,0.00016860138644428556,0.00021429235498701785,0.000150896916972072,0.0002517769601431475,0.0002546143237857926,0.1466597980238159,0.00016096266101326909,0.0002444398393988968,0.2656282616087232,0.00022118611457660957,0.00015976796639249855,0.00016148220098869908,0.5320431683866889,0.0001746290940304232,0.00014028596237507734,0.00015961557197381225,0.00013009187798848737,0.0002007459122854251,0.0003820654027331982,4.446137015048599e-05,0.00020822554383222343,0.00011358075880121704,0.00015985808439787302,0.0001801530815720004,0.00011536061458319204,0.0001835429777034238,0.00020718700532036503,6.29974483118029e-05,0.0001538374701172966,0.00023216970721607423,9.126170808444868e-05,0.0001711624729505401,9.158631585782544e-05,0.00013455344189431024,0.00011667977740331556,0.0495001982304254,0.00012116552160608638,0.00021439206164216407
682,uj0138,uj0138,1048_101737.xml,letters-leipzig,Brief,"Johnson, Uwe","Bierwisch, Manfred",1979-02-04,1979,2.0,JohnsonUwe,BierwischManfred,1101,5.690394432337947e-05,6.263562282849218e-05,5.155353416420612e-05,0.1176364446979503,4.614000826715474e-05,7.698627152623662e-05,7.785385705784028e-05,5.549519777625839e-05,4.9217828030442925e-05,7.474278757315163e-05,4.16865931151197e-05,6.763245638102362e-05,0.0812287735858448,4.937668865690551e-05,0.515396509622367,5.339663661743819e-05,4.2895478540160055e-05,4.880592631194303e-05,0.1008148528372651,0.042050996763006,0.0029161324141654,1.359502915948994e-05,6.366948050787377e-05,3.4729782789715954e-05,4.8880079750433247e-05,0.1260239287424003,3.527401233490851e-05,5.612225006678934e-05,0.0084612747932562,1.9262837467078357e-05,4.703914622936893e-05,7.099092827930472e-05,2.7905248496697003e-05,5.23366419635083e-05,2.800450437049301e-05,4.114263595277187e-05,3.5677375005581815e-05,0.0039385297443213,3.704898867903078e-05,6.555502720053996e-05
683,uj1018,uj1018,0659_101108.xml,letters-leipzig,Brief,"Johnson, Uwe","Doherty, Monika",1969-03-20,1969,3.0,JohnsonUwe,DohertyMonika,416,9.809268405673963e-05,0.00010797311915490608,8.886949048802725e-05,0.00011295311862378345,7.953749616379091e-05,0.0001327111872353422,0.00013420675655756984,9.5664245543278e-05,0.0097358998903724,0.0001288438039596645,7.186056883166239e-05,0.00011658680702453936,8.421341051250199e-05,8.511698051482598e-05,0.1839284388158396,9.204668442034336e-05,7.39444808955676e-05,8.413308368585194e-05,6.857119717273431e-05,0.00010581281280421287,0.7819369834279776,2.343550901331983e-05,0.00010975531327007824,5.986821565813873e-05,8.426091155261992e-05,9.49583684143798e-05,0.0145373915121505,0.0049222735558539,0.0001092079014702853,3.3205842796350915e-05,8.108745648903077e-05,0.00012237623914121908,4.810388377922451e-05,9.02194346237584e-05,4.827498395839165e-05,7.09228795607156e-05,6.150170284344384e-05,0.0019638244231423,6.386613062287729e-05,0.00011300567382411712
684,uj1194,uj1194,1072_101766.xml,letters-leipzig,Brief,"Johnson, Uwe","Klemm, Ine",1980-05-02,1980,5.0,JohnsonUwe,KlemmIne,537,0.0001173452863835594,0.00012916494956575824,0.0001063118611990112,0.00013512237105426972,9.514828098874958e-05,0.00015875834596824272,0.0001605474499377269,0.00011444021945051278,0.0001014952512357952,0.0578804562623011,8.596460694621531e-05,0.00013946924167072347,0.00010074193472175492,0.00010182284795916792,0.6529754146680498,0.00011011264140467962,8.84575273947542e-05,0.00010064584218877785,8.202963194730905e-05,0.00012658064096174773,0.0002409119220246647,2.803518471491509e-05,0.00013129693403378446,7.16185205780828e-05,0.00010079875876739864,0.00011359580016849728,7.274081135420349e-05,0.0232062630439414,0.0463117015611931,3.972313705160085e-05,9.700245125636324e-05,0.00014639496275036068,5.754520913067749e-05,0.000107926758199052,5.774989105693647e-05,8.484287786829146e-05,7.357261148105602e-05,0.0543029551803338,7.640110432513373e-05,0.1617688934184409
685,uj1131,uj1131,0517_101469.xml,letters-leipzig,Brief,"Bierwisch, Manfred","Johnson, Uwe",1964-11-18,1964,11.0,BierwischManfred,JohnsonUwe,1012,6.010050030765751e-05,6.615415352723563e-05,5.4449533028656864e-05,6.920535415946907e-05,4.873190451081135e-05,8.131094409297356e-05,8.222726588980273e-05,5.861261799483379e-05,5.198261955051406e-05,7.894143333909054e-05,4.402832056953012e-05,0.0266804500168483,0.0089212695731639,5.215040410821241e-05,0.3403462255353516,5.6396171014382695e-05,4.530511464283146e-05,5.154757942010158e-05,4.20129523053173e-05,6.48305533653788e-05,0.0001233873766044197,1.4358724406505485e-05,0.1892869320231819,3.6680714246738544e-05,5.162589839791212e-05,5.818013346236879e-05,3.7255515665817726e-05,5.927489469336643e-05,6.691069348369573e-05,2.0344919546127943e-05,4.968155118323855e-05,0.0119012091858366,2.9472814508781577e-05,5.527663159084832e-05,2.9577646041016204e-05,4.345380683429144e-05,0.0916909669120494,0.3293811102562347,3.913020058589586e-05,6.923755425537016e-05
686,uj0540,uj0540,0348_101309.xml,letters-leipzig,Brief,"Baumgärtner, Klaus","Johnson, Uwe",1962-12-20,1962,12.0,BaumgärtnerKlaus,JohnsonUwe,230,0.0002565639020014747,0.00028240643049005806,0.0002324404053956014,0.0634018908099829,0.00020803233765533257,0.0003471094747152889,0.0003510211741933303,0.00025021225950361026,0.0002219093624822747,0.00033699423571164244,0.00018795313959227037,0.0003049357494877683,0.0002202623101784218,0.0002226256204268561,0.5315546619383366,0.00024075043667396795,0.00019340366442686664,0.0002200522133268685,0.00017934970462601436,0.00027675609446161563,0.0005267301709187593,6.129616796263973e-05,0.0002870678043805732,0.00015658683583612797,0.0002203865503530992,0.0002483660199775415,0.00015904061399437986,0.000253039462157671,0.000285636034940201,8.685072367019209e-05,0.0254546699240322,0.0003200781559629426,0.0001258169275568449,0.025478554844358,0.0001262644444131976,0.00018550058953175952,0.1011311937663877,0.2449409770113024,0.00016704348378175976,0.00029556920481297976
687,uj1038,uj1038,0688_101134.xml,letters-leipzig,Brief,"Johnson, Uwe","Bierwisch, Manfred",1969-07-29,1969,7.0,JohnsonUwe,BierwischManfred,438,0.0001276625739990129,0.0001405214511822747,0.0817579541674325,0.00014700266389272373,0.00010351395302663772,0.0001727167721410176,0.2576619015854669,0.00012450208640090086,0.00011041896458529984,0.0064478601185876,9.352282766344542e-05,0.0001517317221177238,0.00010959941462140954,0.00011077536442229632,0.4780200948322204,0.00011979401699701482,9.623493183944952e-05,0.00010949487339542588,8.924187993674988e-05,0.0001377099237782903,0.0002620934936593002,3.050010744824672e-05,0.00014284088499425164,7.791539792330595e-05,0.00010966123477759548,0.00012358342368850068,7.913636327837446e-05,0.00012590886251094056,0.0001421284567426343,4.321569344291462e-05,0.00010553114652704204,0.00015926636971264914,6.260472614912847e-05,0.00011741594553720772,6.282740421624645e-05,9.230247339246754e-05,8.00412973282996e-05,0.1721205830549314,8.311847825427617e-05,0.00014707106177801096
688,uj0404,uj0404,0130_060109.xml,letters-leipzig,Brief,"Baumgärtner, Klaus + Baumann, Sabine","Johnson, Uwe",1958-08-14,1958,8.0,BaumgärtnerKlaus+BaumannSabine,JohnsonUwe,828,0.2845643706365453,7.763003734393559e-05,6.389499459976109e-05,8.121053541389584e-05,5.718551844908581e-05,9.54161045052066e-05,9.649138234513276e-05,0.0035382173843611,6.100014106114479e-05,9.26355503222396e-05,0.0139294145019424,8.382306868564666e-05,6.054738673953236e-05,6.119703151753156e-05,0.3265285374148077,6.617931949048477e-05,0.0069920385304175,6.048963371172904e-05,4.9301017131872494e-05,7.607682980495496e-05,0.00014479161387240564,1.684955898391764e-05,0.0243649712784408,4.304378583884712e-05,6.058153882800671e-05,6.827274921595655e-05,0.0347380895663079,6.955742070993993e-05,7.85178156910351e-05,2.387419050679937e-05,5.8299902092642175e-05,8.798552907334033e-05,3.458551835306368e-05,6.486557148490865e-05,3.470853520579759e-05,5.0991819370697776e-05,4.421822325612825e-05,0.3032529718531309,4.5918189120327495e-05,8.124832132020709e-05
689,uj0174,uj0174,0156_060132.xml,letters-leipzig,Brief,"Baumgärtner, Klaus + Baumgärtner, Sabine","Johnson, Uwe",1959-02-04,1959,2.0,BaumgärtnerKlaus+BaumgärtnerSabine,JohnsonUwe,61,0.0007464918752904818,0.0008216826461011759,0.0006763027564027497,0.0008595807745723833,0.0006052856565008872,0.0010099409959465,0.0010213223783474,0.0007280112960569374,0.0006456618988549541,0.0009805099509946672,0.0005468637269172851,0.0008872333859224058,0.0006408696769039581,0.000647745904952738,0.5918106506049736,0.0007004814143679484,0.0005627224368657788,0.0006402583843897533,0.0005218313889624967,0.0008052425705294023,0.0015325608551859,0.3674042774381502,0.0008352452623141955,0.0004556011185409945,0.0006412311629908855,0.0007226395239748206,0.0004627405697444212,0.0007362372537797192,0.0008310794219672517,0.000252698680824259,0.0006170809580663423,0.0009312913508889606,0.00036607376744159423,0.0006865759214110234,0.0003673758512293631,0.0005397278489561525,0.0004680320650886091,0.0149448349840733,0.00048602551836222175,0.0008599807231560173
690,uj1048,uj1048,0681_101128.xml,letters-leipzig,Brief,"Bierwisch, Manfred","Johnson, Uwe",1969-07-18,1969,7.0,BierwischManfred,JohnsonUwe,821,7.004024520856138e-05,7.709508424877527e-05,6.345469048171773e-05,8.065090889862296e-05,0.2067885334905902,9.47585865884361e-05,0.1206893426451335,6.830628889375219e-05,6.057978554693448e-05,9.199719336580524e-05,5.130996169790836e-05,8.32454390518935e-05,6.013015118164284e-05,6.077531921975326e-05,0.2553678296223238,6.572327395697319e-05,5.279791886161054e-05,6.007279613330772e-05,4.8961280960003866e-05,7.555257995313745e-05,0.0001437938464534473,1.6733447694538787e-05,7.836760843379718e-05,4.274716861116382e-05,6.0164067926092365e-05,6.780227773664541e-05,4.341703378919805e-05,6.907809648476541e-05,0.0207511509489506,2.3709672073689835e-05,5.789815408196137e-05,8.73792156833497e-05,3.434718753777984e-05,6.441857906519027e-05,3.446935667423821e-05,0.0379514598059418,4.39135129120052e-05,0.3562917025590205,4.560176421272058e-05,8.068843442005967e-05
691,uj0454,uj0454,0079_060067.xml,letters-leipzig,Brief,"Bierwisch, Manfred","Johnson, Uwe",1958-01-02,1958,1.0,BierwischManfred,JohnsonUwe,640,0.0047186895310785,0.00010347904935120916,8.517055415277899e-05,0.00010825177069928502,7.622697718861403e-05,0.0001271874666664156,0.00012862078722725742,9.168249711779542e-05,8.13117811515523e-05,0.00012348105207011462,6.886957982448613e-05,0.0001117342172961022,8.070827008298824e-05,8.157423158891282e-05,0.4167562907610285,8.821550654735435e-05,7.0866755056546e-05,8.063128662891926e-05,6.571711877776622e-05,0.00010140865952430792,0.0001930038818758129,2.246007351404592e-05,0.0001051870647743142,5.737637377845335e-05,8.075379402925439e-05,0.3284432627262452,5.827548443501329e-05,9.271843756170723e-05,0.00010466243741252669,3.1823745320744124e-05,7.771242488377423e-05,0.00011728268099156962,4.610169829801592e-05,8.646431075568206e-05,4.626567692549853e-05,6.797091916613103e-05,5.894187176893234e-05,0.2469901085197042,6.120788705857443e-05,0.00010830213844091882
692,uj1125,uj1125,0476_101435.xml,letters-leipzig,Brief,"Johnson, Uwe","Bierwisch, Manfred",1964-07-14,1964,7.0,JohnsonUwe,BierwischManfred,387,0.00013621725830754224,0.00014993781038438565,0.00012340939039312115,0.000156853329931502,0.00011045043536387828,0.0001842905436401417,0.00018636737897849252,0.0001328449860585655,0.00011781815257056812,0.00017892006824023792,9.978980349857116e-05,0.00016189928291214002,0.0001169436844658592,0.00011819843480314548,0.6641755526896196,0.00012782142836244745,0.00010268364609885095,0.00011683213791985492,9.522198895417008e-05,0.00014693788219376152,0.00027965640992630404,3.25439232857528e-05,0.1877807465937166,8.313651803022528e-05,0.00011700964719808372,0.00013186476364824895,8.443930041934752e-05,0.00013434603040350903,0.00015165250157899408,4.6111582214365945e-05,0.00011260280124131227,0.00016993882814097258,6.679987631453142e-05,0.00012528400205051324,6.703747606548325e-05,9.84876731423574e-05,0.0067864168000644,0.0228301176317385,0.1140058909969563,0.00015692631116723935
693,uj0435,uj0435,0139_060118.xml,letters-leipzig,Brief,"Bierwisch, Manfred + Baumgärtner, Klaus","Johnson, Uwe",1958-10-04,1958,10.0,BierwischManfred+BaumgärtnerKlaus,JohnsonUwe,147,0.000396786858351574,0.0004367534148735711,0.0003594788568906191,0.0004568976117915123,0.00032173075420921374,0.0005368193923693637,0.0005428690000288956,0.0003869637762560831,0.00034319215638385604,0.000521175750086011,0.0198100357178703,0.00047159595365695175,0.00034064492076696574,0.0003442998794009397,0.158413445246,0.00037233066955024807,0.00029910689618829306,0.0003403199971552376,0.00027737185663955936,0.0004280149327103886,0.0008146103488737897,9.479710015770816e-05,0.0004439624255223448,0.00024216812328600208,0.00034083706341917337,0.0199034667766632,0.0002459629943450604,0.0003913361639937063,0.000441748133902607,0.0001343182946697549,0.136963508386606,0.0004950143217371675,0.0001945811668098231,0.0003649394077738742,0.0001952732704382227,0.000286884458680585,0.0002487756114452603,0.6520825323430255,0.000258339768848252,0.0004571101986223342
694,uj0893,uj0893,0411_101375.xml,letters-leipzig,Brief,"Bierwisch, Manfred","Johnson, Uwe",1963-12-16,1963,12.0,BierwischManfred,JohnsonUwe,451,0.00013531054076021395,0.00014893976325458245,0.0067789951886452,0.00015580925028716892,0.00010971523228389576,0.00018306383072724545,0.00018512684180376933,0.00013196071572872274,0.0467118847368655,0.00017772910339879084,9.912556192594817e-05,0.1266325595822247,0.00011616525967540407,0.000117411657883434,0.3202777593857042,0.133255115825168,0.00010200014193133006,0.00011605445562863864,9.458815261544922e-05,0.00014595980380775007,0.0002777949029685695,3.23272976784786e-05,0.0001513981489311751,8.258312750792018e-05,0.00011623078333281883,0.00013098701807797604,8.387723804688742e-05,0.0001334517685111889,0.00015064304076627198,4.580464474367893e-05,0.000111853271137474,0.00016880764609133875,6.635522913276978e-05,0.00012445006070952515,6.659124732301407e-05,9.783209907969278e-05,8.483638458304175e-05,0.3621549214030938,8.809791223416154e-05,0.00015588174573007876
695,uj0043,uj0043,0019_060022.xml,letters-leipzig,Brief,"Bierwisch, Manfred","Johnson, Uwe",1955-09-10,1955,9.0,BierwischManfred,JohnsonUwe,374,0.00016232268888484986,0.00017867272362912217,0.00014706025015585286,0.000186913571682232,0.0001316177691397151,0.00021960900513927188,0.00022208385671594255,0.00015830413568603425,0.00014039747651888536,0.000213209302059548,0.00011891407468066762,0.0001929265590670936,0.00013935542049849537,0.00014085063814681743,0.4241412117340718,0.0001523178355421786,0.2316940615693762,0.00013922249655399526,0.00011347085883278664,0.00017509787256829584,0.00033325131475361685,3.878082116936264e-05,0.0001816218787437092,9.90692612585256e-05,0.00013943402469442407,0.00015713605801860288,0.00010062171608738954,0.00016009284849110723,0.00018071602775059857,5.494866147483063e-05,0.00013418262634672397,0.0321434308555987,7.960177495328253e-05,0.00014929412278420775,7.98849096377716e-05,0.0001173623968439136,0.0001017723377899446,0.3066884930184728,0.0001056849667339102,0.00018700053944659765
696,uj1063,uj1063,0730_101173.xml,letters-leipzig,Brief + Postkarte,"Bierwisch, Manfred","Johnson, Uwe",1969-12-18,1969,12.0,BierwischManfred,JohnsonUwe,634,9.809268405673963e-05,0.00010797311915490608,8.886949048802725e-05,0.00011295311862378345,7.953749616379091e-05,0.0001327111872353422,0.3282701365439701,9.5664245543278e-05,8.484313191916285e-05,0.0001288438039596645,7.186056883166239e-05,0.00011658680702453936,8.421341051250199e-05,8.511698051482598e-05,0.347996403709546,9.204668442034336e-05,7.39444808955676e-05,8.413308368585194e-05,6.857119717273431e-05,0.00010581281280421287,0.0002013859932594467,2.343550901331983e-05,0.0049352836924967,5.986821565813873e-05,8.426091155261992e-05,9.49583684143798e-05,6.080637447060233e-05,9.67451766272914e-05,0.0001092079014702853,3.3205842796350915e-05,8.108745648903077e-05,0.00012237623914121908,4.810388377922451e-05,9.02194346237584e-05,4.827498395839165e-05,7.09228795607156e-05,6.150170284344384e-05,0.315623169072875,6.386613062287729e-05,0.00011300567382411712
697,uj0819,uj0819,0530_000021.xml,letters-leipzig,Brief,"Johnson, Uwe","Klemm, Eberhardt",1965-03-04,1965,3.0,JohnsonUwe,KlemmEberhardt,131,0.000396786858351574,0.0004367534148735711,0.0003594788568906191,0.0004568976117915123,0.00032173075420921374,0.0005368193923693637,0.0005428690000288956,0.0003869637762560831,0.00034319215638385604,0.000521175750086011,0.00029067743043486736,0.00047159595365695175,0.00034064492076696574,0.0003442998794009397,0.6659167607193215,0.00037233066955024807,0.00029910689618829306,0.0003403199971552376,0.00027737185663955936,0.0004280149327103886,0.0008146103488737897,9.479710015770816e-05,0.2737149784496185,0.00024216812328600208,0.00034083706341917337,0.000384108489227789,0.0002459629943450604,0.0003913361639937063,0.000441748133902607,0.0001343182946697549,0.0003280003745579217,0.0200143726091726,0.0001945811668098231,0.0003649394077738742,0.0001952732704382227,0.000286884458680585,0.0002487756114452603,0.0274630671450913,0.000258339768848252,0.0004571101986223342
698,uj0057,uj0057,0016_060008.xml,letters-leipzig,Brief + Postkarte,"Baumgärtner, Klaus","Johnson, Uwe",1955-08-12,1955,8.0,BaumgärtnerKlaus,JohnsonUwe,127,0.0003748371183160515,0.0004125927761973593,0.00033959294764000444,0.00043162262198126813,0.0003039330215784934,0.0005071232321752317,0.0005128381832990223,0.00036555743652176857,0.000324207206513915,0.0004923449761165006,0.0187141699527889,0.0004455078704286445,0.0003218008807039479,0.00032525365171459777,0.1127710718060102,0.0003517338145086462,0.0002825606863630981,0.5166295218299518,0.0187016004262686,0.00040433769565837314,0.0007695471492952822,8.955304617560928e-05,0.00041940299362422216,0.00022877169334096524,0.1478385617938431,0.0003628601003093312,0.00023235663700081307,0.0003696879493783182,0.00041731119377656073,0.00012688797890208017,0.00030985581457171053,0.0004676307644259927,0.0001838171862560621,0.0003447514278527839,0.00018447100359951735,0.00027101437842028835,0.00023501366373084465,0.1734604248977641,0.00024404874421448815,0.0004318234487812995
699,uj0786,uj0786,0544_000023.xml,letters-leipzig,Brief,"Johnson, Uwe","Klemm, Eberhardt",1965-05-12,1965,5.0,JohnsonUwe,KlemmEberhardt,158,0.00023573678290489373,0.00025948148931332563,0.00021357156231882312,0.00027144944660749214,0.00019114487126396608,0.0119156637980607,0.0003225262856165883,0.00022990074846307283,0.00020389539915769865,0.0003096380136271057,0.0001726956447057059,0.0002801819430409423,0.00020238204981916176,0.00020455351334394423,0.3144536093847417,0.0002212070091767755,0.0001777037116224757,0.00020218900802529576,0.00016479061182674305,0.0002542898313003096,0.1280480201173252,5.632032147619757e-05,0.0002637644662882416,0.5104000691095835,0.0233959595473693,0.00022820438134769897,0.00014613015471692751,0.00023249844694321457,0.00026244892376997667,7.980043190509047e-05,0.00019486974294237707,0.00029409513254285166,0.00011560347151665242,0.0002168157541840851,0.00011601466024269423,0.0001704421855999323,0.00014780117101393636,0.0047194717542224,0.00015348337456962864,0.0002715757475031269
700,uj0961,uj0961,0197_060166.xml,letters-leipzig,Brief,"Baumgärtner, Klaus + Baumgärtner, Sabine","Johnson, Uwe",1960-03,1960,3.0,BaumgärtnerKlaus+BaumgärtnerSabine,JohnsonUwe,427,0.00012530182132053624,0.00013792291049904713,0.00011352028059031177,0.00014428427179348063,0.0001015997597418522,0.00016952287145675826,0.0248276041526768,0.00012219977786410814,0.0001083770829418874,0.00016458274597393744,9.17933915492488e-05,0.00014892587966775043,0.0001075726882009555,0.00010872689218742514,0.3520636743568075,0.00011757877068298257,9.445534314727136e-05,0.0001074700801647198,8.759160765652305e-05,0.00013516337422011724,0.00025724682718700827,2.993609555269437e-05,0.0001401994530437352,7.647457639997177e-05,0.00010763336517089093,0.0001212981031803132,7.767296350722641e-05,0.0001235805396900412,0.0309597137841121,4.241654330163377e-05,0.2713214591990896,0.00015632119559377778,6.144703153032032e-05,0.0309354582598308,6.166559180608474e-05,9.059560422583948e-05,7.856116340073212e-05,0.2860545187986749,8.158144070268172e-05,0.00014435140485630788
701,uj0738,uj0738,0790_101240.xml,letters-leipzig,Brief,"Bierwisch, Manfred","Johnson, Uwe",1971-05-08,1971,5.0,BierwischManfred,JohnsonUwe,191,0.0002936229057680527,0.0003231982211106137,0.2024870010753139,0.0003381049588437695,0.00023808126942085692,0.0292859595106171,0.0004017239227682428,0.0002863538094061955,0.0291426750482684,0.0148300270369004,0.0291038140676079,0.0003489817551833261,0.0002520777827326644,0.0002547824579303963,0.2616697627740174,0.0002755252871884203,0.00022133957853073008,0.0002518373387436053,0.00020525561472256376,0.00031673173042234983,0.0006028129527745496,7.015000477165118e-05,0.0003285329004475242,0.00017920479609389735,0.000252219968600658,0.00028424089246753347,0.00018201300670854555,0.00028958938328079185,0.00032689432112988667,9.939575151906372e-05,0.00024272079844280605,0.0003663113847799951,0.00014399037267462915,0.00027005574172744563,0.00014450253045956074,0.00021229495535069064,0.0001840943478326053,0.4247646856324941,0.0001911718395105207,0.0003382622734364283
702,uj1178,uj1178,1074_101768.xml,letters-leipzig,Brief,"Johnson, Uwe","Klemm, Erika",1980-06-04,1980,6.0,JohnsonUwe,KlemmErika,402,0.00014705699581785952,0.0001618693859250488,0.00013322991838487884,0.00016933522059059872,0.00011923973080353268,0.0001989558007706488,0.0002011979040801773,0.00014341636883581578,0.0001271937475846161,0.00019315795996665544,0.00010773075965618576,0.0001747827145101685,0.00012624969208082154,0.0001276042914714962,0.6591544795993114,0.0001379930523464991,0.0001108548850750522,0.1882168166752547,0.000102799452913569,0.00015863073296092532,0.00030191058031809627,3.513366551340069e-05,0.00016454118673325067,8.975225853305337e-05,0.00012632090391812763,0.00014235814343408997,9.115871221395322e-05,0.00014503686153034953,0.00016372052680813093,4.97809957204038e-05,0.00012156337513295896,0.130400091764039,7.211559866842267e-05,0.0001352537056941111,7.237210585419468e-05,0.00010632500989490576,9.22011233030192e-05,0.017412608797195,9.57457877131668e-05,0.00016941400944167352
703,uj0997,uj0997,0700_s000230.xml,letters-leipzig,Brief + Umschlag,"Johnson, Uwe","Bierwisch, Manfred",1969-08-30,1969,8.0,JohnsonUwe,BierwischManfred,339,0.00015729843163342448,0.00017314239553085884,0.0001425084001753112,0.0001811281705509061,0.00012754389914926815,0.00021281160581001343,0.1162862583467191,0.0001534042618167971,0.00013605185457085176,0.0002066099881293559,0.00011523341299304174,0.00018695504226901364,0.0001350420525597614,0.0001364909898133731,0.5735125422478252,0.00014760325130875023,0.1548799730995602,0.0001349132429143567,0.00010995867708399538,0.0001696781942595876,0.0003229364268830391,3.758046634949749e-05,0.000176000267571762,9.60028417845074e-05,0.00013511822377664017,0.00015227233881592,9.750724459744542e-05,0.00015513760988300737,0.00017512245473186403,5.3247875141338574e-05,0.00013002936817887732,0.0001962387987566548,7.713791855844993e-05,0.00014467312935348745,7.741228957902086e-05,0.0001137297631225366,9.862225193535172e-05,0.1501724569437484,0.0001024137760942814,0.0001812124464647131
704,uj0943,uj0943,0221_060192.xml,letters-leipzig,Brief,"Baumgärtner, Klaus","Johnson, Uwe",1960-10-23,1960,10.0,BaumgärtnerKlaus,JohnsonUwe,219,0.00023573678290489373,0.00025948148931332563,0.00021357156231882312,0.00027144944660749214,0.00019114487126396608,0.0003189321266431294,0.0003225262856165883,0.00022990074846307283,0.00020389539915769865,0.0003096380136271057,0.0001726956447057059,0.0002801819430409423,0.00020238204981916176,0.00020455351334394423,0.140502634313477,0.0002212070091767755,0.0001777037116224757,0.00020218900802529576,0.00016479061182674305,0.0002542898313003096,0.0004839717317310656,5.632032147619757e-05,0.0002637644662882416,0.00014387556720685263,0.00020249620453405932,0.00022820438134769897,0.00014613015471692751,0.00023249844694321457,0.00026244892376997667,7.980043190509047e-05,0.4640641365996484,0.00029409513254285166,0.00011560347151665242,0.0002168157541840851,0.00011601466024269423,0.0001704421855999323,0.00014780117101393636,0.3874116169110048,0.00015348337456962864,0.0002715757475031269
705,uj0757,uj0757,0816a_000065.xml,letters-leipzig,Brief + Telegramm + Postkarte,"Johnson, Uwe","Klemm, Eberhardt",1972,1972,,JohnsonUwe,KlemmEberhardt,172,0.00021572330100836225,0.0002374521393541705,0.00019543985396422935,0.0002484040460613487,0.00017491713466080905,0.032128447283562,0.00029514458515049127,0.00021038273175534063,0.0001865851736190945,0.00028335049623655844,0.00015803420275194055,0.0002563951746983575,0.0001852003039739543,0.0001871874155049296,0.4044914292254131,0.0002024270698775641,0.0001626170969173887,0.00018502365096082589,0.00015080028801782165,0.00023270124053187608,0.00044288370392277736,5.1538862594893246e-05,0.00024137150195760625,0.00013166088002835986,0.00018530476723004836,0.00020883038209933415,0.0001337240585196087,0.00021275989192633807,0.0002401676458127998,7.302556851895418e-05,0.00017832577375564033,0.00026912716811033883,0.5413278482906742,0.0001984086217978056,0.00010616529658426104,0.0001559720568662009,0.00013525320958032773,0.004318800033202,0.00014045300781686314,0.0108607168649813
706,uj0177,uj0177,0162_060137.xml,letters-leipzig,Brief,"Baumgärtner, Klaus","Johnson, Uwe",1959-02-20,1959,2.0,BaumgärtnerKlaus,JohnsonUwe,487,0.00010742343069846783,0.00011824370996032036,9.732291092296624e-05,0.0001236974156364125,8.710324107492499e-05,0.00014533490608372915,0.0001469727365599362,0.0001047639948917624,9.291355812720217e-05,0.0001410996505874185,7.869607106861686e-05,0.00012767674679502007,9.222393652556828e-05,9.321345567737088e-05,0.3916675086782625,0.0001008023250656798,8.097820847092441e-05,9.2135968871519e-05,7.509380865891489e-05,0.00011587791151385398,0.00022054217904808067,2.566473537332788e-05,0.00012019542947807436,6.556298441250698e-05,9.227595594720285e-05,0.00010399097350319514,6.659038252220236e-05,0.00010594774601968715,0.00011959594691620904,3.6364440291538105e-05,8.88006363209096e-05,0.00013401687975957315,0.4545232080035615,9.880126409176768e-05,5.286698435863248e-05,7.766918716404367e-05,6.735185173869777e-05,0.1501177755960619,6.994118799907152e-05,0.0001237549699787692
707,uj0946,uj0946,0219_060190.xml,letters-leipzig,Brief,"Baumgärtner, Klaus","Johnson, Uwe",1960-10-15,1960,10.0,BaumgärtnerKlaus,JohnsonUwe,281,0.0002008063265934792,0.00022103264516439776,0.2965332702106371,0.00023122724233949705,0.0297979563272592,0.1188122120476008,0.0002747357363854221,0.00019583505047910256,0.00017368306129250514,0.0200205135099748,0.0001471063514344987,0.0002386657952423728,0.0001723939535097504,0.00017424365896670158,0.2678592343821281,0.0001884295118570408,0.0001513723446685567,0.00017222951581348774,0.00014037265211755493,0.00021661026456822256,0.0004122588949693458,4.797501997285589e-05,0.00022468098914627145,0.00012255670829705532,0.0001724911932730128,0.000194390043701651,0.00012447722078688734,0.0001980478332403112,0.0002235603780251937,6.797594925141246e-05,0.00016599478775555128,0.0002505173885348991,9.847384939531628e-05,0.00018468893402548032,9.882410995540217e-05,0.0100235649587524,0.0001259006331205305,0.2509796148189047,0.00013074087234376326,0.000231334828514999
708,uj1129,uj1129,0459_s000046.xml,letters-leipzig,Brief,"Johnson, Uwe","Baumgärtner, Klaus + Baumgärtner, Sabine",1964-06-04,1964,6.0,JohnsonUwe,BaumgärtnerKlaus+BaumgärtnerSabine,133,0.0003818788001081983,0.1507081663237266,0.0003459725332234199,0.0004397310749859717,0.0003096427005817261,0.000516650037968707,0.0005224723500375721,0.0003724247904175179,0.00033029775590573613,0.0005015941579193851,0.0002797561109109275,0.0004538771714027555,0.0003278462249124666,0.0003313638596027525,0.6408969657208504,0.00035834147814781526,0.0002878688651509359,0.000327533509316267,0.0002669504535441173,0.00041193357464225616,0.0007840038449761566,9.123538771509992e-05,0.0004272818889615975,0.0002330693932987356,0.0003280311483894675,0.0003696767821068109,0.0002367216836306762,0.0003766328989969908,0.0004251507926083865,0.00012927169365981584,0.0378876324062291,0.0004764156655961317,0.00018727037184066472,0.0191372057441292,0.0001879364717822348,0.0002761056485231681,0.00023942862520593485,0.139147092945969,0.00024863343851117854,0.0004399356745138146
709,uj0336,uj0336,0578_000028.xml,letters-leipzig,Brief,"Johnson, Uwe","Klemm, Eberhardt",1966-11-19,1966,11.0,JohnsonUwe,KlemmEberhardt,358,0.00014705699581785952,0.0001618693859250488,0.00013322991838487884,0.00016933522059059872,0.00011923973080353268,0.0001989558007706488,0.0002011979040801773,0.00014341636883581578,0.0001271937475846161,0.00019315795996665544,0.00010773075965618576,0.0001747827145101685,0.00012624969208082154,0.0001276042914714962,0.1165851890043873,0.0001379930523464991,0.0001108548850750522,0.00012612926901436832,0.0073370566608458,0.00015863073296092532,0.00030191058031809627,3.513366551340069e-05,0.00016454118673325067,0.5860645861010512,0.00012632090391812763,0.00014235814343408997,9.115871221395322e-05,0.00014503686153034953,0.00016372052680813093,4.97809957204038e-05,0.0145900777909976,0.00018346202125722305,7.211559866842267e-05,0.0001352537056941111,7.237210585419468e-05,0.00010632500989490576,9.22011233030192e-05,0.2706116110748262,9.57457877131668e-05,0.00016941400944167352
