idno,0,1,2,3,4,5,6,7,8,9,10,11,12,13,14,15,16,17,18,19,20,21,22,23,24,25,26,27,28,29,30,31,32,33,34,35,36,37,38,39,40,41,42,43,44,45,46,47,48,49,50,51,52,53,54,55,56,57,58,59
uj0002,2.3985470257386262e-05,2.4180597441749385e-05,3.320042815492117e-05,2.5026404750800964e-05,8.286075949462721e-05,3.284860016799474e-05,3.3154187285802136e-05,0.0021325167551376,1.8049353633989384e-05,2.9158536569733057e-05,1.976198698287252e-05,3.6925204852508406e-05,2.8418641779306214e-05,0.0569663186004652,2.2731136470948345e-05,3.553998327726826e-05,1.5415932568806785e-05,2.365520702132594e-05,2.294239723586192e-05,3.479387790235267e-05,1.889374852968909e-05,2.1462375323184863e-05,1.1258738713863796e-05,2.917851035737275e-05,2.452065293824835e-05,3.154559989980928e-05,0.0072620286086562,0.0190036606465132,2.780445910960776e-05,2.979964015204249e-05,2.31886629238377e-05,1.1882987530124271e-05,2.107292839872849e-05,2.8085869551429514e-05,2.977787276642648e-05,2.4901745691619544e-05,1.993069061319776e-05,2.612917537781353e-05,4.760719619134955e-05,7.065159694117376e-06,1.3186048580693673e-05,2.9353863622419904e-05,5.081233833678772e-05,3.240085796968021e-05,2.5795419761667075e-05,1.2822706327759768e-06,0.5230801218863518,1.6775922001326315e-05,2.3412457082671377e-05,2.2942567289638064e-05,1.898242756900737e-05,3.847811557984755e-05,1.873958030044524e-05,2.8482441346936315e-05,2.198908230583616e-05,4.0857388278325845e-05,2.338457926135353e-05,0.3900985255680984,4.9909283074956365e-05,2.3288572172519943e-05
uj0003,4.2883209103143135e-05,4.323207363483497e-05,5.935847359269214e-05,4.474427795294109e-05,0.0717738520657473,5.87294463954014e-05,5.927580033933236e-05,4.291593309327279e-05,3.227012844680782e-05,5.213204525253982e-05,3.533211610971617e-05,6.601793768787535e-05,5.080920010205003e-05,6.520067941562132e-05,4.0640607333332514e-05,6.354132389511823e-05,2.756188028727585e-05,4.2292737152454814e-05,4.101831681577591e-05,6.220737494760357e-05,3.377980753541216e-05,3.8372211132731433e-05,2.0129305005208044e-05,5.216775604339543e-05,4.384005299928155e-05,5.639983466119571e-05,0.0129836558548236,4.835116466111521e-05,0.0113590332305172,5.327826330379872e-05,4.145861099717277e-05,2.124538871058563e-05,3.767592568504897e-05,0.4184951325724992,5.323934577001751e-05,4.45214021683885e-05,3.563373842431175e-05,4.67159025608189e-05,8.511608599624234e-05,1.2631677313753452e-05,2.3575109116568537e-05,5.248126712536474e-05,9.084650442678346e-05,5.792893583177339e-05,4.61191866439338e-05,2.2925495761426026e-06,0.4828330547413049,2.999338196670781e-05,4.18587287187076e-05,4.101862085199296e-05,3.3938355262237745e-05,6.87943600270826e-05,3.350417281402537e-05,5.092326625001431e-05,3.931390147403986e-05,7.304822069970478e-05,4.1808886442192494e-05,4.223686885212409e-05,8.923194748004684e-05,4.163723702187034e-05
uj0006,2.246940521464889e-05,2.265219886959081e-05,3.110190734255188e-05,2.3444544692151424e-05,0.1738986417506151,3.0772317573442827e-05,3.105858924978307e-05,2.2486551519924105e-05,1.6908496531966572e-05,2.731549419798142e-05,1.851287836343498e-05,3.4591249684147044e-05,2.6622366413372364e-05,3.416303296090388e-05,2.129435491046654e-05,3.329358469979844e-05,1.444152780550775e-05,2.2160017139330443e-05,2.149226238035816e-05,3.259463888710822e-05,1.7699519216494314e-05,2.010578916446364e-05,1.054710037589348e-05,2.733420548958136e-05,2.297076025964532e-05,2.9551676881120383e-05,0.020629684816569,2.533443588043368e-05,0.2844604407902146,2.791607513389355e-05,2.172296219462959e-05,1.1131891895792997e-05,1.974095826220046e-05,2.631062793369672e-05,2.7895683613417986e-05,2.3327765038287364e-05,1.867091863491112e-05,2.4477611786990943e-05,4.459805752723608e-05,6.618587601985478e-06,1.2352589528588143e-05,0.1461951730592683,4.760061019197784e-05,3.035287610418379e-05,2.416495207670029e-05,1.201221328308755e-06,0.3734783683503863,1.571555551140655e-05,2.193261085215203e-05,2.1492421685435912e-05,1.778259306274815e-05,3.604600458452317e-05,1.755509559765622e-05,2.6682133360704105e-05,2.05992042401565e-05,3.827488906352549e-05,2.1906495122213424e-05,2.2130743969130764e-05,4.675463492480287e-05,2.181655641518239e-05
uj0007,3.3138952734623514e-05,0.3030037807824706,4.587057946284728e-05,3.457713504278511e-05,0.0001144825914597,4.538448471863928e-05,0.0058721600041176,3.3164240925150174e-05,2.4937458826060948e-05,4.028619638581447e-05,2.7303677832457155e-05,5.101682832116845e-05,3.926393840106645e-05,5.0385273831133305e-05,3.140593238454691e-05,4.910296998042037e-05,2.129905543963687e-05,3.268265241395682e-05,3.169781578012034e-05,4.807213128978588e-05,2.610409688809073e-05,2.965297881490352e-05,1.5555367732484304e-05,4.031379269297128e-05,3.3878375117222674e-05,4.358422548514343e-05,0.0945155315969265,3.7364436894515306e-05,3.841536756867704e-05,4.117196185483244e-05,3.2038062892493534e-05,1.6417846216112538e-05,2.9114908763171688e-05,3.880417159171631e-05,4.114188746582341e-05,3.4404902827788886e-05,2.7536763178356752e-05,3.610075176964276e-05,6.577534680301911e-05,9.761409330460074e-06,1.8218189428139008e-05,4.055606534803711e-05,7.020365497982947e-05,4.476587239259274e-05,3.563962628535144e-05,1.7716186273009697e-06,0.5945213978642987,2.317805239238469e-05,3.234726275275437e-05,3.1698050730863e-05,2.6226618167056063e-05,5.3162370378178326e-05,2.589109403230892e-05,3.935208555154945e-05,3.0380690951283355e-05,5.644963573722925e-05,3.2308746026040954e-05,3.263947894343668e-05,6.895597022245571e-05,3.217610012229574e-05
uj0008,4.814678119124642e-05,4.853846606334528e-05,6.664425306976979e-05,5.0236281407462726e-05,0.0001663289822512,6.593801779809372e-05,6.655143233356257e-05,4.818352179031603e-05,3.623102948300559e-05,0.0042910145910466,3.9668851723914765e-05,0.0127715723716769,5.7045624405855295e-05,7.320354308825352e-05,4.562891793034928e-05,7.134051490461197e-05,3.094488139213291e-05,4.748383351536282e-05,4.605298824097648e-05,6.984283435692242e-05,0.0169678610208165,4.308209417789391e-05,2.260001674050504e-05,5.8570932259721816e-05,4.922107004847141e-05,6.332246479324315e-05,0.450523122653735,5.428588470796166e-05,5.58127564115194e-05,5.981774543429856e-05,4.654732502348047e-05,2.385309082422588e-05,4.2300345241717415e-05,5.637764035258584e-05,5.977405108346394e-05,4.998604939693685e-05,4.000749577334451e-05,0.0169823849183905,9.556340707757398e-05,1.4182115014781916e-05,2.6468765839448083e-05,5.892292432795304e-05,0.0001019971886923,6.503925094378538e-05,5.177994918064524e-05,2.573941762313967e-06,0.1527084582099887,3.36748305208043e-05,4.699655400592771e-05,4.605332959521564e-05,3.810401784231164e-05,7.723831934893615e-05,3.761654295952287e-05,5.717369126424164e-05,4.413936950222508e-05,8.201430751088032e-05,4.694059398727159e-05,0.3428786050840343,0.0001001844577502,4.674787596885144e-05
uj0009,6.760373847141009e-05,6.815371005832467e-05,9.357636260781468e-05,0.380416428442169,0.0121193545237245,9.25847252973987e-05,9.344603138691016e-05,6.765532658985396e-05,5.087262286527216e-05,8.218417480733973e-05,5.5699729266475885e-05,0.0001040747529677,8.009876003866446e-05,0.0001027863765692,6.40683625815799e-05,0.0119859795535724,4.345024977584385e-05,6.667288203216775e-05,6.466380712976796e-05,9.806754659698498e-05,5.325257418925747e-05,6.049232275848429e-05,3.173307920846785e-05,8.224047150285529e-05,6.911216626553629e-05,8.891218152763622e-05,0.3354421775287435,7.622376120863904e-05,7.836766850156272e-05,8.399114371169901e-05,6.53579140614121e-05,3.3492542469462895e-05,5.939465538957641e-05,7.916083193375281e-05,8.392979170864884e-05,7.018628716272078e-05,5.6175225305590336e-05,7.364583307143398e-05,0.0001341822530949,1.9913356006550405e-05,3.716525755612445e-05,8.273470972887902e-05,0.0001432160385091,9.132275102077808e-05,7.270513325837192e-05,3.6141166955466233e-06,0.256020951747434,4.728341914602199e-05,6.598868434120522e-05,6.466428643123193e-05,5.350251861467987e-05,0.0001084516765616,5.281804659657069e-05,8.027858095684412e-05,6.197686155318476e-05,0.0001151577251624,6.591010989920761e-05,6.658480779417599e-05,0.0001406707512543,6.563951115524893e-05
uj0013,3.3529664073287466e-05,0.2947861304531146,4.641139786621508e-05,3.498480268478684e-05,0.0738039143562983,4.591957201970738e-05,4.634675703193581e-05,3.355525041393529e-05,2.5231473787814028e-05,4.0761174392682354e-05,2.7625590736639632e-05,5.161832147779819e-05,0.002987250144068,5.097932090151473e-05,3.1776211251903376e-05,4.968189856899284e-05,2.1550173286653312e-05,3.30679839293491e-05,3.207153597989101e-05,4.863890619420336e-05,2.64118666212333e-05,3.000259019643761e-05,1.573876696657715e-05,4.078909606287033e-05,3.427780431463301e-05,4.40980875622072e-05,0.2518486123651874,3.780496708490445e-05,3.886828832957796e-05,4.165738311906315e-05,3.2415794637403134e-05,1.6611414151841965e-05,2.94581762486904e-05,3.926167638825457e-05,4.162695415020715e-05,3.481053983593742e-05,2.786142418047245e-05,3.652638299473441e-05,6.655084426687355e-05,9.876497255455546e-06,1.8432983577987465e-05,4.103422513509998e-05,7.10313626094557e-05,4.529366619673114e-05,3.6059820798042965e-05,1.7925061758912286e-06,0.3745715679337447,2.345132378844755e-05,3.272863999280935e-05,3.20717737007248e-05,2.653583243748691e-05,5.378915967545461e-05,2.6196352441946844e-05,3.981605030469629e-05,3.073888212667043e-05,5.7115182199201226e-05,3.268966915030128e-05,3.302430143959118e-05,6.976896753260723e-05,3.2555459338998826e-05
uj0014,0.0579559775000303,0.3040942198990187,5.699503130947864e-05,4.296272071190621e-05,0.0146209471439359,5.639104972716731e-05,5.691564980961006e-05,4.120717401041305e-05,3.09852472590054e-05,5.005633352002955e-05,3.392531751610488e-05,6.338933934397708e-05,4.878615933584972e-05,6.260462137540751e-05,3.9022443590676906e-05,6.101133546152792e-05,2.6464464714853925e-05,4.060879150478149e-05,3.938511403138714e-05,5.9730499593838025e-05,3.243481632159098e-05,3.684436681999192e-05,1.93278280179887e-05,5.009062243481647e-05,4.209449876438325e-05,5.415419480665384e-05,0.2948013515965662,4.642599408164858e-05,0.0109067571221785,5.115691326484013e-05,3.980787727200364e-05,2.0399473258876867e-05,3.617580497045201e-05,4.82148906926185e-05,5.1119545288170645e-05,4.274871904458127e-05,3.421493030807076e-05,4.485584227408817e-05,8.17270676396463e-05,1.2128729066194252e-05,2.263643252424576e-05,5.039165062592732e-05,8.722932128764634e-05,5.56224126333192e-05,4.428288545247075e-05,2.2012684451317524e-06,0.3115820134637184,2.8799152687108925e-05,4.019206373580722e-05,3.938540596196859e-05,3.2587051244552064e-05,6.605521446801221e-05,3.2170156389746746e-05,4.889568377745153e-05,3.774856241732135e-05,0.0036898148108022,4.014420600061668e-05,4.055514768050786e-05,8.567905022842692e-05,3.997939104677124e-05
uj0015,8.799972256309089e-05,8.871562005870843e-05,0.0001218082628882,9.1818782420741e-05,0.0003040058739164,0.0001205174495371,0.0001216386108609,8.806687476817983e-05,0.0078020940807881,0.0001069790627803,7.250428501616138e-05,0.0001354740077112,0.0001042644803442,0.0001337969293692,8.339772710402514e-05,0.0001303918011502,5.655914912439764e-05,8.678802761468156e-05,8.417281671041449e-05,0.000127654432848,6.931882556179776e-05,7.874279944140687e-05,4.130691925563732e-05,0.0001070523441358,8.996324159903439e-05,0.0001157369027782,0.011171737936169,9.92203980244706e-05,0.2476499546599182,0.0001093311924977,8.507633504823e-05,4.3597210921874e-05,7.731396686328988e-05,0.0001030435802153,0.0001092513306532,9.136142375713246e-05,7.312323776149834e-05,0.0155676111826384,0.0001746649122109,2.592119671928468e-05,4.83779806838329e-05,0.0001076956935681,0.0001864241821584,0.0001188747388123,9.464020334252724e-05,4.704492291550395e-06,0.4570362030241731,6.154878207577158e-05,8.589740812610887e-05,8.417344061667778e-05,6.964417798446981e-05,0.0001411714450224,6.875320140450924e-05,0.0001044985530637,8.06752221893446e-05,0.2554337174775694,8.579512784911999e-05,8.667338146221311e-05,0.0001831109841411,8.544288971950301e-05
uj0016,5.35904813946156e-05,5.402645198977104e-05,7.417936393311559e-05,5.591623027523951e-05,0.0001851349146958,7.339327839945049e-05,7.407604845046703e-05,5.363137605760556e-05,4.032747908327027e-05,6.514860850198646e-05,4.415399758110361e-05,8.250159293963991e-05,6.349546943175572e-05,8.148027795063144e-05,5.078793674056453e-05,7.94066070895098e-05,3.444365437258328e-05,5.285257775472487e-05,5.125995442335425e-05,7.773959177633187e-05,4.221410162859096e-05,4.79531571863679e-05,2.5155280305015187e-05,6.519323572352512e-05,5.478623437313509e-05,7.048199874222264e-05,0.4166628666246024,6.042370065978972e-05,6.212320761740858e-05,6.658101942539519e-05,5.181018323387898e-05,2.655003280369157e-05,4.7083020060211606e-05,0.2685913568452494,6.653238478695174e-05,5.563770586358346e-05,4.453093031017381e-05,5.838013897226605e-05,0.0001063682527115,1.5785611250252168e-05,2.9461448266354152e-05,6.558502566081435e-05,0.0001135294677583,7.239289276219285e-05,0.0236127752117544,2.8649636530466434e-06,0.2877500944174835,3.7482264314277785e-05,5.231020414556016e-05,5.126033437269978e-05,4.241223626408824e-05,8.59712448809163e-05,4.1869645191745e-05,6.36380161279587e-05,4.91299730024137e-05,9.128722859573434e-05,5.224791702554022e-05,5.278276000619254e-05,0.0001115117809801,5.2033409406857904e-05
uj0019,7.142392878984763e-05,7.20049784824891e-05,9.886422867191043e-05,7.452362332719581e-05,0.0002467427539301,9.781655535907344e-05,9.872653262060532e-05,7.147843207888829e-05,5.37473618329348e-05,8.682828467502925e-05,5.884724109488417e-05,0.0001099558680165,8.462502610822455e-05,0.1005682676072116,6.768877387815049e-05,0.0001058309554721,4.590556108377646e-05,7.04404709880556e-05,6.831786614389957e-05,0.000103609203028,5.626180079342984e-05,6.39106571726305e-05,3.352627000985626e-05,8.688776261607992e-05,7.301759567556075e-05,9.39364814072454e-05,0.0530185152029718,8.053105665099514e-05,0.4082002173501496,8.873736280101198e-05,6.90511960629137e-05,3.538515801669051e-05,6.275096219474149e-05,8.363409703107689e-05,8.867254388424715e-05,7.415241360437451e-05,5.934960673331595e-05,7.78074534914606e-05,0.0001417646998022,2.1038631199075376e-05,3.926541296628993e-05,8.740992953552725e-05,0.0001513089714759,9.648326872573012e-05,7.681359608090954e-05,3.818345247431658e-06,0.4337352970959338,4.995533735836534e-05,6.971761026670435e-05,6.831837253000196e-05,5.652586921991691e-05,0.0001145801252863,5.5802718669585314e-05,8.481500844863049e-05,6.547908512581673e-05,0.0001216651230772,6.963459569566382e-05,7.034741980117185e-05,0.0001486198536883,6.934870580471792e-05
uj0021,0.2217371180007205,0.0605580330447469,0.0001586202464661,0.0001195675691653,0.0003958802588954,0.0001569393331435,0.0706746568513857,0.0001146817880003,8.623361447685444e-05,0.0001393094762423,9.44159885907772e-05,0.0001764159506373,0.0001357745129741,0.0001742320382028,0.000108601565397,0.0001697978375621,7.365203280389394e-05,0.0303342696834597,0.0001096108967961,0.0203137353530866,9.026784336829083e-05,0.000102539860258,5.379038792384589e-05,0.0001394049041417,0.0001171512606532,0.000150714045243,0.1354329900526298,0.0001292060457635,0.0001328401590559,0.0001423724490377,0.0001107874696987,5.677283443415565e-05,0.0001006792165683,0.0001341846415255,0.000142268451943,0.0001189719909818,9.522199661263326e-05,0.1512311023598362,0.0002274508376276,3.375490721909399e-05,6.299841273204012e-05,0.0001402426818351,0.0002427639063235,0.0001548001746508,0.0001232416588485,6.126248819989229e-06,0.292945739013249,8.014959536456298e-05,0.0001118566813506,0.0001096117092546,9.069152137049637e-05,0.0001838352249057,8.953128050211931e-05,0.0102098304008193,0.000105056285378,0.0001952025729436,0.0001117234906921,0.0001128671635536,0.0002384494183435,0.0001112648017854
uj0023,4.940132297232746e-05,4.9803213823411983e-05,6.838077621578989e-05,5.154526847560063e-05,0.0001706629512617,6.765613884881961e-05,6.828553688608916e-05,4.943902090676725e-05,3.717508719846245e-05,6.005595333442398e-05,4.0702487424242906e-05,7.605245805745157e-05,5.853203985200381e-05,7.511097907992636e-05,4.681785273664009e-05,7.319940670209609e-05,3.175120002146812e-05,4.872110112904391e-05,4.725297288091421e-05,7.166270168017792e-05,3.891423279415075e-05,4.420466739723225e-05,2.3188896506765497e-05,6.009709205397298e-05,5.050360415267339e-05,6.497243340586143e-05,0.0540420422869046,5.570039069993166e-05,0.1911390555624429,6.137639295009637e-05,4.776019040294497e-05,2.4474621450085304e-05,4.34025487358429e-05,5.784665040042551e-05,6.133156007271101e-05,5.128851626778634e-05,4.1049955388759234e-05,5.381657386694134e-05,9.805346526952366e-05,1.4551652819593164e-05,2.7158452082591485e-05,6.045825584137793e-05,0.0001046548894067,6.673395317933228e-05,5.3129158994097584e-05,2.641009952606184e-06,0.3781686865317802,3.4552282363147875e-05,4.822112476867658e-05,4.7253323129686816e-05,3.90968792803454e-05,7.925088792208383e-05,3.8596702455857616e-05,5.866344369825607e-05,4.5289491729735136e-05,8.41513221331067e-05,4.816370662177727e-05,0.3735266979293186,0.0001027949248459,4.7965967025588185e-05
uj0024,2.3538783776889128e-05,2.37302770664694e-05,3.258212956646832e-05,2.456033272729375e-05,8.13176260628957e-05,3.223685374648021e-05,3.253674985082513e-05,2.3556746120288528e-05,1.7713216707612797e-05,2.861551098228308e-05,1.939395532377711e-05,3.623753896060773e-05,2.7889395408870844e-05,3.578894226827083e-05,2.230780971358443e-05,3.487811465944697e-05,1.5128838399343048e-05,2.3214671102855327e-05,2.2515136124635697e-05,3.414590416257315e-05,0.3269593623135,2.106267697275249e-05,1.1049064843934816e-05,2.8635112793855296e-05,2.406399963760669e-05,3.0958119527600305e-05,0.4954687712574373,2.6540168847469352e-05,2.7286650792800945e-05,2.9244675157120288e-05,2.2756815554670787e-05,1.1661688142592438e-05,2.0680482800656576e-05,2.75628204685054e-05,2.922331315012584e-05,2.44379952201107e-05,1.9559517150749386e-05,2.5642566223914875e-05,4.672059731774598e-05,6.933583732335112e-06,1.2940482011893108e-05,2.880720041799705e-05,4.986604942379466e-05,3.179744994572841e-05,2.53150262091272e-05,1.2583906358506234e-06,0.1760516413330057,1.6463500461308383e-05,2.2976441947599e-05,2.251530301146444e-05,1.86289138095896e-05,3.776152950335688e-05,1.839058913702113e-05,2.795200682367275e-05,2.157957497997787e-05,4.00964925036545e-05,2.2949083300837867e-05,2.318400474488048e-05,4.897981195091108e-05,2.2854864172304986e-05
uj0026,2.052353847331876e-05,2.0690502065547418e-05,2.840845967397064e-05,2.141423016685444e-05,7.090109000021377e-05,2.810741261722381e-05,2.8368892959363e-05,2.053919989615703e-05,1.544420850417314e-05,2.4949952646031665e-05,1.6909649708756888e-05,3.159562244531183e-05,0.0126535889827034,3.120448959998533e-05,1.9450248375268058e-05,3.041033618707149e-05,1.3190881053522906e-05,2.024094362907052e-05,1.963101691514153e-05,2.977191958723374e-05,1.616672805215783e-05,1.836461328243276e-05,9.633713855740218e-06,2.496704352624716e-05,2.098147580884148e-05,2.699248029161665e-05,0.0080180487929236,2.3140455411473268e-05,2.37913153314192e-05,2.549852283855721e-05,1.984173795865632e-05,0.3428046971720322,0.0054305765766321,2.403210852694739e-05,2.5479897238501857e-05,2.130756371546937e-05,1.7054003578429395e-05,2.2357832904172816e-05,4.073583349232484e-05,6.045413129129955e-06,1.1282846342092402e-05,2.511708725868176e-05,4.347836292487156e-05,2.7724295082540204e-05,2.2072249750907e-05,1.0971946925610256e-06,0.5287697718077945,1.4354577038721535e-05,2.0033230890820643e-05,1.9631162424284355e-05,1.6242607643247566e-05,0.1010671014543161,1.6034811623157424e-05,2.43714413153054e-05,1.8815298255735737e-05,3.496025599044978e-05,2.0009376801981463e-05,2.021420553658032e-05,4.2705649727638274e-05,1.992722685202246e-05
uj0027,2.246940521464889e-05,2.265219886959081e-05,3.110190734255188e-05,2.3444544692151424e-05,7.762332618452617e-05,3.0772317573442827e-05,3.105858924978307e-05,2.2486551519924105e-05,1.6908496531966572e-05,2.731549419798142e-05,1.851287836343498e-05,3.4591249684147044e-05,2.6622366413372364e-05,3.416303296090388e-05,2.129435491046654e-05,3.329358469979844e-05,1.444152780550775e-05,2.2160017139330443e-05,2.149226238035816e-05,3.259463888710822e-05,0.6913512955254748,2.010578916446364e-05,1.054710037589348e-05,2.733420548958136e-05,2.297076025964532e-05,2.9551676881120383e-05,0.2181535693897856,2.533443588043368e-05,2.604700478263596e-05,2.791607513389355e-05,2.172296219462959e-05,1.1131891895792997e-05,1.974095826220046e-05,2.631062793369672e-05,2.7895683613417986e-05,2.3327765038287364e-05,1.867091863491112e-05,2.4477611786990943e-05,4.459805752723608e-05,6.618587601985478e-06,1.2352589528588143e-05,2.7498475088041403e-05,4.760061019197784e-05,3.035287610418379e-05,2.416495207670029e-05,1.201221328308755e-06,0.0890439745649542,1.571555551140655e-05,2.193261085215203e-05,2.1492421685435912e-05,1.778259306274815e-05,3.604600458452317e-05,1.755509559765622e-05,2.6682133360704105e-05,2.05992042401565e-05,3.827488906352549e-05,2.1906495122213424e-05,2.2130743969130764e-05,4.675463492480287e-05,2.181655641518239e-05
uj0028,0.0002569704290205,0.0002590609411406,0.0003556956847243,0.000268122571567,0.000887735978816,0.0003519263448793,0.0003552002791372,0.0002571665220359,0.0001933733254799,0.0003123925264558,0.0002117217723393,0.0003956014049672,0.0003044655990416,0.0003907041220158,0.000243532014523,0.0003807607127207,0.0001651599390567,0.0002534321250161,0.0002457953751665,0.0003727672476675,0.0002024198238925,0.0002299390312308,0.0001206214798578,0.000312606517373,0.0002627041553819,0.0003379665377821,0.1455715908900379,0.0002897362344484,0.0002978854994048,0.0003192610456395,0.0002484337641083,0.0001273094240344,0.0002257666576152,0.0003009004147343,0.0003190278388539,0.0002667870258564,0.022803267050597,0.0002799372009278,0.000510043851485,7.56932050201146e-05,0.000141269882329,0.0003144851798826,0.0005443824216005,0.0003471294197594,0.0002763614810045,1.3737718339020409e-05,0.7698606380871531,0.00017973030454,0.0002508314023614,0.0002457971970525,0.0002033698945201,0.0004122386495804,0.0453802438434929,0.0003051491212777,0.0002355819524597,0.0004377291952951,0.0002505327308896,0.0002530973436085,0.0005347074602354,0.000249504150564
uj0032,6.967407021368155e-05,7.024088441402967e-05,9.644209338267698e-05,7.269782343610104e-05,0.0063656007686347,9.542008765999572e-05,0.0674702420529333,6.972723819326258e-05,5.2430572296946254e-05,8.47010253493845e-05,5.740550649335335e-05,0.0001072619918617,8.255174576362937e-05,0.0001059341595601,6.603042514982229e-05,0.0001032381380761,4.478089262717959e-05,6.87147067469103e-05,6.6644104898855e-05,0.0001010708177059,5.48834084773392e-05,6.234487083943967e-05,3.270488938717697e-05,8.475904610392914e-05,7.122869287829444e-05,9.163507401632772e-05,0.0088452603110815,7.855807697155064e-05,8.076764038677447e-05,8.656333180111292e-05,6.73594685190434e-05,3.451823535822567e-05,6.121358793908797e-05,8.158509406485336e-05,8.65001009226893e-05,0.2450684603703971,5.789556436832721e-05,7.590120103393646e-05,0.0001382915195957,2.0523192887878328e-05,3.830342556528978e-05,0.0123350746532456,0.0001476019603121,9.411946603247568e-05,7.493169274479057e-05,3.724797268607353e-06,0.6558552688332431,4.873145095246616e-05,6.80095558330992e-05,6.664459887869413e-05,5.514100732971277e-05,0.0001117729566204,5.443557368761903e-05,8.273707361031995e-05,6.387487291559166e-05,0.0001186843747111,6.792857508687823e-05,6.862393527804472e-05,0.0001449787248681,6.76496893874685e-05
uj0035,3.0722454433603555e-05,3.097238849643509e-05,4.252568868653256e-05,3.205576423320822e-05,0.0217121128890208,4.207504005714056e-05,4.246645978756852e-05,3.074589860479946e-05,2.311901491301687e-05,0.0054388431169124,0.3484217142017713,4.729667216690574e-05,3.640080506075429e-05,4.671117074210754e-05,2.91158062343046e-05,4.55223727152344e-05,1.974592454574964e-05,3.02994276131128e-05,2.938640544099169e-05,4.456670296444216e-05,2.420058152099751e-05,2.749067834933905e-05,1.442106756318488e-05,3.737410379180532e-05,3.1407958005140826e-05,4.040605604570666e-05,0.0174040125355759,3.4639815540388204e-05,3.5614112163711385e-05,0.0027389169936565,2.9701841673686187e-05,1.5220653963075768e-05,2.699184446105065e-05,3.597456452854866e-05,3.814181374719791e-05,0.008134137986872,2.552877753170821e-05,3.3468278558570537e-05,6.0978996867903984e-05,9.04960563371947e-06,1.6889715829310964e-05,3.759870988196675e-05,6.508439202838132e-05,4.150153705144136e-05,3.304077842624101e-05,1.6424318833138787e-06,0.5943807490423699,2.1487904708006288e-05,2.998849462538961e-05,2.93866232590846e-05,2.431416852660697e-05,4.928576091722695e-05,2.4003110871173777e-05,3.648252450541666e-05,2.816532558788474e-05,5.233331830424988e-05,2.995278654520794e-05,3.025940235970732e-05,6.392768866443139e-05,2.9829813204250224e-05
uj0036,0.0002824965181861,0.0002847946907712,0.0003910286208862,0.0002947564558439,0.0009759189959714,0.0003868848546711,0.000390484004317,0.000282712090049,0.0002125820132937,0.0003434239549177,0.0499001200066933,0.0004348983652272,0.0003347096082788,0.0004295146119774,0.0002677232023616,0.0004185834767667,0.0001815660576402,0.0002786067376952,0.0002702113933321,0.0004097959829902,0.0002225271432182,0.0002527799636922,0.0001326033824521,0.0003436592025656,0.0002887998027294,0.0003715383538517,0.0110298053970378,0.0003185171061745,0.0003274758761961,0.0003509747566262,0.0002731118659372,0.0001399556717832,0.0002481931284542,0.0003307902773374,0.0003507183843066,0.0002932882440557,0.0002347400589963,0.0003077446882674,0.0005607089217072,8.321216939253654e-05,0.0001553028884865,0.0003457244815156,0.0005984585045447,0.0003816114282712,0.0003038137751573,1.5102350933478692e-05,0.896001906556113,0.0001975837665003,0.0002757476729479,0.0002702133961946,0.0002235715888586,0.0004531882661055,0.025054394832005,0.0003354610280143,0.0002589834229993,0.0004812109083936,0.000275419333025,0.0002782387008656,0.0005878224834678,0.0002742885789465
uj0037,0.0001919342598001,0.0001934956880854,0.0002656733236655,0.0002002639272758,0.0006630605266193,0.0002628579590501,0.0002653032993595,0.0001920807239979,0.0001444328292268,0.0002333296813991,0.0001581375017055,0.0002954793791941,0.0002274089653404,0.0002918215405008,0.0001818969487005,0.118392195726178,0.0001233599164398,0.0001892914585928,0.0001835874795971,0.0002784242764098,0.0001511897661367,0.0001717441883358,9.009361326416928e-05,0.000233489513752,0.0001962168479923,0.0002524312136367,0.0412389749552151,0.0845791224539946,0.000222494210915,0.0002384598598032,0.0001855581235756,9.508891805470792e-05,0.0001686277930191,0.0002247460869163,0.0002382856748904,0.0001992663923518,0.0001594874859278,0.0002090884140069,0.0003809577992047,5.653615216663672e-05,0.0001055161498551,0.0002348927090519,0.000406605684305,0.0002592750788108,0.0002064176664063,1.026086468700672e-05,0.7437434672772077,0.0001342426951498,0.0001873489480107,0.0001835888403853,0.0001518993851514,0.000307905934429,0.0001499560957251,0.0002279194962016,0.000175958953098,0.0003269451252118,0.0001871258667477,0.0001890414063907,0.0003993793409656,0.0001863576079087
uj0040,5.5149342012614346e-05,5.559799428880169e-05,7.633712191726289e-05,5.754274317481905e-05,0.0001905201905885,7.55281704240296e-05,7.623080115395742e-05,0.1164087361178761,4.15005403682244e-05,6.704367638471998e-05,4.5438366113820495e-05,8.49014311349484e-05,6.534245016681684e-05,8.385040774113546e-05,5.2265275857399405e-05,8.171641714121002e-05,3.544556469217923e-05,5.438997394668807e-05,5.275102377282655e-05,8.000091104284622e-05,4.344204171870589e-05,4.9348037140815226e-05,2.588700681281527e-05,0.1115725699312291,5.637987751554041e-05,7.253220633987499e-05,0.293037114852643,6.218132859857801e-05,6.393027147088363e-05,6.851775383022712e-05,5.33172578514753e-05,2.73223304107888e-05,4.845258912990992e-05,6.457731322305314e-05,6.846770448863924e-05,5.725611693751817e-05,4.5826263207675095e-05,6.007832299951949e-05,0.0001094623335229,1.624478920627494e-05,3.031843425073908e-05,6.749278821439635e-05,0.0001168318567584,7.449868518303358e-05,5.931092496954661e-05,2.948300822157816e-06,0.3009683446473423,3.857256289328659e-05,5.383182356452998e-05,5.2751414774285376e-05,4.364593977099475e-05,8.847200965177823e-05,4.308756560000521e-05,6.548914331636665e-05,5.0559084629772565e-05,9.394262675378178e-05,0.1745840847620738,5.431812531252471e-05,0.0001147554787281,5.354697731357773e-05
uj0042,5.825606256121998e-05,5.872998870640999e-05,8.0637410853213e-05,6.078429087276723e-05,0.0002012527391453,0.322713475693642,8.052510073648916e-05,5.830051750888167e-05,4.383838478911903e-05,7.082043888953526e-05,4.7998039548701794e-05,0.0154531933533457,6.902337772136603e-05,8.857394160811728e-05,5.520952869087083e-05,0.0052074894642604,3.744231497364109e-05,5.74539171150336e-05,5.5722640179012136e-05,8.450759172431532e-05,4.588925647695299e-05,5.212795355366487e-05,2.734529612456937e-05,7.0868951351865e-05,5.955591765696829e-05,7.661815347266674e-05,0.468300997207907,6.568418111226013e-05,6.753164695077788e-05,7.237755534372442e-05,5.632077184670295e-05,2.886147561588616e-05,5.118206238905789e-05,6.82151384199143e-05,7.232468657923355e-05,6.048151815776244e-05,4.8407787997953285e-05,6.34627071784945e-05,0.0001156286605985,1.7159904756037213e-05,3.202635857496357e-05,7.129485047617986e-05,0.0001234133302063,7.869540970695073e-05,6.265207941736488e-05,3.1143870602415537e-06,0.1847723414732857,4.074546594851338e-05,5.686432452163271e-05,5.572305320670413e-05,4.6104640691102525e-05,9.345589160450844e-05,4.551481170220369e-05,6.91783345165989e-05,5.34072228197455e-05,9.923468425211437e-05,5.679661469208442e-05,5.737802104131795e-05,0.0001212199838485,5.656343206471077e-05
uj0043,9.080969161467793e-05,9.154844883926054e-05,0.0001256977916159,9.475070003868248e-05,0.0003137132578982,0.0001243657605716,0.0001255227223336,9.0878988094914e-05,6.833538053489276e-05,0.0001103950719088,7.481946046295661e-05,0.0001397999050876,0.0799365117228726,0.0001380692750059,8.606074722851474e-05,0.0001345554157065,5.836517139349866e-05,8.955930534763912e-05,8.686058666072996e-05,0.0001317306389445,7.153228429607233e-05,8.125718043058605e-05,4.262591392225719e-05,0.0001104706932528,9.28359088905988e-05,0.0001194325634628,0.4266388421906459,0.0001023886608281,0.0001052684950581,0.0001128223088143,8.779295575503488e-05,4.498933819066338e-05,7.978272298903237e-05,0.0001063339232179,0.0001127398968559,9.427873719618808e-05,7.545817733945368e-05,9.892582187228075e-05,0.0001802422365867,2.674890115334206e-05,4.992276542338005e-05,0.0001111345858407,0.0081752687898794,0.000122670595519,9.766221335213544e-05,4.8547141031385935e-06,0.2161775479125318,0.2634989432482396,8.864024698304798e-05,8.6861230489298e-05,7.186802573148146e-05,0.000145679270501,7.09485988730148e-05,0.0001078353556295,8.32513084652921e-05,0.0001546872664959,8.85347007365247e-05,8.944099836385284e-05,0.00018895800483,8.817121509141353e-05
uj0047,0.0002262983117771,0.0002281392993387,0.0003132396722312,0.0002361193290848,0.0007817753742156,0.0003099202426506,0.0003128033984995,0.0002264709990334,0.0001702921899053,0.0002751052003072,0.0001864505570912,0.0003483822260092,0.0002681244348618,0.040130900678583,0.000214463913067,0.0003353129261143,0.0001454463672112,0.0002231823414851,0.0002164571178669,0.0003282735649953,0.0001782588938023,0.0002024933949697,0.0001062240404856,0.0002752936491629,0.00023134765773,0.0002976266850188,0.5061709902875826,0.0002551531744966,0.0002623297391654,0.000281153889651,0.0002187805874024,0.0001121137083442,0.0001988190379283,0.0002649847927131,0.0002809485185424,0.0002349431947694,0.039974873436903,0.0002465237584536,0.0004491647656242,6.665842670824308e-05,0.0001244078394461,0.0002769480735882,0.0004794046670618,0.0003056958808807,0.0002433748382252,1.2097977497408554e-05,0.1806343024193829,0.0001582776066788,0.0002208920423701,0.2190440302860733,0.0001790955635308,0.0003630336408936,0.0001768043461268,0.0002687263715464,0.0002074627743355,0.0003854816224902,0.0002206290204726,0.0002228875197515,0.0004708845138607,0.0002197232120024
uj0049,0.0002021674992775,0.0002038121772629,0.0002798380629187,0.00021094127445,0.0006984125120542,0.3379472643081746,0.0002794483102571,0.0002023217724158,0.0001521334644933,0.0002457699748071,0.0001665688204654,0.0003112332693599,0.000239533587615,0.0003073804079574,0.0001915950351088,0.0002995575849223,0.0001299370203303,0.000199383793483,0.0001933756989891,0.0002932688502748,0.0001592506568033,0.0001809009663384,9.48970783718415e-05,0.000245938328842,0.000206678419559,0.0002658899315509,0.3100195759133658,0.000227945488482,0.0002343567962867,0.0002511736757403,0.0001954514105662,0.000100158714719,0.0179497442958446,0.0002367287341593,0.0002509902039189,0.0002098905545772,0.0001679907809563,0.0002202362508481,0.0004012690890917,5.955045500582023e-05,0.0001111418887478,0.0002474163374324,0.0004282844265197,0.0002730986868251,0.0002174231086598,1.080793682356387e-05,0.3213219019722044,0.0001414000293797,0.0001973377152731,0.0001933771323296,0.0001599981101333,0.0003243223635064,0.0001579512115541,0.0002400713381325,0.0001853404470904,0.0003443766549749,0.0001971027401252,0.0001991204094033,0.0004206728007298,0.0001962935205079
uj0050,7.520127661584063e-05,7.581305588091643e-05,0.0001040927926219,7.846490255013486e-05,0.0002597920669675,0.1984266410072561,0.000103947814335,7.525866238255868e-05,5.658986131192389e-05,9.142031199569022e-05,6.195945435424555e-05,0.0001157710278102,8.910053121989434e-05,0.0001143378592885,7.126858315474558e-05,0.0001114279638746,4.8333336680817536e-05,7.416580736280955e-05,7.193094578720002e-05,0.0001090887111486,5.923727966324695e-05,0.0066780790323265,3.529935061856938e-05,0.0199238480650573,7.687922665774666e-05,9.890443500258904e-05,0.5912963271732263,8.479004683705158e-05,8.71748937259859e-05,9.343035421355382e-05,7.270305881745232e-05,3.725654834723424e-05,6.606962884667969e-05,8.805719556334541e-05,9.336210726365676e-05,7.807406091594653e-05,6.248838825606378e-05,8.192240236464268e-05,0.0001492621112395,2.2151286707784835e-05,4.134201565138355e-05,9.203271790485254e-05,0.0001593111441951,0.000101585912497,8.087598350595092e-05,4.020283426465668e-06,0.1790208433664232,5.25972906667948e-05,7.34047172074219e-05,7.19314789541933e-05,5.951531369360943e-05,0.0001206398449696,5.8753918381257e-05,8.930056102468187e-05,6.894203212465463e-05,0.0001280995421289,7.331731230229084e-05,7.406783504228842e-05,0.0001564798088985,7.30163027508007e-05
uj0051,0.0001887495744873,0.0001902850946428,0.0002612651167474,0.0001969410312565,0.0006520586391877,0.2989250070153366,0.0002609012321008,0.0001888936084657,0.0001420363153871,0.0002294581390796,0.0001555135919377,0.0002905766127984,0.0002236356629989,0.0002869794671006,0.0001788788083145,0.0002796758474562,0.000121313056674,0.0001861506241809,0.0001805412889353,0.0002738044982383,0.0001486811372544,0.0001688945084781,8.859872742548242e-05,0.1495628705939163,0.0001929611034756,0.0002482427275406,0.339221224351552,0.0002128166698952,0.0002188024570489,0.000234503194568,0.0001824792348383,9.351114720208112e-05,0.0001658298222123,0.0002210169686086,0.000234331899833,0.0001959600480144,0.0001568411764335,0.0002056190969509,0.0003746367249516,5.559807131733236e-05,0.0001037653642837,0.0002309952320649,0.0003998590453661,0.0334401408740886,0.000202992663954,1.0090610428602048e-05,0.1672549881226316,0.000132015261965,0.0001842403448686,0.0001805426271445,0.000149378981856,0.0003027969793727,0.0001474679366226,0.000224137722834,0.0001730393394024,0.0003215202607847,0.0001840209651002,0.0001859047209909,0.0003927526057349,0.0001832654536605
uj0053,3.3138952734623514e-05,3.3408545553545145e-05,4.587057946284728e-05,3.457713504278511e-05,0.0001144825914597,0.2301863403185306,4.580669186924583e-05,3.3164240925150174e-05,0.0699411772058069,4.028619638581447e-05,2.7303677832457155e-05,5.101682832116845e-05,3.926393840106645e-05,5.0385273831133305e-05,3.140593238454691e-05,4.910296998042037e-05,2.129905543963687e-05,3.268265241395682e-05,3.169781578012034e-05,4.807213128978588e-05,2.610409688809073e-05,2.965297881490352e-05,1.5555367732484304e-05,4.031379269297128e-05,3.3878375117222674e-05,4.358422548514343e-05,0.3625277839603532,3.7364436894515306e-05,3.841536756867704e-05,4.117196185483244e-05,3.2038062892493534e-05,1.6417846216112538e-05,2.9114908763171688e-05,3.880417159171631e-05,4.114188746582341e-05,3.4404902827788886e-05,2.7536763178356752e-05,3.610075176964276e-05,0.0233711885957966,9.761409330460074e-06,1.8218189428139008e-05,4.055606534803711e-05,7.020365497982947e-05,4.476587239259274e-05,3.563962628535144e-05,1.7716186273009697e-06,0.2478533757855185,2.317805239238469e-05,3.234726275275437e-05,3.1698050730863e-05,2.6226618167056063e-05,5.3162370378178326e-05,2.589109403230892e-05,3.935208555154945e-05,3.0380690951283355e-05,5.644963573722925e-05,3.2308746026040954e-05,3.263947894343668e-05,0.0641588424049549,3.217610012229574e-05
uj0054,0.0002512937686613,0.0002533380998752,0.0003478381129363,0.0002621995524118,0.0008681252568369,0.0003441520405014,0.0003473536512125,0.0002514855298419,0.0001891015705723,0.0003054915523702,0.0002070446871323,0.00038686228731,0.0002977397364456,0.0003820731888377,0.0002381522183406,0.0003723494365575,0.0001615114380111,0.0002478336283201,0.0002403655797305,0.000364532552858,0.0001979482253721,0.0002248595137602,0.0001179568651946,0.0003057008160751,0.0002569008329112,0.0003305006155159,0.4074443833647239,0.0002833357540391,0.0002913049959107,0.0003122083410581,0.0002429456847757,0.0001244970679064,0.0002207793108587,0.0002942533096067,0.000311980285977,0.00026089350986,0.0002088121809774,0.0002737531881695,0.0004987766184255,7.402108804526802e-05,0.0001381491297038,0.0003075379775878,0.0005323566249953,0.0003394610828843,0.0002702564584538,1.3434242326553596e-05,0.3552210072231949,0.0001757599337117,0.0002452903574869,0.0002403673613697,0.0001988773082607,0.0004031320033039,0.0001963330177102,0.0002984081591872,0.0002303777788278,0.0004280594446531,0.2211521423798719,0.000247506242473,0.0005228953904387,0.0002439924256299
uj0055,2.026757376872848e-05,2.0432455030631027e-05,2.8054156102110167e-05,2.1147156966693904e-05,7.001682842024176e-05,2.7756863632860423e-05,2.8015082854183687e-05,2.028303986601529e-05,1.5251591998372224e-05,2.463878275362324e-05,1.6698756567788343e-05,3.1201569335217095e-05,2.401357623963146e-05,3.081531460597861e-05,1.9207669490245124e-05,3.00310656860936e-05,1.3026367513299815e-05,1.998850338035908e-05,1.938618352775937e-05,2.9400611266685665e-05,1.5965100453903192e-05,1.8135574180824443e-05,9.51356446120976e-06,0.3973393863108331,2.0719799818404448e-05,2.665583647880705e-05,0.5050068830044613,2.2851853139443885e-05,2.3494595688822595e-05,2.518051130880348e-05,0.0018012746830122,1.0041050843500076e-05,1.7806493942424982e-05,2.3732385768721345e-05,2.516211800281487e-05,2.104182083399408e-05,1.684131009023246e-05,2.2078991314452056e-05,4.022778583769369e-05,5.970016170280212e-06,1.1142129358291309e-05,2.4803832903021075e-05,4.2936111093560814e-05,2.737852424921136e-05,2.1796969886546448e-05,1.0835107405600337e-06,0.0856633810204875,1.4175550158146755e-05,1.978338118612065e-05,1.9386327222146664e-05,1.6040033692728043e-05,3.251376927896861e-05,1.583482925532071e-05,2.4067486479017235e-05,1.8580638318022345e-05,3.452423996871798e-05,0.0089281618571189,1.996209875901735e-05,4.217303499207103e-05,1.9678699204555024e-05
uj0056,7.885010617349281e-05,7.949156948604258e-05,0.0001091434629769,8.227208599897171e-05,0.0002723973978269,0.3952063038520437,0.0001089914502208,7.891027634615729e-05,5.9335649254769664e-05,9.58561028704078e-05,6.496577949389284e-05,0.0001213883360157,9.342376436896004e-05,0.0001198856289448,7.472659509881744e-05,0.0001168345429439,5.0678511063984485e-05,7.776439507635314e-05,7.542109612652186e-05,0.0001143817876967,6.211152258407302e-05,7.055565535336277e-05,3.7012104971942045e-05,9.592176492577615e-05,8.060947177088797e-05,0.0001037033618567,0.3357929989150196,8.890413163742286e-05,9.1404693314861e-05,9.79636740370702e-05,7.623067273416825e-05,3.906426759008616e-05,6.927538312968734e-05,9.232980518374928e-05,9.789211568743086e-05,8.186228039806148e-05,6.552037771607704e-05,8.589734662933908e-05,0.0001565044351446,2.3226085877648496e-05,4.334796522391928e-05,0.0139595970650698,0.0001670410556801,0.0001065149469076,8.480015464240929e-05,4.2153509792622e-06,0.2500910309168746,5.514935570443803e-05,7.696637618278457e-05,7.542165516322868e-05,6.240304706079059e-05,0.0001264933923024,6.160470820378318e-05,9.363349978909037e-05,7.228715784460892e-05,0.0001343150402784,7.68747303177167e-05,7.766166905596098e-05,0.0001640723415998,7.65591155281503e-05
uj0057,0.0002096182221385,0.2213365653359263,0.0002901512728077,0.0002187153478372,0.0007241519513242,0.0002870765131167,0.0002897471561208,0.000209778180891,0.0001577402226809,0.0002548276323257,0.0001727075822496,0.0003227035246849,0.0002483614080293,0.000318708669131,0.0001986561181873,0.0003105975421566,0.0001347257461706,0.0002067319250746,0.0002005024070227,0.0003040770411808,0.0001651197134693,0.000187567927993,9.839443493904518e-05,0.0002550021909151,0.0002142953888097,0.0002756890941196,0.1924553771324997,0.0002363462386925,0.000242993830162,0.1292501548788295,0.0002026546173039,0.0001038499847211,0.0001841644019814,0.0002454531839238,0.0002602402488416,0.0002176259045167,0.2212994237704662,0.0002283528832192,0.0004160575431519,6.174513979978721e-05,0.0001152379349188,0.00025653467034,0.0004440685094168,0.0002831635223527,0.0002254360649065,1.120625476418268e-05,0.2041742414551579,0.0001466112153281,0.0002046104402749,0.0002005038931878,0.0001658947135991,0.0003362750070162,0.000163772378196,0.018676022462124,0.0001921710222874,0.0003570683834931,0.0002043668053043,0.0002064588341834,0.0004361763631947,0.0002035277625397
uj0058,7.570172469755353e-05,7.63175752201055e-05,0.0001047855074365,7.89870693500896e-05,0.0002615209264684,0.3794262337087712,0.0001046395643507,7.575949235402351e-05,5.696645448709861e-05,9.202869421773086e-05,0.0399910621623656,0.000116541458731,8.969347580721009e-05,0.0001150987527855,7.1742860019863e-05,0.0001121694926528,4.865498448672199e-05,7.465936462265517e-05,7.240963053106268e-05,0.0001098146727105,5.963149082969832e-05,6.773846043610394e-05,3.553426009215473e-05,9.209173447322062e-05,7.739084113074267e-05,9.956262242968277e-05,0.3889330415313889,8.535430609164796e-05,8.775502361608813e-05,9.405211282782288e-05,7.318688180500236e-05,3.750448254450676e-05,6.65093078056515e-05,8.864319697959545e-05,9.398341170937052e-05,7.859362675013466e-05,6.290423484058161e-05,8.246757807119526e-05,0.0001502554180104,2.229869868586884e-05,4.161713774183116e-05,9.264517555454896e-05,0.0001603713250869,0.0001022619445716,8.141419552340052e-05,4.04703753516245e-06,0.1868669697344158,5.294731415578367e-05,7.389320957840638e-05,7.241016724616592e-05,5.991137511584643e-05,0.0001214426768059,5.914491288387988e-05,8.989483676668802e-05,6.940082630048255e-05,0.0001289520166215,7.380522301270953e-05,7.456074031772537e-05,0.0001575211478719,7.350221030835552e-05
uj0059,0.0001123311494814,0.0001132449885965,0.0001554875605064,0.000117206157848,0.0003880617832821,0.503768565914109,0.0001552710006505,0.0001124168688925,8.453053533439367e-05,0.0001365581702142,9.255131085623871e-05,0.0001729318066901,0.0001330930210463,0.0001707910256463,0.0001064567282359,0.0001664443986817,7.219743483036455e-05,0.0001107844277145,0.0001074461257465,0.0001629501634843,8.848508983061192e-05,0.0001005147393311,5.272804943445596e-05,0.000136651713451,0.0001148375704554,0.000147737503572,0.3401290126229941,0.0001266542784167,0.0001302166194357,0.000139560650531,0.0001085994618084,5.565159382781252e-05,9.869084260465848e-05,0.0001315345489183,0.000139458707337,0.0001166223420937,9.334140054440312e-05,0.0001223707633703,0.0002229587752242,3.30882614013431e-05,6.175421946259449e-05,0.0001374729453725,0.000237969416983,0.0001517429335703,0.0001208076857402,6.005257874055391e-06,0.1489129989899802,7.856667314832334e-05,0.0001096475569609,0.0001074469221593,8.890040036297344e-05,0.0001802045532809,8.776307378428668e-05,0.0001333918135524,0.0001029814660689,0.0001913474007749,0.0001095169967643,0.0001106380825475,0.0002337401384023,0.0001090673667786
uj0060,6.107085026758607e-05,6.156767534257939e-05,8.453360951072253e-05,6.372123626809062e-05,0.0002109767697632,8.363779908553758e-05,8.441587284915585e-05,6.111745316748936e-05,4.595654624985429e-05,7.424230593618348e-05,5.031718515709889e-05,9.40174877727505e-05,7.235841525257222e-05,9.28536136453566e-05,5.787711547585171e-05,9.049049169966455e-05,3.925143428675872e-05,6.022994715324679e-05,0.0054270269000565,8.85907878728747e-05,4.8106510944672426e-05,5.4646646310606425e-05,2.866655265950068e-05,0.085972083255595,6.243351112092785e-05,8.032015163384863e-05,0.6144062071435872,6.885787698817384e-05,7.079460777014232e-05,7.587465837543472e-05,5.9042051130563794e-05,3.0255990163892373e-05,0.0107908788136925,7.151112384307357e-05,7.581923512404931e-05,6.340383433033114e-05,5.074673162988559e-05,6.652906697222438e-05,0.000121215549208,1.798902857296095e-05,3.357379237726949e-05,7.473963990795223e-05,0.0001293763546435,8.249777571062265e-05,0.0967006931265433,3.264866478599449e-06,0.1829628566007678,4.271418528174172e-05,5.961186691562989e-05,5.8415452216036186e-05,4.833230198708119e-05,9.797144729451772e-05,4.771397393192524e-05,7.252085917383221e-05,5.598772667831295e-05,0.0001040294567959,5.954088551592335e-05,6.015038397046362e-05,0.0001270770312578,5.929643608533621e-05
uj0061,6.967407021368155e-05,7.024088441402967e-05,9.644209338267698e-05,7.269782343610104e-05,0.00024069765208,9.542008765999572e-05,9.630777083126696e-05,6.972723819326258e-05,5.2430572296946254e-05,8.47010253493845e-05,5.740550649335335e-05,0.0001072619918617,8.255174576362937e-05,0.0001059341595601,6.603042514982229e-05,0.0001032381380761,4.478089262717959e-05,6.87147067469103e-05,6.6644104898855e-05,0.0001010708177059,5.48834084773392e-05,6.234487083943967e-05,3.270488938717697e-05,8.475904610392914e-05,7.122869287829444e-05,9.163507401632772e-05,0.27834099743949,7.855807697155064e-05,8.076764038677447e-05,8.656333180111292e-05,6.73594685190434e-05,3.451823535822567e-05,6.121358793908797e-05,8.158509406485336e-05,8.65001009226893e-05,7.233570820763254e-05,0.2328042139934483,7.590120103393646e-05,0.0001382915195957,2.0523192887878328e-05,3.830342556528978e-05,8.526842013620733e-05,0.0001476019603121,9.411946603247568e-05,7.493169274479057e-05,3.724797268607353e-06,0.4782330784531556,4.873145095246616e-05,6.80095558330992e-05,6.664459887869413e-05,5.514100732971277e-05,0.0001117729566204,5.443557368761903e-05,8.273707361031995e-05,0.0061887779894703,0.0001186843747111,6.792857508687823e-05,6.862393527804472e-05,0.0001449787248681,6.76496893874685e-05
uj0062,3.0394107221719947e-05,3.064137010628144e-05,4.207119403201757e-05,3.171316723030536e-05,0.0001050001847588,4.162536172422903e-05,0.0374483742570494,3.041730083258827e-05,2.28719297035786e-05,3.694935631524635e-05,0.0454470527444553,4.679118747423775e-05,3.601177029538918e-05,4.621194361459606e-05,2.8804630126307165e-05,0.0508108123879908,1.9534889347221707e-05,2.997560151386881e-05,2.9072337295339983e-05,4.409039490471846e-05,2.394193703393172e-05,2.7196870847457905e-05,1.4266941943534594e-05,3.69746668652014e-05,0.0053748382357242,3.997421503266217e-05,0.0092023576694613,3.4269601406702054e-05,3.523348520378092e-05,3.776175527227498e-05,2.938440229323434e-05,1.5057982738267806e-05,2.670336826226465e-05,3.5590085222469655e-05,3.773417189595382e-05,0.1870633634952576,2.5255937907405127e-05,3.311058526375257e-05,6.032728189349311e-05,8.952887684803647e-06,1.6709206452560294e-05,3.719687247060871e-05,6.438880051222028e-05,4.105798805019945e-05,3.2687654052725656e-05,1.6248783401632051e-06,0.5239030944094545,2.125825204092064e-05,2.966799163237147e-05,2.907255278549507e-05,2.405431007479502e-05,0.1389866737508533,2.37465768579778e-05,3.609261636087966e-05,2.786430777211867e-05,5.17740042953072e-05,2.9632665183435924e-05,2.9936004031636013e-05,6.324445945237435e-05,2.9511006123982858e-05
uj0063,0.000240661020897,0.0002426188523212,0.0003331203786393,0.0002511053588726,0.0008313931208474,0.0003295902713866,0.0003326564154711,0.0002408446682741,0.000181100300535,0.0002925655867253,0.0001982842075313,0.0003704933612423,0.0002851417658158,0.0003659068992155,0.0002280755161581,0.2753847452415623,0.0001546775623023,0.0002373472860941,0.0002301952257495,0.000349108443032,0.0001895726354719,0.000215345252802,0.0001129658715804,0.0002927659960595,0.0002460308389143,0.0003165164658116,0.263268517634907,0.0002713472450468,0.0002789792921715,0.0002989981744946,0.0002326661613303,0.0001192293450834,0.0002114376915402,0.0002818028567501,0.0002987797688854,0.0002498545776236,0.0001999769151358,0.0002621701369263,0.0004776723705856,7.088910605216758e-05,0.0001323037605256,0.0002945254235517,0.000509831539139,0.000325097797677,0.0002588213609194,1.28658123538412e-05,0.4248149340897716,0.0001683231753225,0.0002349116261954,0.000230196932004,0.0001904624069838,0.0003860746726359,0.0213440373599752,0.0002857819062389,0.0002206300289101,0.000409947383509,0.0002346319108149,0.0002370337526046,0.0005007706285583,0.0002336686124612
uj0064,0.0001399758075016,0.0001411145421148,0.0001937529967315,0.0001460505537837,0.0004835636573306,0.0001916997784271,0.0001934831415682,0.0001400826224307,0.0001053334715846,0.0001701650898696,0.0001153281572585,0.0002154902660205,0.0001658471686596,0.0002128226394835,0.0001326556931678,0.0002074063090882,8.996519920407126e-05,0.0001380484380291,0.0001338885810722,0.0002030521437866,0.0001102612406092,0.0001252513827966,6.570440462543779e-05,0.0001702816540655,0.0001430990578323,0.0001840956533982,0.2884798333778678,0.0001578238536394,0.0001622628855823,0.0001739064795802,0.0001353257527501,6.934743230846081e-05,0.0001229786257005,0.0001639051570663,0.0001737794482006,0.0001453230611691,0.0001163126877526,0.0001524861669841,0.0002778288546466,4.123127137802749e-05,7.695191205474294e-05,0.000171304990886,0.0002965336102821,0.0001890868183688,0.0001505384164761,7.483149812463812e-06,0.2840003030006321,9.790190492498383e-05,0.0001366317837664,0.000133889573482,0.0001107787589236,0.0002245528330957,0.0001093615366573,0.0001662194939007,0.0001283251701529,0.0002384379316017,0.0001364690927494,0.0001378660773659,0.4186606904308231,0.0001359088089758
uj0067,4.240365253765615e-05,4.2748615769045655e-05,5.869467658859677e-05,4.424390933060459e-05,0.0001464886373672,5.807268370913437e-05,5.861292785796436e-05,4.243601058025892e-05,3.190925638780324e-05,5.154906032449981e-05,3.493700229693667e-05,6.527966888476444e-05,5.0241008355078025e-05,6.447154989052516e-05,4.018612945073743e-05,6.283075069663514e-05,2.7253659868949912e-05,4.181978374719325e-05,4.0559615064073534e-05,6.151171910230333e-05,3.3402052959127274e-05,0.2572435309488134,1.990420197360609e-05,5.1584371766879135e-05,4.334979619045606e-05,0.0261490896300393,0.0016556099119981,4.781046075981877e-05,4.91552014794541e-05,5.2682460389338e-05,4.0994985500959424e-05,2.10078046804824e-05,3.725460139750303e-05,4.965270394521473e-05,5.264397806456347e-05,4.402352593288604e-05,3.5235251613935136e-05,4.619348555299172e-05,8.416424543389362e-05,1.2490419140318863e-05,2.3311472168789504e-05,5.1894376900929535e-05,8.983058144525888e-05,5.728112513638013e-05,4.56034426216797e-05,2.266912334342454e-06,0.5557135658396348,2.9657970425824795e-05,4.139062876537356e-05,0.0037681771308948,3.355882767024502e-05,6.802504290484687e-05,3.3129500619938124e-05,5.035379891823183e-05,3.8874259946246576e-05,7.223133328464612e-05,4.13413438676424e-05,0.152874070363191,8.823407984933096e-05,4.117161397732276e-05
uj0069,6.603400335704043e-05,6.657120479645422e-05,9.140355226356732e-05,6.889978297674325e-05,0.0002281225930498,9.04349404239622e-05,9.127624728793533e-05,6.6084393617454e-05,4.969137839155901e-05,8.027588707122389e-05,5.440640107387236e-05,0.0001016581736786,7.823889490260642e-05,0.0001003997129285,6.258071765633654e-05,9.784454296106986e-05,4.244135020396414e-05,6.512476107808206e-05,6.316233619079984e-05,9.579045253452464e-05,5.20160680798978e-05,5.908771222464624e-05,3.099624823067109e-05,8.033087657719975e-05,0.0581166312363756,8.68476718334251e-05,0.0083831466610825,7.445387218735172e-05,7.654799870430428e-05,8.204089879090843e-05,6.384032620275337e-05,3.2714857371381125e-05,5.801553230734729e-05,7.732274515957719e-05,8.198097135986719e-05,6.855658617283916e-05,5.4870856261604645e-05,7.193580263801165e-05,0.0001310665882046,1.945097485906925e-05,3.630229330089894e-05,8.081363876482981e-05,0.0001398906122875,8.92022687477633e-05,7.101694554492385e-05,3.530198172507718e-06,0.5229071169777988,4.6185514724769344e-05,6.44564502177144e-05,6.31628043630518e-05,5.2260208883359365e-05,0.2439122535542752,5.159163006562525e-05,7.841454044208742e-05,6.053778054881687e-05,0.0001124838031432,6.437970024672215e-05,6.503873189302928e-05,0.1626749511508004,6.411538471076203e-05
uj0070,6.680965170603014e-05,6.73531632188663e-05,9.247719630755622e-05,6.970909333496434e-05,0.0178500962314716,9.149720696339272e-05,9.234839598272308e-05,6.686063386032123e-05,5.027506306383363e-05,8.12188233783536e-05,5.504546932692447e-05,0.0001028522705161,7.915790430038384e-05,0.0412132651809902,6.331580303449047e-05,9.899384414450802e-05,4.2939874623824086e-05,6.58897292890118e-05,6.390425337428229e-05,9.691562596912087e-05,5.262705901299268e-05,5.978176807621743e-05,3.1360336239011295e-05,8.127445880184701e-05,6.83003612115686e-05,8.786780161272938e-05,0.1376897732271873,7.532842196628546e-05,7.74471465038467e-05,8.300456727171718e-05,0.2408616091053874,3.30991324996108e-05,5.869699412341564e-05,7.82309932828675e-05,8.294393592132252e-05,6.936186527412e-05,5.551538009634542e-05,7.278077467836688e-05,0.0001326061220444,1.967944982300719e-05,3.672870715485135e-05,8.17628916087755e-05,0.0001415337948441,9.025005608402756e-05,7.185112450972743e-05,3.571664572315509e-06,0.5584147765960621,4.6728018835110965e-05,6.521356831826005e-05,6.39047270457773e-05,5.2874067542194e-05,0.0001071777819074,5.219763546659604e-05,7.93356130068058e-05,6.12488691872007e-05,0.0001138050599467,6.513591682706216e-05,6.580268958828589e-05,0.0001390184050324,6.486849658899923e-05
uj0073,2.786292690047012e-05,2.808959806496521e-05,3.856756164536771e-05,2.9072137367763752e-05,0.0049950002294359,3.815885765182179e-05,0.0049372581642161,2.788418897865744e-05,2.0967186196806448e-05,3.387226367667181e-05,0.1763777521535964,4.289448038958069e-05,3.301275855801135e-05,4.236347517857028e-05,2.640581931720116e-05,4.128532588572082e-05,1.7908050067726578e-05,2.7479273784416337e-05,2.665123219368673e-05,4.041860618841078e-05,2.194808475754098e-05,2.493195206611384e-05,1.3078810230092377e-05,3.389546639810934e-05,2.8484626444203928e-05,3.664521623332327e-05,0.0035372533958106,3.141567514839983e-05,3.229928800080709e-05,3.461700714252137e-05,2.6937308838777733e-05,0.293938463094555,2.4479547711673505e-05,3.262619085013079e-05,3.459172087263694e-05,2.8927326104270445e-05,2.31526574076822e-05,3.035318030912424e-05,5.530330709306927e-05,8.207303254215704e-06,1.5317686239517234e-05,3.409916701991653e-05,5.902658791039903e-05,3.763873409334989e-05,2.9965470239839853e-05,1.4895606600272642e-06,0.5145643604165169,1.9487893436944424e-05,2.7197281239627985e-05,2.665142973811188e-05,2.205109952288076e-05,4.469843243281746e-05,2.176899391397189e-05,3.3086871872033684e-05,2.5543805742447788e-05,4.746233493556576e-05,2.716489672978981e-05,2.74429739271826e-05,5.797754603306734e-05,2.7053369272984024e-05
uj0076,0.0003319591251951,0.1170620145979148,0.0004594942258019,0.0003463656679942,0.0011467936604817,0.0004546249232822,0.0004588542517553,0.000332212441758,0.0002498032174638,0.0004035544097235,0.0002735060784948,0.0005110451689692,0.0003933142591352,0.0005047187688048,0.0003145991342514,0.0004918736898452,0.000213356646115,0.0003273882790224,0.0003175229851477,0.0004815475847114,0.0002614896504537,0.0002970394684966,0.0001558210455808,0.000403830847125,0.0003393660583364,0.0004365913877912,0.4215067675983367,0.0003742865951208,0.0003848139654342,0.0004124272890983,0.0003209313044955,0.0001644606548412,0.0002916495195414,0.000388708688493,0.0004121260282846,0.0003446403854882,0.0002758409382636,0.0003616280234413,0.0006588840256658,9.77818740368974e-05,0.000182495031561,0.0004062577378984,0.0007032432219338,0.0004484281672099,0.0003570088426967,1.77466371495764e-05,0.0607012886358492,0.0877776950951988,0.0003240286176769,0.0003175253386935,0.0002627169691596,0.0005325374674741,0.0002593559607673,0.0003941972457279,0.000304329097898,0.0005654666231301,0.0003236427883779,0.0003269558022444,0.2925091322057566,0.0003223140494005
uj0077,3.114300131698145e-05,0.0055068297636351,4.3107805127758645e-05,3.2494562239132744e-05,0.0001075873315959,4.265098775696615e-05,4.304776546906449e-05,3.116676640567277e-05,2.343548147949673e-05,3.785976814495877e-05,2.565918366533772e-05,4.794409661396368e-05,3.689908052093376e-05,4.735058050401249e-05,2.95143603796231e-05,4.614550951606301e-05,2.0016218283024983e-05,3.071418385852825e-05,2.9788663706150708e-05,4.5176758000071885e-05,2.453185320232048e-05,2.786698679587754e-05,1.4618471550935482e-05,3.788570233295229e-05,3.1837888461409275e-05,4.095915771850232e-05,0.1600035173970229,3.511398554844465e-05,3.610161891246703e-05,3.869218416573851e-05,0.4325893475717669,1.5429003156040758e-05,2.7361324578247927e-05,3.646700535960448e-05,3.86639211501865e-05,3.233270353039781e-05,2.5878230335051456e-05,3.392641188480749e-05,6.18137129593455e-05,9.173481916237353e-06,0.0657223217962597,3.811338296233744e-05,0.0164922755262005,4.206963430747588e-05,3.3493059881212815e-05,1.664914449320475e-06,0.3177944424022213,2.178204368621856e-05,3.039899463863426e-05,2.9788884505864768e-05,2.464699505314273e-05,4.996041317176744e-05,2.4331679459014373e-05,3.69819185890394e-05,2.855086899949293e-05,5.30496873026071e-05,3.036279776541477e-05,3.067361071609872e-05,6.480276816979712e-05,3.0238141093608928e-05
uj0078,0.0081157923273703,2.3202156478975155e-05,0.0506117157752273,2.401373913663904e-05,0.020311451397263,0.0506113781835683,3.181263999748293e-05,2.303248748792396e-05,1.7319006627897566e-05,2.7978668840529706e-05,1.8962340174457903e-05,3.543106753544838e-05,2.726871306930372e-05,3.4992454424341546e-05,2.181134633312543e-05,3.410189740951583e-05,1.4792144015152476e-05,2.269802539716109e-05,2.20140586663174e-05,3.3385982358190134e-05,1.8129234023943872e-05,2.059392419309072e-05,1.0803166382644365e-05,2.799783441108314e-05,2.352845200828585e-05,3.0269142309726385e-05,0.0008985956517015,0.0465594195779413,2.66793826177569e-05,2.8593830879921352e-05,2.2250359487319905e-05,1.1402155665336078e-05,2.022023580498286e-05,2.694940609925668e-05,0.1072578735270329,2.3894124267543408e-05,1.9124217400147084e-05,0.0546513193540593,4.568082398368768e-05,6.779275870530353e-06,1.2652489800785034e-05,2.816609220142617e-05,4.8756273619494296e-05,3.108979331369164e-05,2.4751636810994664e-05,1.2303849787720663e-06,0.5302389878445823,1.6097102988936534e-05,2.2465098064596512e-05,2.201422183905676e-05,1.8214324764634807e-05,0.1295213595810004,1.798130404050903e-05,2.73299310584378e-05,2.10993185639074e-05,3.920413953541168e-05,2.2438348288290618e-05,2.2668041523210547e-05,4.78897594837436e-05,2.234622601945198e-05
uj0079,0.000198637292314,0.1922799729705347,0.000274951588674,0.0002072578616433,0.0006862169775484,0.0002720379014319,0.0002745686417925,0.0001987888715668,0.0001494769414733,0.0002414783904547,0.0001636602302519,0.0003057985785284,0.0002353509017629,0.0003020129949931,0.0001882494423231,0.0002943267724722,0.000127668087017,0.0001959021950131,0.0001899990126198,0.0002881478504054,0.0001564698548466,0.0001777421111647,9.324000526131056e-05,0.0002416438047264,0.0002030694438407,0.0002612470166846,0.3046060783452818,0.0002239651516148,0.0002302645064917,0.0002467877330824,0.0001920384785516,9.840976400531812e-05,0.0001745168801501,0.0002325950260768,0.0002466074650078,0.0002062254892231,0.0001650573607634,0.0002163905310904,0.0003942622114404,5.8510597305213645e-05,0.000109201152126,0.0002430960046371,0.0004208058126464,0.0002683298941686,0.0700607973184119,1.0619210871217177e-05,0.4204818017399395,0.0001389309313787,0.0001938918449968,0.0001900004209316,0.0001572042563015,0.0003186591136263,0.000155193100241,0.0002358792621924,0.000182104070624,0.0003383632212144,0.0001936609729362,0.0001956434100916,0.0004133270994882,0.0001928658837441
uj0080,2.121241748386816e-05,2.1384985261474583e-05,2.9361998539448395e-05,0.0335874468740344,7.328090733969047e-05,2.905084674375266e-05,2.93211037556462e-05,2.122860458727962e-05,1.5962598210066434e-05,2.57874056376002e-05,1.7477227408637886e-05,3.265613942955968e-05,2.513305293906013e-05,0.0634334002963855,2.010310206680442e-05,3.1431068666037474e-05,1.3633637116286594e-05,2.0920337254975103e-05,2.0289938159456308e-05,3.0771223412647303e-05,1.6709369353455365e-05,1.898102729133144e-05,0.0018746967318467,2.5805070178574413e-05,2.168572562978981e-05,2.789849136469435e-05,0.0269345737108882,2.3917172060419645e-05,2.4589878297863e-05,2.6354388760816777e-05,0.0671511354691424,1.0509149486738625e-05,1.863660582864058e-05,2.4838753792576493e-05,2.6335137986649573e-05,0.091394266067503,1.7626426561254082e-05,0.0074820669180298,4.210314452919011e-05,6.248329318274017e-06,1.1661558620894912e-05,2.596015017598218e-05,4.4937727822933886e-05,2.865486974876888e-05,2.281311174158035e-05,1.1340223767917004e-06,0.4905759053818527,1.483639292247594e-05,2.070565257347138e-05,2.0290088552659174e-05,1.6787795866836244e-05,0.2126143506793899,1.657302510811115e-05,2.518947639248161e-05,1.944683964721915e-05,0.0037656130266791,2.068099781465327e-05,2.089270169001822e-05,4.413907826470513e-05,2.059609047583961e-05
uj0081,6.140048564430449e-05,6.189999237707793e-05,8.498988722905037e-05,6.406517734030693e-05,0.0002121155357485,0.0054816786852266,8.487151507332208e-05,6.144734008752835e-05,4.620460081875864e-05,7.464303542297609e-05,5.058877666453651e-05,9.452495557227022e-05,7.2748976270898e-05,0.0216837125738887,5.818951238337248e-05,9.097892222241245e-05,3.946329741411264e-05,6.0555043680192125e-05,5.87303195230318e-05,8.906896457430106e-05,4.8366170140317725e-05,0.0054525310501115,2.882128294152113e-05,7.469416638885139e-05,0.2861350110144827,8.075368683641902e-05,0.3640358157503087,6.922954353811664e-05,7.117672799770906e-05,7.628419863052173e-05,5.936073588247696e-05,3.0419299577007865e-05,5.394465998560674e-05,7.189711153023175e-05,7.622847622717972e-05,6.374606219719882e-05,5.102064165283027e-05,6.688816356180885e-05,0.0001218698209768,1.808612596368769e-05,3.375500992458799e-05,7.514305379934082e-05,0.0001300746750896,8.294306483392207e-05,6.603378144221729e-05,3.282488887439231e-06,0.3134925616314858,4.294473891731213e-05,5.993362729920934e-05,5.8730754844262896e-05,4.859317991007346e-05,9.850025694421271e-05,4.79715143739343e-05,7.291229699775257e-05,5.628992544080519e-05,0.0001045909650937,5.986226277104905e-05,6.0475051048013465e-05,0.0001277629409003,5.961649390279588e-05
uj0083,8.227172952852125e-05,8.294102851508755e-05,0.0001138796369669,8.584220282673603e-05,0.0002842178168914,0.0001126728439931,0.0001137210277657,8.233451072706833e-05,6.191046180897453e-05,0.0073323529237653,6.778490605162801e-05,0.0001266558643133,9.747779738923476e-05,0.0001250879487366,7.796928271764301e-05,0.0001219044638382,5.287765556067116e-05,8.113890505859027e-05,7.869392093921825e-05,0.0001193452736724,6.480679145057817e-05,7.361734911513427e-05,3.861820912241857e-05,0.0001000841962407,8.41074410778779e-05,0.0001082034679713,0.1406266282500496,9.276203960903436e-05,9.537111071850018e-05,0.0073345519509246,7.95386283331481e-05,4.075942333330384e-05,7.228152072858338e-05,9.633636691350563e-05,0.0001021400484495,8.54146141119767e-05,6.836357052206187e-05,8.962477810185019e-05,0.0001632957922707,2.4233959192492225e-05,4.522900784264164e-05,0.5786876647830528,0.0001742896391647,0.0001111370590098,8.847997454012849e-05,4.398272018436835e-06,0.2609434869729957,5.7542508138220194e-05,8.03062569144538e-05,7.869450423477702e-05,6.511096634726987e-05,0.0001319824495322,6.427798435519358e-05,9.769663407310108e-05,7.542398846606077e-05,0.0001401435102837,8.021063416656956e-05,8.103172134286198e-05,0.000171192100636,7.988132358142876e-05
uj0086,0.0001050684416167,0.0001059231969731,0.0001454345989389,0.0001096282590342,0.0003629718649605,0.0001438934151344,0.0001452320406399,0.0001051486188869,7.906526068332394e-05,0.0001277290778262,8.656745743398233e-05,0.0001617509971077,0.0001244879659466,0.0001597486270692,9.957382780285772e-05,0.0278647298895887,6.752954991883833e-05,0.0001036217222835,0.0001004992563688,0.0001524147114804,8.276413566256106e-05,0.0185667139220392,4.931894678492817e-05,0.101727655062458,0.0001074128113395,0.0001381856176164,0.0225749943596736,0.0001184655166332,0.000121797536479,0.0001305374344515,0.0001015780241303,5.205347104489647e-05,9.231004117892216e-05,0.0001230302559655,0.0001304420823379,0.0001090821895621,0.0832144470465342,0.0001144589498649,0.0002085434998726,3.0948958301352554e-05,5.776153482040707e-05,0.0001285847087066,0.0002225836369542,0.0001419320787705,0.0001129969321478,5.616991273088321e-06,0.6103389086657947,7.348698868308486e-05,0.0001025583552749,0.00010050000129,0.1293920379446448,0.000168553528321,8.208880116131342e-05,0.0001247674401897,9.63232567743608e-05,0.0001789759412205,0.000102436236375,0.0001034848389818,0.0002186278000231,0.0001020156769655
uj0088,0.0004171770863857,0.0004205709156237,0.0005774520047262,0.0004352819646483,0.001441189597316,0.0005713326927877,0.0005766477415267,0.0004174954324037,0.0003139307538844,0.0005071517547456,0.000343718428792,0.0006422367045241,0.0004942828324526,0.0006342862401821,0.0003953605737734,0.0006181436725945,0.0002681279025994,0.0004114328481831,0.0003990350128996,0.0006051667301746,0.0003286172369329,0.0003732931273876,0.0001958222108062,0.0005074991570038,0.0004264854697149,0.0005486697285178,0.0162882789086477,0.0004703705347275,0.0004836004095565,0.0005183024106081,0.4771545684087018,0.0002066797132671,0.0003665195127158,0.0004884949555853,0.0371910968985613,0.0004331137810545,0.0003466526755759,0.0004544623531165,0.0375012006871809,0.0001228836751755,0.0002293437347195,0.0005105490602751,0.000883774344731,0.0005635451537593,0.000448657372267,2.230241562075438e-05,0.4063426084635604,0.0002917820741826,0.0004072107207434,0.0003990379706294,0.0003301596233381,0.0006692463385107,0.0003259358030482,0.0004953924924865,0.0003824540936744,0.0007106288105414,0.0004067258443516,0.0004108893493349,0.0008680675873094,0.0004050560018527
uj0090,9.00905088312435e-05,9.082341534245388e-05,0.0001247023065962,9.400030576936458e-05,0.000311228752445,0.0001233808247981,0.0001245286238048,9.015925650622924e-05,6.779418687696614e-05,0.0001095207793782,7.422691503224276e-05,0.000138692735984,0.0001067417011514,0.0001369758119213,8.537917451710333e-05,0.0001334897812277,5.79029385010392e-05,8.88500252107164e-05,8.617267948502368e-05,0.0001306873757653,7.096577221558028e-05,8.061365038266927e-05,4.228833075380945e-05,0.000109595801826,9.2100679135146e-05,0.0001184866969821,0.3757419838435639,0.0001015777764305,0.0001044348033239,0.0001119287933685,8.709766452385491e-05,4.463303748212089e-05,7.91508701573688e-05,0.0001054917936444,0.0001118470340856,9.353208071679886e-05,7.486057348190347e-05,9.814236201615076e-05,0.0001788147775667,2.653705868539381e-05,4.952739359956333e-05,0.0001102544366038,0.0001908534361237,0.0001216990848932,9.688876085839738e-05,4.816266369869238e-06,0.4203769110967374,6.301112019045462e-05,8.793824548501316e-05,0.0159255131650242,7.129885468964137e-05,0.0001445255387639,7.038670938841247e-05,0.0001069813352069,8.259198558155542e-05,0.0001534621944039,8.7833535129924e-05,8.873265517919133e-05,0.1823398697581119,8.747292817114402e-05
uj0092,3.015241604044169e-05,3.0397712712993065e-05,4.173664771653576e-05,3.146098700359055e-05,0.0001041652328221,4.1294360626783584e-05,4.16785177775024e-05,3.017542521782203e-05,2.2690054195018805e-05,3.6655538388298936e-05,2.4843025669253584e-05,4.64191081994111e-05,3.5725407967352305e-05,4.584447043435425e-05,2.857557832258991e-05,4.467772990677685e-05,1.937954968062028e-05,2.973723825198508e-05,2.884115670851855e-05,4.373979208721141e-05,2.375155292422227e-05,2.6980603799564583e-05,1.415349251643324e-05,3.668064767105857e-05,3.082520046692268e-05,3.965634370380764e-05,0.0064785449519333,3.399709264750408e-05,3.49533117281354e-05,3.746147722257544e-05,2.915074019388068e-05,1.4938243026581887e-05,2.649102550212584e-05,3.5307076095849686e-05,3.743411318675861e-05,3.130427663788527e-05,2.5055104982042245e-05,3.2847292895701297e-05,5.98475648247277e-05,8.881695134727839e-06,1.6576336359805743e-05,0.3552221793271727,6.387678661612637e-05,4.073149865670049e-05,3.2427724795268386e-05,1.611957455117868e-06,0.5939548838995048,2.108920835063552e-05,2.9432074456338832e-05,0.0424390238470051,2.3863032384866485e-05,4.837129049235469e-05,2.355774623465163e-05,3.580561115226967e-05,2.7642733326394144e-05,5.136230211348768e-05,2.9397028920118087e-05,2.9697955645336103e-05,6.274154525249859e-05,2.927633728246089e-05
uj0097,0.0001382743440289,0.0001393992368549,0.0001913978494204,0.0001442752492732,0.0004776857423228,0.0001893695888285,0.0001911312744575,0.0001383798605787,0.0001040530999436,0.0123235076803764,0.08520180341591,0.0002128708932668,0.0001638312281585,0.0002102356928268,0.0001310432086936,0.0002048852001536,8.887163523050915e-05,0.0001363704025246,0.0001322611103388,0.000200583961521,0.0001089209699103,0.0001237289007582,6.490574058158076e-05,0.0001682118105716,0.0001413596299682,0.0001818578950647,0.1026420771762865,0.0001559054398301,0.0001602905135152,0.0001717925748424,0.0001336808126042,6.850448576576991e-05,0.0001214837699588,0.0001619128225143,0.0001716670875814,0.0001435565996303,0.0001148988592264,0.00015063263495,0.000274451730726,4.073008832766936e-05,7.601652993516466e-05,0.0001692227083125,0.0002929291223687,0.0123421994074886,0.0001487085601499,7.392189050790667e-06,0.6208996710678933,9.671186703126216e-05,0.0001349709682767,0.0001322620906854,0.0001094321975769,0.0002218233011143,0.0001080322022297,0.0001641990276333,0.0001267653249659,0.000235539620541,0.0001348102548359,0.0001361902585302,0.158308066302513,0.0001342567815419
uj0101,3.180840667239501e-06,3.206717520044379e-06,4.40288520140295e-06,3.318884521833772e-06,1.0988605630431497e-05,4.356227422477646e-06,4.396752954029688e-06,3.1832679529015512e-06,2.3936206978764824e-06,3.866868480080577e-06,2.6207421070354493e-06,4.896847632363543e-06,3.7687471001946174e-06,4.836227907245235e-06,3.0144967984147668e-06,0.0036397875881049,2.0443887366845408e-06,3.1370427045194964e-06,0.0002826636241392,4.614201039843591e-06,2.5056003920258594e-06,2.846239640539084e-06,1.4930811686651602e-06,3.869517310198201e-06,3.2518140864562526e-06,4.183429632899517e-06,0.0213753973012517,0.0676718952681713,3.68729707266018e-06,3.951888632891415e-06,3.075171812582568e-06,1.5758661213856918e-06,2.7945930144046346e-06,3.724616406737311e-06,3.949001944215149e-06,0.0002829234637497,2.6431147919272204e-06,3.4651287946955294e-06,6.313443266848662e-06,9.369483705940432e-07,0.001959096448469,3.892771838485944e-06,6.738494198562351e-06,4.296849950301568e-06,3.4208676888941418e-06,0.3296734598330741,0.4194540654412924,2.224744162179772e-06,3.1048503452054422e-06,3.0425357628035886e-06,0.1437277683776871,5.1027873759294096e-06,2.4851553239111675e-06,0.0117478638668844,2.916089052377083e-06,5.418315371693505e-06,3.1011533191805085e-06,3.1328987011807047e-06,6.618735241544895e-06,3.088421308958149e-06
uj0102,0.0001952282569615,0.0001968164826531,0.0002702328388606,0.0002037008791189,0.0006744400452878,0.0002673691566438,0.0002698564641562,0.0001953772347942,0.0001469116015417,0.0002373341114003,0.0001608514751372,0.0003005504292367,0.0002313117833526,0.000296829814308,0.00018501868441,0.0002892755035947,0.0001254770330766,0.0001925400997053,0.0001867382283862,0.0002832026248772,0.0001537845017561,0.0001746916812401,9.163980989764994e-05,0.0002374966868139,0.0001995843434096,0.0002567634662634,0.1620815031229524,0.0002201214367176,0.000226312681364,0.000242552334498,0.0001887426927764,9.672084466582522e-05,0.0001715218019997,0.0002286032043122,0.0002423751602043,0.0002026862243893,0.0001622246279392,0.000212676812675,0.0003874958394196,5.750643191214638e-05,0.0001073270297806,0.2576705959982445,0.000413583896383,0.0002637247866145,0.0002099602294063,1.0436962790533e-05,0.5677244494084134,0.0001365465832479,0.00019056425154,0.0001867396125284,0.0001545062993315,0.0003131902503976,0.0001525296589554,0.0002318310760014,0.000178978780265,0.0003325561938949,0.0001903373417315,0.0001922857560794,0.0004062335337336,0.0001895558979488
uj0103,1.7254804204878995e-05,1.7395175910128266e-05,2.388391310172057e-05,1.8003637589475425e-05,0.0258457881703556,0.0015404648910365,2.385064808192524e-05,1.726797127083088e-05,1.2984446818723576e-05,2.097623411225852e-05,1.4216490751680218e-05,2.656346417718767e-05,2.044396438379265e-05,2.623462611288508e-05,1.6352454421435172e-05,2.556695559075367e-05,1.109000137399702e-05,1.7017217557081847e-05,1.6504432393750897e-05,2.503021805664542e-05,1.3591892428109157e-05,1.54397258006288e-05,8.099375581005624e-06,2.099060296937304e-05,1.763980697001235e-05,2.269345332635452e-05,0.0006736972680788,1.945493111998136e-05,2.0002130156739583e-05,2.143743485875584e-05,1.6681592406992383e-05,8.548451249905005e-06,1.515956325398798e-05,2.020457280317248e-05,2.142177571291355e-05,0.1532181558331926,1.4337853730128298e-05,1.8796955004052016e-05,3.424793594663974e-05,5.082574820923382e-06,9.485854730149676e-06,2.111674959992088e-05,3.655366935836265e-05,2.330871374784744e-05,1.8556855987977385e-05,9.224471510789886e-07,0.4855084109391455,1.2068358317889024e-05,1.684258672361128e-05,1.6504554728004935e-05,0.0151819964664196,0.0971050615951193,1.3480986009278508e-05,2.0489860880129817e-05,0.219956759934877,2.9392220686110244e-05,1.6822531817731335e-05,1.6994737975827854e-05,3.5904024320684586e-05,1.6753465691350354e-05
uj0104,2.4292800366996176e-05,2.4490427750784813e-05,3.362583116409527e-05,2.534707253978613e-05,8.392246918906202e-05,3.326949514240339e-05,3.357899780247047e-05,2.4311338097172087e-05,1.8280623222252465e-05,2.953215010091997e-05,2.001520084778249e-05,0.0021729280687723,2.8782774906540167e-05,3.6935367524071626e-05,2.302239457796933e-05,3.599536342362057e-05,1.5613459663138046e-05,2.395830540917058e-05,2.323636226475437e-05,3.523969806742494e-05,1.913583750039765e-05,2.173737656726229e-05,1.1402998941654642e-05,2.955237981626417e-05,2.483484043902907e-05,3.194979929931588e-05,0.1717908678473581,2.739032864352824e-05,2.8160722604719708e-05,3.01814682578076e-05,2.3485783398925977e-05,1.2035246369368904e-05,2.1342939589882383e-05,2.8445738808738427e-05,3.0159421962796217e-05,0.0064318100202486,2.018606610782117e-05,2.646397316358581e-05,4.821719568965842e-05,7.155686845759775e-06,1.3355003773655887e-05,2.9729979913980816e-05,5.146340589322939e-05,3.281601594342102e-05,2.612594107718498e-05,1.2987005951611945e-06,0.4998850245242571,1.6990874882889572e-05,2.371244507224348e-05,2.323653449745989e-05,1.922565280006777e-05,3.8971142539579386e-05,1.8979693886127632e-05,2.884739194941267e-05,2.227083234045109e-05,4.138090128362479e-05,2.368421004742746e-05,2.3926656717406083e-05,0.3182444792472809,2.358697280263621e-05
uj0107,6.967407021368155e-05,0.1286932063320635,9.644209338267698e-05,7.269782343610104e-05,0.00024069765208,9.542008765999572e-05,9.630777083126696e-05,6.972723819326258e-05,5.2430572296946254e-05,8.47010253493845e-05,5.740550649335335e-05,0.0001072619918617,8.255174576362937e-05,0.0001059341595601,6.603042514982229e-05,0.0001032381380761,4.478089262717959e-05,6.87147067469103e-05,6.6644104898855e-05,0.1960979705474575,5.48834084773392e-05,6.234487083943967e-05,3.270488938717697e-05,8.475904610392914e-05,7.122869287829444e-05,9.163507401632772e-05,0.0517195821269647,7.855807697155064e-05,8.076764038677447e-05,8.656333180111292e-05,6.73594685190434e-05,3.451823535822567e-05,6.121358793908797e-05,8.158509406485336e-05,8.65001009226893e-05,7.233570820763254e-05,5.789556436832721e-05,7.590120103393646e-05,0.0001382915195957,2.0523192887878328e-05,3.830342556528978e-05,8.526842013620733e-05,0.0001476019603121,9.411946603247568e-05,7.493169274479057e-05,3.724797268607353e-06,0.539482109618703,4.873145095246616e-05,6.80095558330992e-05,6.664459887869413e-05,0.0796788815225413,0.0001117729566204,5.443557368761903e-05,8.273707361031995e-05,6.387487291559166e-05,0.0001186843747111,6.792857508687823e-05,6.862393527804472e-05,0.0001449787248681,6.76496893874685e-05
uj0109,5.09501765172942e-05,5.136466763962531e-05,7.052468251782822e-05,5.316134000974592e-05,0.0001760136564889,6.977732597883746e-05,7.042645719980668e-05,5.098905637512959e-05,3.8340618041108894e-05,6.193885586864324e-05,4.197861098011035e-05,7.843689054181441e-05,6.036716393298628e-05,7.746589387196609e-05,4.828570810600935e-05,7.549438897662973e-05,3.274667859878772e-05,5.024862803840772e-05,4.8734470341980544e-05,7.390950445510383e-05,4.013429014861965e-05,4.55905929490769e-05,2.3915925711600545e-05,6.198128438870314e-05,5.208701693636102e-05,6.700947973885444e-05,0.5618548539889642,5.744673558304232e-05,5.906251094518994e-05,6.33006945290496e-05,4.925759038665237e-05,2.524196130889673e-05,4.4763325885632144e-05,5.9660285828515934e-05,6.325445603017697e-05,0.0045318209639985,4.2336972923901385e-05,5.55038564374601e-05,0.000101127683694,1.50078830923609e-05,2.8009936663429407e-05,0.2329664239242189,0.0001079360787899,6.882622750990742e-05,5.479488940976285e-05,2.723812140508679e-06,0.1974314589840523,3.5635581793303434e-05,4.973297618371024e-05,4.8734831571917626e-05,4.032266305347269e-05,8.17355990859658e-05,3.980680444960924e-05,6.050268761451508e-05,4.670942920498524e-05,8.67896740183894e-05,4.967375783602641e-05,5.018225008248736e-05,0.0001060177997443,4.94698186148858e-05
uj0110,8.938262792122093e-05,9.010977566233612e-05,0.0001237224655073,9.32617038583124e-05,0.0631683159279167,0.0001224113671752,0.0001235501474183,8.945083541536673e-05,6.72614980141404e-05,0.0001086602262524,7.364368138373916e-05,0.0001376029659135,0.0001059029844705,0.3065761211388893,8.470831264121632e-05,0.0237047656320247,5.7447969544477134e-05,8.815189132827263e-05,8.549558269020808e-05,0.000129660507345,7.04081628062415e-05,7.9980233334265e-05,0.0157568392119683,0.0001087346592158,9.137700342939536e-05,0.0001175556946826,0.0192047420721738,0.0001007796349864,0.0001036142129579,0.0001110493194135,8.641329971313464e-05,4.428233599758274e-05,7.852894681912869e-05,0.0001046628980387,0.0001109682025495,9.279715785674336e-05,7.42723608991502e-05,9.737121414011983e-05,0.0001774097508984,2.6328545297077548e-05,4.913823499776235e-05,0.0001093881188093,0.0001893538163991,0.0001207428414433,9.61274630802277e-05,4.77842283823595e-06,0.4799333567135724,6.251601399468972e-05,8.724727585849763e-05,8.549621640108539e-05,7.073862810422145e-05,0.0001433899377863,6.983364993140911e-05,0.0001061407356154,8.194302387990094e-05,0.0001522563741767,8.714338825890636e-05,8.803544352491347e-05,0.0866178459280285,8.67856147482382e-05
uj0112,0.0002569704290205,0.0002590609411406,0.0003556956847243,0.000268122571567,0.000887735978816,0.0003519263448793,0.0003552002791372,0.0002571665220359,0.0001933733254799,0.0003123925264558,0.0002117217723393,0.0003956014049672,0.0003044655990416,0.1133393934079656,0.000243532014523,0.0003807607127207,0.0001651599390567,0.0002534321250161,0.0002457953751665,0.0003727672476675,0.0002024198238925,0.0002299390312308,0.0001206214798578,0.000312606517373,0.0002627041553819,0.0003379665377821,0.6425458237482169,0.0002897362344484,0.0002978854994048,0.0003192610456395,0.0002484337641083,0.0001273094240344,0.0002257666576152,0.0003009004147343,0.0003190278388539,0.0002667870258564,0.0002135291934071,0.0002799372009278,0.000510043851485,7.56932050201146e-05,0.0227310077395189,0.0003144851798826,0.0005443824216005,0.0003471294197594,0.0002763614810045,1.3737718339020409e-05,0.1373479780858344,0.00017973030454,0.0002508314023614,0.0002457971970525,0.0002033698945201,0.0004122386495804,0.0679699817006828,0.0003051491212777,0.0002355819524597,0.0004377291952951,0.0002505327308896,0.0002530973436085,0.0005347074602354,0.000249504150564
uj0114,4.102724766544816e-05,4.1361013534252094e-05,5.6789471871680606e-05,4.280777049058149e-05,0.2237521932325496,5.618766862161418e-05,5.671037667074212e-05,4.105855537948658e-05,3.087349523676316e-05,4.987579933064142e-05,3.380296177674466e-05,6.316071806491886e-05,4.861020618247836e-05,6.23788302761166e-05,3.888170445286594e-05,6.079129073958225e-05,2.636901743877696e-05,0.0036470826464194,3.924306687899691e-05,0.4040009903999589,3.2317836254119035e-05,3.671148317811062e-05,1.925811988080633e-05,4.990996457833167e-05,4.194267988997274e-05,5.395888118749965e-05,0.0016018695049111,4.6258553148230735e-05,4.755964414508053e-05,5.097240970218564e-05,3.96643053731212e-05,2.03259001041978e-05,3.604533257731937e-05,4.804099788834137e-05,5.093517649761996e-05,4.259454064601744e-05,3.4091530045331434e-05,4.4694064282077744e-05,8.143230913717849e-05,1.2084985345544046e-05,2.2554791506835467e-05,5.020990707505296e-05,8.691471824539113e-05,5.542180370992392e-05,4.412317389817302e-05,2.193329305637876e-06,0.3645575601751516,2.8695285077961084e-05,4.004710622221952e-05,3.92433577566956e-05,3.2469522123514254e-05,6.58169783895733e-05,3.205413085016166e-05,4.871933561100405e-05,3.761241768522962e-05,6.988673433834599e-05,3.999942109170896e-05,4.0408880660989e-05,8.537003842526829e-05,3.983520056282435e-05
uj0115,8.34792294075627e-05,8.415835167668247e-05,0.0001155510452216,8.710210644276493e-05,0.0149653613754724,0.000114326540181,0.0001153901081176,8.354293204400936e-05,6.281911992974274e-05,0.0001014836122608,6.877978322665813e-05,0.0001285147889003,9.890847630204312e-05,0.0001269238610705,7.911363570487253e-05,0.000123693652253,5.3653739436133766e-05,8.232977850449052e-05,7.98489094214096e-05,0.0001210969009246,6.575795892069329e-05,7.46978288942917e-05,3.918500750032251e-05,0.0001015531291967,8.534188364411587e-05,0.000109791567252,0.2601063781625128,9.412350547646474e-05,9.677086984981532e-05,0.0001037149144803,0.0367731362685913,4.135764825244452e-05,7.334239459177885e-05,9.775029308306578e-05,0.000103639155091,8.666824202036812e-05,6.936694073938074e-05,9.09401984696642e-05,0.0001656924800581,2.458964033547203e-05,4.589283272893167e-05,0.0074406494809591,0.0001768476833363,0.0001127682145243,8.977859265800527e-05,4.462825334146732e-06,0.3234812356578424,5.838705792482161e-05,8.148490960677209e-05,7.984950127798101e-05,6.606659818385773e-05,0.0001339195522619,6.522139053832259e-05,9.913052484581332e-05,7.653098424056942e-05,0.0001422003926743,8.13878834064849e-05,8.222102165635675e-05,0.3524210351210013,8.105373953907321e-05
uj0118,0.0001080627576318,0.0001089418724211,0.000149579298737,0.0001127525240056,0.0003733160982199,0.000147994193168,0.0001493709677859,0.0001081452198516,8.131851934654332e-05,0.0001313691929498,8.903451909583221e-05,0.0001663606933557,0.0001280357135327,0.0001643012583357,0.0001024115543617,0.0001601197957729,6.94540556001308e-05,0.0001065748086506,0.0001033633564565,0.0001567583355459,8.512280752519443e-05,9.669535088805434e-05,5.072447360092252e-05,0.0001314591817033,0.000110473938889,0.0001421237307312,0.0042192066472164,0.0001218416321274,0.0001252686102712,0.0001342575841419,0.0001044728677176,5.353692829993958e-05,9.494075912244012e-05,0.0001265364606841,0.0001341595146152,0.1141070677190929,8.97945867251018e-05,0.0001177208833378,0.0002144867225179,3.1830963973722973e-05,5.940766458220245e-05,0.0001322492082143,0.0002289269855238,0.0001459769612298,0.0001162171999883,5.777068330166606e-06,0.6752306511893076,7.558127373891078e-05,0.0001054811370442,0.000103364122607,0.1995765567839365,0.0001733570879959,8.442822685562513e-05,0.0001283231524338,9.906834622224916e-05,0.0001840765263141,0.0001053555379121,0.0001064340243501,0.0002248584123068,0.0001049229930981
uj0121,0.0004024191010401,0.0004056928707547,0.0005570241612476,0.000419883504222,0.001390206320306,0.000551121325043,0.0005562483495256,0.0004027261853037,0.0003028251931607,0.0004892108409016,0.0003315591043692,0.000619517048572,0.0004767971674054,0.0006118478384985,0.0003813743656513,0.0005962763276244,0.0002586426557187,0.0003968780700269,0.0003849188184466,0.1420870751734289,0.1771961380273513,0.0003600875734792,0.0001888948377271,0.0004895459535169,0.0004113981925907,0.0005292600819257,0.1218395550749414,0.1065812183256345,0.0004664926440768,0.000499967033067,0.0003890505705327,0.0001993682470357,0.000353553581043,0.0004712140414814,0.0004996018281468,0.0004177920219206,0.0003343895497401,0.0004383853705441,0.0007987354381123,0.0001185365632735,0.0002212305099367,0.000492487963931,0.0008525100944785,0.000543609276665,0.0004327857457056,2.151344917546365e-05,0.4273437309377198,0.0002814600413687,0.0003928053038463,0.0003849216715442,0.0003184799529009,0.0006455711943605,0.0003144055537561,0.0004778675722954,0.0003689244629876,0.0006854897271296,0.000392337580359,0.0003963537979011,0.0008373589766244,0.000390726809923
uj0124,9.00905088312435e-05,9.082341534245388e-05,0.0001247023065962,9.400030576936458e-05,0.000311228752445,0.0080430507482029,0.0001245286238048,9.015925650622924e-05,6.779418687696614e-05,0.0001095207793782,7.422691503224276e-05,0.000138692735984,0.0001067417011514,0.0001369758119213,8.537917451710333e-05,0.0001334897812277,5.79029385010392e-05,8.88500252107164e-05,8.617267948502368e-05,0.0001306873757653,7.096577221558028e-05,8.061365038266927e-05,4.228833075380945e-05,0.000109595801826,9.2100679135146e-05,0.0001184866969821,0.00351749744354,0.0001015777764305,0.0001044348033239,0.0001119287933685,8.709766452385491e-05,4.463303748212089e-05,0.0079988207935621,0.0001054917936444,0.0001118470340856,9.353208071679886e-05,7.486057348190347e-05,9.814236201615076e-05,0.0001788147775667,2.653705868539381e-05,4.952739359956333e-05,0.0001102544366038,0.0001908534361237,0.0001216990848932,9.688876085839738e-05,4.816266369869238e-06,0.6975653584159042,6.301112019045462e-05,8.793824548501316e-05,8.617331821468197e-05,7.129885468964137e-05,0.0001445255387639,7.038670938841247e-05,0.0001069813352069,8.259198558155542e-05,0.0001534621944039,8.7833535129924e-05,8.873265517919133e-05,0.2773759088389691,8.747292817114402e-05
uj0129,0.0001435075228,0.0001446749887099,0.0001986415587972,0.000149735540385,0.0004957644025653,0.0001965365359516,0.0001983648949458,0.0001436170327657,0.0001079911296447,0.0001744585078671,0.0001182379902118,0.0002209272789069,0.0001700316416282,0.0128336412631408,0.0001360027154093,0.000212639356483,9.223510195387366e-05,0.0001415315240653,0.0001372667101825,0.0002081753316817,0.0001130432307061,0.0001284115876396,6.736218574583642e-05,0.0001745780130823,0.0001467095755407,0.0001887405520209,0.245296642911681,0.0001618058911664,0.0001663569238708,0.0001782942961993,0.0001387401429921,7.109713028813902e-05,0.0001260814868414,0.0001680406313388,0.0001781640597039,0.0001489896924785,0.0001192473612941,0.0001563335298845,0.0002848387260938,4.227157337376407e-05,7.889347788598616e-05,0.0001756271696097,0.0003040154195077,0.000193857648565,0.0001543366358824,7.671956400864344e-06,0.3668585791349856,0.0001003720578859,0.0001400791263436,0.0001372677276316,0.0001135738064722,0.000230218502686,0.0001121208264157,0.0001704133609695,0.0001315629294107,0.0002444539346938,0.0001399123304861,0.0001413445622788,0.3661466309515983,0.00013933791025
uj0130,6.453551139995505e-05,6.506052227094389e-05,8.932935592603166e-05,6.733625865008176e-05,0.0002229458681272,8.838272453554967e-05,8.920493984812482e-05,6.458475816768142e-05,4.856374524695581e-05,7.84542078603829e-05,5.317177118202184e-05,0.3007780534858362,7.646344060962806e-05,9.812136912587625e-05,6.116059018701427e-05,9.5624182946259e-05,4.1478240007773006e-05,6.364690231257667e-05,6.172901020780768e-05,9.361670544376535e-05,5.0835681374650086e-05,5.774685059230711e-05,3.029285866904866e-05,7.850794950422351e-05,6.597547849800256e-05,8.487686087061978e-05,0.3145447954330647,7.276431040138263e-05,7.481091546600394e-05,8.017916664170767e-05,6.239161477395682e-05,3.197246787269895e-05,5.669900136678727e-05,7.556808080741148e-05,8.012059912781302e-05,6.700084991935518e-05,5.362568661254025e-05,7.030338273009387e-05,0.0001280923292125,1.90095790947357e-05,3.547849507923089e-05,7.897975649879285e-05,0.0001367161120796,8.717802554764176e-05,6.940537701498869e-05,3.4500883306158383e-06,0.3011331525408472,4.51374392056355e-05,6.299375725161814e-05,6.172946775595209e-05,5.107428195622922e-05,0.0001035295468466,5.0420875018588994e-05,7.6635100271912e-05,5.9164012904263925e-05,0.0001099312383169,6.291874894716723e-05,6.356282536478535e-05,0.0795588491928167,6.266043145289221e-05
uj0131,9.537804740494564e-05,9.615396922930298e-05,0.0001320212602231,9.951731582007196e-05,0.0003294952053172,0.0001306222188011,0.0085163238650115,9.545082997759216e-05,7.1773122980615e-05,0.000115948707837,7.858339699168069e-05,0.0001468328075733,0.0001130065216034,0.0001450151148245,9.039019825874602e-05,0.0001413244840903,6.130134333665236e-05,9.406475805739276e-05,9.12302751484008e-05,0.0001383576015129,7.51308531199997e-05,8.534497881554277e-05,4.477029231645408e-05,0.0001160281334577,9.750619742901496e-05,0.0001254408477455,0.2468740522686243,0.0001075395188834,0.0001105642287004,0.0001184980515525,9.220954885910622e-05,4.725261317782796e-05,8.379634596307361e-05,0.0001116832552682,0.0001184114937025,9.902160998114224e-05,7.925424574627584e-05,0.000103902475169,0.0001893096681628,2.809455595399572e-05,5.24342259341788e-05,0.0001167254244362,0.0002020548925093,0.0001288417752177,0.0001025752983976,5.098939811747683e-06,0.3360510985371586,6.67093313882991e-05,9.309946469820115e-05,9.123095136600038e-05,7.548348467256717e-05,0.0001530079457457,7.451780428170854e-05,0.0001132602201184,8.743942528754226e-05,0.0169314420687984,9.298860874521514e-05,9.394049941376928e-05,0.3858848420381318,9.260683725723856e-05
uj0133,0.0001134514597921,0.0001143744128831,0.0001570382819049,0.0001183750879953,0.0003919320331549,0.0001553741328061,0.0001568195622364,0.0001135380341071,8.537358226074312e-05,0.0001379201034518,9.3474351244405e-05,0.2195868760807349,0.0001344203953716,0.000172494372829,0.0001075184512828,0.0001681043957249,7.291748025872098e-05,0.0001118893121317,0.0001085177163345,0.000164575311532,8.936757664693639e-05,0.0001015172012428,5.325392117810778e-05,0.0001380145796218,0.0001159828780111,0.0001492109314617,0.0742425823067761,0.0001279174373415,0.0001315153065946,0.0001409525283537,0.0001096825549429,5.620662290620871e-05,9.967511427864656e-05,0.0001328463801605,0.0001408495684514,0.0001177854496814,9.427232072039418e-05,0.0001235912015886,0.0002251824061218,3.341825998661528e-05,6.237011175170751e-05,0.0001388440019214,0.0002403427532544,0.0001532563087458,0.0001220125349434,6.065150008567856e-06,0.6989286993684238,7.935024079105949e-05,0.0001107411030447,0.0001085185206901,8.978702918864876e-05,0.0001820017842361,8.863835973046143e-05,0.0001347221678199,0.0001040085293436,0.0001932557624983,0.0001106092407343,0.000111741507423,0.0002360712948828,0.0001101551264618
uj0136,0.0002218842756669,0.000223689354054,0.0003071298112538,0.0002315137302329,0.0007665265431273,0.0003038751284312,0.00030670204721,0.1757705350656829,0.0001669705748671,0.0002697391669563,0.0001828137668505,0.0003415868959262,0.0002628945640412,0.0003373582767635,0.0002102807114815,0.0003287725177813,0.0001426093795558,0.0002188290835807,0.0002122350380507,0.000321870462124,0.0001747818851228,0.0001985436829703,0.0001041520994852,0.0002699239400441,0.0002268351321737,0.0002918213613965,0.0866848058872909,0.0002501763131271,0.0002572128961259,0.0002756698742746,0.0002145131874141,0.2341745688485493,0.0001949409956843,0.0002598161618272,0.0002754685090089,0.0002303605368723,0.0001843744067885,0.0002417152171821,0.0004404036331202,6.53582283098115e-05,0.000121981216413,0.000271546094281,0.0004700536935826,0.0002997331644717,0.0002386277178609,1.1862001766459498e-05,0.4891971497578441,0.000155190340734,0.000216583457636,0.0002122366111806,0.0001756022352845,0.0003559525292956,0.0001733557089624,0.000263484759718,0.0002034161326692,0.0003779626543276,0.0002163255660823,0.0002185400124592,0.0004616997292655,0.0002154374257567
uj0137,0.0003886695919481,0.00039183150632,0.0005379922396769,0.0004055372864505,0.0013427069486523,0.0005322910864934,0.0005372429352213,0.0003889661840212,0.0002924785228961,0.0004724959064278,0.0003202306785855,0.0005983499238754,0.0004605063726311,0.0005909427487634,0.0003683438949444,0.0005759032718553,0.0002498055763227,0.000383317882108,0.0003717672439308,0.000563813099409,0.0003061614157488,0.0003477844115451,0.0001824408416766,0.000472819569204,0.0003973418936355,0.0005111767794938,0.4593480294465993,0.0004382281044744,0.0004505539253765,0.0004828845902876,0.0003757578258718,0.0001925564045606,0.0003414736669323,0.0004551140061429,0.0004825318633744,0.0004035172641143,0.0003229644157378,0.0004234069969467,0.0007714449339089,0.000114486508119,0.0002136716965008,0.0004756610595413,0.0008233822641524,0.0005250357033115,0.0004179986952646,2.077839618152152e-05,0.1052383735945245,0.0002718433572008,0.0003793842706928,0.0003717699995462,0.0003075984042947,0.0006235138740607,0.000303663215709,0.4104672001696708,0.0003563193698272,0.0006620685047987,0.0003789325279786,0.0003828115228605,0.0008087488166379,0.000377376792959
uj0138,3.1840360409286705e-05,3.209938888815749e-05,4.407308203055907e-05,3.322218570089531e-05,0.0057080366365611,4.360603553175792e-05,4.401169795417495e-05,3.186465764966468e-05,2.3960252548474173e-05,3.8707530159921e-05,2.623374823116191e-05,4.901766853324681e-05,3.772533066417046e-05,4.841086231514287e-05,3.017525068222477e-05,4.717880718389371e-05,2.0464424660797025e-05,3.1401940801363456e-05,3.045569625293933e-05,4.618836322821172e-05,2.5081174403177497e-05,2.84909888443461e-05,1.4945810716094616e-05,3.873404507042148e-05,3.255080757836856e-05,4.187632176307973e-05,0.0012431763100689,3.590026355807023e-05,3.6910012167160194e-05,3.955858577406436e-05,3.0782610346240255e-05,1.5774491875209405e-05,2.797400375704474e-05,0.0056353237725457,0.3751082225632288,3.305670262593259e-05,2.645769982911969e-05,3.4686097554032404e-05,6.319785555763265e-05,9.378895998113192e-06,1.7504286331611887e-05,3.8966823961063705e-05,0.0700429550365469,4.301166432236331e-05,3.4243041862703866e-05,1.7021954813355538e-06,0.5404350940452132,2.2269790710308112e-05,3.1079693813785075e-05,3.045592199683609e-05,2.5198894528834552e-05,5.107913477557322e-05,2.4876518337229635e-05,3.781002365561488e-05,2.91901846482116e-05,5.423758442940879e-05,3.104268641436114e-05,3.1360459138605754e-05,6.625384217290279e-05,3.091523841031935e-05
uj0144,0.0002756510863635,0.0002778935698242,0.0003815532482971,0.0002876139422452,0.0009522706091022,0.1457690042705447,0.0003810218288306,0.0002758614345072,0.000207430743862,0.0003351021345826,0.0002271130447756,0.0004243599446901,0.0245585146827686,0.0004191066500954,0.0002612357562831,0.0004084403972319,0.0001771663642321,0.0002718555627057,0.0002636636536197,0.0003998658412641,0.0002171348842362,0.0002466546209139,0.000129390148463,0.0003353316817294,0.000281801630247,0.0003625352677709,0.0107625320821439,0.0003107988264992,0.0003195405083606,0.0003424699659004,0.0244984095717285,0.0001365642777387,0.0002421789334808,0.0003227745952128,0.0003422198059733,0.0002861813080413,0.0002290518576683,0.0003002874449151,0.0005471218703676,8.119577911614676e-05,0.0001515396019801,0.0003373469150139,0.000583956708495,0.0003723642522999,0.0002964517853602,1.4736392038341127e-05,0.6804347380268716,0.097120458851367,0.0002690657785744,0.000263665607949,0.0002181540209578,0.0004422066462316,0.0002153631182705,0.0003273321646529,0.0002527077585179,0.0004695502462133,0.0002687453949568,0.0002714964441136,0.0005735784185845,0.0002676420412159
uj0146,7.520127661584063e-05,7.581305588091643e-05,0.0001040927926219,7.846490255013486e-05,0.0002597920669675,0.0001029897117366,0.3636973085227873,7.525866238255868e-05,5.658986131192389e-05,9.142031199569022e-05,6.195945435424555e-05,0.0001157710278102,8.910053121989434e-05,0.0001143378592885,7.126858315474558e-05,0.0001114279638746,4.8333336680817536e-05,7.416580736280955e-05,7.193094578720002e-05,0.0001090887111486,5.923727966324695e-05,6.729065580920977e-05,3.529935061856938e-05,9.148293550539172e-05,7.687922665774666e-05,9.890443500258904e-05,0.0029361616631854,8.479004683705158e-05,8.71748937259859e-05,9.343035421355382e-05,7.270305881745232e-05,3.725654834723424e-05,6.606962884667969e-05,8.805719556334541e-05,9.336210726365676e-05,7.807406091594653e-05,6.248838825606378e-05,8.192240236464268e-05,0.0001492621112395,2.2151286707784835e-05,4.134201565138355e-05,0.0133136094709394,0.0067700995207124,0.000101585912497,8.087598350595092e-05,4.020283426465668e-06,0.6087220878400487,5.25972906667948e-05,7.34047172074219e-05,7.19314789541933e-05,5.951531369360943e-05,0.0001206398449696,5.8753918381257e-05,8.930056102468187e-05,6.894203212465463e-05,0.0001280995421289,7.331731230229084e-05,7.406783504228842e-05,0.0001564798088985,7.30163027508007e-05
uj0151,8.052458662894558e-05,8.117967221585717e-05,0.0001114612606878,8.401923646864247e-05,0.0002781820966804,0.0001102800954695,0.2620250385366195,8.058603459035402e-05,6.059571585214495e-05,9.789172689910856e-05,6.63454089365777e-05,0.0001239661688943,9.54077346526074e-05,0.0001224315499626,7.631350764805592e-05,0.0001193156703408,5.175473252272764e-05,7.941581910105833e-05,7.702275727222545e-05,0.0001168108277736,6.343053831750278e-05,7.205399278934437e-05,3.7798103233685895e-05,9.795878337020716e-05,8.232131455151442e-05,0.0001059056322279,0.5128139711718153,9.079212187688193e-05,9.334578610369786e-05,0.0001000440549709,7.784952624995836e-05,3.989384608732053e-05,7.074653238647375e-05,9.429054387820044e-05,9.997097699043096e-05,8.360072813412084e-05,6.691178474447159e-05,8.772148403493249e-05,0.0001598280022336,2.371932081094354e-05,4.426851338895778e-05,9.854748348867198e-05,0.000170588381062,0.0001087769247979,8.660099180622559e-05,4.304869220520081e-06,0.2058507795252857,5.6320521131339365e-05,7.860085327989245e-05,7.702332818077474e-05,6.372825368047578e-05,0.0001291796374254,6.291296110104793e-05,9.562192406625616e-05,7.382226589791574e-05,0.0142946664428279,7.850726120045243e-05,7.931091156536124e-05,0.0001675566226315,7.818494393675852e-05
uj0152,6.924992115577338e-05,6.98132848083302e-05,9.585499085047955e-05,7.225526692651533e-05,0.1341668075187742,9.483920670726282e-05,9.572148600332396e-05,6.93027654690553e-05,5.2111395050990425e-05,8.418539794315408e-05,5.70560437531514e-05,0.000106609021931,8.20492023484545e-05,0.000105289272964,6.562845720773595e-05,0.0001026096638263,4.450828370162302e-05,6.829639792640142e-05,6.623840110946404e-05,0.0001004555372725,5.454929930402609e-05,6.196533914061892e-05,3.2505794544863044e-05,8.424306548956398e-05,7.079507987294391e-05,9.10772347771937e-05,0.1183685206878041,0.0061656968973837,8.027595792191413e-05,8.603636738637108e-05,6.694940986987987e-05,3.43081015600574e-05,6.084094305734193e-05,8.10884352550432e-05,8.597352143332116e-05,7.189535611688642e-05,5.754311834344914e-05,7.543914358826249e-05,0.0001374496537829,2.0398255548894624e-05,3.807024897867229e-05,8.474933864779748e-05,0.0001467034161016,9.354650276614054e-05,7.447553729430957e-05,3.702122129240104e-06,0.5848988855442019,4.8434792540684045e-05,6.75955397013174e-05,6.623889208214309e-05,5.48053299932334e-05,0.0001110925256638,5.410419076100826e-05,8.223340199018537e-05,6.34860271500427e-05,0.006205578921589,6.751505193486799e-05,6.820617903947754e-05,0.1462469053955382,6.723786398479753e-05
uj0153,7.279511123959078e-05,7.338731580923883e-05,0.0001007622045682,7.595431309922142e-05,0.0002514796724884,9.96944182304555e-05,0.0001006218650553,7.285066087198796e-05,5.477919304852302e-05,8.849519690045453e-05,5.997697878325084e-05,0.345672504486055,8.624964061172055e-05,0.0001106794666308,6.898824956310533e-05,0.0001078626772108,4.67868469605152e-05,7.179277320955132e-05,6.962941901767163e-05,0.0001055982720029,5.734190371056118e-05,6.513760132078155e-05,3.416990070648352e-05,8.85558166872465e-05,7.441937302678091e-05,9.573985538678694e-05,0.0092414826105835,0.0128806118058296,8.438561646366953e-05,9.044092513048346e-05,7.037682725934121e-05,3.606447527738943e-05,6.395564274821666e-05,8.52396878742598e-05,9.037486183298256e-05,7.55759769656057e-05,6.048898873778849e-05,7.93011855850928e-05,0.0001444862704531,2.1442526677181463e-05,4.001922259358877e-05,8.908800806387385e-05,0.0001542137711655,9.833553542418956e-05,7.82882482966635e-05,3.891649083821608e-06,0.5700474087900319,5.0914370038552e-05,7.105603515112944e-05,6.96299351252742e-05,5.7611041670439446e-05,0.057710186096363,5.687400821895782e-05,8.644327019549913e-05,6.673613964341308e-05,0.0001240008260319,7.097142688278309e-05,7.169793564439709e-05,0.0001514730282267,7.068004853428989e-05
uj0156,0.0001742899697411,0.0001757078577664,0.0002412502884629,0.0001818539007132,0.0006021061546876,0.000238693736995,0.0002409142800548,0.0001744229696581,0.0001311552896381,0.0461762900578929,0.0001436001077447,0.0002683163084721,0.0002065035274542,0.0002649947305743,0.0001651753768089,0.0002582506218776,0.0460764296836837,0.0001718901181309,0.0614525906309571,0.0002528290611651,0.0001372910693098,0.0001559559477262,8.18114136894514e-05,0.0002120250982243,0.0001781788646534,0.000229225509986,0.2213055650367095,0.0001965133487437,0.0002020405806048,0.122788298789752,0.0001684999841972,8.634750600406819e-05,0.0001531260389544,0.000204085444302,0.0002163803539277,0.0001809480679978,0.0001448259895102,0.0001898671627902,0.0003459367981787,5.1338850399443344e-05,9.581617468713056e-05,0.0002132992994357,0.0003692269034612,0.0002354402267091,0.0001874419338656,9.317595502122524e-06,0.4761928973724809,0.0001219019225645,0.0001701261802548,0.0154881817678278,0.0001379354538857,0.0002796005051451,0.0001361708087637,0.0002069671258158,0.0001597832541365,0.0002968894455817,0.0001699236065891,0.0001716630529327,0.0003626648693393,0.0001692259728788
uj0157,4.030050457287964e-05,4.0628358223499534e-05,5.578352195396005e-05,4.204948780571864e-05,0.0001392230538359,5.519237884757758e-05,5.570582781924482e-05,4.0331257712428746e-05,3.0326612355666053e-05,0.3614078436161895,3.3204187294480376e-05,6.204190999985811e-05,4.7749141071322985e-05,6.127387231268366e-05,3.819296680297946e-05,5.9714453926311854e-05,2.590192538722827e-05,3.974559466649561e-05,3.854792817463936e-05,0.0319430653705163,3.1745368794055375e-05,3.6061188109935566e-05,1.8916987916182257e-05,4.9025875976936427e-05,4.119972113382101e-05,5.300307141674659e-05,0.242479395385275,4.543914444095342e-05,4.671718834231015e-05,0.0035928033375764,3.8961704989432265e-05,1.9965853833938143e-05,3.540683748051171e-05,4.719001554460364e-05,5.003292763144563e-05,4.18400350440808e-05,3.348764396022116e-05,4.390236841301344e-05,7.998984415244618e-05,1.1870915913071184e-05,2.215526339162825e-05,4.9320505391497344e-05,8.537513967939892e-05,5.444008021357062e-05,4.334159059250804e-05,2.154477395911968e-06,0.3545571743203587,2.818698629102453e-05,3.933772503092731e-05,3.854821389982672e-05,3.189436775014064e-05,6.4651118207862e-05,3.148633458038505e-05,0.0035905901736943,3.6946163761241365e-05,6.864878384610914e-05,3.929088457904349e-05,3.969309111697015e-05,8.38578218066009e-05,3.912957299828033e-05
uj0158,0.0001919342598001,0.0001934956880854,0.0002656733236655,0.0002002639272758,0.0006630605266193,0.0002628579590501,0.0002653032993595,0.0001920807239979,0.0001444328292268,0.0002333296813991,0.0001581375017055,0.0002954793791941,0.0002274089653404,0.0002918215405008,0.0001818969487005,0.00028439469022,0.0169959029215767,0.0001892914585928,0.0001835874795971,0.0002784242764098,0.0001511897661367,0.0001717441883358,9.009361326416928e-05,0.000233489513752,0.0001962168479923,0.0002524312136367,0.058111517960352,0.0002164074283102,0.000222494210915,0.0002384598598032,0.0001855581235756,9.508891805470792e-05,0.0001686277930191,0.0002247460869163,0.0002382856748904,0.0001992663923518,0.0001594874859278,0.0002090884140069,0.4221945329276264,5.653615216663672e-05,0.0001055161498551,0.0002348927090519,0.000406605684305,0.0002592750788108,0.0002064176664063,1.026086468700672e-05,0.4906553222001547,0.0001342426951498,0.0001873489480107,0.0001835888403853,0.0001518993851514,0.000307905934429,0.0001499560957251,0.0002279194962016,0.000175958953098,0.0003269451252118,0.0001871258667477,0.0001890414063907,0.0003993793409656,0.0001863576079087
uj0159,2.8925672971465685e-05,2.9160989813794115e-05,4.003860324673668e-05,0.0025729769690219,9.992729788446686e-05,3.961431049021217e-05,3.998283830889305e-05,2.8947746026552003e-05,2.176691534335611e-05,3.516421750717558e-05,2.383229374278792e-05,4.453055906373658e-05,3.427192919631424e-05,4.397930028411525e-05,2.741298847897005e-05,4.286002828620988e-05,1.859109782924324e-05,0.0254564870260893,2.7667761878533065e-05,4.1960250218676885e-05,2.278522727760985e-05,2.588290507242077e-05,1.3577661418087731e-05,3.518830522540947e-05,0.4551900486325327,0.0356371864311634,0.1714967047214377,3.261392992798193e-05,3.353124548831114e-05,3.5937366933212254e-05,2.796475004170183e-05,1.4330484561357752e-05,2.5413245138482263e-05,3.38706170463228e-05,3.5911116195952744e-05,3.0030670425257853e-05,0.0254519953841727,3.151090947487092e-05,5.741268248411008e-05,8.520345718061802e-06,1.590193250072087e-05,3.539977538400145e-05,6.127797645296426e-05,3.9074348410461694e-05,3.110841139159614e-05,1.5463753925429223e-06,0.2799112467043385,2.0231199488604905e-05,2.82346382941264e-05,2.766796695768571e-05,2.289217122589264e-05,0.0025891992812873,2.2599305561927643e-05,3.434886933587315e-05,2.6518096034635376e-05,4.927264044127332e-05,2.820101857627455e-05,2.84897021772953e-05,6.018892208385716e-05,2.808523724596324e-05
uj0160,5.541801210210787e-05,5.586885006977939e-05,7.670901214530039e-05,5.782307315509234e-05,0.0001914483444846,7.5896119697159e-05,7.660217342098306e-05,5.546030134582263e-05,4.17027178283328e-05,6.737029189592838e-05,4.565972741106766e-05,0.1121340146809839,6.566077784387288e-05,8.42589003129367e-05,5.251989569200775e-05,8.211451358815216e-05,3.5618244232686135e-05,5.46549446359932e-05,5.300801001709903e-05,8.039065008859092e-05,4.365367755714756e-05,4.958844511434862e-05,2.601312009328791e-05,6.741644098507542e-05,0.3654328490109425,7.288556022692661e-05,0.2798496508854061,6.248425629471598e-05,6.42417194615686e-05,6.88515505788674e-05,5.357700260845224e-05,2.745543613224888e-05,4.868863476495572e-05,6.489191339577906e-05,6.880125741277333e-05,5.753505056574053e-05,4.604951421644223e-05,6.037100551988772e-05,0.0001099955992677,1.6323928663076708e-05,3.0466136039122817e-05,6.782159165588767e-05,0.0147324488032237,7.486161913083476e-05,5.959986897029038e-05,2.962664007951796e-06,0.224487645406353,3.87604761764979e-05,5.409407512233413e-05,5.300840292339285e-05,4.385856893602848e-05,8.890301720115893e-05,4.3297474543309794e-05,6.580818563588586e-05,5.080539244227711e-05,9.440028541327082e-05,5.402966390076564e-05,5.458274597808946e-05,0.0001153145309962,5.380784119085945e-05
uj0162,0.0003136531725968,0.000316204811559,0.0004341553244785,0.0003272652637012,0.0010835534938604,0.0004295545406238,0.0004335506419291,0.000313892519967,0.0002360277688898,0.0003813003207874,0.000258423530891,0.0004828634805362,0.000371624865359,0.0004768859509789,0.0002972505018387,0.0004647492164771,0.0002015910510346,0.0003093343866539,0.0003000131163903,0.0004549925464838,0.0002470697511865,0.0002806591673769,0.0001472282627419,0.0003815615139929,0.0003206516489231,0.0004125154680676,0.0673914878084736,0.0003536464856964,0.0003635933220606,0.0003896839034479,0.0003032334832835,0.0001553914390152,0.0002755664482389,0.0003672732698344,0.0003893992557223,0.0003256351222454,0.0002606296343492,0.0003416859734933,0.0006225497338023,9.238967296383005e-05,0.0001724313064104,0.0003838545733875,0.4969712694456827,0.000423699505909,0.0003373215183981,1.6767995281399753e-05,0.4157977087363365,0.0002193753594359,0.0003061599945078,0.0003000153401493,0.0002482293891559,0.0005031705819256,0.0002450537242461,0.0003724591594788,0.0002875468087016,0.0005342838526825,0.0003057954418428,0.0003089257588946,0.0006526536611753,0.0003045399764431
uj0164,2.870668722621404e-05,0.1792006622680621,3.9735485549891016e-05,0.02778895170581,9.917078467145364e-05,3.931440495944416e-05,3.968014278810132e-05,2.8728593174231745e-05,2.1602125947341143e-05,3.489800201118363e-05,2.3651868118413724e-05,4.4193434403831024e-05,3.4012468890458266e-05,4.364634900385071e-05,2.7205454717609897e-05,4.253555060698627e-05,1.8450351392083445e-05,2.831141611757353e-05,2.745829932046596e-05,4.1642584431811816e-05,2.2612728612460818e-05,2.568695501579969e-05,1.3474869883821705e-05,3.492190737006726e-05,0.0202177102607934,3.775492662722534e-05,0.1121568218090925,3.236702173131147e-05,3.327739262930532e-05,3.566529820423179e-05,2.775303909431268e-05,1.422199367699417e-05,2.5220850706331868e-05,3.3614194928734084e-05,3.563924620175255e-05,2.9803319146344866e-05,2.3853778787569024e-05,3.127235184470899e-05,0.1968935177439038,8.45584128081977e-06,1.5781544755791065e-05,3.513177656503349e-05,6.081406318967381e-05,3.877853073613037e-05,3.087290092797085e-05,1.534668347105851e-06,0.4594874079296858,2.0078036438544937e-05,2.802088412097892e-05,2.7458502847038965e-05,2.271886292702348e-05,4.605201470522117e-05,2.242821444243908e-05,3.40888265442158e-05,2.631733717835819e-05,4.889961520869904e-05,0.0025515328998481,2.82740170082952e-05,5.9733253654934905e-05,2.7872614133790754e-05
uj0165,0.0003525343248209,0.0003554022706838,0.0004879741942836,0.0003678338013324,0.0012178732202924,0.0004828030869218,0.0004872945539264,0.0003528033422291,0.0312558481873447,0.0314191290512819,0.0002904582925983,0.0005427203228398,0.0004176923189117,0.0005360018052839,0.0003340983421299,0.0005223605738954,0.0002265807308054,0.0003476801724658,0.0003372034165904,0.0005113944451613,0.0002776970728435,0.0003154503085585,0.0001654790090932,0.0004288607368434,0.000360400348002,0.0004636518126355,0.4786227926171072,0.000397485298899,0.0004086651674548,0.0004379899959507,0.0003408229874016,0.0001746541110445,0.00030972628451,0.0004128012898256,0.031428231948394,0.0003660015838778,0.0002929378695994,0.0003840421347215,0.0006997223980117,0.0001038425044741,0.0001938062786999,0.062412561820516,0.0007468310271139,0.0004762222489444,0.0003791366519633,1.8846593663271874e-05,0.1574353083770987,0.0002465696220471,0.0003441122755347,0.0003372059160116,0.0002790004621419,0.1865089160526037,0.0002754311346725,0.0004186300340058,0.0003231917573821,0.000600514879887,0.0003437025321021,0.0003472208902911,0.0007335580758818,0.0003422914363897
uj0166,3.726411705997058e-05,3.756726901662029e-05,5.15805872442771e-05,3.888132549483216e-05,0.0001287334794086,5.103398302309186e-05,5.150874687002904e-05,3.729255314543069e-05,2.8041694386486443e-05,4.5301055529539184e-05,3.070246229759035e-05,5.7367445429323446e-05,4.4151546022881184e-05,5.665727451249085e-05,3.5315368899166656e-05,5.521534841476316e-05,2.3950379528444943e-05,3.675101609688371e-05,3.5643586181939926e-05,5.405619006883221e-05,2.935355652221029e-05,3.334420621508956e-05,1.7491712811085902e-05,4.533208704790216e-05,3.809558335411056e-05,4.900962602688564e-05,0.2274859215739107,0.1638325807317125,4.319734438938182e-05,4.629708181888777e-05,3.6026187537098166e-05,1.846155333178676e-05,3.273915675698612e-05,4.363454705972408e-05,4.626326374498802e-05,3.8687653670845646e-05,3.096456230069309e-05,4.0594603295697393e-05,0.0557627552636986,1.0976517661057755e-05,2.0486004760240748e-05,4.560451800403706e-05,7.894266418603143e-05,5.033836532155677e-05,4.00760765286154e-05,1.99215118359466e-06,0.2656031243879226,2.606327558050897e-05,3.637387685244722e-05,0.0491728133919953,2.9491329351613303e-05,5.978006634132869e-05,2.9114038894253736e-05,4.425066580377485e-05,3.416250456184712e-05,0.0786829477998044,3.633056553164269e-05,0.0065883250739057,7.753966659509851e-05,0.1507235013353776
uj0167,7.097827539419021e-05,7.155569959642588e-05,9.824736006830386e-05,7.40586292229065e-05,0.0002452031894171,9.720622376872443e-05,9.81105231788213e-05,7.103243860706527e-05,5.341200231527299e-05,8.628651498299243e-05,5.848006060980935e-05,0.0001092697925403,0.1186356057341907,0.0001079171049983,6.726642617986801e-05,0.0001051706176068,4.561913089821865e-05,7.00009539295653e-05,6.789159319102575e-05,0.00634251581898,5.591075230037975e-05,6.351188323411637e-05,3.3317081068184046e-05,8.634562180827216e-05,7.256199851076044e-05,9.335035974431612e-05,0.3022698270055545,8.002857884754088e-05,8.227950232747687e-05,8.818368131465308e-05,6.862034745907691e-05,0.0437120360079698,6.235942423461135e-05,8.311225764242737e-05,8.81192668389607e-05,7.368973568285866e-05,5.8979291711169e-05,7.732196975451928e-05,0.0001408801514314,2.09073595427452e-05,3.902041433744378e-05,0.1997525634450407,0.0001503648711152,9.588125624811546e-05,7.63343135700463e-05,3.794520479540254e-06,0.3062379208607296,4.9643638378735255e-05,6.928260353606237e-05,6.789209641750517e-05,5.617317305790008e-05,0.0001138651965114,5.545453464382012e-05,8.428580070049528e-05,6.507052489781918e-05,0.0001209059870824,6.920010693884519e-05,0.0187885677565656,0.0001476925322208,6.891600087305204e-05
uj0170,6.883090496501059e-05,6.939085982680249e-05,0.2421265632716062,7.181806604303718e-05,0.000237784833939,9.426535532279624e-05,9.51422961389912e-05,6.888342952886197e-05,5.1796080349036e-05,8.367601043519373e-05,5.671081005881025e-05,0.000105963953958,8.155274049478915e-05,0.0001046521905046,6.52313537065931e-05,0.0001019887950982,4.423897377053888e-05,6.788315129702885e-05,0.0484720952626563,9.984770269507295e-05,5.421923337439512e-05,6.159040036909858e-05,3.230910906160787e-05,8.37333290478399e-05,7.036671426330834e-05,9.052614626554469e-05,0.3475820224134695,7.760740134284561e-05,7.979022558407348e-05,8.551578006543809e-05,6.654431357187268e-05,3.41005107095832e-05,6.047280776163585e-05,8.059778679381169e-05,8.545331437956266e-05,7.146033297533126e-05,5.719493746684356e-05,7.498267776053028e-05,0.0848475688733135,2.0274830147166333e-05,3.783989419353758e-05,8.42365388574557e-05,0.0001458157456817,0.1392609712333483,7.402490203839532e-05,3.679721394532503e-06,0.1336019064595864,4.814172415978104e-05,6.718653381242276e-05,6.583809497252366e-05,5.447371487766374e-05,0.0001104203289861,5.3776818086229546e-05,8.173582558460531e-05,6.310188702657259e-05,0.0001172481081056,6.710653305991846e-05,6.779347830494069e-05,0.0001432242554905,6.683102231376428e-05
uj0171,9.700471687953686e-05,9.779387202519496e-05,0.0001342728784921,0.0001012145803819,0.000335114735252,0.0001328499764645,0.0001340858660063,9.7078740756576e-05,7.299721124227712e-05,0.0001179262092515,7.992363425354584e-05,0.0001493370362973,0.0001149338441281,0.0001474883428582,9.193180012951492e-05,0.0001437347685377,6.234683573946703e-05,9.566902942517536e-05,9.278620450300787e-05,0.0001407172858751,7.641220735921389e-05,8.6800534633953e-05,4.553384818555781e-05,0.0001180069894736,9.916916243256374e-05,0.0001275802372952,0.0123149396837416,0.4520660056520924,0.0001124498979996,0.0001205190319406,9.37821796947754e-05,4.805850494791942e-05,8.52254898989071e-05,0.0001135880095289,0.0001204309978493,0.0001007104202961,8.060592431167843e-05,0.00010567452848,0.0001925383383529,2.8573707685615145e-05,5.33284899401174e-05,0.0001187161727269,0.0002055009320832,0.0001310391674741,0.0001043247167521,5.185902063232375e-06,0.5293870787350544,6.784705685020773e-05,9.468727301935884e-05,9.278689225347648e-05,7.677085303136073e-05,0.0001556174912489,7.578870299306476e-05,0.000115191869463,8.893070182193342e-05,0.0001652400115505,9.45745264217255e-05,9.554265155445476e-05,0.0002018486951639,9.418624383352558e-05
uj0173,0.000198637292314,0.0002002532512735,0.000274951588674,0.0002072578616433,0.0006862169775484,0.0002720379014319,0.0002745686417925,0.0001987888715668,0.0001494769414733,0.0002414783904547,0.0001636602302519,0.0003057985785284,0.0002353509017629,0.0003020129949931,0.0001882494423231,0.0002943267724722,0.000127668087017,0.0001959021950131,0.0001899990126198,0.0002881478504054,0.0001564698548466,0.0001777421111647,9.324000526131056e-05,0.0002416438047264,0.0176648621455918,0.0002612470166846,0.2696824929417798,0.0002239651516148,0.0002302645064917,0.0002467877330824,0.0001920384785516,9.840976400531812e-05,0.1747924438976603,0.0002325950260768,0.0002466074650078,0.0002062254892231,0.0001650573607634,0.0700635613380945,0.1575503965271996,5.8510597305213645e-05,0.000109201152126,0.0002430960046371,0.0004208058126464,0.0002683298941686,0.0002136265114078,1.0619210871217177e-05,0.2982492528276824,0.0001389309313787,0.0001938918449968,0.0001900004209316,0.0001572042563015,0.0003186591136263,0.000155193100241,0.0002358792621924,0.000182104070624,0.0003383632212144,0.0001936609729362,0.0001956434100916,0.0004133270994882,0.0001928658837441
uj0174,0.0004171770863857,0.0004205709156237,0.0005774520047262,0.0004352819646483,0.001441189597316,0.0005713326927877,0.0005766477415267,0.0004174954324037,0.0003139307538844,0.0005071517547456,0.000343718428792,0.0373154097906208,0.0004942828324526,0.0006342862401821,0.0003953605737734,0.0006181436725945,0.0002681279025994,0.0004114328481831,0.0003990350128996,0.0006051667301746,0.0003286172369329,0.0003732931273876,0.0001958222108062,0.0005074991570038,0.0004264854697149,0.0005486697285178,0.0529614519947444,0.4405484475678876,0.0004836004095565,0.0005183024106081,0.0004033182894451,0.0002066797132671,0.0003665195127158,0.0004884949555853,0.0005179238124646,0.0004331137810545,0.0003466526755759,0.0004544623531165,0.0008280276010842,0.0001228836751755,0.0002293437347195,0.0005105490602751,0.000883774344731,0.0005635451537593,0.000448657372267,2.230241562075438e-05,0.4430157815496571,0.0002917820741826,0.0004072107207434,0.0003990379706294,0.0003301596233381,0.0006692463385107,0.0003259358030482,0.0004953924924865,0.0003824540936744,0.0007106288105414,0.0004067258443516,0.0004108893493349,0.0008680675873094,0.0004050560018527
uj0177,6.01028437445904e-05,6.059179386923876e-05,8.319370536561551e-05,6.271121967112834e-05,0.0002076326720727,8.231209402773893e-05,8.307783489480748e-05,6.014870796293123e-05,4.522810974783587e-05,7.306552460575207e-05,4.9519630133099086e-05,9.252725894769036e-05,7.121149462429834e-05,9.138183286453238e-05,5.695973140362544e-05,8.905616769974388e-05,3.862927749247735e-05,5.927526940652197e-05,5.748910908964572e-05,0.005370703008754,4.734399632126424e-05,5.378046694914793e-05,2.821217205329313e-05,7.311557496643353e-05,6.144390567489629e-05,7.904703311054498e-05,0.2031202823182388,0.5442699590956032,6.967247434946534e-05,7.467200336218902e-05,5.810620218831049e-05,2.977641610016125e-05,5.280458999546576e-05,7.037763324905792e-05,7.461745859978211e-05,6.239884872843143e-05,4.994236805834199e-05,6.54745447162585e-05,0.0001192942161692,1.7703892588695406e-05,3.3041629325985615e-05,7.355497556088246e-05,0.0001273256683559,8.119014064953194e-05,6.463821916454445e-05,3.2131165515205464e-06,0.2434649920244227,4.2037141982098697e-05,5.866698608018314e-05,5.74895352107693e-05,4.756620845162368e-05,9.641854603912524e-05,4.695768123578992e-05,7.137136372017582e-05,5.510029045637007e-05,0.0001023805327622,5.859712977465207e-05,5.9196967343890015e-05,0.0001250627905089,5.835655500181597e-05
uj0178,8.938262792122093e-05,9.010977566233612e-05,0.0001237224655073,9.32617038583124e-05,0.0003087832907048,0.0001224113671752,0.0001235501474183,8.945083541536673e-05,6.72614980141404e-05,0.0001086602262524,7.364368138373916e-05,0.0001376029659135,0.0001059029844705,0.0001358995324813,8.470831264121632e-05,0.0001324408930702,5.7447969544477134e-05,8.815189132827263e-05,0.0708024697995536,0.000129660507345,7.04081628062415e-05,7.9980233334265e-05,4.195605266541041e-05,0.0001087346592158,9.137700342939536e-05,0.0001175556946826,0.1370663657669461,0.0001007796349864,0.0001036142129579,0.0001110493194135,8.641329971313464e-05,4.428233599758274e-05,7.852894681912869e-05,0.0001046628980387,0.0001109682025495,9.279715785674336e-05,7.42723608991502e-05,9.737121414011983e-05,0.0001774097508984,2.6328545297077548e-05,4.913823499776235e-05,0.0001093881188093,0.0001893538163991,0.0079781844210948,9.61274630802277e-05,4.77842283823595e-06,0.2442101093240277,0.5343685434302957,8.724727585849763e-05,8.549621640108539e-05,7.073862810422145e-05,0.0001433899377863,6.983364993140911e-05,0.0001061407356154,8.194302387990094e-05,0.0001522563741767,8.714338825890636e-05,8.803544352491347e-05,0.0001859885518621,8.67856147482382e-05
uj0181,7.373886060802514e-05,7.4338742790621e-05,0.0001020685322226,7.693901981642567e-05,0.0002547399708524,0.0001009869026107,0.0001019263732837,0.013038255962516,5.548937575121489e-05,0.4279168499488648,6.075454797551427e-05,0.0001135196643769,8.73678206992143e-05,0.0001121143662409,6.988264502244166e-05,0.0001092610586647,4.739341320539247e-05,7.272352780585471e-05,7.053212689328843e-05,0.0001069672966642,5.8085310575255065e-05,6.598207520180207e-05,3.461289504582962e-05,8.970389510414333e-05,7.538418007353639e-05,9.69810709920203e-05,0.1519703626030692,8.314116097529468e-05,8.547963048310577e-05,9.161344296195691e-05,7.128922487983273e-05,3.6532031754553545e-05,6.4784793173618e-05,8.634477446904646e-05,9.154652318942312e-05,7.655577875882433e-05,6.127319586305316e-05,8.03292826995502e-05,0.0001463594570472,2.172051747442914e-05,4.053805023743463e-05,9.024298605502816e-05,0.0001562130695615,9.961040262160048e-05,7.930321322531967e-05,3.942102215941109e-06,0.3829708536121646,5.157444739470808e-05,7.197723833573089e-05,7.05326496919478e-05,5.83579377636726e-05,0.0001182937991523,5.761134907087729e-05,8.756396058614771e-05,6.760133771190596e-05,0.0066078388459364,7.18915331668035e-05,7.262746072280162e-05,0.0001534367943683,0.0130360572093596
uj0182,0.000240661020897,0.0002426188523212,0.0003331203786393,0.0002511053588726,0.0008313931208474,0.0003295902713866,0.0003326564154711,0.0002408446682741,0.000181100300535,0.0002925655867253,0.0001982842075313,0.0003704933612423,0.0002851417658158,0.0003659068992155,0.0002280755161581,0.0003565945785673,0.0001546775623023,0.0002373472860941,0.0002301952257495,0.000349108443032,0.0001895726354719,0.000215345252802,0.0001129658715804,0.0002927659960595,0.0002460308389143,0.0003165164658116,0.1786444712770624,0.0002713472450468,0.0002789792921715,0.0002989981744946,0.0002326661613303,0.0212752409345445,0.0002114376915402,0.0002818028567501,0.0002987797688854,0.0002498545776236,0.0001999769151358,0.0002621701369263,0.338973857801964,7.088910605216758e-05,0.0001323037605256,0.0002945254235517,0.000509831539139,0.000325097797677,0.0002588213609194,1.28658123538412e-05,0.4459709456792328,0.0001683231753225,0.0002349116261954,0.000230196932004,0.0001904624069838,0.0003860746726359,0.000188025770514,0.0002857819062389,0.0002206300289101,0.000409947383509,0.0002346319108149,0.0002370337526046,0.0005007706285583,0.0002336686124612
uj0184,0.0001123311494814,0.0001132449885965,0.0001554875605064,0.3654847525220417,0.0596368530855837,0.0001538398445447,0.0001552710006505,0.0001124168688925,8.453053533439367e-05,0.0001365581702142,9.255131085623871e-05,0.0001729318066901,0.0001330930210463,0.0001707910256463,0.0001064567282359,0.0001664443986817,7.219743483036455e-05,0.0001107844277145,0.0001074461257465,0.0001629501634843,8.848508983061192e-05,0.0001005147393311,5.272804943445596e-05,0.000136651713451,0.0001148375704554,0.000147737503572,0.1821322358168562,0.0001266542784167,0.0001302166194357,0.000139560650531,0.0001085994618084,5.565159382781252e-05,9.869084260465848e-05,0.0001315345489183,0.000139458707337,0.0001166223420937,9.334140054440312e-05,0.0001223707633703,0.0002229587752242,3.30882614013431e-05,6.175421946259449e-05,0.0001374729453725,0.000237969416983,0.0001517429335703,0.0001208076857402,6.005257874055391e-06,0.385908164199187,7.856667314832334e-05,0.0001096475569609,0.0001074469221593,8.890040036297344e-05,0.0001802045532809,8.776307378428668e-05,0.0001333918135524,0.0001029814660689,0.0001913474007749,0.0001095169967643,0.0001106380825475,0.0002337401384023,0.0001090673667786
uj0186,4.855782157300391e-05,4.895285035087118e-05,6.721321071441337e-05,5.066516034343518e-05,0.000167748971847,6.650094614631295e-05,6.711959754577553e-05,4.8594875835198944e-05,3.654034229316016e-05,5.903052977028842e-05,4.000751403015931e-05,7.475390265582012e-05,5.753263630266804e-05,7.3828498932705e-05,4.601846272194756e-05,7.19495656397938e-05,3.1209065114204344e-05,4.788921415707044e-05,4.644615342043993e-05,7.043909904143084e-05,3.82497928998213e-05,4.3449896136813095e-05,2.2792958392655027e-05,5.9070966068011065e-05,0.2945842460834982,6.386306355100958e-05,0.4501007269286336,5.474933605865051e-05,5.628924302463695e-05,6.032842357956274e-05,4.694471047218664e-05,2.4056730264202988e-05,4.26614732263186e-05,5.685894951261181e-05,6.02843561997903e-05,5.041279204345049e-05,4.034904916339391e-05,5.28976843993659e-05,9.637925433372148e-05,1.4303191062350896e-05,2.669473591150919e-05,5.942596317521938e-05,0.0001028679626535,6.559450630822946e-05,5.222200677103854e-05,2.595916107813837e-06,0.2521903677928084,3.396232045991173e-05,4.739777462799071e-05,4.644649768890043e-05,3.8429320794095376e-05,7.789772102618193e-05,3.7937684223713765e-05,5.766179649791013e-05,4.451619766896509e-05,8.271448292104828e-05,4.734133686550909e-05,4.782595296426835e-05,0.0001010397560016,4.714697356809202e-05
uj0188,9.700471687953686e-05,0.0256802447427933,0.0001342728784921,0.0001012145803819,0.000335114735252,0.0001328499764645,0.0001340858660063,9.7078740756576e-05,7.299721124227712e-05,0.0001179262092515,7.992363425354584e-05,0.017204304283476,0.0001149338441281,0.0001474883428582,9.193180012951492e-05,0.0001437347685377,6.234683573946703e-05,9.566902942517536e-05,9.278620450300787e-05,0.0001407172858751,7.641220735921389e-05,8.6800534633953e-05,4.553384818555781e-05,0.0001180069894736,9.916916243256374e-05,0.0001275802372952,0.1743371285319396,0.0001093736018558,0.0001124498979996,0.0001205190319406,9.37821796947754e-05,4.805850494791942e-05,8.52254898989071e-05,0.0001135880095289,0.0512853327393855,0.0001007104202961,0.0853554421602053,0.00010567452848,0.0001925383383529,2.8573707685615145e-05,5.33284899401174e-05,0.0001187161727269,0.0002055009320832,0.0001310391674741,0.0001043247167521,5.185902063232375e-06,0.4611672097463394,6.784705685020773e-05,9.468727301935884e-05,9.278689225347648e-05,7.677085303136073e-05,0.0001556174912489,7.578870299306476e-05,0.1791923479648397,8.893070182193342e-05,0.0001652400115505,9.45745264217255e-05,9.554265155445476e-05,0.0002018486951639,9.418624383352558e-05
uj0190,0.0003419374898798,0.0003447192281118,0.0004733061701274,0.0003567770791806,0.0011812651495712,0.0004682905011649,0.0004726469590906,0.0003421984208893,0.0002573120563962,0.0004156848582175,0.0002817274021083,0.0005264066839246,0.0004051368987779,0.000519890118396,0.000324055674689,0.0005066589290012,0.000219769936973,0.0003372292485684,0.0003270674136664,0.0004960224313071,0.0002693497720634,0.0003059681826587,0.0001605048728967,0.0004159696050553,0.0003495670681435,0.0004497148953405,0.1937047176068835,0.0003855372819049,0.0003963810946119,0.0004248244476162,0.0905076264461143,0.0001694041803108,0.0003004162171412,0.0004003928892138,0.0004245141311989,0.00035499993638,0.0002841324454645,0.0003724982060156,0.0006786894311931,0.0001007211009616,0.0001879806526506,0.0004184694457776,0.0007243820212553,0.0004619074767021,0.0003677401772426,1.82800836011538e-05,0.5134111509593536,0.0002391579818113,0.0003337685991085,0.0003270698379574,0.000270613982762,0.0005485450197761,0.0002671519457644,0.0004060464270789,0.0003134769311476,0.0005824639934517,0.0003333711721603,0.000336783771964,0.0007115080418778,0.1806860990173447
uj0191,6.490372209672662e-05,6.54317284443829e-05,8.983902918458592e-05,6.772044915508728e-05,0.0002242178973041,8.888699673976478e-05,8.971390324431428e-05,6.495324984443232e-05,4.884082820620282e-05,7.89018323994046e-05,5.347514547147583e-05,9.991812578174843e-05,7.689970672317812e-05,9.868120567028836e-05,6.150954509632234e-05,9.616977166581905e-05,4.171489625055799e-05,6.401004300425922e-05,6.208120826693165e-05,9.415084039664856e-05,5.112572698293252e-05,5.807632823386761e-05,3.0465696140322515e-05,7.895588066897257e-05,0.1541162478021545,8.536113018844185e-05,0.1394673443286095,7.31794709362849e-05,7.523775301191167e-05,8.06366330222364e-05,6.274759335768953e-05,3.215488844111985e-05,5.7022500450417866e-05,7.599923839931998e-05,8.05777313483633e-05,6.738312673250694e-05,5.393165073995044e-05,7.070450231493789e-05,0.0001288231666192,1.911803923105395e-05,3.5680919467139895e-05,7.943037958274179e-05,0.0001374961529253,8.767542427949855e-05,0.0171864564726654,3.46977298795537e-06,0.4283734207089015,4.53949731986241e-05,6.335317139038785e-05,6.208166842564065e-05,5.136568891246548e-05,0.0001041202400286,5.070855392776147e-05,7.707234579854001e-05,5.950157623866243e-05,0.0001105584566805,6.327773512217799e-05,0.2568137519816061,0.0001350525215467,6.301794378408438e-05
uj0193,0.0001399758075016,0.0001411145421148,0.0001937529967315,0.0001460505537837,0.0004835636573306,0.0001916997784271,0.0001934831415682,0.0001400826224307,0.0001053334715846,0.0001701650898696,0.0001153281572585,0.0002154902660205,0.0001658471686596,0.0002128226394835,0.0001326556931678,0.1601721871914709,8.996519920407126e-05,0.0001380484380291,0.0001338885810722,0.0002030521437866,0.0001102612406092,0.0001252513827966,6.570440462543779e-05,0.0001702816540655,0.0001430990578323,0.0001840956533982,0.1654300019298812,0.0001578238536394,0.0001622628855823,0.0001739064795802,0.1231851572007368,6.934743230846081e-05,0.0001229786257005,0.0739938040258583,0.0001737794482006,0.0001453230611691,0.0001163126877526,0.0001524861669841,0.0002778288546466,4.123127137802749e-05,7.695191205474294e-05,0.000171304990886,0.0002965336102821,0.0001890868183688,0.0001505384164761,7.483149812463812e-06,0.4685750501726121,9.790190492498383e-05,0.0001366317837664,0.000133889573482,0.0001107787589236,0.0002245528330957,0.0001093615366573,0.0001662194939007,0.0001283251701529,0.0002384379316017,0.0001364690927494,0.0001378660773659,0.0002912635076684,0.0001359088089758
uj0194,3.148782024272345e-05,3.174398072820748e-05,4.358509975019903e-05,3.28543458042975e-05,0.3322722610288412,4.312322444444858e-05,4.352439532543425e-05,3.151184846123547e-05,2.36949618508892e-05,3.8278955892719845e-05,2.5943285125464938e-05,4.847493921714858e-05,3.730763142380252e-05,4.787485162793113e-05,2.98411468038498e-05,4.665643795411532e-05,2.0237840175389177e-05,3.1054254867592015e-05,3.0118487248650565e-05,4.567696030888394e-05,2.480347272869773e-05,2.817553330855361e-05,1.478032896489754e-05,3.830517722705335e-05,3.219040125827868e-05,4.141266226740685e-05,0.2171356753282362,3.550277167255956e-05,3.650134022783544e-05,3.912058852031067e-05,3.0441781711161424e-05,1.559983487002315e-05,2.766427234015182e-05,3.68707722761306e-05,3.909201257336963e-05,3.2690694977150475e-05,2.616475710533325e-05,3.430204905546198e-05,6.249812156472752e-05,9.275051772895507e-06,1.731047684140532e-05,3.85353787627968e-05,6.670579140171374e-05,0.0083466224961276,3.386389892817888e-05,1.6833485753709394e-06,0.1164789518309124,0.3238814186328776,3.073557583606737e-05,3.0118710493084686e-05,2.4919889443458253e-05,5.051358066593961e-05,2.460108263846905e-05,3.739138668461428e-05,2.886698753531425e-05,5.363705959856688e-05,3.069897818686577e-05,3.101323249461966e-05,6.552027194144654e-05,3.057294130191922e-05
uj0195,0.0090085914194748,0.0001021492524106,0.0001402529000331,0.0001057223065715,0.0003500395164737,0.0001387666271679,0.000140057558697,0.0001014022718181,7.624823930216061e-05,0.1248249087660973,8.348313979059651e-05,0.1070431855796043,0.0001200525760075,0.0001540569327122,9.602610533282875e-05,0.0001501361879583,6.512353513639637e-05,9.992977711443686e-05,9.691856174345356e-05,0.000146984317685,7.981532682110597e-05,9.066631209182438e-05,4.7561758781133954e-05,0.0001232625879754,0.0001035857932086,0.0001332621931436,0.2088232642325453,0.0001142447009374,0.0001174580040286,0.0001258865076006,9.795889401736544e-05,5.019885449611213e-05,8.902112064100585e-05,0.0001186468028713,0.1070129921722213,0.0001051956930446,8.419581654551134e-05,0.0001103808844004,0.0002011132897782,2.984627582732852e-05,5.570354529135697e-05,0.0001240033556498,0.0002146531898909,0.0001368751713864,0.0001089709570088,5.416863121010591e-06,0.4371695735231433,7.086871592247634e-05,9.890429687905256e-05,9.69192801238056e-05,8.018994525610035e-05,0.0001625481235573,7.916405385728968e-05,0.0001203220928444,9.289134911363148e-05,0.000172599195621,9.878652896147664e-05,9.97977708368652e-05,0.0002108382957344,9.838095369088624e-05
uj0197,2.5837765211850244e-05,2.60479612314372e-05,3.5764354769554315e-05,2.6959086609894665e-05,8.925974042299517e-05,0.0431909288109464,3.57145429165171e-05,2.585748189797164e-05,1.944322777149057e-05,3.141032523962739e-05,2.12881204455794e-05,3.977677998974332e-05,3.061329154917337e-05,3.928436984139941e-05,2.448656460900637e-05,3.828458369576312e-05,1.6606438896560117e-05,2.548199716311646e-05,0.0840644566564625,3.748085980402779e-05,2.03528316619732e-05,2.311982248162468e-05,1.2128202797308068e-05,3.143184151718576e-05,2.6414277754868027e-05,3.398173122860665e-05,0.1350181298898581,2.9132288985850144e-05,2.9951678187143527e-05,3.2100938500840655e-05,2.497942386676161e-05,1.2800659671208491e-05,2.270030024217715e-05,3.025482074995046e-05,3.207749011342999e-05,2.6824800666442387e-05,2.1469852333424617e-05,2.814701948081685e-05,0.4088932743156523,7.610771663091212e-06,1.4204350535720562e-05,3.1620736562511143e-05,5.473635720803602e-05,3.4903037209591536e-05,2.7787489350467503e-05,1.381294891957089e-06,0.3272555385376801,1.807145447769996e-05,2.522050068825722e-05,2.47143233226456e-05,2.044835900300636e-05,4.144961534954188e-05,2.018675768186839e-05,3.068201808366924e-05,2.36872047846252e-05,4.4012629069871855e-05,2.519046998241327e-05,2.5448335689152176e-05,5.376356286303713e-05,2.5087048678042905e-05
uj0199,9.00905088312435e-05,9.082341534245388e-05,0.0001247023065962,9.400030576936458e-05,0.000311228752445,0.0001233808247981,0.0001245286238048,0.308957286269292,6.779418687696614e-05,0.0001095207793782,7.422691503224276e-05,0.000138692735984,0.0001067417011514,0.0001369758119213,8.537917451710333e-05,0.0001334897812277,5.79029385010392e-05,8.88500252107164e-05,8.617267948502368e-05,0.0001306873757653,7.096577221558028e-05,8.061365038266927e-05,4.228833075380945e-05,0.000109595801826,9.2100679135146e-05,0.0001184866969821,0.3203042943797305,0.0396999273934543,0.0001044348033239,0.0001119287933685,8.709766452385491e-05,4.463303748212089e-05,7.91508701573688e-05,0.0001054917936444,0.0001118470340856,9.353208071679886e-05,7.486057348190347e-05,9.814236201615076e-05,0.0001788147775667,2.653705868539381e-05,4.952739359956333e-05,0.0001102544366038,0.0081105233595285,0.0001216990848932,9.688876085839738e-05,4.816266369869238e-06,0.3174212020924755,6.301112019045462e-05,8.793824548501316e-05,8.617331821468197e-05,7.129885468964137e-05,0.0001445255387639,7.038670938841247e-05,0.0001069813352069,8.259198558155542e-05,0.0001534621944039,8.7833535129924e-05,8.873265517919133e-05,0.0001874615198024,8.747292817114402e-05
uj0201,8.938262792122093e-05,9.010977566233612e-05,0.0001237224655073,9.32617038583124e-05,0.0081662248703562,0.0001224113671752,0.0001235501474183,8.945083541536673e-05,6.72614980141404e-05,0.0001086602262524,7.364368138373916e-05,0.0001376029659135,0.0001059029844705,0.3772930953557527,8.470831264121632e-05,0.0001324408930702,5.7447969544477134e-05,8.815189132827263e-05,8.549558269020808e-05,0.000129660507345,7.04081628062415e-05,7.9980233334265e-05,4.195605266541041e-05,0.0001087346592158,9.137700342939536e-05,0.0001175556946826,0.0034898589128708,0.0001007796349864,0.0001036142129579,0.0001110493194135,8.641329971313464e-05,4.428233599758274e-05,7.852894681912869e-05,0.0001046628980387,0.0001109682025495,9.279715785674336e-05,7.42723608991502e-05,9.737121414011983e-05,0.0001774097508984,2.6328545297077548e-05,4.913823499776235e-05,0.0001093881188093,0.0001893538163991,0.0001207428414433,9.61274630802277e-05,4.77842283823595e-06,0.5899375388286932,6.251601399468972e-05,8.724727585849763e-05,8.549621640108539e-05,7.073862810422145e-05,0.0158582730970893,6.983364993140911e-05,0.0001061407356154,8.194302387990094e-05,0.0001522563741767,8.714338825890636e-05,8.803544352491347e-05,0.0001859885518621,8.67856147482382e-05
uj0202,0.0178865354400891,5.1135634995006505e-05,7.021021626524219e-05,5.292429608727111e-05,0.0001752288198475,0.1160022471042839,0.0937081277810342,5.076169856352751e-05,3.81696590229783e-05,6.166267341451372e-05,4.179143032204293e-05,7.808714412463699e-05,6.009798957950437e-05,7.712047708341144e-05,4.807040439758469e-05,7.515776303596347e-05,3.2600662694341825e-05,5.0024571762041874e-05,4.851716562378725e-05,7.357994544020701e-05,3.995533323066335e-05,4.5387306632768457e-05,2.380928572022232e-05,6.170491274779207e-05,5.1854763370097584e-05,6.671068761063904e-05,0.0019804305386504,5.7190583282639785e-05,5.879915397820806e-05,6.301843970018722e-05,4.903795310070794e-05,2.512940858696532e-05,4.456372831437071e-05,5.939426341135776e-05,6.297240737661303e-05,5.266067480312053e-05,4.214819434672948e-05,5.5256367344070006e-05,0.0001006767600941,1.494096364534161e-05,2.7885041669176944e-05,6.207573900955977e-05,0.1249581419330154,6.851933458856456e-05,0.075856753465652,2.711666789888241e-06,0.5577263234380124,3.547668440496807e-05,4.951121917478662e-05,4.851752524301698e-05,4.014286618956608e-05,8.137114388205984e-05,3.962930777502968e-05,6.023290896729168e-05,4.65011540502717e-05,8.640268293133521e-05,0.0089673584888889,4.995848978231464e-05,0.0001055450713462,4.924923501322264e-05
uj0204,0.0001101556203609,0.0001110517610583,0.0001524762166599,0.0097984885080021,0.0003805461501386,0.0001508604121856,0.0001522638509414,0.0001102396796352,8.289342361568075e-05,0.0001339134338493,9.07588599391162e-05,0.1066886578530897,0.0001305153945877,0.0001674832979899,0.0001043949696461,0.0001632208526043,7.079917955900923e-05,0.0001086388541162,0.0001053652053916,0.0001597942906254,8.677138984137123e-05,9.856805986189048e-05,5.170685978633007e-05,0.0001340051654245,0.0097961657932893,0.0001448762558888,0.2367061755213478,0.00012420135176,0.000127694700548,0.0001368577648158,0.0001064962046733,5.457378358965242e-05,9.67794867340421e-05,0.0388631962818384,0.0001367577959663,0.000114363704997,9.153364787765592e-05,0.0001200007959976,0.0002186407093056,3.244743758214348e-05,6.055821903550328e-05,0.0001348104924615,0.3875754524012552,0.0001488041123054,0.0001184679906554,5.88895341672979e-06,0.2041302991284361,7.704506417231733e-05,0.0001075240012574,0.0001053659863802,8.717865701121595e-05,0.0001767145128503,8.606335715532949e-05,0.0001308084003481,0.0001009870132449,0.0001876415556514,0.0001073959696338,0.0001084953432314,0.0002292132686954,0.0001069550476791
uj0207,1.8732323163858625e-05,1.888471481748561e-05,2.5929078842426903e-05,1.9545278720443843e-05,0.9699826208677084,2.5654306012106173e-05,2.5892965358120768e-05,1.874661771809418e-05,1.4096297531066176e-05,2.277241697361453e-05,1.5433840677321603e-05,2.883807833518972e-05,2.21945692944654e-05,0.024729276695422,1.775270568749642e-05,2.775623929169809e-05,1.2039631812605968e-05,1.8474392108072112e-05,1.7917697446162748e-05,2.7173541231279333e-05,1.475575835857648e-05,1.6761820639898288e-05,8.792920453189606e-06,2.278801622769869e-05,1.9150293494314065e-05,2.463668068125705e-05,0.000731385577629,2.112084568117281e-05,2.171490105669592e-05,2.327311007474852e-05,1.8110027569434424e-05,9.280450213305377e-06,1.6457667935540074e-05,2.193467875049644e-05,2.3256110045255e-05,1.9447921705683218e-05,1.5565595897805358e-05,2.0406527448908898e-05,3.718056700209802e-05,5.517792779306438e-06,1.0298123014362352e-05,2.292496472165992e-05,3.968373903959276e-05,2.5304625498740314e-05,2.0145868892194432e-05,1.0014357700278242e-06,0.0034253498966802,1.3101764898845684e-05,1.8284807736780338e-05,1.791783025582859e-05,1.4825015471509624e-05,3.005088030559017e-05,1.463535508689551e-05,2.224439588138393e-05,1.7173171566347046e-05,3.1909059636850785e-05,1.826303554084561e-05,1.844998761320575e-05,3.89784652710187e-05,1.818805532178995e-05
uj0208,0.0001022355908393,0.0001030673003187,0.0001415133975741,0.0001066724666569,0.0003531854332403,0.0001400137671007,0.0360905919513484,0.0001023136063734,7.693350654529919e-05,0.0001242852519557,8.423342939172615e-05,0.0001573898737214,0.0001211315267943,0.0181300793168498,9.688912256539714e-05,0.0181261233351125,6.570882111538805e-05,0.0001008278778902,9.778959976639988e-05,0.0001483053126232,8.053265261736673e-05,9.148115915322983e-05,4.798921147534779e-05,0.0001243703881635,0.000104516751767,0.0001344598629724,0.0039916905130342,0.1978362875333775,0.0001185136365697,0.0001270178897912,9.883928183823255e-05,5.065000761051973e-05,0.0450264157452236,0.0001197131195266,0.0001269251085571,0.0001061411202863,8.495251119991905e-05,0.0001113729126103,0.000202920759051,3.0114513826544423e-05,5.62041708174571e-05,0.0001251178133533,0.117051728211356,0.0001381053122029,0.0001099503137517,5.465546197385427e-06,0.5579337017641065,7.150563567340351e-05,9.979318133693864e-05,9.779032460306524e-05,8.091063786770697e-05,0.0001640089953824,7.987552645572543e-05,0.000121403465865,9.372619329234444e-05,0.0001741503996362,9.967435500152975e-05,0.0001006946852301,0.0002127331667372,9.92651346966395e-05
uj0209,0.0002756510863635,0.0002778935698242,0.0003815532482971,0.0002876139422452,0.0009522706091022,0.0003775098934757,0.0003810218288306,0.0002758614345072,0.000207430743862,0.0003351021345826,0.0002271130447756,0.0004243599446901,0.0003265989532571,0.2912020954042334,0.0002612357562831,0.0004084403972319,0.0244090820937436,0.0002718555627057,0.0002636636536197,0.0003998658412641,0.0002171348842362,0.0487104860799369,0.000129390148463,0.0003353316817294,0.000281801630247,0.0003625352677709,0.2530816893772589,0.0003107988264992,0.0003195405083606,0.0003424699659004,0.000266493842217,0.0001365642777387,0.0002421789334808,0.0003227745952128,0.0003422198059733,0.0002861813080413,0.0002290518576683,0.0003002874449151,0.0005471218703676,8.119577911614676e-05,0.0001515396019801,0.0003373469150139,0.000583956708495,0.0003723642522999,0.0002964517853602,1.4736392038341127e-05,0.3654198335432221,0.000192795933321,0.0002690657785744,0.000263665607949,0.0002181540209578,0.0004422066462316,0.0002153631182705,0.0003273321646529,0.0002527077585179,0.0004695502462133,0.0002687453949568,0.0002714964441136,0.0005735784185845,0.0002676420412159
uj0211,0.000153169001362,0.0001544150655687,0.0002120148727839,0.0001598163130523,0.0005291411695372,0.0002097681317014,0.0002117195828576,0.00015328588396,0.0001152615079747,0.0001862037258239,0.0001261982266186,0.0002358009533128,0.000181478825918,0.0002328818939412,0.000145158941464,0.0002269550560647,9.84447238803672e-05,0.0001510599707901,0.0001465080332284,0.0002221904959389,0.0001206537359169,0.0001370567497669,7.189726725778686e-05,0.00018633127659,0.0001565866286128,0.0002014472921385,0.0194451061130899,0.0001726992862876,0.0001775567120231,0.0001902977541844,0.0001480806632036,7.588366263640684e-05,0.0001345697776183,0.0001793537731557,0.000190158749667,0.0001590202517952,0.0001272755524457,0.0001668585045899,0.0003040151650156,4.511745832784994e-05,8.420489035000825e-05,0.0001874510663713,0.00032448290721,0.0002069088913093,0.0001647271720008,8.188462022658249e-06,0.4858102964486027,0.0001071294909917,0.4848812108868657,0.0001465091191761,0.0001212200320849,0.0002457176980236,0.0001196692318208,0.0001818862440739,0.0001404202519905,0.0002609115140832,0.0001493317668695,0.0001508604220169,0.0003187160795787,0.0001487186744531
uj0216,0.0002308915330008,0.0002327698874481,0.0003195975593021,0.0002409118894233,0.0007976432223354,0.0003162107546082,0.0003191524304369,0.0002310677253243,0.0001737486438875,0.0002806890645212,0.0001902349806218,0.0003554534083876,0.0002735666091102,0.0003510531309996,0.0002188169291787,0.0003421188383491,0.0001483985206566,0.0002277123172486,0.0002208505904474,0.0003349365979366,0.0001818770495362,0.0002066034431276,0.0001083800906717,0.0002808813383603,0.000236043366519,0.0003036676722257,0.3337700767681087,0.000260332068529,0.0002676542973386,0.0002868605252991,0.0002232212198998,0.0001143893022741,0.0002028545069406,0.000270363241029,0.0002866509857328,0.000239711882879,0.0001918589737897,0.0002515274995358,0.0004582815509781,6.801140587054211e-05,0.0001269329697666,0.0002825693429626,0.0004891352376269,0.0003119006501388,0.0002483146650559,1.2343532519755524e-05,0.2654894569090484,0.0001614901983085,0.0002253755314833,0.0002208522274375,0.0001827307013143,0.0003704022059138,0.0001803929786213,0.0002741807634218,0.0002116736869611,0.0003933058185961,0.0002251071709787,0.0002274115114605,0.3861271690993757,0.0002241829771363
uj0217,4.1627790200742174e-05,4.196644161786952e-05,5.7620736344840686e-05,4.3434375697694815e-05,0.0001438083254196,5.70101241087928e-05,5.754048337595031e-05,4.165955618617418e-05,3.132541068705275e-05,5.060586387760014e-05,3.42977577360395e-05,6.408524261667525e-05,4.9321745418549874e-05,6.329190982725213e-05,3.945084127527924e-05,6.168113244093746e-05,2.6754997914850456e-05,4.105460449480407e-05,3.981749319851024e-05,6.038623525187494e-05,3.2790893464232845e-05,0.3110873338858177,1.954001351970025e-05,5.064052922426447e-05,4.255662220273876e-05,5.474871246192997e-05,0.3309724659699836,4.693566970777189e-05,4.825580562063136e-05,5.17185260491122e-05,4.024489763472471e-05,2.0623423537410885e-05,3.657295157794098e-05,4.8744205252022646e-05,5.168074783789023e-05,4.321802466907039e-05,3.459054996624895e-05,4.534828039950833e-05,8.262428686336829e-05,1.2261881144101746e-05,2.2884940674651813e-05,5.0944862174590936e-05,8.818694556307711e-05,5.6233048733765824e-05,4.476903352137029e-05,2.225434494674276e-06,0.3552561754720484,2.9115316648009986e-05,4.063330178907775e-05,3.9817788333975175e-05,3.2944799658455055e-05,6.678038435308748e-05,3.252332803258962e-05,4.943247224557075e-05,3.816297513084272e-05,7.090971196933914e-05,4.0584918660266005e-05,4.10003717558445e-05,8.661965525874733e-05,4.041829432858264e-05
uj0219,4.619172397871256e-05,4.6567504021552e-05,0.0041245568090449,4.81963775578904e-05,0.0001595749964528,6.326052630049417e-05,6.384903241047393e-05,4.622697268213668e-05,3.475982551556041e-05,5.615412407590952e-05,3.80580509028232e-05,7.11113374931325e-05,0.097509578618966,7.023102631025252e-05,0.0081650135515337,6.844364859788785e-05,2.968832774389664e-05,4.555569608029281e-05,4.41829519770439e-05,6.700678314695838e-05,0.1502792788037908,4.133269459458661e-05,2.1682316228888216e-05,5.619259001697975e-05,4.722239006144055e-05,6.0751180930720704e-05,0.4078653840248611,5.208154190848128e-05,5.354641317373771e-05,5.738877486232392e-05,4.465721562759299e-05,2.288450775172744e-05,4.0582689502094944e-05,5.408835933171871e-05,5.734685477248106e-05,4.795630651523986e-05,3.838294390857072e-05,5.032011646599496e-05,0.0163341578414533,1.3606233396891432e-05,2.539397017749652e-05,5.653028902937787e-05,0.0325828052717048,6.23982549413659e-05,4.967736286842335e-05,2.4694238011429943e-06,0.260204874261108,3.2307424047066376e-05,4.508820313386088e-05,4.418327947018891e-05,0.020339650383931,7.410196569058224e-05,3.6089078572412905e-05,5.485208565099533e-05,4.234703799912324e-05,7.868401918291899e-05,4.5034515438200825e-05,4.5495517442499415e-05,9.61163488993456e-05,4.484962296372308e-05
uj0221,6.042208482269939e-05,6.091363204517557e-05,8.363559540838394e-05,6.30443153473066e-05,0.950981601192174,8.274930132113242e-05,8.351910948227101e-05,6.046819265251677e-05,4.546834248254787e-05,7.345361800357635e-05,4.97826576227538e-05,9.301872490937524e-05,7.158974019308077e-05,9.186721480365028e-05,5.7262277588284615e-05,8.952919668169251e-05,0.0053504147150978,5.959011475711726e-05,5.779446710636944e-05,8.764967371357648e-05,4.7595467757321694e-05,5.406612621550497e-05,2.8362023269324825e-05,7.350393421076535e-05,6.177026991107515e-05,7.946689777083901e-05,0.007670702560593,6.812638870853716e-05,7.004254528854377e-05,7.506862970085622e-05,5.841483794455264e-05,2.9934575923986447e-05,5.308506581306421e-05,7.075144969622413e-05,7.501379521956628e-05,6.273028522127819e-05,5.0207640954413496e-05,6.582231801518489e-05,0.0001199278569724,1.7797928235007893e-05,3.321713259190978e-05,7.394566871673585e-05,0.0160627427341552,8.162138859751461e-05,6.498155025318352e-05,3.230183277952931e-06,0.0163602248996632,4.226042563543156e-05,5.8978600485072734e-05,5.779489549086958e-05,4.781886018524519e-05,9.69306808844919e-05,4.720710072826712e-05,7.175045844649131e-05,5.539296007120827e-05,0.0001029243351785,5.890837313216851e-05,5.951139678679549e-05,0.0001257270715576,5.866652052711914e-05
uj0222,2.339356268995426e-05,2.3583874573395747e-05,3.23811161107544e-05,2.440880925658489e-05,8.08159419420954e-05,3.203797044882145e-05,3.233601636249156e-05,2.341141421577459e-05,0.1110675030984392,2.8438969337335227e-05,1.927430550249576e-05,3.6013973680192905e-05,2.771733348954564e-05,3.5568144577714264e-05,2.217018304584964e-05,3.466293626411896e-05,1.503550195608247e-05,2.307144960924094e-05,2.2376230369287523e-05,3.393524309512534e-05,1.8427493225462305e-05,0.2426855271979268,1.0980898314114975e-05,2.845845021672975e-05,2.3915538263540087e-05,3.0767125302500545e-05,0.3793056281984129,2.637643089889919e-05,2.7118307469522136e-05,2.906425192227398e-05,0.0247003717881814,1.1589742070798133e-05,2.055289582678761e-05,2.7392773333302216e-05,2.904302170687524e-05,2.428722650317053e-05,1.9438845905901894e-05,2.548436597983547e-05,4.643235744991598e-05,6.890807411540142e-06,0.0205776567876733,2.862947615679884e-05,4.955840388156485e-05,3.160127752294548e-05,2.5158846703137448e-05,1.2506270717829545e-06,0.2202080530092885,1.6361929902081303e-05,2.2834690194188435e-05,2.237639622651818e-05,1.8513983865141884e-05,3.752856205649224e-05,1.827712952206545e-05,2.777955862705309e-05,2.1446441111894944e-05,3.9849119645360375e-05,2.2807500334925302e-05,2.304097244548613e-05,4.867763399657003e-05,2.271386248554368e-05
uj0223,5.737458755849841e-05,5.784134270668391e-05,7.941728270128719e-05,5.986456113809464e-05,0.0001982075752433,7.857569046128412e-05,7.930667195379793e-05,5.741836985642395e-05,4.3175064292463605e-05,6.974885176506572e-05,4.7271779135936e-05,8.832715707432613e-05,6.797898200717139e-05,8.723372546601143e-05,5.437415092393199e-05,8.501362952186706e-05,3.687577368605221e-05,5.658457940975841e-05,5.487949849994946e-05,8.322890369820813e-05,4.519490415206999e-05,5.13392032334334e-05,2.693153326597425e-05,6.979663018322934e-05,5.865477449056233e-05,7.545884087803563e-05,0.4006909415242511,6.469031092640869e-05,6.650982267940401e-05,7.1282407422827e-05,5.546857981150177e-05,2.8424771379819284e-05,5.040762438895655e-05,6.718297220955366e-05,7.12303386178987e-05,5.956636969013827e-05,4.767532766367649e-05,6.250245021083392e-05,0.000113879078333,1.6900257494850723e-05,3.154176635793275e-05,7.021608500947016e-05,0.0001215459577682,7.750466605837833e-05,0.1917215853706598,3.067263134907302e-06,0.3282432946864755,4.01289445406322e-05,5.600390796739354e-05,5.487990527810157e-05,4.540702937835789e-05,0.0757472581022157,4.482612511740559e-05,6.813159414443229e-05,5.259911582090887e-05,9.773315995188752e-05,5.593722265820522e-05,5.650983172281735e-05,0.000119385799029,5.570756832725364e-05
uj0224,0.000128875160737,0.0001299235890971,0.0001783876017059,0.0001344681551088,0.0004452151066487,0.4306841323552328,0.0001781391471467,0.000128973504811,9.698010194583372e-05,0.0001566703111073,0.0001061821686867,0.000198401017764,0.0001526948184853,0.0001959449447834,0.0001221355610289,0.0001909581512598,8.28305956229712e-05,0.0001271006394466,0.000123270675944,0.0001869492888491,0.0001015170789882,0.0001153184423691,6.0493780020790856e-05,0.0001567776312918,0.0001317507247047,0.0001694961246958,0.0616775484158086,0.0001453077847447,0.0001493947835295,0.000160114993506,0.0001245938741045,6.384790089781231e-05,0.0001132259240883,0.0001509068162532,0.0001599980362277,0.0001337983555962,0.000107088621937,0.0001403933981951,0.0002557959045856,3.796146506370244e-05,7.084931469292417e-05,0.0001577198133702,0.0002730172975683,0.0001740914701297,0.0001386001121675,6.889705814981989e-06,0.4993900463226418,9.01378885313793e-05,0.0001257963315874,0.0001232715896517,0.0001019935560105,0.000206744886675,0.0001006887251927,0.0001530376168313,0.000118148465976,0.0002195288408007,0.0001256465426249,0.0001269327407203,0.0002681651353729,0.0001251306916171
uj0225,6.883090496501059e-05,6.939085982680249e-05,9.527499317739308e-05,7.181806604303718e-05,0.000237784833939,9.426535532279624e-05,9.51422961389912e-05,6.888342952886197e-05,5.1796080349036e-05,8.367601043519373e-05,5.671081005881025e-05,0.000105963953958,8.155274049478915e-05,0.0001046521905046,6.52313537065931e-05,0.0001019887950982,4.423897377053888e-05,6.788315129702885e-05,6.583760697061338e-05,9.984770269507295e-05,0.0242573480612172,6.159040036909858e-05,3.230910906160787e-05,8.37333290478399e-05,7.036671426330834e-05,9.052614626554469e-05,0.0026874366167083,7.760740134284561e-05,7.979022558407348e-05,8.551578006543809e-05,6.654431357187268e-05,3.41005107095832e-05,6.047280776163585e-05,8.059778679381169e-05,8.545331437956266e-05,7.146033297533126e-05,5.719493746684356e-05,7.498267776053028e-05,0.0001366179758634,2.0274830147166333e-05,3.783989419353758e-05,8.42365388574557e-05,0.3692435303702858,9.298047325167975e-05,7.402490203839532e-05,3.679721394532503e-06,0.599512136395562,4.814172415978104e-05,6.718653381242276e-05,6.583809497252366e-05,5.447371487766374e-05,0.0001104203289861,5.3776818086229546e-05,8.173582558460531e-05,6.310188702657259e-05,0.0001172481081056,6.710653305991846e-05,6.779347830494069e-05,0.0001432242554905,6.683102231376428e-05
uj0226,0.0001194057987307,0.0421072424078703,0.000165280213375,0.0001245878365761,0.0004125020299674,0.0001635287237714,0.000165050014515,0.0001194969167758,8.985429362499685e-05,0.0001451586444446,9.838021997798912e-05,0.0001838231033787,0.0001414752591501,0.0001815474953072,0.0001131614046856,0.0001769271164818,7.674445077812759e-05,0.0001177616639662,0.0001142131147461,0.0001732128133111,9.405790714114914e-05,0.0001068451875499,5.604887769152963e-05,0.0001452580790624,0.0001220700748441,0.0001570420555468,0.0466489500154208,0.0001346310025921,0.0001384177009094,0.000148350221866,0.0001154390882566,5.91565477814822e-05,0.0001049064212644,0.0001398186339833,0.0001482418582593,0.0001239672519317,9.9220069750022e-05,0.0001300777104924,0.0002370007852904,3.517216995888624e-05,6.564351859625262e-05,0.0001461310324149,0.4201216089633864,0.0001612997487193,0.0001284161897675,6.383470803474805e-06,0.4521996405294252,8.351482562226504e-05,0.000116553192754,0.0001142139613172,0.0210879319821369,0.0001915538897158,9.329041830919244e-05,0.0001417928696972,0.0001094672694723,0.0002033985170636,0.0001164144098373,0.0001176061019371,0.0002484611619324,0.0106126527660625
uj0227,3.9876687106803904e-05,4.020109290720649e-05,5.519687840758576e-05,4.160727727856819e-05,0.0001377589242296,5.4611952016752896e-05,5.5120001337859e-05,0.0035453840380074,3.000768463653549e-05,4.847709162281193e-05,3.285499775773892e-05,6.138945054890788e-05,4.724699053522872e-05,6.062948987689437e-05,3.77913131119424e-05,5.908647100601421e-05,2.5629529582251544e-05,3.932761287203036e-05,3.814254155691351e-05,5.784604460349032e-05,3.1411520821070185e-05,3.5681953121927045e-05,1.8718048722507324e-05,4.851029874660391e-05,4.076644711904072e-05,5.24456682859383e-05,0.1067212546074998,4.4961286824486415e-05,4.622589026564178e-05,4.95429488555644e-05,3.855196691648209e-05,1.975588431445892e-05,3.5034483925592595e-05,4.669374501339924e-05,4.9506759812113167e-05,4.140002721239636e-05,3.3135473471079983e-05,4.34406721952433e-05,7.914863649463198e-05,1.1746076247771767e-05,2.192226909812258e-05,4.88018297113257e-05,8.447729793403442e-05,5.386756487924397e-05,0.6730944546572296,2.131819983546284e-06,0.2141148984191089,2.7890559801262595e-05,3.892403256924505e-05,3.814282427729172e-05,3.155895283994994e-05,6.397121919944468e-05,3.115521072277331e-05,4.735305955820948e-05,3.655762198806848e-05,6.792684366379147e-05,3.88776847117304e-05,3.927566147244832e-05,8.297593682959193e-05,3.87180695530377e-05
uj0228,8.409636944163354e-05,8.478051228345478e-05,0.0001164052837728,8.774602945594095e-05,0.0002905212600753,0.0001151717262878,0.000116243156903,8.416054301495285e-05,6.328352519664415e-05,0.000102233853972,6.928825411295071e-05,0.0001294648650062,9.96396807090331e-05,0.0001278621758645,7.96985020504398e-05,0.000124608086961,5.405038745047976e-05,8.29384209497058e-05,8.043921145259227e-05,0.0001219921385315,6.624409025296298e-05,7.52500503390271e-05,3.947469197675378e-05,0.0001023038848285,8.597279379210806e-05,0.0001106032274941,0.069818099994464,9.481933584994624e-05,9.748627149331409e-05,0.0001044816516233,8.13026529467373e-05,4.166339449175146e-05,7.38845956664465e-05,9.84729353454805e-05,0.0001044053321648,8.730895758773611e-05,6.987975232706668e-05,9.16124954898963e-05,0.0001669174010776,2.477142509297541e-05,4.623210639682413e-05,0.0001029186975798,0.0001781550718459,0.0001136018803385,9.044230223133268e-05,4.495817830583433e-06,0.3554435977449654,5.88186981205055e-05,0.569322878826328,8.043980768460398e-05,6.65550112051983e-05,0.0001349095843649,6.57035551613626e-05,9.986337079941128e-05,7.709675772167227e-05,0.0001432516428572,8.19895626684389e-05,8.282886009073676e-05,0.000174988835449,8.165294856311076e-05
uj0229,7.142392878984763e-05,7.20049784824891e-05,9.886422867191043e-05,7.452362332719581e-05,0.0065254723114236,9.781655535907344e-05,9.872653262060532e-05,7.147843207888829e-05,5.37473618329348e-05,8.682828467502925e-05,5.884724109488417e-05,0.0001099558680165,8.462502610822455e-05,0.0001085946873152,6.768877387815049e-05,0.0001058309554721,4.590556108377646e-05,7.04404709880556e-05,6.831786614389957e-05,0.000103609203028,5.626180079342984e-05,6.39106571726305e-05,3.352627000985626e-05,8.688776261607992e-05,7.301759567556075e-05,9.39364814072454e-05,0.0027886787430236,8.053105665099514e-05,8.279611307071627e-05,8.873736280101198e-05,6.90511960629137e-05,3.538515801669051e-05,6.275096219474149e-05,8.363409703107689e-05,8.867254388424715e-05,7.415241360437451e-05,5.934960673331595e-05,7.78074534914606e-05,0.0001417646998022,2.1038631199075376e-05,3.926541296628993e-05,8.740992953552725e-05,0.3140877868461521,9.648326872573012e-05,7.681359608090954e-05,3.818345247431658e-06,0.6723270202806876,4.995533735836534e-05,6.971761026670435e-05,6.831837253000196e-05,5.652586921991691e-05,0.0001145801252863,5.5802718669585314e-05,8.481500844863049e-05,6.547908512581673e-05,0.0001216651230772,6.963459569566382e-05,7.034741980117185e-05,0.0001486198536883,6.934870580471792e-05
uj0230,9.537804740494564e-05,9.615396922930298e-05,0.0001320212602231,9.951731582007196e-05,0.0003294952053172,0.0001306222188011,0.0001318373837445,9.545082997759216e-05,7.1773122980615e-05,0.000115948707837,7.858339699168069e-05,0.0001468328075733,0.0001130065216034,0.0169139880773584,9.039019825874602e-05,0.0001413244840903,6.130134333665236e-05,9.406475805739276e-05,0.0084757167564153,0.0001383576015129,7.51308531199997e-05,8.534497881554277e-05,4.477029231645408e-05,0.0001160281334577,9.750619742901496e-05,0.0001254408477455,0.129491241530887,0.0001075395188834,0.0001105642287004,0.0001184980515525,9.220954885910622e-05,4.725261317782796e-05,8.379634596307361e-05,0.0001116832552682,0.0001184114937025,9.902160998114224e-05,7.925424574627584e-05,0.000103902475169,0.0001893096681628,2.809455595399572e-05,5.24342259341788e-05,0.0001167254244362,0.0002020548925093,0.0001288417752177,0.0001025752983976,5.098939811747683e-06,0.587585692975167,6.67093313882991e-05,9.309946469820115e-05,9.123095136600038e-05,7.548348467256717e-05,0.0001530079457457,7.451780428170854e-05,0.0001132602201184,8.743942528754226e-05,0.0001624691062645,9.298860874521514e-05,9.394049941376928e-05,0.2517330583378606,9.260683725723856e-05
uj0231,3.4236044847757095e-05,0.00304413431288,4.738916248375784e-05,3.572183935658681e-05,0.0001182726312111,4.688697517578125e-05,4.7323159839158e-05,3.426217022449795e-05,2.57630337806696e-05,4.1619903841115256e-05,2.8207588401068225e-05,5.270578211631256e-05,4.0563803170340434e-05,5.205331949874604e-05,3.2445651442677985e-05,5.072856393109069e-05,2.2004178076647867e-05,3.3764638332062674e-05,3.2747197876603974e-05,4.966359848314845e-05,2.69682943491794e-05,3.063466491250788e-05,1.607034089391348e-05,4.164841374657361e-05,3.499994641262614e-05,4.502711688909623e-05,0.0374521505109336,3.860141711404474e-05,3.968713970704911e-05,4.253499329987809e-05,3.3098709147699696e-05,1.696137243260393e-05,3.0078781611974988e-05,4.008881540502171e-05,4.250392327364257e-05,3.5543905253356124e-05,2.844839022783314e-05,3.729589666036492e-05,6.795289341392403e-05,1.0084568763869912e-05,1.882131747799746e-05,4.1898707035883045e-05,7.252780435196855e-05,4.624788318311918e-05,3.681950524006071e-05,1.8302695098154832e-06,0.3644050753538231,2.39453807591292e-05,0.5899188891693811,3.274744060558298e-05,2.709487179521557e-05,5.4922354096566894e-05,2.6748239859780064e-05,4.065486850427855e-05,3.138646855388629e-05,0.0030679381971846,3.337835346759935e-05,3.3720035568517386e-05,7.123881397102989e-05,3.324131621280561e-05
uj0233,0.0001232881612888,0.0001242911381544,0.0001706541375799,0.0001286386880176,0.0004259141293235,0.0001688457000078,0.0001704164540294,0.0001233822419478,9.27758179476112e-05,0.0001498783355498,0.0109395857069685,0.0001897999314847,0.0001460751885912,0.0001874503342462,0.0001168407368893,0.0001826797283302,7.923972140492383e-05,0.0001215905690933,0.0001179266422719,0.0001788446582309,9.711610783875748e-05,0.0001103191541417,5.7871252035870224e-05,0.0001499810031867,0.0001260390637297,0.0001621481241212,0.2215738029293511,0.0001390083977368,0.00014291821684,0.0001531736839841,0.00011919247711,6.107996497406272e-05,0.0001083173507699,0.0001443646998802,0.0001530617970408,0.0001279979256715,0.0001024461131072,0.0001343070598056,0.000244706633623,3.63157586052214e-05,6.777785328927599e-05,0.0001508823397622,0.1845072962032521,0.0001665442520158,0.0001325915163623,6.59102310245434e-06,0.5752825363046139,8.623022835385435e-05,0.0001203428056236,0.0001179275163685,9.757192861629868e-05,0.0001977820767653,9.632366485937568e-05,0.0001464031259341,0.0001130264904888,0.0002100118205666,0.0001201995103163,0.0001214299491172,0.0002565396331832,0.0001197060224953
uj0235,0.0001041068741981,0.0001049538069877,0.0001441036077324,0.0001086249609895,0.0003596500119489,0.000142576528564,0.0001439029032104,0.0001041863177005,7.834166968451169e-05,0.0001265601243541,8.577520768424484e-05,0.0001602706811694,0.0001233486745455,0.2381055950564101,0.0733132189830061,0.0001542582458608,6.691153166337685e-05,0.0001026733949792,9.95795053091598e-05,0.0001510198395435,8.200669322738374e-05,9.315559727566432e-05,4.886758868332892e-05,0.0001266468188644,0.0001064297886722,0.0001369209677789,0.013216572530234,0.0001173813416016,0.000120682867403,0.0001293427794063,0.0001006484003828,5.157708707070228e-05,9.146523633897372e-05,0.0001219043052631,0.0001292482999381,0.0001080838890466,8.650745130634492e-05,0.0001134114422093,0.0002066349473925,3.066571901957532e-05,5.723291167653318e-05,0.000127407924655,0.000220546591673,0.0001406331419965,0.0001119628046145,5.565585582517178e-06,0.6688159339888198,7.281444902304535e-05,0.0001016197597136,9.958024341297388e-05,8.239159698333483e-05,0.0001670109568445,8.133753926563053e-05,0.0001236255910908,9.544172370944916e-05,0.0001773379857018,0.0001014987584239,0.0001025377644088,0.0002166269578477,0.0001010820478982
uj0237,4.27221562277054e-05,4.306971055810534e-05,5.9135545946799205e-05,4.457623561715474e-05,0.0001475889475706,0.2817297249689542,5.905318318245024e-05,4.275475731908711e-05,3.214893422916885e-05,5.193625729809411e-05,3.519942224156177e-05,6.576999965064663e-05,5.061838024630078e-05,6.495581068681132e-05,4.048797680946415e-05,6.330268706880665e-05,2.7458368442766738e-05,4.213390186304929e-05,4.086426776005091e-05,6.197374792158862e-05,0.063879128590115,0.0263275416013642,2.0053707060943783e-05,5.197183397292455e-05,4.3675406585392725e-05,5.618801852764676e-05,0.3584515859607642,4.816957624312376e-05,4.952441762286103e-05,5.307817059425435e-05,4.130290836548096e-05,2.1165599184260708e-05,3.753442936764974e-05,0.0038056418714495,5.303939921979404e-05,4.4354196868512434e-05,3.5499911778502004e-05,4.6540455559686286e-05,8.479642264355972e-05,1.2584237581617537e-05,2.3486570054511647e-05,5.228416762759098e-05,9.05053198217272e-05,5.77113769810746e-05,4.594598067877409e-05,2.2839396397818865e-06,0.2631939786507724,2.9880738335065828e-05,4.170152339841309e-05,4.086457065442461e-05,3.381089582492128e-05,6.853599481309846e-05,3.3378343999351456e-05,5.073201800559023e-05,3.916625354820853e-05,7.277387961760428e-05,4.165186831035983e-05,4.207824338261316e-05,8.889682653123898e-05,4.148086353938385e-05
uj0239,0.000106047937372,0.0001069106611463,0.000146790406355,0.0001106502634795,0.0003663556536184,0.0001452348549348,0.0001465859597155,0.0001061288620913,7.980234297031101e-05,0.0001289198263293,8.737447860804334e-05,0.0001632589134017,0.0001256484993319,0.0001612378763598,0.0001005021002715,0.0747367695406296,6.815909106830402e-05,0.0001045877310639,0.000101436156103,0.0001538355906774,8.353570054285664e-05,9.48924748902366e-05,4.9778720417163794e-05,0.0001290081372507,0.0001084141623747,0.0001394738467347,0.1812671734382395,0.0001195699060095,0.0001229329884584,0.0001317543637311,0.0001025249806279,5.253873715483898e-05,9.31705973280576e-05,0.000124177199916,0.0094541125181824,0.0001100991032997,0.0094105747703262,0.0001155259882051,0.0002104876371396,3.1237478553704537e-05,5.830001409458328e-05,0.0001297834337894,0.0002246586627589,0.0001432552341021,0.0001140503408946,5.669355418071499e-06,0.718575763657905,7.417206778374412e-05,0.0001035144508649,0.0001014369079687,8.392778079423074e-05,0.000170124860902,8.285407026651943e-05,0.0001259305789609,9.722122594286396e-05,0.0001806444362704,0.0001033911935171,0.0001044495716738,0.0002206659477184,0.0001029667134617
uj0242,0.0001826870732979,0.0001841732736455,0.0002528734682612,0.0001906154263407,0.0006311149825657,0.0002501937448893,0.0002525212713289,0.0001828264810081,0.0001374742106337,0.0002220881079426,0.0001505186067111,0.064519811516267,0.0002164526456247,0.0002777618920923,0.0001731333490672,0.0002706928594816,0.0001174165681528,0.0001801715994145,0.0001747424320008,0.0002650100937967,0.0001439056055802,0.0001634697377929,8.575299973654618e-05,0.0002222402397443,0.0001867633309905,0.0002402693488717,0.0071328414239197,0.0002059811508332,0.0002117746787892,0.0002269711198609,0.0001766181324689,9.050763610717323e-05,0.0001605034870557,0.0002139180618232,0.0002268053269901,0.0001896659515779,0.0001518035501435,0.0001990147587785,0.0003626036615831,5.381230107438778e-05,0.0001004324950781,0.0002235758306017,0.0003870158591248,0.000246783483972,0.0001964726849289,9.766507246430576e-06,0.7721492738114486,0.1286049110587149,0.000178322676906,0.0001747437272277,0.0001445810359129,0.0163527133612507,0.0001427313720841,0.0002169385796574,0.0001674814397155,0.0003111932602142,0.0001781103434587,0.000179933594459,0.0003801376732464,0.0001773790985055
uj0244,7.830731514852137e-05,7.89443627342472e-05,0.0001083921375188,8.170573863365983e-05,0.0002705222594163,0.0001072434960807,0.0001082411711933,7.836707111971831e-05,5.892719250766678e-05,9.51962453907956e-05,6.451856586602569e-05,0.0001205527188869,9.278065070330508e-05,0.0070028941430218,7.421218963870218e-05,0.2754693817461712,5.0329648617256495e-05,7.722907790611491e-05,7.49019098367671e-05,0.000113594402482,6.168395718635795e-05,7.006996194919006e-05,3.675731979321486e-05,0.0138629290290795,8.005456956557381e-05,0.0001029894851506,0.2577592840686904,8.829213037226928e-05,9.077547859874624e-05,9.728930838785278e-05,0.0069595397002736,3.879535566499215e-05,6.879850290670429e-05,9.169422215129488e-05,9.721824263399844e-05,8.129875406639116e-05,6.50693463262299e-05,8.530604357241384e-05,0.1240644352473868,2.3066201362948355e-05,4.304956503632097e-05,9.583394550289034e-05,0.0001658911728172,0.0001057817157173,0.0138518839781128,4.186333203767851e-06,0.2965562823362086,5.476971670631846e-05,7.643655244196842e-05,7.490246502515816e-05,6.197347485703299e-05,0.0001256226328147,6.118063163202279e-05,9.298894233966402e-05,7.178954506508501e-05,0.000133390437866,7.634553745180291e-05,7.712705903457273e-05,0.0001629428948712,7.603209530198856e-05
uj0246,5.70866606479038e-05,5.755107344604305e-05,7.901873739004315e-05,5.95641386187167e-05,0.005215582924675,7.818136857131342e-05,7.890868172821389e-05,5.713022323005765e-05,4.295839584384463e-05,6.939882621785352e-05,4.70345518563317e-05,8.788389871657173e-05,6.763783832130637e-05,8.679595435266827e-05,5.410128131461635e-05,8.458699967147016e-05,3.669071740861255e-05,5.630061705237962e-05,5.460409286950442e-05,8.281123026239355e-05,4.496809939963743e-05,5.1081564114645486e-05,2.6796380866613783e-05,6.944636486623544e-05,5.836042312823711e-05,7.508016049259649e-05,0.0524125941539789,6.436567100892858e-05,6.617605177867637e-05,7.092468592586503e-05,5.519021795305856e-05,2.8282125359063057e-05,5.015466027752084e-05,6.68458231953993e-05,7.08728784214668e-05,5.9267443605785474e-05,4.743607522823559e-05,6.218878978799514e-05,0.0001133075909794,1.6815445749166545e-05,3.138347810299973e-05,6.986371471294798e-05,0.0001209359951767,7.711571896517084e-05,6.139443414710805e-05,3.051870473521908e-06,0.3968532287718155,3.99275626480787e-05,5.572285963417744e-05,5.460449760629325e-05,4.517916010304746e-05,9.157990662289156e-05,4.4601171034627686e-05,0.5420517527503559,5.233515399455358e-05,9.724269879120546e-05,5.565650897654609e-05,5.622624447699039e-05,0.0001187866769134,5.542800713600585e-05
uj0247,0.0039008900933305,4.423255403818864e-05,6.073215254466873e-05,4.5779753919979983e-05,0.0001515737165229,6.0088568345338685e-05,6.064756605969839e-05,0.0848982275974464,3.301692656242544e-05,5.333848957215456e-05,0.0270352511159512,6.754573053640812e-05,5.198503102428496e-05,6.670955920222755e-05,4.158111579843256e-05,0.0502062000073376,0.0038852141969923,4.327147934933904e-05,4.196756626652789e-05,6.364698342220155e-05,0.0116056049746076,3.926022417591596e-05,2.059513913014376e-05,5.337502678523412e-05,0.0039018690805912,5.770504453402139e-05,0.344987369792276,4.947011151366207e-05,5.086153239311175e-05,5.45112335011204e-05,4.241804977411621e-05,2.173705134157832e-05,3.854782522992133e-05,5.137630472678867e-05,5.447141533439191e-05,4.555172032466147e-05,3.645837749420426e-05,4.779700603579584e-05,8.708584985186249e-05,1.2924000687382113e-05,2.4120686339564527e-05,5.3695793167895086e-05,9.294888212348831e-05,5.926953229671192e-05,4.718648086732925e-05,2.3456039575729508e-06,0.467007717893835,3.068749141751643e-05,4.282742705471848e-05,4.196787733877748e-05,3.472375962772634e-05,7.038640508255954e-05,3.427952929158275e-05,5.210173690095363e-05,4.022370719690162e-05,7.473870896837344e-05,4.2776431323910784e-05,4.3214318139949135e-05,9.1296960959644e-05,4.2600809577793433e-05
uj0248,8.938262792122093e-05,9.010977566233612e-05,0.0001237224655073,9.32617038583124e-05,0.0003087832907048,0.0001224113671752,0.0001235501474183,8.945083541536673e-05,6.72614980141404e-05,0.0001086602262524,7.364368138373916e-05,0.0001376029659135,0.0001059029844705,0.0001358995324813,8.470831264121632e-05,0.0708494151099336,5.7447969544477134e-05,8.815189132827263e-05,8.549558269020808e-05,0.000129660507345,7.04081628062415e-05,7.9980233334265e-05,4.195605266541041e-05,0.0001087346592158,9.137700342939536e-05,0.0001175556946826,0.0349196252314767,0.0001007796349864,0.0001036142129579,0.0001110493194135,8.641329971313464e-05,4.428233599758274e-05,7.852894681912869e-05,0.0001046628980387,0.0001109682025495,9.279715785674336e-05,7.42723608991502e-05,9.737121414011983e-05,0.0001774097508984,2.6328545297077548e-05,4.913823499776235e-05,0.0001093881188093,0.0001893538163991,0.0001207428414433,9.61274630802277e-05,4.77842283823595e-06,0.6449396298862536,6.251601399468972e-05,8.724727585849763e-05,8.549621640108539e-05,0.2436514275973003,0.0001433899377863,6.983364993140911e-05,0.0001061407356154,8.194302387990094e-05,0.0001522563741767,8.714338825890636e-05,8.803544352491347e-05,0.0001859885518621,8.67856147482382e-05
uj0251,1.2228239280307472e-05,1.2327718751624076e-05,1.69261963734904e-05,0.0516107992183119,4.224395782843932e-05,1.6746827915691643e-05,1.6902621917536477e-05,1.2237570596453833e-05,9.20189651163257e-06,1.4865564794523496e-05,1.0075028877387548e-05,1.8825156878956576e-05,0.0709617937531209,1.8592113925410444e-05,1.1588756563756874e-05,1.8118945130906123e-05,7.859329425588532e-06,1.2059864933976254e-05,1.169646123480073e-05,1.773856672035644e-05,0.0193588974939675,1.0941918509804954e-05,5.739914602891356e-06,1.4875747803318875e-05,1.250108537463171e-05,1.6082534120710913e-05,0.001552399038104,0.0107633791659077,1.4175230896175844e-05,1.5192411336359711e-05,1.1822012067316513e-05,6.058168271206701e-06,1.0743371217292904e-05,1.4318699178500382e-05,1.5181313917924176e-05,1.2695373555192988e-05,1.0161037128922171e-05,1.332114006055932e-05,2.427103493262104e-05,3.6019499457862943e-06,6.722493054178366e-06,1.4965146162432533e-05,2.590507606924401e-05,1.6518560607269997e-05,1.315098523384174e-05,6.537254409205226e-07,0.4655434313980964,8.552677357527332e-06,1.1936106495917954e-05,1.169654793138174e-05,0.3794702655701912,1.9616859678655143e-05,9.553786916302536e-06,1.4520878862919325e-05,1.1210443535387282e-05,2.0829857195813927e-05,1.1921893863602215e-05,1.2043933968012746e-05,2.5444681684372032e-05,1.1872947662328495e-05
uj0252,0.000115760483856,0.0001167022213759,0.0001602344080061,0.0001207843203423,0.0003999088410126,0.0001585363892654,0.0001600112368393,0.0001158488201771,8.711115052311746e-05,0.000140727126282,9.537679063803692e-05,0.000178211205965,0.0001371561902935,0.0001760050694606,0.0001097067236221,0.0001715257452225,7.440153535064514e-05,0.0001141665425408,0.0001107263262442,0.0001679248352432,9.118643279370986e-05,0.0001035833329699,5.433777312429247e-05,0.0001408235252809,0.0001183434228362,0.0001522477511903,0.0350485496633274,0.000130520880625,0.0001341919756145,0.000143821268698,0.0001119148722635,5.735056979833741e-05,0.0001017037548783,0.000135550139893,0.0001437162133013,0.0001201826813978,9.619100081049336e-05,0.0001261065950359,0.0002297654374502,3.4098406073951447e-05,6.363950122595404e-05,0.0001416698284215,0.0002452343359793,0.0001563754621306,0.0001244957985328,6.188591146708698e-06,0.8149163078924976,8.096521882477035e-05,0.0001129949644957,0.0001107271469705,0.0713254640191536,0.0001857059807288,9.044237446919156e-05,0.0001374641045741,0.0001061253658968,0.0001971890059039,0.0001128604184539,0.0001140157296326,0.071474725539528,0.0001123970618077
uj0254,0.0001919342598001,0.0001934956880854,0.0002656733236655,0.0002002639272758,0.0175356035317562,0.0002628579590501,0.0002653032993595,0.0001920807239979,0.0001444328292268,0.0002333296813991,0.0001581375017055,0.0002954793791941,0.0002274089653404,0.0002918215405008,0.0001818969487005,0.00028439469022,0.0001233599164398,0.0001892914585928,0.0001835874795971,0.0002784242764098,0.0001511897661367,0.0001717441883358,9.009361326416928e-05,0.000233489513752,0.0001962168479923,0.0002524312136367,0.2605820340219944,0.0002164074283102,0.000222494210915,0.0002384598598032,0.0001855581235756,9.508891805470792e-05,0.0001686277930191,0.0002247460869163,0.0002382856748904,0.0001992663923518,0.0001594874859278,0.0002090884140069,0.0003809577992047,5.653615216663672e-05,0.0001055161498551,0.2027054087706943,0.000406605684305,0.0002592750788108,0.0002064176664063,1.026086468700672e-05,0.5075278652052916,0.0001342426951498,0.0001873489480107,0.0001835888403853,0.0001518993851514,0.000307905934429,0.0001499560957251,0.0002279194962016,0.000175958953098,0.0003269451252118,0.0001871258667477,0.0001890414063907,0.0003993793409656,0.0001863576079087
uj0255,7.724384753357024e-05,7.78722435715407e-05,0.0001069200971641,8.059611807231435e-05,0.0002668483796329,0.0001057870550729,0.0001067711810659,7.730279197726113e-05,5.812692039064889e-05,9.39034143973432e-05,6.36423590233894e-05,0.0001189155294086,9.152062515997087e-05,0.0001174434340431,7.320433666652857e-05,0.0001144545018361,4.9646137105275706e-05,7.618025350024787e-05,7.38846899862549e-05,0.0001120517117634,6.084624629427455e-05,0.0068594649160717,3.62581299137209e-05,9.39677388483776e-05,7.896737302460738e-05,0.0001015908165596,0.0980807636229006,8.709306204604887e-05,8.954268468238783e-05,9.596805214818678e-05,7.467777467672048e-05,3.826848784578549e-05,6.78641715526075e-05,9.04489510607066e-05,9.589795151652584e-05,8.019466063755246e-05,6.418565950319507e-05,8.414752837460877e-05,0.0001533162770895,2.275294636112749e-05,4.246492210523557e-05,9.453245409992222e-05,0.0001636382557103,0.0001043451267,8.307268732915752e-05,4.129479897289934e-06,0.5980944373520045,5.40259059922524e-05,7.539849108120828e-05,7.388523763480279e-05,6.113183211431553e-05,0.0001239165903913,6.034975624982498e-05,9.172608805153996e-05,7.081459328536951e-05,0.0476640047726678,7.530871213769222e-05,7.607962011569107e-05,0.0001607300174222,0.2445274754265294
uj0256,7.724384753357024e-05,0.0068682187963432,0.0001069200971641,0.2105813392539939,0.0002668483796329,0.0001057870550729,0.0001067711810659,7.730279197726113e-05,5.812692039064889e-05,9.39034143973432e-05,6.36423590233894e-05,0.0001189155294086,9.152062515997087e-05,0.0001174434340431,7.320433666652857e-05,0.0001144545018361,4.9646137105275706e-05,7.618025350024787e-05,7.38846899862549e-05,0.0001120517117634,6.084624629427455e-05,0.0136498114688433,3.62581299137209e-05,9.39677388483776e-05,7.896737302460738e-05,0.0001015908165596,0.0369676446479557,8.709306204604887e-05,8.954268468238783e-05,9.596805214818678e-05,7.467777467672048e-05,3.826848784578549e-05,6.78641715526075e-05,9.04489510607066e-05,9.589795151652584e-05,8.019466063755246e-05,6.418565950319507e-05,8.414752837460877e-05,0.0001533162770895,2.275294636112749e-05,4.246492210523557e-05,9.453245409992222e-05,0.0001636382557103,0.0001043451267,8.307268732915752e-05,4.129479897289934e-06,0.7271110218546661,5.40259059922524e-05,7.539849108120828e-05,7.388523763480279e-05,6.113183211431553e-05,0.0001239165903913,6.034975624982498e-05,9.172608805153996e-05,7.081459328536951e-05,0.0001315789032661,7.530871213769222e-05,7.607962011569107e-05,0.0001607300174222,7.499952674952082e-05
uj0258,5.117940520537736e-05,5.15957611545391e-05,7.084197838520478e-05,5.3400516889202674e-05,0.0001768055552087,7.009125943276085e-05,7.074331114406686e-05,5.1218459986626456e-05,3.851311537428061e-05,6.221752345416814e-05,4.216747591798271e-05,7.878978403002677e-05,6.0638760357916486e-05,7.781441877290403e-05,4.8502949149689546e-05,7.583404392830353e-05,3.289400837637413e-05,5.0474700406956105e-05,4.895373040081721e-05,7.424202889174381e-05,4.031485734792649e-05,4.579570846633332e-05,0.8233548299451712,6.22601428633408e-05,5.232136035525841e-05,6.731096044372423e-05,0.001998250751464,5.7705192780494656e-05,5.9328237637898615e-05,6.358548912945147e-05,4.9479204002036765e-05,2.5355526797203147e-05,4.496471946595704e-05,5.992870195552377e-05,6.353904260008396e-05,5.3134523500959545e-05,4.252745015919544e-05,5.57535724750561e-05,0.0001015826647725,1.5075404690661936e-05,2.8135955481685536e-05,6.263430587576581e-05,0.0001084216913516,6.913588190006355e-05,5.5041415751213286e-05,2.73606677682661e-06,0.157828039008964,3.579590896431504e-05,4.995672859566104e-05,4.895409325595504e-05,4.050407775669025e-05,8.210333371278909e-05,3.998589826604911e-05,0.0135580012285232,4.691957845096751e-05,8.718014730963793e-05,4.989724382016326e-05,5.040802381160419e-05,0.0001064947818238,4.969238706108056e-05
uj0260,0.000198637292314,0.0002002532512735,0.000274951588674,0.0002072578616433,0.0006862169775484,0.0002720379014319,0.0002745686417925,0.0001987888715668,0.0001494769414733,0.0002414783904547,0.0001636602302519,0.0003057985785284,0.0002353509017629,0.0003020129949931,0.0001882494423231,0.0002943267724722,0.000127668087017,0.0001959021950131,0.0001899990126198,0.0002881478504054,0.0001564698548466,0.0001777421111647,9.324000526131056e-05,0.0002416438047264,0.0002030694438407,0.0002612470166846,0.1998353221347757,0.0002239651516148,0.0002302645064917,0.0002467877330824,0.0001920384785516,9.840976400531812e-05,0.0350981022836521,0.0002325950260768,0.0002466074650078,0.0002062254892231,0.0001650573607634,0.0002163905310904,0.0003942622114404,5.8510597305213645e-05,0.000109201152126,0.0002430960046371,0.0004208058126464,0.0002683298941686,0.0002136265114078,1.0619210871217177e-05,0.4554053871434416,0.0001389309313787,0.0001938918449968,0.0001900004209316,0.0001572042563015,0.0003186591136263,0.000155193100241,0.2970863551919598,0.000182104070624,0.0003383632212144,0.0001936609729362,0.0001956434100916,0.0004133270994882,0.0001928658837441
uj0261,0.0002176391400508,0.0002194096833068,0.0003012537405111,0.0002270843619108,0.0007518611995868,0.00029806132695,0.000300834160537,0.0002178052195309,0.0001637760594735,0.0002645784617136,0.0001793161362481,0.0003350515851498,0.0002578648111498,0.000330903868799,0.0002062575776429,0.0003224823743243,0.0001398809475634,0.0002146424005283,0.0002081745136341,0.0003157123702159,0.0001714379221342,0.0001947451043761,0.000102159440088,0.0002647596996847,0.0002224952757523,0.0002862381750663,0.0084975113213888,0.3828895050071937,0.0002522918460742,0.0002703957015192,0.0002104090769752,0.000107823743272,0.0001912113444446,0.0002548453055604,0.0002701981888153,0.0002259532316828,0.0001808469177017,0.0002370906719126,0.0004319777401957,6.41077812379446e-05,0.0001196474466823,0.000266350818533,0.0004610605296006,0.0002939986078972,0.0002340622432637,1.163505550798629e-05,0.5754987580131496,0.0001522212072037,0.0002124397383612,0.0002081760566665,0.0001722425771879,0.0003491423722658,0.0001700390318696,0.0002584437150815,0.0001995243333649,0.0195029371509952,0.0002121867808418,0.0002143588599749,0.0004528663950478,0.0002113156325996
uj0264,3.140090163572124e-05,3.165635501882741e-05,4.346478795576116e-05,0.1380521729571207,0.0001084782799933,4.300418760514812e-05,4.340425109877333e-05,3.142486352702275e-05,2.3629554558127304e-05,3.817329111509959e-05,2.5871671587697502e-05,4.83411295676145e-05,3.720464787877108e-05,4.774269845308891e-05,2.9758773654754533e-05,4.652764807398401e-05,2.018197588045804e-05,3.09685330693292e-05,3.003534853226796e-05,4.555087416727302e-05,2.4735005515604635e-05,2.8097757899273267e-05,1.4739529519437032e-05,3.8199440068371566e-05,3.21015432549414e-05,4.1298347243731385e-05,0.0426318408546908,3.54047702410629e-05,3.640058235949585e-05,3.901260050992822e-05,3.0357750576563885e-05,1.5556773270143743e-05,2.758790820960864e-05,3.676899463192935e-05,3.898410344369352e-05,3.2600455968942074e-05,2.609253221892905e-05,3.420736208449227e-05,6.232560248831047e-05,9.249449029556683e-06,1.726269320563756e-05,3.842900615851535e-05,6.652165752318791e-05,4.2418019872076186e-05,3.3770421421644235e-05,1.678701879850496e-06,0.6351104036841183,2.196242437439638e-05,3.0650733715638315e-05,3.003557116046077e-05,0.1822104713796001,5.037414357463471e-05,2.453317410059e-05,3.728817194255037e-05,2.8787303443955165e-05,5.3489000492917e-05,3.061423709015521e-05,3.0927623934030564e-05,6.533941055683316e-05,3.048854811593687e-05
uj0265,0.0002096182221385,0.0002113235134269,0.0002901512728077,0.0002187153478372,0.0007241519513242,0.018714179998325,0.0002897471561208,0.000209778180891,0.0001577402226809,0.0002548276323257,0.0001727075822496,0.0003227035246849,0.0002483614080293,0.000318708669131,0.0001986561181873,0.0003105975421566,0.0001347257461706,0.0002067319250746,0.0002005024070227,0.0003040770411808,0.0001651197134693,0.000187567927993,9.839443493904518e-05,0.0002550021909151,0.0002142953888097,0.0002756890941196,0.0081843422804169,0.1660802776055671,0.000242993830162,0.0002604304823715,0.0002026546173039,0.0001038499847211,0.0001841644019814,0.0002454531839238,0.0002602402488416,0.0002176259045167,0.0001741819479668,0.0002283528832192,0.0004160575431519,6.174513979978721e-05,0.0001152379349188,0.00025653467034,0.0004440685094168,0.0002831635223527,0.0002254360649065,1.120625476418268e-05,0.7938415529818231,0.0001466112153281,0.0002046104402749,0.0002005038931878,0.0001658947135991,0.0003362750070162,0.000163772378196,0.0002489189769157,0.0001921710222874,0.0003570683834931,0.0002043668053043,0.0002064588341834,0.0004361763631947,0.0002035277625397
uj0266,0.000116950604105,0.0001179020235203,0.0001618817595651,0.0001220260900776,0.0004040202579106,0.0001601662836887,0.0001616562940012,0.0001170398486017,8.800673026413895e-05,0.1337936819515435,9.635734847645516e-05,0.0001800433749208,0.0001385662773449,0.0001778145573801,0.0001108346058569,0.0001732891817236,7.516644899672595e-05,0.0001153402756621,0.0001118646908965,0.0001696512512021,9.21239100440464e-05,0.0001046482613282,5.489641353358685e-05,0.0001422713157824,0.0001195600979845,0.0001538129928472,0.0662515354782584,0.0001318627508192,0.000135571587915,0.0001452998786555,0.0001130654562211,5.794018442446727e-05,0.00010274935951,0.0001369437153246,0.0001451937431964,0.0001214182657522,9.717992945024996e-05,0.0001274030824665,0.0002321276295431,3.444896787341765e-05,6.429377163432792e-05,0.0001431263196685,0.0002477555620426,0.00015798314031,0.0001257757255495,6.25221534204046e-06,0.7924517132299738,8.179761294735278e-05,0.0001141566527576,0.0001118655200607,9.255629961608456e-05,0.0001876152026037,9.137220214128723e-05,0.0001388773572569,0.0001072164286039,0.0001992162834427,0.0001140207234634,0.0001151879122637,0.0002433523605511,0.0001135526031006
uj0267,0.0002308915330008,0.0002327698874481,0.0003195975593021,0.0002409118894233,0.0007976432223354,0.0003162107546082,0.0003191524304369,0.0002310677253243,0.0001737486438875,0.0002806890645212,0.0001902349806218,0.0003554534083876,0.0002735666091102,0.0003510531309996,0.0002188169291787,0.0003421188383491,0.0001483985206566,0.0002277123172486,0.0002208505904474,0.0003349365979366,0.0001818770495362,0.0002066034431276,0.0001083800906717,0.0002808813383603,0.000236043366519,0.0003036676722257,0.0293121344390265,0.000260332068529,0.0002676542973386,0.0002868605252991,0.0002232212198998,0.0001143893022741,0.0002028545069406,0.000270363241029,0.0002866509857328,0.000239711882879,0.0001918589737897,0.0002515274995358,0.0004582815509781,6.801140587054211e-05,0.0001269329697666,0.0002825693429626,0.0004891352376269,0.0003119006501388,0.0002483146650559,1.2343532519755524e-05,0.894702537722485,0.0001614901983085,0.0002253755314833,0.0408152445379818,0.0001827307013143,0.0003704022059138,0.0001803929786213,0.0002741807634218,0.0002116736869611,0.0003933058185961,0.0002251071709787,0.0002274115114605,0.000480442149205,0.0205213791324084
uj0268,0.305882897007259,0.0002920473009978,0.0004009865950573,0.0003022627533814,0.0010007718472356,0.0003967373032751,0.0258665286429227,0.0002899116645563,0.0002179956482159,0.0003521696238793,0.0002386804120372,0.000445973530718,0.0003432333568128,0.0004404526742667,0.0002745410683481,0.0004292431656678,0.0001861898371175,0.0002857017648867,0.00027709262384,0.0004202318886913,0.0002281940418188,0.0002592172836605,0.0001359802735207,0.0003524108623675,0.0002961544075398,0.000380999986923,0.0113106915301459,0.000326628494822,0.0003358154097816,0.0003599127150632,0.0002800669601721,0.0001435197969911,0.0002545136396152,0.0003392142157956,0.0003596498139404,0.0003007571519641,0.000240717972938,0.0003155817454375,0.0005749879914776,8.533125886391374e-05,0.0001592578474578,0.0003545287359189,0.0006136989089867,0.0003913295832684,0.000311550727299,1.5486948920645803e-05,0.5877602742488179,0.0002026154545618,0.0002827698909092,0.0002770946777076,0.0002292650854169,0.0004647292040508,0.0002263320359127,0.0003440039122789,0.051197779788276,0.0004934654737647,0.0002824331894487,0.0002853243555942,0.0006027920299278,0.0002812736394732
uj0271,7.142392878984763e-05,7.20049784824891e-05,9.886422867191043e-05,7.452362332719581e-05,0.0002467427539301,9.781655535907344e-05,9.872653262060532e-05,7.147843207888829e-05,5.37473618329348e-05,8.682828467502925e-05,5.884724109488417e-05,0.1319632765753805,8.462502610822455e-05,0.0001085946873152,6.768877387815049e-05,0.1884677176802778,4.590556108377646e-05,7.04404709880556e-05,6.831786614389957e-05,0.000103609203028,5.626180079342984e-05,6.39106571726305e-05,3.352627000985626e-05,8.688776261607992e-05,7.301759567556075e-05,9.39364814072454e-05,0.0969696221054265,8.053105665099514e-05,8.279611307071627e-05,8.873736280101198e-05,6.90511960629137e-05,3.538515801669051e-05,6.275096219474149e-05,8.363409703107689e-05,8.867254388424715e-05,7.415241360437451e-05,5.934960673331595e-05,7.78074534914606e-05,0.0001417646998022,2.1038631199075376e-05,3.926541296628993e-05,8.740992953552725e-05,0.0001513089714759,9.648326872573012e-05,7.681359608090954e-05,3.818345247431658e-06,0.509080051785856,0.0691159804697871,6.971761026670435e-05,6.831837253000196e-05,5.652586921991691e-05,0.0001145801252863,5.5802718669585314e-05,8.481500844863049e-05,6.547908512581673e-05,0.0001216651230772,6.963459569566382e-05,7.034741980117185e-05,0.0001486198536883,6.934870580471792e-05
uj0272,9.186653745489477e-06,9.261389235760896e-06,1.271606661817842e-05,9.585341144990951e-06,3.173642619456278e-05,1.258131329213636e-05,1.2698355943802284e-05,9.193664040958942e-06,6.913066968711649e-06,1.116798529763411e-05,7.569021152654421e-06,1.4142690046145786e-05,1.0884598848471216e-05,1.3967612925639791e-05,8.706232471542372e-06,1.3612137555994216e-05,0.0032362232102888,9.060159915600244e-06,8.787147270228489e-06,1.3326372396360231e-05,7.236477910753243e-06,8.220285386696553e-06,4.312199555201681e-06,1.1175635440368973e-05,9.391633590658395e-06,1.2082252312065996e-05,0.0891924501864429,1.0358026304991612e-05,1.0649361287462276e-05,1.1413533813567669e-05,8.881469273530947e-06,0.153444692753198,8.071123664669248e-06,1.0757144051845876e-05,1.1405196706458532e-05,9.537595589008554e-06,7.633636180868335e-06,1.000771234732087e-05,1.823399009943666e-05,2.7060205645314497e-06,5.050376802378193e-06,1.1242797339295392e-05,0.0024422006644518,1.2409823948837231e-05,9.879880904024248e-06,4.911213407498248e-07,0.4377728841797392,6.425331045575998e-06,8.967184476335236e-06,8.787212402374859e-06,0.3133481908992885,1.4737469010103258e-05,7.177430073649342e-06,1.0909034664431471e-05,8.42201896219145e-06,1.564875214161849e-05,8.956507016653292e-06,9.048191531208744e-06,1.911571036027733e-05,8.919735426487993e-06
uj0273,7.724384753357024e-05,7.78722435715407e-05,0.0001069200971641,8.059611807231435e-05,0.0002668483796329,0.0001057870550729,0.0001067711810659,7.730279197726113e-05,5.812692039064889e-05,9.39034143973432e-05,6.36423590233894e-05,0.0069092620821803,9.152062515997087e-05,0.0001174434340431,7.320433666652857e-05,0.0001144545018361,0.0407917254537352,7.618025350024787e-05,7.38846899862549e-05,0.0001120517117634,6.084624629427455e-05,6.911836330004101e-05,3.62581299137209e-05,9.39677388483776e-05,7.896737302460738e-05,0.0001015908165596,0.009806258436869,8.709306204604887e-05,8.954268468238783e-05,9.596805214818678e-05,7.467777467672048e-05,3.826848784578549e-05,6.78641715526075e-05,9.04489510607066e-05,9.589795151652584e-05,8.019466063755246e-05,6.418565950319507e-05,8.414752837460877e-05,0.0001533162770895,2.275294636112749e-05,4.246492210523557e-05,9.453245409992222e-05,0.0001636382557103,0.08158850375996,8.307268732915752e-05,4.129479897289934e-06,0.6795785959852645,5.40259059922524e-05,7.539849108120828e-05,7.388523763480279e-05,6.113183211431553e-05,0.0137046096959346,6.034975624982498e-05,9.172608805153996e-05,7.081459328536951e-05,0.0001315789032661,7.530871213769222e-05,7.607962011569107e-05,0.1631290472839422,7.499952674952082e-05
uj0274,0.0001134514597921,0.0001143744128831,0.0001570382819049,0.0699313540440741,0.0003919320331549,0.0001553741328061,0.0001568195622364,0.0001135380341071,8.537358226074312e-05,0.0001379201034518,9.3474351244405e-05,0.0001746565044874,0.0001344203953716,0.000172494372829,0.0001075184512828,0.0001681043957249,7.291748025872098e-05,0.0001118893121317,0.0001085177163345,0.000164575311532,8.936757664693639e-05,0.0001015172012428,5.325392117810778e-05,0.0001380145796218,0.0001159828780111,0.0001492109314617,0.0044296033506974,0.0001279174373415,0.0001315153065946,0.0001409525283537,0.0001096825549429,5.620662290620871e-05,9.967511427864656e-05,0.0001328463801605,0.0001408495684514,0.0001177854496814,9.427232072039418e-05,0.0001235912015886,0.0002251824061218,3.341825998661528e-05,6.237011175170751e-05,0.0001388440019214,0.0002403427532544,0.0001532563087458,0.0001220125349434,6.065150008567856e-06,0.8884210708206376,7.935024079105949e-05,0.0001107411030447,0.0001085185206901,8.978702918864876e-05,0.0001820017842361,8.863835973046143e-05,0.0001347221678199,0.0001040085293436,0.0001932557624983,0.0001106092407343,0.0300315896314568,0.0002360712948828,0.0001101551264618
uj0276,5.978695836754458e-05,6.027333869374652e-05,0.0053385040649399,6.238162532855449e-05,0.0002065414071538,0.0053376270871287,0.0053383888034551,5.983258153512973e-05,4.499040221836393e-05,7.268151064981984e-05,4.925936745564181e-05,9.20409590281073e-05,7.083722498200015e-05,9.090155301534224e-05,5.6660365431736937e-05,8.85881109596729e-05,3.842625175982528e-05,5.896373355132117e-05,5.718696084225194e-05,8.672834458823214e-05,4.7095168226002216e-05,5.349781038880073e-05,2.806389599760088e-05,7.273129795843801e-05,6.112097201482252e-05,7.863158185561622e-05,0.0128458196120667,0.2838777809318704,6.930629340929017e-05,7.427954615938065e-05,5.780081065534153e-05,2.961991877256652e-05,5.252706239808035e-05,7.00077461716853e-05,7.42252880704781e-05,6.207089612869143e-05,0.1787450984431066,6.513042703469772e-05,0.0001186672358784,1.7610845397628644e-05,3.286797086180044e-05,7.316838917426516e-05,0.0001266564767794,8.076342576228856e-05,6.429849699899883e-05,3.196229221901296e-06,0.5049727817103662,4.181620537381818e-05,5.835864720861771e-05,5.718738472379044e-05,4.7316212465489774e-05,9.591179449673222e-05,4.671088351511303e-05,7.09962538462599e-05,5.481069723678616e-05,0.0001018424465224,5.828915805019712e-05,5.888584302456733e-05,0.0001244054920473,5.8049847677647096e-05
uj0277,9.955148792858166e-05,0.0001003613616283,0.0001377980913953,0.0001038718775871,0.0003439128693356,0.0001363378323628,0.0001376061690659,9.962745523551832e-05,7.49136869584395e-05,0.0001210222551481,8.202195693721644e-05,0.0001532577450301,0.0001179513281866,0.0001513605158179,9.43453863404532e-05,0.0001475083948007,6.398369548576171e-05,9.818073320894932e-05,9.522222232750668e-05,0.0001444116908618,7.841834070773672e-05,8.907940411327825e-05,4.672929815996048e-05,0.0001211051561818,0.0001017727590407,0.0001309297409609,0.0213896222681502,0.0001122451067856,0.0001154021683005,0.0001236831500503,9.624434594654202e-05,4.932023750071611e-05,8.746300800418373e-05,0.000116570159918,0.6302218719737355,0.0001033544812345,8.272215990332917e-05,0.0176111788945036,0.0001975932581725,2.9323884520706188e-05,5.472858117936535e-05,0.0001218329583996,0.0002108961730696,0.0001344794822211,0.000107063667773,5.322053228481619e-06,0.3245015326621382,6.962831992387437e-05,9.71732016772216e-05,9.522292813424138e-05,7.878640229741902e-05,0.0001597030876424,7.777846679874739e-05,0.0001182161277431,9.126549691290404e-05,0.0001695782385058,9.705749501970698e-05,9.805103740160924e-05,0.0002071480499754,9.665901842356303e-05
uj0279,4.510043674724339e-06,4.546733892350265e-06,6.242753608390541e-06,4.705773004916714e-06,1.5580501037978044e-05,6.176598574947329e-06,6.234058830383433e-06,4.513485269413323e-06,3.3938618803927192e-06,5.482747347012964e-06,0.0015895902627513,6.9431320210064346e-06,5.343623211287567e-06,6.857180652662473e-06,4.274188379880775e-06,6.682665591269472e-06,2.898693601828109e-06,4.447943511466995e-06,4.313912232125135e-06,6.5423736649196165e-06,3.5526354135965243e-06,4.035620274782041e-06,2.117006786898359e-06,5.486503064688625e-06,4.610675317078767e-06,5.931592408521041e-06,0.019206582771635,5.08511067399185e-06,5.228137017568026e-06,5.603295542450048e-06,4.360218141345938e-06,2.2343857415328934e-06,3.962391665151408e-06,5.281051276472279e-06,5.599202570381572e-06,4.682333072519095e-06,3.7476140416825658e-06,4.913129526913535e-06,8.951691659580329e-06,0.0091201061084441,2.47940333701199e-06,5.51947514634396e-06,9.554361980591625e-06,6.092408569592158e-06,4.85037268331813e-06,2.411083249391444e-07,0.4512130175080889,3.1544155731718984e-06,4.402298676755798e-06,4.313944207731585e-06,0.42501790058922,7.235129431442476e-06,3.5236468034219703e-06,0.0416345578437754,4.134658211918509e-06,7.682509602398759e-06,4.397056745271843e-06,4.442067820729435e-06,0.0004058531510137,0.0515452960437744
uj0281,7.995857986947632e-05,8.06090608643528e-05,0.0001106778002615,8.342866583975081e-05,0.0565081711268805,0.0001095049374453,0.0001105236505122,8.001959591359131e-05,0.0281761419740984,9.72036466314466e-05,6.587906751851004e-05,0.0001230948115552,9.473711434917309e-05,0.0001215709794492,7.577710053346066e-05,0.0001184770013237,5.139094886771342e-05,7.885760586083253e-05,7.648136484695383e-05,0.0001159897652774,6.298468550474739e-05,7.15475257750715e-05,3.753242062889382e-05,9.727023176307612e-05,8.174267860397137e-05,0.0001051612222755,0.3616005513625783,9.015394468355252e-05,9.268965922227564e-05,9.9340846004259e-05,0.0563092466926945,3.961343252058347e-05,7.024925550228095e-05,9.36277763009508e-05,9.926828168833563e-05,8.301309919740233e-05,6.644146227478866e-05,8.710489033364177e-05,0.0001587045723173,2.3552597869900984e-05,4.395735031617773e-05,9.785479391250192e-05,0.0001693893165178,0.0001080123325499,8.599227403701885e-05,4.27461032470391e-06,0.1833168766885978,5.592464457994444e-05,7.804836842875657e-05,7.64819317425909e-05,0.0562952246784517,0.0001282716346522,6.247074633494792e-05,9.494979822692273e-05,7.330336970425882e-05,0.0001362032392466,7.795543420739214e-05,7.875343571947436e-05,0.0001663788682962,0.2531213850485142
uj0282,1.2215108537339314e-05,1.2314481187114525e-05,1.690802094128678e-05,0.0139722086187924,0.0795037594446864,1.672884509021267e-05,1.6884471799698616e-05,1.2224429833472892e-05,9.192015470286869e-06,1.4849602078557696e-05,1.0064210262249817e-05,1.8804942333702224e-05,1.4472794991838491e-05,1.8572149622816006e-05,1.157631250044808e-05,1.809948891927055e-05,7.850890039326629e-06,1.2046914992202236e-05,1.1683901517690963e-05,1.7719518960912964e-05,9.622041448041922e-06,1.093016902435269e-05,5.733751054601037e-06,0.0214909573008084,1.248766164819698e-05,1.6065264617148305e-05,0.0198054149621042,1.3772633545724964e-05,1.4160009464116389e-05,1.5176097650983474e-05,1.1809317533110562e-05,0.0150393199316395,1.0731834932891525e-05,1.4303323689499766e-05,1.516501214900997e-05,1.2681741201162554e-05,1.0150126157704535e-05,1.330683575540398e-05,2.4244972576956745e-05,3.5980821543702027e-06,6.715274408355676e-06,1.4949076515508278e-05,2.5877259072239085e-05,1.6500822896339914e-05,0.1481982097975658,6.530234673542794e-07,0.4296079676723346,8.543493450875119e-06,1.1923289446558207e-05,1.168398812117676e-05,9.667203126284445e-06,1.9595794999073867e-05,9.543528013324366e-06,1.4505286272387684e-05,0.0622918812330078,2.0807489993583745e-05,1.1909092075836358e-05,1.2031001132987662e-05,2.541735906110261e-05,0.2094038110833259
uj0287,7.940047448643997e-05,8.004641516875216e-05,0.0001099052768349,8.284633949552718e-05,0.0002742987129115,0.0001087406005204,0.0001097522030402,7.946106464276746e-05,5.974980800182472e-05,9.65251718695845e-05,6.54192361624315e-05,0.0001222356182445,9.407585581284198e-05,0.0001207224223818,7.524818158833123e-05,0.0001176500400106,5.103224358243651e-05,7.830718520058403e-05,7.594753018539867e-05,0.0001151801647007,6.254505673587189e-05,7.104812897058619e-05,3.727044691668478e-05,9.659129224157908e-05,8.117212033458792e-05,0.0001044272041834,0.0100800464721241,8.952467635597607e-05,0.2443896332462786,9.864745373790224e-05,7.676275758203413e-05,3.933693348863e-05,6.97589205349251e-05,9.2974260867828e-05,9.857539591590862e-05,8.243367347973413e-05,6.597770544202727e-05,8.649690419552685e-05,0.0001575968253279,2.338820235816053e-05,4.365053103705196e-05,9.71717741874439e-05,0.0001682069907494,0.0001072584139044,8.53920538840604e-05,4.244773838907209e-06,0.6217730005071779,5.553429441070166e-05,7.7503596190075e-05,7.594809312414322e-05,0.0838220125204322,0.0001273763074727,6.203470482609737e-05,9.428705517176637e-05,7.279171723002236e-05,0.0001352525500131,7.741131064317798e-05,7.820374215964133e-05,0.0001652175552492,0.0349767492863836
uj0288,6.275539712041884e-05,6.326592636217619e-05,8.686534101987858e-05,6.547889000213397e-05,0.0002167962442255,0.016636035531583,8.674435677093043e-05,6.280328549069009e-05,4.722418793181962e-05,7.629016743252529e-05,5.170510845484905e-05,9.661081769111402e-05,0.0055910512159998,9.54148398597467e-05,0.0055761704715149,9.298653477645248e-05,4.033412561670121e-05,6.189129896804438e-05,6.00263090104537e-05,9.103443049856834e-05,4.9433456144510665e-05,5.615399123305392e-05,2.945727607095704e-05,7.634242669456507e-05,6.415564490831151e-05,8.253566129289235e-05,0.0024502242445195,7.075721717199209e-05,0.3421079553880055,7.796754584001188e-05,6.067063663381118e-05,3.109055580014282e-05,5.5135045340422985e-05,7.348364982043534e-05,7.791059382222997e-05,6.515273301293845e-05,5.2146503316117454e-05,0.0276518486880632,0.0001245590964328,1.8485228664089925e-05,3.449987455950509e-05,7.68012196082044e-05,0.0001329450053188,8.477335182967325e-05,6.74909348726574e-05,3.354922872563936e-06,0.4141941827674499,4.389239135014264e-05,6.125616992376253e-05,6.002675393782595e-05,4.966547529064192e-05,0.0001006738411941,0.011082423898634,0.171092125246304,5.7532063270319936e-05,0.0001068989517068,6.118323060971615e-05,6.180954115544073e-05,0.0001305822585821,6.093203841204508e-05
uj0290,2.5547627904953592e-05,2.5755463592424228e-05,3.536274985168875e-05,2.6656357766232872e-05,8.825742538188069e-05,3.498800754311228e-05,3.531349734566832e-05,0.002271406146167,0.0045109029419302,3.105761256888938e-05,2.104907198746665e-05,0.0696603398311001,3.0269528925258604e-05,0.2628020089264737,2.421160019731842e-05,3.785467863555096e-05,1.6419961954027102e-05,2.519585484505469e-05,2.4436620234658142e-05,3.705997991621443e-05,2.0124285744100337e-05,2.286020548395684e-05,1.199201284170411e-05,3.1078887235968894e-05,2.6117666676139648e-05,3.360014373829879e-05,0.0054891606555015,2.88051568286846e-05,0.2650386200564135,3.174047079904355e-05,2.4698925042304142e-05,1.2656918566161155e-05,2.244539414159109e-05,2.9915083464583166e-05,0.0045233953316751,2.6523579745840805e-05,2.122876317248466e-05,2.7830951107164072e-05,5.070782106180223e-05,7.525308823111465e-06,1.4044847112074627e-05,3.126566114197409e-05,0.0225125119417582,3.451110419466268e-05,2.7475458210798105e-05,1.3657840621040983e-06,0.361759985633646,1.7868526589359966e-05,2.4937294765133497e-05,2.443680136392308e-05,2.0218740389982225e-05,4.098416953134463e-05,1.996007664112164e-05,3.033748371608906e-05,2.3421216540372227e-05,4.351840267052687e-05,2.4907601279944905e-05,2.51625713623494e-05,5.315984132557629e-05,2.4805341313580355e-05
uj0293,6.527615859435724e-05,6.580719479651948e-05,9.03545517509216e-05,6.81090488545576e-05,0.0002255045250302,8.939705626610946e-05,9.022870780149036e-05,6.532597054673249e-05,4.9121091131207154e-05,7.935459413888817e-05,5.378200146133729e-05,0.0001004914851456,7.73409796812701e-05,9.924746722562776e-05,0.189425492582826,9.672162187995276e-05,4.195426849850749e-05,0.0058026691718562,6.243744835653938e-05,9.469110539399416e-05,5.1419101323898135e-05,5.8409587153139344e-05,3.064051719529176e-05,7.940895255319932e-05,6.673265159524594e-05,8.585095726359473e-05,0.4845651578825494,7.359939609579044e-05,7.566948919461617e-05,8.109934955394425e-05,6.310765735941289e-05,3.233940257445209e-05,5.7349712198339565e-05,0.0402444780880277,8.104010988507773e-05,6.776979077747888e-05,5.424112629026003e-05,7.111022538224745e-05,0.0001295623915425,1.922774411919838e-05,3.5885666995467734e-05,7.988617428020428e-05,0.000138285145975,8.817853144950448e-05,7.020191362944269e-05,3.4896835579113047e-06,0.2758976732503589,4.565546280202366e-05,6.371671037558294e-05,6.243791115577333e-05,5.166044022500858e-05,0.0001047177123504,5.099953440799685e-05,7.751460941002604e-05,5.984301364690232e-05,0.0001111928733682,6.364084123205225e-05,6.42923094465484e-05,0.0001358274923264,6.33795591354482e-05
uj0295,6.565289405933308e-05,6.618699508906557e-05,9.08760249012964e-05,6.850213409029788e-05,0.0002268060040682,8.991300331760759e-05,9.07494546548553e-05,6.570299349690112e-05,4.940458908062594e-05,7.981258202550174e-05,5.409239943456636e-05,0.0001010714626933,7.77873461735598e-05,9.982026503600862e-05,6.221953868575264e-05,0.3579246908214292,4.21964037771584e-05,6.47488993902236e-05,6.279780046127458e-05,9.52376065727992e-05,5.171586203198877e-05,5.874669282003265e-05,3.081735617817985e-05,7.986725416450093e-05,6.71177930782801e-05,8.63464383243647e-05,0.002563354231324,7.402416837570344e-05,7.610620883023947e-05,8.156740713915399e-05,6.347187751499185e-05,3.252604652115915e-05,0.0520003693914545,7.687648390618568e-05,8.15078255738788e-05,6.816091801580989e-05,5.455417406105119e-05,7.152063163777476e-05,0.0001303101492058,1.933871531108786e-05,3.609277788760093e-05,8.034723013368391e-05,0.0001390832462292,8.868744589486809e-05,7.06070776455689e-05,3.5098239519865448e-06,0.5660604845259365,4.591895918995133e-05,6.408444562574135e-05,6.279826593151259e-05,5.195859379881136e-05,0.0001053220811874,5.1293873623454426e-05,0.0173921915415113,6.0188392205587445e-05,0.0001118346130133,6.400813861028802e-05,6.466336671485721e-05,0.0001366114084541,6.374534854761684e-05
uj0296,6.527615859435724e-05,6.580719479651948e-05,9.03545517509216e-05,6.81090488545576e-05,0.0002255045250302,8.939705626610946e-05,9.022870780149036e-05,6.532597054673249e-05,4.9121091131207154e-05,7.935459413888817e-05,5.378200146133729e-05,0.0230536587673287,7.73409796812701e-05,9.924746722562776e-05,6.186250481583406e-05,9.672162187995276e-05,4.195426849850749e-05,6.437735131046334e-05,6.243744835653938e-05,9.469110539399416e-05,0.0172662945629611,0.4419068797691768,3.064051719529176e-05,7.940895255319932e-05,6.673265159524594e-05,8.585095726359473e-05,0.2779866523429019,7.359939609579044e-05,7.566948919461617e-05,8.109934955394425e-05,6.310765735941289e-05,3.233940257445209e-05,5.7349712198339565e-05,7.64353442073945e-05,8.104010988507773e-05,6.776979077747888e-05,5.424112629026003e-05,0.0115476938664737,0.0001295623915425,1.922774411919838e-05,3.5885666995467734e-05,7.988617428020428e-05,0.000138285145975,8.817853144950448e-05,7.020191362944269e-05,3.4896835579113047e-06,0.2242530468654471,4.565546280202366e-05,6.371671037558294e-05,6.243791115577333e-05,5.166044022500858e-05,0.0001047177123504,5.099953440799685e-05,7.751460941002604e-05,5.984301364690232e-05,0.0001111928733682,6.364084123205225e-05,6.42923094465484e-05,0.0001358274923264,6.33795591354482e-05
uj0297,7.620887814753087e-05,7.682885447723493e-05,0.0001054875037492,7.951623252153042e-05,0.0002632729504894,0.000104369642982,0.0001053405829375,7.62670328105901e-05,5.734809353220008e-05,9.264522798834044e-05,6.278963229695455e-05,0.0001173222124469,9.02943650984095e-05,0.0001158698412884,0.2747461695891904,0.0001129209569742,4.898094196443627e-05,7.51595349225099e-05,7.28947290421221e-05,0.0001105503612347,6.003098392476846e-05,0.0201662858819733,3.57723170541345e-05,9.270869057348236e-05,7.79093105874547e-05,0.0001002296287317,0.0029755024978394,8.592612570312636e-05,8.834292650941787e-05,9.468220221731642e-05,7.367718740568428e-05,3.775573874491769e-05,6.695487790387584e-05,8.923705007006111e-05,9.46130408450273e-05,7.912015410617323e-05,6.332565324082338e-05,8.302005843933984e-05,0.0001512620338296,2.244808579711003e-05,4.1895946118632045e-05,9.326583935836536e-05,0.0001614457110552,0.0001029470346167,8.195961889785841e-05,4.074150114913381e-06,0.6972705646463601,5.330202751467241e-05,7.438824712632633e-05,7.289526935287547e-05,6.031274325777821e-05,0.0001222562655684,5.954114621591437e-05,9.04970750483589e-05,6.986576773517494e-05,0.0001298159131889,7.429967110655134e-05,7.506024989740898e-05,0.0001585764394641,7.399462840963091e-05
uj0298,7.097827539419021e-05,7.155569959642588e-05,9.824736006830386e-05,7.40586292229065e-05,0.0002452031894171,9.720622376872443e-05,9.81105231788213e-05,7.103243860706527e-05,5.341200231527299e-05,8.628651498299243e-05,5.848006060980935e-05,0.0001092697925403,8.409700376498866e-05,0.0001079171049983,6.726642617986801e-05,0.0001051706176068,4.561913089821865e-05,7.00009539295653e-05,6.789159319102575e-05,0.000102962727905,5.591075230037975e-05,6.351188323411637e-05,3.3317081068184046e-05,8.634562180827216e-05,7.256199851076044e-05,9.335035974431612e-05,0.071406362635778,8.002857884754088e-05,0.5117256329704807,8.818368131465308e-05,6.862034745907691e-05,3.516437044460929e-05,6.235942423461135e-05,8.311225764242737e-05,8.81192668389607e-05,0.0187923490089079,5.8979291711169e-05,7.732196975451928e-05,0.0001408801514314,2.09073595427452e-05,3.902041433744378e-05,8.68645306395032e-05,0.0001503648711152,9.588125624811546e-05,7.63343135700463e-05,3.794520479540254e-06,0.3935916641357802,4.9643638378735255e-05,6.928260353606237e-05,6.789209641750517e-05,5.617317305790008e-05,0.0001138651965114,5.545453464382012e-05,8.428580070049528e-05,6.507052489781918e-05,0.0001209059870824,6.920010693884519e-05,6.99084833405023e-05,0.0001476925322208,6.891600087305204e-05
uj0299,9.00905088312435e-05,9.082341534245388e-05,0.0001247023065962,9.400030576936458e-05,0.000311228752445,0.0001233808247981,0.0001245286238048,9.015925650622924e-05,6.779418687696614e-05,0.0001095207793782,7.422691503224276e-05,0.000138692735984,0.0001067417011514,0.0001369758119213,0.3247918460341124,0.0001334897812277,5.79029385010392e-05,8.88500252107164e-05,8.617267948502368e-05,0.0001306873757653,7.096577221558028e-05,8.061365038266927e-05,4.228833075380945e-05,0.000109595801826,9.2100679135146e-05,0.0001184866969821,0.0272765072137543,0.0001015777764305,0.0001044348033239,0.0001119287933685,8.709766452385491e-05,4.463303748212089e-05,7.91508701573688e-05,0.0001054917936444,0.0001118470340856,9.353208071679886e-05,7.486057348190347e-05,9.814236201615076e-05,0.0001788147775667,2.653705868539381e-05,4.952739359956333e-05,0.0001102544366038,0.0001908534361237,0.0001216990848932,9.688876085839738e-05,4.816266369869238e-06,0.6183686591818566,6.301112019045462e-05,8.793824548501316e-05,8.617331821468197e-05,7.129885468964137e-05,0.0001445255387639,7.038670938841247e-05,0.0001069813352069,8.259198558155542e-05,0.0001534621944039,8.7833535129924e-05,8.873265517919133e-05,0.0001874615198024,0.0238464826983854
uj0300,3.788463158165371e-05,3.819283156321904e-05,5.24394967246898e-05,3.952876944347058e-05,0.036764831055508,5.188379056084178e-05,5.236646007909597e-05,3.791354117904325e-05,2.8508638995731093e-05,4.605539952106364e-05,3.121371347459861e-05,5.832271649890149e-05,0.0333484812325261,0.0833165869297373,3.590343326160044e-05,5.613478320120972e-05,2.434919639222049e-05,3.7362986565364856e-05,3.623711595201776e-05,5.495632278553101e-05,2.984234599374842e-05,3.389944717617718e-05,1.7782981266230618e-05,4.6086947769978505e-05,3.872994328393723e-05,4.982572438238941e-05,0.0281220446635021,4.271522812867016e-05,0.3996870504647408,4.7068011438230114e-05,3.6626088307366585e-05,1.876897137463922e-05,3.3284322557176046e-05,4.4361140690107165e-05,4.703363023262068e-05,3.9331872635539566e-05,3.148017791381013e-05,4.1270576398894966e-05,7.519473535397443e-05,1.1159296407572434e-05,2.082713355780601e-05,4.63639151911574e-05,8.025720142379701e-05,0.0033815360379654,4.0743415229222994e-05,2.0253240811791995e-06,0.4132313500428772,2.649727596093682e-05,3.6979567274698034e-05,3.623738454898872e-05,2.9982412988372096e-05,6.077551188515515e-05,2.9598839966815256e-05,4.498751891856084e-05,3.4731371661088377e-05,6.453353157986509e-05,3.693553474256118e-05,3.731363041829965e-05,7.883084140144892e-05,3.678389322164636e-05
uj0301,3.959905992546606e-05,3.99212071664318e-05,5.481258987002741e-05,4.131760148170341e-05,0.9887610464797608,5.4231735820127535e-05,5.4736248029421375e-05,3.962927779565921e-05,2.979876685753837e-05,4.813958719897022e-05,3.262625657881621e-05,6.0962048441151945e-05,4.691805025054912e-05,6.0207378723693744e-05,3.7528204601693705e-05,5.867510257019947e-05,2.545109314298873e-05,3.905380842380315e-05,3.7876987744152056e-05,5.744331219315249e-05,3.119282933439449e-05,3.543353027668574e-05,1.8587730998443245e-05,4.8172563130031625e-05,4.048262530163387e-05,5.208053406552008e-05,0.0015461072854559,4.464825993494136e-05,4.590405902662963e-05,4.919802378169616e-05,3.828356262599061e-05,1.961834103102693e-05,3.479056885321366e-05,4.636865650292551e-05,4.916208669152534e-05,4.1111794320042406e-05,3.29047795802502e-05,4.31382320415594e-05,7.859759240218055e-05,1.166429839015501e-05,2.176964313493912e-05,4.846206441460994e-05,8.388915494087034e-05,5.34925312120062e-05,4.258721475891204e-05,2.116977948861546e-06,0.0037599225055114,2.769638174723268e-05,3.8653037904629147e-05,3.787726849619068e-05,3.133923491053764e-05,6.352584245022979e-05,3.0938303703547175e-05,4.7023380805868345e-05,3.6303102611326426e-05,0.003548525218324,3.8607012727506886e-05,3.900221871727234e-05,8.239824652650415e-05,3.844850883230725e-05
uj0302,5.09501765172942e-05,5.136466763962531e-05,7.052468251782822e-05,5.316134000974592e-05,0.3271374967554233,6.977732597883746e-05,7.042645719980668e-05,5.098905637512959e-05,3.8340618041108894e-05,6.193885586864324e-05,4.197861098011035e-05,7.843689054181441e-05,6.036716393298628e-05,7.746589387196609e-05,4.828570810600935e-05,7.549438897662973e-05,3.274667859878772e-05,5.024862803840772e-05,4.8734470341980544e-05,7.390950445510383e-05,4.013429014861965e-05,4.55905929490769e-05,2.3915925711600545e-05,6.198128438870314e-05,5.208701693636102e-05,6.700947973885444e-05,0.001989300737364,5.744673558304232e-05,5.906251094518994e-05,6.33006945290496e-05,4.925759038665237e-05,2.524196130889673e-05,4.4763325885632144e-05,5.9660285828515934e-05,6.325445603017697e-05,5.289653798578655e-05,4.2336972923901385e-05,5.55038564374601e-05,0.000101127683694,1.50078830923609e-05,2.8009936663429407e-05,6.235377155327249e-05,0.0001079360787899,6.882622750990742e-05,5.479488940976285e-05,2.723812140508679e-06,0.2914888719303211,3.5635581793303434e-05,4.973297618371024e-05,4.8734831571917626e-05,4.032266305347269e-05,8.17355990859658e-05,3.980680444960924e-05,6.050268761451508e-05,4.670942920498524e-05,8.67896740183894e-05,4.967375783602641e-05,0.3762798340351577,0.0001060177997443,4.94698186148858e-05
uj0303,5.333919892665992e-05,5.377312528253525e-05,7.383154146249361e-05,5.565404251396756e-05,0.3706104031851022,7.304914183550043e-05,7.372871041978257e-05,5.33799018370928e-05,4.013838601661434e-05,6.484313068760164e-05,4.394696220479136e-05,8.211474804956525e-05,6.319774308469551e-05,8.109822194366287e-05,5.054979523195273e-05,7.903427439754328e-05,0.0656794202387133,5.260475527150752e-05,5.101959965288767e-05,7.737507561653887e-05,4.2016162304970135e-05,4.772830778456222e-05,2.5037328744352467e-05,6.488754865484598e-05,5.452934509307979e-05,7.015151298935209e-05,0.0020825778242239,6.01403776473875e-05,6.183191572151241e-05,6.626882512437702e-05,5.156724847439476e-05,2.6425541334430653e-05,4.686225067782039e-05,6.245771990109681e-05,6.622041853075904e-05,5.537682408613038e-05,4.432212751950085e-05,5.810639809480454e-05,0.0001058694985231,1.5711593490942564e-05,2.9323305349230405e-05,6.527750151323986e-05,0.0001129971350734,7.205344694490704e-05,5.736418803965487e-05,2.851530014859299e-06,0.3192234209843828,3.7306512284507714e-05,5.206492481880489e-05,5.101997782067411e-05,4.221336789935976e-05,8.55681310064985e-05,4.167332100315005e-05,6.333962138821592e-05,4.8899605583697386e-05,9.085918840095686e-05,5.200292975925601e-05,0.2391883954444865,0.0001109889091043,5.178942795359152e-05
uj0304,0.0002262983117771,0.0002281392993387,0.0003132396722312,0.0002361193290848,0.1002488533577527,0.0003099202426506,0.2788206217524034,0.0002264709990334,0.0001702921899053,0.0002751052003072,0.0001864505570912,0.0003483822260092,0.0002681244348618,0.0003440694851681,0.000214463913067,0.0003353129261143,0.0200388619639187,0.0002231823414851,0.0002164571178669,0.0003282735649953,0.0001782588938023,0.0002024933949697,0.0001062240404856,0.0002752936491629,0.00023134765773,0.0002976266850188,0.008835600369897,0.0002551531744966,0.0002623297391654,0.000281153889651,0.0002187805874024,0.0001121137083442,0.0001988190379283,0.0002649847927131,0.0002809485185424,0.0002349431947694,0.0001880422434882,0.0002465237584536,0.0004491647656242,6.665842670824308e-05,0.0001244078394461,0.0002769480735882,0.0004794046670618,0.0003056958808807,0.0002433748382252,1.2097977497408554e-05,0.5785026143535313,0.0001582776066788,0.0002208920423701,0.0002164587222916,0.0001790955635308,0.0003630336408936,0.0001768043461268,0.0002687263715464,0.0002074627743355,0.0003854816224902,0.0002206290204726,0.0002228875197515,0.0004708845138607,0.0002197232120024
uj0305,3.726411705997058e-05,3.756726901662029e-05,5.15805872442771e-05,3.888132549483216e-05,0.0132319786905061,0.0655672600385108,5.150874687002904e-05,3.729255314543069e-05,2.8041694386486443e-05,4.5301055529539184e-05,3.070246229759035e-05,5.7367445429323446e-05,4.4151546022881184e-05,0.2228118258631709,3.5315368899166656e-05,5.521534841476316e-05,2.3950379528444943e-05,3.675101609688371e-05,3.5643586181939926e-05,5.405619006883221e-05,2.935355652221029e-05,3.334420621508956e-05,1.7491712811085902e-05,4.533208704790216e-05,3.809558335411056e-05,4.900962602688564e-05,0.3781732415015326,4.201559299314774e-05,4.319734438938182e-05,4.629708181888777e-05,3.6026187537098166e-05,1.846155333178676e-05,3.273915675698612e-05,4.363454705972408e-05,4.626326374498802e-05,3.8687653670845646e-05,3.096456230069309e-05,4.0594603295697393e-05,7.396311653406604e-05,1.0976517661057755e-05,2.0486004760240748e-05,4.560451800403706e-05,7.894266418603143e-05,5.033836532155677e-05,4.00760765286154e-05,1.99215118359466e-06,0.3180161052323128,2.606327558050897e-05,3.637387685244722e-05,3.5643850379545925e-05,2.9491329351613303e-05,5.978006634132869e-05,2.9114038894253736e-05,4.425066580377485e-05,3.416250456184712e-05,6.347653321907874e-05,3.633056553164269e-05,3.670246835694059e-05,7.753966659509851e-05,3.618140775576878e-05
uj0306,3.5630073495325226e-05,3.5919932140796346e-05,4.931876183965269e-05,3.717636681816568e-05,0.000123088474772,4.879612639005e-05,4.9250071689010696e-05,3.565726264925667e-05,2.6812057033741763e-05,4.3314589618095314e-05,2.935614941285448e-05,5.485186442486629e-05,4.221548647444949e-05,5.41728347320316e-05,3.376677857057011e-05,5.279413755924782e-05,2.2900147653199208e-05,3.513947217513599e-05,3.4080603419521373e-05,5.168580868104652e-05,2.806639359124967e-05,3.188205200662438e-05,1.6724695556723445e-05,4.334426039435884e-05,3.642507972400941e-05,4.6860538101737006e-05,0.2582287474171142,4.017319567471075e-05,4.130312689066472e-05,4.426693983306628e-05,3.44464275817244e-05,1.7652008257456557e-05,3.1303534162612724e-05,4.1721158082751664e-05,0.2631461718408219,3.6991187566192326e-05,2.960675624619623e-05,3.8814516834292375e-05,7.071980999337698e-05,1.049519381760261e-05,1.958768683713276e-05,4.360474516510672e-05,7.548100287304375e-05,4.813101174932317e-05,3.8318727633365054e-05,1.9047947109828253e-06,0.398035973923493,2.4920392531183808e-05,3.477887060833602e-05,3.4080856031977046e-05,0.0783323461119808,5.715869113091071e-05,2.783737888861271e-05,4.23102598209479e-05,3.2664467706670435e-05,6.069306674258321e-05,3.47374585029328e-05,3.509305326926412e-05,7.413952717946285e-05,3.459484134368993e-05
uj0308,8.86857845501724e-05,8.940726331404949e-05,0.0001227579024603,9.253461849935838e-05,0.0003063759595016,0.0001214570256914,0.0001225869277947,8.87534602861762e-05,6.673711503158526e-05,0.0001078130911869,7.30695417283567e-05,0.0001365301879379,0.0001050773453679,0.0001348400347854,8.404791108993542e-05,0.0001314083595619,5.700009463088039e-05,8.746464300557129e-05,8.482904343714301e-05,0.000128649650234,6.985924784748153e-05,7.935669275697274e-05,4.162895557892709e-05,0.0001078869438572,9.066461154087118e-05,0.0001166392089126,0.3698832769168267,9.999393845670188e-05,0.0001028064175381,0.0001101835585392,8.57396057697366e-05,4.3937102779315125e-05,7.7916720737853e-05,0.0001038469268775,0.0001101030740772,9.207369418367248e-05,7.36933199428884e-05,9.661209028481888e-05,0.0001760266319216,2.6123283126045948e-05,4.875514429971983e-05,0.0001085353089598,0.0001878775792957,0.0001198015080923,9.537803573644667e-05,4.741169376838212e-06,0.3826375059088919,6.202862767645603e-05,8.656708008401646e-05,0.2417665188875227,7.018713677735043e-05,0.000142272043516,6.928921398045771e-05,0.0001053132429613,8.130418102729754e-05,0.0001510693555411,8.646400241121739e-05,8.734910305065798e-05,0.0001845385509786,8.610901816849809e-05
uj0311,5.6519390220097336e-05,5.69791881459759e-05,7.823352780771277e-05,5.897224948012153e-05,0.0001952531907673,7.740447992705584e-05,7.812456576953676e-05,5.656251992065794e-05,4.253151805292744e-05,6.870920974018496e-05,4.656716928305789e-05,8.701059598251034e-05,6.696572078903239e-05,8.593346252710524e-05,0.4869668048268843,8.374645823944542e-05,3.632612156915222e-05,5.574115754365035e-05,5.4061491729929707e-05,8.198833465972613e-05,4.45212511745957e-05,5.0573966360643706e-05,2.6530105098065625e-05,6.875627599678394e-05,5.7780495316394846e-05,7.43340885682795e-05,0.325159405287362,6.372606901934145e-05,6.551846002647059e-05,7.021990697276855e-05,5.464179248564399e-05,2.800108574018144e-05,0.0050181587338885,6.618157592132931e-05,7.016861427979649e-05,5.867850272699397e-05,4.696470271523909e-05,6.157081947781381e-05,0.0001121816528902,1.664835058200097e-05,3.10716203266385e-05,6.916947863601575e-05,0.0001197342535974,7.634941968629402e-05,6.078435735283958e-05,3.021544021606941e-06,0.1742955880128738,3.953080226154388e-05,5.5169141303756246e-05,5.406189244484708e-05,4.473021456675722e-05,9.066987664007544e-05,4.415796897855487e-05,6.711605816495474e-05,5.1815099311745694e-05,9.627639761474373e-05,5.510344997293631e-05,0.0050241699847259,0.0001176062931203,5.487721875631008e-05
uj0314,0.0001181654495301,0.0001191267519856,0.0001635633354451,0.0001232936580257,0.000408217090973,0.0001618300397546,0.0001633355278171,0.0001182556210701,8.892091599628832e-05,0.0001436507829293,9.73582777565288e-05,0.0001819136078453,0.0001400056594618,0.0001796616380617,0.0001119859202507,0.000175089254252,7.59472539988309e-05,0.000116538393511,0.0001130267054838,0.0001714135340732,9.30808637213312e-05,0.000105735313956,5.546665989824501e-05,0.0001437491846521,0.0001208020499964,0.0001554107529624,0.2227549318590709,0.0001332324988492,0.000136979862157,0.3741032811566377,0.0001142399439741,5.854204850645254e-05,0.0001038166869538,0.0001383662427867,0.0001467019693062,0.0001226795198159,9.818940343806954e-05,0.0001287265048897,0.000234538897026,3.480681272031322e-05,6.496163474568046e-05,0.0001446130700448,0.0002503291674839,0.0001596242185816,0.0001270822435101,6.317161352906493e-06,0.2501364197175582,0.145510164169557,0.0001153424755108,0.0001130275432611,9.351774481778237e-05,0.0001895640892495,9.232134731759282e-05,0.0001403199707722,0.000108330158531,0.0002012856784014,0.0001152051342266,0.0001163844474104,0.0002458802269454,0.0001147321511794
uj0318,3.372849512244495e-05,3.400288400102119e-05,4.668661765101325e-05,3.519226271203852e-05,0.1157516013582182,4.619187527516454e-05,4.662159349631448e-05,3.3754233190200564e-05,2.538109653363263e-05,0.0089360092052523,2.778941060604708e-05,5.192441834154087e-05,3.996244436127604e-05,0.3084115006151825,3.196464431844577e-05,4.9976512436731486e-05,2.167796590499704e-05,3.3264077213308764e-05,3.226172032331406e-05,4.892733511276716e-05,2.656848910152505e-05,0.0029951826113239,1.5832097920969348e-05,4.103097557429756e-05,3.44810718385723e-05,4.43595894071606e-05,0.2978171072817379,3.8029150698925335e-05,3.90987774430577e-05,4.19044115763902e-05,3.2608020436115e-05,1.6709919907717748e-05,2.963286335790184e-05,3.949449829457894e-05,4.187380216362074e-05,3.501696648376155e-05,2.802664254319499e-05,3.6742984599716105e-05,6.694549105364053e-05,9.93506492577312e-06,1.854229124823143e-05,4.1277558262957846e-05,7.145257888886292e-05,4.556225782802218e-05,0.0741613262967192,1.8031357450630136e-06,0.1899976462536177,2.35903902372732e-05,3.292272096579626e-05,3.22619594538334e-05,2.669319003559109e-05,5.410812961885141e-05,2.635169692224784e-05,4.005215965067977e-05,3.092116382713171e-05,5.745387547017066e-05,3.2883519026028e-05,3.322013568620262e-05,7.018269780389243e-05,3.274851334997933e-05
uj0319,0.0001041068741981,0.0001049538069877,0.0001441036077324,0.0001086249609895,0.0003596500119489,0.000142576528564,0.0001439029032104,0.0001041863177005,7.834166968451169e-05,0.0001265601243541,8.577520768424484e-05,0.0001602706811694,0.0001233486745455,0.0001582866364602,9.86625460984438e-05,0.0001542582458608,6.691153166337685e-05,0.0001026733949792,9.95795053091598e-05,0.0001510198395435,8.200669322738374e-05,9.315559727566432e-05,4.886758868332892e-05,0.0001266468188644,0.0001064297886722,0.0001369209677789,0.0315202116394609,0.0001173813416016,0.3936489237157818,0.0001293427794063,0.0001006484003828,5.157708707070228e-05,9.146523633897372e-05,0.0001219043052631,0.0001292482999381,0.0001080838890466,8.650745130634492e-05,0.0001134114422093,0.0093584545020059,3.066571901957532e-05,5.723291167653318e-05,0.000127407924655,0.000220546591673,0.0001406331419965,0.0001119628046145,5.565585582517178e-06,0.5589940993334582,7.281444902304535e-05,0.0001016197597136,9.958024341297388e-05,8.239159698333483e-05,0.0001670109568445,8.133753926563053e-05,0.0001236255910908,9.544172370944916e-05,0.0001773379857018,0.0001014987584239,0.0001025377644088,0.0002166269578477,0.0001010820478982
uj0320,5.737458755849841e-05,5.784134270668391e-05,7.941728270128719e-05,5.986456113809464e-05,0.0001982075752433,7.857569046128412e-05,7.930667195379793e-05,5.741836985642395e-05,4.3175064292463605e-05,6.974885176506572e-05,4.7271779135936e-05,8.832715707432613e-05,0.3430382928560734,8.723372546601143e-05,5.437415092393199e-05,8.501362952186706e-05,3.687577368605221e-05,5.658457940975841e-05,5.487949849994946e-05,8.322890369820813e-05,4.519490415206999e-05,5.13392032334334e-05,2.693153326597425e-05,6.979663018322934e-05,5.865477449056233e-05,7.545884087803563e-05,0.0577206276501849,6.469031092640869e-05,6.650982267940401e-05,7.1282407422827e-05,5.546857981150177e-05,2.8424771379819284e-05,5.040762438895655e-05,6.718297220955366e-05,7.12303386178987e-05,5.956636969013827e-05,4.767532766367649e-05,6.250245021083392e-05,0.000113879078333,1.6900257494850723e-05,3.154176635793275e-05,7.021608500947016e-05,0.0001215459577682,7.750466605837833e-05,6.170408809342503e-05,3.067263134907302e-06,0.4089421920686087,4.01289445406322e-05,0.1765848419313838,5.487990527810157e-05,4.540702937835789e-05,9.20418064658182e-05,4.482612511740559e-05,6.813159414443229e-05,5.259911582090887e-05,9.773315995188752e-05,5.593722265820522e-05,5.650983172281735e-05,0.0102067479717957,5.570756832725364e-05
uj0324,0.0001123311494814,0.0001132449885965,0.0001554875605064,0.000117206157848,0.0003880617832821,0.0001538398445447,0.0001552710006505,0.0001124168688925,8.453053533439367e-05,0.0001365581702142,0.0099673498612398,0.0001729318066901,0.0001330930210463,0.0001707910256463,0.0001064567282359,0.0001664443986817,7.219743483036455e-05,0.0001107844277145,0.0001074461257465,0.0001629501634843,8.848508983061192e-05,0.0001005147393311,0.3851698715143954,0.000136651713451,0.0001148375704554,0.000147737503572,0.0043858619099512,0.0001266542784167,0.0001302166194357,0.000139560650531,0.0001085994618084,5.565159382781252e-05,9.869084260465848e-05,0.0001315345489183,0.000139458707337,0.0001166223420937,9.334140054440312e-05,0.0001223707633703,0.0002229587752242,3.30882614013431e-05,6.175421946259449e-05,0.0001374729453725,0.000237969416983,0.0001517429335703,0.0001208076857402,6.005257874055391e-06,0.2180365888426655,0.3753209115877256,0.0001096475569609,0.0001074469221593,8.890040036297344e-05,0.0001802045532809,8.776307378428668e-05,0.0001333918135524,0.0001029814660689,0.0001913474007749,0.0001095169967643,0.0001106380825475,0.0002337401384023,0.0001090673667786
uj0326,2.719677662556664e-05,2.7418028508050173e-05,3.764548364960679e-05,2.837707714064738e-05,0.0120480159587972,3.72465510012834e-05,3.759305179920289e-05,2.721753036737996e-05,2.046590013670056e-05,3.3062441440823446e-05,2.240783023568318e-05,4.186895388960345e-05,3.22234854759946e-05,0.1817430831056204,0.2199805032750594,4.0298271249052746e-05,1.7479902209527227e-05,0.0071992591036301,2.6014051264498657e-05,3.945227319260584e-05,2.1423347254296334e-05,2.4335875897158243e-05,1.2766120430441806e-05,0.0024238973586603,2.7803612500331105e-05,3.576909790753051e-05,0.3357755897308268,3.066458533248993e-05,3.152707266040933e-05,3.3789379488517173e-05,2.629328835405941e-05,1.3473947103524538e-05,2.3894287681530404e-05,3.184615987630294e-05,3.3764697765875574e-05,2.82357280426089e-05,2.259912083372616e-05,2.96274927501917e-05,5.398110884179732e-05,8.011082041040868e-06,1.495146911754045e-05,3.328391995109858e-05,0.0024484276422361,3.673886262066261e-05,2.9249052100812807e-05,1.453948061009685e-06,0.2273186815929476,1.902197448963917e-05,0.0095897961222293,2.601424408600745e-05,2.152389912998725e-05,4.362977682605944e-05,2.124853813658836e-05,3.2295826879812154e-05,2.493310130072865e-05,4.632759960866245e-05,2.6515435045849893e-05,2.678686393948948e-05,5.6591411749109344e-05,2.6406574001164983e-05
uj0327,5.766543361536231e-05,5.813455486150419e-05,7.981986866318128e-05,6.016802949044052e-05,0.0356839536620995,7.897401018275875e-05,7.970869720229742e-05,5.7709437856647335e-05,4.339392943361176e-05,7.010242604542058e-05,4.751141154372647e-05,0.1724432327656825,6.832358437744985e-05,0.0051569246953994,5.464978702110521e-05,8.544458475794458e-05,3.706270615610192e-05,5.687142071879354e-05,5.515769632969602e-05,8.365081171511627e-05,4.542400836392282e-05,5.159945442578845e-05,2.7068055907600583e-05,7.015044666427127e-05,5.895211013344477e-05,7.584136051362376e-05,0.367237402259557,6.501824220488736e-05,6.684697751558123e-05,7.16437556782991e-05,5.574976384095674e-05,2.8568863616903324e-05,5.066315317640894e-05,6.752353940815222e-05,7.159142292364596e-05,5.986832643585622e-05,4.791700575934101e-05,6.281929067909208e-05,0.0001144563597097,1.6985929104208263e-05,3.1701659417946015e-05,7.057202781137008e-05,0.000122162104464,0.0254241413588843,6.201688146550909e-05,3.082811854751993e-06,0.3248379928407216,4.033236814300412e-05,5.628780570843921e-05,5.515810516990778e-05,4.563720890575115e-05,9.250838927915728e-05,4.505335989659406e-05,6.84769701435984e-05,5.286575382358629e-05,9.82285936518313e-05,5.622078235482994e-05,0.0659570301803406,0.0001199909953428,5.5989963848945856e-05
uj0330,7.570172469755353e-05,7.63175752201055e-05,0.0001047855074365,7.89870693500896e-05,0.0002615209264684,0.0001036750857887,0.0001046395643507,7.575949235402351e-05,5.696645448709861e-05,9.202869421773086e-05,6.237178099909706e-05,0.000116541458731,8.969347580721009e-05,0.0001150987527855,7.1742860019863e-05,0.0001121694926528,4.865498448672199e-05,7.465936462265517e-05,7.240963053106268e-05,0.0400385050540771,5.963149082969832e-05,6.773846043610394e-05,3.553426009215473e-05,9.209173447322062e-05,7.739084113074267e-05,9.956262242968277e-05,0.0029557011781785,8.535430609164796e-05,0.3527911867256875,9.405211282782288e-05,7.318688180500236e-05,3.750448254450676e-05,6.65093078056515e-05,8.864319697959545e-05,9.398341170937052e-05,7.859362675013466e-05,6.290423484058161e-05,8.246757807119526e-05,0.0001502554180104,2.229869868586884e-05,4.161713774183116e-05,9.264517555454896e-05,0.0001603713250869,0.0001022619445716,8.141419552340052e-05,4.04703753516245e-06,0.5994634370085372,5.294731415578367e-05,7.389320957840638e-05,7.241016724616592e-05,5.991137511584643e-05,0.0001214426768059,5.914491288387988e-05,8.989483676668802e-05,6.940082630048255e-05,0.0001289520166215,7.380522301270953e-05,7.456074031772537e-05,0.0001575211478719,7.350221030835552e-05
uj0333,2.0900623708392672e-05,2.107065497364985e-05,2.893041697232704e-05,2.1807680352205908e-05,0.031306822527878,2.862383868614288e-05,2.889012328639823e-05,2.0916572883331794e-05,1.57279696597798e-05,2.540836573940945e-05,1.7220335862790885e-05,3.21761384578204e-05,2.47636311383128e-05,0.5089723304011465,1.9807613723858848e-05,3.0969074573470427e-05,1.3433241136281844e-05,2.061283666283799e-05,1.9991703579276463e-05,3.031892815063272e-05,1.646376427989455e-05,1.87020319261842e-05,9.810717020114106e-06,2.542577063558237e-05,2.136697486631932e-05,2.7488421368698687e-05,0.0008160447911375,2.35656220599972e-05,2.4228440427860485e-05,2.5967014979477013e-05,2.0206296264824714e-05,1.0354679238451349e-05,1.8362672992e-05,2.4473657790247525e-05,2.594804716558829e-05,2.169905408556055e-05,1.7367341990160086e-05,2.276862019055492e-05,4.148428539151147e-05,6.156487349293329e-06,1.1490149520866466e-05,2.5578571167298443e-05,4.427720415419799e-05,2.823368201608723e-05,2.247778993086921e-05,1.1173537854535157e-06,0.4576424775295259,1.4618318062915288e-05,2.040130755506525e-05,1.9991851761903165e-05,1.6541038029865833e-05,3.3529324466539435e-05,1.632942411009017e-05,2.4819225243472536e-05,1.9160997472027003e-05,3.560259144179222e-05,2.037701518777282e-05,2.0585607303215407e-05,4.349029366160054e-05,2.0293355871715384e-05
uj0335,3.801122261603793e-05,3.8320452444082815e-05,5.261472266343645e-05,3.966085434446794e-05,0.0134972656629985,5.205715961421941e-05,5.254144196678213e-05,3.804022881449456e-05,2.8603900265240272e-05,4.620929307686565e-05,3.131801371748749e-05,5.851760114477116e-05,4.503673713822606e-05,0.1236928419352678,3.6023404145961154e-05,5.632235689464948e-05,2.443055893499914e-05,3.74878345292892e-05,3.635820183301887e-05,5.513995866786443e-05,2.9942063828925407e-05,0.1904988175423781,1.7842402881248185e-05,4.62409467438695e-05,3.88593589170651e-05,4.999221643273217e-05,0.2520956969920818,4.285796054250166e-05,4.406340478600208e-05,4.722528862440339e-05,3.674847393474913e-05,1.883168766357877e-05,3.339554171506094e-05,4.4509372900688935e-05,4.719079253441473e-05,3.9463299608254606e-05,3.15853685443728e-05,4.1408481526590574e-05,7.5445997645075e-05,1.1196585060418113e-05,2.0896727170579e-05,4.651883964830833e-05,8.052537988352739e-05,5.1347595524289294e-05,4.087955885429947e-05,2.0320916768953446e-06,0.3210504990508512,2.658581628539608e-05,3.7103134047738845e-05,3.635847132750333e-05,3.0082598855703343e-05,6.097859251689337e-05,2.969774412957308e-05,4.51378441643536e-05,3.4847426115905595e-05,6.474916958857989e-05,3.705895438143288e-05,3.743831345926053e-05,0.096982240565938,3.690680615222536e-05
uj0336,8.227172952852125e-05,8.294102851508755e-05,0.0001138796369669,8.584220282673603e-05,0.0002842178168914,0.0001126728439931,0.0001137210277657,8.233451072706833e-05,6.191046180897453e-05,0.0001000156848446,6.778490605162801e-05,0.0001266558643133,9.747779738923476e-05,0.0001250879487366,7.796928271764301e-05,0.0001219044638382,5.287765556067116e-05,8.113890505859027e-05,0.0145433683987807,0.0001193452736724,6.480679145057817e-05,7.361734911513427e-05,3.861820912241857e-05,0.0001000841962407,8.41074410778779e-05,0.0001082034679713,0.1044649420554458,9.276203960903436e-05,9.537111071850018e-05,0.0001022147120038,7.95386283331481e-05,4.075942333330384e-05,7.228152072858338e-05,0.6220773389140982,0.0001021400484495,8.54146141119767e-05,6.836357052206187e-05,8.962477810185019e-05,0.0001632957922707,2.4233959192492225e-05,4.522900784264164e-05,0.0001006856693925,0.0001742896391647,0.0001111370590098,8.847997454012849e-05,4.398272018436835e-06,0.253711149734075,5.7542508138220194e-05,8.03062569144538e-05,7.869450423477702e-05,6.511096634726987e-05,0.0001319824495322,6.427798435519358e-05,9.769663407310108e-05,7.542398846606077e-05,0.0001401435102837,8.021063416656956e-05,8.103172134286198e-05,0.000171192100636,7.988132358142876e-05
uj0337,0.000115760483856,0.0001167022213759,0.0001602344080061,0.0001207843203423,0.0003999088410126,0.0001585363892654,0.0001600112368393,0.0001158488201771,8.711115052311746e-05,0.000140727126282,9.537679063803692e-05,0.000178211205965,0.0001371561902935,0.0001760050694606,0.0001097067236221,0.0001715257452225,7.440153535064514e-05,0.0001141665425408,0.0001107263262442,0.0001679248352432,9.118643279370986e-05,0.0001035833329699,0.0305831304575093,0.0001408235252809,0.0001183434228362,0.0001522477511903,0.0045197569789424,0.000130520880625,0.4377135537851332,0.000143821268698,0.0001119148722635,5.735056979833741e-05,0.0102779679830067,0.000135550139893,0.0001437162133013,0.0001201826813978,9.619100081049336e-05,0.0001261065950359,0.0002297654374502,3.4098406073951447e-05,6.363950122595404e-05,0.0001416698284215,0.0002452343359793,0.0001563754621306,0.0001244957985328,6.188591146708698e-06,0.5096283810486473,8.096521882477035e-05,0.0001129949644957,0.0001107271469705,9.161442225521348e-05,0.0001857059807288,9.044237446919156e-05,0.0001374641045741,0.0001061253658968,0.0001971890059039,0.0001128604184539,0.0001140157296326,0.0002408759426296,0.0001123970618077
uj0338,0.0001260197674699,0.0001270449665649,0.000174435197271,0.0001314888419306,0.000435350799123,0.000172586691462,0.0001741922475389,0.0001261159326057,9.48313843143321e-05,0.0001531990808956,0.0001038295675507,0.0001940051906157,0.0001493116703741,0.000191603535059,0.000119429492174,0.000186727230295,8.099537831888682e-05,0.0001242845629579,0.000120539457173,0.000182807189335,9.92678388539765e-05,0.0001127634154576,5.915346330510566e-05,0.0001533040232648,0.0001288316196568,0.0001657407222545,0.0049203208602293,0.0001420883057711,0.0001460847518943,0.00015656744197,0.0001218333381936,6.24332693637052e-05,0.0001107172595834,0.000147563283608,0.0001564530760291,0.0001308338826789,0.0001047159371752,0.0001372828037123,0.0002501284206459,3.712038047352981e-05,0.0222255527355041,0.0001542253300996,0.0002669682517412,0.0001702342519596,0.0001355292502198,6.737055610832073e-06,0.5104816972117341,8.814076884942763e-05,0.4321703361165495,0.0001205403506363,9.973375892118492e-05,0.0002021641904878,9.845783829146586e-05,0.0001496468735863,0.0001155307362883,0.0002146648998336,0.0001228626835027,0.0001241203842417,0.0224184967729589,0.0001223582618307
uj0340,9.303782426554283e-05,0.1636690410093342,0.0001287819486994,9.707553040309233e-05,0.0003214106164125,0.0001274172345592,0.0001286025838669,9.310882102410228e-05,7.001207704020787e-05,0.0001131037570705,7.665525221396246e-05,0.0001432300756737,0.0001102337611627,0.0001414569823558,8.817235841723386e-05,0.0001378569059963,5.979723598641665e-05,9.17567581622636e-05,8.8991822939268e-05,0.0001349628197011,7.3287420949408e-05,8.325092992599065e-05,4.367179557755605e-05,0.0001131812338815,9.51137573899591e-05,0.0001223629951105,0.0036325725456784,0.0001049008983902,0.0001078513930591,0.0001155905493572,8.994706890920965e-05,4.609320950198516e-05,8.174029477356249e-05,0.00010894296287,0.0001155061153154,0.0082753543024191,7.730964083101803e-05,0.000101353094224,0.0001846647118232,2.7405219867509866e-05,5.1147684720907154e-05,0.0001138614159285,0.0492696711061335,0.0001256804764504,0.0001000584814426,4.973830761410222e-06,0.7694588173692026,6.507253209143183e-05,9.081514951791948e-05,8.899248256499853e-05,7.363140023301574e-05,0.000149253698884,7.26894140533246e-05,0.0001104812348581,8.529398645836176e-05,0.0001584827176535,9.07070135584055e-05,9.163554836437551e-05,0.0001935943326571,9.03346093252054e-05
uj0342,8.472270214329296e-05,8.54119403422299e-05,0.0001172722467149,8.839954408509709e-05,0.0002926850034915,0.0001160295019439,0.0001171089123571,8.47873536683695e-05,6.37548480560032e-05,0.0001029952709795,6.980429897529104e-05,0.0001304290930604,0.0001003817768402,0.000128814467415,8.029208032782437e-05,0.0001255361427175,5.445294377273685e-05,8.355612948587333e-05,8.103830638336003e-05,0.0001229007112346,6.673746280034631e-05,7.581049745038024e-05,3.976869147562791e-05,0.0001030658234116,8.66131017217196e-05,0.000111426977898,0.3905933690061904,9.55255310303894e-05,9.821232946947308e-05,0.0001052598097717,8.190817861461469e-05,4.197369500300518e-05,7.44348731483644e-05,9.920634179387747e-05,0.0001051829219013,8.795921699427266e-05,7.040020254812742e-05,0.0224356862926854,0.0001681605680236,2.495591764248084e-05,4.657643374763832e-05,0.0001036852151635,0.0001794819346844,0.0001144479641005,9.111589815321329e-05,4.5293017698627886e-06,0.1867915348381684,5.9256767853438205e-05,0.3948159482602026,8.103890705598683e-05,6.70506994287673e-05,0.0001359143635844,6.619290191302477e-05,0.000100607132929,7.767095873502887e-05,0.0001443185520363,8.260020430059211e-05,8.34457526398498e-05,0.0001762921168011,8.226108316168563e-05
uj0343,3.608213442228319e-05,3.637567068486547e-05,4.99444996786885e-05,3.764804653128652e-05,0.0001246501748906,4.94152332277257e-05,4.987493801333644e-05,3.610966854193947e-05,2.715223829544792e-05,0.0159033924422535,2.9728609158614827e-05,5.554780418150279e-05,4.275110063618072e-05,0.1110715582134909,3.4195198714665484e-05,0.0032253696283474,2.319069608490361e-05,3.558530853767927e-05,0.0539569092030454,5.234157871716477e-05,2.842248940185449e-05,3.228655945130668e-05,1.693689218262864e-05,4.389419601362586e-05,3.68872273899892e-05,4.745508692563431e-05,0.0014087923049207,4.068289802146443e-05,0.3235762043521218,4.482858206086448e-05,3.488347085599739e-05,1.7875970276973083e-05,3.170070159120272e-05,4.225050039239138e-05,4.4795836664364425e-05,3.7460517794844325e-05,2.998239559688771e-05,3.930698077663697e-05,7.161707625537589e-05,1.0628352876239169e-05,1.983620801601044e-05,4.4157985716847085e-05,7.643867735359124e-05,4.874167986342847e-05,3.880490118942189e-05,1.92896202747249e-06,0.4887275569404253,2.523657306752992e-05,3.522013179427823e-05,3.451326107238084e-05,2.855589220708552e-05,5.788389903427732e-05,2.8190569047092656e-05,4.284707643113534e-05,3.307890214649844e-05,6.146311746996028e-05,3.5178194267709146e-05,3.553830068624657e-05,7.508018152263646e-05,3.503376763576856e-05
uj0344,9.76216580581072e-06,9.841583215873264e-06,1.3512684178974504e-05,1.0185829590954668e-05,0.9980874866028124,1.336948902346394e-05,1.3493863992148866e-05,9.76961527202732e-06,7.346146686803275e-06,1.1867620921915093e-05,8.043194129982318e-06,1.5028680626876923e-05,1.1566481292568942e-05,1.4842635530747926e-05,9.2516478018843e-06,1.4464890859564929e-05,6.274335594547932e-06,9.627747575299202e-06,9.33763163264591e-06,1.4161223501769864e-05,7.689818204974255e-06,8.735257814132292e-06,4.582343931955726e-06,1.1875750319613633e-05,9.979986928803503e-06,1.2839163600341369e-05,0.0003811543936295,1.1006920801812527e-05,1.1316506912566725e-05,1.2128552202479692e-05,9.437862582988076e-06,4.836415266935668e-06,8.57675162649833e-06,1.1431041894081396e-05,1.2119692804466552e-05,1.0135092941146828e-05,8.111857066068384e-06,1.0634660887199914e-05,1.937628646770419e-05,2.875543386824582e-06,5.366765428689744e-06,1.1947119679047116e-05,2.0680789932476745e-05,1.3187256466365808e-05,1.0498821246430778e-05,5.218883928792727e-07,0.0009269156132718,6.827855796234102e-06,9.528947546570708e-06,9.337700845095814e-06,7.725910867575206e-06,1.5660720434278175e-05,7.62707122525209e-06,1.1592447927821894e-05,8.949629299891962e-06,1.662909229985088e-05,9.517601180996498e-06,9.615029413050532e-06,2.031324345107754e-05,9.478525977981125e-06
uj0345,4.491504390063452e-05,0.1500840405948737,6.217091731353218e-05,4.686429142289264e-05,0.0712261562012904,6.151208639178253e-05,6.208432694677273e-05,4.494931837505041e-05,3.379910846647092e-05,5.460209602121567e-05,3.700617512913468e-05,6.91459112201316e-05,5.321657359295981e-05,0.1343134963869821,4.256618617638127e-05,6.65519538285788e-05,2.8867780396507053e-05,0.003992685020183,4.296179178380741e-05,0.1343103612577695,3.538031714834552e-05,4.019031186415396e-05,2.108304478388289e-05,5.4639498812950495e-05,4.591722369314359e-05,5.90720961134987e-05,0.2544505239890005,5.0642074807820834e-05,5.20664589078404e-05,5.5802622641510506e-05,4.342294739459832e-05,2.225200927306668e-05,3.946103595164446e-05,5.259342636826068e-05,5.5761861169250273e-05,4.663085563632426e-05,3.732208850839899e-05,4.892933290813709e-05,8.914894242117716e-05,1.3230174535708925e-05,2.4692113372068376e-05,5.496786425724638e-05,9.515087186534962e-05,6.0673647108430514e-05,4.830434419661976e-05,2.401172090669838e-06,0.2490647564399596,3.141448823298164e-05,4.384202295829817e-05,4.296211022546142e-05,3.554637697128436e-05,7.205388228526947e-05,3.509162267163669e-05,5.3336044270424016e-05,4.117662011638715e-05,7.650929368879718e-05,4.378981912177095e-05,4.423807962122522e-05,9.345981614308944e-05,4.3610036838436114e-05
uj0346,5.410021668267843e-05,5.45403340888183e-05,7.488493399814887e-05,5.6448087332780336e-05,0.0001868958579942,7.409137147369141e-05,7.478063581211831e-05,5.414150032244704e-05,4.071106099245281e-05,6.576828094861219e-05,4.457397609389955e-05,8.328632134939356e-05,6.409941775539836e-05,8.225529194326143e-05,5.1271015132302384e-05,8.016189699707405e-05,3.477127124831654e-05,5.3355294342551126e-05,5.1747522494289714e-05,7.8479025574588e-05,4.261562847988968e-05,4.84092720738593e-05,2.539454917737628e-05,6.581333264981653e-05,5.5307343275935005e-05,7.115240066803404e-05,0.0068681289606967,6.099843131456481e-05,6.271410343148179e-05,6.721431650041885e-05,5.230298490290752e-05,2.6802568109721266e-05,0.0048033687871407,6.334883628082572e-05,6.71652192650591e-05,5.616691368720226e-05,4.495449408490867e-05,5.8935431930674994e-05,0.0001073799930528,0.3234129149074325,2.9741676012550644e-05,6.620884916599344e-05,0.0001146093232559,7.308147049251988e-05,5.81826323833314e-05,2.8922142586574e-06,0.6614424384786116,3.783878346283325e-05,5.280776185142248e-05,5.174790605759026e-05,4.281564770781593e-05,8.678897549527307e-05,4.226789568506948e-05,6.424332030957016e-05,4.959728138049109e-05,9.21555231240492e-05,5.2744882276506826e-05,5.328481251022567e-05,0.000112572444895,5.252833433088668e-05
uj0348,7.279511123959078e-05,7.338731580923883e-05,0.0001007622045682,7.595431309922142e-05,0.0002514796724884,9.96944182304555e-05,0.0001006218650553,7.285066087198796e-05,5.477919304852302e-05,8.849519690045453e-05,5.997697878325084e-05,0.0385076709686815,8.624964061172055e-05,0.0001106794666308,6.898824956310533e-05,0.1792873488956786,4.67868469605152e-05,7.179277320955132e-05,6.962941901767163e-05,0.0001055982720029,5.734190371056118e-05,6.513760132078155e-05,3.416990070648352e-05,8.85558166872465e-05,7.441937302678091e-05,9.573985538678694e-05,0.5531792086309323,8.207707593906895e-05,8.438561646366953e-05,0.0192882430199663,7.037682725934121e-05,3.606447527738943e-05,6.395564274821666e-05,8.52396878742598e-05,9.037486183298256e-05,7.55759769656057e-05,6.048898873778849e-05,7.93011855850928e-05,0.0001444862704531,2.1442526677181463e-05,4.001922259358877e-05,8.908800806387385e-05,0.0001542137711655,9.833553542418956e-05,7.82882482966635e-05,3.891649083821608e-06,0.1540950300685886,5.0914370038552e-05,7.105603515112944e-05,6.96299351252742e-05,5.7611041670439446e-05,0.0001167798118555,5.687400821895782e-05,8.644327019549913e-05,6.673613964341308e-05,0.0001240008260319,7.097142688278309e-05,0.0512658368552066,0.0001514730282267,7.068004853428989e-05
uj0350,0.0001022355908393,0.0001030673003187,0.0001415133975741,0.0001066724666569,0.0003531854332403,0.0001400137671007,0.0001413163006432,0.0001023136063734,7.693350654529919e-05,0.0001242852519557,8.423342939172615e-05,0.0001573898737214,0.0001211315267943,0.0001554414914972,0.2876910943282071,0.0001514855097598,6.570882111538805e-05,0.0001008278778902,9.778959976639988e-05,0.0001483053126232,8.053265261736673e-05,9.148115915322983e-05,4.798921147534779e-05,0.0001243703881635,0.000104516751767,0.0001344598629724,0.3005732146313523,0.0001152714544988,0.0001185136365697,0.0900002070165542,9.883928183823255e-05,5.065000761051973e-05,8.98211818421704e-05,0.0001197131195266,0.0001269251085571,0.0001061411202863,8.495251119991905e-05,0.0001113729126103,0.000202920759051,3.0114513826544423e-05,5.62041708174571e-05,0.0001251178133533,0.0181912201719167,0.0001381053122029,0.0001099503137517,5.465546197385427e-06,0.2523648587331121,7.150563567340351e-05,9.979318133693864e-05,9.779032460306524e-05,8.091063786770697e-05,0.0001640089953824,7.987552645572543e-05,0.0450579980292465,9.372619329234444e-05,0.0001741503996362,9.967435500152975e-05,0.0001006946852301,0.0002127331667372,9.92651346966395e-05
uj0352,8.535843444913347e-05,8.605284447307596e-05,0.2027175951497575,8.906286624757272e-05,0.0002948812189975,0.0001169001505535,0.0001179876605203,8.542357109876428e-05,6.423324423008417e-05,0.0001037681148508,7.032808831182668e-05,0.000131407791638,0.0001011350098797,0.0001297810503535,8.089456665175213e-05,0.0001264781261464,5.48615414051152e-05,0.0751210138227447,8.164639215110819e-05,0.000123822919221,6.723823957019309e-05,7.63793553967372e-05,4.0067103132627466e-05,0.000103839196686,8.726301898687503e-05,0.0001122630906257,0.018340104284302,9.624232434047384e-05,9.894928366352128e-05,0.0001060496460244,8.252279162789885e-05,0.007545971723762,7.499340884593365e-05,9.995075474137712e-05,0.0001059721812118,8.861923508181098e-05,7.092846335621476e-05,9.298735775297875e-05,0.0001694223916312,2.5143178939227337e-05,4.69259285450792e-05,0.0001044632361573,0.0001808287102393,0.0001153067453513,9.17996029757259e-05,4.563288214878816e-06,0.6909399251034727,5.970141185924916e-05,8.331922041715808e-05,8.164699733099201e-05,6.755382662700011e-05,0.0001369342218936,6.668959247055998e-05,0.0001013620569692,7.825377699323254e-05,0.0001454014727121,8.322001005530113e-05,8.407190312131822e-05,0.0001776149569735,8.287834425884547e-05
uj0353,0.0002356750762525,0.0002375923458978,0.0003262188880627,0.0002459030314886,0.0008141685613282,0.0003227619165397,0.0003257645371478,0.0002358549188769,0.0001773483174751,0.0002865042984665,0.0001941762133121,0.0003628175881427,0.1660208945130934,0.0003583261470948,0.0002233503143198,0.0003492067563821,0.0001514729978053,0.0002324299944381,0.0002254261083879,0.0003418757164134,0.0001856451250547,0.0002108837928367,0.0001106254776922,0.0002867005557787,0.0002409336439506,0.0003099589702448,0.0092017071385081,0.0002657255521851,0.0002731994807897,0.0002928036177638,0.000227845851848,0.0001167591863831,0.0002070571872863,0.0002759645475832,0.0002925897370181,0.0002446781635596,0.0001958338518955,0.0002567385727067,0.0004677760941171,6.94204462859955e-05,0.00012956272991,0.0002884235319667,0.0004992689984221,0.0003183625165864,0.0002534591756617,1.2599262216372954e-05,0.6231908178201346,0.0001648359050059,0.0002300447958287,0.0002254277792926,0.0001865164625407,0.000378076090484,0.1866434980674518,0.0002798611602884,0.0002160590804991,0.0004014542135152,0.0002297708755097,0.0002321229566436,0.0004903958091368,0.0002288275344895
uj0354,7.830731514852137e-05,7.89443627342472e-05,0.2410425746762201,8.170573863365983e-05,0.0002705222594163,0.0001072434960807,0.0001082411711933,7.836707111971831e-05,5.892719250766678e-05,9.51962453907956e-05,6.451856586602569e-05,0.0001205527188869,9.278065070330508e-05,0.0001190603562018,7.421218963870218e-05,0.0001160302733697,5.0329648617256495e-05,7.722907790611491e-05,7.49019098367671e-05,0.000113594402482,6.168395718635795e-05,7.006996194919006e-05,3.675731979321486e-05,9.52614554394887e-05,8.005456956557381e-05,0.0001029894851506,0.4573904638864714,8.829213037226928e-05,9.077547859874624e-05,9.728930838785278e-05,7.570591345360877e-05,3.879535566499215e-05,6.879850290670429e-05,9.169422215129488e-05,9.721824263399844e-05,8.129875406639116e-05,6.50693463262299e-05,8.530604357241384e-05,0.0001554270846261,2.3066201362948355e-05,4.304956503632097e-05,9.583394550289034e-05,0.0001658911728172,0.0001057817157173,8.42164044727543e-05,4.186333203767851e-06,0.2965562823362086,5.476971670631846e-05,7.643655244196842e-05,7.490246502515816e-05,6.197347485703299e-05,0.0001256226328147,6.118063163202279e-05,9.298894233966402e-05,7.178954506508501e-05,0.000133390437866,7.634553745180291e-05,7.712705903457273e-05,0.0001629428948712,7.603209530198856e-05
uj0357,0.0002262983117771,0.0002281392993387,0.0003132396722312,0.0002361193290848,0.0007817753742156,0.0202033358393581,0.0003128033984995,0.0002264709990334,0.0001702921899053,0.0002751052003072,0.0797601129439209,0.0003483822260092,0.0002681244348618,0.0003440694851681,0.000214463913067,0.1793760532964812,0.0001454463672112,0.0002231823414851,0.0002164571178669,0.0003282735649953,0.0001782588938023,0.0002024933949697,0.0001062240404856,0.0002752936491629,0.00023134765773,0.0002976266850188,0.1281960939501416,0.0002551531744966,0.0201557453358728,0.000281153889651,0.0002187805874024,0.0001121137083442,0.0001988190379283,0.0002649847927131,0.0002809485185424,0.0002349431947694,0.0001880422434882,0.0002465237584536,0.0004491647656242,6.665842670824308e-05,0.0001244078394461,0.0002769480735882,0.0004794046670618,0.0003056958808807,0.0002433748382252,1.2097977497408554e-05,0.5586091987568239,0.0001582776066788,0.0002208920423701,0.0002164587222916,0.0001790955635308,0.0003630336408936,0.0001768043461268,0.0002687263715464,0.0002074627743355,0.0003854816224902,0.0002206290204726,0.0002228875197515,0.0004708845138607,0.0002197232120024
uj0358,0.0002896906029186,0.0002920473009978,0.0004009865950573,0.2040310670229417,0.0010007718472356,0.0003967373032751,0.0004004281092277,0.0002899116645563,0.0002179956482159,0.0003521696238793,0.0002386804120372,0.000445973530718,0.0003432333568128,0.0004404526742667,0.0002745410683481,0.0004292431656678,0.0001861898371175,0.0002857017648867,0.00027709262384,0.0004202318886913,0.0002281940418188,0.0002592172836605,0.0001359802735207,0.0003524108623675,0.0002961544075398,0.000380999986923,0.0367767920638409,0.000326628494822,0.0003358154097816,0.0003599127150632,0.0002800669601721,0.0001435197969911,0.0002545136396152,0.0003392142157956,0.0003596498139404,0.0003007571519641,0.000240717972938,0.0003155817454375,0.0005749879914776,8.533125886391374e-05,0.0001592578474578,0.0003545287359189,0.0006136989089867,0.0003913295832684,0.000311550727299,1.5486948920645803e-05,0.7405568774509881,0.0002026154545618,0.0002827698909092,0.0002770946777076,0.0002292650854169,0.0004647292040508,0.0002263320359127,0.0003440039122789,0.000265578720886,0.0004934654737647,0.0002824331894487,0.0002853243555942,0.0006027920299278,0.0002812736394732
uj0360,0.0002756510863635,0.0002778935698242,0.0003815532482971,0.0002876139422452,0.0009522706091022,0.0003775098934757,0.0003810218288306,0.0002758614345072,0.000207430743862,0.0003351021345826,0.0002271130447756,0.2669754329693166,0.0003265989532571,0.0004191066500954,0.0002612357562831,0.0004084403972319,0.0001771663642321,0.0002718555627057,0.0002636636536197,0.0003998658412641,0.0002171348842362,0.0002466546209139,0.000129390148463,0.0003353316817294,0.3637605375729195,0.0003625352677709,0.0107625320821439,0.0003107988264992,0.0003195405083606,0.0003424699659004,0.0244984095717285,0.0001365642777387,0.0002421789334808,0.0003227745952128,0.0003422198059733,0.0002861813080413,0.0002290518576683,0.0003002874449151,0.0005471218703676,8.119577911614676e-05,0.0001515396019801,0.0003373469150139,0.000583956708495,0.0003723642522999,0.0002964517853602,1.4736392038341127e-05,0.3169560020841991,0.000192795933321,0.0002690657785744,0.000263665607949,0.0002181540209578,0.0004422066462316,0.0002153631182705,0.0003273321646529,0.0002527077585179,0.0004695502462133,0.0002687453949568,0.0002714964441136,0.0005735784185845,0.0002676420412159
uj0361,7.097827539419021e-05,7.155569959642588e-05,9.824736006830386e-05,7.40586292229065e-05,0.0002452031894171,9.720622376872443e-05,9.81105231788213e-05,7.103243860706527e-05,5.341200231527299e-05,8.628651498299243e-05,5.848006060980935e-05,0.0001092697925403,8.409700376498866e-05,0.0001079171049983,6.726642617986801e-05,0.0001051706176068,4.561913089821865e-05,7.00009539295653e-05,6.789159319102575e-05,0.000102962727905,0.3869082023989528,6.351188323411637e-05,3.3317081068184046e-05,8.634562180827216e-05,7.256199851076044e-05,9.335035974431612e-05,0.3646653579163049,8.002857884754088e-05,8.227950232747687e-05,8.818368131465308e-05,6.862034745907691e-05,3.516437044460929e-05,6.235942423461135e-05,8.311225764242737e-05,8.81192668389607e-05,7.368973568285866e-05,5.8979291711169e-05,7.732196975451928e-05,0.0313386456068066,2.09073595427452e-05,3.902041433744378e-05,8.68645306395032e-05,0.0001503648711152,9.588125624811546e-05,7.63343135700463e-05,3.794520479540254e-06,0.212644624494604,4.9643638378735255e-05,6.928260353606237e-05,6.789209641750517e-05,5.617317305790008e-05,0.0001138651965114,5.545453464382012e-05,8.428580070049528e-05,6.507052489781918e-05,0.0001209059870824,6.920010693884519e-05,6.99084833405023e-05,0.0001476925322208,6.891600087305204e-05
uj0362,9.783903767102426e-05,9.863498020359416e-05,0.0001354277362956,0.0001020851094812,0.0003379969991269,0.0001339925961337,0.0001352391153477,9.791369821462632e-05,7.36250476302299e-05,0.0001189404721802,8.061104360779174e-05,0.0001506214583165,0.0001159223702419,0.0001487568645848,9.2722489641471e-05,0.0001449710064209,6.288307008985933e-05,9.649186219989462e-05,9.358424259919856e-05,0.0001419275709118,7.706941553809459e-05,8.754709101890965e-05,4.592547693805259e-05,0.3441521033584614,0.0001000220992458,0.0001286775328493,0.1242316098085782,0.0001103143052876,0.0001134170601224,0.0001215555952888,9.458878400132192e-05,4.8471847836550726e-05,8.595849959652477e-05,0.0001145649603521,0.0001214668040315,0.0001015766132017,8.129920192470221e-05,0.0001065834168215,0.0001941943272987,2.881946520317583e-05,5.3787159058145126e-05,0.0001197372299948,0.0002072684100556,0.0001321662126884,0.0001052219955964,5.2305051099001495e-06,0.4737344561869934,6.843059765102931e-05,9.550166187704088e-05,9.358493626488998e-05,7.743114585963452e-05,0.0001569559303748,7.644054851873647e-05,0.0001161826148081,8.969557940643012e-05,0.0517716234240015,9.538794556542248e-05,9.636439737496682e-05,0.0002035847608783,9.499632342584064e-05
uj0363,0.0001090991530075,0.0001099866991058,0.0001510138659914,0.0001138338974319,0.0003768964536205,0.0001494135581815,0.0001508035370047,0.0001091824060961,8.209841927932877e-05,0.0001326291128988,8.988842071647672e-05,0.0001679562056032,0.0001292636631459,0.0001658770192,0.0001033937508528,0.4413329556250011,7.012016725255012e-05,0.0001075969335832,0.0001043546813773,0.0001582617546482,8.593919317019732e-05,9.76227250983112e-05,5.121095581764057e-05,0.0001327199647058,0.0001115334591337,0.0001434867940154,0.1864826000415536,0.0001230101762853,0.0001264700214813,0.0001355452057279,0.0001054748336064,5.4050383870923695e-05,9.585130560377292e-05,0.0001277500314424,0.0001354461956477,0.0001132668792486,9.065577791149027e-05,0.0001188499067108,0.0002165437961318,3.213624457724466e-05,5.997742450880852e-05,0.1056310023917126,0.0002311225510857,0.0001473769796163,0.0001173318020148,5.832474346392667e-06,0.2501259528542253,7.630614958247618e-05,0.0001064927729219,0.0001043554548757,8.634255437076295e-05,0.0001750197004287,8.523795099938742e-05,0.0001295538587817,0.0001000184790724,0.0097765223839637,0.0001063659692086,0.0001074547990654,0.0002270149574831,0.0001059292759955
uj0366,8.168098509828321e-05,8.234547824631002e-05,0.0001130619349246,8.522582094817496e-05,0.0218233953785775,0.0001118638072145,0.0001129044646019,0.0288033677968863,6.146591955008793e-05,9.929753160902376e-05,6.729818289734783e-05,0.00012574642377,9.677786721626324e-05,0.0001241897664639,7.740943160281827e-05,0.00012102914028,5.249797251905377e-05,8.05562947681094e-05,7.812886662767226e-05,0.0001184883261389,0.0287859659337526,0.0072534948669969,3.834091469727915e-05,9.936555106551333e-05,8.350351549319567e-05,0.0001074265231276,0.2114209331513393,9.209597049208984e-05,9.468630741139289e-05,0.0001014807688602,7.896750867946084e-05,4.046675412053961e-05,7.176251005475594e-05,9.5644632674908e-05,0.0001014066414205,8.480130249404009e-05,6.787269232187655e-05,8.898123579663301e-05,0.0001621232621644,2.405994952358624e-05,4.490424519791116e-05,0.4309243299261558,0.0001730381687729,0.0001103390497911,8.784465238941249e-05,4.366690639116705e-06,0.2016265577993024,5.7129329560604455e-05,7.972962537580317e-05,7.812944573493205e-05,6.464344316600828e-05,0.0001310347619438,6.381644232292605e-05,9.699513256386536e-05,7.488241359765816e-05,0.0001391372229647,7.96346892380831e-05,8.044988067498952e-05,0.0647936179549428,7.930774323668333e-05
uj0370,8.227172952852125e-05,8.294102851508755e-05,0.2677103574770347,8.584220282673603e-05,0.0002842178168914,0.0001126728439931,0.0001137210277657,8.233451072706833e-05,6.191046180897453e-05,0.0073323529237653,6.778490605162801e-05,0.0001266558643133,9.747779738923476e-05,0.0001250879487366,7.796928271764301e-05,0.0001219044638382,5.287765556067116e-05,8.113890505859027e-05,7.869392093921825e-05,0.0001193452736724,6.480679145057817e-05,7.361734911513427e-05,3.861820912241857e-05,0.0001000841962407,8.41074410778779e-05,0.0001082034679713,0.0104445579494761,9.276203960903436e-05,9.537111071850018e-05,0.0001022147120038,7.95386283331481e-05,4.075942333330384e-05,7.228152072858338e-05,9.633636691350563e-05,0.10135486139334,8.54146141119767e-05,6.836357052206187e-05,8.962477810185019e-05,0.0290926447479537,2.4233959192492225e-05,4.522900784264164e-05,0.0001006856693925,0.0001742896391647,0.0001111370590098,8.847997454012849e-05,4.398272018436835e-06,0.5791663254855088,5.7542508138220194e-05,8.03062569144538e-05,7.869450423477702e-05,6.511096634726987e-05,0.0001319824495322,6.427798435519358e-05,9.769663407310108e-05,7.542398846606077e-05,0.0001401435102837,8.021063416656956e-05,8.103172134286198e-05,0.000171192100636,7.988132358142876e-05
uj0377,8.535843444913347e-05,8.605284447307596e-05,0.0676512998635774,8.906286624757272e-05,0.0077985642904519,0.0001169001505535,0.0001179876605203,8.542357109876428e-05,6.423324423008417e-05,0.0001037681148508,7.032808831182668e-05,0.000131407791638,0.0001011350098797,0.0001297810503535,8.089456665175213e-05,0.0001264781261464,5.48615414051152e-05,8.418310820021274e-05,8.164639215110819e-05,0.0226348721335843,6.723823957019309e-05,7.63793553967372e-05,4.0067103132627466e-05,0.000103839196686,8.726301898687503e-05,0.0001122630906257,0.0033327381413932,9.624232434047384e-05,9.894928366352128e-05,0.0001060496460244,8.252279162789885e-05,4.228865230764562e-05,7.499340884593365e-05,9.995075474137712e-05,0.0001059721812118,8.861923508181098e-05,7.092846335621476e-05,9.298735775297875e-05,0.0001694223916312,2.5143178939227337e-05,4.69259285450792e-05,0.0001044632361573,0.195276588568055,0.0001153067453513,9.17996029757259e-05,4.563288214878816e-06,0.5558736298172926,5.970141185924916e-05,8.331922041715808e-05,8.164699733099201e-05,0.0075712368980814,0.0001369342218936,6.668959247055998e-05,0.0001013620569692,7.825377699323254e-05,0.0001454014727121,8.322001005530113e-05,8.407190312131822e-05,0.1352439102431536,8.287834425884547e-05
uj0378,6.140048564430449e-05,6.189999237707793e-05,8.498988722905037e-05,6.406517734030693e-05,0.0002121155357485,8.408924158697093e-05,8.487151507332208e-05,6.144734008752835e-05,4.620460081875864e-05,7.464303542297609e-05,5.058877666453651e-05,9.452495557227022e-05,7.2748976270898e-05,9.335479933017256e-05,5.818951238337248e-05,9.097892222241245e-05,3.946329741411264e-05,6.0555043680192125e-05,5.87303195230318e-05,8.906896457430106e-05,4.8366170140317725e-05,5.4941606471862864e-05,2.882128294152113e-05,7.469416638885139e-05,6.277050158148352e-05,8.075368683641902e-05,0.0131925019137317,6.922954353811664e-05,7.117672799770906e-05,7.628419863052173e-05,5.936073588247696e-05,3.0419299577007865e-05,5.394465998560674e-05,7.189711153023175e-05,7.622847622717972e-05,0.0216541038367557,5.102064165283027e-05,6.688816356180885e-05,0.0001218698209768,1.808612596368769e-05,3.375500992458799e-05,7.514305379934082e-05,0.0001300746750896,8.294306483392207e-05,6.603378144221729e-05,3.282488887439231e-06,0.523998549933432,4.294473891731213e-05,5.993362729920934e-05,5.8730754844262896e-05,4.859317991007346e-05,9.850025694421271e-05,4.79715143739343e-05,7.291229699775257e-05,5.628992544080519e-05,0.0001045909650937,5.986226277104905e-05,6.0475051048013465e-05,0.4373325078757116,5.961649390279588e-05
uj0380,3.055739880903512e-05,3.080599010731212e-05,4.229722047864481e-05,3.188354543480572e-05,0.0001055642956475,4.184899294783873e-05,4.223830978547165e-05,3.0580717027002655e-05,2.2994808578717576e-05,3.714786581575501e-05,2.517669701758858e-05,4.7042571968583744e-05,3.620524263825704e-05,4.6460216135670605e-05,2.895938228734415e-05,4.527780489671623e-05,1.963984005580033e-05,3.0136644689646944e-05,2.922852770650381e-05,4.4327269457960784e-05,2.4070564496918256e-05,2.734298536163957e-05,1.4343590735325008e-05,0.3250719229926383,3.123921952963388e-05,4.018897551161767e-05,0.003879321906507,3.445371399041892e-05,3.542277622929456e-05,3.796462936603386e-05,2.9542269265860564e-05,1.5138881377111162e-05,2.684683144604557e-05,3.578129207274049e-05,3.7936897798707445e-05,3.172473026271658e-05,2.539162480749892e-05,3.3288471061983505e-05,6.0651388719429366e-05,9.000986851870523e-06,1.679897624986053e-05,3.739671174552399e-05,6.473472774621539e-05,4.127857107281553e-05,0.1128548424955335,1.633607958750906e-06,0.5562663643993672,2.137246147283404e-05,2.982738218168957e-05,2.922874435437441e-05,2.4183541259156888e-05,4.902097438892061e-05,2.387415475326369e-05,3.62865230472295e-05,2.801400807462652e-05,5.205215884945714e-05,2.9791865942283164e-05,3.009683447092281e-05,6.358423874240357e-05,2.966955327255017e-05
uj0384,7.05381488693736e-05,7.111199254353834e-05,9.76381416994562e-05,7.359940184760699e-05,0.0002436827181598,9.660346134289384e-05,9.750215331670756e-05,7.059197622361413e-05,5.308080183411221e-05,8.575146416966837e-05,5.8117433796121406e-05,0.0001085922255835,8.357552980962677e-05,0.0001072479258709,6.684931632157745e-05,0.00010451846907,4.53362529410426e-05,6.956688764074998e-05,6.747060675807171e-05,0.0001023242701886,5.556405741418838e-05,6.311805478030925e-05,3.31104864302313e-05,0.5705651584029392,7.211205153669092e-05,9.277150700104406e-05,0.176378243767953,7.9532332635604e-05,8.176929844858695e-05,8.763686643380391e-05,6.819484212112467e-05,3.4946321019271794e-05,6.197274202057448e-05,8.25968899623496e-05,8.757285138341705e-05,7.32327957656709e-05,5.861356923407558e-05,7.684250685335647e-05,0.0001400065729861,2.0777715881391985e-05,3.877845411420836e-05,8.632589563058158e-05,0.0001494324792276,9.528670976367118e-05,7.586097498906134e-05,3.770991179867495e-06,0.248531219303421,4.933580500412112e-05,6.885299163924992e-05,6.747110686411294e-05,5.5824850936679314e-05,0.0001131591340865,5.511066870057821e-05,8.376315604129958e-05,6.466703152139919e-05,0.0001201562656835,6.877100659208718e-05,6.947499044909324e-05,0.0001467767111391,6.848866222893788e-05
uj0385,3.63124940328916e-05,3.660790432261309e-05,5.0263360956776014e-05,3.788840341365982e-05,0.0001254459805216,4.9730715503558935e-05,5.019335518803594e-05,3.6340203938963625e-05,2.7325586661364528e-05,4.4144191205516273e-05,2.9918405880437326e-05,5.590243870482802e-05,4.30240370090786e-05,5.521040359935873e-05,3.4413511538635314e-05,5.3805300327078254e-05,2.3338752728596985e-05,3.581249625673664e-05,3.473334705501198e-05,5.267574369617637e-05,2.860394744739321e-05,3.249268692636245e-05,1.7045022589839183e-05,0.389487217978015,3.712272696544487e-05,4.7758055015538274e-05,0.1418726546395678,4.0942630343199216e-05,4.209420306005846e-05,4.5114781723745023e-05,3.510617782418869e-05,1.799009605190806e-05,3.190308876678103e-05,4.252024077705086e-05,4.508182727041095e-05,3.769967743521972e-05,0.0032223299072242,3.955792881313412e-05,7.207430202827564e-05,1.0696207599059202e-05,1.996284856063669e-05,4.443990408331442e-05,7.69266857331543e-05,4.905286196430787e-05,3.905264379309038e-05,1.9412771232571936e-06,0.4535418731036062,2.539769122858129e-05,3.544498811100145e-05,3.473360450573799e-05,2.873820193777977e-05,5.825344791644649e-05,2.837054644068352e-05,4.312062554347082e-05,3.329008818468124e-05,6.185551720001658e-05,3.5402782842170304e-05,3.576518829250505e-05,7.555951684070684e-05,0.0096117257181066
uj0387,2.1615490100334498e-05,2.179133696415024e-05,2.991992728967108e-05,2.255357090492382e-05,0.9767635633634912,2.960286307175828e-05,2.9878255434254133e-05,0.0038219778602426,1.6265915181412367e-05,2.6277410940868017e-05,1.7809324954122e-05,3.327666255350689e-05,2.5610624409433e-05,3.286471954684351e-05,2.048509577192167e-05,3.2028313326868214e-05,1.389269979919831e-05,2.1317859841975563e-05,0.0152220589838972,3.135592987254224e-05,1.702687626797474e-05,1.934169963522408e-05,1.0146274081778013e-05,2.62954111386694e-05,2.209779191955701e-05,2.8428610947640653e-05,0.0008439560632431,2.437163969138157e-05,2.5057128510699235e-05,2.685516772395344e-05,2.0897414496839124e-05,1.0708841501271009e-05,1.899073356910744e-05,2.5310733070211915e-05,2.683555115178521e-05,2.2441229281818755e-05,1.796135914865953e-05,2.354737787703391e-05,4.290317708746628e-05,6.367058381039983e-06,1.1883148401926442e-05,2.6453437924219737e-05,4.579162236585514e-05,2.919936182907618e-05,2.3246600317147505e-05,1.155570763103276e-06,0.0020523862902018,1.511831004572382e-05,2.1099095780252465e-05,2.067563532437785e-05,1.710679302073888e-05,3.467613173602858e-05,1.688794124617834e-05,2.5668120006046925e-05,1.9816363231438964e-05,3.682031089566445e-05,2.1073972538379425e-05,2.1289699153492183e-05,4.497779708485363e-05,2.098745181329149e-05
uj0389,0.0001952282569615,0.0001968164826531,0.1890534589973741,0.0002037008791189,0.0006744400452878,0.0002673691566438,0.0002698564641562,0.0001953772347942,0.0001469116015417,0.0002373341114003,0.0001608514751372,0.0003005504292367,0.0002313117833526,0.000296829814308,0.00018501868441,0.0002892755035947,0.0001254770330766,0.0001925400997053,0.0001867382283862,0.017445314093833,0.0001537845017561,0.0001746916812401,9.163980989764994e-05,0.0002374966868139,0.0001995843434096,0.0002567634662634,0.0076224999023504,0.3606244622847889,0.000226312681364,0.000242552334498,0.0001887426927764,9.672084466582522e-05,0.0001715218019997,0.0002286032043122,0.0002423751602043,0.0002026862243893,0.0001622246279392,0.000212676812675,0.0003874958394196,5.750643191214638e-05,0.0001073270297806,0.0002389239639079,0.000413583896383,0.0002637247866145,0.0002099602294063,1.0436962790533e-05,0.4132654461878113,0.0001365465832479,0.00019056425154,0.0001867396125284,0.0001545062993315,0.0003131902503976,0.0001525296589554,0.0002318310760014,0.000178978780265,0.0003325561938949,0.0001903373417315,0.0001922857560794,0.0004062335337336,0.0001895558979488
uj0390,0.0003419374898798,0.0003447192281118,0.0004733061701274,0.0003567770791806,0.0011812651495712,0.0004682905011649,0.0004726469590906,0.0003421984208893,0.0002573120563962,0.0004156848582175,0.0002817274021083,0.0005264066839246,0.0004051368987779,0.000519890118396,0.000324055674689,0.0005066589290012,0.000219769936973,0.0003372292485684,0.0003270674136664,0.0004960224313071,0.0002693497720634,0.0003059681826587,0.0001605048728967,0.0004159696050553,0.0003495670681435,0.0004497148953405,0.0133506210821355,0.0003855372819049,0.0003963810946119,0.0004248244476162,0.0003305781837403,0.0001694041803108,0.0003004162171412,0.0004003928892138,0.0004245141311989,0.00035499993638,0.0002841324454645,0.0003724982060156,0.0006786894311931,0.0001007211009616,0.0001879806526506,0.0004184694457776,0.0007243820212553,0.0004619074767021,0.0003677401772426,1.82800836011538e-05,0.4532931187844376,0.0002391579818113,0.0003337685991085,0.0003270698379574,0.000270613982762,0.0005485450197761,0.0002671519457644,0.0004060464270789,0.0003134769311476,0.0005824639934517,0.0003333711721603,0.000336783771964,0.5117147815286638,0.0003320024925966
uj0392,3.585467910320698e-05,3.614636496571357e-05,4.962965848948485e-05,3.741071998247012e-05,0.0001238644024922,4.910372843952514e-05,0.2837215085038016,3.5882039652699736e-05,2.6981075443692947e-05,4.3587637040593536e-05,2.954120532593888e-05,5.519764076333528e-05,4.248160534739713e-05,5.451433058881847e-05,3.3979638300653084e-05,5.312694235575332e-05,2.304450608638918e-05,3.536098512008054e-05,3.4295441445298186e-05,5.201162677062159e-05,2.824331911441588e-05,3.2083030757689965e-05,1.683012504489579e-05,4.361749485612152e-05,0.012644296828841,4.715593854898524e-05,0.152691617113497,4.0426440311892174e-05,4.1563494412048365e-05,4.454599070091181e-05,3.4663571697561345e-05,1.776328335896652e-05,3.150086604070619e-05,4.198416079797021e-05,4.4513451725532027e-05,3.722437339362719e-05,2.9793391939915924e-05,3.905919660317768e-05,7.116561502139435e-05,1.056135364148141e-05,1.9711164110050227e-05,4.38796216762546e-05,7.595682160903508e-05,4.843442103511481e-05,3.856028203584127e-05,1.91680219600826e-06,0.5486849165311269,2.5077486226594022e-05,3.499811038552735e-05,3.429569565017758e-05,2.837588097223304e-05,5.751900929216479e-05,2.8012860744072025e-05,4.257697612811369e-05,3.287037866630831e-05,6.107566497527319e-05,3.495643722562171e-05,3.5314273597731975e-05,7.46068894927175e-05,3.481292103332604e-05
uj0393,6.34555269383631e-05,6.397175189334175e-05,8.783445313110009e-05,6.620940443499491e-05,0.000219214928864,8.690366336285674e-05,8.771211912286305e-05,6.350394957464967e-05,4.77510440050244e-05,7.71412977493804e-05,5.228195586288661e-05,9.76886550932379e-05,7.518384545423405e-05,9.647933434986998e-05,6.013708412607346e-05,9.40239379107101e-05,4.078411279423073e-05,6.258178848555444e-05,6.069599179038596e-05,9.205005500540271e-05,4.998495989142186e-05,5.6780472547217246e-05,2.9785915809992047e-05,0.2622546557871857,6.487139657351988e-05,8.345646938536636e-05,0.4152676061388702,7.15466191971567e-05,7.355897487534164e-05,7.883738980848812e-05,6.13475078469673e-05,3.143741720443561e-05,5.575015879723798e-05,7.430346925798807e-05,0.005657023667239,6.58796086793515e-05,5.272827514050869e-05,6.912687448992043e-05,0.0001259487384638,1.8691458890860903e-05,3.488477198670322e-05,7.765805147238669e-05,0.0001344282046393,0.0168204507191877,6.824389665942786e-05,3.3923520284256704e-06,0.2960937700588709,4.438207627566619e-05,6.19395736318833e-05,6.069644168158497e-05,5.021956755630998e-05,0.0001017970076681,4.957709520839315e-05,7.535263243814407e-05,5.8173919028257616e-05,0.0001080915685498,6.186582057127475e-05,6.249911854291768e-05,0.0001320390979477,6.161182595093258e-05
uj0394,3.973738860813037e-05,4.006066118397907e-05,5.5004062934398406e-05,4.146193342782967e-05,0.000137277700419,5.4421179826846806e-05,5.4927454414071615e-05,3.9767712036338894e-05,2.990286084795589e-05,4.830774992035227e-05,3.2740227645334205e-05,6.117500298778145e-05,4.708194586061037e-05,6.0417697034310094e-05,3.765929930735288e-05,5.888006828552214e-05,2.553999970272684e-05,3.9190232416757954e-05,3.800930083006375e-05,5.764397497955473e-05,3.130179310773963e-05,3.555730780005486e-05,1.865266224548731e-05,4.83408410439741e-05,4.0624040482683824e-05,5.22624634265528e-05,0.3473814246017433,4.480422664202175e-05,4.6064412530628206e-05,4.936988386706733e-05,3.841729597207805e-05,1.9686872437479225e-05,3.491210036349863e-05,4.653063295345328e-05,4.933382124032188e-05,4.125540733411297e-05,0.3528493990869302,4.328892387166869e-05,7.887215198612128e-05,1.170504448447014e-05,2.1845689537621312e-05,4.863135362355287e-05,8.418219917764348e-05,5.3679393005919074e-05,4.27359817581042e-05,2.1243730428725297e-06,0.2482992603043109,2.779313161980222e-05,3.878806191339058e-05,0.0035312410614077,3.1448710112450044e-05,6.374775292279708e-05,3.104637835994647e-05,4.718764435994112e-05,3.642991775214805e-05,6.768955947524654e-05,0.0454507511009437,3.913846249544031e-05,8.268608267507215e-05,3.858281837367492e-05
uj0395,9.458500074486966e-05,9.535447095663869e-05,0.0001309235336253,9.868985208939022e-05,0.0003267555280099,0.0001295361249129,0.307777282724378,9.465717814706322e-05,7.117634587087466e-05,0.000114984620838,7.792999401041515e-05,0.0001456119263454,0.0001120668982104,0.0001438093472962,8.96386244240631e-05,0.0001401494033129,6.07916366807287e-05,9.328263109801444e-05,9.04717162664279e-05,0.0001372071896859,7.450615725175123e-05,8.463535482715723e-05,4.439803757064819e-05,0.0749480059224059,9.669545568799895e-05,0.0001243978357731,0.3695429218550867,0.0001066453523682,0.0001096449124145,0.0001175127673433,0.0499800712051088,4.6859718501535856e-05,8.309959850282794e-05,0.0001107546345323,0.000117426929202,9.819826793118934e-05,7.859526481097662e-05,0.0001030385498409,0.0085025069944776,2.786095614385241e-05,5.1998247332370966e-05,0.0001157548792163,0.0002003748522693,0.0001277704853109,0.0001017224082408,5.056543292866701e-06,0.1835910254037736,6.615465854803031e-05,9.232536393243164e-05,9.047238686143274e-05,7.485585675357318e-05,0.0001517357196555,7.389820577440318e-05,0.0001123184872802,8.671238645554732e-05,0.0001611182127875,9.221542972135224e-05,9.31594056366063e-05,0.0001968137178951,9.183683257602252e-05
uj0396,0.0001472220677504,0.0130904066180901,0.0002037831916871,0.000153611291179,0.0005085967553383,0.0002016236824854,0.2590432366821324,0.0001473344122692,0.0001107863692077,0.0260629479188477,0.0001212984592445,0.0002266457547907,0.0001744327361737,0.0002238400307032,0.0001395230061224,0.0002181433080005,9.462251290997417e-05,0.0001451949223164,0.0001408197181031,0.0002135637364985,0.0001159692387203,0.0001317353898009,6.910578679218114e-05,0.0001790967857871,0.0001505070023402,0.0001936259075115,0.2387039079074705,0.000165994070603,0.0001706629021183,0.0001829092610786,0.0001423312892089,7.29374065409055e-05,0.0001293449767349,0.0001723901906262,0.0001827756535452,0.0001528461377648,0.0001223339568614,0.0001603800628654,0.0261761852157434,4.336572966856168e-05,8.09355545951773e-05,0.0001801730986544,0.0003118845466402,0.0001988754548481,0.0001583314813114,7.87053711881388e-06,0.4281222844235992,0.0001029700855956,0.0001437049307702,0.0001408207618878,0.0001165135478956,0.0002361774723621,0.0001150229589414,0.0001748243359283,0.0001349683008196,0.000250781373918,0.0001435338175731,0.000145003121216,0.0003063416216313,0.0001429445290587
uj0397,3.813866249160957e-05,0.0771503368511157,5.279112355896133e-05,3.97938249251246e-05,0.0001317547042543,5.223169117325034e-05,5.271759717479105e-05,3.816776593888031e-05,2.869980029790925e-05,4.63642185476787e-05,3.142301333330157e-05,5.871379256655127e-05,4.518773139155552e-05,5.798695476532693e-05,3.614417948087741e-05,5.651118834127406e-05,2.4512467044671683e-05,3.761351964644845e-05,3.648009964105342e-05,5.532482589885671e-05,3.004245031023544e-05,3.412675590411358e-05,1.790222294086726e-05,4.639597833964004e-05,3.898964233139272e-05,5.015982487579893e-05,0.4708657965601229,4.3001650031628646e-05,4.421113575692911e-05,4.73836204141204e-05,3.687168020446055e-05,1.8894824489165582e-05,3.350750663983606e-05,4.465859906480191e-05,0.0369269475800817,3.9595607848968766e-05,3.169126451824976e-05,0.0369211458827731,7.569894474570865e-05,1.123412374790892e-05,2.0966787435079664e-05,0.1978554307768721,8.079535658215603e-05,5.151974813433866e-05,4.1016615374328834e-05,2.038904651923e-06,0.074027764436454,2.6674950306514147e-05,3.7227529383140834e-05,0.0670902959544252,3.0183456507501816e-05,6.118303488175454e-05,0.0369093958828948,4.528917739827727e-05,3.496425876012392e-05,6.496625353242163e-05,3.718320159607503e-05,3.756383254758491e-05,7.93594322716184e-05,3.703054326090236e-05
uj0398,9.537804740494564e-05,9.615396922930298e-05,0.0001320212602231,9.951731582007196e-05,0.0003294952053172,0.0001306222188011,0.0001318373837445,9.545082997759216e-05,7.1773122980615e-05,0.000115948707837,7.858339699168069e-05,0.0001468328075733,0.0001130065216034,0.0001450151148245,9.039019825874602e-05,0.0001413244840903,6.130134333665236e-05,9.406475805739276e-05,9.12302751484008e-05,0.0001383576015129,7.51308531199997e-05,8.534497881554277e-05,4.477029231645408e-05,0.0001160281334577,9.750619742901496e-05,0.0001254408477455,0.2301050793060904,0.0001075395188834,0.0001105642287004,0.0001184980515525,9.220954885910622e-05,4.725261317782796e-05,8.379634596307361e-05,0.0001116832552682,0.0001184114937025,9.902160998114224e-05,7.925424574627584e-05,0.000103902475169,0.5284119579879806,2.809455595399572e-05,5.24342259341788e-05,0.0001167254244362,0.0002020548925093,0.0001288417752177,0.0001025752983976,5.098939811747683e-06,0.2354372607619551,6.67093313882991e-05,9.309946469820115e-05,9.123095136600038e-05,7.548348467256717e-05,0.0001530079457457,7.451780428170854e-05,0.0001132602201184,8.743942528754226e-05,0.0001624691062645,9.298860874521514e-05,9.394049941376928e-05,0.0001984638998522,9.260683725723856e-05
uj0399,0.0003758286040451,0.0003788860540982,0.0005202178832963,0.0003921390183653,0.0012983461752807,0.0005147050866002,0.0005194933345965,0.0003761153972163,0.0002828155257073,0.0004568854384511,0.0003096507969713,0.0005785814513904,0.0004452920186331,0.0005714189968533,0.0003561744337952,0.0005568763989011,0.0002415524213291,0.0003706537056736,0.0003594846811039,0.0005451856653647,0.0002960463588537,0.0003362942010579,0.0001764133039183,0.0004571984079549,0.000384214387509,0.0004942883606987,0.4111336314578951,0.0004237497868883,0.0004356683834529,0.0004669308977146,0.0003633434209469,0.0001861946656625,0.0003301919528052,0.0004400778068404,0.0004665898243039,0.0003901857341607,0.000312294216058,0.0004094183437604,0.0007459576941831,0.0001107040669498,0.0002066123439638,0.0004599460202431,0.0007961791026175,0.0005076894090438,0.0004041887232459,2.009191301037369e-05,0.2339147299794067,0.0002628621110894,0.0003668500541463,0.0003594873456784,0.0002974358717211,0.0006029140270956,0.0002936306951305,0.3308294286562029,0.0003445471787109,0.0006401948778488,0.0003664132362496,0.0003701640756817,0.0007820291195324,0.0003649089000916
uj0401,0.0002096182221385,0.0002113235134269,0.0002901512728077,0.0002187153478372,0.0007241519513242,0.0002870765131167,0.0002897471561208,0.000209778180891,0.0001577402226809,0.0002548276323257,0.0001727075822496,0.0003227035246849,0.0002483614080293,0.000318708669131,0.0001986561181873,0.0003105975421566,0.0001347257461706,0.0002067319250746,0.0002005024070227,0.2214293188636803,0.0001651197134693,0.000187567927993,9.839443493904518e-05,0.0002550021909151,0.0002142953888097,0.0002756890941196,0.1003198597064583,0.0002363462386925,0.000242993830162,0.0002604304823715,0.0002026546173039,0.0001038499847211,0.0001841644019814,0.0002454531839238,0.0002602402488416,0.0002176259045167,0.0001741819479668,0.0923638703092606,0.0188431610283602,6.174513979978721e-05,0.0001152379349188,0.00025653467034,0.0004440685094168,0.0002831635223527,0.0002254360649065,1.120625476418268e-05,0.5542892076741154,0.0001466112153281,0.0002046104402749,0.0002005038931878,0.0001658947135991,0.0003362750070162,0.000163772378196,0.0002489189769157,0.0001921710222874,0.0003570683834931,0.0002043668053043,0.0002064588341834,0.0004361763631947,0.0002035277625397
uj0402,0.1015196768427018,6.123890741665362e-05,8.408220478713637e-05,6.338096844786325e-05,0.0002098501656705,8.3191177939273e-05,8.396509683272509e-05,6.07910894026739e-05,4.5711140875862086e-05,7.384585619526391e-05,5.0048494216431166e-05,9.351543967228532e-05,7.19720253820193e-05,9.235778056731628e-05,5.75680549321868e-05,9.00072775599953e-05,3.904183383378945e-05,5.9908322620665205e-05,5.810308631238656e-05,8.811771804486786e-05,4.78496248800484e-05,0.299091207363194,2.8513474879499e-05,7.389644108817128e-05,6.21001196806099e-05,7.98912465385081e-05,0.2800487972324226,6.849017979520547e-05,7.041656854365197e-05,7.546949196423571e-05,5.872676989597779e-05,3.0094424876951384e-05,5.33685370808664e-05,7.112925846102547e-05,7.541436466989767e-05,6.306526141861186e-05,5.04757469351958e-05,6.61738054938507e-05,0.0001205682649881,1.789296817145247e-05,3.339451021298573e-05,7.434053443157602e-05,0.0001286854921813,8.205724222510525e-05,6.53285480792555e-05,3.2474322751051463e-06,0.3154844401080063,4.248609393308274e-05,5.929354289677805e-05,5.810351698443584e-05,4.807421021098125e-05,9.744828527243812e-05,4.745918399288679e-05,7.21336018618699e-05,5.568875536463403e-05,0.0001034739453435,5.922294053375645e-05,5.982918430080626e-05,0.0001263984470533,5.89797964493894e-05
uj0403,0.00013186295058,0.0001329356852812,0.0001825232680472,0.0001375856106817,0.0004555367944433,0.0001805890522093,0.0001822690534175,0.0001319635746234,9.92284495863796e-05,0.0001603024925265,0.0001086438533379,0.0002030006670861,0.000156234833684,0.0002004876534983,0.0001249671027056,0.0001953852481613,8.475090680534066e-05,0.0001300472895024,0.0001261285336679,0.0465584782711137,0.0001038706100779,0.0001179919387113,6.189624346275972e-05,0.000160412300779,0.000134805180465,0.0001734256546137,0.2949434299937539,0.0001486765419272,0.0001528582920464,0.0001638270350551,0.0001274824083218,6.532812492786727e-05,0.000115850908329,0.0001544053791281,0.0001637073662864,0.0001369002828068,0.2783127402727274,0.0001436482222182,0.0002617261738573,3.8841548386932086e-05,7.249185668172408e-05,0.0001613763260274,0.0002793468206818,0.0001781275366861,0.0001418133613693,7.0494339808878335e-06,0.3718661196328034,9.22276090507133e-05,0.0001287127430949,0.0001261294685586,0.0001043581335517,0.0002115379768948,0.0001030230520615,0.0001565855793289,0.0001208875724461,0.0002246183090663,0.0001285594814854,0.0001298754982797,0.0002743821679115,0.0001280316711955
uj0404,3.946169096594896e-05,3.978272067959495e-05,5.462244524404246e-05,4.117427090931187e-05,0.0001363252689771,5.404360617421071e-05,5.4546368232935696e-05,3.949180401048728e-05,2.969539507028339e-05,0.2879745966418557,3.251307624252526e-05,6.07505713712378e-05,4.675529174674575e-05,5.999851959961118e-05,3.739801942991481e-05,5.847155890515291e-05,2.5362803416156688e-05,3.891833093927559e-05,3.774559264523178e-05,0.0035262395120933,3.108462155072171e-05,3.531061152065245e-05,1.852325024380296e-05,4.800545272673166e-05,4.034219125782896e-05,5.189986692874609e-05,0.2409014313100929,4.4493375323461786e-05,4.5744818053789146e-05,4.902735606004039e-05,3.815075712064683e-05,1.955028509485177e-05,3.466988052744609e-05,0.0035152032743335,4.89915436354726e-05,4.096917769176246e-05,3.279063304892884e-05,4.298858571000229e-05,0.1319001528163286,1.1623834991873118e-05,2.169412434150984e-05,4.829394973266506e-05,0.0070215890848222,0.0035223024363534,4.243947990381259e-05,2.109634161945818e-06,0.3194254671659567,2.760030312440257e-05,3.851895069121731e-05,3.7745872423342856e-05,3.123051924658436e-05,6.330547159051088e-05,3.0830978868134927e-05,4.686025691084567e-05,3.6177167312803006e-05,6.721992992480836e-05,3.847308517522601e-05,3.886692019720306e-05,8.211240738252739e-05,3.831513112932088e-05
uj0406,0.0001246389996079,0.0001256529658464,0.0001725239533509,0.0001300481507534,0.0004305807665784,0.0001706957011693,0.2412209189131476,0.0001247341110858,9.379233996125896e-05,0.0001515205159242,0.0001026919322981,0.0001918795230508,0.0001476756988118,0.0001895041818483,0.0001181209323515,0.0001846813055666,8.010793170956274e-05,0.0001229228073087,0.0001192187357346,0.0001808042155394,9.818018535035248e-05,0.000111527894212,5.8505333232384574e-05,0.0001516243084654,0.0001274200430161,0.000163924741577,0.1582609961710425,0.0001405314788533,0.0001444841368909,0.0001548519706877,0.0001204984400163,6.174920325578856e-05,0.0001095041575688,0.0001459464686931,0.0001547388578265,0.0001294003677305,0.0001035685901868,0.0001357786295088,0.0002473878245353,3.671366151657456e-05,6.852047869997559e-05,0.000152535520766,0.0002640431457077,0.0001683690367729,0.0001340442892743,6.663239335351246e-06,0.5706290106232689,8.71750319384809e-05,0.000121661372399,0.0001192196194085,9.864100044500022e-05,0.0001999491267508,9.737905976648472e-05,0.0220615195245195,0.0001142648941833,0.0002123128688726,0.0001215165070399,0.0001227604274587,0.0002593504753862,0.0001210176121932
uj0408,5.766543361536231e-05,5.813455486150419e-05,7.981986866318128e-05,6.016802949044052e-05,0.0001992123387484,7.897401018275875e-05,0.0761184401043831,5.7709437856647335e-05,4.339392943361176e-05,7.010242604542058e-05,4.751141154372647e-05,8.877490940584176e-05,6.832358437744985e-05,8.767593492070195e-05,5.464978702110521e-05,8.544458475794458e-05,3.706270615610192e-05,5.687142071879354e-05,5.515769632969602e-05,0.0152913970931512,4.542400836392282e-05,5.159945442578845e-05,2.7068055907600583e-05,7.015044666427127e-05,5.895211013344477e-05,7.584136051362376e-05,0.0275977353074823,0.1369347347751305,6.684697751558123e-05,7.16437556782991e-05,5.574976384095674e-05,2.8568863616903324e-05,5.066315317640894e-05,6.752353940815222e-05,7.159142292364596e-05,5.986832643585622e-05,4.791700575934101e-05,6.281929067909208e-05,0.1369841728926353,1.6985929104208263e-05,3.1701659417946015e-05,7.057202781137008e-05,0.000122162104464,0.1166706190475014,6.201688146550909e-05,3.082811854751993e-06,0.4870539531760408,4.033236814300412e-05,5.628780570843921e-05,5.515810516990778e-05,4.563720890575115e-05,9.250838927915728e-05,4.505335989659406e-05,6.84769701435984e-05,5.286575382358629e-05,9.82285936518313e-05,5.622078235482994e-05,5.679629411723311e-05,0.0001199909953428,5.5989963848945856e-05
uj0409,5.8555937455456535e-05,5.903230315022159e-05,8.105249443401124e-05,6.109717990088443e-05,0.0002022886938806,8.019357370506705e-05,0.1853920594775641,5.86006212363442e-05,4.4064044238525234e-05,7.118498930176863e-05,4.824511095037958e-05,9.014582422904806e-05,6.937867770533411e-05,8.90298787278623e-05,5.54937214572396e-05,8.676407073198114e-05,3.7635050454706136e-05,5.774966294063315e-05,5.600947420272774e-05,8.494259718153935e-05,4.612547285216989e-05,5.239628381615465e-05,2.748605688701544e-05,7.123375148350733e-05,5.9862483595745504e-05,7.701254780106941e-05,0.4398264045134979,6.602229247780865e-05,6.787926820420027e-05,0.0103678123361372,5.66106847717844e-05,2.9010040959428383e-05,5.144552364735352e-05,6.85662779669358e-05,7.269698015324308e-05,6.079284865391064e-05,4.865696859251985e-05,6.378938343786437e-05,0.0001162238627258,1.7248235899571305e-05,3.2191215251989366e-05,0.0258093173806266,0.0001240486041626,7.91004967764377e-05,6.29745829451177e-05,3.130418464515061e-06,0.335001864967433,4.095520450197448e-05,5.715703540101695e-05,5.600988935649263e-05,4.634196576326183e-05,9.393695871372535e-05,4.574910061129452e-05,6.953443214549077e-05,5.368213816057735e-05,9.974549787624884e-05,5.708897703301477e-05,5.76733761895171e-05,0.0001218439674862,5.685459409081298e-05
uj0410,3.852616140996327e-05,3.883958038068077e-05,5.3327495364927896e-05,4.019814073245095e-05,0.0001330933669669,5.276237899791833e-05,5.325322193320861e-05,3.855556055597122e-05,2.8991397874904868e-05,0.5825686963336475,3.174227947643773e-05,5.931034025924991e-05,4.564685071806408e-05,5.857611759333989e-05,3.651141392326781e-05,5.708535699131372e-05,2.476152020609497e-05,3.79956829743229e-05,3.685074712129615e-05,5.58869407920738e-05,3.034768956718296e-05,3.447349278831013e-05,1.8084114270361025e-05,4.686737377534855e-05,3.9385787430443735e-05,5.066946198980257e-05,0.2521240874411982,4.343855819216905e-05,4.466033261297427e-05,4.786505055504873e-05,3.724630624700347e-05,1.908680091344752e-05,3.384795178739524e-05,4.511234226664096e-05,4.783008714583824e-05,3.999790971827024e-05,3.201325616451644e-05,4.19694430550047e-05,7.646806608592165e-05,1.1348265422434711e-05,2.117981555199993e-05,4.714903130052841e-05,8.161625881726913e-05,5.2043202429053456e-05,4.14333550566808e-05,2.059620463533339e-06,0.1628355362993966,2.6945974870975124e-05,3.760577094764565e-05,3.68510202666278e-05,3.049012842478276e-05,6.180467073076975e-05,3.0100060063971185e-05,4.574932744309916e-05,3.5319504895291013e-05,6.562632788554934e-05,3.756099277851558e-05,3.794549104136693e-05,8.016574513519038e-05,3.740678339420033e-05
uj0411,0.0001181654495301,0.0001191267519856,0.0001635633354451,0.0001232936580257,0.000408217090973,0.0001618300397546,0.0001633355278171,0.0001182556210701,8.892091599628832e-05,0.0001436507829293,9.73582777565288e-05,0.0001819136078453,0.0001400056594618,0.0001796616380617,0.1247641432367078,0.000175089254252,7.59472539988309e-05,0.000116538393511,0.0001130267054838,0.0001714135340732,9.30808637213312e-05,0.000105735313956,5.546665989824501e-05,0.0001437491846521,0.0001208020499964,0.0001554107529624,0.3162440498464137,0.0001332324988492,0.000136979862157,0.0001468092072665,0.0001142399439741,5.854204850645254e-05,0.0001038166869538,0.0001383662427867,0.0001467019693062,0.0001226795198159,9.818940343806954e-05,0.0001287265048897,0.145662055766226,3.480681272031322e-05,6.496163474568046e-05,0.0001446130700448,0.0002503291674839,0.0001596242185816,0.0001270822435101,6.317161352906493e-06,0.1047089028483582,8.264730035712145e-05,0.0001153424755108,0.0001130275432611,9.351774481778237e-05,0.0001895640892495,9.232134731759282e-05,0.0001403199707722,0.000108330158531,0.0002012856784014,0.0001152051342266,0.0001163844474104,0.0002458802269454,0.3013574456659507
uj0412,0.0001004303909355,0.0001012474147086,0.0619394073716852,0.0001047889237052,0.0003469491479618,0.0972524443418648,0.0089674485730023,0.0001005070289295,7.557507199751883e-05,0.0001220907155616,8.274609824432339e-05,0.0089832383309009,0.0001189926765298,0.0001526968214348,9.517832661565756e-05,0.000148810691476,6.454858370121917e-05,9.904753433310522e-05,9.606290386104592e-05,0.0001456866478914,7.911066702939135e-05,8.986585299281757e-05,4.714185372816821e-05,0.0001221743484977,0.000102671272823,0.0001320856708765,0.4012094470800932,0.0001132360770255,0.0001164210110606,0.0001247751025139,9.709405142880368e-05,4.975566750731704e-05,8.82351863245344e-05,0.0001175993144411,0.0001246839595417,0.000104266959453,8.345248304161955e-05,0.0001094063726855,0.0001993377354514,2.958277417488173e-05,5.521175943786106e-05,0.0001229085762102,0.009041385627153,0.0001356667514801,0.0001080088930178,5.369039654132441e-06,0.2743946706450887,7.024304242604447e-05,9.803110768075884e-05,9.60636158990854e-05,7.948197809775719e-05,0.0001611130467187,7.846514391199318e-05,0.000119259813903,9.207124599151796e-05,0.035485585502906,9.791437949226222e-05,9.891669348978993e-05,0.0002089768829522,0.0972124152184564
uj0413,0.0001274314707081,0.0001284681543258,0.0001763892616038,0.0001329618110343,0.000440227701733,0.0001745200483956,0.0001761435902914,0.0001275287131085,9.589370790854862e-05,0.0001549152532306,0.0001049926909216,0.0001961784826422,0.0001509842950171,0.000193749923172,0.0001207673695898,0.0001888189928888,8.190270770179917e-05,0.0001256768280248,0.0001218897686792,0.0001848550387029,0.0001003798606611,0.0001140266179055,5.981611439053476e-05,0.000155021371189,0.0001302748219282,0.000167597389022,0.4082559532702203,0.0001436800125755,0.0001477212278333,0.0001583213474824,0.000123198144061,6.313266161225973e-05,0.0001119575405093,0.0001492163224089,0.0001582057003872,0.0001322995147742,0.0001058889898682,0.0001388206781462,0.3251177887669917,3.753621175437051e-05,7.005564391424093e-05,0.0001559529987209,0.0002699588932338,0.0001721412563095,0.0001370474809328,6.812525701063098e-06,0.1129197200980721,8.912814258691065e-05,0.0001243871313308,0.0001218906721513,0.0001008510000751,0.145833503313702,9.956078628077168e-05,0.000151323253255,0.0001168249389187,0.0002170696268086,0.0001242390203397,0.0001255108101398,0.0002651610861068,0.0001237289480169
uj0414,7.097827539419021e-05,7.155569959642588e-05,9.824736006830386e-05,0.1061464611774986,0.0002452031894171,9.720622376872443e-05,9.81105231788213e-05,7.103243860706527e-05,5.341200231527299e-05,8.628651498299243e-05,5.848006060980935e-05,0.0001092697925403,8.409700376498866e-05,0.0001079171049983,6.726642617986801e-05,0.0001051706176068,4.561913089821865e-05,0.1872565936861807,6.789159319102575e-05,0.000102962727905,5.591075230037975e-05,6.351188323411637e-05,3.3317081068184046e-05,8.634562180827216e-05,7.256199851076044e-05,9.335035974431612e-05,0.6017683753771564,8.002857884754088e-05,8.227950232747687e-05,8.818368131465308e-05,6.862034745907691e-05,3.516437044460929e-05,6.235942423461135e-05,8.311225764242737e-05,8.81192668389607e-05,7.368973568285866e-05,5.8979291711169e-05,7.732196975451928e-05,0.0001408801514314,2.09073595427452e-05,3.902041433744378e-05,8.68645306395032e-05,0.0001503648711152,9.588125624811546e-05,7.63343135700463e-05,3.794520479540254e-06,0.1003326688552533,4.9643638378735255e-05,6.928260353606237e-05,6.789209641750517e-05,5.617317305790008e-05,0.0001138651965114,5.545453464382012e-05,8.428580070049528e-05,6.507052489781918e-05,0.0001209059870824,6.920010693884519e-05,6.99084833405023e-05,0.0001476925322208,6.891600087305204e-05
uj0416,4.638005570135979e-05,4.675736786503622e-05,6.419877078124198e-05,4.839288260314519e-05,0.0001602256115714,6.351845051001777e-05,6.410935606214722e-05,4.641544811990136e-05,3.49015473924334e-05,5.63830742429532e-05,3.821322022039246e-05,7.140127083045504e-05,5.495235968014094e-05,7.051737046520089e-05,4.395458435313084e-05,6.87227053018689e-05,2.9809372238990613e-05,4.574143460616271e-05,4.436309358555609e-05,6.727998149965315e-05,3.653433098501009e-05,0.0041186757916307,2.1770718817374635e-05,5.642169701638042e-05,4.741492398963706e-05,6.099887410109921e-05,0.4217598461284845,0.0041294684638715,5.37647312481884e-05,0.0285978447938879,4.483929089180373e-05,2.2977811884926764e-05,4.0748152211975815e-05,5.430888701526651e-05,5.758066791079733e-05,4.815183274894302e-05,3.853943787164308e-05,5.052528036553284e-05,0.371114943203467,1.3661708385778136e-05,2.549750582709869e-05,5.676077288660638e-05,9.825444559090188e-05,6.26526635200261e-05,4.987990614933431e-05,2.479492073083432e-06,0.155259235972069,3.243914705502084e-05,4.527203560937493e-05,0.0122758871516875,3.670580724705494e-05,7.440409234115897e-05,3.6236220046054935e-05,5.507572718007543e-05,4.251969426584015e-05,7.900482766550248e-05,4.521812901960706e-05,4.568101060955725e-05,9.650823203345676e-05,4.5032482706233e-05
uj0418,4.855782157300391e-05,4.895285035087118e-05,6.721321071441337e-05,5.066516034343518e-05,0.000167748971847,6.650094614631295e-05,6.711959754577553e-05,4.8594875835198944e-05,3.654034229316016e-05,0.0043276479906632,4.000751403015931e-05,7.475390265582012e-05,5.753263630266804e-05,7.3828498932705e-05,4.601846272194756e-05,7.19495656397938e-05,0.0042998265260071,4.788921415707044e-05,4.644615342043993e-05,7.043909904143084e-05,3.82497928998213e-05,4.3449896136813095e-05,2.2792958392655027e-05,5.9070966068011065e-05,4.964128188657689e-05,6.386306355100958e-05,0.3135049681800601,0.0171292191796303,5.628924302463695e-05,6.032842357956274e-05,4.694471047218664e-05,0.0341729964174075,4.26614732263186e-05,5.685894951261181e-05,6.02843561997903e-05,5.041279204345049e-05,4.034904916339391e-05,5.28976843993659e-05,0.3458543935866604,1.4303191062350896e-05,2.669473591150919e-05,5.942596317521938e-05,0.0043714854235464,6.559450630822946e-05,5.222200677103854e-05,2.595916107813837e-06,0.273533455097273,3.396232045991173e-05,4.739777462799071e-05,4.644649768890043e-05,3.8429320794095376e-05,7.789772102618193e-05,3.7937684223713765e-05,5.766179649791013e-05,4.451619766896509e-05,8.271448292104828e-05,4.734133686550909e-05,4.782595296426835e-05,0.0001010397560016,4.714697356809202e-05
uj0419,0.0587380447660307,0.000223689354054,0.0003071298112538,0.0002315137302329,0.0007665265431273,0.0198092619585525,0.00030670204721,0.0002220535945914,0.0001669705748671,0.468399023089867,0.0001828137668505,0.0003415868959262,0.0002628945640412,0.0003373582767635,0.0002102807114815,0.0003287725177813,0.0001426093795558,0.0002188290835807,0.0002122350380507,0.000321870462124,0.0001747818851228,0.0001985436829703,0.0001041520994852,0.0002699239400441,0.0002268351321737,0.0002918213613965,0.0476740322270484,0.0002501763131271,0.0002572128961259,0.0002756698742746,0.0002145131874141,0.000109926887094,0.0001949409956843,0.0002598161618272,0.0002754685090089,0.0002303605368723,0.0001843744067885,0.0002417152171821,0.0004404036331202,6.53582283098115e-05,0.000121981216413,0.000271546094281,0.0004700536935826,0.0002997331644717,0.0002386277178609,1.1862001766459498e-05,0.3916702156072377,0.000155190340734,0.000216583457636,0.0002122366111806,0.0001756022352845,0.0003559525292956,0.0001733557089624,0.000263484759718,0.0002034161326692,0.0003779626543276,0.0002163255660823,0.0002185400124592,0.0004616997292655,0.0002154374257567
uj0421,2.8138614657851032e-05,2.8367528604133767e-05,3.894916565328988e-05,2.9359789572495105e-05,0.0075180302042736,3.853641776701812e-05,3.889491806157615e-05,2.8160087112165515e-05,2.1174644536048195e-05,3.42074103912935e-05,2.31838246495616e-05,4.331889678864981e-05,3.333940096009375e-05,4.278263758417689e-05,2.666708982676999e-05,4.169382061948774e-05,1.808524000114141e-05,2.7751165513205035e-05,2.691493092358548e-05,4.081852522550079e-05,2.2165248528139348e-05,2.5178639500524027e-05,1.3208217591868283e-05,0.4180738643295532,2.876646556370085e-05,3.700779973067771e-05,0.4265591005834205,3.172651532176739e-05,3.261887101897855e-05,3.495952266863431e-05,2.7203838133785665e-05,1.3940556658097926e-05,2.4721758863231188e-05,3.2949008385398515e-05,3.49339862055429e-05,2.921354548420853e-05,2.3381739737077564e-05,3.065350770253458e-05,5.585050174934851e-05,8.288509835146068e-06,1.546924600144468e-05,0.0049816511562912,5.961062230509828e-05,3.801114788282429e-05,3.026196146342149e-05,1.504299012509495e-06,0.141193764339864,1.9680715018715105e-05,2.746638281314877e-05,2.691513042259995e-05,2.226928256578082e-05,4.514069790764946e-05,2.19843856828991e-05,3.3414247583054084e-05,2.579654711973613e-05,4.793194764801297e-05,2.743367787707099e-05,2.7714506489604115e-05,5.855120075718879e-05,2.7321046919740545e-05
uj0424,6.603400335704043e-05,6.657120479645422e-05,9.140355226356732e-05,6.889978297674325e-05,0.0002281225930498,9.04349404239622e-05,9.127624728793533e-05,6.6084393617454e-05,4.969137839155901e-05,8.027588707122389e-05,5.440640107387236e-05,0.0001016581736786,7.823889490260642e-05,0.0001003997129285,6.258071765633654e-05,9.784454296106986e-05,4.244135020396414e-05,6.512476107808206e-05,6.316233619079984e-05,9.579045253452464e-05,5.20160680798978e-05,5.908771222464624e-05,3.099624823067109e-05,8.033087657719975e-05,6.750740598644247e-05,8.68476718334251e-05,0.2696042038978338,7.445387218735172e-05,7.654799870430428e-05,8.204089879090843e-05,6.384032620275337e-05,3.2714857371381125e-05,5.801553230734729e-05,7.732274515957719e-05,8.198097135986719e-05,6.855658617283916e-05,5.4870856261604645e-05,7.193580263801165e-05,0.0001310665882046,1.945097485906925e-05,3.630229330089894e-05,8.081363876482981e-05,0.0001398906122875,8.92022687477633e-05,7.101694554492385e-05,3.530198172507718e-06,0.4764678179134874,4.6185514724769344e-05,6.44564502177144e-05,6.31628043630518e-05,5.2260208883359365e-05,0.0001059334666406,5.159163006562525e-05,0.0116882393065199,6.053778054881687e-05,0.0001124838031432,6.437970024672215e-05,6.503873189302928e-05,0.0001374044257107,0.2380655230893063
uj0425,0.0001596166036808,0.0001609151205795,0.0002209395740826,0.0001665437319259,0.0005514152054147,0.0002185982571207,0.000220631854017,0.000159738406416,0.0001201134059401,0.0001940419147767,0.0001315105024142,0.0002457269224046,0.0001891181216527,0.0002426849861206,0.0001512693627585,0.0002365086598143,0.0001025887244569,0.0001574187941113,0.0001526752441285,0.0002315435369856,0.0001257326180703,0.0001428261117771,7.492376075818128e-05,0.0001941748347533,0.0001631780949066,0.0002099271543584,0.6937787538683249,0.0001799690099837,0.0001850309075717,0.0001983082800102,0.0001543140734821,7.907796223240899e-05,0.0001402344512957,0.0001869036154436,0.0001981634241402,0.0001657141607134,0.0001326331779429,0.0001738823623649,0.0003168125905094,4.701666395264738e-05,8.774946948445544e-05,0.0001953417617433,0.0003381419160586,0.0002156186578777,0.0001716613119816,8.533152829903327e-06,0.1274080819870711,0.0001116390741866,0.014187368193461,0.0001526763757889,0.0001263227523024,0.0002560611094544,0.1544719198276863,0.0001895426899514,0.0001463311995992,0.0002718945045593,0.0001556178419746,0.0001572108453934,0.0003321323355799,0.0001549789416202
uj0426,0.000198637292314,0.0002002532512735,0.000274951588674,0.0002072578616433,0.0006862169775484,0.0002720379014319,0.0002745686417925,0.0001987888715668,0.0001494769414733,0.0002414783904547,0.0001636602302519,0.0003057985785284,0.0002353509017629,0.0003020129949931,0.0001882494423231,0.0002943267724722,0.000127668087017,0.0001959021950131,0.0001899990126198,0.0002881478504054,0.0001564698548466,0.0001777421111647,9.324000526131056e-05,0.0002416438047264,0.0002030694438407,0.0002612470166846,0.1998353221347757,0.0002239651516148,0.0002302645064917,0.5241005687856131,0.0001920384785516,9.840976400531812e-05,0.0001745168801501,0.0002325950260768,0.0002466074650078,0.0002062254892231,0.0001650573607634,0.0002163905310904,0.0003942622114404,5.8510597305213645e-05,0.000109201152126,0.0002430960046371,0.0004208058126464,0.0002683298941686,0.0002136265114078,1.0619210871217177e-05,0.2633256674241803,0.0001389309313787,0.0001938918449968,0.0001900004209316,0.0001572042563015,0.0003186591136263,0.000155193100241,0.0002358792621924,0.000182104070624,0.0003383632212144,0.0001936609729362,0.0001956434100916,0.0004133270994882,0.0001928658837441
uj0427,3.007270423580401e-05,3.031735243493241e-05,4.1626311499877376e-05,3.137781582266843e-05,0.0001038898585808,4.1185193653148536e-05,4.156833523484271e-05,3.009565258545334e-05,2.263007010734949e-05,3.655863474014755e-05,2.4777349923532235e-05,4.629639329393606e-05,3.56309632390534e-05,4.5723274657999885e-05,2.8500035092037378e-05,4.455961855963945e-05,1.932831733903823e-05,2.9658624023432807e-05,2.8764911387215257e-05,4.362416029979272e-05,2.3688762627617257e-05,2.690927709008323e-05,1.4116075931676066e-05,3.658367764327647e-05,3.0743710069793606e-05,3.955150703938503e-05,0.2232390047112432,3.390721694388775e-05,3.4860908135926534e-05,3.736244297106473e-05,2.9073676448664977e-05,1.4898751852535735e-05,2.642099305608088e-05,3.5213737281861935e-05,3.733515127560942e-05,3.122151974104701e-05,0.3727766927067716,3.2760456836174024e-05,5.9689350060479584e-05,8.858215226965845e-06,1.653251467454679e-05,3.680353353186059e-05,6.370792008387907e-05,4.0623819681351786e-05,3.2341997918183045e-05,1.607696037473117e-06,0.402043391904281,2.10334563056334e-05,2.93542669676786e-05,2.876512459866616e-05,2.379994737791468e-05,4.824341474095131e-05,2.349546829105196e-05,3.5710954396496785e-05,2.7569656192024227e-05,5.122651923670857e-05,2.9319314078857416e-05,2.96194452654261e-05,6.257567987736163e-05,2.919894150512629e-05
uj0428,0.0002691295615087,0.0002713189909009,0.0003725262242246,0.0239394313877562,0.0009297411987245,0.0003685785296065,0.0003720073774105,0.0002693349331052,0.0002025232183028,0.0003271740798508,0.0002217398630991,0.0004143201731688,0.000318872072078,0.0004091911642851,0.0002550552782736,0.0003987772602663,0.0001729748521905,0.0002654238347104,0.0002574257349049,0.0003904055664769,0.0002119977720881,0.0002408191124744,0.0001263289558507,0.0003273981962284,0.0002751345919994,0.0003539581829108,0.1524596373742092,0.2605482877001082,0.0003119806202612,0.0003343675984325,0.00026018896514,0.0001333333551136,0.0002364493136385,0.000315138193075,0.0003341233569445,0.0002794106526523,0.0002236328063505,0.000293183057766,0.0478514217109535,7.927479887044419e-05,0.0001479543838196,0.0003293657518704,0.0005701410974672,0.0003635546272103,0.0002894381446306,1.4387749309535136e-05,0.4750676138071837,0.0001882346472123,0.0002627000530273,0.0002574276429975,0.0002129927974393,0.0004317446463447,0.0002102679236636,0.0003195879367026,0.0002467290411839,0.0004584413344305,0.0239210092442957,0.0002650732123693,0.0005600083435947,0.0002613099993328
uj0429,4.304548083930787e-05,4.339566548799719e-05,5.958308837240247e-05,4.491359204623569e-05,0.0001487059122411,5.8951680911658185e-05,5.9500102280226805e-05,4.307832865829277e-05,3.2392239871741696e-05,5.232931494550055e-05,3.5465814215417806e-05,6.626775213951444e-05,5.100146409735575e-05,6.544740133007612e-05,4.079439297691406e-05,6.378176674355026e-05,2.7666175517500428e-05,4.2452774519723225e-05,4.1173531726773865e-05,6.24427700811795e-05,3.3907631644911464e-05,3.851741307659742e-05,2.0205475080612806e-05,5.236516086738187e-05,4.400594547007674e-05,5.6613253835769686e-05,0.0470891376144135,4.853412735442193e-05,4.989922227942857e-05,5.3479870330580575e-05,4.161549199852946e-05,2.1325782090271123e-05,3.781849285761812e-05,5.040425502014331e-05,5.344080553133333e-05,4.468987289101973e-05,3.576857788061842e-05,4.689267735854482e-05,8.543816858611886e-05,1.2679476073483522e-05,2.366431824915508e-05,5.267985828751575e-05,9.119027114355073e-05,5.814814118482865e-05,4.629370344535173e-05,2.301224673173461e-06,0.3824910605582758,3.010687809414276e-05,4.201712378113159e-05,4.117383691347582e-05,3.406677932252047e-05,6.905468056916439e-05,3.3630953910986146e-05,5.111596187607376e-05,3.946266681089368e-05,7.332463801651927e-05,4.196709289949775e-05,4.239669481156456e-05,8.95696046503421e-05,0.5676476464494408
uj0433,5.259929436763382e-05,5.302720143384124e-05,7.280737358544814e-05,5.488202717416208e-05,0.0001817107371009,7.203582715952737e-05,7.270596898255701e-05,5.263943266011965e-05,3.958159897437778e-05,6.394364721235766e-05,0.0832734465972287,8.097567814098465e-05,6.232108390777724e-05,7.997325296489114e-05,4.9848584401970366e-05,7.793793584873103e-05,3.380659901335714e-05,5.187503868342456e-05,5.031187184402495e-05,7.630175295036265e-05,4.143332734179468e-05,4.706623573933045e-05,2.46900188098847e-05,6.398744902755758e-05,5.377293120147724e-05,6.917839330761916e-05,0.1777616973848355,5.9306129280365016e-05,6.097420287137063e-05,6.534956486517724e-05,5.08519238536576e-05,0.0092738488916006,4.621219230385759e-05,6.159132609258203e-05,6.530182975257183e-05,5.4608654232997566e-05,4.370730493353539e-05,5.730036445117884e-05,0.0001044009102016,1.5493647217143115e-05,2.8916541697915693e-05,0.180396275375025,0.0001114296744238,7.105394423468851e-05,5.656845010002569e-05,2.811974489079934e-06,0.337914729076206,3.678900810229035e-05,5.134269658864806e-05,5.031224476598702e-05,4.162779736232323e-05,8.438115685778465e-05,4.1095241826475774e-05,6.246099412018051e-05,4.822128566450055e-05,8.95988183714085e-05,5.128156150502909e-05,5.180651225463404e-05,0.0001094493059325,0.2081263441549163
uj0435,0.0002218842756669,0.000223689354054,0.0003071298112538,0.0002315137302329,0.0007665265431273,0.0003038751284312,0.00030670204721,0.0002220535945914,0.0001669705748671,0.0002697391669563,0.0001828137668505,0.0003415868959262,0.0002628945640412,0.0003373582767635,0.0002102807114815,0.0003287725177813,0.0001426093795558,0.0002188290835807,0.0002122350380507,0.000321870462124,0.0001747818851228,0.0001985436829703,0.0001041520994852,0.2148291790713782,0.0002268351321737,0.0002918213613965,0.5548140898102016,0.0002501763131271,0.0002572128961259,0.0002756698742746,0.0002145131874141,0.000109926887094,0.0001949409956843,0.0002598161618272,0.0002754685090089,0.0002303605368723,0.0001843744067885,0.0002417152171821,0.0004404036331202,6.53582283098115e-05,0.000121981216413,0.000271546094281,0.0004700536935826,0.0002997331644717,0.0002386277178609,1.1862001766459498e-05,0.1771109604759037,0.000155190340734,0.000216583457636,0.0002122366111806,0.0001756022352845,0.0003559525292956,0.0001733557089624,0.000263484759718,0.0002034161326692,0.0393887363145702,0.0002163255660823,0.0002185400124592,0.0004616997292655,0.0002154374257567
uj0438,6.042208482269939e-05,0.2231472843461513,8.363559540838394e-05,6.30443153473066e-05,0.000208735529674,8.274930132113242e-05,0.1116267044665353,6.046819265251677e-05,4.546834248254787e-05,7.345361800357635e-05,4.97826576227538e-05,9.301872490937524e-05,7.158974019308077e-05,9.186721480365028e-05,5.7262277588284615e-05,8.952919668169251e-05,3.883446000007509e-05,5.959011475711726e-05,5.779446710636944e-05,8.764967371357648e-05,4.7595467757321694e-05,5.406612621550497e-05,2.8362023269324825e-05,7.350393421076535e-05,6.177026991107515e-05,0.0053910471528686,0.2998076165909701,6.812638870853716e-05,7.004254528854377e-05,7.506862970085622e-05,5.841483794455264e-05,2.9934575923986447e-05,5.308506581306421e-05,7.075144969622413e-05,7.501379521956628e-05,6.273028522127819e-05,5.0207640954413496e-05,6.582231801518489e-05,0.0001199278569724,1.7797928235007893e-05,3.321713259190978e-05,7.394566871673585e-05,0.0001280019688619,8.162138859751461e-05,6.498155025318352e-05,3.230183277952931e-06,0.3563013612259202,4.226042563543156e-05,5.8978600485072734e-05,5.779489549086958e-05,4.781886018524519e-05,9.69306808844919e-05,4.720710072826712e-05,7.175045844649131e-05,5.539296007120827e-05,0.0001029243351785,5.890837313216851e-05,5.951139678679549e-05,0.0001257270715576,5.866652052711914e-05
uj0441,4.563579528413031e-05,4.6007052722254624e-05,6.316857357244764e-05,4.761632236723114e-05,0.0001576544723453,6.249917039567824e-05,6.308059369070124e-05,4.56706197607884e-05,3.4341482514730254e-05,5.5478295459785184e-05,3.760001295285402e-05,7.02554951556442e-05,5.4070539563178746e-05,6.938577873313624e-05,4.324924545702316e-05,6.761991254865518e-05,2.9331021459017537e-05,4.500742213701296e-05,4.36511993447605e-05,6.620034012482281e-05,3.594806484084704e-05,4.08352455069508e-05,2.142136425051649e-05,5.551629845384752e-05,4.66540570484963e-05,6.002002561110738e-05,0.3106864161133748,5.1454727814719455e-05,5.290196899605435e-05,5.669808692204289e-05,4.4119755116290855e-05,2.260908710437428e-05,4.009426690916609e-05,0.0161004301350489,5.665667135073313e-05,4.73791406382899e-05,3.792099579182259e-05,4.971450155820196e-05,0.0241610686283773,1.344247905046346e-05,2.5088347536143223e-05,5.584993317604486e-05,9.66777572156011e-05,0.0120968918334453,4.907948365736687e-05,2.4397036817819493e-06,0.2169557631086404,3.1918596297660915e-05,4.45455555825199e-05,4.365152289644542e-05,3.611678942455937e-05,7.321013041135928e-05,3.565473768596571e-05,0.0481951701544341,4.18373810405493e-05,7.773703776934359e-05,4.44925140314068e-05,4.4947967763842494e-05,9.495956513443892e-05,0.3691251429208207
uj0442,4.98341593494929e-05,5.0239571421660855e-05,6.897990364121497e-05,5.199688932145321e-05,0.0001721582378066,6.824891726588203e-05,6.888382985923744e-05,4.98721875794873e-05,3.750080175620426e-05,6.058214169749779e-05,4.1059107776458976e-05,7.671880196161287e-05,5.904487624085592e-05,7.576907408860691e-05,4.722805368969036e-05,7.38407532106773e-05,3.2029392457643275e-05,4.914797765046864e-05,4.766698619799741e-05,7.229058413973292e-05,3.925518511140404e-05,4.459197257326447e-05,2.339206916187992e-05,6.06236408595058e-05,5.094609831558247e-05,6.554169817447439e-05,0.3436495051532715,5.6188417211504295e-05,5.776880048736827e-05,6.191415052357034e-05,4.8178647774993935e-05,2.468905915829981e-05,4.3782826040665125e-05,5.835348165683744e-05,6.18689248368621e-05,5.1737887544421485e-05,0.4162190882396923,5.428809506237717e-05,9.891257397597576e-05,1.4679149095183398e-05,2.739640453612061e-05,6.098796903231377e-05,0.0001055718373841,6.731865174184346e-05,5.359465731109071e-05,2.6641495187385377e-06,0.2369150795605087,3.485501686135635e-05,4.864362067955347e-05,4.766733951552204e-05,3.943943187950673e-05,7.994525530237755e-05,3.89348726880776e-05,5.917743139969122e-05,4.5686301740976e-05,8.488862533096193e-05,4.858569945578916e-05,4.9083053643159146e-05,0.0001036955764922,4.838622733736612e-05
uj0444,0.0001219662898165,0.0001229585129609,0.0001688244174044,0.0001272594492476,0.0004213475616065,0.0001670353695451,0.0001685892822503,0.0108438631306618,9.178109383307764e-05,0.1609753279029576,0.0001004898468046,0.0216313724716654,0.0001445089990836,0.000185440528546,0.0001155879934361,0.0001807210721304,7.839012866131787e-05,0.0001202868988713,0.0001166622559544,0.0001769271209002,9.607484798771092e-05,0.000109136333819,5.725076782768102e-05,0.0001483729363015,0.0001246876976212,0.0001604096037529,0.0905364868672049,0.0001375179769741,0.0108631896446647,0.2038658029949155,0.0001179145187597,6.04250775753995e-05,0.0001071559933902,0.0001428168498969,0.096647654618595,0.0001266255570297,0.0001013477059856,0.0001328670458656,0.0002420829371163,3.592638816773745e-05,6.705115244643103e-05,0.0001492646089231,0.0002583811081181,0.0001647585972268,0.0001311698961424,6.5203554461135336e-06,0.3975656095362687,8.530568476649683e-05,0.0001190525136767,0.0001166631206791,9.652578154432152e-05,0.0001956614961492,9.52909014264521e-05,0.0001448334203467,0.0001118146426371,0.0002077601150373,0.0001189107547536,0.0001201280010311,0.0002537890655772,0.0001184225580122
uj0446,5.680160915495642e-05,5.726370299521741e-05,7.862417220076412e-05,5.926671630592615e-05,0.0001962281508175,7.779098462558968e-05,0.4245100127697623,5.684495421555728e-05,4.274389118144306e-05,6.90522962439914e-05,4.6799693676249136e-05,0.0100740685518056,6.730010150898628e-05,0.0050796742974908,5.3831136751349394e-05,8.416463041275653e-05,0.0150164427364072,5.6019490520147816e-05,5.433143761139622e-05,8.239772797392206e-05,4.4743559660871976e-05,5.082649794073186e-05,2.66625781833788e-05,6.909959751708213e-05,5.806901134213967e-05,7.470526184558781e-05,0.1620037400648578,6.404427314807248e-05,6.58456141222645e-05,7.057053685880564e-05,5.4914635989688136e-05,2.8140903890407724e-05,4.99042224234212e-05,6.651204116150757e-05,7.051898804542748e-05,5.89715027836869e-05,4.719921211678524e-05,6.187826177370134e-05,0.0001127418108549,1.6731480986453604e-05,3.122677061327078e-05,6.95148634059044e-05,0.0001203321240519,7.673065614013873e-05,6.108787259816352e-05,3.036631532850198e-06,0.3748983699149963,3.972819188066278e-05,5.544461802484621e-05,5.43318403272081e-05,4.4953566472393314e-05,9.112261959978394e-05,4.4378463483575854e-05,6.745118956629315e-05,5.207382825557246e-05,9.675713568146904e-05,0.0050486903410729,5.59454893102126e-05,0.0001181935380047,5.5151237817116e-05
uj0449,9.618450508755964e-05,9.696698762618388e-05,0.000133137550213,0.0001003587725921,0.0003322812126527,0.0001317266793635,0.0001329521189889,9.6257903064552e-05,7.237999204543416e-05,0.0001169290982808,7.924784951460537e-05,0.000148074334832,0.0001139620347431,0.0001462412727993,9.115448177892834e-05,0.000142519436378,6.181966952001935e-05,9.486011137886027e-05,9.200166183833844e-05,0.0001395274676794,7.57661130707798e-05,8.606660308560256e-05,4.514884217330097e-05,0.0001170091954754,9.833064942985375e-05,0.000126501497844,0.1813184222788907,0.0001084488064349,0.0001114990913243,0.0001194999976675,9.298921568088622e-05,4.765215200209279e-05,8.450487595310355e-05,0.0001126275796875,0.0001194127079379,9.985887537173104e-05,7.99243705506818e-05,0.000104781010132,0.0001909103534403,2.833210611470024e-05,5.287757726592712e-05,0.0001177123823144,0.0002037633435083,0.3129790098591793,0.0001034426115759,5.1420532880271e-06,0.4995447680356129,6.727338416840819e-05,9.388665609701796e-05,9.200234377361512e-05,7.612172625730223e-05,0.0001543016861472,7.514788067129287e-05,0.0001142178783756,8.817875889946975e-05,0.0001638428443782,9.377486281476824e-05,9.473480208112398e-05,0.0002001419876419,9.338986330359492e-05
uj0450,9.783903767102426e-05,9.863498020359416e-05,0.0001354277362956,0.0001020851094812,0.0003379969991269,0.0001339925961337,0.0001352391153477,9.791369821462632e-05,7.36250476302299e-05,0.0001189404721802,0.0860888813964284,0.0001506214583165,0.0001159223702419,0.0001487568645848,9.2722489641471e-05,0.0001449710064209,6.288307008985933e-05,9.649186219989462e-05,9.358424259919856e-05,0.0001419275709118,7.706941553809459e-05,8.754709101890965e-05,4.592547693805259e-05,0.000119021947179,0.0001000220992458,0.0001286775328493,0.373655593831758,0.0001103143052876,0.0001134170601224,0.0001215555952888,9.458878400132192e-05,4.8471847836550726e-05,8.595849959652477e-05,0.0001145649603521,0.1893396615802368,0.0001015766132017,8.129920192470221e-05,0.0001065834168215,0.0001941943272987,2.881946520317583e-05,5.3787159058145126e-05,0.0001197372299948,0.0002072684100556,0.0001321662126884,0.0001052219955964,5.2305051099001495e-06,0.2501129532696597,6.843059765102931e-05,0.0775029449794156,9.358493626488998e-05,7.743114585963452e-05,0.0001569559303748,7.644054851873647e-05,0.0001161826148081,8.969557940643012e-05,0.0173683152828733,9.538794556542248e-05,9.636439737496682e-05,0.0002035847608783,9.499632342584064e-05
uj0451,0.0001260197674699,0.0001270449665649,0.011252571786062,0.2549286303841239,0.000435350799123,0.000172586691462,0.0001741922475389,0.0001261159326057,9.48313843143321e-05,0.0001531990808956,0.0001038295675507,0.0001940051906157,0.0001493116703741,0.000191603535059,0.000119429492174,0.000186727230295,8.099537831888682e-05,0.0001242845629579,0.000120539457173,0.000182807189335,9.92678388539765e-05,0.0001127634154576,5.915346330510566e-05,0.0001533040232648,0.0001288316196568,0.0001657407222545,0.4037332380567058,0.0001420883057711,0.0001460847518943,0.00015656744197,0.0001218333381936,0.0111405698581547,0.0001107172595834,0.000147563283608,0.0001564530760291,0.0001308338826789,0.0001047159371752,0.0001372828037123,0.0002501284206459,3.712038047352981e-05,6.927955792214327e-05,0.0001542253300996,0.0002669682517412,0.0001702342519596,0.0001355292502198,6.737055610832073e-06,0.2999971020247048,8.814076884942763e-05,0.0001230091537,0.0001205403506363,9.973375892118492e-05,0.0112803007792788,9.845783829146586e-05,0.0001496468735863,0.0001155307362883,0.0002146648998336,0.0001228626835027,0.0001241203842417,0.0002622235953769,0.0001223582618307
uj0452,7.42199715651835e-05,7.482376769340682e-05,0.0001027344807989,7.744101028876935e-05,0.0002564020278763,0.0001016457940687,0.0001025913943405,7.427660850229053e-05,5.585141750856857e-05,9.022736397763592e-05,6.115094247479464e-05,0.0001142603261383,8.793785413199105e-05,0.0001128458591011,7.033859600891304e-05,0.0001099739350515,4.770263266175829e-05,7.319801419989591e-05,7.099231543973788e-05,0.000107665207346,5.846428957136747e-05,6.641257682732053e-05,3.483872770622347e-05,9.028917031016804e-05,7.5876025956843e-05,9.761382630592782e-05,0.4530899954914576,8.36836174657565e-05,8.603734437372146e-05,9.221117705858606e-05,7.175435313017733e-05,3.677038586823862e-05,6.520748310394862e-05,0.0979547663812872,9.214382066639812e-05,7.705526876573466e-05,6.167297429286277e-05,0.3263070475539398,0.0001473143828202,2.1862233509446915e-05,4.080254171438787e-05,9.083177857283713e-05,0.0001572322854648,0.0001002603130725,7.982062893402421e-05,3.967822555999104e-06,0.1179640768811819,5.191094610849864e-05,7.244685554630048e-05,7.099284164940959e-05,5.873869552238705e-05,0.0001190656098701,5.7987235693834654e-05,8.813527373830121e-05,6.80424042543448e-05,0.0001264279650848,7.236059119195149e-05,7.310132032486504e-05,0.0001544378963977,7.206350952847691e-05
uj0453,0.0001366137477741,0.0001377251312768,0.0001890992700697,0.0001425425855583,0.0004719490081496,0.0001870953677342,0.0001888358965205,0.0001367179971302,0.0001028034813735,0.0001660779179084,0.0001125581060627,0.0002103144348682,0.0001618637082559,0.0002077108816872,0.0001294694542629,0.0002024246453889,8.78043374200826e-05,0.1082196156482408,0.0001306727296017,0.0001981750621868,0.0001076128909896,0.0001222429870072,6.41262595398833e-05,0.0001661916823649,0.0001396619811834,0.0001796738851418,0.4737017788849653,0.000154033104139,0.0001583655155824,0.0001697294436926,0.0001320753820501,6.768178584050621e-05,0.0001200248189522,0.0001599683415728,0.0001696054634622,0.0121512640083463,0.0001135189892538,0.1562714323667929,0.0002711557214817,4.024094312427742e-05,7.510361463046041e-05,0.0001671904397987,0.0002894112101563,0.0001845451680053,0.000146922654892,7.303413063179949e-06,0.2411506443383545,9.55504124945362e-05,0.0001333500436866,0.0001306736981749,0.0001081179791026,0.0002191593293874,0.0001067347969035,0.0001622270906681,0.0001252429454865,0.0002327109236162,0.0001331912603227,0.0001345546909574,0.0002842676894147,0.0001326444339284
uj0454,5.259929436763382e-05,5.302720143384124e-05,7.280737358544814e-05,5.488202717416208e-05,0.0001817107371009,0.0278154055783044,0.2590108236463355,5.263943266011965e-05,3.958159897437778e-05,6.394364721235766e-05,4.33373437938478e-05,8.097567814098465e-05,6.232108390777724e-05,7.997325296489114e-05,4.9848584401970366e-05,7.793793584873103e-05,3.380659901335714e-05,5.187503868342456e-05,5.031187184402495e-05,7.630175295036265e-05,4.143332734179468e-05,4.706623573933045e-05,2.46900188098847e-05,6.398744902755758e-05,5.377293120147724e-05,6.917839330761916e-05,0.2979829663064636,5.9306129280365016e-05,6.097420287137063e-05,6.534956486517724e-05,5.08519238536576e-05,2.605897455237302e-05,4.621219230385759e-05,6.159132609258203e-05,6.530182975257183e-05,5.4608654232997566e-05,4.370730493353539e-05,5.730036445117884e-05,0.0001044009102016,1.5493647217143115e-05,2.8916541697915693e-05,6.437199258278349e-05,0.0001114296744238,7.105394423468851e-05,5.656845010002569e-05,2.811974489079934e-06,0.39802536353702,3.678900810229035e-05,5.134269658864806e-05,0.0139219971203384,4.162779736232323e-05,8.438115685778465e-05,4.1095241826475774e-05,6.246099412018051e-05,4.822128566450055e-05,8.95988183714085e-05,5.128156150502909e-05,5.180651225463404e-05,0.0001094493059325,5.107102132913313e-05
uj0455,0.0002058254551761,0.0002074998914539,0.000284901365856,0.0002147579803097,0.000711049370982,0.0002818822399112,0.0002845045611308,0.0002059825196847,0.0001548861201171,0.0002502168603464,0.0001695826649336,0.0003168646274049,0.0002438676339027,0.0003129420535258,0.0001950616961267,0.3078976941183221,0.0001322880603919,0.0002029913818742,0.0001968745787858,0.0002985751657043,0.0001621320886927,0.0001841741321997,9.66141166140658e-05,0.0002503882605269,0.0002104179946472,0.0002707008613343,0.2794415953627207,0.018325759065162,0.0002385971753211,0.0002557183341648,0.0001989878476431,0.0001019709553739,0.0001808321885299,0.0002410120303003,0.0002555315426613,0.0002136882490381,0.0001710303539357,0.0002242211371219,0.000408529527276,6.062794243052468e-05,0.0001131528555401,0.0002518930117454,0.0004360336718231,0.0002780400495859,0.0002213570948132,1.1003492273362737e-05,0.3814168682058083,0.0001439584775645,0.0002009082825611,0.0001968760380607,0.000162893066211,0.0003301905515529,0.0001608091316851,0.0002444151143109,0.0001886939395366,0.0003506076991384,0.0002006690558459,0.0002027232322048,0.0004282843236419,0.0001998451944603
uj0456,0.0001574079241874,0.0001586884729827,0.000217882343849,0.0001642391989577,0.0005437850502276,0.0002155734246367,0.0002175788818304,0.0001575280414889,0.0001184513481688,0.0001913568783323,0.00012969073841,0.0002423266996085,0.0001865012177249,0.0002393268558269,0.0001491761874133,0.0002332359938454,0.0001011691627902,0.1662040932724383,0.0001505626150343,0.0002283395754292,0.0001239928049883,0.0001408497691103,7.388701038173962e-05,0.0001914879590414,0.0001609201336189,0.0002070223074299,0.4489427819667779,0.0001774787060139,0.0001824705600779,0.0001955642081448,0.2907376710724644,7.798372849022813e-05,0.0001382939704829,0.0001843173545338,0.0001954213567039,0.0001634211068575,0.0001307978790234,0.0001714762817996,0.000312428726577,4.63660753602079e-05,8.653524458970961e-05,0.0001926387387908,0.000333462909623,0.0002126350553135,0.0001692859649886,8.415076143427463e-06,0.0841328716469025,0.0001100942791708,0.0001536474469737,0.0001505637310355,0.0001245747732945,0.000252517888333,0.0001229810549296,0.0001869199111004,0.0001443063556147,0.0002681321903468,0.0001534644949641,0.0001550354553503,0.0003275364861397,0.0001528344353322
uj0457,0.0001349925638336,0.0001360907586411,0.0001868552448175,0.0001408510445947,0.0004663484286675,0.0001848751226238,0.0001865949967002,0.0001350955760712,0.0001015835210419,0.0001641070851205,0.0119781389098807,0.0002078186510263,0.0001599428851422,0.0002052459939936,0.000127933051057,0.0002000224890202,8.67623706776958e-05,0.0001331338101591,0.0001291220472279,0.0001958233352672,0.0001063358577956,0.0001207923396851,6.33652785710896e-05,0.0001642194995437,0.0001380046241115,0.0001775417101457,0.4918142324618002,0.0001522052061507,0.0001564862052291,0.0001677152785531,0.0001305080545168,6.687861173791314e-05,0.0001186004944452,0.0001580700106172,0.0001675927695857,0.0001401494512625,0.0001121718688847,0.0001470575451412,0.0002679379391706,3.976340721147654e-05,7.421236630518035e-05,0.0001652064048064,0.000285976791485,0.0001823551859022,0.0001451791360113,7.216744070037404e-06,0.0602851819508954,9.441652372587185e-05,0.00013176758985,0.0001291230043072,0.0001068349520701,0.0002165585839207,0.0001054681839787,0.4273692967281208,0.0001237566979075,0.0002299493625121,0.0001316106907551,0.0001329579416722,0.0002808943084746,0.0001310703535039
uj0459,4.3539749167449e-05,4.389395479993205e-05,6.026724923902751e-05,4.5429310900309534e-05,0.0001504134230226,5.962859166273304e-05,6.018331026175824e-05,4.357297416044279e-05,3.2764182708340977e-05,5.293018459561407e-05,3.587304926905463e-05,6.702866943956603e-05,5.158708674346475e-05,6.619889897874586e-05,4.1262813262181705e-05,6.451413879746942e-05,2.798385147447584e-05,4.29402371169038e-05,4.164630546035647e-05,6.315976714964624e-05,3.4296974918062944e-05,3.89596880145116e-05,2.043748378844148e-05,5.296644211712289e-05,4.451124230197791e-05,0.003884752429092,0.1050421738307009,4.909141888694798e-05,5.047218846985555e-05,5.409395119533333e-05,4.209334052650084e-05,2.157065468675597e-05,3.825274246694023e-05,5.098302023252433e-05,0.0038815435532535,4.520302289719907e-05,3.617928940815454e-05,4.743112099509271e-05,8.641920956703267e-05,1.2825067743464896e-05,2.393604301072235e-05,5.32847530401074e-05,9.223736045425252e-05,5.8815825317228776e-05,4.682526938350011e-05,2.3276484103395683e-06,0.4175029145947123,3.0452579338756383e-05,4.249958403293192e-05,4.1646614151354766e-05,3.445795000368333e-05,6.984759868390577e-05,3.4017120241092395e-05,5.170289923918811e-05,3.991579559394583e-05,7.41665857782198e-05,4.244897867333341e-05,4.288351347532743e-05,9.059808471095649e-05,0.4669959467822763
uj0460,6.310352011443539e-05,6.361688141488934e-05,8.73472090978398e-05,6.584212102732664e-05,0.0002179988779605,8.642158269937481e-05,8.722555371300683e-05,6.315167413584745e-05,4.748615465416032e-05,7.671337185348803e-05,5.199193218614842e-05,9.7146746848641e-05,7.476677813282132e-05,9.594413456983908e-05,5.980348569887807e-05,0.0056408020334079,4.0557871098604265e-05,6.223462855066155e-05,6.035929293488628e-05,9.153942576523746e-05,4.970767833968841e-05,5.646549425034053e-05,2.9620684408915864e-05,7.676592101331511e-05,6.4511535496426e-05,8.299351133991355e-05,0.3630382952124065,7.114972865977579e-05,7.315092119796223e-05,7.840005518166842e-05,6.100719483665904e-05,3.126302443021166e-05,5.544089595949111e-05,7.389128564716217e-05,7.834278723397682e-05,6.551415474757113e-05,5.243577559698705e-05,6.874340700156624e-05,0.0001252500630679,1.85877717670405e-05,3.469125570241786e-05,7.722725898873493e-05,0.0001336824911035,8.524361501668066e-05,0.1775814549099515,3.37353363512274e-06,0.2223363534166678,4.413587559839045e-05,6.159597625523912e-05,6.035974033040399e-05,4.994098456555348e-05,0.0001012323091606,4.930207620428308e-05,7.493462880475045e-05,0.1276457437233871,0.0389385896734288,6.152263232495968e-05,6.215241720297067e-05,0.0001313066375026,0.0610815664657206
uj0461,0.0002972606731046,0.000299678955404,0.0004114650042209,0.0003101613535937,0.0010269235865306,0.0004071046717742,0.0004108919242799,0.0002974875114299,0.0002236922166949,0.0264929420841219,0.000244917505864,0.0004576275191271,0.0003522025832049,0.0004519623940305,0.0002817152574153,0.0004404599633762,0.0001910552698264,0.0002931676004736,0.0002843334890575,0.0004312132075872,0.0002341571103312,0.0002659910381799,0.0001395336515181,0.0003616199113858,0.0003038933870869,0.0003909561146428,0.0116062576543926,0.0003351638101054,0.0003445907935738,0.0003693177992683,0.0002873855494667,0.0001472701945717,0.0002611644805322,0.0003480784157241,0.0003690480281264,0.000308616408448,0.0002470083114295,0.183244816397972,0.0005900133302622,8.756109860379886e-05,0.0001634195050014,0.0003637931282976,0.000629735824811,0.0004015556395551,0.0003196920368492,1.5891647206040853e-05,0.7599087911221433,0.0002079101144381,0.0002901591120268,0.0002843355965959,0.0002352561419798,0.0004768733076452,0.0002322464472879,0.0003529932744949,0.0002725187097457,0.0005063605011944,0.0002898136120286,0.0002927803288839,0.0006185439318816,0.0002886237611922
uj0462,0.000106047937372,0.0001069106611463,0.1026937887566412,0.0001106502634795,0.0003663556536184,0.0001452348549348,0.0001465859597155,0.0001061288620913,7.980234297031101e-05,0.0001289198263293,8.737447860804334e-05,0.0001632589134017,0.0001256484993319,0.0001612378763598,0.0001005021002715,0.0001571343767851,6.815909106830402e-05,0.0001045877310639,0.000101436156103,0.0001538355906774,8.353570054285664e-05,0.1119643452206569,4.9778720417163794e-05,0.0001290081372507,0.0001084141623747,0.0001394738467347,0.0134629943195893,0.0001195699060095,0.0001229329884584,0.0001317543637311,0.0001025249806279,5.253873715483898e-05,9.31705973280576e-05,0.000124177199916,0.0001316581227018,0.0001100991032997,8.812037484569023e-05,0.0001155259882051,0.0002104876371396,3.1237478553704537e-05,5.830001409458328e-05,0.0001297834337894,0.0002246586627589,0.0001432552341021,0.0001140503408946,5.669355418071499e-06,0.6160287653076189,7.417206778374412e-05,0.0001035144508649,0.0001014369079687,8.392778079423074e-05,0.000170124860902,8.285407026651943e-05,0.1492852009066499,9.722122594286396e-05,0.0001806444362704,0.0001033911935171,0.0001044495716738,0.0002206659477184,0.0001029667134617
uj0464,9.303782426554283e-05,9.379470784937067e-05,0.0001287819486994,9.707553040309233e-05,0.0003214106164125,0.0001274172345592,0.0001286025838669,9.310882102410228e-05,7.001207704020787e-05,0.0001131037570705,7.665525221396246e-05,0.0001432300756737,0.0001102337611627,0.0001414569823558,8.817235841723386e-05,0.0001378569059963,5.979723598641665e-05,9.17567581622636e-05,8.8991822939268e-05,0.0001349628197011,7.3287420949408e-05,8.325092992599065e-05,4.367179557755605e-05,0.0001131812338815,9.51137573899591e-05,0.0001223629951105,0.1426715319019405,0.0001049008983902,0.0001078513930591,0.0001155905493572,8.994706890920965e-05,4.609320950198516e-05,0.0409755518701447,0.00010894296287,0.0001155061153154,9.6591987344867e-05,7.730964083101803e-05,0.000101353094224,0.0001846647118232,2.7405219867509866e-05,5.1147684720907154e-05,0.0001138614159285,0.032912146475985,0.0001256804764504,0.0001000584814426,4.973830761410222e-06,0.7776375796842768,6.507253209143183e-05,9.081514951791948e-05,8.899248256499853e-05,7.363140023301574e-05,0.000149253698884,7.26894140533246e-05,0.0001104812348581,8.529398645836176e-05,0.0001584827176535,9.07070135584055e-05,9.163554836437551e-05,0.0001935943326571,9.03346093252054e-05
uj0465,0.0001145943415572,0.0001155265922478,0.0001586202464661,0.0001195675691653,0.0003958802588954,0.0001569393331435,0.0001583993234701,0.0001146817880003,8.623361447685444e-05,0.0001393094762423,9.44159885907772e-05,0.0001764159506373,0.0001357745129741,0.0001742320382028,0.000108601565397,0.1613498150442263,7.365203280389394e-05,0.0001130164572101,0.0001096108967961,0.0001662332022536,9.026784336829083e-05,0.000102539860258,5.379038792384589e-05,0.0001394049041417,0.0001171512606532,0.000150714045243,0.0447692303738812,0.0001292060457635,0.0001328401590559,0.0001423724490377,0.0001107874696987,5.677283443415565e-05,0.0001006792165683,0.0001341846415255,0.000142268451943,0.0001189719909818,9.522199661263326e-05,0.0001248362285885,0.0002274508376276,3.375490721909399e-05,6.299841273204012e-05,0.0001402426818351,0.0002427639063235,0.0001548001746508,0.0001232416588485,6.126248819989229e-06,0.766412039557825,8.014959536456298e-05,0.0001118566813506,0.0001096117092546,9.069152137049637e-05,0.0203313373757388,8.953128050211931e-05,0.0001360793254028,0.000105056285378,0.0001952025729436,0.0001117234906921,0.0001128671635536,0.0002384494183435,0.0001112648017854
uj0471,9.700471687953686e-05,9.779387202519496e-05,0.0001342728784921,0.0001012145803819,0.000335114735252,0.0001328499764645,0.0939364057254893,9.7078740756576e-05,7.299721124227712e-05,0.0001179262092515,7.992363425354584e-05,0.0001493370362973,0.0001149338441281,0.0001474883428582,9.193180012951492e-05,0.0001437347685377,6.234683573946703e-05,9.566902942517536e-05,9.278620450300787e-05,0.0001407172858751,7.641220735921389e-05,8.6800534633953e-05,4.553384818555781e-05,0.0001180069894736,9.916916243256374e-05,0.0001275802372952,0.4557440881103888,0.0001093736018558,0.0001124498979996,0.0001205190319406,9.37821796947754e-05,4.805850494791942e-05,8.52254898989071e-05,0.0001135880095289,0.1621426198460473,0.0001007104202961,8.060592431167843e-05,0.00010567452848,0.0001925383383529,2.8573707685615145e-05,5.33284899401174e-05,0.0001187161727269,0.0002055009320832,0.0171860064146528,0.0001043247167521,5.185902063232375e-06,0.2650350864037839,6.784705685020773e-05,9.468727301935884e-05,9.278689225347648e-05,7.677085303136073e-05,0.0001556174912489,7.578870299306476e-05,0.000115191869463,8.893070182193342e-05,0.0001652400115505,9.45745264217255e-05,9.554265155445476e-05,0.0002018486951639,9.418624383352558e-05
uj0475,1.7822513931074448e-05,1.7967504082375406e-05,2.4669730756123145e-05,1.859598509137018e-05,6.157006823652457e-05,2.4408303353155835e-05,0.0094250769518848,1.7836114213846273e-05,1.341165518693981e-05,2.1666384633996385e-05,0.3415640616644311,2.743744320330549e-05,2.1116602408824005e-05,2.7097785858457544e-05,1.6890475445144706e-05,2.6408147944241746e-05,1.1454879559155378e-05,1.7577110315366967e-05,1.7047453727636464e-05,2.58537509157162e-05,1.4039086695700903e-05,1.594771664206236e-05,8.3658575554662e-06,2.16812262487175e-05,1.822018388221485e-05,0.0391919466889272,0.044564590325642,2.00950284220506e-05,0.0031541407580258,2.2142759597854057e-05,1.7230442579120094e-05,8.829708507933264e-06,1.565833631463683e-05,2.086933447521404e-05,2.212658524191184e-05,1.8503356604413112e-05,1.4809591277463663e-05,1.9415403874983925e-05,3.537474597057085e-05,5.249799387814638e-06,9.797954011465215e-06,2.1811523298374043e-05,3.775634157512459e-05,2.407560645451849e-05,1.9167405230199688e-05,9.527970880212315e-07,0.4999156477644733,1.2465425958583555e-05,1.7396733857577646e-05,1.704758008687653e-05,1.4104980063505836e-05,2.8591340657669304e-05,1.392453128428129e-05,2.116400897082517e-05,1.6339088686686173e-05,3.03592701733058e-05,1.737601911429875e-05,1.75538911211468e-05,3.708532221165962e-05,0.0611201749546299
uj0476,7.279511123959078e-05,7.338731580923883e-05,0.0001007622045682,7.595431309922142e-05,0.0002514796724884,9.96944182304555e-05,0.0001006218650553,7.285066087198796e-05,5.477919304852302e-05,0.012887029926791,5.997697878325084e-05,0.0001120667790098,8.624964061172055e-05,0.0001106794666308,6.898824956310533e-05,0.0001078626772108,4.67868469605152e-05,7.179277320955132e-05,6.962941901767163e-05,0.0001055982720029,5.734190371056118e-05,6.513760132078155e-05,3.416990070648352e-05,8.85558166872465e-05,7.441937302678091e-05,9.573985538678694e-05,0.361201187682574,8.207707593906895e-05,8.438561646366953e-05,9.044092513048346e-05,7.037682725934121e-05,3.606447527738943e-05,6.395564274821666e-05,8.52396878742598e-05,9.037486183298256e-05,7.55759769656057e-05,6.048898873778849e-05,7.93011855850928e-05,0.0001444862704531,2.1442526677181463e-05,4.001922259358877e-05,8.908800806387385e-05,0.0001542137711655,9.833553542418956e-05,0.1152651008173117,3.891649083821608e-06,0.2884796447324396,5.0914370038552e-05,7.105603515112944e-05,6.96299351252742e-05,5.7611041670439446e-05,0.0001167798118555,5.687400821895782e-05,8.644327019549913e-05,6.673613964341308e-05,0.2176990912341714,7.097142688278309e-05,7.169793564439709e-05,0.0001514730282267,7.068004853428989e-05
uj0477,2.5837765211850244e-05,2.60479612314372e-05,3.5764354769554315e-05,2.6959086609894665e-05,8.925974042299517e-05,3.538535661677206e-05,3.57145429165171e-05,2.585748189797164e-05,1.944322777149057e-05,3.141032523962739e-05,2.12881204455794e-05,3.977677998974332e-05,3.061329154917337e-05,3.928436984139941e-05,2.448656460900637e-05,3.828458369576312e-05,1.6606438896560117e-05,2.548199716311646e-05,2.471414013634597e-05,3.748085980402779e-05,2.03528316619732e-05,2.311982248162468e-05,1.2128202797308068e-05,3.143184151718576e-05,2.6414277754868027e-05,3.398173122860665e-05,0.2735701378221797,2.9132288985850144e-05,2.9951678187143527e-05,3.2100938500840655e-05,2.497942386676161e-05,1.2800659671208491e-05,2.270030024217715e-05,3.025482074995046e-05,3.207749011342999e-05,2.6824800666442387e-05,2.1469852333424617e-05,2.814701948081685e-05,0.0045939724803531,7.610771663091212e-06,1.4204350535720562e-05,3.1620736562511143e-05,5.473635720803602e-05,3.4903037209591536e-05,2.7787489350467503e-05,1.381294891957089e-06,0.3431549492840121,1.807145447769996e-05,0.0022965648930213,2.47143233226456e-05,2.044835900300636e-05,4.144961534954188e-05,0.3747920114926501,3.068201808366924e-05,2.36872047846252e-05,4.4012629069871855e-05,2.519046998241327e-05,2.5448335689152176e-05,5.376356286303713e-05,2.5087048678042905e-05
uj0478,6.680965170603014e-05,6.73531632188663e-05,9.247719630755622e-05,6.970909333496434e-05,0.0002308021657498,9.149720696339272e-05,9.234839598272308e-05,6.686063386032123e-05,5.027506306383363e-05,8.12188233783536e-05,5.504546932692447e-05,0.0001028522705161,7.915790430038384e-05,0.0001015790276393,6.331580303449047e-05,9.899384414450802e-05,4.2939874623824086e-05,6.58897292890118e-05,0.0059370022752815,9.691562596912087e-05,5.262705901299268e-05,5.978176807621743e-05,3.1360336239011295e-05,8.127445880184701e-05,6.83003612115686e-05,8.786780161272938e-05,0.0495933028985784,7.532842196628546e-05,7.74471465038467e-05,8.300456727171718e-05,6.459020718983197e-05,3.30991324996108e-05,5.869699412341564e-05,7.82309932828675e-05,8.294393592132252e-05,6.936186527412e-05,5.551538009634542e-05,7.278077467836688e-05,0.0001326061220444,1.967944982300719e-05,3.672870715485135e-05,8.17628916087755e-05,0.0001415337948441,9.025005608402756e-05,0.1116607135407476,3.571664572315509e-06,0.6523843449465783,4.6728018835110965e-05,0.0059383115902255,6.39047270457773e-05,5.2874067542194e-05,0.0001071777819074,0.1703720402707771,7.93356130068058e-05,6.12488691872007e-05,0.0001138050599467,6.513591682706216e-05,6.580268958828589e-05,0.0001390184050324,6.486849658899923e-05
uj0481,9.15404491144976e-05,9.228515121536833e-05,0.0001267092982327,9.551317135022736e-05,0.0003162377496338,0.0001253665481599,0.0001265328201448,9.161030323259966e-05,6.888528430552545e-05,0.0001112834355329,7.542154247527929e-05,0.0001409248932612,0.0001084596300921,0.0001391803365723,8.675328934994572e-05,0.0001356382007862,5.88348435833904e-05,9.028000082515628e-05,0.0081346907339738,0.0001327906926751,7.21079139706052e-05,8.191106761991612e-05,4.2968930242778674e-05,0.0001113596654117,9.358297162661426e-05,0.0001203936529668,0.2932708310462086,0.000103212595812,0.0001061156044457,0.0001137302047321,8.849943718569043e-05,4.53513732962802e-05,8.042474502592747e-05,0.0001071896062457,0.0001136471295939,9.503741056083264e-05,7.606539919026125e-05,9.972189093686626e-05,0.0001816926695067,2.6964153069543705e-05,5.0324500465050174e-05,0.0001120289004304,0.0001939250813927,0.2415375928052588,9.844811399321334e-05,4.8937806243134704e-06,0.4351896985533595,6.402523768898319e-05,8.935354667735353e-05,8.756021420452691e-05,7.244635716138387e-05,0.0001468515706993,7.151953155438703e-05,0.0001087031208809,8.392124266448478e-05,0.0001559320552196,8.92471510863401e-05,0.0161844230793673,0.0001904785746803,8.888074042456476e-05
uj0482,0.0001716598879126,0.0001730563796318,0.0002376097576811,0.000179109677162,0.0005930202132612,0.0002350917852523,0.0002372788197289,0.0001717908808256,0.0001291761215626,0.0002086826343426,0.0001414331440663,0.0002642673442761,0.0002033873345036,0.000260995889869,0.000162682836603,0.0002543535515596,0.0001103291796422,0.0001692962506991,0.0001641947935852,0.0002490138036349,0.0001352193106932,0.0001536025311483,8.057685777766243e-05,0.0002088255833075,0.0605365500587925,0.0002257664362978,0.051973090525359,0.000193547910237,0.0001989917347047,0.0002132709024857,0.0001659572747849,8.504449925723207e-05,0.0001508153264496,0.0002010057408669,0.0454839100873651,0.0001782175137023,0.000142640526951,0.0001870020169908,0.0003407165202244,5.056413354262835e-05,9.437028322076353e-05,0.000210080556485,0.0003636551716465,0.0002318873712987,0.0001846133854133,9.17699051692488e-06,0.8311733801272583,0.0001200623902502,0.000167558931113,0.0001641960106308,0.0001358539713351,0.0002753812594311,0.0001341159551755,0.000203843937043,0.0001573720824906,0.0002924093051751,0.0001673594143376,0.0001690726119749,0.0003571921603584,0.0001666723081049
uj0483,0.0002262983117771,0.0002281392993387,0.0003132396722312,0.0002361193290848,0.0007817753742156,0.0003099202426506,0.0003128033984995,0.0002264709990334,0.0001702921899053,0.0002751052003072,0.0001864505570912,0.0003483822260092,0.0002681244348618,0.0003440694851681,0.000214463913067,0.0003353129261143,0.0001454463672112,0.0002231823414851,0.0002164571178669,0.0003282735649953,0.079751921280632,0.0002024933949697,0.0001062240404856,0.0002752936491629,0.00023134765773,0.0002976266850188,0.2077697563369713,0.0002551531744966,0.0002623297391654,0.000281153889651,0.0002187805874024,0.0001121137083442,0.0001988190379283,0.0002649847927131,0.0002809485185424,0.0002349431947694,0.0001880422434882,0.0002465237584536,0.0004491647656242,6.665842670824308e-05,0.0001244078394461,0.0002769480735882,0.0004794046670618,0.0003056958808807,0.0002433748382252,1.2097977497408554e-05,0.6978631079337759,0.0001582776066788,0.0002208920423701,0.0002164587222916,0.0001790955635308,0.0003630336408936,0.0001768043461268,0.0002687263715464,0.0002074627743355,0.0003854816224902,0.0002206290204726,0.0002228875197515,0.0004708845138607,0.0002197232120024
uj0484,3.497282927161169e-05,3.525734108779676e-05,4.840901150349163e-05,3.649059915189633e-05,0.0001208179436977,4.7896016761770286e-05,0.0061971194721861,3.499951688533802e-05,2.6317472883820866e-05,4.251559424603272e-05,2.8814636086068853e-05,5.384004863229176e-05,4.143676552569172e-05,5.3173544547730205e-05,3.31439053067293e-05,5.182027928299964e-05,2.2477723888925275e-05,3.4491277747064415e-05,3.345194123780876e-05,5.073239500908097e-05,2.754867153067801e-05,3.12939450378235e-05,1.6416186242268454e-05,4.254471770525759e-05,3.575317055014674e-05,4.599613298083498e-05,0.0382581478525956,3.943214750345786e-05,4.054123563119937e-05,0.0031178393189671,3.381101728545809e-05,1.732639342352479e-05,3.072609872698569e-05,4.0951555680440445e-05,0.0215641412315472,3.630883577819016e-05,2.9060620142147496e-05,3.8098531306254736e-05,6.941528878248574e-05,1.0301595970708515e-05,1.9226365830278704e-05,4.2800397487013177e-05,7.408865510971619e-05,4.724317104762265e-05,0.4488983974014873,1.8696582322068888e-06,0.4798509488577003,2.4460702655833328e-05,3.41373279570808e-05,3.3452189190490786e-05,2.767797301481687e-05,5.610432284324086e-05,2.732388130965693e-05,4.152979065141937e-05,3.206192803681253e-05,5.957350218313159e-05,3.409667975319105e-05,3.444571509981798e-05,7.277192472436414e-05,3.395669335765197e-05
uj0486,0.0001134514597921,0.0001143744128831,0.0001570382819049,0.0001183750879953,0.0003919320331549,0.0001553741328061,0.0001568195622364,0.0001135380341071,8.537358226074312e-05,0.0001379201034518,9.3474351244405e-05,0.0001746565044874,0.0001344203953716,0.000172494372829,0.0001075184512828,0.0001681043957249,7.291748025872098e-05,0.0001118893121317,0.0001085177163345,0.000164575311532,8.936757664693639e-05,0.0001015172012428,5.325392117810778e-05,0.0001380145796218,0.0001159828780111,0.0001492109314617,0.1440555612628549,0.0001279174373415,0.0001315153065946,0.0001409525283537,0.0001096825549429,5.620662290620871e-05,9.967511427864656e-05,0.0001328463801605,0.0001408495684514,0.0001177854496814,9.427232072039418e-05,0.0001235912015886,0.0002251824061218,3.341825998661528e-05,6.237011175170751e-05,0.0001388440019214,0.0002403427532544,0.010126539016757,0.0001220125349434,6.065150008567856e-06,0.3698103700040526,7.935024079105949e-05,0.0001107411030447,0.0001085185206901,8.978702918864876e-05,0.0001820017842361,0.4688329256362592,0.0001347221678199,0.0001040085293436,0.0001932557624983,0.0001106092407343,0.000111741507423,0.0002360712948828,0.0001101551264618
uj0491,5.4883264414328685e-05,5.532975208952975e-05,7.596882018747728e-05,5.726511819609814e-05,0.0629103634077137,7.516377162150646e-05,7.586301238719758e-05,5.49251455944115e-05,4.130031378879923e-05,6.672021250026227e-05,4.5219140808778335e-05,0.1544740608307986,6.502719414431507e-05,8.344585685634102e-05,5.201311293819915e-05,8.13221620654474e-05,3.527455139666219e-05,5.412756005179076e-05,5.249651727827268e-05,7.961493272480797e-05,4.323244802813213e-05,4.9109948947495785e-05,2.576211044328138e-05,6.67659162807853e-05,5.610786298456843e-05,7.218226208746923e-05,0.064863626794053,0.0097112293877943,6.362182875026456e-05,6.818717800259703e-05,5.306001946206618e-05,2.7190509072764363e-05,4.821882118135562e-05,6.42657487368948e-05,6.813737013276783e-05,5.697987483696123e-05,4.560516642559716e-05,5.978846467466249e-05,0.0001089342134449,1.616641339363743e-05,3.017215768832111e-05,0.0772619516682086,0.000116268181133,7.413925331121893e-05,5.9024769090036966e-05,2.934076231742867e-06,0.6131200825651989,3.83864628507508e-05,5.357210256328737e-05,5.249690639327692e-05,4.343536233878295e-05,0.0049127191929628,4.287968214115627e-05,6.517317954723558e-05,5.031515352708173e-05,0.0097428374480391,5.350831286801501e-05,5.405605806386687e-05,0.0001142018209498,5.328863060264518e-05
uj0492,5.596328280345976e-05,5.641855667067916e-05,7.746376994454104e-05,5.839200781112992e-05,0.0001933320492425,7.664287925866956e-05,7.735588000918364e-05,5.600598814087232e-05,4.211304056161017e-05,6.803316385612591e-05,4.610898408131949e-05,8.615447850559664e-05,6.630682949798621e-05,8.508794321660712e-05,5.3036651152419146e-05,8.292245737243809e-05,3.5968700416099846e-05,5.519270733919351e-05,5.352956814780275e-05,0.0148400302630526,4.408319623663967e-05,5.007635735119737e-05,2.6269069227866826e-05,6.807976701688705e-05,5.721197959360818e-05,7.360269819409396e-05,0.3613170160068404,6.309905341501858e-05,6.487380867044026e-05,6.952899698752117e-05,5.41041591895078e-05,2.7725576549558868e-05,4.916769355864247e-05,6.553040001388777e-05,6.947820897527674e-05,5.810115130057913e-05,4.650260608966657e-05,6.0965009874654097e-05,0.0001110778715341,1.6484543591207546e-05,3.076589943256476e-05,6.848890405931473e-05,0.0001185561604476,0.2657348735521215,6.018628593331737e-05,2.9918143477097327e-06,0.3546064529908613,3.9141849510325735e-05,5.4626319300032e-05,5.352996491999292e-05,4.4290103589418345e-05,8.97777546502803e-05,4.372348845855989e-05,6.645568766952538e-05,5.130527850672879e-05,9.53291117620087e-05,5.456127432148401e-05,5.511979830191421e-05,0.0001164491374681,5.433726904637893e-05
uj0494,0.0001666308796536,0.0001679864592618,0.0002306486589158,0.0001738624172652,0.0005756468851848,0.00022820445389,0.0002303274162379,0.0001667580349523,0.0001253917326171,0.0002025689947242,0.0001372896690923,0.0002565252755079,0.0001974288278458,0.0002533496627761,0.0001579168231865,0.0002469019207385,0.0001070969373148,0.0001643364883846,0.0001593844853468,0.0002417186079411,0.0001312578783602,0.0001491025375438,7.821624990253914e-05,0.0002027077558062,0.0001703488789228,0.000219152303628,0.196932221608102,0.0001878776628022,0.0001931620030797,0.0002070228433552,0.0001610953322793,8.255300579100023e-05,0.0001463969877712,0.0001951170062113,0.0002068716218626,0.0001729963909391,0.0001384616800647,0.0001815235403395,0.0003307347695951,4.908278895894067e-05,9.160557831798304e-05,0.0002039259628495,0.000353001402243,0.3957258269208219,0.0001792048869501,8.90813818535394e-06,0.3966741250799521,0.0001165450003725,0.0001626500659221,0.0001593856667374,0.0001318739457614,0.0002673135935081,0.0001301868471326,0.0001978720535971,0.0001527616547884,0.0002838427796541,0.0001624563942601,0.0001641194014589,0.0003467277335995,0.0001617894177325
uj0495,4.98341593494929e-05,5.0239571421660855e-05,6.897990364121497e-05,5.199688932145321e-05,0.0001721582378066,6.824891726588203e-05,6.888382985923744e-05,4.98721875794873e-05,3.750080175620426e-05,6.058214169749779e-05,4.1059107776458976e-05,7.671880196161287e-05,5.904487624085592e-05,7.576907408860691e-05,4.722805368969036e-05,7.38407532106773e-05,3.2029392457643275e-05,0.4206076442668938,4.766698619799741e-05,7.229058413973292e-05,3.925518511140404e-05,4.459197257326447e-05,2.339206916187992e-05,6.06236408595058e-05,5.094609831558247e-05,6.554169817447439e-05,0.2078441573932033,5.6188417211504295e-05,5.776880048736827e-05,6.191415052357034e-05,0.0131906316568138,2.468905915829981e-05,4.3782826040665125e-05,5.835348165683744e-05,6.18689248368621e-05,5.1737887544421485e-05,4.140962012857251e-05,0.0351008294524993,9.891257397597576e-05,1.4679149095183398e-05,2.739640453612061e-05,6.098796903231377e-05,0.0001055718373841,6.731865174184346e-05,5.359465731109071e-05,2.6641495187385377e-06,0.3201506152844214,3.485501686135635e-05,4.864362067955347e-05,4.766733951552204e-05,3.943943187950673e-05,7.994525530237755e-05,3.89348726880776e-05,5.917743139969122e-05,4.5686301740976e-05,8.488862533096193e-05,4.858569945578916e-05,4.9083053643159146e-05,0.0001036955764922,4.838622733736612e-05
uj0496,6.34555269383631e-05,6.397175189334175e-05,8.783445313110009e-05,6.620940443499491e-05,0.000219214928864,8.690366336285674e-05,8.771211912286305e-05,6.350394957464967e-05,4.77510440050244e-05,7.71412977493804e-05,5.228195586288661e-05,9.76886550932379e-05,7.518384545423405e-05,9.647933434986998e-05,6.013708412607346e-05,9.40239379107101e-05,4.078411279423073e-05,6.258178848555444e-05,6.069599179038596e-05,9.205005500540271e-05,4.998495989142186e-05,5.6780472547217246e-05,2.9785915809992047e-05,7.719414004123588e-05,6.487139657351988e-05,8.345646938536636e-05,0.0024775601412384,0.00564979048403,7.355897487534164e-05,7.883738980848812e-05,6.13475078469673e-05,3.143741720443561e-05,5.575015879723798e-05,7.430346925798807e-05,7.877980240621866e-05,6.58796086793515e-05,5.272827514050869e-05,6.912687448992043e-05,0.0001259487384638,1.8691458890860903e-05,3.488477198670322e-05,7.765805147238669e-05,0.0057126720694722,0.167433035069675,6.824389665942786e-05,3.3923520284256704e-06,0.8037139617586615,4.438207627566619e-05,6.19395736318833e-05,6.069644168158497e-05,5.021956755630998e-05,0.0001017970076681,4.957709520839315e-05,7.535263243814407e-05,5.8173919028257616e-05,0.0001080915685498,6.186582057127475e-05,6.249911854291768e-05,0.0112885268276134,6.161182595093258e-05
uj0497,4.734522953217769e-05,4.7730393601612375e-05,6.553475394451607e-05,4.9399943573212734e-05,0.000163559923378,6.484027613698815e-05,6.544347849572499e-05,0.0083714233737078,3.5627852259661914e-05,5.755641194031965e-05,3.9008441347022605e-05,7.288713877629012e-05,5.609592405717574e-05,7.198484435159183e-05,4.4869283870425206e-05,7.015283201770269e-05,3.042970840640362e-05,4.669331866491001e-05,4.5286294222886255e-05,6.868008498162188e-05,3.729461425030461e-05,0.3163559614388658,2.2223769762718987e-05,5.759583845771875e-05,4.84016335382346e-05,6.226826707834849e-05,0.2307597044615764,5.338212873767488e-05,5.488358095280803e-05,5.882189458179483e-05,4.5772401245095765e-05,2.345598256379763e-05,4.159612553961523e-05,5.543906065855612e-05,5.877892765818457e-05,4.91538774462252e-05,3.934144762186102e-05,5.157671675701867e-05,9.39724594463081e-05,1.3946009972285975e-05,2.602811160157e-05,5.794197053242e-05,0.0001002991309241,6.395647202879413e-05,5.091791223559217e-05,2.531090563565417e-06,0.4415076254988452,3.311420911258197e-05,4.62141514256943e-05,4.5286629894231365e-05,3.746965895137415e-05,7.595244931804244e-05,3.699029959139679e-05,5.622185884774215e-05,4.340453356969988e-05,8.064892642773802e-05,4.615912303413112e-05,4.6631637238588375e-05,9.851657847911364e-05,4.5969613401475806e-05
uj0501,0.0001552595352124,0.0001565226063812,0.000214908567098,0.0001619975730287,0.0005363631760576,0.0002126311612711,0.0002146092468942,0.0001553780130877,0.0001168346597347,0.0001887451355638,0.0001279206486639,0.000239019292993,0.0001839557476537,0.0002360603927112,0.0001471401496597,0.0002300526621273,9.978835102317015e-05,0.000153121719444,0.0001485076545623,0.0002252230726931,0.0001223004837371,0.0001389273748429,7.287856027150199e-05,0.0001888744272121,0.000158723808099,0.0002041967543636,0.3882211907732048,0.0001750563800906,0.0001799801026149,0.0001928950414503,0.0001501017486469,7.691936414274131e-05,0.0001364064591456,0.0001818016910154,0.0001927541397237,0.0001611906466945,0.00012901267842,0.1912487515039218,0.0003081645293638,4.573324594179306e-05,8.535416449870217e-05,0.0001900095004934,0.0003289116264376,0.0002097328964108,0.0001669754580514,8.30022260664673e-06,0.3150098279917027,0.0001085916525603,0.0001515503830373,0.0001485087553317,0.0001228745090232,0.00024907138683,0.0001213025425935,0.0001843687264743,0.0001423367839745,0.0002644725763563,0.0001513699280563,0.0001529194471206,0.0958628739018532,0.000150748467821
uj0504,4.940132297232746e-05,4.9803213823411983e-05,6.838077621578989e-05,5.154526847560063e-05,0.0001706629512617,6.765613884881961e-05,6.828553688608916e-05,4.943902090676725e-05,3.717508719846245e-05,6.005595333442398e-05,4.0702487424242906e-05,7.605245805745157e-05,5.853203985200381e-05,7.511097907992636e-05,0.0565028008230606,0.2476109708919688,3.175120002146812e-05,0.0130770248635115,0.1867862735670294,7.166270168017792e-05,3.891423279415075e-05,4.420466739723225e-05,2.3188896506765497e-05,6.009709205397298e-05,5.050360415267339e-05,6.497243340586143e-05,0.0019288272373747,5.570039069993166e-05,5.726704750020967e-05,6.137639295009637e-05,4.776019040294497e-05,2.4474621450085304e-05,4.34025487358429e-05,5.784665040042551e-05,6.133156007271101e-05,5.128851626778634e-05,4.1049955388759234e-05,5.381657386694134e-05,9.805346526952366e-05,1.4551652819593164e-05,0.013055462214465,6.045825584137793e-05,0.0001046548894067,6.673395317933228e-05,5.3129158994097584e-05,2.641009952606184e-06,0.4606812770268691,0.0174056239655397,4.822112476867658e-05,4.7253323129686816e-05,3.90968792803454e-05,7.925088792208383e-05,3.8596702455857616e-05,5.866344369825607e-05,4.5289491729735136e-05,8.41513221331067e-05,4.816370662177727e-05,4.865674102152689e-05,0.0001027949248459,4.7965967025588185e-05
uj0505,1.6996988097194636e-05,1.7135262410538056e-05,0.0030118670433177,1.773463263802162e-05,5.8718187625317805e-05,2.327772856123081e-05,2.34942788538993e-05,1.7009958424797418e-05,1.2790437109920778e-05,2.066281351539257e-05,1.4004072212066046e-05,0.0015203365591049,2.0138496801519142e-05,2.584263620035591e-05,1.6108120953494215e-05,2.518494181085328e-05,1.0924297900662352e-05,1.6762951397808696e-05,0.0030045978245965,2.4656224047948965e-05,1.3388806449255292e-05,1.520903004990528e-05,7.97835714102946e-06,2.0676967677354984e-05,1.7376238266518973e-05,2.2354374555187525e-05,0.0484770710293007,1.916424137600834e-05,1.970326432892866e-05,2.1117123138704065e-05,1.643234105801842e-05,0.004490930717576,1.4933053607982674e-05,1.9902682138074914e-05,2.1101697967120928e-05,1.7646294634956552e-05,1.4123621821301185e-05,1.85160965417988e-05,3.37362135627086e-05,5.006632512811044e-06,9.344119934695148e-06,2.08012294627954e-05,3.600749539755414e-05,2.296044194005146e-05,1.8279585013188424e-05,9.086642224979464e-07,0.4438881799644407,1.1888036528623024e-05,1.6590929845859525e-05,1.625794862291598e-05,1.3451647684369254e-05,2.7267010631644672e-05,0.4945835489746057,2.01837075261778e-05,1.5582274027145065e-05,2.895305094280189e-05,1.6571174594366414e-05,1.674080769971353e-05,3.536755716112412e-05,1.6503140433324763e-05
uj0507,0.00013186295058,0.0001329356852812,0.1392841077436932,0.0001375856106817,0.0004555367944433,0.0001805890522093,0.0001822690534175,0.0001319635746234,9.92284495863796e-05,0.0001603024925265,0.0001086438533379,0.0002030006670861,0.000156234833684,0.0002004876534983,0.0001249671027056,0.0001953852481613,8.475090680534066e-05,0.0001300472895024,0.0001261285336679,0.0001912834458983,0.0001038706100779,0.0001179919387113,6.189624346275972e-05,0.000160412300779,0.000134805180465,0.0001734256546137,0.2717598325811463,0.0001486765419272,0.0001528582920464,0.2551833985737394,0.0001274824083218,6.532812492786727e-05,0.000115850908329,0.0001544053791281,0.0001637073662864,0.0001369002828068,0.0001095713214355,0.0001436482222182,0.0002617261738573,3.8841548386932086e-05,7.249185668172408e-05,0.0001613763260274,0.0002793468206818,0.0001781275366861,0.0001418133613693,7.0494339808878335e-06,0.2327645351571574,0.0928266172594813,0.0001287127430949,0.0001261294685586,0.0001043581335517,0.0002115379768948,0.0001030230520615,0.0001565855793289,0.0001208875724461,0.0002246183090663,0.0001285594814854,0.0001298754982797,0.0002743821679115,0.0001280316711955
uj0508,6.490372209672662e-05,6.54317284443829e-05,8.983902918458592e-05,6.772044915508728e-05,0.0116353212970932,8.888699673976478e-05,8.971390324431428e-05,6.495324984443232e-05,4.884082820620282e-05,7.89018323994046e-05,5.347514547147583e-05,9.991812578174843e-05,7.689970672317812e-05,9.868120567028836e-05,6.150954509632234e-05,9.616977166581905e-05,4.171489625055799e-05,6.401004300425922e-05,6.208120826693165e-05,9.415084039664856e-05,5.112572698293252e-05,5.807632823386761e-05,0.3366580159899192,7.895588066897257e-05,6.635190500149821e-05,8.536113018844185e-05,0.4304504810232319,7.31794709362849e-05,7.523775301191167e-05,8.06366330222364e-05,6.274759335768953e-05,0.0057377065883356,5.7022500450417866e-05,7.599923839931998e-05,8.05777313483633e-05,6.738312673250694e-05,5.393165073995044e-05,7.070450231493789e-05,0.0001288231666192,1.911803923105395e-05,3.5680919467139895e-05,7.943037958274179e-05,0.017254151252609,8.767542427949855e-05,6.980137298179838e-05,3.46977298795537e-06,0.1944458010132246,4.53949731986241e-05,6.335317139038785e-05,6.208166842564065e-05,5.136568891246548e-05,0.0001041202400286,5.070855392776147e-05,7.707234579854001e-05,5.950157623866243e-05,0.0001105584566805,6.327773512217799e-05,6.39254863510955e-05,0.0001350525215467,6.301794378408438e-05
uj0509,7.470740179243141e-05,7.531516327496281e-05,0.0001034091764403,7.794959427832547e-05,0.0002580859155965,0.0001023133398984,0.0001032651502798,7.476441068542232e-05,5.621821459234824e-05,9.08199207194419e-05,6.15525435150313e-05,0.0001150107163037,8.851537480896417e-05,0.000113586959934,7.080053579565646e-05,0.0001106961748883,4.801591363705781e-05,7.367873285207453e-05,0.0591778143273401,0.0001083722849072,5.884824636023031e-05,6.684873298222595e-05,3.506752662118881e-05,9.088213295720514e-05,7.637433211076453e-05,9.825489269999196e-05,0.239342301910331,8.423319898428938e-05,8.660238369447973e-05,9.281676224058776e-05,7.22255907218214e-05,3.7011870702600326e-05,6.563572495903621e-05,8.747889112669443e-05,9.274896349385756e-05,7.756131944687975e-05,6.207800371069572e-05,0.0066487572517239,0.0001482818513004,2.200581094855032e-05,4.107050721963829e-05,9.142830473065444e-05,0.0264277563457961,0.1380157489106856,8.03448407664986e-05,3.993880726183816e-06,0.5259159085465955,5.225186464733286e-05,7.292264105952067e-05,7.1459078111219e-05,5.9124454437446425e-05,0.0001198475581254,5.836805949200736e-05,8.871409094343969e-05,6.848926409366798e-05,0.000127258264672,7.283581017499178e-05,7.358140395231264e-05,0.0001554521476477,7.2536777465462e-05
uj0514,7.885010617349281e-05,7.949156948604258e-05,0.0001091434629769,8.227208599897171e-05,0.0002723973978269,0.0001079868596739,0.0001089914502208,7.891027634615729e-05,5.9335649254769664e-05,9.58561028704078e-05,6.496577949389284e-05,0.0001213883360157,9.342376436896004e-05,0.0001198856289448,7.472659509881744e-05,0.3189681079052073,5.0678511063984485e-05,7.776439507635314e-05,7.542109612652186e-05,0.0001143817876967,6.211152258407302e-05,0.0070021050762721,3.7012104971942045e-05,9.592176492577615e-05,8.060947177088797e-05,0.0001037033618567,0.0169417255527562,8.890413163742286e-05,9.1404693314861e-05,9.79636740370702e-05,7.623067273416825e-05,3.906426759008616e-05,6.927538312968734e-05,9.232980518374928e-05,9.789211568743086e-05,8.186228039806148e-05,6.552037771607704e-05,8.589734662933908e-05,0.0001565044351446,2.3226085877648496e-05,4.334796522391928e-05,9.649822323234528e-05,0.0001670410556801,0.0001065149469076,8.480015464240929e-05,4.2153509792622e-06,0.5758738537000568,5.514935570443803e-05,7.696637618278457e-05,7.542165516322868e-05,6.240304706079059e-05,0.0001264933923024,6.160470820378318e-05,9.363349978909037e-05,7.228715784460892e-05,0.0763813586703848,7.68747303177167e-05,7.766166905596098e-05,0.0001640723415998,7.65591155281503e-05
uj0516,0.0001004303909355,0.0001012474147086,0.0001390146594186,0.0001047889237052,0.0003469491479618,0.000137541508303,0.0001388210426785,0.0001005070289295,7.557507199751883e-05,0.0001220907155616,8.274609824432339e-05,0.0001546108005771,0.0001189926765298,0.0001526968214348,9.517832661565756e-05,0.000148810691476,6.454858370121917e-05,9.904753433310522e-05,9.606290386104592e-05,0.0001456866478914,7.911066702939135e-05,8.986585299281757e-05,4.714185372816821e-05,0.0001221743484977,0.000102671272823,0.0001320856708765,0.1186933661097318,0.0001132360770255,0.0001164210110606,0.0001247751025139,9.709405142880368e-05,4.975566750731704e-05,8.82351863245344e-05,0.0001175993144411,0.0001246839595417,0.000104266959453,8.345248304161955e-05,0.0001094063726855,0.0001993377354514,2.958277417488173e-05,5.521175943786106e-05,0.0001229085762102,0.0002127580968292,0.0001356667514801,0.0001080088930178,5.369039654132441e-06,0.6098825167973929,7.024304242604447e-05,9.803110768075884e-05,9.60636158990854e-05,7.948197809775719e-05,0.0001611130467187,0.2649372910536258,0.000119259813903,9.207124599151796e-05,0.0001710753816109,9.791437949226222e-05,9.891669348978993e-05,0.0002089768829522,9.75123848946714e-05
uj0520,0.0001435075228,0.0001446749887099,0.0001986415587972,0.000149735540385,0.0004957644025653,0.0001965365359516,0.0001983648949458,0.0001436170327657,0.0001079911296447,0.0001744585078671,0.0001182379902118,0.0002209272789069,0.0001700316416282,0.0002181923457572,0.0001360027154093,0.000212639356483,9.223510195387366e-05,0.0001415315240653,0.0001372667101825,0.0002081753316817,0.0001130432307061,0.1262829007614758,6.736218574583642e-05,0.0001745780130823,0.1263011987493769,0.0001887405520209,0.6363755593505731,0.0001618058911664,0.0001663569238708,0.0001782942961993,0.0001387401429921,7.109713028813902e-05,0.0001260814868414,0.0001680406313388,0.0001781640597039,0.0001489896924785,0.0001192473612941,0.0001563335298845,0.0759775322303955,4.227157337376407e-05,7.889347788598616e-05,0.0001756271696097,0.0003040154195077,0.000193857648565,0.0001543366358824,7.671956400864344e-06,0.026241458365628,0.0001003720578859,0.0001400791263436,0.0001372677276316,0.0001135738064722,0.000230218502686,0.0001121208264157,0.0001704133609695,0.0001315629294107,0.0002444539346938,0.0001399123304861,0.0001413445622788,0.0002986123474734,0.00013933791025
uj0521,0.0002218842756669,0.000223689354054,0.0003071298112538,0.0002315137302329,0.0007665265431273,0.0003038751284312,0.00030670204721,0.0002220535945914,0.0001669705748671,0.0002697391669563,0.0001828137668505,0.0003415868959262,0.0002628945640412,0.0003373582767635,0.0002102807114815,0.0003287725177813,0.0001426093795558,0.0002188290835807,0.0782337823585358,0.000321870462124,0.0001747818851228,0.0001985436829703,0.0001041520994852,0.0002699239400441,0.0002268351321737,0.0002918213613965,0.5353087029800804,0.0002501763131271,0.0002572128961259,0.0002756698742746,0.0002145131874141,0.000109926887094,0.0001949409956843,0.0002598161618272,0.0002754685090089,0.0002303605368723,0.0001843744067885,0.0002417152171821,0.0004404036331202,6.53582283098115e-05,0.000121981216413,0.000271546094281,0.0004700536935826,0.0002997331644717,0.0002386277178609,1.1862001766459498e-05,0.3721648287771165,0.000155190340734,0.000216583457636,0.0002122366111806,0.0001756022352845,0.0003559525292956,0.0001733557089624,0.000263484759718,0.0002034161326692,0.0003779626543276,0.0002163255660823,0.0002185400124592,0.0004616997292655,0.0002154374257567
uj0523,0.0001887495744873,0.0001902850946428,0.0002612651167474,0.0001969410312565,0.0006520586391877,0.0002584964663056,0.0002609012321008,0.0001888936084657,0.132882707670512,0.0002294581390796,0.0001555135919377,0.0002905766127984,0.0002236356629989,0.0002869794671006,0.0001788788083145,0.0002796758474562,0.000121313056674,0.1329268219793057,0.0001805412889353,0.0002738044982383,0.0001486811372544,0.0001688945084781,8.859872742548242e-05,0.0002296153194008,0.0001929611034756,0.0002482427275406,0.4719618957066768,0.0002128166698952,0.0002188024570489,0.000234503194568,0.0001824792348383,9.351114720208112e-05,0.0001658298222123,0.0002210169686086,0.000234331899833,0.0001959600480144,0.0001568411764335,0.0002056190969509,0.0003746367249516,5.559807131733236e-05,0.0001037653642837,0.0002309952320649,0.0003998590453661,0.0002549730353074,0.000202992663954,1.0090610428602048e-05,0.2502179077195846,0.000132015261965,0.0001842403448686,0.0001805426271445,0.000149378981856,0.0003027969793727,0.0001474679366226,0.000224137722834,0.0001730393394024,0.0003215202607847,0.0001840209651002,0.0001859047209909,0.0003927526057349,0.0001832654536605
uj0524,0.0001770018990329,0.0001784418492117,0.000245004111617,0.0001846835237885,0.0006114748482509,0.0002424077805403,0.0002446628749617,0.0001771369684113,0.00013319604891,0.0002151767837145,0.00014583450677,0.0002724912753821,0.0002097166955201,0.0002691180141637,0.0001677454842185,0.0002622689680115,0.0001137625950528,0.0001745647060433,0.0001693044929092,0.0002567630485185,0.0001394273005165,0.0001583826020168,8.308438866051872e-05,0.0002153241812141,0.000180951304645,0.0002327922291488,0.0380306094849806,0.0001995710709263,0.0002051843057973,0.0002199078375703,0.000171121822066,8.769106198238808e-05,0.000155508660232,0.0002072609873081,0.0002197472041306,0.0001837635964337,0.0001470794630965,0.0001928214711827,0.0003513195298269,5.213767624359677e-05,9.73070619203365e-05,0.0002166182088309,0.0003749720261226,0.0002391036460569,0.000190358506011,9.462576077935026e-06,0.8259195395723526,0.0001237987006466,0.000172773321523,0.000169305747829,0.0001400817116327,0.0002839510526897,0.0001382896088617,0.0002101875074119,0.0001622694608177,0.0003015090067939,0.0001725675958374,0.1246532950409347,0.0003683078876021,0.0001718591070372
uj0526,3.3431125053908566e-05,0.0147280076907623,4.62750012228206e-05,3.488198721541058e-05,0.0030543528559021,4.578462078407225e-05,4.621055035896298e-05,3.345663619985979e-05,2.515732199556519e-05,4.064138297023898e-05,2.7544402967653897e-05,5.146662241009237e-05,3.961011216336881e-05,5.082949976762989e-05,3.16828253864949e-05,0.0059272577287797,2.1486840324579168e-05,3.297080172370239e-05,3.1977282196180976e-05,4.849596321363656e-05,2.6334245818617024e-05,2.9914416756634515e-05,1.5692512919422675e-05,4.066922258252165e-05,3.417706661513673e-05,4.396848941605915e-05,0.0013052861887156,3.7693863544586966e-05,3.875405983600995e-05,4.153495786381837e-05,3.232052912537844e-05,1.6562595515978464e-05,2.9371602765762203e-05,3.914629178189484e-05,4.150461832146976e-05,3.470823650083731e-05,2.77795433297952e-05,3.641903703523144e-05,6.635526059151784e-05,9.847471603652898e-06,1.837881160292585e-05,4.0913631254500765e-05,7.082261131384523e-05,4.516055441125825e-05,3.5953845999946224e-05,1.7872382495434764e-06,0.6409070978385402,2.3382403609462167e-05,3.26324550717959e-05,3.19775192183863e-05,2.6457847316577925e-05,5.3631080816207786e-05,0.0558644768298137,3.9699036470498897e-05,0.2762835749496681,5.694732862234298e-05,3.2593598759173866e-05,3.292724761070647e-05,6.956392624055269e-05,3.245978337184083e-05
uj0527,0.0001618881477211,0.0001632051441405,0.0002240838207412,0.0001689138576709,0.0005592625339177,0.0002217091839086,0.000223771721434,0.0001620116838617,0.000121822770036,0.0001968033740793,0.000133382061457,0.0002492239240528,0.0286543126318207,0.0002461386972082,0.0001534221151134,0.0002398744740485,0.000104048690402,0.0001596590605708,0.0001548480039349,0.0002348386913078,0.0001275219505875,0.0001448587061034,7.599001964544976e-05,0.0001969381856736,0.0001655003234245,0.0002129146805016,0.1913270376356401,0.000182530194238,0.0286501672515679,0.0428948851389357,0.0001565101558813,8.020334060589354e-05,0.0001422301630496,0.0001895634878127,0.0002009835376794,0.0001680724806218,0.0001345207140635,0.0001763569260057,0.0003213212301828,4.7685769924930704e-05,8.899825425905952e-05,0.0001981217194951,0.0003429540987294,0.1709937059168632,0.0001741042672957,8.654590274436718e-06,0.5276963021692277,0.0001132278379354,0.0001580206379129,0.0001548491517002,0.0001281204831684,0.0002597051795181,0.0001264814035896,0.0001922401196538,0.000148413675712,0.0002757639036518,0.0001578324786312,0.0001594481524824,0.0003368589943992,0.0001571844859251
uj0528,0.00013186295058,0.0001329356852812,0.0001825232680472,0.0001375856106817,0.0004555367944433,0.0001805890522093,0.0001822690534175,0.0001319635746234,9.92284495863796e-05,0.0001603024925265,0.0001086438533379,0.0117947993733899,0.000156234833684,0.0002004876534983,0.0001249671027056,0.0001953852481613,8.475090680534066e-05,0.0001300472895024,0.0001261285336679,0.1392928679215443,0.0001038706100779,0.0001179919387113,6.189624346275972e-05,0.000160412300779,0.000134805180465,0.0001734256546137,0.3644942222315769,0.0001486765419272,0.0001528582920464,0.0465310218602705,0.0001274824083218,6.532812492786727e-05,0.000115850908329,0.0001544053791281,0.0001637073662864,0.0001369002828068,0.0001095713214355,0.0001436482222182,0.0002617261738573,3.8841548386932086e-05,7.249185668172408e-05,0.0001613763260274,0.0002793468206818,0.0001781275366861,0.0001418133613693,7.0494339808878335e-06,0.4298251131643226,9.22276090507133e-05,0.0001287127430949,0.0001261294685586,0.0001043581335517,0.0002115379768948,0.0001030230520615,0.0001565855793289,0.0001208875724461,0.0002246183090663,0.0001285594814854,0.0001298754982797,0.0002743821679115,0.0001280316711955
uj0533,6.275539712041884e-05,6.326592636217619e-05,8.686534101987858e-05,6.547889000213397e-05,0.0002167962442255,8.594482102169983e-05,0.3035050740503958,6.280328549069009e-05,4.722418793181962e-05,7.629016743252529e-05,5.170510845484905e-05,9.661081769111402e-05,0.0166244450230407,9.54148398597467e-05,5.9473567994503344e-05,9.298653477645248e-05,4.033412561670121e-05,6.189129896804438e-05,6.00263090104537e-05,9.103443049856834e-05,4.9433456144510665e-05,5.615399123305392e-05,2.945727607095704e-05,7.634242669456507e-05,6.415564490831151e-05,8.253566129289235e-05,0.2617349787099808,7.075721717199209e-05,7.274736973749977e-05,7.796754584001188e-05,6.067063663381118e-05,3.109055580014282e-05,5.5135045340422985e-05,7.348364982043534e-05,7.791059382222997e-05,6.515273301293845e-05,5.2146503316117454e-05,6.836417046102325e-05,0.0001245590964328,1.8485228664089925e-05,3.449987455950509e-05,7.68012196082044e-05,0.0001329450053188,8.477335182967325e-05,6.74909348726574e-05,3.354922872563936e-06,0.4086774858639295,4.389239135014264e-05,6.125616992376253e-05,6.002675393782595e-05,4.966547529064192e-05,0.0001006738411941,0.0055657269951136,7.452123717005683e-05,5.7532063270319936e-05,0.0001068989517068,6.118323060971615e-05,6.180954115544073e-05,0.0001305822585821,6.093203841204508e-05
uj0534,5.6251391821114574e-06,5.670900951986204e-06,7.786256732640551e-06,5.869262034074938e-06,0.0034808930295436,7.703745054804516e-06,7.775412195430936e-06,5.629431701326393e-06,4.232984604797297e-06,6.838341078633863e-06,4.634636140164905e-06,8.659801721393125e-06,6.664818894928147e-06,8.552599120997627e-06,5.330969334540287e-06,8.334935705627186e-06,0.0469805765176896,5.5476849296145005e-06,5.3805147965890135e-06,8.15995699837715e-06,4.431014443779197e-06,5.033415942072309e-06,2.640430710796987e-06,6.843025386853029e-06,5.750651712630958e-06,7.398161808605094e-06,0.0912065844545572,6.342389865968008e-06,6.520779067348336e-06,0.034621591632601,5.438269710533867e-06,2.786831279059856e-06,4.94208176639828e-06,6.586776226693561e-06,0.0014904665725883,5.840026644871317e-06,4.674200984669661e-06,6.12788686803998e-06,1.1164972034015478e-05,0.3807622892603005,3.0924287801129786e-06,6.884149722183671e-06,1.191665088262963e-05,0.0479735485250003,6.049613572853825e-06,3.007216744594695e-07,0.3931626019795275,3.9343358772232645e-06,5.4907545389768425e-06,5.380554678073471e-06,4.451811698673443e-06,9.023994663409202e-06,4.394858481955212e-06,6.679781346938749e-06,5.156940728278705e-06,9.581988312794368e-06,5.484216554800416e-06,5.540356491006455e-06,1.1704863851463329e-05,5.461700705356442e-06
uj0539,7.830731514852137e-05,7.89443627342472e-05,0.0001083921375188,8.170573863365983e-05,0.0002705222594163,0.0001072434960807,0.0001082411711933,7.836707111971831e-05,5.892719250766678e-05,9.51962453907956e-05,6.451856586602569e-05,0.1653325636025678,9.278065070330508e-05,0.0001190603562018,7.421218963870218e-05,0.0001160302733697,5.0329648617256495e-05,7.722907790611491e-05,7.49019098367671e-05,0.000113594402482,6.168395718635795e-05,7.006996194919006e-05,3.675731979321486e-05,9.52614554394887e-05,8.005456956557381e-05,0.0001029894851506,0.0374766028904492,8.829213037226928e-05,9.077547859874624e-05,9.728930838785278e-05,7.570591345360877e-05,3.879535566499215e-05,6.879850290670429e-05,0.0069755280089713,9.721824263399844e-05,8.129875406639116e-05,6.50693463262299e-05,8.530604357241384e-05,0.0001554270846261,2.3066201362948355e-05,4.304956503632097e-05,9.583394550289034e-05,0.0001658911728172,0.0001057817157173,8.42164044727543e-05,4.186333203767851e-06,0.7715408136267912,5.476971670631846e-05,7.643655244196842e-05,7.490246502515816e-05,6.197347485703299e-05,0.0001256226328147,6.118063163202279e-05,9.298894233966402e-05,7.178954506508501e-05,0.000133390437866,7.634553745180291e-05,7.712705903457273e-05,0.0070467766816913,0.006959865882122
uj0540,0.0001435075228,0.0001446749887099,0.0001986415587972,0.000149735540385,0.0004957644025653,0.0001965365359516,0.0001983648949458,0.0001436170327657,0.0001079911296447,0.0632517030947852,0.0001182379902118,0.0002209272789069,0.1263245208154644,0.0002181923457572,0.0001360027154093,0.000212639356483,9.223510195387366e-05,0.0001415315240653,0.0001372667101825,0.0002081753316817,0.0001130432307061,0.0001284115876396,6.736218574583642e-05,0.0001745780130823,0.0001467095755407,0.0001887405520209,0.3966820299202844,0.0001618058911664,0.0001663569238708,0.0001782942961993,0.0001387401429921,7.109713028813902e-05,0.0001260814868414,0.0001680406313388,0.0001781640597039,0.0001489896924785,0.0001192473612941,0.0001563335298845,0.0002848387260938,4.227157337376407e-05,7.889347788598616e-05,0.0001756271696097,0.0003040154195077,0.000193857648565,0.0001543366358824,7.671956400864344e-06,0.4047049258871366,0.0001003720578859,0.0001400791263436,0.0001372677276316,0.0001135738064722,0.000230218502686,0.0001121208264157,0.0001704133609695,0.0001315629294107,0.0002444539346938,0.0001399123304861,0.0001413445622788,0.0002986123474734,0.00013933791025
uj0541,0.0001194057987307,0.0001203771917054,0.000165280213375,0.0001245878365761,0.0004125020299674,0.0001635287237714,0.000165050014515,0.0001194969167758,8.985429362499685e-05,0.0001451586444446,9.838021997798912e-05,0.0001838231033787,0.0001414752591501,0.0001815474953072,0.0001131614046856,0.0001769271164818,7.674445077812759e-05,0.0001177616639662,0.0001142131147461,0.0001732128133111,9.405790714114914e-05,0.0001068451875499,5.604887769152963e-05,0.0001452580790624,0.0106187863788853,0.0001570420555468,0.057145666319462,0.0001346310025921,0.0001384177009094,0.000148350221866,0.0001154390882566,5.91565477814822e-05,0.0001049064212644,0.0001398186339833,0.0001482418582593,0.0001239672519317,9.9220069750022e-05,0.0001300777104924,0.0002370007852904,3.517216995888624e-05,6.564351859625262e-05,0.0001461310324149,0.0002529568017376,0.1051284627891315,0.0001284161897675,6.383470803474805e-06,0.8195847111708678,8.351482562226504e-05,0.000116553192754,0.0001142139613172,9.449937405452832e-05,0.0001915538897158,9.329041830919244e-05,0.0001417928696972,0.0001094672694723,0.0002033985170636,0.0001164144098373,0.0001176061019371,0.0002484611619324,0.0001159364620213
uj0544,0.0001070458675909,0.0001079167097514,0.0001481717305559,0.0001116915024172,0.0003698031263996,0.0001466015411162,0.0001479653600365,0.0001071275538263,8.055329741183846e-05,0.0001301329851487,8.819668821172961e-05,0.0001647952092243,0.0001268308743742,0.0001627551538593,0.0001014478431629,0.0001586130396134,6.880048040930695e-05,0.000105571920478,0.0001023906886283,0.0001552832113334,8.432178655253813e-05,9.57854301949808e-05,5.024714715501947e-05,0.0001302221270918,0.0001094343591976,0.0001407863207898,0.0324100442702151,0.0001206950803922,0.0001240898100535,0.0001329941960587,0.0001034897591883,5.303313614802829e-05,0.2635790977895285,0.0001253457297654,0.000132897049384,0.0001111351557206,8.89496034675122e-05,0.0001166131085919,0.0002124683637714,3.153142886128824e-05,5.8848627742953575e-05,0.0001310047193108,0.0002267727412978,0.0001446032916943,0.000115123575174,5.722705075153402e-06,0.697107150086912,7.487004032021713e-05,0.0001044885405187,0.0001023914475692,8.471755634979828e-05,0.000171725766529,8.363374201235299e-05,0.0001271156084234,9.813609521505686e-05,0.0001823443329991,0.000104364123297,0.0001054324609831,0.0002227424540886,0.0001039356488077
uj0545,3.247668058047541e-05,3.274088566676832e-05,4.495386951983384e-05,3.3886121241219504e-05,0.0001121946907809,4.447748923510031e-05,4.489125870086606e-05,0.1427803856422964,2.443909109827033e-05,3.948108868441776e-05,2.675802191873316e-05,4.9997272119117335e-05,0.1741908979584836,4.937833905848966e-05,3.077829412874855e-05,4.812166167039564e-05,2.0873400125774448e-05,3.202949928655426e-05,3.106434432112167e-05,4.7111423985643655e-05,2.558241424420609e-05,2.9060372816943417e-05,1.524449831608314e-05,3.950813348755048e-05,3.3201325825786297e-05,4.271320764912217e-05,0.3923972234705709,3.661771969108336e-05,3.764764782702335e-05,4.034915239291439e-05,3.139779169574037e-05,1.6089740422695084e-05,2.8533055935811053e-05,3.802868171683175e-05,4.031967903166121e-05,3.371733103602222e-05,2.698644912303832e-05,3.537928893910896e-05,6.446084598080207e-05,9.566330456466242e-06,1.7854104308917788e-05,3.9745564395369605e-05,0.0171985467571987,4.387123969314759e-05,0.002889885062489,1.736213353814289e-06,0.2685947186405236,2.2714845881008595e-05,3.1700812288383506e-05,3.106457457644333e-05,2.5702486971703937e-05,5.209993615365951e-05,2.5373668187402445e-05,3.8565645778477934e-05,2.977354184183692e-05,5.532150648824696e-05,3.1663065307044235e-05,3.198718862505384e-05,6.757790558334946e-05,3.153307029239367e-05
uj0546,0.0001206724633442,0.0001216541609198,0.0001670335168143,0.0001259094725899,0.0004168778787945,0.000165263447293,0.0001668008759895,0.1486336908595279,9.080747391699012e-05,0.0001466984969493,9.94238438608538e-05,0.000185773111022,0.0001429760380599,0.0001834733631495,0.0001143618283539,0.0001788039710399,7.755856098978706e-05,0.0001190108874893,0.0001154246950242,0.0213911825965171,9.505567964345433e-05,0.0001079786083689,5.664344789456158e-05,0.0001467989863761,0.0001233650022748,0.0001587079680628,0.0047115405032738,0.0001360591771754,0.0001398860450391,0.0001499239308351,0.0001166636737429,5.97840843544477e-05,0.0001060192755223,0.0001413018393037,0.0001498144177001,0.0001252823047425,0.0001002726028148,0.0001314575834519,0.0002395149053019,3.554527866498063e-05,0.1379712000158263,0.0001476812000755,0.0002556401842274,0.0001630108271261,0.0001297784372053,6.45118708412112e-06,0.6797659937033294,8.440075641823373e-05,0.0001177895967345,0.0001154255505759,9.550182966706032e-05,0.0001935859060521,9.428004923918724e-05,0.0001432970178407,0.0001106285055097,0.0002055561819905,0.0001176493415994,0.0001188536752478,0.0002510968543776,0.0001171663236813
uj0550,7.373886060802514e-05,7.4338742790621e-05,0.0001020685322226,7.693901981642567e-05,0.0261836616350615,0.0001009869026107,0.194568838854852,7.379513041145577e-05,5.548937575121489e-05,8.964248941449986e-05,6.075454797551427e-05,0.0001135196643769,8.73678206992143e-05,0.0001121143662409,6.988264502244166e-05,0.0001092610586647,4.739341320539247e-05,7.272352780585471e-05,7.053212689328843e-05,0.0001069672966642,5.8085310575255065e-05,6.598207520180207e-05,3.461289504582962e-05,8.970389510414333e-05,7.538418007353639e-05,9.69810709920203e-05,0.171417053851226,8.314116097529468e-05,8.547963048310577e-05,9.161344296195691e-05,7.128922487983273e-05,3.6532031754553545e-05,6.4784793173618e-05,8.634477446904646e-05,9.154652318942312e-05,7.655577875882433e-05,6.127319586305316e-05,8.03292826995502e-05,0.4668669494128112,2.172051747442914e-05,4.053805023743463e-05,9.024298605502816e-05,0.0001562130695615,9.961040262160048e-05,7.930321322531967e-05,3.942102215941109e-06,0.136646097802178,5.157444739470808e-05,7.197723833573089e-05,7.05326496919478e-05,5.83579377636726e-05,0.0001182937991523,5.761134907087729e-05,8.756396058614771e-05,6.760133771190596e-05,0.0001256084298841,7.18915331668035e-05,7.262746072280162e-05,0.0001534367943683,7.159637725512393e-05
uj0553,0.0001349925638336,0.0001360907586411,0.0001868552448175,0.0001408510445947,0.0004663484286675,0.0001848751226238,0.0001865949967002,0.0001350955760712,0.0001015835210419,0.0001641070851205,0.0001112223884142,0.0002078186510263,0.0001599428851422,0.1307413277301255,0.000127933051057,0.0002000224890202,8.67623706776958e-05,0.0001331338101591,0.0001291220472279,0.0001958233352672,0.0001063358577956,0.0001207923396851,6.33652785710896e-05,0.0001642194995437,0.0001380046241115,0.0001775417101457,0.0883390707319381,0.0001522052061507,0.0001564862052291,0.0001677152785531,0.0001305080545168,6.687861173791314e-05,0.0001186004944452,0.0001580700106172,0.0001675927695857,0.0001401494512625,0.0001121718688847,0.0001470575451412,0.4037430996690327,3.976340721147654e-05,7.421236630518035e-05,0.0001652064048064,0.000285976791485,0.0001823551859022,0.0001451791360113,7.216744070037404e-06,0.3688250115090252,9.441652372587185e-05,0.00013176758985,0.0001291230043072,0.0001068349520701,0.0002165585839207,0.0001054681839787,0.0001603019553256,0.0001237566979075,0.0002299493625121,0.0001316106907551,0.0001329579416722,0.0002808943084746,0.0001310703535039
uj0554,7.570172469755353e-05,7.63175752201055e-05,0.0001047855074365,7.89870693500896e-05,0.0002615209264684,0.0001036750857887,0.0001046395643507,7.575949235402351e-05,5.696645448709861e-05,9.202869421773086e-05,6.237178099909706e-05,0.000116541458731,8.969347580721009e-05,0.2663063679618961,7.1742860019863e-05,0.0001121694926528,4.865498448672199e-05,7.465936462265517e-05,7.240963053106268e-05,0.0001098146727105,5.963149082969832e-05,6.773846043610394e-05,3.553426009215473e-05,9.209173447322062e-05,7.739084113074267e-05,9.956262242968277e-05,0.0029557011781785,8.535430609164796e-05,8.775502361608813e-05,9.405211282782288e-05,7.318688180500236e-05,3.750448254450676e-05,6.65093078056515e-05,8.864319697959545e-05,9.398341170937052e-05,7.859362675013466e-05,6.290423484058161e-05,8.246757807119526e-05,0.0001502554180104,2.229869868586884e-05,4.161713774183116e-05,9.264517555454896e-05,0.0001603713250869,0.0001022619445716,8.141419552340052e-05,4.04703753516245e-06,0.7259042898828647,5.294731415578367e-05,7.389320957840638e-05,7.241016724616592e-05,5.991137511584643e-05,0.0001214426768059,5.914491288387988e-05,8.989483676668802e-05,6.940082630048255e-05,0.0001289520166215,7.380522301270953e-05,7.456074031772537e-05,0.0001575211478719,7.350221030835552e-05
uj0556,0.0001716598879126,0.0001730563796318,0.0002376097576811,0.000179109677162,0.0005930202132612,0.0002350917852523,0.0002372788197289,0.0001717908808256,0.0001291761215626,0.0002086826343426,0.0001414331440663,0.0002642673442761,0.0002033873345036,0.000260995889869,0.000162682836603,0.0002543535515596,0.0001103291796422,0.0001692962506991,0.0001641947935852,0.0002490138036349,0.0001352193106932,0.0001536025311483,8.057685777766243e-05,0.0002088255833075,0.0001754900983702,0.0002257664362978,0.2934173303670485,0.000193547910237,0.0001989917347047,0.0002132709024857,0.0001659572747849,8.504449925723207e-05,0.0001508153264496,0.0002010057408669,0.0002131151170483,0.0001782175137023,0.000142640526951,0.0001870020169908,0.0003407165202244,5.056413354262835e-05,9.437028322076353e-05,0.0153003455465906,0.0003636551716465,0.0002318873712987,0.0001846133854133,9.17699051692488e-06,0.4388264903845129,0.0001200623902502,0.000167558931113,0.0001641960106308,0.0001358539713351,0.0002753812594311,0.0001341159551755,0.000203843937043,0.0001573720824906,0.0002924093051751,0.0001673594143376,0.2416133124536643,0.0003571921603584,0.0001666723081049
uj0558,5.5149342012614346e-05,5.559799428880169e-05,7.633712191726289e-05,5.754274317481905e-05,0.0001905201905885,7.55281704240296e-05,7.623080115395742e-05,5.519142623535376e-05,4.15005403682244e-05,6.704367638471998e-05,4.5438366113820495e-05,8.49014311349484e-05,0.3248856547143306,8.385040774113546e-05,5.2265275857399405e-05,8.171641714121002e-05,3.544556469217923e-05,5.438997394668807e-05,5.275102377282655e-05,8.000091104284622e-05,4.344204171870589e-05,4.9348037140815226e-05,2.588700681281527e-05,6.708960174011258e-05,5.637987751554041e-05,7.253220633987499e-05,0.3948464664578287,6.218132859857801e-05,6.393027147088363e-05,6.851775383022712e-05,5.33172578514753e-05,2.73223304107888e-05,4.845258912990992e-05,6.457731322305314e-05,6.846770448863924e-05,5.725611693751817e-05,4.5826263207675095e-05,6.007832299951949e-05,0.0001094623335229,1.624478920627494e-05,3.031843425073908e-05,6.749278821439635e-05,0.0001168318567584,7.449868518303358e-05,5.931092496954661e-05,2.948300822157816e-06,0.2718799584744321,3.857256289328659e-05,5.383182356452998e-05,5.2751414774285376e-05,4.364593977099475e-05,8.847200965177823e-05,4.308756560000521e-05,6.548914331636665e-05,5.0559084629772565e-05,0.0049420069889054,5.37677246127093e-05,5.431812531252471e-05,0.0001147554787281,5.354697731357773e-05
uj0559,7.570172469755353e-05,7.63175752201055e-05,0.0001047855074365,7.89870693500896e-05,0.1067380286101126,0.0001036750857887,0.0001046395643507,7.575949235402351e-05,5.696645448709861e-05,9.202869421773086e-05,6.237178099909706e-05,0.000116541458731,8.969347580721009e-05,0.0001150987527855,7.1742860019863e-05,0.0533504233344749,4.865498448672199e-05,7.465936462265517e-05,0.0067271913607588,0.0001098146727105,5.963149082969832e-05,6.773846043610394e-05,3.553426009215473e-05,9.209173447322062e-05,7.739084113074267e-05,9.956262242968277e-05,0.0362296098293174,0.1531453341013302,8.775502361608813e-05,9.405211282782288e-05,7.318688180500236e-05,3.750448254450676e-05,6.65093078056515e-05,8.864319697959545e-05,9.398341170937052e-05,7.859362675013466e-05,6.290423484058161e-05,8.246757807119526e-05,0.0001502554180104,0.0066770804289136,4.161713774183116e-05,9.264517555454896e-05,0.0001603713250869,0.0001022619445716,8.141419552340052e-05,4.04703753516245e-06,0.632737345659676,5.294731415578367e-05,7.389320957840638e-05,7.241016724616592e-05,5.991137511584643e-05,0.0001214426768059,5.914491288387988e-05,8.989483676668802e-05,6.940082630048255e-05,0.0001289520166215,7.380522301270953e-05,7.456074031772537e-05,0.0001575211478719,7.350221030835552e-05
uj0560,0.0002512937686613,0.0002533380998752,0.0003478381129363,0.0002621995524118,0.0008681252568369,0.0003441520405014,0.0003473536512125,0.0002514855298419,0.0001891015705723,0.0003054915523702,0.0002070446871323,0.00038686228731,0.0002977397364456,0.0003820731888377,0.0002381522183406,0.0003723494365575,0.0001615114380111,0.0002478336283201,0.0002403655797305,0.000364532552858,0.0001979482253721,0.0002248595137602,0.0001179568651946,0.0003057008160751,0.0002569008329112,0.0003305006155159,0.2528093824975304,0.0002833357540391,0.0002913049959107,0.0003122083410581,0.0002429456847757,0.0001244970679064,0.0002207793108587,0.0002942533096067,0.000311980285977,0.00026089350986,0.0002088121809774,0.0002737531881695,0.3318594927624114,7.402108804526802e-05,0.0001381491297038,0.0003075379775878,0.0005323566249953,0.0003394610828843,0.0002702564584538,1.3434242326553596e-05,0.399402436042393,0.0001757599337117,0.0002452903574869,0.0002403673613697,0.0001988773082607,0.0004031320033039,0.0001963330177102,0.0002984081591872,0.0002303777788278,0.0004280594446531,0.0002449982838813,0.000247506242473,0.0005228953904387,0.0002439924256299
uj0562,7.05381488693736e-05,7.111199254353834e-05,9.76381416994562e-05,7.359940184760699e-05,0.0002436827181598,9.660346134289384e-05,9.750215331670756e-05,7.059197622361413e-05,5.308080183411221e-05,8.575146416966837e-05,5.8117433796121406e-05,0.0001085922255835,8.357552980962677e-05,0.0001072479258709,6.684931632157745e-05,0.00010451846907,0.4651100222842923,6.956688764074998e-05,6.747060675807171e-05,0.0001023242701886,5.556405741418838e-05,6.311805478030925e-05,3.31104864302313e-05,8.581020448165289e-05,7.211205153669092e-05,9.277150700104406e-05,0.0957670315225188,7.9532332635604e-05,8.176929844858695e-05,8.763686643380391e-05,6.819484212112467e-05,3.4946321019271794e-05,6.197274202057448e-05,8.25968899623496e-05,8.757285138341705e-05,7.32327957656709e-05,5.861356923407558e-05,7.684250685335647e-05,0.0001400065729861,2.0777715881391985e-05,3.877845411420836e-05,8.632589563058158e-05,0.0001494324792276,9.528670976367118e-05,7.586097498906134e-05,3.770991179867495e-06,0.3849501938726173,4.933580500412112e-05,6.885299163924992e-05,6.747110686411294e-05,5.5824850936679314e-05,0.0001131591340865,0.0496620105120447,8.376315604129958e-05,6.466703152139919e-05,0.0001201562656835,6.877100659208718e-05,6.947499044909324e-05,0.0001467767111391,6.848866222893788e-05
uj0563,5.4883264414328685e-05,5.532975208952975e-05,7.596882018747728e-05,5.726511819609814e-05,0.0001896009927725,7.516377162150646e-05,7.586301238719758e-05,5.49251455944115e-05,4.130031378879923e-05,6.672021250026227e-05,4.5219140808778335e-05,8.44918094048789e-05,0.4535843861944885,8.344585685634102e-05,5.201311293819915e-05,8.13221620654474e-05,3.527455139666219e-05,5.412756005179076e-05,5.249651727827268e-05,7.961493272480797e-05,4.323244802813213e-05,4.9109948947495785e-05,2.576211044328138e-05,6.67659162807853e-05,5.610786298456843e-05,7.218226208746923e-05,0.1758311295281798,6.188132395721826e-05,6.362182875026456e-05,6.818717800259703e-05,5.306001946206618e-05,2.7190509072764363e-05,4.821882118135562e-05,6.42657487368948e-05,6.813737013276783e-05,5.697987483696123e-05,4.560516642559716e-05,5.978846467466249e-05,0.0001089342134449,1.616641339363743e-05,3.017215768832111e-05,6.716715751175657e-05,0.000116268181133,7.413925331121893e-05,5.9024769090036966e-05,2.934076231742867e-06,0.3670617069373525,3.83864628507508e-05,5.357210256328737e-05,5.249690639327692e-05,4.343536233878295e-05,8.804516104425965e-05,4.287968214115627e-05,6.517317954723558e-05,5.031515352708173e-05,9.34893842019926e-05,5.350831286801501e-05,5.405605806386687e-05,0.0001142018209498,5.328863060264518e-05
uj0564,6.107085026758607e-05,6.156767534257939e-05,8.453360951072253e-05,6.372123626809062e-05,0.0002109767697632,8.363779908553758e-05,8.441587284915585e-05,6.111745316748936e-05,4.595654624985429e-05,7.424230593618348e-05,5.031718515709889e-05,9.40174877727505e-05,0.1128132079125714,9.28536136453566e-05,5.787711547585171e-05,9.049049169966455e-05,0.1342545484549044,6.022994715324679e-05,5.841501923187582e-05,8.85907878728747e-05,4.8106510944672426e-05,5.4646646310606425e-05,2.866655265950068e-05,7.429316239974791e-05,6.243351112092785e-05,8.032015163384863e-05,0.0023844527295704,6.885787698817384e-05,7.079460777014232e-05,7.587465837543472e-05,5.9042051130563794e-05,3.0255990163892373e-05,5.365505204310097e-05,7.151112384307357e-05,7.581923512404931e-05,6.340383433033114e-05,5.074673162988559e-05,6.652906697222438e-05,0.000121215549208,1.798902857296095e-05,3.357379237726949e-05,0.0054433515207326,0.0001293763546435,8.249777571062265e-05,6.567927169863082e-05,3.264866478599449e-06,0.7412984922065374,4.271418528174172e-05,5.961186691562989e-05,5.8415452216036186e-05,4.833230198708119e-05,9.797144729451772e-05,4.771397393192524e-05,7.252085917383221e-05,5.598772667831295e-05,0.0001040294567959,5.954088551592335e-05,6.015038397046362e-05,0.0001270770312578,5.929643608533621e-05
uj0566,1.743997908706569e-05,1.758185723154622e-05,2.4140230168101297e-05,1.8196848791989124e-05,6.024855452978526e-05,2.3884413931504816e-05,2.410660815520141e-05,1.745328745916382e-05,1.3123793135341686e-05,2.120134658727344e-05,1.436905910127101e-05,2.684853761476921e-05,2.06633646534942e-05,2.6516170530427173e-05,1.65279454780127e-05,2.5841334710515088e-05,0.5304681056738029,1.7199842709987783e-05,1.6681554445544853e-05,2.5298837023555285e-05,1.3737757721576683e-05,1.560542164812604e-05,8.186296353979357e-06,2.121586964790088e-05,1.7829113619840605e-05,2.2936994632081343e-05,0.1110650213456262,1.9663717295432382e-05,2.021678875565952e-05,2.1667496841912543e-05,1.686061570230036e-05,8.640191407271282e-06,1.532225245672986e-05,2.04214039734388e-05,2.1651669645453624e-05,1.810620844340277e-05,1.449172452134457e-05,1.89986799200241e-05,3.46154774978944e-05,5.137119930939956e-06,9.587654901930176e-06,2.134337005720927e-05,3.694595554930142e-05,2.355885789732209e-05,1.875600421246768e-05,9.323466573554032e-07,0.3573380033831431,1.2197873367910284e-05,1.70233377756216e-05,1.668167809266404e-05,1.38022367822153e-05,2.7977668305902297e-05,1.3625661078690352e-05,2.070975370125073e-05,1.5988393449966004e-05,2.970765173581273e-05,1.7003067644764918e-05,1.7177121882657573e-05,3.628933865950108e-05,1.6933260315431773e-05
uj0567,0.0001206724633442,0.0001216541609198,0.0001670335168143,0.0001259094725899,0.0004168778787945,0.000165263447293,0.0001668008759895,0.0001207645479755,9.080747391699012e-05,0.0001466984969493,9.94238438608538e-05,0.000185773111022,0.0001429760380599,0.0001834733631495,0.0001143618283539,0.0001788039710399,7.755856098978706e-05,0.0001190108874893,0.0001154246950242,0.0001750502662953,9.505567964345433e-05,0.0001079786083689,5.664344789456158e-05,0.0001467989863761,0.0001233650022748,0.0001587079680628,0.2062647976403807,0.0001360591771754,0.0001398860450391,0.0001499239308351,0.0001166636737429,5.97840843544477e-05,0.0001060192755223,0.0001413018393037,0.0001498144177001,0.0001252823047425,0.0001002726028148,0.0001314575834519,0.0002395149053019,3.554527866498063e-05,0.2334437955018243,0.0107557473651864,0.0002556401842274,0.0001630108271261,0.0001297784372053,6.45118708412112e-06,0.5312530673917769,8.440075641823373e-05,0.0001177895967345,0.0001154255505759,9.550182966706032e-05,0.0001935859060521,9.428004923918724e-05,0.0001432970178407,0.0107186946706206,0.0002055561819905,0.0001176493415994,0.0001188536752478,0.0002510968543776,0.0001171663236813
uj0568,5.8555937455456535e-05,5.903230315022159e-05,8.105249443401124e-05,6.109717990088443e-05,0.0002022886938806,8.019357370506705e-05,8.093960619746787e-05,5.86006212363442e-05,4.4064044238525234e-05,7.118498930176863e-05,4.824511095037958e-05,9.014582422904806e-05,6.937867770533411e-05,8.90298787278623e-05,5.54937214572396e-05,8.676407073198114e-05,3.7635050454706136e-05,5.774966294063315e-05,5.600947420272774e-05,8.494259718153935e-05,4.612547285216989e-05,5.239628381615465e-05,2.748605688701544e-05,7.123375148350733e-05,5.9862483595745504e-05,7.701254780106941e-05,0.3214331890401248,6.602229247780865e-05,6.787926820420027e-05,7.275012106134379e-05,5.66106847717844e-05,2.9010040959428383e-05,0.0051989766311853,6.85662779669358e-05,7.269698015324308e-05,6.079284865391064e-05,4.865696859251985e-05,6.378938343786437e-05,0.0155588171853397,1.7248235899571305e-05,3.2191215251989366e-05,7.166184293681328e-05,0.0001240486041626,7.91004967764377e-05,6.29745829451177e-05,3.130418464515061e-06,0.3813296449352746,0.272860103904014,5.715703540101695e-05,5.600988935649263e-05,4.634196576326183e-05,9.393695871372535e-05,4.574910061129452e-05,6.953443214549077e-05,5.368213816057735e-05,9.974549787624884e-05,5.708897703301477e-05,5.76733761895171e-05,0.0001218439674862,5.685459409081298e-05
uj0571,0.0002096182221385,0.0002113235134269,0.0002901512728077,0.0002187153478372,0.0007241519513242,0.0002870765131167,0.0002897471561208,0.000209778180891,0.0001577402226809,0.0002548276323257,0.0001727075822496,0.0003227035246849,0.0002483614080293,0.000318708669131,0.0001986561181873,0.2398629428498643,0.0001347257461706,0.0002067319250746,0.0002005024070227,0.0003040770411808,0.0001651197134693,0.000187567927993,9.839443493904518e-05,0.0002550021909151,0.0002142953888097,0.0002756890941196,0.0266114457656251,0.0002363462386925,0.000242993830162,0.0002604304823715,0.0002026546173039,0.0001038499847211,0.0001841644019814,0.0002454531839238,0.0002602402488416,0.0002176259045167,0.0001741819479668,0.0002283528832192,0.1109786784544016,6.174513979978721e-05,0.0001152379349188,0.0186836381555483,0.0004440685094168,0.0002831635223527,0.0002254360649065,1.120625476418268e-05,0.591143414644532,0.0001466112153281,0.0002046104402749,0.0002005038931878,0.0001658947135991,0.0003362750070162,0.000163772378196,0.0002489189769157,0.0001921710222874,0.0003570683834931,0.0002043668053043,0.0002064588341834,0.0004361763631947,0.0002035277625397
uj0572,7.724384753357024e-05,7.78722435715407e-05,0.0001069200971641,8.059611807231435e-05,0.0002668483796329,0.0001057870550729,0.0001067711810659,7.730279197726113e-05,5.812692039064889e-05,9.39034143973432e-05,6.36423590233894e-05,0.0001189155294086,0.3192378086054281,0.0001174434340431,7.320433666652857e-05,0.0001144545018361,4.9646137105275706e-05,7.618025350024787e-05,7.38846899862549e-05,0.0001120517117634,6.084624629427455e-05,6.911836330004101e-05,3.62581299137209e-05,9.39677388483776e-05,7.896737302460738e-05,0.0001015908165596,0.0030159118840974,8.709306204604887e-05,8.954268468238783e-05,9.596805214818678e-05,7.467777467672048e-05,3.826848784578549e-05,6.78641715526075e-05,9.04489510607066e-05,9.589795151652584e-05,8.019466063755246e-05,6.418565950319507e-05,8.414752837460877e-05,0.0001533162770895,2.275294636112749e-05,4.246492210523557e-05,9.453245409992222e-05,0.0001636382557103,0.0001043451267,8.307268732915752e-05,4.129479897289934e-06,0.6727882494324928,5.40259059922524e-05,7.539849108120828e-05,7.388523763480279e-05,6.113183211431553e-05,0.0001239165903913,6.034975624982498e-05,9.172608805153996e-05,7.081459328536951e-05,0.0001315789032661,7.530871213769222e-05,7.607962011569107e-05,0.0001607300174222,7.499952674952082e-05
uj0577,7.187521381930608e-05,7.245993481695839e-05,9.94888925220308e-05,7.499449346999513e-05,0.0002483017736153,9.84345995889929e-05,9.935032645184516e-05,7.193006148198758e-05,5.408695922247993e-05,8.737690060349057e-05,5.9219061567112624e-05,0.0064290517024609,0.2970500109118699,0.0001092808321058,6.811645870074667e-05,0.0001064996378964,4.6195610830927066e-05,7.088554213666806e-05,6.874952582375283e-05,0.0001042638475292,5.661728541684161e-05,6.43144703385195e-05,3.3738102430802285e-05,8.743675435002874e-05,7.347895013160565e-05,9.453000977368158e-05,0.3187263531922401,8.103988416705064e-05,8.331925212172117e-05,8.929804105078381e-05,6.948748921532597e-05,3.560873563764356e-05,6.31474479426191e-05,8.416253080084964e-05,8.923281258210469e-05,7.462093829525684e-05,5.972460135314144e-05,7.829907219034645e-05,0.0001426604260359,2.1171561709358224e-05,3.951350759434278e-05,8.796222052950864e-05,0.0001522650022461,9.709288871593328e-05,7.729893519005008e-05,3.84247108420185e-06,0.3732917997778335,5.02709752163402e-05,7.01581140913477e-05,6.875003540940572e-05,5.688302233356221e-05,0.0001153040884747,5.615530262800577e-05,8.535090369039013e-05,6.589280824859343e-05,0.0001224338521234,7.007457500095109e-05,7.079190301506375e-05,0.0001495588935337,6.978687874300685e-05
uj0581,0.0001453410655885,0.0001465234477806,0.0002011795288669,0.1023647035682624,0.0005020986018282,0.0257523113389195,0.0002008993301833,0.0001454519747228,0.0001093708925527,0.0001766874999977,0.000119748673485,0.0002237499854182,0.0001722040733185,0.0002209801090345,0.0001377403720366,0.0002153561712606,9.341355589647682e-05,0.0001433398202454,0.0001390205164057,0.0002108351112577,0.0001144875424496,0.0001300522552219,6.822284759466536e-05,0.000176808532087,0.0001485840297783,0.0001911520205719,0.0056747023996363,0.0001638732254713,0.0001684824050451,0.0001805722967853,0.0001405127747239,7.200551214841742e-05,0.0001276923835837,0.0001701876246236,0.0001804403963061,0.0768106844629316,0.0001207709409302,0.0001583309458438,0.0002884780056377,4.281166170507272e-05,7.990147080940603e-05,0.0001778710933011,0.0003078997126037,0.0001963344963747,0.2429123139542646,7.769978163474846e-06,0.5248653785147451,0.000101654474719,0.0001418688657727,0.0129156534108545,0.0001150248971869,0.0002331599197431,0.0001135533529391,0.0001725906697473,0.0001332438605267,0.0002475772326251,0.000141699938826,0.0001431504697171,0.0003024276075071,0.0001411181794339
uj0586,0.0002896906029186,0.0002920473009978,0.0004009865950573,0.0003022627533814,0.0010007718472356,0.0003967373032751,0.0004004281092277,0.0002899116645563,0.0002179956482159,0.0003521696238793,0.0002386804120372,0.000445973530718,0.0003432333568128,0.0004404526742667,0.0002745410683481,0.0004292431656678,0.0001861898371175,0.0002857017648867,0.00027709262384,0.0004202318886913,0.0002281940418188,0.0002592172836605,0.0001359802735207,0.2804795167330129,0.0002961544075398,0.000380999986923,0.2914377974007913,0.000326628494822,0.0003358154097816,0.0003599127150632,0.0002800669601721,0.0001435197969911,0.0002545136396152,0.0003392142157956,0.0003596498139404,0.0003007571519641,0.000240717972938,0.0003155817454375,0.0005749879914776,8.533125886391374e-05,0.0001592578474578,0.0003545287359189,0.0006136989089867,0.0003913295832684,0.000311550727299,1.5486948920645803e-05,0.4094975705129527,0.0002026154545618,0.0002827698909092,0.0002770946777076,0.0002292650854169,0.0004647292040508,0.0002263320359127,0.0003440039122789,0.000265578720886,0.0004934654737647,0.0002824331894487,0.0002853243555942,0.0006027920299278,0.0002812736394732
uj0588,0.0001770018990329,0.0001784418492117,0.000245004111617,0.0001846835237885,0.0006114748482509,0.0002424077805403,0.0002446628749617,0.0001771369684113,0.00013319604891,0.0002151767837145,0.00014583450677,0.0002724912753821,0.0002097166955201,0.0002691180141637,0.0001677454842185,0.0002622689680115,0.0001137625950528,0.0001745647060433,0.0001693044929092,0.0002567630485185,0.0001394273005165,0.0001583826020168,8.308438866051872e-05,0.0002153241812141,0.000180951304645,0.0002327922291488,0.4892668428678108,0.0001995710709263,0.0002051843057973,0.0002199078375703,0.000171121822066,8.769106198238808e-05,0.000155508660232,0.0002072609873081,0.0002197472041306,0.0001837635964337,0.0001470794630965,0.0001928214711827,0.0003513195298269,5.213767624359677e-05,9.73070619203365e-05,0.0002166182088309,0.0003749720261226,0.0002391036460569,0.000190358506011,9.462576077935026e-06,0.499162267122717,0.0001237987006466,0.000172773321523,0.000169305747829,0.0001400817116327,0.0002839510526897,0.0001382896088617,0.0002101875074119,0.0001622694608177,0.0003015090067939,0.0001725675958374,0.0001743341077401,0.0003683078876021,0.0001718591070372
uj0589,6.641956310136358e-05,6.695990115584082e-05,9.193723988584304e-05,6.930207545270898e-05,0.000229454556647,9.09629725094805e-05,9.180919160113756e-05,6.64702475807391e-05,4.998151671687185e-05,8.074460241363837e-05,5.472406950257816e-05,0.0001022517360474,0.0175951141399714,0.000100985927389,6.29461143349034e-05,9.841583827938502e-05,4.268915702017202e-05,6.550501193300305e-05,6.35311288272375e-05,9.63497544170429e-05,5.231977981763908e-05,5.9432713921647625e-05,3.117722931519169e-05,8.079991299267942e-05,6.790156864308647e-05,8.735475855306718e-05,0.0434649310759467,7.488859391350862e-05,7.699494762922862e-05,8.251991969459094e-05,6.421307749143643e-05,3.290587308150667e-05,0.0117359665559728,7.77742176788624e-05,8.24596423588973e-05,0.3387197130591464,5.5191236554112846e-05,7.235582184422011e-05,0.0001318318606047,1.956454533052696e-05,3.651425535396059e-05,8.128549393513531e-05,0.0001407074064536,8.972310350232866e-05,7.14315997226944e-05,3.5508103152766903e-06,0.5843483316747348,4.645518299177464e-05,6.48327989350797e-05,6.353159973305648e-05,5.25653461119232e-05,0.0001065519916162,5.189286359208228e-05,7.887238774237296e-05,6.089124891365444e-05,0.0001131405742638,6.47556008358855e-05,6.541848044021627e-05,0.0001382067035154,6.448974201275083e-05
uj0592,5.70866606479038e-05,5.755107344604305e-05,7.901873739004315e-05,5.95641386187167e-05,0.0001972128962883,7.818136857131342e-05,7.890868172821389e-05,5.713022323005765e-05,4.295839584384463e-05,6.939882621785352e-05,4.70345518563317e-05,8.788389871657173e-05,6.763783832130637e-05,8.679595435266827e-05,5.410128131461635e-05,8.458699967147016e-05,3.669071740861255e-05,5.630061705237962e-05,5.460409286950442e-05,8.281123026239355e-05,4.496809939963743e-05,5.1081564114645486e-05,2.6796380866613783e-05,0.0301796665351863,5.836042312823711e-05,0.0954241106998395,0.3585331658855664,6.436567100892858e-05,6.617605177867637e-05,7.092468592586503e-05,5.519021795305856e-05,2.8282125359063057e-05,5.015466027752084e-05,6.68458231953993e-05,7.08728784214668e-05,5.9267443605785474e-05,4.743607522823559e-05,6.218878978799514e-05,0.0001133075909794,1.6815445749166545e-05,3.138347810299973e-05,6.986371471294798e-05,0.0001209359951767,7.711571896517084e-05,6.139443414710805e-05,3.051870473521908e-06,0.341651158459562,3.99275626480787e-05,5.572285963417744e-05,5.460449760629325e-05,4.517916010304746e-05,9.157990662289156e-05,4.4601171034627686e-05,6.778968459439167e-05,5.233515399455358e-05,0.1707218236639383,5.565650897654609e-05,5.622624447699039e-05,0.0001187866769134,5.542800713600585e-05
uj0593,0.0001349925638336,0.0001360907586411,0.0001868552448175,0.0001408510445947,0.0004663484286675,0.0001848751226238,0.0001865949967002,0.0001350955760712,0.0001015835210419,0.0001641070851205,0.0001112223884142,0.0002078186510263,0.0001599428851422,0.0002052459939936,0.000127933051057,0.0002000224890202,8.67623706776958e-05,0.0001331338101591,0.0001291220472279,0.0001958233352672,0.0001063358577956,0.0001207923396851,6.33652785710896e-05,0.3087040490576735,0.0001380046241115,0.0001775417101457,0.2782097350754026,0.0001522052061507,0.0001564862052291,0.0001677152785531,0.0001305080545168,6.687861173791314e-05,0.0001186004944452,0.0001580700106172,0.0001675927695857,0.0001401494512625,0.0001121718688847,0.0001470575451412,0.0002679379391706,3.976340721147654e-05,7.421236630518035e-05,0.0001652064048064,0.000285976791485,0.0001823551859022,0.0001451791360113,7.216744070037404e-06,0.4044257610734248,9.441652372587185e-05,0.00013176758985,0.0001291230043072,0.0001068349520701,0.0002165585839207,0.0001054681839787,0.0001603019553256,0.0001237566979075,0.0002299493625121,0.0001316106907551,0.0001329579416722,0.0002808943084746,0.0001310703535039
uj0594,3.4236044847757095e-05,3.451456275727422e-05,4.738916248375784e-05,3.572183935658681e-05,0.0001182726312111,4.688697517578125e-05,0.0090761824102074,3.426217022449795e-05,2.57630337806696e-05,4.1619903841115256e-05,2.8207588401068225e-05,5.270578211631256e-05,4.0563803170340434e-05,5.205331949874604e-05,3.2445651442677985e-05,5.072856393109069e-05,2.2004178076647867e-05,3.3764638332062674e-05,3.2747197876603974e-05,4.966359848314845e-05,2.69682943491794e-05,3.063466491250788e-05,1.607034089391348e-05,4.164841374657361e-05,3.499994641262614e-05,4.502711688909623e-05,0.0013367135094606,3.860141711404474e-05,3.968713970704911e-05,0.0271291127444046,3.3098709147699696e-05,1.696137243260393e-05,3.0078781611974988e-05,4.008881540502171e-05,0.3130429579360396,3.5543905253356124e-05,2.844839022783314e-05,3.729589666036492e-05,6.795289341392403e-05,1.0084568763869912e-05,1.882131747799746e-05,4.1898707035883045e-05,7.252780435196855e-05,4.624788318311918e-05,3.681950524006071e-05,1.8302695098154832e-06,0.6473093318653617,2.39453807591292e-05,3.341814532202846e-05,3.274744060558298e-05,2.709487179521557e-05,5.4922354096566894e-05,2.6748239859780064e-05,4.065486850427855e-05,3.138646855388629e-05,5.8318447061851256e-05,3.337835346759935e-05,3.3720035568517386e-05,7.123881397102989e-05,3.324131621280561e-05
uj0595,6.800790294684365e-05,6.856116250248531e-05,9.413580269739436e-05,7.095934693532949e-05,0.0002349416721599,9.313823694895932e-05,9.400469229991294e-05,6.805979948143875e-05,5.117676147356772e-05,8.267550745625818e-05,5.603272641086157e-05,0.0001046969569891,8.057762517343205e-05,0.0001034008781176,6.44513910462797e-05,0.0001007693285775,4.371001421794697e-05,6.707148144399717e-05,6.505039542028375e-05,9.865383693275078e-05,5.3570941179003017e-05,6.0853972105817055e-05,3.192279332194999e-05,0.2870475547890244,6.95253487766869e-05,8.944373711937272e-05,0.1282024132015053,7.66794599194062e-05,7.883618442016505e-05,8.449327920460017e-05,6.574865202427245e-05,3.3692775417583525e-05,5.974974240520406e-05,7.963408972743118e-05,8.443156041266096e-05,0.0478980763326189,5.6511065171570494e-05,7.408611980947837e-05,0.0001349844528128,2.003240668727441e-05,3.7387447588275945e-05,8.322933371438333e-05,0.0001440722461151,9.186871804266212e-05,7.313979608485339e-05,3.63572345297512e-06,0.5265810772929809,4.756609993746874e-05,6.638319332242959e-05,6.50508775872198e-05,5.382237988062777e-05,0.000109100047731,5.3133815791866834e-05,8.075852113906784e-05,6.234738611743284e-05,0.0001158461879995,6.630414912833171e-05,6.698288066000364e-05,0.006119945547202,6.60319326276945e-05
uj0598,2.6623901864474982e-05,2.68404932821886e-05,3.685251660984096e-05,2.777934044886069e-05,0.4026497257791208,3.646198710607938e-05,3.680118918751643e-05,2.664421844805273e-05,2.003480501786518e-05,3.2366011915285004e-05,2.1935830168558245e-05,4.098702338412891e-05,3.1544727776221925e-05,4.047963122543838e-05,2.5231589799001328e-05,3.944942571003745e-05,1.7111704355051534e-05,2.6257309261038063e-05,2.54660895112236e-05,0.3674895909371127,2.097208440395725e-05,2.3823263344484083e-05,1.2497213997435272e-05,3.238818284444648e-05,2.721795530691065e-05,3.501565518524196e-05,0.0080608608019404,3.001866441185367e-05,3.086298424776735e-05,3.307763769027324e-05,2.573944473165065e-05,1.3190130961113126e-05,2.3390976773202247e-05,3.117535018874337e-05,3.305347586512377e-05,2.764096873788113e-05,2.2123091408373903e-05,2.90034172185695e-05,5.2844047076833e-05,7.842336061562085e-06,1.4636530350472437e-05,3.2582825187086936e-05,5.6401758850925095e-05,3.596499270819637e-05,2.863294806888652e-05,1.4233219997099208e-06,0.2201899733158286,1.862129431929136e-05,2.5987856526737137e-05,2.546627827112696e-05,2.1070518248068293e-05,4.271075622594117e-05,2.080095747744872e-05,3.1615545375766664e-05,2.440790875134757e-05,4.535175188511961e-05,2.595691211034684e-05,2.6222623607225108e-05,5.539936638535349e-05,2.585034412214522e-05
uj0599,3.2019607458777466e-05,3.228009415262995e-05,4.4321193855123656e-05,3.340921181140324e-05,0.0367027210006504,4.385151809252621e-05,0.0225624781258948,3.204404148179837e-05,2.4095138099993083e-05,3.892543631691968e-05,2.6381432550908107e-05,0.3350077962086842,3.793770747541546e-05,0.0253816793883021,3.0345123905483115e-05,4.744440285798476e-05,2.0579630258121355e-05,3.157871974370502e-05,3.0627148259868687e-05,0.0084907803812743,2.522237024555313e-05,2.8651380423517223e-05,1.5029948974539894e-05,3.895210049455827e-05,3.273405412903456e-05,4.211206680563172e-05,0.0096945068371956,0.0056656570314745,0.1323316524364748,3.978128299516617e-05,3.0955902733928745e-05,1.5863295239540122e-05,2.813148494040569e-05,3.749347036038482e-05,3.975222443865888e-05,3.3242797140423824e-05,2.6606644896629e-05,3.488136483634293e-05,6.355363134023167e-05,9.431695005835863e-06,1.7602827668394865e-05,3.918618982669032e-05,6.783236309930194e-05,4.325380083791676e-05,3.443581493878023e-05,1.7117780838489636e-06,0.4055534136474555,2.239515971449926e-05,3.1254658649094306e-05,3.062737527460305e-05,2.5340753083092788e-05,5.136668755705468e-05,2.50165620570944e-05,3.802287725068499e-05,0.0028441318450985,5.454291787587449e-05,3.121744291449229e-05,3.1537004557659215e-05,6.662682179920927e-05,0.0141049759409856
uj0601,0.0002458624905975,0.0002478626371452,0.000340320196664,0.0002565325647863,0.0008493622382025,0.0003367137922784,0.0003398462057384,0.0002460501071934,0.0001850144687808,0.0002988888834066,0.0002025697760613,0.0003785009313322,0.0002913046095107,0.0003738153408999,0.0002330049720471,0.0003643017506256,0.0001580206489836,0.0002424771351761,0.0002351704954773,0.0003566538152815,0.0001936699185125,0.0002199995661737,0.0001154074325611,0.0002990936242403,0.0002513483678986,0.000323357419118,0.2473453470747588,0.00027721194415,0.0002850089447089,0.0003054605003808,0.0002376948360362,0.0001218062801581,0.0650557935829256,0.0002878935357286,0.0003052373743139,0.0002552547500744,0.0002042990685988,0.0002678364887872,0.0004879964286865,7.242125087500242e-05,0.0001351632763669,0.0003008910786998,0.022134112672829,0.0003321242215574,0.0002644153348071,1.3143884527229813e-05,0.6501291906769926,0.0001719611882133,0.0002399888327218,0.0002351722386095,0.0001945789208892,0.0003944190056915,0.000192089620757,0.0002919585854565,0.0002253985635325,0.0004188076837195,0.0002397030717795,0.0002421568252051,0.0005115939153608,0.0002387189534061
uj0603,8.732419367045365e-05,8.803459558689923e-05,0.0001208732031113,9.111393655753376e-05,0.0003016721762026,0.0001195922986746,0.000120704853416,8.739083038238625e-05,6.571250158731516e-05,0.0001061578391934,7.194770667770916e-05,0.000134434042996,0.0001034640952191,0.0001327698387273,8.275752537840432e-05,0.0001293908499372,5.61249734444787e-05,0.3378516329895774,8.352666501804095e-05,0.0001266744950124,6.878670036745862e-05,7.813833121627499e-05,4.098982714886379e-05,0.0001062305580053,8.927263977433112e-05,0.0001148484497298,0.2413806449339848,9.845873374130832e-05,0.0001012280328938,0.0001084919128131,8.442324750737371e-05,4.3262537416568224e-05,7.672046705557054e-05,0.0001022525673165,0.0001084126640272,9.066008880262544e-05,7.256190803917269e-05,9.512880700926807e-05,0.0001733240989528,2.572221294063633e-05,4.800660765256062e-05,0.0001068689687729,0.0001849930989951,0.0001179621982004,9.391369887295797e-05,4.668378308738086e-06,0.4151453252356973,6.107630353393292e-05,8.523801762689182e-05,8.352728413489475e-05,6.910955522587249e-05,0.000140087743993,6.822541821772982e-05,0.000103696371082,8.00559197424561e-05,0.000148749991082,8.513652250331297e-05,8.6008034212302e-05,0.0001817053347056,8.478698832578487e-05
uj0604,9.080969161467793e-05,9.154844883926054e-05,0.0001256977916159,9.475070003868248e-05,0.0003137132578982,0.0001243657605716,0.0001255227223336,9.0878988094914e-05,6.833538053489276e-05,0.0001103950719088,7.481946046295661e-05,0.0001397999050876,0.0001075938086013,0.0001380692750059,8.606074722851474e-05,0.0001345554157065,5.836517139349866e-05,8.955930534763912e-05,8.686058666072996e-05,0.0001317306389445,7.153228429607233e-05,8.125718043058605e-05,4.262591392225719e-05,0.271528791601775,9.28359088905988e-05,0.0001194325634628,0.0274942526192897,0.0001023886608281,0.0001052684950581,0.0001128223088143,8.779295575503488e-05,4.498933819066338e-05,7.978272298903237e-05,0.0001063339232179,0.0001127398968559,0.0160600623200504,7.545817733945368e-05,9.892582187228075e-05,0.0001802422365867,2.674890115334206e-05,4.992276542338005e-05,0.0001111345858407,0.0001923769984523,0.000122670595519,9.766221335213544e-05,4.8547141031385935e-06,0.679185271815305,6.351413114459163e-05,8.864024698304798e-05,8.6861230489298e-05,7.186802573148146e-05,0.000145679270501,7.09485988730148e-05,0.0001078353556295,8.32513084652921e-05,0.0001546872664959,8.85347007365247e-05,8.944099836385284e-05,0.00018895800483,8.817121509141353e-05
uj0605,9.783903767102426e-05,9.863498020359416e-05,0.0001354277362956,0.0001020851094812,0.0003379969991269,0.0001339925961337,0.0001352391153477,9.791369821462632e-05,7.36250476302299e-05,0.0001189404721802,8.061104360779174e-05,0.0001506214583165,0.0001159223702419,0.0001487568645848,9.2722489641471e-05,0.0001449710064209,6.288307008985933e-05,9.649186219989462e-05,9.358424259919856e-05,0.0001419275709118,7.706941553809459e-05,8.754709101890965e-05,4.592547693805259e-05,0.000119021947179,0.0001000220992458,0.0001286775328493,0.0210216853851934,0.0173119683758517,0.0173150711306865,0.0001215555952888,9.458878400132192e-05,4.8471847836550726e-05,8.595849959652477e-05,0.0001145649603521,0.0001214668040315,0.0001015766132017,8.129920192470221e-05,0.0001065834168215,0.0001941943272987,2.881946520317583e-05,5.3787159058145126e-05,0.0001197372299948,0.0002072684100556,0.0001321662126884,0.0001052219955964,5.2305051099001495e-06,0.9381791160922248,6.843059765102931e-05,9.550166187704088e-05,9.358493626488998e-05,7.743114585963452e-05,0.0001569559303748,7.644054851873647e-05,0.0001161826148081,8.969557940643012e-05,0.0001666612123092,9.538794556542248e-05,9.636439737496682e-05,0.0002035847608783,9.499632342584064e-05
uj0606,3.4759103266189494e-05,3.504187637334715e-05,4.8113174281552126e-05,3.626759774896071e-05,0.0215092847226316,4.760331455404708e-05,4.804616324830662e-05,3.478562778653177e-05,2.615664150502156e-05,4.225577288426112e-05,2.8638544039853745e-05,5.3511021248303216e-05,4.118353710357459e-05,5.284859030447856e-05,3.2941356224117656e-05,5.150359511641413e-05,2.234035798980248e-05,3.4280494600023715e-05,3.324750968556433e-05,5.0422359122462175e-05,2.738031604890636e-05,3.110270143511433e-05,1.631586362088206e-05,4.228471836415937e-05,3.553467572196125e-05,4.571504134565402e-05,0.0013571358233483,3.919116970593166e-05,4.029347997268393e-05,4.318484308312268e-05,3.3604391347145816e-05,1.7220508342680353e-05,3.053832534748227e-05,4.070129247343964e-05,4.315329836891267e-05,3.608694516784992e-05,2.888302483780892e-05,3.786570350598443e-05,6.899107796809929e-05,1.0238640842337473e-05,1.9108869635281783e-05,4.253883563525855e-05,7.3635884412192e-05,4.695445851158308e-05,3.7382033775818e-05,1.8582323740822608e-06,0.3302496479164292,2.431121837396841e-05,3.39287078685146e-05,0.6447650021396428,2.7508827345626133e-05,5.576145802338093e-05,2.715689956621293e-05,4.127599373401776e-05,3.1865991135276107e-05,5.9209436509413103e-05,3.388830807398795e-05,3.4235210395293805e-05,7.232720083149774e-05,3.374917716351413e-05
uj0607,6.967407021368155e-05,7.024088441402967e-05,9.644209338267698e-05,7.269782343610104e-05,0.00024069765208,9.542008765999572e-05,9.630777083126696e-05,6.972723819326258e-05,5.2430572296946254e-05,8.47010253493845e-05,5.740550649335335e-05,0.0736060993905186,8.255174576362937e-05,0.0001059341595601,6.603042514982229e-05,0.0001032381380761,4.478089262717959e-05,6.87147067469103e-05,6.6644104898855e-05,0.0001010708177059,5.48834084773392e-05,6.234487083943967e-05,3.270488938717697e-05,0.2450808837082934,7.122869287829444e-05,9.163507401632772e-05,0.0088452603110815,7.855807697155064e-05,8.076764038677447e-05,8.656333180111292e-05,6.73594685190434e-05,3.451823535822567e-05,6.121358793908797e-05,8.158509406485336e-05,8.65001009226893e-05,7.233570820763254e-05,5.789556436832721e-05,7.590120103393646e-05,0.0001382915195957,2.0523192887878328e-05,3.830342556528978e-05,8.526842013620733e-05,0.0062725050768668,9.411946603247568e-05,7.493169274479057e-05,3.724797268607353e-06,0.5762315283180315,4.873145095246616e-05,6.80095558330992e-05,6.664459887869413e-05,5.514100732971277e-05,0.0001117729566204,5.443557368761903e-05,8.273707361031995e-05,6.387487291559166e-05,0.0001186843747111,6.792857508687823e-05,6.862393527804472e-05,0.0001449787248681,0.0858162933211538
uj0608,4.794385958450881e-05,4.833389364378873e-05,6.636337117947213e-05,5.0024553298386594e-05,0.0844585346623618,6.566011243898917e-05,6.627094164974775e-05,4.798044533498395e-05,3.6078328543616814e-05,5.82841515295513e-05,3.950166158305616e-05,7.380871909454083e-05,5.680519733107732e-05,7.289501611687926e-05,4.54366082242581e-05,7.103983993628067e-05,3.081445969213486e-05,4.728370599795465e-05,4.585889122892895e-05,0.4678951806442586,3.7766164966204194e-05,4.29005184306498e-05,2.250476568538126e-05,5.832407655331328e-05,4.901362069521338e-05,6.305558306240864e-05,0.2168188340576885,5.4057088957226935e-05,5.55775254380823e-05,5.956563485256032e-05,4.635114455721869e-05,2.375255850626087e-05,4.212206428898021e-05,5.614002859368176e-05,5.9522124657917605e-05,4.977537592703652e-05,3.983887836792279e-05,5.2228849463025246e-05,9.51606412097484e-05,1.4122342429896006e-05,2.6357209378982585e-05,5.867458509981621e-05,0.0043162126416058,6.476513356821047e-05,5.156171505939024e-05,2.5630935106731545e-06,0.2237138169121087,3.3532903053446614e-05,4.679848019883077e-05,4.585923114448106e-05,3.794342292127202e-05,7.691278722661748e-05,3.7458002572223866e-05,5.6932724433076416e-05,4.395333771446759e-05,8.166864629233544e-05,4.674275603180622e-05,4.722124467562593e-05,9.976221579280233e-05,4.655085025148334e-05
uj0610,0.0002756510863635,0.0002778935698242,0.0003815532482971,0.0002876139422452,0.0009522706091022,0.0003775098934757,0.0003810218288306,0.0002758614345072,0.000207430743862,0.0003351021345826,0.0002271130447756,0.0004243599446901,0.0003265989532571,0.0004191066500954,0.0002612357562831,0.0004084403972319,0.0001771663642321,0.0002718555627057,0.0002636636536197,0.0003998658412641,0.0002171348842362,0.0002466546209139,0.000129390148463,0.2911183204358674,0.000281801630247,0.0003625352677709,0.3015455208362819,0.0003107988264992,0.0003195405083606,0.0003424699659004,0.000266493842217,0.0001365642777387,0.0002421789334808,0.0003227745952128,0.0003422198059733,0.0002861813080413,0.0002290518576683,0.0003002874449151,0.0005471218703676,8.119577911614676e-05,0.0001515396019801,0.0003373469150139,0.000583956708495,0.0003723642522999,0.0002964517853602,1.4736392038341127e-05,0.3654198335432221,0.000192795933321,0.0002690657785744,0.000263665607949,0.0002181540209578,0.0004422066462316,0.024447278847782,0.0003273321646529,0.0002527077585179,0.0004695502462133,0.0002687453949568,0.0002714964441136,0.0005735784185845,0.0002676420412159
uj0613,7.885010617349281e-05,7.949156948604258e-05,0.0001091434629769,8.227208599897171e-05,0.0002723973978269,0.0001079868596739,0.6100853404910727,7.891027634615729e-05,5.9335649254769664e-05,9.58561028704078e-05,6.496577949389284e-05,0.0001213883360157,9.342376436896004e-05,0.0001198856289448,7.472659509881744e-05,0.0001168345429439,5.0678511063984485e-05,7.776439507635314e-05,7.542109612652186e-05,0.0001143817876967,6.211152258407302e-05,7.055565535336277e-05,3.7012104971942045e-05,9.592176492577615e-05,0.0070121588926896,0.0001037033618567,0.1001203186037814,0.0070204535525561,9.1404693314861e-05,9.79636740370702e-05,7.623067273416825e-05,3.906426759008616e-05,6.927538312968734e-05,9.232980518374928e-05,9.789211568743086e-05,0.0555342576477482,6.552037771607704e-05,8.589734662933908e-05,0.0001565044351446,2.3226085877648496e-05,4.334796522391928e-05,9.649822323234528e-05,0.0001670410556801,0.0001065149469076,8.480015464240929e-05,4.2153509792622e-06,0.2154332838122807,5.514935570443803e-05,7.696637618278457e-05,7.542165516322868e-05,6.240304706079059e-05,0.0001264933923024,6.160470820378318e-05,9.363349978909037e-05,7.228715784460892e-05,0.0001343150402784,7.68747303177167e-05,7.766166905596098e-05,0.0001640723415998,7.65591155281503e-05
uj0614,0.0001260197674699,0.0001270449665649,0.000174435197271,0.0001314888419306,0.000435350799123,0.000172586691462,0.0001741922475389,0.0001261159326057,9.48313843143321e-05,0.1663252479127608,0.0001038295675507,0.0001940051906157,0.0001493116703741,0.000191603535059,0.000119429492174,0.1885150492397422,8.099537831888682e-05,0.0001242845629579,0.000120539457173,0.000182807189335,9.92678388539765e-05,0.0001127634154576,5.915346330510566e-05,0.0001533040232648,0.0001288316196568,0.0001657407222545,0.3815769648791237,0.0001420883057711,0.0001460847518943,0.00015656744197,0.0001218333381936,6.24332693637052e-05,0.0001107172595834,0.000147563283608,0.0001564530760291,0.0001308338826789,0.0001047159371752,0.0001372828037123,0.0002501284206459,3.712038047352981e-05,6.927955792214327e-05,0.0001542253300996,0.0002669682517412,0.0001702342519596,0.0001355292502198,6.737055610832073e-06,0.2556845556695408,8.814076884942763e-05,0.0001230091537,0.0001205403506363,9.973375892118492e-05,0.0002021641904878,9.845783829146586e-05,0.0001496468735863,0.0001155307362883,0.0002146648998336,0.0001228626835027,0.0001241203842417,0.0002622235953769,0.0001223582618307
uj0615,6.107085026758607e-05,6.156767534257939e-05,8.453360951072253e-05,6.372123626809062e-05,0.0002109767697632,8.363779908553758e-05,8.441587284915585e-05,6.111745316748936e-05,4.595654624985429e-05,7.424230593618348e-05,5.031718515709889e-05,9.40174877727505e-05,7.235841525257222e-05,9.28536136453566e-05,5.787711547585171e-05,9.049049169966455e-05,3.925143428675872e-05,6.022994715324679e-05,5.841501923187582e-05,8.85907878728747e-05,4.8106510944672426e-05,5.4646646310606425e-05,2.866655265950068e-05,7.429316239974791e-05,6.243351112092785e-05,8.032015163384863e-05,0.3459756131023517,6.885787698817384e-05,7.079460777014232e-05,7.587465837543472e-05,5.9042051130563794e-05,3.0255990163892373e-05,5.365505204310097e-05,7.151112384307357e-05,7.581923512404931e-05,6.340383433033114e-05,0.3704849665085347,6.652906697222438e-05,0.000121215549208,1.798902857296095e-05,3.357379237726949e-05,7.473963990795223e-05,0.0001293763546435,8.249777571062265e-05,6.567927169863082e-05,3.264866478599449e-06,0.2795978704556126,4.271418528174172e-05,5.961186691562989e-05,5.8415452216036186e-05,4.833230198708119e-05,9.797144729451772e-05,4.771397393192524e-05,7.252085917383221e-05,5.598772667831295e-05,0.0001040294567959,5.954088551592335e-05,6.015038397046362e-05,0.0001270770312578,5.929643608533621e-05
uj0617,1.8887838039522828e-05,1.9041494841570463e-05,2.614434084901278e-05,1.9707542715328173e-05,0.9946392784519744,2.586728686743444e-05,2.610792755223957e-05,1.890225126648281e-05,1.4213324337548934e-05,2.296147252018217e-05,1.5561971704795314e-05,2.9077490720266664e-05,2.23788275764765e-05,2.8717530675166804e-05,1.7900087824433965e-05,2.7986670299352406e-05,1.213958427594979e-05,1.862776565210757e-05,1.806644933700696e-05,2.73991347067374e-05,1.487825997817764e-05,1.6900976495256834e-05,8.865918869832411e-06,2.297720127854821e-05,1.9309278340221867e-05,2.4841213258418457e-05,0.0007374575066777,2.129618995968534e-05,2.189517715530647e-05,2.346632235215449e-05,1.8260376176016743e-05,9.357496079341604e-06,1.659429872929321e-05,0.001682507477414,2.344918118920679e-05,1.9609377447159087e-05,1.5694820750991573e-05,2.0575941490680185e-05,3.748923834007769e-05,5.563601238327167e-06,1.0383617552660897e-05,2.3115286712536828e-05,4.001319159540494e-05,2.551470332271029e-05,2.031311895875113e-05,1.009749643213721e-06,0.0017933962942283,1.3210535141671552e-05,1.843660736018292e-05,1.806658324925247e-05,1.49480920604412e-05,3.030036131621785e-05,1.4756857124135143e-05,2.242906782140219e-05,1.7315742437964998e-05,3.2173967165862485e-05,1.841465441249017e-05,1.8603158552259885e-05,3.9302062676806525e-05,1.833905171114325e-05
uj0619,0.0001770018990329,0.0001784418492117,0.000245004111617,0.0001846835237885,0.0006114748482509,0.0002424077805403,0.0002446628749617,0.0001771369684113,0.00013319604891,0.0002151767837145,0.00014583450677,0.0002724912753821,0.0002097166955201,0.0002691180141637,0.0001677454842185,0.2025405804844526,0.0001137625950528,0.0001745647060433,0.0001693044929092,0.0002567630485185,0.0001394273005165,0.0001583826020168,8.308438866051872e-05,0.0002153241812141,0.000180951304645,0.0002327922291488,0.6293056739176547,0.0157594411875756,0.0002051843057973,0.0002199078375703,0.000171121822066,8.769106198238808e-05,0.000155508660232,0.0002072609873081,0.0002197472041306,0.0001837635964337,0.0001470794630965,0.0001928214711827,0.0003513195298269,5.213767624359677e-05,9.73070619203365e-05,0.0002166182088309,0.0003749720261226,0.0002391036460569,0.000190358506011,9.462576077935026e-06,0.1412852544397827,0.0001237987006466,0.000172773321523,0.000169305747829,0.0001400817116327,0.0002839510526897,0.0001382896088617,0.0002101875074119,0.0001622694608177,0.0003015090067939,0.0001725675958374,0.0001743341077401,0.0003683078876021,0.0001718591070372
uj0620,0.0002176391400508,0.0002194096833068,0.0003012537405111,0.0002270843619108,0.0007518611995868,0.00029806132695,0.000300834160537,0.0002178052195309,0.0001637760594735,0.0002645784617136,0.0001793161362481,0.0003350515851498,0.0002578648111498,0.000330903868799,0.0002062575776429,0.0003224823743243,0.0001398809475634,0.0002146424005283,0.0002081745136341,0.0003157123702159,0.0001714379221342,0.0001947451043761,0.000102159440088,0.0002647596996847,0.0002224952757523,0.0002862381750663,0.276348391904524,0.0385098014003055,0.0002522918460742,0.0002703957015192,0.0002104090769752,0.000107823743272,0.0384556228563211,0.0002548453055604,0.0002701981888153,0.0002259532316828,0.0001808469177017,0.0002370906719126,0.0386963892520722,6.41077812379446e-05,0.0001196474466823,0.000266350818533,0.0769898835533536,0.2490126734350942,0.0002340622432637,1.163505550798629e-05,0.269383465918138,0.0001522212072037,0.0002124397383612,0.0002081760566665,0.0001722425771879,0.0003491423722658,0.0001700390318696,0.0002584437150815,0.0001995243333649,0.000370731395057,0.0002121867808418,0.0002143588599749,0.0004528663950478,0.0002113156325996
uj0621,0.0097686968031794,3.720167204333529e-05,5.107861552606604e-05,3.8502940392845366e-05,0.0163471395596678,5.053733074528946e-05,0.0227585299176742,3.692962965077881e-05,2.7768798355929985e-05,4.486019492876228e-05,3.040367221829474e-05,5.680915719163511e-05,4.372187221335627e-05,5.6105897512816494e-05,3.497168695693481e-05,5.4678003944757024e-05,2.371729933672932e-05,3.639336272995346e-05,3.5296710096287423e-05,5.353012629060708e-05,2.906789371784402e-05,3.301970722466696e-05,1.73214870419869e-05,4.489092445473968e-05,3.772484493382169e-05,4.8532674377051e-05,0.092270872261349,4.160670584134885e-05,4.277695667486043e-05,4.584652809411676e-05,3.567558805336317e-05,1.828188927323476e-05,3.242054598405605e-05,4.320990457829592e-05,4.5813039130790754e-05,3.831115334341164e-05,3.066322151781054e-05,4.019954492480421e-05,7.324332262177457e-05,1.08696964377126e-05,2.028663915472568e-05,4.516070416856714e-05,7.817441033514069e-05,4.984848265285563e-05,3.968606435409408e-05,1.972763976003762e-06,0.4868496217978449,2.5809633116855013e-05,3.601989372745583e-05,3.529697172277639e-05,2.9204325770268844e-05,5.91982989707089e-05,0.013004557817533,4.382002738082884e-05,3.3830042059392644e-05,6.28587925893499e-05,0.3568684725428354,3.634528744667934e-05,7.678506642961526e-05,3.582929770063416e-05
uj0622,5.309026195685185e-05,5.3522163154600975e-05,7.348696560500457e-05,5.539430204204847e-05,0.0001834068450735,7.27082174800257e-05,7.338461448041547e-05,5.313077490456708e-05,3.995105796540567e-05,6.454050423667883e-05,4.3741859319414833e-05,8.173151401217151e-05,6.29027957480502e-05,8.071973208941448e-05,5.031387656233111e-05,0.0794185987474825,3.412215352063323e-05,5.235924599056032e-05,5.078148838024044e-05,7.701396189060654e-05,4.182007056873044e-05,4.7505557151762273e-05,2.492047815650848e-05,6.458471490283142e-05,5.427485364577189e-05,6.982411202678734e-05,0.3801043053639457,5.985969920309293e-05,6.154334277615742e-05,0.0047330144466664,5.132658129463065e-05,2.6302211882213418e-05,4.664354198108569e-05,0.0047292211280804,6.591136420185666e-05,5.51183774078338e-05,4.411527371700333e-05,5.783521234475098e-05,0.000105375399761,1.5638266621525773e-05,2.918645187326368e-05,6.497284782982607e-05,0.0001124697712403,7.171716955215215e-05,0.0280594258769479,2.838221767725856e-06,0.2010572152080318,3.713240074348172e-05,5.182193495621811e-05,5.078186478309706e-05,4.20163557937841e-05,8.516877984124785e-05,4.147882932608855e-05,6.30440118977387e-05,4.867138843976253e-05,9.043514358035776e-05,0.298743273943613,5.229007992855902e-05,0.000110470917772,5.154772384999995e-05
uj0624,9.228306302733526e-05,0.0649923363570774,0.0001277372163679,9.62880136258558e-05,0.0003188032008078,0.0082387963921795,0.000127559306617,9.235348383088046e-05,6.944411016895417e-05,0.0001121862127018,7.603339316327147e-05,0.0001420681341718,0.1136831189629677,0.032589960700228,8.745706784654365e-05,0.0001367385538649,5.931213612267e-05,9.101238946113404e-05,8.826988453408468e-05,0.0001338679455925,7.269288313623923e-05,8.257556401487975e-05,4.331751194329148e-05,0.0001122630609889,9.434215532526196e-05,0.0001213703359804,0.3524368548271671,0.0001040498989974,0.0001069764580355,0.0001146528311028,8.921738115437463e-05,0.0081581321011856,8.107718375842673e-05,0.0001080591725815,0.0082269819008521,9.580839326853448e-05,0.0974256362990372,0.0406625949702196,0.0001831666354478,2.7182897410553893e-05,5.073275358772393e-05,0.0001129377251183,0.0001954982817089,0.0001246609045421,9.924676573516124e-05,4.93348099298268e-06,0.2683594678471522,6.454463684793975e-05,9.007841953482656e-05,8.827053880865898e-05,7.303407191789722e-05,0.0001480428912639,7.209972751896536e-05,0.0001095849654722,8.460204642924806e-05,0.0001571970404232,8.997116081885674e-05,9.089216296716408e-05,0.0001920238155112,8.960177768253185e-05
uj0626,0.0002176391400508,0.268070290266442,0.0003012537405111,0.0002270843619108,0.0007518611995868,0.00029806132695,0.000300834160537,0.0002178052195309,0.0001637760594735,0.0002645784617136,0.0001793161362481,0.0577316688529645,0.0002578648111498,0.000330903868799,0.0002062575776429,0.0003224823743243,0.0001398809475634,0.0002146424005283,0.0002081745136341,0.0003157123702159,0.0001714379221342,0.0001947451043761,0.000102159440088,0.0002647596996847,0.0002224952757523,0.0002862381750663,0.1041585401010799,0.0002453898884291,0.0002522918460742,0.0002703957015192,0.0002104090769752,0.000107823743272,0.0001912113444446,0.0002548453055604,0.0002701981888153,0.0002259532316828,0.0001808469177017,0.0002370906719126,0.0004319777401957,6.41077812379446e-05,0.0001196474466823,0.000266350818533,0.0004610605296006,0.0002939986078972,0.0002340622432637,1.163505550798629e-05,0.3267800831859527,0.0001522212072037,0.0002124397383612,0.1341336163482341,0.0001722425771879,0.0003491423722658,0.0001700390318696,0.0002584437150815,0.0958605531130561,0.000370731395057,0.0002121867808418,0.0002143588599749,0.0004528663950478,0.0002113156325996
uj0628,0.0002135533926036,0.000215290697387,0.0002955982931456,0.000222821298972,0.0007377464820956,0.0002924658108797,0.0002951865899615,0.0002137163542676,0.000160701485586,0.3006281901664259,0.0001759498279373,0.0003287616496245,0.0002530239057243,0.0003246917985028,0.0002023854966785,0.0003164284010484,0.0001372549574759,0.0002106129109806,0.000204266445961,0.000309785490472,0.0001682195118218,0.0001910891474887,0.0001002415972246,0.0002597893562674,0.0002183183638939,0.0002808646154539,0.3462526382104973,0.000240783175179,0.0002475555621236,0.0002653195532357,0.0002064590597636,0.0001057995642401,0.0001876217269601,0.0002500610854225,0.0002651257484448,0.0002217114034927,0.0001774518719753,0.0002326397601544,0.0004238682064564,6.290428354228376e-05,0.0001174013008386,0.000261350604984,0.000452405023604,0.0002884793613985,0.0377757405150238,1.1416630190148906e-05,0.283099356535466,0.0001493635529757,0.00020845159947,0.0189773041253849,0.0001690090610571,0.0003425879098844,0.0001668468829747,0.0002535919418715,0.0001957786558388,0.0003637716411699,0.0002082033907312,0.0002103346933442,0.0004443647178354,0.0002073485965865
uj0629,8.34792294075627e-05,8.415835167668247e-05,0.0001155510452216,8.710210644276493e-05,0.0002883892738607,0.000114326540181,0.0001153901081176,8.354293204400936e-05,6.281911992974274e-05,0.0001014836122608,6.877978322665813e-05,0.0001285147889003,9.890847630204312e-05,0.0001269238610705,7.911363570487253e-05,0.000123693652253,5.3653739436133766e-05,8.232977850449052e-05,7.98489094214096e-05,0.0001210969009246,6.575795892069329e-05,7.46978288942917e-05,3.918500750032251e-05,0.0001015531291967,8.534188364411587e-05,0.000109791567252,0.0032593663843083,9.412350547646474e-05,9.677086984981532e-05,0.0001037149144803,8.070601456219417e-05,4.135764825244452e-05,7.334239459177885e-05,9.775029308306578e-05,0.000103639155091,8.666824202036812e-05,6.936694073938074e-05,9.09401984696642e-05,0.0001656924800581,2.458964033547203e-05,4.589283272893167e-05,0.0734870239382116,0.0001768476833363,0.0001127682145243,8.977859265800527e-05,4.462825334146732e-06,0.5950052195376585,5.838705792482161e-05,0.2716054687894229,7.984950127798101e-05,6.606659818385773e-05,0.0515033219079028,6.522139053832259e-05,9.913052484581332e-05,7.653098424056942e-05,0.0001422003926743,8.13878834064849e-05,8.222102165635675e-05,0.000173704682321,8.105373953907321e-05
uj0630,5.259929436763382e-05,5.302720143384124e-05,7.280737358544814e-05,5.488202717416208e-05,0.0140533956126734,7.203582715952737e-05,7.270596898255701e-05,0.0046765343911842,3.958159897437778e-05,6.394364721235766e-05,4.33373437938478e-05,8.097567814098465e-05,6.232108390777724e-05,7.997325296489114e-05,4.9848584401970366e-05,7.793793584873103e-05,3.380659901335714e-05,5.187503868342456e-05,5.031187184402495e-05,7.630175295036265e-05,4.143332734179468e-05,4.706623573933045e-05,2.46900188098847e-05,6.398744902755758e-05,5.377293120147724e-05,6.917839330761916e-05,0.4551953948962851,5.9306129280365016e-05,6.097420287137063e-05,6.534956486517724e-05,5.08519238536576e-05,2.605897455237302e-05,4.621219230385759e-05,6.159132609258203e-05,6.530182975257183e-05,5.4608654232997566e-05,4.370730493353539e-05,5.730036445117884e-05,0.0001044009102016,1.5493647217143115e-05,2.8916541697915693e-05,6.437199258278349e-05,0.0001114296744238,7.105394423468851e-05,5.656845010002569e-05,2.811974489079934e-06,0.2038217752790053,3.678900810229035e-05,5.134269658864806e-05,5.031224476598702e-05,4.162779736232323e-05,8.438115685778465e-05,4.1095241826475774e-05,6.246099412018051e-05,4.822128566450055e-05,8.95988183714085e-05,0.319100033699672,5.180651225463404e-05,0.0001094493059325,5.107102132913313e-05
uj0632,0.000141719665598,0.0001428725868883,0.0001961668262217,0.000147870092783,0.000489588029785,0.0001940880283445,0.0001958936091266,0.0001418278112577,0.0001066457456877,0.0001722850545621,0.0001167649479752,0.0002181749045435,0.0001679133394716,0.0002154740439626,0.0001343083552149,0.0002099902353953,9.10860110345787e-05,0.000139768284413,0.0001355566027846,0.0002055818246741,0.000111634906249,0.0001268117998564,6.652296863321143e-05,0.0001724030709476,0.0001448818262625,0.0001863891689809,0.354365207001113,0.0001597900677295,0.0001642844023846,0.0001760730555612,0.0001370116791527,7.02113821827931e-05,0.0001245107281113,0.00016594713375,0.0001759444415887,0.0001471335368602,0.0001177617440279,0.0001543858826681,0.0002812901248922,4.1744942188031816e-05,7.791060068294776e-05,0.000173439156787,0.0003002279096499,0.0001914425152927,0.0001524138665348,7.576377003794139e-06,0.3622881514667831,9.912159447427536e-05,0.0001383339810718,0.0001355576075581,0.0001121588719525,0.0002273503756358,0.0001107239935314,0.0001682903032456,0.0001299238813227,0.0002414084586159,0.2742203753752732,0.0001395836518492,0.0002948921506112,0.0001376019992574
uj0633,3.726411705997058e-05,3.756726901662029e-05,5.15805872442771e-05,3.888132549483216e-05,0.0001287334794086,5.103398302309186e-05,5.150874687002904e-05,3.729255314543069e-05,2.8041694386486443e-05,4.5301055529539184e-05,3.070246229759035e-05,5.7367445429323446e-05,4.4151546022881184e-05,5.665727451249085e-05,3.5315368899166656e-05,5.521534841476316e-05,2.3950379528444943e-05,3.675101609688371e-05,3.5643586181939926e-05,5.405619006883221e-05,2.935355652221029e-05,3.334420621508956e-05,1.7491712811085902e-05,4.533208704790216e-05,3.809558335411056e-05,0.0131522548371244,0.3454151284737887,4.201559299314774e-05,4.319734438938182e-05,4.629708181888777e-05,3.6026187537098166e-05,1.846155333178676e-05,3.273915675698612e-05,4.363454705972408e-05,4.626326374498802e-05,3.8687653670845646e-05,3.096456230069309e-05,4.0594603295697393e-05,7.396311653406604e-05,1.0976517661057755e-05,2.0486004760240748e-05,4.560451800403706e-05,7.894266418603143e-05,5.033836532155677e-05,4.00760765286154e-05,1.99215118359466e-06,0.2492240678740506,2.606327558050897e-05,3.637387685244722e-05,3.5643850379545925e-05,2.9491329351613303e-05,5.978006634132869e-05,2.9114038894253736e-05,4.425066580377485e-05,3.416250456184712e-05,6.347653321907874e-05,0.3898578755956839,3.670246835694059e-05,7.753966659509851e-05,3.618140775576878e-05
uj0634,0.0001618881477211,0.0001632051441405,0.0002240838207412,0.0001689138576709,0.0005592625339177,0.0002217091839086,0.000223771721434,0.0001620116838617,0.000121822770036,0.0001968033740793,0.000133382061457,0.0002492239240528,0.0428855641931227,0.0002461386972082,0.0001534221151134,0.0002398744740485,0.000104048690402,0.0001596590605708,0.0001548480039349,0.0002348386913078,0.0001275219505875,0.2278448836869352,7.599001964544976e-05,0.0001969381856736,0.0001655003234245,0.0002129146805016,0.3763333079325659,0.000182530194238,0.0001876641289639,0.0002011304550297,0.0001565101558813,8.020334060589354e-05,0.0001422301630496,0.0001895634878127,0.0002009835376794,0.0001680724806218,0.0001345207140635,0.0001763569260057,0.0003213212301828,4.7685769924930704e-05,8.899825425905952e-05,0.0001981217194951,0.0003429540987294,0.0002186871812393,0.0001741042672957,8.654590274436718e-06,0.2857650256270939,0.0001132278379354,0.0001580206379129,0.0001548491517002,0.0001281204831684,0.0002597051795181,0.0001264814035896,0.0001922401196538,0.000148413675712,0.0002757639036518,0.0570828387238392,0.0001594481524824,0.0003368589943992,0.0001571844859251
uj0635,0.0001491523961018,0.000150365784323,0.2624400157439552,0.0001556253929708,0.0005152653122418,0.0002042673072935,0.0002061675848511,0.0001492662136457,0.0001122389644109,0.0001813208392217,0.0001228888855877,0.0002296174609545,0.0001767198420484,0.0002267749491162,0.0001413523868565,0.0002210035328196,9.586317283369922e-05,0.0001470986713895,0.0001426661009072,0.0002163639154504,0.0001174897900398,0.0001334626618172,7.001187961865383e-05,0.0001814450451786,0.0001524804016962,0.0001961646680692,0.556513989427812,0.0001681705314117,0.0001729005791427,0.0001853075084187,0.0001441974912467,7.389373833185927e-05,0.0001310409064247,0.0001746505153013,0.0001851721490663,0.0001548502071114,0.000123937960316,0.0001624829146122,0.0002960428670954,4.393432715353935e-05,8.199675552826004e-05,0.0001825354703137,0.0003159738763985,0.0002014830457803,0.0001604074727165,7.973733067443917e-06,0.1583904473313965,0.0001043201962047,0.0001455891435539,0.0001426671583777,0.0001180412360218,0.0002392741553378,0.0001165311029452,0.0001771165763329,0.0132484159923578,0.0002540695385489,0.0001454157867757,0.0001469043554548,0.0003103582743415,0.0001448187716999
uj0636,0.0001574079241874,0.0001586884729827,0.000217882343849,0.0001642391989577,0.0005437850502276,0.0002155734246367,0.0002175788818304,0.0278323368324623,0.0001184513481688,0.0001913568783323,0.00012969073841,0.0002423266996085,0.0001865012177249,0.0002393268558269,0.0001491761874133,0.0002332359938454,0.0001011691627902,0.3045781372273053,0.0001505626150343,0.0002283395754292,0.0001239928049883,0.0001408497691103,7.388701038173962e-05,0.0001914879590414,0.0001609201336189,0.0002070223074299,0.1860320984525304,0.0001774787060139,0.0001824705600779,0.0001955642081448,0.0001521787672434,0.0139153881239769,0.0001382939704829,0.0001843173545338,0.0001954213567039,0.0001634211068575,0.0001307978790234,0.0001714762817996,0.000312428726577,4.63660753602079e-05,8.653524458970961e-05,0.0001926387387908,0.000333462909623,0.0002126350553135,0.0001692859649886,8.415076143427463e-06,0.3885557683476102,0.0001100942791708,0.0001536474469737,0.0001505637310355,0.0001245747732945,0.000252517888333,0.0001229810549296,0.0693739418885339,0.0001443063556147,0.0002681321903468,0.0001534644949641,0.0001550354553503,0.0003275364861397,0.0001528344353322
uj0637,0.0001797995567835,0.0001812622665361,0.0002488765991753,0.0001876025958129,0.0006211397013279,0.0002462392309922,0.0002485299689994,0.0001799367610423,0.0001353013198739,0.4743927701713376,0.0001481395387521,0.0002767982197296,0.0002130314370107,0.0002733716413974,0.0001703968368685,0.0002664143405476,0.0001155607046071,0.0001773238419933,0.0001719804869487,0.000260821395557,0.0001416310614369,0.0001608859667632,8.439760442350482e-05,0.0002187275535381,0.0001838113859361,0.0318480845210592,0.3547478421662352,0.0002027254526387,0.0002084274092134,0.0002233836582794,0.0001738265404584,8.907708993210067e-05,0.0001579666000109,0.0002105369143501,0.0002232204858986,0.0001866681282645,0.0001494041726173,0.0001958691700282,0.000356872418304,5.296175426104859e-05,9.884507850352132e-05,0.0002200420343049,0.0003808987613773,0.0002428828719987,0.0001933672757058,9.612139723576973e-06,0.1277125754087565,0.000125755438943,0.0001755041431961,0.0001719817617035,0.0001422958160485,0.0002884391280589,0.0001404753876481,0.0002135096904642,0.0001648342605018,0.0003062745997867,0.0001752951658501,0.000177089598898,0.0003741292907734,0.0001745754788131
uj0638,3.372849512244495e-05,3.400288400102119e-05,0.0030116887232922,0.0118952006852771,0.0001165192382082,4.619187527516454e-05,4.662159349631448e-05,3.3754233190200564e-05,2.538109653363263e-05,4.100288832848778e-05,2.778941060604708e-05,5.192441834154087e-05,3.996244436127604e-05,5.128162848914904e-05,0.005961968855601,4.9976512436731486e-05,2.167796590499704e-05,3.3264077213308764e-05,3.226172032331406e-05,4.892733511276716e-05,2.656848910152505e-05,3.018050568265188e-05,1.5832097920969348e-05,4.103097557429756e-05,3.44810718385723e-05,4.43595894071606e-05,0.3867671704509764,3.8029150698925335e-05,3.90987774430577e-05,4.19044115763902e-05,3.2608020436115e-05,1.6709919907717748e-05,2.963286335790184e-05,3.949449829457894e-05,4.187380216362074e-05,3.501696648376155e-05,0.1126981066569119,3.6742984599716105e-05,6.694549105364053e-05,9.93506492577312e-06,1.854229124823143e-05,4.1277558262957846e-05,7.145257888886292e-05,4.556225782802218e-05,3.6273655687233455e-05,1.8031357450630136e-06,0.1692426315141288,2.35903902372732e-05,3.292272096579626e-05,3.22619594538334e-05,2.669319003559109e-05,5.410812961885141e-05,2.635169692224784e-05,4.005215965067977e-05,3.092116382713171e-05,5.745387547017066e-05,0.3083931025057194,3.322013568620262e-05,7.018269780389243e-05,3.274851334997933e-05
uj0639,7.830731514852137e-05,7.89443627342472e-05,0.0001083921375188,8.170573863365983e-05,0.0071543560462363,0.0001072434960807,0.0001082411711933,7.836707111971831e-05,5.892719250766678e-05,9.51962453907956e-05,6.451856586602569e-05,0.0001205527188869,9.278065070330508e-05,0.0001190603562018,7.421218963870218e-05,0.0001160302733697,5.0329648617256495e-05,7.722907790611491e-05,7.49019098367671e-05,0.000113594402482,6.168395718635795e-05,7.006996194919006e-05,3.675731979321486e-05,9.52614554394887e-05,8.005456956557381e-05,0.0001029894851506,0.3610167908709909,8.829213037226928e-05,9.077547859874624e-05,9.728930838785278e-05,7.570591345360877e-05,3.879535566499215e-05,6.879850290670429e-05,9.169422215129488e-05,0.0207487196030941,8.129875406639116e-05,6.50693463262299e-05,0.3718123305318544,0.0001554270846261,2.3066201362948355e-05,4.304956503632097e-05,9.583394550289034e-05,0.0001658911728172,0.0001057817157173,8.42164044727543e-05,4.186333203767851e-06,0.2346017782548282,5.476971670631846e-05,7.643655244196842e-05,7.490246502515816e-05,6.197347485703299e-05,0.0001256226328147,6.118063163202279e-05,9.298894233966402e-05,7.178954506508501e-05,0.000133390437866,7.634553745180291e-05,7.712705903457273e-05,0.0001629428948712,7.603209530198856e-05
uj0640,4.07334276500902e-05,4.106480322711785e-05,5.638276938864858e-05,4.250119911427209e-05,0.0001407186398968,5.578527600215425e-05,0.1432879525119902,4.076451115135435e-05,3.065239215623019e-05,4.951860968329245e-05,3.356087908015782e-05,0.0824209061434067,4.8262080184762015e-05,6.193209914223223e-05,3.860324992204676e-05,6.0355928900923575e-05,2.6180173547224348e-05,4.017255669416616e-05,3.896202442138182e-05,5.908885225067075e-05,3.208638940635697e-05,3.6448570865806274e-05,1.9120201268149563e-05,4.95525302537457e-05,4.164230393129481e-05,5.357245021293146e-05,0.0696254305133299,4.592726870752728e-05,4.7219041833975584e-05,5.060736658928529e-05,3.9380246181314665e-05,2.018033449547164e-05,3.578719095744244e-05,4.769694832273398e-05,5.057040003338263e-05,4.228949633281293e-05,0.0143570122078788,4.437398405732435e-05,8.084912494416546e-05,1.1998437727025172e-05,2.2393263508638423e-05,4.985032468755738e-05,8.629227132772474e-05,0.0322821457569501,4.380718215195308e-05,2.1776215970554565e-06,0.429981784092362,2.8489781428994447e-05,3.976030557058419e-05,3.896231321593589e-05,3.223698896489754e-05,6.534562467462437e-05,3.1824572550382944e-05,0.0107907440484255,3.734305325620331e-05,6.938623473076681e-05,0.0072012953755088,4.0119489131895306e-05,0.0036655498606433,0.2041446487041728
uj0642,6.310352011443539e-05,6.361688141488934e-05,8.73472090978398e-05,6.584212102732664e-05,0.0002179988779605,0.2608095062821986,8.722555371300683e-05,6.315167413584745e-05,4.748615465416032e-05,7.671337185348803e-05,5.199193218614842e-05,9.7146746848641e-05,7.476677813282132e-05,9.594413456983908e-05,5.980348569887807e-05,9.350235895054682e-05,4.0557871098604265e-05,6.223462855066155e-05,6.035929293488628e-05,9.153942576523746e-05,4.970767833968841e-05,5.646549425034053e-05,2.9620684408915864e-05,0.099928160061247,6.4511535496426e-05,8.299351133991355e-05,0.3907747935846936,7.114972865977579e-05,7.315092119796223e-05,7.840005518166842e-05,6.100719483665904e-05,3.126302443021166e-05,5.544089595949111e-05,7.389128564716217e-05,0.0222675414850637,6.551415474757113e-05,5.243577559698705e-05,6.874340700156624e-05,0.0001252500630679,0.0277550861440541,3.469125570241786e-05,7.722725898873493e-05,0.0001336824911035,8.524361501668066e-05,6.786532731370532e-05,3.37353363512274e-06,0.1502214576487212,4.413587559839045e-05,6.159597625523912e-05,6.035974033040399e-05,4.994098456555348e-05,0.0001012323091606,4.930207620428308e-05,7.493462880475045e-05,5.785121086617025e-05,0.0001074919522268,0.0444399200279844,6.215241720297067e-05,0.0001313066375026,6.127004668889224e-05
uj0643,7.42199715651835e-05,7.482376769340682e-05,0.0001027344807989,7.744101028876935e-05,0.0002564020278763,0.0001016457940687,0.0001025913943405,7.427660850229053e-05,0.2740858545126786,9.022736397763592e-05,6.115094247479464e-05,0.0001142603261383,8.793785413199105e-05,0.0001128458591011,7.033859600891304e-05,0.0001099739350515,4.770263266175829e-05,7.319801419989591e-05,7.099231543973788e-05,0.000107665207346,5.846428957136747e-05,6.641257682732053e-05,3.483872770622347e-05,9.028917031016804e-05,7.5876025956843e-05,9.761382630592782e-05,0.3747957088928376,8.36836174657565e-05,8.603734437372146e-05,9.221117705858606e-05,0.0587924693020951,3.677038586823862e-05,6.520748310394862e-05,8.690813301226086e-05,9.214382066639812e-05,7.705526876573466e-05,6.167297429286277e-05,8.085339302304521e-05,0.0001473143828202,2.1862233509446915e-05,4.080254171438787e-05,9.083177857283713e-05,0.0001572322854648,0.0001002603130725,7.982062893402421e-05,3.967822555999104e-06,0.2876016978448587,5.191094610849864e-05,7.244685554630048e-05,7.099284164940959e-05,5.873869552238705e-05,0.0001190656098701,5.7987235693834654e-05,8.813527373830121e-05,6.80424042543448e-05,0.0001264279650848,7.236059119195149e-05,7.310132032486504e-05,0.0001544378963977,7.206350952847691e-05
uj0644,0.0001022355908393,0.0001030673003187,0.0001415133975741,0.0001066724666569,0.0003531854332403,0.0001400137671007,0.0001413163006432,0.0001023136063734,7.693350654529919e-05,0.4045536363223894,8.423342939172615e-05,0.0001573898737214,0.0001211315267943,0.0001554414914972,9.688912256539714e-05,0.0001514855097598,6.570882111538805e-05,0.0001008278778902,9.778959976639988e-05,0.0001483053126232,8.053265261736673e-05,9.148115915322983e-05,4.798921147534779e-05,0.0001243703881635,0.000104516751767,0.0001344598629724,0.174750749853884,0.0001152714544988,0.0001185136365697,0.0001270178897912,9.883928183823255e-05,5.065000761051973e-05,8.98211818421704e-05,0.0001197131195266,0.0001269251085571,0.0001061411202863,8.495251119991905e-05,0.0001113729126103,0.000202920759051,3.0114513826544423e-05,5.62041708174571e-05,0.0001251178133533,0.0002165823465641,0.0001381053122029,0.0001099503137517,5.465546197385427e-06,0.3871746424232567,7.150563567340351e-05,9.979318133693864e-05,0.0270597470626319,8.091063786770697e-05,0.0001640089953824,7.987552645572543e-05,0.000121403465865,9.372619329234444e-05,0.0001741503996362,9.967435500152975e-05,0.0001006946852301,0.0002127331667372,9.92651346966395e-05
uj0645,3.3042693531173035e-05,3.331150325986809e-05,4.57373385159693e-05,3.447669833002983e-05,0.0001141500521924,4.52526557383148e-05,4.567363649760072e-05,3.3067908266720705e-05,2.4865022622602783e-05,4.016917647860128e-05,2.722436843784629e-05,5.086863898953533e-05,3.914988786165799e-05,5.023891898511694e-05,0.0087454588342341,4.896033986126063e-05,2.123718776001268e-05,3.258771863275952e-05,3.160574266837935e-05,4.7932495462933486e-05,2.602827193389365e-05,2.9566845371172984e-05,1.5510183827027214e-05,4.019669262635877e-05,3.3779968102701265e-05,4.345762574429457e-05,0.0419561261793239,3.725590386507277e-05,3.830378188544708e-05,0.0058504817871338,3.194500145996053e-05,1.637015705671782e-05,2.9030338259434912e-05,3.86914565437217e-05,4.102238202014372e-05,3.430496640048188e-05,2.74567767373132e-05,3.599588938497004e-05,6.558428818566809e-05,9.733055221196917e-06,1.8165270785334995e-05,4.043826154847984e-05,6.999973339058111e-05,4.463584030459091e-05,3.553610333865565e-05,1.766472580615437e-06,0.531795473925219,2.31107267626736e-05,3.2253303182839224e-05,3.1605976936657134e-05,2.615043732349781e-05,5.3007948858973336e-05,2.5815887790640105e-05,3.923777896981642e-05,3.029244371140633e-05,5.628566564998331e-05,0.4095969888731346,3.254467056885424e-05,6.875567280147435e-05,3.208263773099093e-05
uj0646,9.380503333716514e-05,9.456815833899966e-05,0.000129843911187,9.787603523159334e-05,0.00032406103459,0.0331132922415695,0.0001296630672752,9.387661554962628e-05,7.058941105518934e-05,0.0001140364339591,7.72873672204161e-05,0.0001444111803938,0.0001111427714736,0.000142623465783,8.889944585482226e-05,0.0413700240752479,6.029033631704968e-05,9.251340329880313e-05,8.972566785017589e-05,0.0001360757509248,7.389176412522978e-05,8.393743425005905e-05,4.4031922203534605e-05,0.0001141145496598,9.589808503392232e-05,0.0166157841747025,0.41597283121543,0.0001057659328157,0.0001087407578717,0.0001165437328474,9.068879097523756e-05,4.647330360617636e-05,8.24143420888605e-05,0.0001098413289922,0.0001164586025451,9.7388504777664e-05,7.794715206086075e-05,0.1732725164384681,0.0744020421661243,2.763120895805595e-05,5.1569459069352336e-05,0.0001148003406282,0.0001987225199453,0.0001267168635587,0.0001008835843001,5.014845994848792e-06,0.2398005384967687,6.560913360085115e-05,9.156402995553612e-05,8.972633291531612e-05,7.423857993289553e-05,0.0001504844756423,7.328882594104727e-05,0.0001113922858881,8.599733824761806e-05,0.0001597895988025,9.145500228461592e-05,9.23911939799434e-05,0.0001951907514191,9.107952712936585e-05
uj0647,9.458500074486966e-05,9.535447095663869e-05,0.0001309235336253,9.868985208939022e-05,0.0003267555280099,0.0001295361249129,0.0001307411860377,9.465717814706322e-05,7.117634587087466e-05,0.4491126398389564,7.792999401041515e-05,0.0001456119263454,0.0001120668982104,0.0001438093472962,8.96386244240631e-05,0.0001401494033129,6.07916366807287e-05,9.328263109801444e-05,9.04717162664279e-05,0.0001372071896859,7.450615725175123e-05,8.463535482715723e-05,4.439803757064819e-05,0.0001150633860529,9.669545568799895e-05,0.0001243978357731,0.1783031798177399,0.0001066453523682,0.0001096449124145,0.0001175127673433,9.144284754009772e-05,4.6859718501535856e-05,8.309959850282794e-05,0.0001107546345323,0.000117426929202,9.819826793118934e-05,7.859526481097662e-05,0.0001030385498409,0.0001877356015495,2.786095614385241e-05,5.1998247332370966e-05,0.0001157548792163,0.0002003748522693,0.0001277704853109,0.0001017224082408,5.056543292866701e-06,0.3665159960481922,6.615465854803031e-05,9.232536393243164e-05,9.047238686143274e-05,7.485585675357318e-05,0.0001517357196555,7.389820577440318e-05,0.0001123184872802,8.671238645554732e-05,0.0001611182127875,9.221542972135224e-05,9.31594056366063e-05,0.0001968137178951,9.183683257602252e-05
uj0648,2.983607766589315e-05,3.0078800854761727e-05,4.129877556459791e-05,3.113092000408179e-05,0.0001030724029675,4.086112864626245e-05,4.124125548483424e-05,0.0315037918918983,2.245200577950068e-05,3.627097373462728e-05,2.45823897603918e-05,4.593211089822968e-05,3.5350601601211764e-05,4.536350183668728e-05,2.8275783042960303e-05,4.420900194685907e-05,1.917623279758087e-05,2.942525563674196e-05,2.8538575163443176e-05,4.3280904324671874e-05,2.350236799539353e-05,2.6697541893717807e-05,1.4005003824488016e-05,3.629581958809211e-05,3.050180370170956e-05,3.9240296668274064e-05,0.0641127871070759,3.36404185749169e-05,3.458660566377437e-05,3.7068457213933934e-05,2.884491071217511e-05,1.4781521272965134e-05,2.621309991446392e-05,3.493665857948077e-05,0.0079055246418756,3.097585373556247e-05,2.479224408315004e-05,3.25026817299158e-05,5.9219685408632144e-05,8.788514508724699e-06,1.640242885955775e-05,3.651394554429693e-05,6.32066353810669e-05,4.030417183616629e-05,3.20875154489167e-05,1.5950459081124983e-06,0.4828104083285109,2.086795490675865e-05,2.9123293409386504e-05,2.8538786697243343e-05,2.3612677890344285e-05,4.786381223957909e-05,2.3310594592080056e-05,3.5429963349571734e-05,2.735272481374886e-05,5.082344422754383e-05,0.411813045973288,2.938638515613684e-05,6.208330418766256e-05,2.896919012263639e-05
uj0649,2.3735239949602047e-05,0.0041969598392631,3.285406207301309e-05,2.4765314811920284e-05,8.199630809429708e-05,3.250590455927359e-05,3.280830361540351e-05,2.375335220785137e-05,1.7861052330463826e-05,2.885433784016532e-05,1.955581849703143e-05,3.6539979744303865e-05,2.8122162060420763e-05,3.608763903570413e-05,2.2493992099194416e-05,3.516920960226066e-05,1.5255104637977062e-05,2.34084222107666e-05,2.2703048869537123e-05,3.443088803043924e-05,1.8696638009901568e-05,2.123846740204469e-05,1.1141281035385942e-05,2.887410324969214e-05,2.426483929498996e-05,3.1216497944022685e-05,0.347288334809597,2.676167476911547e-05,2.7514386899802816e-05,2.948875305885289e-05,2.294674537132486e-05,1.1759017326699e-05,2.0853083413304257e-05,2.77928615050237e-05,2.9467212763201925e-05,2.464195626819311e-05,1.97227621134446e-05,2.5856580697501824e-05,4.711053036708719e-05,6.991451859089242e-06,1.3048484090216836e-05,2.9047627127989192e-05,5.028223461462556e-05,3.206283346671141e-05,2.5526307013110592e-05,1.268893243395696e-06,0.1879535581950962,1.6600905873616117e-05,2.316820477996835e-05,2.270321714921385e-05,1.8784391898156947e-05,3.8076689608158005e-05,1.854407815285305e-05,2.8185296034036103e-05,2.175967947261101e-05,4.043114035679525e-05,0.4590566064767776,2.3377499909435635e-05,4.93886005479465e-05,2.3045612308900425e-05
uj0650,5.6519390220097336e-05,5.69791881459759e-05,7.823352780771277e-05,5.897224948012153e-05,0.0001952531907673,7.740447992705584e-05,7.812456576953676e-05,5.656251992065794e-05,4.253151805292744e-05,6.870920974018496e-05,4.656716928305789e-05,0.3826617000711934,6.696572078903239e-05,8.593346252710524e-05,5.356367661593712e-05,8.374645823944542e-05,3.632612156915222e-05,5.574115754365035e-05,5.4061491729929707e-05,8.198833465972613e-05,4.45212511745957e-05,5.0573966360643706e-05,2.6530105098065625e-05,6.875627599678394e-05,5.7780495316394846e-05,7.43340885682795e-05,0.3897499372766834,6.372606901934145e-05,6.551846002647059e-05,7.021990697276855e-05,5.464179248564399e-05,2.800108574018144e-05,4.965627317151026e-05,6.618157592132931e-05,7.016861427979649e-05,5.867850272699397e-05,4.696470271523909e-05,6.157081947781381e-05,0.0001121816528902,1.664835058200097e-05,3.10716203266385e-05,6.916947863601575e-05,0.0001197342535974,7.634941968629402e-05,0.0149662917395039,3.021544021606941e-06,0.209075105237893,3.953080226154388e-05,5.5169141303756246e-05,5.406189244484708e-05,4.473021456675722e-05,9.066987664007544e-05,4.415796897855487e-05,6.711605816495474e-05,5.1815099311745694e-05,9.627639761474373e-05,5.510344997293631e-05,5.566752400890878e-05,0.0001176062931203,5.487721875631008e-05
uj0652,0.0001303519371634,0.2751466599398386,0.0001804317396411,0.0001360090214824,0.1608758778895019,0.0001785196879218,0.0001801804380489,0.0001304514081591,9.809139389354486e-05,0.0001584655912904,0.0001073989068287,0.0002006744888064,0.0001544445436231,0.0001981902717625,0.0001235351085936,0.0001931463347283,8.3779748821339e-05,0.0001285570816892,0.0001246832307549,0.0001890915348888,0.0001026803600136,0.0001166398727848,6.11869763494693e-05,0.0001585741412535,0.0001332604521285,0.0001714383754747,0.0623843095094124,0.0001469728620945,0.0001511066936702,0.0001619497461967,0.0001260215914016,6.457953199246333e-05,0.0001145233764026,0.0001526360527295,0.0001618314487086,0.0001353315467582,0.0001083157470984,0.023059939458444,0.0002587270618366,3.839646430171285e-05,7.166117476874749e-05,0.0001595271197668,0.0002761457942216,0.0001760863788278,0.0001401883265074,6.968654737912224e-06,0.424899760668299,9.117077577008888e-05,0.0001272378278071,0.0001246841549327,0.0001031622969711,0.0002091139698496,0.0001018425141379,0.0001547912700846,0.0459553769189447,0.0002220444149048,0.0001270863224176,0.0001283872590167,0.0002712380312517,0.0001265645602893
uj0653,6.01028437445904e-05,6.059179386923876e-05,0.0053667101388975,6.271121967112834e-05,0.2432493886145416,8.231209402773893e-05,8.307783489480748e-05,6.014870796293123e-05,4.522810974783587e-05,7.306552460575207e-05,4.9519630133099086e-05,9.252725894769036e-05,7.121149462429834e-05,9.138183286453238e-05,5.695973140362544e-05,0.3382341079137434,3.862927749247735e-05,5.927526940652197e-05,5.748910908964572e-05,8.718657522211708e-05,4.734399632126424e-05,5.378046694914793e-05,2.821217205329313e-05,7.311557496643353e-05,6.144390567489629e-05,7.904703311054498e-05,0.1502851179829195,6.776644181423842e-05,6.967247434946534e-05,7.467200336218902e-05,5.810620218831049e-05,0.010596809283164,5.280458999546576e-05,7.037763324905792e-05,7.461745859978211e-05,6.239884872843143e-05,4.994236805834199e-05,6.54745447162585e-05,0.0001192942161692,1.7703892588695406e-05,3.3041629325985615e-05,7.355497556088246e-05,0.0001273256683559,8.119014064953194e-05,6.463821916454445e-05,3.2131165515205464e-06,0.2487485084579546,4.2037141982098697e-05,5.866698608018314e-05,5.74895352107693e-05,4.756620845162368e-05,9.641854603912524e-05,4.695768123578992e-05,7.137136372017582e-05,5.510029045637007e-05,0.0001023805327622,5.859712977465207e-05,5.9196967343890015e-05,0.0001250627905089,5.835655500181597e-05
uj0654,0.0001919342598001,0.0001934956880854,0.0002656733236655,0.0002002639272758,0.0006630605266193,0.0002628579590501,0.0002653032993595,0.1351724247650929,0.0001444328292268,0.0002333296813991,0.0001581375017055,0.0002954793791941,0.0002274089653404,0.0002918215405008,0.0001818969487005,0.00028439469022,0.0001233599164398,0.0001892914585928,0.0001835874795971,0.0002784242764098,0.0001511897661367,0.0001717441883358,9.009361326416928e-05,0.000233489513752,0.0001962168479923,0.0002524312136367,0.4124349210682262,0.0002164074283102,0.000222494210915,0.3376893199625406,0.0001855581235756,9.508891805470792e-05,0.0001686277930191,0.0002247460869163,0.0002382856748904,0.0001992663923518,0.0001594874859278,0.0002090884140069,0.0172535008043416,5.653615216663672e-05,0.0001055161498551,0.0002348927090519,0.000406605684305,0.0002592750788108,0.0002064176664063,1.026086468700672e-05,0.08571429007687,0.0001342426951498,0.0001873489480107,0.0001835888403853,0.0001518993851514,0.000307905934429,0.0001499560957251,0.0002279194962016,0.000175958953098,0.0003269451252118,0.0001871258667477,0.0001890414063907,0.0003993793409656,0.0001863576079087
uj0655,4.581961202955419e-05,4.619236485816235e-05,6.34230107206306e-05,4.7808116491823566e-05,0.0001582894899193,6.275091125002949e-05,6.333467646409083e-05,4.585457677597028e-05,3.4479806817168434e-05,5.570175688189013e-05,3.775146231329264e-05,7.053847776583538e-05,5.42883306752638e-05,6.966525820634402e-05,4.342344940137106e-05,6.789227927685951e-05,2.944916408962114e-05,4.51887078537543e-05,4.382702232204064e-05,6.646698894713292e-05,3.609286030769911e-05,4.0999726083676566e-05,2.150764751641673e-05,5.57399129484834e-05,4.684197525774589e-05,6.026178070049285e-05,0.3038820178760469,5.166198267999979e-05,5.3115053214414655e-05,5.692646155088155e-05,4.429746539270616e-05,2.270015440763164e-05,4.025576289291116e-05,5.365263355480291e-05,5.688487916149662e-05,4.75699794169041e-05,3.8073738041328416e-05,4.9914746953727634e-05,9.09443607273352e-05,1.3496624107739238e-05,2.5189401070182564e-05,5.607489152035867e-05,9.706716624365922e-05,6.189558618882024e-05,4.927717125975908e-05,2.449530581648418e-06,0.2500528978526004,3.204716143941873e-05,4.47249809436711e-05,4.3827347176961705e-05,3.626226449836598e-05,7.350501401797749e-05,3.579835165827783e-05,5.441020743669875e-05,4.200589812614081e-05,7.805015533840726e-05,0.4270028280067891,4.512901400388995e-05,0.0162069705923516,4.44883227310723e-05
uj0656,8.34792294075627e-05,8.415835167668247e-05,0.0001155510452216,8.710210644276493e-05,0.0002883892738607,0.000114326540181,0.0001153901081176,8.354293204400936e-05,6.281911992974274e-05,0.0001014836122608,6.877978322665813e-05,0.0001285147889003,9.890847630204312e-05,0.0001269238610705,7.911363570487253e-05,0.000123693652253,5.3653739436133766e-05,0.4550684649284665,7.98489094214096e-05,0.0001210969009246,6.575795892069329e-05,7.46978288942917e-05,3.918500750032251e-05,0.0001015531291967,8.534188364411587e-05,0.000109791567252,0.3481682107721828,9.412350547646474e-05,9.677086984981532e-05,0.0001037149144803,8.070601456219417e-05,4.135764825244452e-05,7.334239459177885e-05,0.0294516944963064,0.000103639155091,8.666824202036812e-05,0.0074078529915452,9.09401984696642e-05,0.0001656924800581,2.458964033547203e-05,4.589283272893167e-05,0.0001021634301532,0.0001768476833363,0.0001127682145243,8.977859265800527e-05,4.462825334146732e-06,0.1253421122860847,5.838705792482161e-05,8.148490960677209e-05,7.984950127798101e-05,6.606659818385773e-05,0.0294878637554852,6.522139053832259e-05,9.913052484581332e-05,7.653098424056942e-05,0.0001422003926743,8.13878834064849e-05,8.222102165635675e-05,0.000173704682321,8.105373953907321e-05
uj0657,4.71489944268849e-05,4.753256207969077e-05,6.526312743709998e-05,0.0290625878955462,0.0001628820050512,0.3275014320378381,6.517223030408603e-05,4.7184973619219536e-05,3.548018299269218e-05,0.058084103260621,3.884676031451567e-05,7.258503832195535e-05,5.586341933235706e-05,7.168648370046817e-05,4.4683310991389086e-05,6.986206463704768e-05,3.030358425214008e-05,4.649978558047432e-05,4.509859293169052e-05,6.839542179926839e-05,3.714003663759521e-05,4.218926723727396e-05,2.213165733993676e-05,5.735711693211087e-05,4.820101988090164e-05,6.201017940896218e-05,0.3500015996719803,5.316087207133068e-05,5.4656101111786254e-05,5.857809133507206e-05,4.558268515190985e-05,2.335876290188799e-05,4.1423719150298e-05,5.5209278481699824e-05,5.853530249949437e-05,4.895014591061921e-05,3.917838635480772e-05,5.136294310878678e-05,9.358296517927672e-05,1.3888206963147202e-05,2.592023105539512e-05,5.770181436883918e-05,9.988341405649236e-05,6.369138713752338e-05,5.070686918083098e-05,2.520599774352762e-06,0.2324391584574233,3.2976958319289725e-05,4.6022604379441744e-05,4.5098927211754974e-05,3.7314355818571495e-05,7.563764385534971e-05,3.683698329307372e-05,5.598883215213294e-05,4.3224631744333385e-05,8.031465514580155e-05,4.596780406792631e-05,4.643835980950187e-05,9.810824988208372e-05,4.577907990918433e-05
uj0658,4.545344749859911e-05,4.582322149655804e-05,6.291616974263849e-05,4.742606095325238e-05,0.0001570245294741,6.224944131243924e-05,6.282854140372176e-05,4.548813282645611e-05,3.4204263622204524e-05,5.525661981549866e-05,3.744977389039856e-05,6.997477398308069e-05,5.385448891498831e-05,6.910853270245855e-05,4.3076433652476266e-05,6.734972242192918e-05,2.9213822957772624e-05,4.482758515360871e-05,4.347678144568061e-05,6.59358222097078e-05,3.580442649780846e-05,4.067207936634879e-05,2.133577051187736e-05,5.529447096029953e-05,4.6467640575728096e-05,5.978020249222515e-05,0.1975648863426078,0.008042685868549,5.269058762674522e-05,5.647153733460347e-05,4.394346500030745e-05,2.251874755970991e-05,3.993406151035877e-05,5.322387192785096e-05,5.643028724825278e-05,4.718982693570242e-05,3.776947417234111e-05,4.951585641108698e-05,0.0400474012812991,1.338876668998765e-05,2.498810156502845e-05,5.562677257210862e-05,9.629146012515646e-05,0.1958516010652463,0.0160317568545338,2.429955312964107e-06,0.4038876323549654,3.1791058576100345e-05,4.436756408779177e-05,4.347710370454412e-05,3.597247690560224e-05,7.291760334842886e-05,3.5512271395628215e-05,0.1359083999604089,4.167021064858678e-05,7.742642245952507e-05,4.431473447577881e-05,4.476836834336928e-05,9.458013345565558e-05,4.41327971143278e-05
uj0661,2.455498992256852e-05,2.4754750277243247e-05,3.398875110726668e-05,0.3216537836363398,8.482823528299935e-05,3.3628569189599435e-05,3.394141227825711e-05,2.457372772845257e-05,1.847792400297017e-05,2.9850887389049805e-05,2.0231222736395253e-05,3.7801970247504606e-05,2.9093424269597425e-05,3.733400693368016e-05,2.3270872781857656e-05,3.638385747108023e-05,1.578197403728103e-05,2.421688479699739e-05,2.348714979864408e-05,3.562003630077882e-05,1.934236851592233e-05,2.1971985711345257e-05,1.1526070270589043e-05,2.987133544151429e-05,2.5102880174220137e-05,3.229463001262853e-05,0.3031596845316654,2.768594948532232e-05,2.846465822485342e-05,3.050721356627299e-05,2.37392629080236e-05,1.2165141476113186e-05,2.1573291618513925e-05,2.8752750577802424e-05,3.0484929327994315e-05,2.5493021731511967e-05,2.040393212662541e-05,2.6749595951309607e-05,4.873759864517735e-05,7.232917396604522e-06,1.34991428787069e-05,3.0050852357793896e-05,5.201884484285813e-05,3.317019563888131e-05,2.6407915521318743e-05,1.312717329614315e-06,0.2570437276533834,1.717425554987856e-05,2.396837091616025e-05,2.348732389023848e-05,1.943315318236566e-05,3.9391753847795645e-05,1.918453966058448e-05,2.915873871719467e-05,0.1165857380564802,4.182752085620715e-05,2.39398311537884e-05,2.4184894524340503e-05,5.109434711086295e-05,2.3841544437976443e-05
uj0662,5.259929436763382e-05,5.302720143384124e-05,7.280737358544814e-05,5.488202717416208e-05,0.0001817107371009,7.203582715952737e-05,7.270596898255701e-05,5.263943266011965e-05,3.958159897437778e-05,6.394364721235766e-05,4.33373437938478e-05,8.097567814098465e-05,6.232108390777724e-05,7.997325296489114e-05,4.9848584401970366e-05,7.793793584873103e-05,3.380659901335714e-05,5.187503868342456e-05,5.031187184402495e-05,7.630175295036265e-05,4.143332734179468e-05,4.706623573933045e-05,2.46900188098847e-05,6.398744902755758e-05,5.377293120147724e-05,6.917839330761916e-05,0.0806599032558281,5.9306129280365016e-05,0.194264562460886,6.534956486517724e-05,5.08519238536576e-05,2.605897455237302e-05,4.621219230385759e-05,6.159132609258203e-05,6.530182975257183e-05,5.4608654232997566e-05,4.370730493353539e-05,5.730036445117884e-05,0.0001044009102016,1.5493647217143115e-05,2.8916541697915693e-05,6.437199258278349e-05,0.0001114296744238,0.3884782304602641,5.656845010002569e-05,2.811974489079934e-06,0.3332908341176818,3.678900810229035e-05,5.134269658864806e-05,5.031224476598702e-05,4.162779736232323e-05,8.438115685778465e-05,4.1095241826475774e-05,6.246099412018051e-05,4.822128566450055e-05,8.95988183714085e-05,5.128156150502909e-05,5.180651225463404e-05,0.0001094493059325,5.107102132913313e-05
uj0664,9.303782426554283e-05,9.379470784937067e-05,0.0001287819486994,0.3517838550785955,0.0003214106164125,0.0164849418647077,0.0001286025838669,9.310882102410228e-05,7.001207704020787e-05,0.0001131037570705,7.665525221396246e-05,0.0001432300756737,0.0001102337611627,0.0001414569823558,8.817235841723386e-05,0.0001378569059963,5.979723598641665e-05,9.17567581622636e-05,8.8991822939268e-05,0.0001349628197011,7.3287420949408e-05,8.325092992599065e-05,4.367179557755605e-05,0.0001131812338815,9.51137573899591e-05,0.0001223629951105,0.2735317289431284,0.0001049008983902,0.0001078513930591,0.0001155905493572,8.994706890920965e-05,4.609320950198516e-05,8.174029477356249e-05,0.00010894296287,0.0001155061153154,9.6591987344867e-05,7.730964083101803e-05,0.000101353094224,0.0001846647118232,2.7405219867509866e-05,5.1147684720907154e-05,0.0001138614159285,0.000197097215688,0.0001256804764504,0.0001000584814426,4.973830761410222e-06,0.3523419393004163,6.507253209143183e-05,9.081514951791948e-05,8.899248256499853e-05,7.363140023301574e-05,0.000149253698884,7.26894140533246e-05,0.0001104812348581,8.529398645836176e-05,0.0001584827176535,9.07070135584055e-05,9.163554836437551e-05,0.0001935943326571,9.03346093252054e-05
uj0665,6.565289405933308e-05,6.618699508906557e-05,9.08760249012964e-05,0.4271528313676007,0.0002268060040682,8.991300331760759e-05,9.07494546548553e-05,6.570299349690112e-05,4.940458908062594e-05,7.981258202550174e-05,5.409239943456636e-05,0.069357989716776,7.77873461735598e-05,9.982026503600862e-05,6.221953868575264e-05,0.0635827882415775,4.21964037771584e-05,6.47488993902236e-05,6.279780046127458e-05,9.52376065727992e-05,5.171586203198877e-05,5.874669282003265e-05,3.081735617817985e-05,7.986725416450093e-05,6.71177930782801e-05,8.63464383243647e-05,0.2738196173931482,7.402416837570344e-05,7.610620883023947e-05,8.156740713915399e-05,6.347187751499185e-05,3.252604652115915e-05,5.76807008924742e-05,7.687648390618568e-05,8.15078255738788e-05,6.816091801580989e-05,5.455417406105119e-05,7.152063163777476e-05,0.0001303101492058,1.933871531108786e-05,3.609277788760093e-05,8.034723013368391e-05,0.0001390832462292,8.868744589486809e-05,7.06070776455689e-05,3.5098239519865448e-06,0.1620617947104536,4.591895918995133e-05,6.408444562574135e-05,6.279826593151259e-05,5.195859379881136e-05,0.0001053220811874,5.1293873623454426e-05,7.796197799064332e-05,6.0188392205587445e-05,0.0001118346130133,6.400813861028802e-05,6.466336671485721e-05,0.0001366114084541,6.374534854761684e-05
uj0666,9.228306302733526e-05,9.303380645907528e-05,0.0001277372163679,9.62880136258558e-05,0.0003188032008078,0.0001263835733522,0.000127559306617,9.235348383088046e-05,6.944411016895417e-05,0.0001121862127018,7.603339316327147e-05,0.0001420681341718,0.0001093394993856,0.0082527222437461,8.745706784654365e-05,0.0001367385538649,5.931213612267e-05,9.101238946113404e-05,8.826988453408468e-05,0.0001338679455925,7.269288313623923e-05,8.257556401487975e-05,4.331751194329148e-05,0.0001122630609889,9.434215532526196e-05,0.0001213703359804,0.4416733958342673,0.0001040498989974,0.0001069764580355,0.0001146528311028,8.921738115437463e-05,4.571928235836037e-05,8.107718375842673e-05,0.0244452976290634,0.0001145690820248,9.580839326853448e-05,7.668247310972153e-05,0.0001005308760832,0.0001831666354478,2.7182897410553893e-05,5.073275358772393e-05,0.2272604966522825,0.0001954982817089,0.0001246609045421,9.924676573516124e-05,4.93348099298268e-06,0.1710105140212246,6.454463684793975e-05,9.007841953482656e-05,8.827053880865898e-05,7.303407191789722e-05,0.0001480428912639,7.209972751896536e-05,0.1217957772478816,8.460204642924806e-05,0.0001571970404232,8.997116081885674e-05,9.089216296716408e-05,0.0001920238155112,8.960177768253185e-05
uj0667,1.9877995188697404e-05,2.0039707141405933e-05,2.7514905650973616e-05,2.0740671243400755e-05,0.0856929056660894,2.7223327668289745e-05,2.747658345991354e-05,1.9893164000266232e-05,1.4958429451057028e-05,2.4165181813107067e-05,1.6377776960352493e-05,3.060182004035527e-05,2.3551992873035404e-05,3.022298980951329e-05,1.883846414326563e-05,2.9453815539612825e-05,1.277597771249276e-05,0.003514471010856,0.5120169882948852,2.8835479568140005e-05,1.565822301332461e-05,1.7786976400052335e-05,9.330696942081709e-06,2.418173512018595e-05,2.032152865462871e-05,2.61434642016193e-05,0.0007761172421605,2.2412600143563377e-05,0.1380702785003209,2.4696497388238607e-05,1.921763989140155e-05,9.848044104051757e-06,1.746422166530984e-05,2.3276207379831324e-05,2.467845763409152e-05,2.0637359857297216e-05,1.6517590352207428e-05,2.16545940884716e-05,3.945453671259992e-05,5.855261910647573e-06,1.0927957944215926e-05,2.4327059406994805e-05,4.211080317151962e-05,2.685226063610877e-05,2.137799361073376e-05,1.0626837495954278e-06,0.2587601155641318,1.390307103633441e-05,1.9403109643081093e-05,1.901368775787716e-05,1.5731715902894453e-05,3.1888797182569865e-05,1.5530455857364188e-05,2.360486686236241e-05,1.8223485618118287e-05,3.386062307322073e-05,1.9380005855993286e-05,1.9578391948438123e-05,4.13623947410331e-05,1.930043983417109e-05
uj0668,8.938262792122093e-05,9.010977566233612e-05,0.0001237224655073,0.4715397564829475,0.0003087832907048,0.0001224113671752,0.0001235501474183,8.945083541536673e-05,6.72614980141404e-05,0.0001086602262524,7.364368138373916e-05,0.0001376029659135,0.0001059029844705,0.0001358995324813,8.470831264121632e-05,0.0001324408930702,5.7447969544477134e-05,8.815189132827263e-05,8.549558269020808e-05,0.000129660507345,7.04081628062415e-05,7.9980233334265e-05,4.195605266541041e-05,0.0001087346592158,9.137700342939536e-05,0.0001175556946826,0.1134940410279916,0.0001007796349864,0.0001036142129579,0.0001110493194135,8.641329971313464e-05,4.428233599758274e-05,7.852894681912869e-05,0.0001046628980387,0.0001109682025495,9.279715785674336e-05,7.42723608991502e-05,9.737121414011983e-05,0.0001774097508984,2.6328545297077548e-05,4.913823499776235e-05,0.0001093881188093,0.0001893538163991,0.0001207428414433,9.61274630802277e-05,4.77842283823595e-06,0.4013589409170575,6.251601399468972e-05,8.724727585849763e-05,8.549621640108539e-05,7.073862810422145e-05,0.0080008315174378,6.983364993140911e-05,0.0001061407356154,8.194302387990094e-05,0.0001522563741767,8.714338825890636e-05,8.803544352491347e-05,0.0001859885518621,8.67856147482382e-05
uj0669,4.581961202955419e-05,4.619236485816235e-05,6.34230107206306e-05,4.7808116491823566e-05,0.0122420108940998,6.275091125002949e-05,6.333467646409083e-05,4.585457677597028e-05,3.4479806817168434e-05,5.570175688189013e-05,3.775146231329264e-05,7.053847776583538e-05,5.42883306752638e-05,6.966525820634402e-05,4.342344940137106e-05,6.789227927685951e-05,2.944916408962114e-05,4.51887078537543e-05,0.112825226794673,6.646698894713292e-05,3.609286030769911e-05,4.0999726083676566e-05,2.150764751641673e-05,5.57399129484834e-05,4.684197525774589e-05,6.026178070049285e-05,0.2112401537773301,5.166198267999979e-05,5.3115053214414655e-05,5.692646155088155e-05,4.429746539270616e-05,2.270015440763164e-05,4.025576289291116e-05,5.365263355480291e-05,5.688487916149662e-05,4.75699794169041e-05,3.8073738041328416e-05,4.9914746953727634e-05,9.09443607273352e-05,0.2658553675160779,2.5189401070182564e-05,5.607489152035867e-05,9.706716624365922e-05,6.189558618882024e-05,4.927717125975908e-05,2.449530581648418e-06,0.3870017404333122,3.204716143941873e-05,4.47249809436711e-05,4.3827347176961705e-05,0.008092076533952,7.350501401797749e-05,3.579835165827783e-05,5.441020743669875e-05,4.200589812614081e-05,7.805015533840726e-05,4.467172574611584e-05,4.512901400388995e-05,9.534205344435447e-05,4.44883227310723e-05
uj0670,3.642878038622228e-05,3.6725136691529947e-05,5.042432326761352e-05,3.800973642544649e-05,0.0001258477060434,4.98899720820026e-05,5.035409331389866e-05,3.645657902990416e-05,2.741309353496548e-05,4.428555761817226e-05,3.0014215942785345e-05,5.6081459477496185e-05,4.31618162639218e-05,5.53872082136237e-05,3.452371663108934e-05,5.397760526871158e-05,2.341349225058181e-05,3.592718142789542e-05,3.484457638187501e-05,5.284443136984211e-05,2.869554811620177e-05,3.25967408112088e-05,1.709960720519543e-05,4.431589351384574e-05,3.724160799136922e-05,0.0128574253422982,0.1743507704606382,4.107374414590481e-05,4.222900463457388e-05,4.525925633469331e-05,3.5218601096323494e-05,1.804770715028236e-05,3.200525453510621e-05,4.265640668562842e-05,4.5226196348723525e-05,3.782040607497423e-05,3.0270440541825e-05,3.968460827731048e-05,7.230511122976233e-05,1.0730460905236297e-05,2.002677715940235e-05,4.458221748055816e-05,7.71730341043133e-05,0.4195608048418521,3.917770514333823e-05,1.9474938275481016e-06,0.3909467141467808,2.5479024251130368e-05,3.555849638194379e-05,3.484483465705571e-05,2.883023254029355e-05,5.843999751067173e-05,2.846139967110602e-05,4.32587141113683e-05,3.339669565024246e-05,6.205360198378432e-05,3.551615595586348e-05,3.5879721965652185e-05,7.580148701947988e-05,3.5370341797662346e-05
uj0672,1.532538118805178e-05,1.54500566039776e-05,2.1213226658502017e-05,0.0983632329203201,5.294341579129926e-05,2.098842814696931e-05,2.1183681315504302e-05,1.5337075919701284e-05,1.1532532890559134e-05,1.8630682785103856e-05,1.2626810327080151e-05,2.3593151759754444e-05,1.815793117420504e-05,2.3301084192673428e-05,1.452393167682972e-05,2.270807223274657e-05,9.849923326540246e-06,1.511436135268018e-05,0.1077924588496877,2.223135240385289e-05,1.2072054255409516e-05,1.3713263884311557e-05,7.193707717008545e-06,1.8643444924268226e-05,0.0390851198092728,2.015588346121621e-05,0.3562651045809962,1.727949108322533e-05,1.7765502615114124e-05,1.904031230974876e-05,1.4816265628130396e-05,7.592567983775079e-06,1.3464428964430412e-05,1.7945308232637437e-05,1.902640416125499e-05,1.5910830218326614e-05,1.2734602561912244e-05,1.6695089506161955e-05,0.0013776408491651,4.5142440112661416e-06,8.425151506090202e-06,1.8755485905769907e-05,3.246625751803738e-05,0.1509096222535784,1.6481838234195658e-05,8.192996019114797e-07,0.2453024141079544,1.0718880918008174e-05,1.4959257646005442e-05,1.465902420812266e-05,1.21287152283385e-05,2.4585375326443044e-05,1.1973549333267263e-05,1.81986955487648e-05,1.4049800345632506e-05,2.610559822235544e-05,1.4941445269020383e-05,1.5094395426230096e-05,3.18892554424921e-05,1.4880102080108892e-05
uj0673,1.2320950914725628e-05,1.2421184615998436e-05,1.705452681373588e-05,1.2855662248761609e-05,0.0866913050716559,1.68737984264735e-05,1.7030773621801092e-05,1.2330352978716492e-05,9.27166312690596e-06,1.4978272010751164e-05,1.015141537691712e-05,1.8967884791161968e-05,1.4598199938071954e-05,1.873307496074848e-05,1.1676619790610004e-05,0.0065169118809672,7.918917012956932e-06,1.2151299993698365e-05,1.1785141053140015e-05,1.787305636152074e-05,9.705415225610684e-06,1.1024877562654694e-05,5.783433285512467e-06,1.4988532224724415e-05,1.2595865663969808e-05,1.6204468112166088e-05,0.0004810597021458,1.3891971681190075e-05,0.1798104199265668,1.530759662620067e-05,1.1911643782541216e-05,6.104099878294919e-06,1.0824824931264649e-05,1.4427260188237776e-05,1.529641506974842e-05,1.2791626891823916e-05,1.0238075722787686e-05,1.3422137811667817e-05,2.445505221148204e-05,3.629259083178136e-06,0.4429984609551692,1.50786083811724e-05,2.61014822637134e-05,1.6643800449002704e-05,1.3250692911070628e-05,6.586818334721531e-07,0.2730302960816351,8.61752174585595e-06,1.2026603248267889e-05,1.1785228407034112e-05,9.750968224108556e-06,1.9765590095297267e-05,9.626221481867476e-06,0.0097626143161348,1.1295438481829978e-05,2.0987784274361587e-05,1.201228285911642e-05,1.213524824289752e-05,2.563759727688965e-05,1.1962965559255683e-05
uj0674,6.641956310136358e-05,6.695990115584082e-05,9.193723988584304e-05,6.930207545270898e-05,0.000229454556647,9.09629725094805e-05,9.180919160113756e-05,0.0234216948120191,4.998151671687185e-05,8.074460241363837e-05,5.472406950257816e-05,0.0292962824415954,7.86957166426374e-05,0.000100985927389,6.29461143349034e-05,9.841583827938502e-05,4.268915702017202e-05,6.550501193300305e-05,0.2920038381843076,9.63497544170429e-05,5.231977981763908e-05,5.9432713921647625e-05,3.117722931519169e-05,8.079991299267942e-05,6.790156864308647e-05,8.735475855306718e-05,0.3178888197080983,7.488859391350862e-05,7.699494762922862e-05,8.251991969459094e-05,6.421307749143643e-05,0.0292269365786295,5.835427375366317e-05,7.77742176788624e-05,8.24596423588973e-05,6.895687478919865e-05,0.0467656403654309,7.235582184422011e-05,0.0001318318606047,1.956454533052696e-05,3.651425535396059e-05,8.128549393513531e-05,0.0001407074064536,8.972310350232866e-05,7.14315997226944e-05,3.5508103152766903e-06,0.251536381631487,4.645518299177464e-05,6.48327989350797e-05,6.353159973305648e-05,5.25653461119232e-05,0.0059453581327258,5.189286359208228e-05,7.887238774237296e-05,6.089124891365444e-05,0.0001131405742638,6.47556008358855e-05,6.541848044021627e-05,0.0001382067035154,6.448974201275083e-05
uj0678,8.109866375669277e-05,8.175841958989691e-05,0.0001122558920305,8.461822770804726e-05,0.0002801653167842,0.0001110663060309,0.0001120995443476,8.116054979385754e-05,6.102771576628893e-05,9.85896181117317e-05,6.681839965153819e-05,0.0001248499504218,9.608791694930912e-05,0.0001233043908611,7.685756308643753e-05,0.0001201662974622,5.212370316185529e-05,7.998199158620633e-05,7.75718691039913e-05,0.0001176435973326,6.388274829178759e-05,7.25676812285515e-05,3.8067574055544e-05,9.865715264286062e-05,8.290820093974108e-05,0.0001066606562983,0.0031664194834667,9.143939847563464e-05,0.4278469387505952,0.0001007572905941,7.840453229590048e-05,4.017825791152684e-05,7.125089965876598e-05,9.49627614811637e-05,0.0001006836916249,8.419673573743783e-05,6.738881327459678e-05,8.834686939491635e-05,0.0001609674504977,2.388842095952308e-05,4.458411315891469e-05,9.925004973131016e-05,0.0215594509164988,0.0001095524189317,8.721838893569194e-05,4.335559560711845e-06,0.542391460612505,5.672204226119366e-05,7.916121569811042e-05,7.757244408267064e-05,6.418258613172839e-05,0.0001301005868934,6.336148115584046e-05,9.630363336543662e-05,7.434856073710256e-05,0.000138145283724,7.906695638057092e-05,7.987633614208409e-05,0.0001687511698957,7.874234124765828e-05
uj0679,8.799972256309089e-05,8.871562005870843e-05,0.0620087941478367,9.1818782420741e-05,0.0003040058739164,0.0233281371563928,0.0001216386108609,8.806687476817983e-05,6.622084516959002e-05,0.0001069790627803,7.250428501616138e-05,0.0001354740077112,0.0001042644803442,0.0465490363430806,0.0078192709627225,0.0001303918011502,5.655914912439764e-05,8.678802761468156e-05,8.417281671041449e-05,0.000127654432848,6.931882556179776e-05,7.874279944140687e-05,4.130691925563732e-05,0.0619940382290843,8.996324159903439e-05,0.0001157369027782,0.011171737936169,9.92203980244706e-05,0.0001020111201242,0.0001093311924977,8.507633504823e-05,4.3597210921874e-05,7.731396686328988e-05,0.0001030435802153,0.0001092513306532,9.136142375713246e-05,7.312323776149834e-05,9.58647114013474e-05,0.0465899043259223,2.592119671928468e-05,4.83779806838329e-05,0.0001076956935681,0.0001864241821584,0.0001188747388123,9.464020334252724e-05,4.704492291550395e-06,0.5034514424378845,6.154878207577158e-05,8.589740812610887e-05,8.417344061667778e-05,6.964417798446981e-05,0.0001411714450224,0.2321449502699613,0.0001044985530637,8.06752221893446e-05,0.0001499007021568,8.579512784911999e-05,8.667338146221311e-05,0.0001831109841411,8.544288971950301e-05
uj0680,2.3935002992859453e-05,2.4129719614697684e-05,3.313057191395038e-05,2.497374728045911e-05,8.268641411705348e-05,3.277948420002646e-05,0.0021371609373777,2.3953267689417205e-05,1.8011376413004777e-05,2.9097184777898738e-05,0.0042278734243274,3.684751139638681e-05,2.8358846782719592e-05,3.639136364995088e-05,2.268330842067608e-05,3.546520443332294e-05,1.5383496267223833e-05,2.3605434655915923e-05,0.3114262174623863,3.472066892119998e-05,1.885399463724009e-05,2.1417216843439186e-05,1.1235049466214551e-05,2.9117116539161065e-05,2.4469059608414693e-05,3.1479225544096564e-05,0.3565234492452567,2.6986909214012373e-05,0.0210685110467861,2.9736939429220776e-05,2.313987220290364e-05,1.185798481520494e-05,2.102858934510808e-05,2.802677473307043e-05,2.9715217843849506e-05,2.484935051347576e-05,1.988875491526961e-05,2.607419759370052e-05,4.750702700818214e-05,7.0502940575723774e-06,1.3158304125627991e-05,2.9292100847522448e-05,5.070542528932396e-05,3.2332684085553505e-05,2.5741144224905764e-05,1.279572637259323e-06,0.2800107227501091,1.674062417792586e-05,2.336319548170485e-05,2.28942943727469e-05,1.894248708907489e-05,3.839715468074392e-05,0.0231635417502141,2.842251211117816e-05,2.194281559430113e-05,4.077142120742875e-05,2.333537631745597e-05,2.357425210303361e-05,4.980427012485539e-05,2.323957123488269e-05
uj0681,1.6384940918606702e-05,1.6518236090771163e-05,2.26798577619428e-05,1.7096023502842776e-05,0.0144602657873737,2.24395172258832e-05,2.2648269725501985e-05,1.6397444195672695e-05,1.2329864277765565e-05,1.991876306119051e-05,1.3499797405428311e-05,2.5224325119474624e-05,1.941332654912565e-05,2.4912064708321226e-05,1.5528081129640567e-05,2.427805333801978e-05,1.053092316450789e-05,1.6159331683e-05,0.0144193343895309,2.376837425498065e-05,1.29066868428246e-05,1.4661365729740228e-05,7.691063242251008e-06,0.0158639605988171,0.0187415111242965,2.154941241734508e-05,0.0006397342910085,1.847415323822233e-05,0.6712296425967402,2.03567133788672e-05,1.5840626342173277e-05,8.117499741647483e-06,1.4395326966285686e-05,1.918600337244398e-05,2.03418436546782e-05,1.7010866476620717e-05,1.3615042134256685e-05,1.7849347551797432e-05,3.2521401020085014e-05,4.826347906728489e-06,9.007646071813445e-06,2.005219476729158e-05,3.471089591533597e-05,0.0014624998550344,1.7621352603475385e-05,8.759439916850852e-07,0.2622620287894694,1.1459958378853951e-05,1.5993504481774894e-05,1.567251363129381e-05,1.29672652181642e-05,2.628514861996392e-05,1.2801371528987508e-05,1.9456909273793305e-05,1.502116950675817e-05,2.7910476044253867e-05,1.597446060019447e-05,1.6137985360761377e-05,3.4094001314039287e-05,1.5908876291801712e-05
uj0682,5.117940520537736e-05,5.15957611545391e-05,7.084197838520478e-05,5.3400516889202674e-05,0.0001768055552087,7.009125943276085e-05,7.074331114406686e-05,5.1218459986626456e-05,3.851311537428061e-05,6.221752345416814e-05,4.216747591798271e-05,7.878978403002677e-05,6.0638760357916486e-05,7.781441877290403e-05,4.8502949149689546e-05,7.583404392830353e-05,3.289400837637413e-05,5.0474700406956105e-05,0.4409583473323174,7.424202889174381e-05,4.031485734792649e-05,4.579570846633332e-05,2.402352526571208e-05,6.22601428633408e-05,5.232136035525841e-05,6.731096044372423e-05,0.2224529475524224,5.7705192780494656e-05,5.9328237637898615e-05,6.358548912945147e-05,4.9479204002036765e-05,2.5355526797203147e-05,4.496471946595704e-05,5.992870195552377e-05,6.353904260008396e-05,5.3134523500959545e-05,4.252745015919544e-05,5.57535724750561e-05,0.0001015826647725,1.5075404690661936e-05,2.8135955481685536e-05,6.263430587576581e-05,0.0001084216913516,6.913588190006355e-05,5.5041415751213286e-05,2.73606677682661e-06,0.3332919813607472,3.579590896431504e-05,4.995672859566104e-05,4.895409325595504e-05,4.050407775669025e-05,8.210333371278909e-05,3.998589826604911e-05,6.077489377071306e-05,4.691957845096751e-05,8.718014730963793e-05,4.989724382016326e-05,5.040802381160419e-05,0.0001064947818238,4.969238706108056e-05
uj0683,0.0001919342598001,0.0001934956880854,0.0002656733236655,0.0002002639272758,0.0006630605266193,0.0002628579590501,0.0002653032993595,0.0001920807239979,0.0001444328292268,0.0002333296813991,0.0001581375017055,0.0002954793791941,0.0002274089653404,0.0002918215405008,0.0001818969487005,0.00028439469022,0.0001233599164398,0.0001892914585928,0.0001835874795971,0.0002784242764098,0.0001511897661367,0.0001717441883358,9.009361326416928e-05,0.000233489513752,0.0001962168479923,0.0002524312136367,0.3786898350579524,0.0002164074283102,0.000222494210915,0.0002384598598032,0.0001855581235756,9.508891805470792e-05,0.0001686277930191,0.0002247460869163,0.0002382856748904,0.0001992663923518,0.0001594874859278,0.0002090884140069,0.0341260438094784,5.653615216663672e-05,0.0001055161498551,0.0002348927090519,0.000406605684305,0.0002592750788108,0.0002064176664063,1.026086468700672e-05,0.3219298921487861,0.0001342426951498,0.0001873489480107,0.0001835888403853,0.0001518993851514,0.000307905934429,0.0001499560957251,0.0002279194962016,0.000175958953098,0.2534150902022647,0.0001871258667477,0.0001890414063907,0.0003993793409656,0.0001863576079087
uj0684,5.916504527754666e-05,5.964636620116579e-05,8.189561488438791e-05,6.17327221157723e-05,0.0002043929318301,8.102775953058262e-05,8.178155236713299e-05,5.9210193865960974e-05,0.1716800473616668,7.192546645375843e-05,0.0520595121023097,9.108353488748376e-05,7.010036532768214e-05,8.995598115042412e-05,5.60709756399125e-05,0.1821253445880367,3.802653600873994e-05,5.835038377183777e-05,5.659209332438366e-05,8.582618307598916e-05,4.660527707925165e-05,5.2941317978491336e-05,2.777197105688132e-05,7.197473586717354e-05,6.0485182310724623e-05,7.781364410834661e-05,0.2415595620393591,6.670906646740017e-05,0.2081116459120693,7.350687895340515e-05,5.719955777778149e-05,2.931180784482723e-05,5.198066785692173e-05,6.927951488288539e-05,7.345318526544635e-05,6.142522516859639e-05,4.916310582568161e-05,6.445293036592552e-05,0.0001174328411314,1.7427654688855934e-05,3.252607319918711e-05,7.24072803932866e-05,0.000125338976726,7.992331224847065e-05,6.36296541937663e-05,3.162981556423579e-06,0.1408456981057145,4.1381226806483394e-05,5.775159162986607e-05,5.659251279664154e-05,4.6824021982734166e-05,9.491410533321912e-05,4.622498975673132e-05,7.025773994936005e-05,5.424054797657602e-05,0.0001007830658089,5.768282530830513e-05,5.827330347426264e-05,0.0001231114070815,5.744600427887148e-05
uj0685,2.6134568236904952e-05,2.634717881572164e-05,3.617518630230101e-05,0.2803144279715696,9.028508300800296e-05,3.579183453002753e-05,3.612480225160877e-05,2.6154511412122324e-05,1.966657560254677e-05,3.177114125729125e-05,2.1532660888383604e-05,4.0233702967837294e-05,3.0964951898440304e-05,3.973563641614744e-05,2.476784615133641e-05,3.872436554843864e-05,1.6797200027001255e-05,2.5774713417035345e-05,2.4998035879416243e-05,3.791140913676902e-05,2.058662827542537e-05,2.33854040129611e-05,1.2267521629614318e-05,3.179290469617394e-05,2.671770328250168e-05,3.437208544626247e-05,0.3203639657622074,2.946693679408252e-05,3.0295738465519776e-05,3.246968771641813e-05,2.5266366971437645e-05,1.2947703135763548e-05,2.296106264659896e-05,3.0602363281103844e-05,3.2445969973192083e-05,2.7132941944103588e-05,2.171648036289196e-05,0.0643566708217093,0.002349308531818,7.698197956893514e-06,1.4367518448013758e-05,3.198396961263217e-05,5.536512352225151e-05,3.530397463364757e-05,2.8106689205032005e-05,1.397162073157321e-06,0.2689840166337265,1.827904450385516e-05,2.551021308545154e-05,0.0597583272312437,2.068325295609149e-05,4.192575448627557e-05,2.041864657384102e-05,0.0023284701990636,2.395930393784232e-05,4.45182100031082e-05,2.54798374115244e-05,2.5740665267705817e-05,5.438115451481628e-05,2.537522808815392e-05
uj0686,8.665895714862554e-05,8.736394721664594e-05,0.0001199523899227,9.041982973904608e-05,0.0002993740347507,0.0001186812434279,0.0001197853227169,8.672508622146514e-05,6.521190313734218e-05,0.0001053491277843,7.139960837720368e-05,0.0001334099232026,0.0001026759047768,0.0001317583968576,8.2127077778217e-05,0.007746414475936,5.569741287331785e-05,8.546572360705242e-05,8.289035810490534e-05,0.000125709487528,6.826268264250637e-05,7.754307268029661e-05,4.067756626334391e-05,0.0001054212926236,8.859255997191112e-05,0.0001139735331686,0.4452280567505018,9.770867418937193e-05,0.0001004568767951,0.0001076654204094,0.3276581811585349,4.293296300303209e-05,7.61360098219924e-05,0.000101473606305,0.0001075867753415,8.996943940056755e-05,7.20091307469671e-05,0.0077124134415705,0.0001720037143504,2.55262608825512e-05,4.7640892867720166e-05,0.000106054839972,0.0001835838198416,0.0001170635610743,9.319826343903884e-05,4.632814559241553e-06,0.1986784831285063,6.061102368397103e-05,8.45886736136207e-05,8.289097250532116e-05,6.858307798959768e-05,0.0001390205542527,6.770567634542913e-05,0.0001029064111599,7.94460529992005e-05,0.0077656261389629,8.448795168083989e-05,8.535282420550152e-05,0.0001803211017711,8.414108025793621e-05
uj0687,0.00013186295058,0.011724734391585,0.0001825232680472,0.0001375856106817,0.0004555367944433,0.0001805890522093,0.0001822690534175,0.0001319635746234,9.92284495863796e-05,0.0001603024925265,0.0001086438533379,0.0002030006670861,0.000156234833684,0.0002004876534983,0.0001249671027056,0.0001953852481613,0.1739617315013628,0.0001300472895024,0.0001261285336679,0.0001912834458983,0.0001038706100779,0.0001179919387113,6.189624346275972e-05,0.000160412300779,0.000134805180465,0.0001734256546137,0.3876778196441846,0.0001486765419272,0.0001528582920464,0.1856326063359164,0.0001274824083218,6.532812492786727e-05,0.000115850908329,0.0001544053791281,0.0001637073662864,0.0001369002828068,0.0001095713214355,0.0001436482222182,0.0582207197053764,3.8841548386932086e-05,7.249185668172408e-05,0.0001613763260274,0.0002793468206818,0.0001781275366861,0.0001418133613693,7.0494339808878335e-06,0.1748055416256383,9.22276090507133e-05,0.0001287127430949,0.0001261294685586,0.0001043581335517,0.0002115379768948,0.0001030230520615,0.0001565855793289,0.0001208875724461,0.0002246183090663,0.0001285594814854,0.0001298754982797,0.0002743821679115,0.0001280316711955
uj0691,6.453551139995505e-05,6.506052227094389e-05,8.932935592603166e-05,6.733625865008176e-05,0.0796475087170749,8.838272453554967e-05,8.920493984812482e-05,6.458475816768142e-05,4.856374524695581e-05,7.84542078603829e-05,5.317177118202184e-05,9.935127196311264e-05,7.646344060962806e-05,9.812136912587625e-05,6.116059018701427e-05,9.5624182946259e-05,4.1478240007773006e-05,6.364690231257667e-05,6.172901020780768e-05,0.3745236987076253,5.0835681374650086e-05,5.774685059230711e-05,3.029285866904866e-05,7.850794950422351e-05,6.597547849800256e-05,8.487686087061978e-05,0.2067543172809215,7.276431040138263e-05,7.481091546600394e-05,8.017916664170767e-05,6.239161477395682e-05,3.197246787269895e-05,5.669900136678727e-05,7.556808080741148e-05,8.012059912781302e-05,6.700084991935518e-05,5.362568661254025e-05,7.030338273009387e-05,0.0001280923292125,1.90095790947357e-05,3.547849507923089e-05,7.897975649879285e-05,0.0001367161120796,8.717802554764176e-05,0.0114157714982932,3.4500883306158383e-06,0.3011331525408472,4.51374392056355e-05,6.299375725161814e-05,6.172946775595209e-05,5.107428195622922e-05,0.0001035295468466,5.0420875018588994e-05,0.0227693673428283,5.9164012904263925e-05,0.0001099312383169,6.291874894716723e-05,6.356282536478535e-05,0.0001342863438691,6.266043145289221e-05
uj0692,3.2019607458777466e-05,3.228009415262995e-05,4.4321193855123656e-05,3.340921181140324e-05,0.0001106156754186,4.385151809252621e-05,4.4259464213725935e-05,3.204404148179837e-05,2.4095138099993083e-05,3.892543631691968e-05,2.6381432550908107e-05,0.0141231802797285,3.793770747541546e-05,4.86833939109461e-05,3.0345123905483115e-05,4.744440285798476e-05,2.0579630258121355e-05,3.157871974370502e-05,0.3884698990622589,0.0281942217102452,2.522237024555313e-05,0.0028434287131336,1.5029948974539894e-05,3.895210049455827e-05,3.273405412903456e-05,4.211206680563172e-05,0.2602096894483979,3.610236605427338e-05,3.711779909835656e-05,3.978128299516617e-05,3.0955902733928745e-05,1.5863295239540122e-05,2.813148494040569e-05,3.749347036038482e-05,3.975222443865888e-05,3.3242797140423824e-05,2.6606644896629e-05,3.488136483634293e-05,6.355363134023167e-05,9.431695005835863e-06,1.7602827668394865e-05,3.918618982669032e-05,6.783236309930194e-05,4.325380083791676e-05,3.443581493878023e-05,1.7117780838489636e-06,0.2873327656736297,2.239515971449926e-05,3.1254658649094306e-05,0.0028454047079847,2.5340753083092788e-05,5.136668755705468e-05,0.0140989032256077,3.802287725068499e-05,2.9354512388382426e-05,5.454291787587449e-05,3.121744291449229e-05,3.1537004557659215e-05,6.662682179920927e-05,3.108927743494474e-05
uj0693,4.876598490767847e-05,4.9162707140998014e-05,6.750134814775068e-05,0.0043377990259001,0.0944806347989101,6.678603016080107e-05,6.740733366725984e-05,4.8803198018407735e-05,3.669698769559976e-05,5.928358873229549e-05,4.01790229089099e-05,7.507436640713107e-05,5.777927392020153e-05,7.41449955553705e-05,4.621574003683688e-05,7.22580074320074e-05,3.13428557756425e-05,4.809451122746913e-05,0.004333561932446,7.07410655892071e-05,3.841376657456013e-05,4.363616222079513e-05,2.289066990590692e-05,5.932419837705685e-05,4.985408992532907e-05,6.413683918263104e-05,0.0276255210818907,5.4984041899975217e-05,0.4287481973739536,6.05870465041744e-05,4.7145958533995385e-05,2.4159859462155867e-05,4.284435940698402e-05,5.7102699091015833e-05,6.054279021121708e-05,5.062890748195389e-05,4.052202217479994e-05,5.312445236432865e-05,9.67924241655969e-05,1.4364507650525056e-05,2.6809174019842407e-05,5.968071732728123e-05,0.0001033089490372,6.587570449066694e-05,5.2445878162314056e-05,2.607044583845768e-06,0.4118874036088129,3.410791409758331e-05,4.760096493808075e-05,4.6645609954024177e-05,3.8594064089956585e-05,7.823166206486669e-05,3.810031991456669e-05,5.790898781443747e-05,4.470703489875867e-05,8.306907301658708e-05,0.0257690442946497,4.803097883920516e-05,0.0001014729050157,4.734908871493797e-05
uj0695,5.541801210210787e-05,5.586885006977939e-05,7.670901214530039e-05,5.782307315509234e-05,0.0001914483444846,7.5896119697159e-05,7.660217342098306e-05,5.546030134582263e-05,4.17027178283328e-05,6.737029189592838e-05,4.565972741106766e-05,8.531504395912202e-05,6.566077784387288e-05,8.42589003129367e-05,5.251989569200775e-05,8.211451358815216e-05,3.5618244232686135e-05,5.46549446359932e-05,5.300801001709903e-05,8.039065008859092e-05,4.365367755714756e-05,4.958844511434862e-05,2.601312009328791e-05,6.741644098507542e-05,5.6654542383423497e-05,7.288556022692661e-05,0.0021637430893012,6.248425629471598e-05,0.4433873576746465,6.88515505788674e-05,5.357700260845224e-05,2.745543613224888e-05,4.868863476495572e-05,6.489191339577906e-05,6.880125741277333e-05,5.753505056574053e-05,4.604951421644223e-05,6.037100551988772e-05,0.0001099955992677,1.6323928663076708e-05,3.0466136039122817e-05,6.782159165588767e-05,0.0001174010244813,7.486161913083476e-05,5.959986897029038e-05,2.962664007951796e-06,0.5508903791315991,3.87604761764979e-05,5.409407512233413e-05,5.300840292339285e-05,4.385856893602848e-05,8.890301720115893e-05,4.3297474543309794e-05,6.580818563588586e-05,5.080539244227711e-05,9.440028541327082e-05,5.402966390076564e-05,5.458274597808946e-05,0.0001153145309962,5.380784119085945e-05
uj0696,3.4236044847757095e-05,3.451456275727422e-05,4.738916248375784e-05,3.572183935658681e-05,0.0001182726312111,4.688697517578125e-05,4.7323159839158e-05,3.426217022449795e-05,2.57630337806696e-05,4.1619903841115256e-05,2.8207588401068225e-05,5.270578211631256e-05,4.0563803170340434e-05,5.205331949874604e-05,3.2445651442677985e-05,5.072856393109069e-05,2.2004178076647867e-05,3.3764638332062674e-05,3.2747197876603974e-05,4.966359848314845e-05,2.69682943491794e-05,3.063466491250788e-05,1.607034089391348e-05,4.164841374657361e-05,3.499994641262614e-05,4.502711688909623e-05,0.0284232912605654,0.0150867001677277,0.4424537904077513,4.253499329987809e-05,3.3098709147699696e-05,1.696137243260393e-05,3.0078781611974988e-05,4.008881540502171e-05,4.250392327364257e-05,3.5543905253356124e-05,2.844839022783314e-05,3.729589666036492e-05,6.795289341392403e-05,1.0084568763869912e-05,1.882131747799746e-05,0.0512054344591226,7.252780435196855e-05,4.624788318311918e-05,3.681950524006071e-05,1.8302695098154832e-06,0.4607129073577511,2.39453807591292e-05,3.341814532202846e-05,3.274744060558298e-05,2.709487179521557e-05,5.4922354096566894e-05,2.6748239859780064e-05,4.065486850427855e-05,3.138646855388629e-05,5.8318447061851256e-05,3.337835346759935e-05,3.3720035568517386e-05,7.123881397102989e-05,3.324131621280561e-05
uj0697,2.141205704365727e-05,2.158624893389402e-05,2.9638337455906263e-05,2.2341309149725207e-05,7.397058677360546e-05,2.932425727132852e-05,0.001911886617113,2.1428396491147472e-05,1.6112829369818578e-05,2.6030102459568228e-05,1.764171342202359e-05,3.296348098103948e-05,2.5369591354765283e-05,3.255541495447849e-05,2.029230136245588e-05,3.172688052797924e-05,1.3761949380284315e-05,0.0019034067872369,0.1524859352007765,3.106082517543295e-05,1.686662871083952e-05,1.9159666238809643e-05,1.005078295292736e-05,2.604793324944767e-05,2.188981970448597e-05,2.8161056559777075e-05,0.2587096828416569,0.060257408165518,2.482130465378809e-05,2.660242171485051e-05,2.070073957121821e-05,1.0608055798519733e-05,0.1054270273251938,2.5072522427227933e-05,0.0075557412270431,2.223002482394138e-05,1.7792316754675933e-05,2.3325762959397382e-05,4.24993960759993e-05,6.307135143468919e-06,0.0263638251412516,2.6204472774155337e-05,4.536065690243726e-05,2.8924553559527792e-05,2.302781615181424e-05,1.144695169191052e-06,0.3031993998549797,1.4976024859955672e-05,0.0621364559803031,2.048104766186092e-05,1.6945793331256954e-05,3.434977913240691e-05,1.6729001268747882e-05,0.0188483221390349,1.962986256336781e-05,3.647377846181531e-05,2.087563594596748e-05,2.1089332261303768e-05,4.4554490895583454e-05,2.078992950616703e-05
uj0698,5.737458755849841e-05,5.784134270668391e-05,7.941728270128719e-05,5.986456113809464e-05,0.0001982075752433,7.857569046128412e-05,7.930667195379793e-05,5.741836985642395e-05,4.3175064292463605e-05,6.974885176506572e-05,4.7271779135936e-05,8.832715707432613e-05,6.797898200717139e-05,0.0101745958982326,5.437415092393199e-05,8.501362952186706e-05,3.687577368605221e-05,5.658457940975841e-05,5.487949849994946e-05,0.0051269099900815,4.519490415206999e-05,5.13392032334334e-05,2.693153326597425e-05,6.979663018322934e-05,5.865477449056233e-05,7.545884087803563e-05,0.0274585411318849,6.469031092640869e-05,0.5145219806337787,7.1282407422827e-05,5.546857981150177e-05,2.8424771379819284e-05,5.040762438895655e-05,6.718297220955366e-05,7.12303386178987e-05,5.956636969013827e-05,4.767532766367649e-05,6.250245021083392e-05,0.000113879078333,1.6900257494850723e-05,3.154176635793275e-05,7.021608500947016e-05,0.0001215459577682,7.750466605837833e-05,6.170408809342503e-05,3.067263134907302e-06,0.4392042785869087,4.01289445406322e-05,5.600390796739354e-05,5.487990527810157e-05,4.540702937835789e-05,9.20418064658182e-05,4.482612511740559e-05,6.813159414443229e-05,5.259911582090887e-05,9.773315995188752e-05,5.593722265820522e-05,5.650983172281735e-05,0.000119385799029,5.570756832725364e-05
uj0699,3.892161533672002e-05,3.923825141389595e-05,5.387487840736902e-05,4.06107567839649e-05,0.0001344595112353,5.330396137197648e-05,5.3799842591878496e-05,3.895131625189746e-05,2.928898169099805e-05,4.731603474813444e-05,3.2068099869743814e-05,5.991913454589623e-05,4.611539535630229e-05,5.917737541059187e-05,3.688618736237985e-05,5.767131281344472e-05,2.501568620757557e-05,3.8385691775669896e-05,3.722900366489429e-05,0.1437602393259485,3.065919511479336e-05,3.482734787257587e-05,1.826973966719287e-05,4.734844654039815e-05,0.0034613086062397,5.1189561500815306e-05,0.0254702869001605,4.3884435688942e-05,0.4174703807778998,4.835636402889795e-05,3.762862302924986e-05,1.9282718443100374e-05,3.4195385971262235e-05,4.5575400413148246e-05,4.8321041735828816e-05,4.040847048740157e-05,3.2341858013110005e-05,4.240024073773474e-05,7.72529768036905e-05,1.1464750324094786e-05,2.139721694683124e-05,4.763299515491203e-05,8.245401344568996e-05,5.257740277521729e-05,4.185865003433289e-05,2.080761552344803e-06,0.3937487129798721,2.7222563328870657e-05,3.799177747530651e-05,3.72292796139414e-05,3.080309604396997e-05,6.243906821128465e-05,3.0409023804771827e-05,4.621892395938161e-05,0.0137217562087316,6.629995297850385e-05,3.794653967816868e-05,3.833498464482624e-05,8.098861088523872e-05,3.779074740305044e-05
uj0701,0.464434793652006,5.726370299521741e-05,7.862417220076412e-05,5.926671630592615e-05,0.0001962281508175,7.779098462558968e-05,7.85146660811634e-05,5.684495421555728e-05,4.274389118144306e-05,6.90522962439914e-05,4.6799693676249136e-05,8.74450670131427e-05,6.730010150898628e-05,8.636255509460662e-05,5.3831136751349394e-05,8.416463041275653e-05,3.650750921853918e-05,5.6019490520147816e-05,5.433143761139622e-05,8.239772797392206e-05,4.4743559660871976e-05,5.082649794073186e-05,2.66625781833788e-05,6.909959751708213e-05,5.806901134213967e-05,7.470526184558781e-05,0.1769836752920466,6.404427314807248e-05,6.58456141222645e-05,7.057053685880564e-05,5.4914635989688136e-05,2.8140903890407724e-05,4.99042224234212e-05,6.651204116150757e-05,7.051898804542748e-05,5.89715027836869e-05,4.719921211678524e-05,6.187826177370134e-05,0.0200859887804399,1.6731480986453604e-05,3.122677061327078e-05,6.95148634059044e-05,0.0001203321240519,7.673065614013873e-05,6.108787259816352e-05,3.036631532850198e-06,0.3349518759758264,3.972819188066278e-05,5.544461802484621e-05,5.43318403272081e-05,4.4953566472393314e-05,9.112261959978394e-05,4.4378463483575854e-05,6.745118956629315e-05,5.207382825557246e-05,9.675713568146904e-05,5.537859867673272e-05,5.59454893102126e-05,0.0001181935380047,5.5151237817116e-05
uj0704,0.0001004303909355,0.0001012474147086,0.0177962697200662,0.0001047889237052,0.0003469491479618,0.000137541508303,0.0001388210426785,0.0001005070289295,7.557507199751883e-05,0.0001220907155616,8.274609824432339e-05,0.0001546108005771,0.0001189926765298,0.0001526968214348,9.517832661565756e-05,0.000148810691476,6.454858370121917e-05,9.904753433310522e-05,9.606290386104592e-05,0.0001456866478914,7.911066702939135e-05,8.986585299281757e-05,4.714185372816821e-05,0.0001221743484977,0.000102671272823,0.0266179682618479,0.2952659167162077,0.0001132360770255,0.0001164210110606,0.0001247751025139,9.709405142880368e-05,4.975566750731704e-05,8.82351863245344e-05,0.3444340729970691,0.0001246839595417,0.000104266959453,8.345248304161955e-05,0.0001094063726855,0.0001993377354514,2.958277417488173e-05,5.521175943786106e-05,0.0001229085762102,0.0002127580968292,0.0001356667514801,0.0001080088930178,5.369039654132441e-06,0.3097091807663839,7.024304242604447e-05,9.803110768075884e-05,9.60636158990854e-05,7.948197809775719e-05,0.0001611130467187,7.846514391199318e-05,0.000119259813903,9.207124599151796e-05,0.0001710753816109,9.791437949226222e-05,9.891669348978993e-05,0.0002089768829522,9.75123848946714e-05
uj0705,6.641956310136358e-05,6.695990115584082e-05,9.193723988584304e-05,0.367914088965358,0.000229454556647,9.09629725094805e-05,9.180919160113756e-05,6.64702475807391e-05,4.998151671687185e-05,8.074460241363837e-05,5.472406950257816e-05,0.0001022517360474,7.86957166426374e-05,0.000100985927389,6.29461143349034e-05,9.841583827938502e-05,4.268915702017202e-05,6.550501193300305e-05,6.35311288272375e-05,9.63497544170429e-05,5.231977981763908e-05,5.9432713921647625e-05,3.117722931519169e-05,8.079991299267942e-05,6.790156864308647e-05,8.735475855306718e-05,0.0025932880881794,7.488859391350862e-05,7.699494762922862e-05,8.251991969459094e-05,6.421307749143643e-05,3.290587308150667e-05,5.835427375366317e-05,7.77742176788624e-05,8.24596423588973e-05,6.895687478919865e-05,5.5191236554112846e-05,7.235582184422011e-05,0.0001318318606047,1.956454533052696e-05,3.651425535396059e-05,8.128549393513531e-05,0.0001407074064536,8.972310350232866e-05,7.14315997226944e-05,3.5508103152766903e-06,0.625219974662502,4.645518299177464e-05,6.48327989350797e-05,6.353159973305648e-05,5.25653461119232e-05,0.0001065519916162,5.189286359208228e-05,7.887238774237296e-05,6.089124891365444e-05,0.0001131405742638,6.47556008358855e-05,6.541848044021627e-05,0.0001382067035154,6.448974201275083e-05
uj0709,0.0001716598879126,0.0001730563796318,0.0002376097576811,0.1209012295980067,0.0005930202132612,0.0002350917852523,0.0002372788197289,0.0001717908808256,0.0001291761215626,0.0002086826343426,0.0001414331440663,0.0002642673442761,0.0002033873345036,0.000260995889869,0.000162682836603,0.0002543535515596,0.0001103291796422,0.0001692962506991,0.0001641947935852,0.0002490138036349,0.0001352193106932,0.0001536025311483,8.057685777766243e-05,0.0002088255833075,0.0001754900983702,0.0002257664362978,0.7461252800702162,0.000193547910237,0.0001989917347047,0.0002132709024857,0.0001659572747849,8.504449925723207e-05,0.0001508153264496,0.0002010057408669,0.0002131151170483,0.0001782175137023,0.000142640526951,0.0001870020169908,0.0003407165202244,5.056413354262835e-05,9.437028322076353e-05,0.000210080556485,0.0003636551716465,0.0002318873712987,0.0001846133854133,9.17699051692488e-06,0.1219309255922955,0.0001200623902502,0.000167558931113,0.0001641960106308,0.0001358539713351,0.0002753812594311,0.0001341159551755,0.000203843937043,0.0001573720824906,0.0002924093051751,0.0001673594143376,0.0001690726119749,0.0003571921603584,0.0001666723081049
uj0711,0.0001596166036808,0.0001609151205795,0.0002209395740826,0.0001665437319259,0.0286145448701623,0.0002185982571207,0.000220631854017,0.000159738406416,0.0001201134059401,0.0001940419147767,0.0001315105024142,0.0002457269224046,0.0001891181216527,0.0002426849861206,0.0001512693627585,0.0002365086598143,0.0001025887244569,0.0001574187941113,0.0001526752441285,0.0002315435369856,0.0001257326180703,0.0001428261117771,7.492376075818128e-05,0.0001941748347533,0.0001631780949066,0.0002099271543584,0.511368411047466,0.0001799690099837,0.0001850309075717,0.0001983082800102,0.0001543140734821,7.907796223240899e-05,0.0001402344512957,0.0001869036154436,0.0001981634241402,0.0001657141607134,0.0001326331779429,0.0001738823623649,0.0003168125905094,4.701666395264738e-05,8.774946948445544e-05,0.0001953417617433,0.0003381419160586,0.0002156186578777,0.0001716613119816,8.533152829903327e-06,0.0993449523223236,0.0001116390741866,0.0001558033610872,0.0001526763757889,0.0001263227523024,0.0002560611094544,0.2947875681514239,0.0001895426899514,0.0001463311995992,0.0002718945045593,0.0001556178419746,0.0001572108453934,0.056458391665075,0.0001549789416202
uj0712,0.0001219662898165,0.0001229585129609,0.0001688244174044,0.0001272594492476,0.0004213475616065,0.0001670353695451,0.0001685892822503,0.0001220593617611,9.178109383307764e-05,0.0001482713694468,0.0001004898468046,0.0001877649338639,0.0001445089990836,0.000185440528546,0.0001155879934361,0.0001807210721304,7.839012866131787e-05,0.0001202868988713,0.0001166622559544,0.0001769271209002,9.607484798771092e-05,0.000109136333819,0.0215008583056291,0.0001483729363015,0.0001246876976212,0.0001604096037529,0.3907469923964251,0.0001375179769741,0.000141385875764,0.0001515313858018,0.0001179145187597,6.04250775753995e-05,0.0001071559933902,0.0001428168498969,0.0001514206984885,0.0001266255570297,0.0001013477059856,0.0001328670458656,0.0002420829371163,3.592638816773745e-05,6.705115244643103e-05,0.0323146759156252,0.0002583811081181,0.0001647585972268,0.0001311698961424,6.5203554461135336e-06,0.4190092170740702,8.530568476649683e-05,0.0001190525136767,0.0001166631206791,9.652578154432152e-05,0.0001956614961492,9.52909014264521e-05,0.0001448334203467,0.0001118146426371,0.128869405341846,0.0001189107547536,0.0001201280010311,0.0002537890655772,0.0001184225580122
uj0714,9.955148792858166e-05,0.0001003613616283,0.0088891630798541,0.0001038718775871,0.0003439128693356,0.0001363378323628,0.0001376061690659,9.962745523551832e-05,7.49136869584395e-05,0.0001210222551481,8.202195693721644e-05,0.0001532577450301,0.0001179513281866,0.1051677403773232,9.43453863404532e-05,0.0001475083948007,6.398369548576171e-05,9.818073320894932e-05,9.522222232750668e-05,0.1401662515062022,7.841834070773672e-05,8.907940411327825e-05,4.672929815996048e-05,0.0001211051561818,0.0001017727590407,0.0001309297409609,0.0038868922912327,0.0001122451067856,0.0001154021683005,0.0001236831500503,9.624434594654202e-05,4.932023750071611e-05,8.746300800418373e-05,0.000116570159918,0.0001235928047036,0.0001033544812345,8.272215990332917e-05,0.0001084489175861,0.0001975932581725,2.9323884520706188e-05,5.472858117936535e-05,0.0001218329583996,0.0002108961730696,0.0001344794822211,0.000107063667773,5.322053228481619e-06,0.7095615921543245,6.962831992387437e-05,9.71732016772216e-05,9.522292813424138e-05,7.878640229741902e-05,0.0001597030876424,7.777846679874739e-05,0.0001182161277431,9.126549691290404e-05,0.0001695782385058,9.705749501970698e-05,9.805103740160924e-05,0.0002071480499754,0.0263507539837998
uj0715,3.5298392231842424e-05,3.558555257578537e-05,4.885965222702363e-05,3.683029107067762e-05,0.000121942641019,4.834188200415947e-05,4.879160151474701e-05,3.532532828124602e-05,2.6562462910544367e-05,4.291137299790917e-05,2.908287226877216e-05,5.434124701906122e-05,4.182250143347775e-05,0.1427920598603081,3.3452442767094985e-05,5.230267558535002e-05,2.268696959426109e-05,3.481235793186346e-05,3.3763346212518244e-05,5.120466416896155e-05,2.780512281702652e-05,3.158526117083312e-05,1.6569004938955088e-05,4.294076756815923e-05,3.608599772725444e-05,4.642431215662052e-05,0.007584208857368,3.979922237091507e-05,4.091863502834275e-05,4.385485776042405e-05,3.412576490825912e-05,1.748768526209113e-05,3.101212876419572e-05,4.133277475739399e-05,4.382282362863132e-05,3.664683565708684e-05,2.93311461967066e-05,3.845319150649697e-05,7.006147747730893e-05,1.039749379050679e-05,1.9405344560468697e-05,4.319882747952839e-05,7.477834829094851e-05,4.768295893259756e-05,0.0093469875386118,1.887062928406036e-06,0.5060389531358702,2.468840796111788e-05,0.0186525061551982,3.376359647339812e-05,2.7935627971981126e-05,0.2048551880612402,0.0155426207750047,4.191639253247489e-05,3.2360393343159424e-05,6.012807343532923e-05,3.44140866151946e-05,3.476637114077101e-05,0.0931637045703487,3.4272797082726855e-05
uj0716,5.5149342012614346e-05,5.559799428880169e-05,7.633712191726289e-05,5.754274317481905e-05,0.0001905201905885,7.55281704240296e-05,7.623080115395742e-05,5.519142623535376e-05,4.15005403682244e-05,6.704367638471998e-05,4.5438366113820495e-05,8.49014311349484e-05,6.534245016681684e-05,8.385040774113546e-05,5.2265275857399405e-05,8.171641714121002e-05,3.544556469217923e-05,5.438997394668807e-05,5.275102377282655e-05,8.000091104284622e-05,4.344204171870589e-05,4.9348037140815226e-05,2.588700681281527e-05,6.708960174011258e-05,5.637987751554041e-05,7.253220633987499e-05,0.2736448574040362,6.218132859857801e-05,6.393027147088363e-05,6.851775383022712e-05,0.4024426593164425,2.73223304107888e-05,4.845258912990992e-05,6.457731322305314e-05,6.846770448863924e-05,5.725611693751817e-05,4.5826263207675095e-05,6.007832299951949e-05,0.0001094623335229,1.624478920627494e-05,3.031843425073908e-05,6.749278821439635e-05,0.0001168318567584,7.449868518303358e-05,5.931092496954661e-05,2.948300822157816e-06,0.3203606020959491,3.857256289328659e-05,5.383182356452998e-05,5.2751414774285376e-05,4.364593977099475e-05,8.847200965177823e-05,4.308756560000521e-05,6.548914331636665e-05,5.0559084629772565e-05,9.394262675378178e-05,5.37677246127093e-05,5.431812531252471e-05,0.0001147554787281,5.354697731357773e-05
uj0717,3.372849512244495e-05,3.400288400102119e-05,4.668661765101325e-05,3.519226271203852e-05,0.0030815213438495,4.619187527516454e-05,0.0296966426499091,3.3754233190200564e-05,2.538109653363263e-05,4.100288832848778e-05,2.778941060604708e-05,0.0059819286296241,3.996244436127604e-05,5.128162848914904e-05,3.196464431844577e-05,4.9976512436731486e-05,2.167796590499704e-05,3.3264077213308764e-05,3.226172032331406e-05,4.892733511276716e-05,2.656848910152505e-05,3.018050568265188e-05,1.5832097920969348e-05,4.103097557429756e-05,3.44810718385723e-05,4.43595894071606e-05,0.0220719114570986,3.8029150698925335e-05,0.0237591156225733,4.19044115763902e-05,0.2490927848943038,1.6709919907717748e-05,2.963286335790184e-05,3.949449829457894e-05,4.187380216362074e-05,3.501696648376155e-05,2.802664254319499e-05,3.6742984599716105e-05,6.694549105364053e-05,9.93506492577312e-06,1.854229124823143e-05,4.1277558262957846e-05,7.145257888886292e-05,4.556225782802218e-05,3.6273655687233455e-05,1.8031357450630136e-06,0.4479528294444093,2.35903902372732e-05,3.292272096579626e-05,3.22619594538334e-05,2.669319003559109e-05,0.1987092492075848,2.635169692224784e-05,4.005215965067977e-05,3.092116382713171e-05,5.745387547017066e-05,0.0178228961528737,3.322013568620262e-05,7.018269780389243e-05,3.274851334997933e-05
uj0721,7.520127661584063e-05,7.581305588091643e-05,0.0001040927926219,7.846490255013486e-05,0.0002597920669675,0.0001029897117366,0.000103947814335,7.525866238255868e-05,5.658986131192389e-05,9.142031199569022e-05,6.195945435424555e-05,0.0001157710278102,8.910053121989434e-05,0.0001143378592885,7.126858315474558e-05,0.0001114279638746,4.8333336680817536e-05,7.416580736280955e-05,7.193094578720002e-05,0.1719895865005988,5.923727966324695e-05,6.729065580920977e-05,3.529935061856938e-05,9.148293550539172e-05,0.006687667603175,9.890443500258904e-05,0.035990103545772,8.479004683705158e-05,8.71748937259859e-05,0.052979737366352,7.270305881745232e-05,3.725654834723424e-05,6.606962884667969e-05,0.0133096339485979,9.336210726365676e-05,7.807406091594653e-05,6.248838825606378e-05,8.192240236464268e-05,0.0001492621112395,2.2151286707784835e-05,4.134201565138355e-05,0.0529783397300433,0.0001593111441951,0.000101585912497,8.087598350595092e-05,4.020283426465668e-06,0.4963386854392543,5.25972906667948e-05,7.34047172074219e-05,7.19314789541933e-05,5.951531369360943e-05,0.1587795608813852,5.8753918381257e-05,8.930056102468187e-05,6.894203212465463e-05,0.0001280995421289,0.0066841056888196,7.406783504228842e-05,0.0001564798088985,7.30163027508007e-05
uj0722,0.0004024191010401,0.0004056928707547,0.0005570241612476,0.000419883504222,0.001390206320306,0.000551121325043,0.0005562483495256,0.0004027261853037,0.0003028251931607,0.0004892108409016,0.0003315591043692,0.000619517048572,0.0004767971674054,0.0006118478384985,0.0003813743656513,0.0005962763276244,0.0002586426557187,0.0003968780700269,0.0003849188184466,0.0005837584553028,0.0003169921296937,0.0003600875734792,0.0001888948377271,0.0004895459535169,0.0004113981925907,0.0005292600819257,0.0510878967158784,0.0004537307870399,0.0004664926440768,0.000499967033067,0.0357648797500643,0.0001993682470357,0.000353553581043,0.0004712140414814,0.0004996018281468,0.0004177920219206,0.0003343895497401,0.0004383853705441,0.0007987354381123,0.0001185365632735,0.0002212305099367,0.000492487963931,0.1069799976330731,0.000543609276665,0.0004327857457056,2.151344917546365e-05,0.7103503643739719,0.0002814600413687,0.0003928053038463,0.0003849216715442,0.0003184799529009,0.0006455711943605,0.0710660639128191,0.0004778675722954,0.0003689244629876,0.0006854897271296,0.000392337580359,0.0003963537979011,0.0008373589766244,0.000390726809923
uj0723,3.574202344304671e-05,3.603279282647102e-05,4.947372174481151e-05,3.729317523065224e-05,0.0189755184638754,4.8949444170859335e-05,4.9404815769221126e-05,3.576929802549577e-05,2.6896300710186232e-05,4.3450684370859705e-05,2.944838664589034e-05,5.502420937822698e-05,4.23481278372149e-05,0.0031963502535406,3.387287403220856e-05,0.0943131762382623,2.297210008217543e-05,3.52498806499735e-05,3.4187684921097075e-05,5.184820586444119e-05,2.8154578402198297e-05,3.1982225643814986e-05,1.6777244670703764e-05,4.34804483729161e-05,3.653952758703133e-05,4.7007774250193966e-05,0.0265315706571647,4.029942014506384e-05,4.1432901613042166e-05,4.440602687707005e-05,3.455465850545437e-05,1.7707470994626064e-05,3.1401890092567854e-05,4.1852246262147554e-05,4.437359013938542e-05,3.710741414413453e-05,0.0125977286103733,0.0094649580944401,7.094201214608011e-05,1.0528169792220277e-05,1.9649231490350768e-05,0.0031857489589601,7.571816472809047e-05,4.828223973513762e-05,0.0126064679548374,1.910779589693297e-06,0.4589847427624106,2.499869258412731e-05,3.488814607045164e-05,3.4187938327262905e-05,0.0125963155532353,0.3456781310950058,2.792484413371505e-05,4.244319896225107e-05,3.276709969962975e-05,6.088376479572589e-05,3.4846603847914784e-05,3.5203315895564815e-05,7.437247410821182e-05,3.470353858452967e-05
uj0724,2.2968455250048824e-05,2.3155308789046342e-05,3.179268699657613e-05,2.396525277261836e-05,7.934735596235905e-05,0.0121461115775037,3.174840680020363e-05,2.298598237823292e-05,1.728403766054688e-05,2.792217685006969e-05,1.892405313706021e-05,3.5359528337475486e-05,2.7213654557144043e-05,3.492180083418043e-05,2.176730684089676e-05,3.4033041951305606e-05,1.476227705960323e-05,2.2652195602988043e-05,2.196960987573154e-05,0.0020524278724993,1.809262911892265e-05,2.0552342809227127e-05,1.0781353608930762e-05,2.7941303723241377e-05,2.348094549201924e-05,3.020802560298311e-05,0.0049349998890414,2.589711882651918e-05,2.6625514028192763e-05,2.853609681006654e-05,0.1534745122403148,1.137913346679114e-05,2.017940893881904e-05,2.6894992302769803e-05,2.8515252389795987e-05,2.3845879419017337e-05,1.908560351493753e-05,2.5021264496624736e-05,4.55885894071465e-05,6.765587771572299e-06,1.2626943040958992e-05,2.810922178271512e-05,4.865782937399151e-05,3.102701962287413e-05,2.470166055091717e-05,1.2279006970187385e-06,0.5251301587727785,1.606460117858709e-05,2.241973857616688e-05,2.1969772719007303e-05,1.8177548052107696e-05,0.2988650230067545,1.7944997822293118e-05,2.727474894046693e-05,2.105671673356948e-05,3.912498209267375e-05,2.2393042810583102e-05,0.0020417315723583,4.779306482499096e-05,2.2301106546674223e-05
uj0725,0.0002308915330008,0.0002327698874481,0.0206167937145743,0.0002409118894233,0.0007976432223354,0.0003162107546082,0.0003191524304369,0.0002310677253243,0.0001737486438875,0.0002806890645212,0.0001902349806218,0.0003554534083876,0.0002735666091102,0.0003510531309996,0.0002188169291787,0.3453944534779755,0.0001483985206566,0.0002277123172486,0.0002208505904474,0.0003349365979366,0.0001818770495362,0.0002066034431276,0.0001083800906717,0.0002808813383603,0.000236043366519,0.0003036676722257,0.232284095991748,0.000260332068529,0.0002676542973386,0.0002868605252991,0.0002232212198998,0.0001143893022741,0.0002028545069406,0.000270363241029,0.0002866509857328,0.000239711882879,0.0001918589737897,0.0002515274995358,0.0004582815509781,6.801140587054211e-05,0.0001269329697666,0.0002825693429626,0.0004891352376269,0.0003119006501388,0.0002483146650559,1.2343532519755524e-05,0.3872726338406813,0.0001614901983085,0.0002253755314833,0.0002208522274375,0.0001827307013143,0.0003704022059138,0.0001803929786213,0.0002741807634218,0.0002116736869611,0.0003933058185961,0.0002251071709787,0.0002274115114605,0.000480442149205,0.0002241829771363
uj0730,7.373886060802514e-05,7.4338742790621e-05,0.0001020685322226,7.693901981642567e-05,0.0002547399708524,0.0001009869026107,0.0001019263732837,7.379513041145577e-05,5.548937575121489e-05,8.964248941449986e-05,6.075454797551427e-05,0.0001135196643769,8.73678206992143e-05,0.0065943447822932,6.988264502244166e-05,0.0001092610586647,4.739341320539247e-05,7.272352780585471e-05,7.053212689328843e-05,0.0001069672966642,5.8085310575255065e-05,6.598207520180207e-05,3.461289504582962e-05,8.970389510414333e-05,7.538418007353639e-05,9.69810709920203e-05,0.1778992842672783,8.314116097529468e-05,8.547963048310577e-05,9.161344296195691e-05,7.128922487983273e-05,3.6532031754553545e-05,6.4784793173618e-05,8.634477446904646e-05,9.154652318942312e-05,7.655577875882433e-05,6.127319586305316e-05,0.103796015939536,0.0001463594570472,2.172051747442914e-05,4.053805023743463e-05,9.024298605502816e-05,0.0001562130695615,9.961040262160048e-05,7.930321322531967e-05,3.942102215941109e-06,0.4477931577726874,5.157444739470808e-05,7.197723833573089e-05,7.05326496919478e-05,0.0195050491859205,0.0001182937991523,5.761134907087729e-05,8.756396058614771e-05,6.760133771190596e-05,0.0001256084298841,7.18915331668035e-05,7.262746072280162e-05,0.2399959621883026,7.159637725512393e-05
uj0731,3.892161533672002e-05,3.923825141389595e-05,5.387487840736902e-05,4.06107567839649e-05,0.0001344595112353,5.330396137197648e-05,5.3799842591878496e-05,3.895131625189746e-05,2.928898169099805e-05,4.731603474813444e-05,3.2068099869743814e-05,5.991913454589623e-05,4.611539535630229e-05,5.917737541059187e-05,3.688618736237985e-05,0.0171652640188306,2.501568620757557e-05,3.8385691775669896e-05,3.722900366489429e-05,5.6460595404467454e-05,3.065919511479336e-05,3.482734787257587e-05,1.826973966719287e-05,4.734844654039815e-05,3.979006503630322e-05,5.1189561500815306e-05,0.1554879914658909,4.3884435688942e-05,4.511875108124908e-05,4.835636402889795e-05,0.2053287410952351,1.9282718443100374e-05,0.1266303814104982,4.5575400413148246e-05,4.8321041735828816e-05,4.040847048740157e-05,3.2341858013110005e-05,4.240024073773474e-05,7.72529768036905e-05,1.1464750324094786e-05,2.139721694683124e-05,4.763299515491203e-05,8.245401344568996e-05,0.0137386515675889,4.185865003433289e-05,2.080761552344803e-06,0.3355828977794138,2.7222563328870657e-05,3.799177747530651e-05,3.72292796139414e-05,3.080309604396997e-05,0.1061295138455176,3.0409023804771827e-05,4.621892395938161e-05,3.56820439178871e-05,6.629995297850385e-05,3.794653967816868e-05,3.833498464482624e-05,0.0377176925641229,3.779074740305044e-05
uj0735,0.0001022355908393,0.0001030673003187,0.0001415133975741,0.0001066724666569,0.0003531854332403,0.0001400137671007,0.0001413163006432,0.0001023136063734,7.693350654529919e-05,0.0001242852519557,8.423342939172615e-05,0.0001573898737214,0.1618928719549678,0.0001554414914972,9.688912256539714e-05,0.0001514855097598,6.570882111538805e-05,0.0001008278778902,9.778959976639988e-05,0.0001483053126232,8.053265261736673e-05,9.148115915322983e-05,4.798921147534779e-05,0.0001243703881635,0.000104516751767,0.0001344598629724,0.4982942307102309,0.0001152714544988,0.0001185136365697,0.0001270178897912,9.883928183823255e-05,5.065000761051973e-05,8.98211818421704e-05,0.0001197131195266,0.0001269251085571,0.0001061411202863,8.495251119991905e-05,0.0001113729126103,0.000202920759051,3.0114513826544423e-05,5.62041708174571e-05,0.0001251178133533,0.0002165823465641,0.0001381053122029,0.0001099503137517,5.465546197385427e-06,0.3332507289471989,7.150563567340351e-05,9.979318133693864e-05,9.779032460306524e-05,8.091063786770697e-05,0.0001640089953824,7.987552645572543e-05,0.000121403465865,9.372619329234444e-05,0.0001741503996362,9.967435500152975e-05,0.0001006946852301,0.0002127331667372,9.92651346966395e-05
uj0736,0.0002512937686613,0.0223440525094743,0.0003478381129363,0.0002621995524118,0.0008681252568369,0.0003441520405014,0.0003473536512125,0.0002514855298419,0.0001891015705723,0.0003054915523702,0.0002070446871323,0.00038686228731,0.0002977397364456,0.0003820731888377,0.0002381522183406,0.0003723494365575,0.0001615114380111,0.0002478336283201,0.0002403655797305,0.000364532552858,0.0001979482253721,0.0002248595137602,0.0001179568651946,0.0003057008160751,0.0002569008329112,0.0003305006155159,0.098174381630337,0.0002833357540391,0.0002913049959107,0.0003122083410581,0.0002429456847757,0.0001244970679064,0.0002207793108587,0.0002942533096067,0.3095819820203639,0.00026089350986,0.0002088121809774,0.0002737531881695,0.0004987766184255,7.402108804526802e-05,0.0001381491297038,0.0003075379775878,0.0005323566249953,0.0003394610828843,0.0002702564584538,1.3434242326553596e-05,0.5319467224999874,0.0001757599337117,0.0002452903574869,0.0002403673613697,0.0001988773082607,0.0004031320033039,0.0001963330177102,0.0002984081591872,0.0002303777788278,0.0225187738542522,0.0002449982838813,0.000247506242473,0.0005228953904387,0.0002439924256299
uj0737,0.0001952282569615,0.0001968164826531,0.0002702328388606,0.0002037008791189,0.0006744400452878,0.0002673691566438,0.0002698564641562,0.0001953772347942,0.0001469116015417,0.0002373341114003,0.0001608514751372,0.0003005504292367,0.0002313117833526,0.0174589412832637,0.00018501868441,0.0002892755035947,0.0001254770330766,0.0001925400997053,0.0001867382283862,0.0002832026248772,0.0001537845017561,0.0001746916812401,9.163980989764994e-05,0.0002374966868139,0.0001995843434096,0.0002567634662634,0.1105951687160851,0.0002201214367176,0.000226312681364,0.000242552334498,0.0001887426927764,9.672084466582522e-05,0.0001715218019997,0.0002286032043122,0.0002423751602043,0.0002026862243893,0.0001622246279392,0.000212676812675,0.0003874958394196,5.750643191214638e-05,0.0001073270297806,0.0002389239639079,0.000413583896383,0.0002637247866145,0.1203447405120967,1.0436962790533e-05,0.7393455640979711,0.0001365465832479,0.00019056425154,0.0001867396125284,0.0001545062993315,0.0003131902503976,0.0001525296589554,0.0002318310760014,0.000178978780265,0.0003325561938949,0.0001903373417315,0.0001922857560794,0.0004062335337336,0.0001895558979488
uj0738,0.000164225278979,0.0001655612884858,0.000227318852516,0.0001713524170232,0.0005673364415371,0.0002249099337545,0.0146637061741209,0.0001643505985743,0.0001235814892985,0.0001996445661227,0.0001353076587874,0.0002528218960557,0.0001945786063116,0.0002496921287047,0.0001556370247651,0.0002433374708099,0.0001055508105393,0.0001619640111574,0.0001570834987213,0.0002382289879648,0.0001293629472323,0.0001469499883546,7.708706506044744e-05,0.000199781323952,0.0001678896025935,0.0002159884667056,0.4106397283301002,0.0001851653286099,0.0001903733804314,0.0002040341158596,0.0001587696466633,8.136121248814487e-05,0.000144283497803,0.0001923001597616,0.000203885077507,0.0001704988932627,0.0001364627497845,0.0001789029387319,0.0003259600496482,4.837419526684877e-05,9.02830957057816e-05,0.0002009819441009,0.3323920955372541,0.0002218443033274,0.000176617759055,8.77953403183477e-06,0.1888336032084668,0.000114862474708,0.0001603019350768,0.0001570846630566,0.0001299701206508,0.0002634544663031,0.0001283073781654,0.000195015433344,0.0001505562800069,0.0002797450254825,0.0001601110593952,0.0001617500582514,0.0292151299811612,0.0145961576384077
uj0740,0.0001596166036808,0.0001609151205795,0.0002209395740826,0.0001665437319259,0.0005514152054147,0.0563448575866157,0.000220631854017,0.000159738406416,0.0001201134059401,0.0001940419147767,0.0001315105024142,0.0002457269224046,0.0001891181216527,0.0002426849861206,0.0001512693627585,0.0002365086598143,0.0001025887244569,0.0001574187941113,0.0001526752441285,0.0002315435369856,0.0001257326180703,0.0001428261117771,7.492376075818128e-05,0.0001941748347533,0.0001631780949066,0.0002099271543584,0.2868633737294859,0.2246850063279639,0.0001850309075717,0.0001983082800102,0.0001543140734821,7.907796223240899e-05,0.0001402344512957,0.0001869036154436,0.0001981634241402,0.0001657141607134,0.0001326331779429,0.0001738823623649,0.3370743685674796,4.701666395264738e-05,8.774946948445544e-05,0.0001953417617433,0.0003381419160586,0.0002156186578777,0.0001716613119816,8.533152829903327e-06,0.0853133874899498,0.0001116390741866,0.0001558033610872,0.0001526763757889,0.0001263227523024,0.0002560611094544,0.000124706671575,0.0001895426899514,0.0001463311995992,0.0002718945045593,0.0001556178419746,0.0001572108453934,0.0003321323355799,0.0001549789416202
uj0742,9.955148792858166e-05,0.0001003613616283,0.0001377980913953,0.0001038718775871,0.0178466428462531,0.0001363378323628,0.0001376061690659,9.962745523551832e-05,7.49136869584395e-05,0.0001210222551481,8.202195693721644e-05,0.0001532577450301,0.0001179513281866,0.0001513605158179,9.43453863404532e-05,0.0088988733832595,6.398369548576171e-05,9.818073320894932e-05,9.522222232750668e-05,0.0001444116908618,7.841834070773672e-05,8.907940411327825e-05,4.672929815996048e-05,0.0001211051561818,0.0088531377474994,0.0001309297409609,0.0038868922912327,0.0001122451067856,0.0001154021683005,0.0001236831500503,9.624434594654202e-05,4.932023750071611e-05,8.746300800418373e-05,0.000116570159918,0.0001235928047036,0.0001033544812345,8.272215990332917e-05,0.0001084489175861,0.0001975932581725,2.9323884520706188e-05,0.0175574585580969,0.0001218329583996,0.0002108961730696,0.3676918089974897,0.000107063667773,5.322053228481619e-06,0.569539752338984,6.962831992387437e-05,9.71732016772216e-05,9.522292813424138e-05,7.878640229741902e-05,0.0001597030876424,7.777846679874739e-05,0.0001182161277431,9.126549691290404e-05,0.0001695782385058,9.705749501970698e-05,9.805103740160924e-05,0.0002071480499754,9.665901842356303e-05
uj0750,7.77719459989868e-05,7.84046382365113e-05,0.0001076510853404,8.114713524237471e-05,0.000268672760788,0.0001065102969003,0.000107501151137,7.783129343231703e-05,5.8524320810719255e-05,9.45454104996096e-05,6.407746723211937e-05,0.0001197285276033,9.214633067884654e-05,0.0001182463678595,7.370481792283356e-05,0.0001152370010087,4.998555635556308e-05,7.670108041725303e-05,7.438982266212998e-05,0.0001128177836114,6.126223812171944e-05,6.959090969378444e-05,3.6506018430123305e-05,9.461017472215937e-05,7.950725483841979e-05,0.000102285369667,0.1124248604923339,8.768849733162238e-05,9.015486747596888e-05,9.662416370511626e-05,7.518832949068623e-05,3.853012071818207e-05,6.832814332509233e-05,9.106732978961364e-05,0.0274436359614495,8.074293313522794e-05,6.462448213266929e-05,8.472282572219255e-05,0.0001543644653044,2.290850303574542e-05,4.275524503597853e-05,0.0411158023172593,0.1710840218731626,0.0001050585103939,8.364063623508808e-05,4.15771220402193e-06,0.6295305541916106,5.4395268717676566e-05,7.591397326789513e-05,7.439037405482537e-05,6.154977642649706e-05,0.0001247637796927,6.0762353688733566e-05,9.235319827307096e-05,7.1298736414398e-05,0.0138060196668618,7.582358052633804e-05,7.659975902533187e-05,0.000161828891679,7.551228130859658e-05
uj0757,0.6047804438746648,0.0001216541609198,0.0001670335168143,0.0001259094725899,0.0004168778787945,0.000165263447293,0.0001668008759895,0.0001207645479755,9.080747391699012e-05,0.0001466984969493,9.94238438608538e-05,0.000185773111022,0.0001429760380599,0.0001834733631495,0.0001143618283539,0.0001788039710399,7.755856098978706e-05,0.0001190108874893,0.0001154246950242,0.0001750502662953,9.505567964345433e-05,0.0001079786083689,5.664344789456158e-05,0.0001467989863761,0.0001233650022748,0.0001587079680628,0.0047115405032738,0.0001360591771754,0.0001398860450391,0.0001499239308351,0.0001166636737429,5.97840843544477e-05,0.0001060192755223,0.0001413018393037,0.0001498144177001,0.0001252823047425,0.0001002726028148,0.0001314575834519,0.0002395149053019,3.554527866498063e-05,6.633986938483236e-05,0.0001476812000755,0.0002556401842274,0.0001630108271261,0.0001297784372053,6.45118708412112e-06,0.3827401410802244,8.440075641823373e-05,0.0001177895967345,0.0001154255505759,9.550182966706032e-05,0.0001935859060521,9.428004923918724e-05,0.0001432970178407,0.0001106285055097,0.0002055561819905,0.0001176493415994,0.0001188536752478,0.0002510968543776,0.0001171663236813
uj0759,0.0001691080033304,0.0001704837348958,0.0002340774666807,0.0001764470445037,0.0005842044138478,0.0002315969262641,0.0002337514484303,0.0001692370489114,0.0001272557978515,0.0002055803720515,0.0001393306082663,0.0002603387633499,0.2826531117893308,0.0002571159421685,0.000160264404274,0.0002505723484227,0.0001086890333277,0.000166779503792,0.0001617538846033,0.0002453119808388,0.0001332091493307,0.0001513190860418,7.937900751954097e-05,0.0002057211959466,0.0001728812741317,0.0002224102073327,0.1255301325120373,0.0001906706397573,0.0001960335366891,0.0002101004313028,0.0001634901648736,8.378023333526996e-05,0.0001485733157446,0.0001980176027684,0.0002099469617614,0.0001755681438872,0.0001405200422767,0.0001842220573287,0.0003356514508862,4.981245046530046e-05,9.296738080892083e-05,0.0002069575127756,0.0003582490978278,0.0002284401489171,0.0001818689349908,9.040565980616838e-06,0.5809622657462065,0.0001182775506683,0.0001650680110843,0.0001617550835564,0.0001338343751493,0.0002712874597746,0.0001321221962234,0.0002008136065072,0.0001550325994823,0.0002880623677126,0.0001648714603122,0.0001665591896663,0.0003518821652396,0.0001641945685554
uj0760,0.0001181654495301,0.010506806528357,0.0001635633354451,0.0624493723162542,0.000408217090973,0.0001618300397546,0.0001633355278171,0.0001182556210701,8.892091599628832e-05,0.0001436507829293,9.73582777565288e-05,0.0001819136078453,0.0001400056594618,0.0001796616380617,0.0001119859202507,0.4780083589673375,7.59472539988309e-05,0.000116538393511,0.0001130267054838,0.0001714135340732,9.30808637213312e-05,0.000105735313956,5.546665989824501e-05,0.0001437491846521,0.0001208020499964,0.0001554107529624,0.1500411734244709,0.0001332324988492,0.000136979862157,0.0001468092072665,0.0001142399439741,5.854204850645254e-05,0.0001038166869538,0.0001383662427867,0.0001467019693062,0.0001226795198159,9.818940343806954e-05,0.0001287265048897,0.000234538897026,3.480681272031322e-05,6.496163474568046e-05,0.0001446130700448,0.0002503291674839,0.0001596242185816,0.0001270822435101,6.317161352906493e-06,0.270911779270301,8.264730035712145e-05,0.0001153424755108,0.0001130275432611,9.351774481778237e-05,0.0001895640892495,9.232134731759282e-05,0.0001403199707722,0.000108330158531,0.0002012856784014,0.010502884910598,0.0001163844474104,0.0002458802269454,0.0105024119275508
uj0763,0.0002218842756669,0.000223689354054,0.0003071298112538,0.0002315137302329,0.0007665265431273,0.0003038751284312,0.00030670204721,0.0002220535945914,0.0001669705748671,0.0002697391669563,0.0001828137668505,0.0003415868959262,0.0002628945640412,0.0003373582767635,0.0002102807114815,0.2148880276491154,0.0001426093795558,0.0002188290835807,0.0002122350380507,0.000321870462124,0.0001747818851228,0.0001985436829703,0.0001041520994852,0.0002699239400441,0.0002268351321737,0.0002918213613965,0.0086632585668058,0.0002501763131271,0.0002572128961259,0.0002756698742746,0.0002145131874141,0.000109926887094,0.0001949409956843,0.0002598161618272,0.0002754685090089,0.0002303605368723,0.0001843744067885,0.0002417152171821,0.2540104324246968,6.53582283098115e-05,0.000121981216413,0.000271546094281,0.0004700536935826,0.0002997331644717,0.0002386277178609,1.1862001766459498e-05,0.5087025365879654,0.000155190340734,0.000216583457636,0.0002122366111806,0.0001756022352845,0.0003559525292956,0.0001733557089624,0.000263484759718,0.0002034161326692,0.0003779626543276,0.0002163255660823,0.0002185400124592,0.0004616997292655,0.0002154374257567
uj0767,2.6074663373592577e-05,2.6286786612899863e-05,3.609226663930543e-05,2.720626580700291e-05,9.007813428370364e-05,3.570979357431767e-05,3.604199807740347e-05,2.609456083566961e-05,1.962149647544532e-05,3.169831641254756e-05,2.148330437728392e-05,4.014148049624369e-05,0.3461485064096457,3.964455559757174e-05,2.471107404686589e-05,3.8635602734222266e-05,1.6758697995418914e-05,2.571563340200825e-05,2.494073614104445e-05,3.782450975654086e-05,2.053944023153948e-05,2.3331800700359864e-05,1.223940238923728e-05,3.172002996593684e-05,2.665646177475415e-05,3.429329879626869e-05,0.0766596576230374,0.004613738631122,3.022629549423083e-05,3.239526168470352e-05,2.520845217268896e-05,1.2918024804002862e-05,2.290843199638569e-05,3.053221747372825e-05,3.2371598306567924e-05,2.707074863891139e-05,2.166670250637746e-05,2.8405090452468567e-05,5.175389940365043e-05,7.680552381417426e-06,1.4334585658730065e-05,3.191065692919835e-05,5.523821726817421e-05,3.5223051935570405e-05,2.8042263905951945e-05,1.3939595407007284e-06,0.566349510083307,1.8237145833383223e-05,2.5451739350048653e-05,0.0023171105397795,2.0635843432048143e-05,0.0023339992723182,2.037184357250801e-05,3.096333164244532e-05,2.390438514926905e-05,4.441616671465693e-05,2.542143330231844e-05,2.5681663296812183e-05,5.425650368460363e-05,2.5317063761260823e-05
uj0768,2.117293547138955e-05,2.1345182053962264e-05,0.007474382857842,2.2091810049311404e-05,7.314451186754641e-05,2.899677530684439e-05,2.926652929777277e-05,2.118909244624922e-05,1.593288752281449e-05,2.5739408342056263e-05,1.7444697589197735e-05,3.2595357573581146e-05,2.508627356982888e-05,0.0149223428684238,2.006568478858689e-05,3.137256699614378e-05,1.360826125183534e-05,2.088139888233625e-05,2.025217312903433e-05,3.071394989218769e-05,1.6678268724315642e-05,1.8945698495971687e-05,9.938539695900472e-06,2.575704000457013e-05,2.164536266358974e-05,2.7846564770988904e-05,0.2427916310135343,2.3872655772426512e-05,2.454410992268643e-05,2.6305336157231547e-05,2.046956171739119e-05,1.0489589133870285e-05,1.860191809423007e-05,2.479252219318725e-05,0.001887554998683,2.1981768503840367e-05,1.7593619042074626e-05,2.306526985956009e-05,4.202477925663434e-05,6.236699497377735e-06,1.1639853324771058e-05,2.59118313564052e-05,0.1936168173434209,2.860153533151756e-05,2.277065040669752e-05,1.1319116562354246e-06,0.3928768300887331,1.4808778406075433e-05,0.0595812711927997,2.0252323242315017e-05,1.6756549264867997e-05,3.396617408332438e-05,1.6542178252271906e-05,0.0856435109555852,1.9410643849818647e-05,3.606645340964722e-05,2.0642504917065847e-05,2.0853814754596345e-05,4.405692357205086e-05,2.05577556136394e-05
uj0770,0.0002096182221385,0.0002113235134269,0.1292798756692657,0.0002187153478372,0.2218493937738236,0.0002870765131167,0.0002897471561208,0.000209778180891,0.0001577402226809,0.0002548276323257,0.0001727075822496,0.0187498070098932,0.0002483614080293,0.000318708669131,0.0001986561181873,0.0003105975421566,0.0001347257461706,0.0002067319250746,0.0002005024070227,0.0003040770411808,0.0001651197134693,0.000187567927993,9.839443493904518e-05,0.0002550021909151,0.0002142953888097,0.0002756890941196,0.0450385492508334,0.0002363462386925,0.000242993830162,0.0002604304823715,0.0002026546173039,0.0001038499847211,0.0001841644019814,0.0002454531839238,0.0002602402488416,0.0002176259045167,0.0001741819479668,0.0002283528832192,0.0004160575431519,6.174513979978721e-05,0.0001152379349188,0.00025653467034,0.0004440685094168,0.0002831635223527,0.0002254360649065,1.120625476418268e-05,0.5727163111593236,0.0001466112153281,0.0002046104402749,0.0002005038931878,0.0001658947135991,0.0003362750070162,0.000163772378196,0.0002489189769157,0.0001921710222874,0.0003570683834931,0.0002043668053043,0.0002064588341834,0.0004361763631947,0.0002035277625397
uj0771,0.0002021674992775,0.0002038121772629,0.0002798380629187,0.00021094127445,0.0006984125120542,0.0002768725932602,0.0002794483102571,0.0002023217724158,0.0001521334644933,0.0002457699748071,0.0001665688204654,0.0180833591490922,0.000239533587615,0.0003073804079574,0.0001915950351088,0.0002995575849223,0.0001299370203303,0.000199383793483,0.0001933756989891,0.0002932688502748,0.0001592506568033,0.0001809009663384,9.48970783718415e-05,0.000245938328842,0.000206678419559,0.0002658899315509,0.3455638276728305,0.000227945488482,0.0002343567962867,0.0002511736757403,0.0001954514105662,0.000100158714719,0.0001776184161122,0.0002367287341593,0.0002509902039189,0.0002098905545772,0.0001679907809563,0.0002202362508481,0.0359455208485564,5.955045500582023e-05,0.0001111418887478,0.0002474163374324,0.1426052914643784,0.0002730986868251,0.0002174231086598,1.080793682356387e-05,0.4457267831303307,0.0001414000293797,0.0001973377152731,0.0001933771323296,0.0001599981101333,0.0003243223635064,0.0001579512115541,0.0002400713381325,0.0001853404470904,0.0003443766549749,0.0001971027401252,0.0001991204094033,0.0004206728007298,0.0001962935205079
uj0772,0.0001134514597921,0.0001143744128831,0.0001570382819049,0.0001183750879953,0.0003919320331549,0.0001553741328061,0.0001568195622364,0.0001135380341071,8.537358226074312e-05,0.0001379201034518,9.3474351244405e-05,0.0001746565044874,0.0001344203953716,0.000172494372829,0.0001075184512828,0.0001681043957249,7.291748025872098e-05,0.0001118893121317,0.0001085177163345,0.000164575311532,8.936757664693639e-05,0.0001015172012428,5.325392117810778e-05,0.0001380145796218,0.0001159828780111,0.0400423417635067,0.0044296033506974,0.0001279174373415,0.0001315153065946,0.0001409525283537,0.0001096825549429,5.620662290620871e-05,9.967511427864656e-05,0.0001328463801605,0.0001408495684514,0.0001177854496814,9.427232072039418e-05,0.0001235912015886,0.0002251824061218,3.341825998661528e-05,6.237011175170751e-05,0.0001388440019214,0.0002403427532544,0.249485324009027,0.0001220125349434,6.065150008567856e-06,0.6889554166604126,7.935024079105949e-05,0.0001107411030447,0.0001085185206901,8.978702918864876e-05,0.0001820017842361,8.863835973046143e-05,0.0001347221678199,0.0100772912373549,0.0001932557624983,0.0001106092407343,0.000111741507423,0.0002360712948828,0.0001101551264618
uj0773,3.0394107221719947e-05,3.064137010628144e-05,4.207119403201757e-05,3.171316723030536e-05,0.0001050001847588,4.162536172422903e-05,4.201259814380076e-05,3.041730083258827e-05,2.28719297035786e-05,3.694935631524635e-05,2.5042158641300493e-05,4.679118747423775e-05,0.328677617773538,4.621194361459606e-05,2.8804630126307165e-05,4.5035850904560806e-05,1.9534889347221707e-05,2.997560151386881e-05,2.9072337295339983e-05,4.409039490471846e-05,2.394193703393172e-05,2.7196870847457905e-05,1.4266941943534594e-05,3.69746668652014e-05,0.0641562636997188,3.997421503266217e-05,0.3191407828432511,3.4269601406702054e-05,3.523348520378092e-05,3.776175527227498e-05,2.938440229323434e-05,1.5057982738267806e-05,2.670336826226465e-05,3.5590085222469655e-05,3.773417189595382e-05,3.155520072932538e-05,2.5255937907405127e-05,3.311058526375257e-05,6.032728189349311e-05,8.952887684803647e-06,1.6709206452560294e-05,3.719687247060871e-05,6.438880051222028e-05,4.105798805019945e-05,3.2687654052725656e-05,1.6248783401632051e-06,0.2861055095778398,2.125825204092064e-05,2.966799163237147e-05,2.907255278549507e-05,2.405431007479502e-05,4.875901777508291e-05,2.37465768579778e-05,3.609261636087966e-05,2.786430777211867e-05,5.17740042953072e-05,2.9632665183435924e-05,2.9936004031636013e-05,6.324445945237435e-05,2.9511006123982858e-05
uj0774,0.0001399758075016,0.0001411145421148,0.2216834496031076,0.0001460505537837,0.0004835636573306,0.0001916997784271,0.0001934831415682,0.0001400826224307,0.0001053334715846,0.0001701650898696,0.0001153281572585,0.0002154902660205,0.0001658471686596,0.0617377383634768,0.0001326556931678,0.0002074063090882,8.996519920407126e-05,0.0001380484380291,0.0001338885810722,0.0002030521437866,0.0001102612406092,0.0001252513827966,6.570440462543779e-05,0.0001702816540655,0.0001430990578323,0.0001840956533982,0.1654300019298812,0.0001578238536394,0.0001622628855823,0.0001739064795802,0.0001353257527501,6.934743230846081e-05,0.0001229786257005,0.0001639051570663,0.0001737794482006,0.0001453230611691,0.0001163126877526,0.0001524861669841,0.0494977614338413,4.123127137802749e-05,7.695191205474294e-05,0.000171304990886,0.0002965336102821,0.0001890868183688,0.0001505384164761,7.483149812463812e-06,0.4808800333174108,9.790190492498383e-05,0.0001366317837664,0.000133889573482,0.0001107787589236,0.0125295359778943,0.0001093615366573,0.0001662194939007,0.0001283251701529,0.0002384379316017,0.0001364690927494,0.0001378660773659,0.0002912635076684,0.0001359088089758
uj0775,9.783903767102426e-05,9.863498020359416e-05,0.0001354277362956,0.0001020851094812,0.0003379969991269,0.0001339925961337,0.0001352391153477,0.0086987407334966,7.36250476302299e-05,0.0001189404721802,8.061104360779174e-05,0.0001506214583165,0.0001159223702419,0.0001487568645848,9.2722489641471e-05,0.0001449710064209,6.288307008985933e-05,9.649186219989462e-05,9.358424259919856e-05,0.0001419275709118,7.706941553809459e-05,8.754709101890965e-05,4.592547693805259e-05,0.0431231571235893,0.0001000220992458,0.0001286775328493,0.1070299557380141,0.0001103143052876,0.0001134170601224,0.0001215555952888,0.0086954158192833,4.8471847836550726e-05,8.595849959652477e-05,0.0001145649603521,0.0001214668040315,0.0001015766132017,8.129920192470221e-05,0.0001065834168215,0.0001941943272987,2.881946520317583e-05,5.3787159058145126e-05,0.0001197372299948,0.189425463186261,0.0001321662126884,0.0001052219955964,5.2305051099001495e-06,0.551141899504532,6.843059765102931e-05,9.550166187704088e-05,9.358493626488998e-05,7.743114585963452e-05,0.0001569559303748,7.644054851873647e-05,0.0001161826148081,0.086097965932227,0.0001666612123092,9.538794556542248e-05,9.636439737496682e-05,0.0002035847608783,9.499632342584064e-05
uj0777,0.0002824965181861,0.0002847946907712,0.0003910286208862,0.0002947564558439,0.0009759189959714,0.0003868848546711,0.000390484004317,0.000282712090049,0.0002125820132937,0.0003434239549177,0.0002327530982379,0.0004348983652272,0.0003347096082788,0.0004295146119774,0.0002677232023616,0.0004185834767667,0.0250152495118679,0.0002786067376952,0.0002702113933321,0.0004097959829902,0.0002225271432182,0.0002527799636922,0.0001326033824521,0.0003436592025656,0.0002887998027294,0.0003715383538517,0.0855308557597209,0.0003185171061745,0.0003274758761961,0.0003509747566262,0.0002731118659372,0.0001399556717832,0.0002481931284542,0.0003307902773374,0.0003507183843066,0.0002932882440557,0.0002347400589963,0.0003077446882674,0.0005607089217072,8.321216939253654e-05,0.0001553028884865,0.0003457244815156,0.0005984585045447,0.0003816114282712,0.0003038137751573,1.5102350933478692e-05,0.4489956043800142,0.0001975837665003,0.0002757476729479,0.0251038968504223,0.0002235715888586,0.0004531882661055,0.0002207113777773,0.0003354610280143,0.0002589834229993,0.0004812109083936,0.000275419333025,0.0002782387008656,0.3979267577511112,0.0002742885789465
uj0778,0.0002896906029186,0.0002920473009978,0.0004009865950573,0.0003022627533814,0.0010007718472356,0.0003967373032751,0.0004004281092277,0.0002899116645563,0.0002179956482159,0.0003521696238793,0.0002386804120372,0.000445973530718,0.0003432333568128,0.0004404526742667,0.0002745410683481,0.0004292431656678,0.0001861898371175,0.0002857017648867,0.00027709262384,0.0004202318886913,0.0002281940418188,0.0002592172836605,0.0001359802735207,0.0003524108623675,0.0002961544075398,0.000380999986923,0.4951666016703515,0.000326628494822,0.0003358154097816,0.0003599127150632,0.0002800669601721,0.0001435197969911,0.0002545136396152,0.0003392142157956,0.0003596498139404,0.0003007571519641,0.000240717972938,0.0003155817454375,0.0005749879914776,8.533125886391374e-05,0.0001592578474578,0.0003545287359189,0.0006136989089867,0.0003913295832684,0.000311550727299,1.5486948920645803e-05,0.4094975705129527,0.0002026154545618,0.0002827698909092,0.0257431952114027,0.0002292650854169,0.0004647292040508,0.0002263320359127,0.0003440039122789,0.000265578720886,0.0004934654737647,0.0512146342568388,0.0002853243555942,0.0006027920299278,0.0002812736394732
uj0779,6.800790294684365e-05,6.856116250248531e-05,9.413580269739436e-05,7.095934693532949e-05,0.0002349416721599,9.313823694895932e-05,9.400469229991294e-05,6.805979948143875e-05,5.117676147356772e-05,8.267550745625818e-05,5.603272641086157e-05,0.0001046969569891,8.057762517343205e-05,0.0001034008781176,6.44513910462797e-05,0.0001007693285775,4.371001421794697e-05,6.707148144399717e-05,6.505039542028375e-05,9.865383693275078e-05,5.3570941179003017e-05,6.0853972105817055e-05,3.192279332194999e-05,8.273214071784133e-05,6.95253487766869e-05,8.944373711937272e-05,0.0146121709032172,7.66794599194062e-05,7.883618442016505e-05,8.449327920460017e-05,6.574865202427245e-05,3.3692775417583525e-05,5.974974240520406e-05,7.963408972743118e-05,0.0180197329759318,7.060589123455398e-05,5.6511065171570494e-05,7.408611980947837e-05,0.0001349844528128,2.003240668727441e-05,3.7387447588275945e-05,8.322933371438333e-05,0.0001440722461151,9.186871804266212e-05,7.313979608485339e-05,3.63572345297512e-06,0.5445163787085001,4.756609993746874e-05,6.638319332242959e-05,6.50508775872198e-05,5.382237988062777e-05,0.1615268127874035,5.3133815791866834e-05,8.075852113906784e-05,6.234738611743284e-05,0.0001158461879995,6.630414912833171e-05,6.698288066000364e-05,0.2572141653644704,6.60319326276945e-05
uj0782,0.0001826870732979,0.0001841732736455,0.0002528734682612,0.0001906154263407,0.0006311149825657,0.0002501937448893,0.0002525212713289,0.0001828264810081,0.0001374742106337,0.0002220881079426,0.0001505186067111,0.0002812435000458,0.0002164526456247,0.0002777618920923,0.0001731333490672,0.0002706928594816,0.0001174165681528,0.0001801715994145,0.0001747424320008,0.0002650100937967,0.0001439056055802,0.0001634697377929,8.575299973654618e-05,0.0002222402397443,0.0001867633309905,0.0002402693488717,0.4889221015455784,0.0002059811508332,0.0002117746787892,0.0002269711198609,0.0001766181324689,9.050763610717323e-05,0.0001605034870557,0.0002139180618232,0.0002268053269901,0.0001896659515779,0.0001518035501435,0.0001990147587785,0.0164222456656383,5.381230107438778e-05,0.0001004324950781,0.0002235758306017,0.0003870158591248,0.000246783483972,0.0001964726849289,9.766507246430576e-06,0.4670160757343981,0.0001277750262725,0.000178322676906,0.0001747437272277,0.0001445810359129,0.0002930713571954,0.0001427313720841,0.0002169385796574,0.0001674814397155,0.0003111932602142,0.0001781103434587,0.000179933594459,0.0164397796773017,0.0001773790985055
uj0785,9.458500074486966e-05,9.535447095663869e-05,0.0001309235336253,9.868985208939022e-05,0.0003267555280099,0.0001295361249129,0.0001307411860377,9.465717814706322e-05,7.117634587087466e-05,0.000114984620838,7.792999401041515e-05,0.0001456119263454,0.0001120668982104,0.0001438093472962,8.96386244240631e-05,0.0001401494033129,6.07916366807287e-05,9.328263109801444e-05,9.04717162664279e-05,0.0001372071896859,7.450615725175123e-05,8.463535482715723e-05,0.0499330263951393,0.0001150633860529,9.669545568799895e-05,0.0001243978357731,0.0369520661379619,0.0001066453523682,0.0001096449124145,0.0001175127673433,9.144284754009772e-05,4.6859718501535856e-05,8.309959850282794e-05,0.0001107546345323,0.000117426929202,9.819826793118934e-05,7.859526481097662e-05,0.0001030385498409,0.0001877356015495,2.786095614385241e-05,5.1998247332370966e-05,0.0001157548792163,0.0002003748522693,0.0001277704853109,0.0001017224082408,5.056543292866701e-06,0.7240511659441012,6.615465854803031e-05,9.232536393243164e-05,9.047238686143274e-05,7.485585675357318e-05,0.0001517357196555,7.389820577440318e-05,0.0001123184872802,0.1830116830308741,0.0001611182127875,9.221542972135224e-05,9.31594056366063e-05,0.0001968137178951,9.183683257602252e-05
uj0786,0.00013186295058,0.0001329356852812,0.0001825232680472,0.0001375856106817,0.1047817251511778,0.0001805890522093,0.0001822690534175,0.0001319635746234,9.92284495863796e-05,0.0001603024925265,0.0001086438533379,0.0002030006670861,0.000156234833684,0.0002004876534983,0.0001249671027056,0.0001953852481613,8.475090680534066e-05,0.0001300472895024,0.0001261285336679,0.6609238097052167,0.0001038706100779,0.0001179919387113,6.189624346275972e-05,0.000160412300779,0.000134805180465,0.0001734256546137,0.0051484623361582,0.0001486765419272,0.0001528582920464,0.0001638270350551,0.0001274824083218,6.532812492786727e-05,0.000115850908329,0.0001544053791281,0.0001637073662864,0.0001369002828068,0.0001095713214355,0.0001436482222182,0.0002617261738573,3.8841548386932086e-05,7.249185668172408e-05,0.0001613763260274,0.0002793468206818,0.0001781275366861,0.0001418133613693,7.0494339808878335e-06,0.2211727364508536,9.22276090507133e-05,0.0001287127430949,0.0001261294685586,0.0001043581335517,0.0002115379768948,0.0001030230520615,0.0001565855793289,0.0001208875724461,0.0002246183090663,0.0001285594814854,0.0001298754982797,0.0002743821679115,0.0001280316711955
uj0791,1.204693972328259e-05,1.2144944282007992e-05,1.6675243490226834e-05,1.2569759370489254e-05,4.161763619163527e-05,0.0010755200388134,1.665201855625425e-05,1.205613269052646e-05,9.065466423612094e-06,1.464516345542703e-05,9.925653466045636e-06,1.8546049435534606e-05,1.4273543977209874e-05,1.831646164697807e-05,1.1416938170011354e-05,1.785030819547409e-05,7.742804641381333e-06,1.1881061745701153e-05,1.1523045979176558e-05,1.74755693897566e-05,9.489572113514478e-06,1.0779690331785516e-05,5.654812900920188e-06,1.4655195487868294e-05,0.6110677237852516,1.5844089628001482e-05,0.3255899630521432,1.3583021849460258e-05,1.3965064655289407e-05,1.496716407203299e-05,1.1646735357250906e-05,5.968348044535086e-06,1.0584086761207248e-05,1.4106405833667389e-05,1.495623118726419e-05,1.2507148124772392e-05,1.0010386533349211e-05,1.3123636827535808e-05,2.391118526162989e-05,3.5485463514807345e-06,6.622823348271635e-06,1.4743268399995305e-05,2.5520999612414025e-05,1.627365145459995e-05,1.2956004767506252e-05,6.440331107217137e-07,0.0615080801730154,8.425872788140673e-06,1.1759138187504436e-05,1.1523131390367956e-05,9.534112038307357e-06,1.9326014211173417e-05,9.412139595201684e-06,1.4305587941216569e-05,1.1044234124495949e-05,2.052102746195565e-05,1.1745136275954292e-05,1.1865366977035224e-05,2.506743117329929e-05,1.1696915765796486e-05
uj0792,0.0774467320787487,8.871562005870843e-05,0.1935186391533522,9.1818782420741e-05,0.0003040058739164,0.0001205174495371,0.0001216386108609,8.806687476817983e-05,6.622084516959002e-05,0.0001069790627803,7.250428501616138e-05,0.0001354740077112,0.0001042644803442,0.0001337969293692,8.339772710402514e-05,0.0001303918011502,5.655914912439764e-05,8.678802761468156e-05,8.417281671041449e-05,0.000127654432848,6.931882556179776e-05,7.874279944140687e-05,4.130691925563732e-05,0.0001070523441358,8.996324159903439e-05,0.0001157369027782,0.3515501603033859,9.92203980244706e-05,0.0001020111201242,0.0001093311924977,8.507633504823e-05,4.3597210921874e-05,7.731396686328988e-05,0.0001030435802153,0.0001092513306532,9.136142375713246e-05,7.312323776149834e-05,9.58647114013474e-05,0.0001746649122109,2.592119671928468e-05,4.83779806838329e-05,0.0001076956935681,0.007922297417777,0.0001188747388123,9.464020334252724e-05,4.704492291550395e-06,0.3642057241967503,6.154878207577158e-05,8.589740812610887e-05,8.417344061667778e-05,6.964417798446981e-05,0.0001411714450224,6.875320140450924e-05,0.0001044985530637,8.06752221893446e-05,0.0001499007021568,8.579512784911999e-05,8.667338146221311e-05,0.0001831109841411,8.544288971950301e-05
uj0793,0.0001742899697411,0.0001757078577664,0.0002412502884629,0.0001818539007132,0.0006021061546876,0.000238693736995,0.0002409142800548,0.0001744229696581,0.0001311552896381,0.2147124604202398,0.0001436001077447,0.0002683163084721,0.0002065035274542,0.0002649947305743,0.0001651753768089,0.0002582506218776,0.0001120195848618,0.0921007103157746,0.0001667104991946,0.0002528290611651,0.0001372910693098,0.0001559559477262,8.18114136894514e-05,0.0002120250982243,0.0001781788646534,0.000229225509986,0.2519485051025908,0.0001965133487437,0.0002020405806048,0.000216538526227,0.0001684999841972,8.634750600406819e-05,0.0001531260389544,0.000204085444302,0.0002163803539277,0.0001809480679978,0.0001448259895102,0.0001898671627902,0.0003459367981787,5.1338850399443344e-05,9.581617468713056e-05,0.0002132992994357,0.0003692269034612,0.0002354402267091,0.0001874419338656,9.317595502122524e-06,0.0931561465489653,0.0001219019225645,0.0001701261802548,0.0001667117348872,0.0001379354538857,0.3373519412298389,0.0001361708087637,0.0002069671258158,0.0001597832541365,0.0002968894455817,0.0001699236065891,0.0001716630529327,0.0003626648693393,0.0001692259728788
uj0795,6.381148295164398e-05,6.433060368868917e-05,8.832716358949126e-05,6.658080842108545e-05,0.0002204446227283,8.739115252326029e-05,8.820414334432638e-05,6.386017721641427e-05,4.801890516817476e-05,7.757402457604209e-05,0.3815009702110049,9.823664304460324e-05,0.0056851408121431,9.70205385739328e-05,6.04744252175224e-05,9.455136850196776e-05,4.101289271137702e-05,6.2932843232211e-05,6.103646809406273e-05,9.256641303098238e-05,5.026535228441607e-05,5.709898460779386e-05,2.9953000953795893e-05,7.762716328859487e-05,6.523529495738649e-05,8.39246213897421e-05,0.1539489090491267,7.194796247743368e-05,7.397160653567108e-05,7.927963092329219e-05,6.169163885291003e-05,3.161376650347789e-05,5.606289127654616e-05,7.472027718577825e-05,7.922172048246146e-05,6.624916266453524e-05,5.302405625701293e-05,6.951464412703812e-05,0.0001266552523482,1.879630928782723e-05,3.508045934381337e-05,7.80936770472578e-05,0.0001351822843878,8.619996913815733e-05,6.86267132013067e-05,3.411381546608644e-06,0.4548217046577912,4.46310390956828e-05,6.228702585169923e-05,6.103692050894227e-05,5.050127598926332e-05,0.0001023680415679,4.9855199670082805e-05,7.577532568374514e-05,5.850024767594717e-05,0.0001086979120106,6.22128590706996e-05,6.284970954961937e-05,0.0001327797759181,6.195743965858886e-05
uj0796,9.15404491144976e-05,9.228515121536833e-05,0.0001267092982327,9.551317135022736e-05,0.0003162377496338,0.0001253665481599,0.0001265328201448,9.161030323259966e-05,6.888528430552545e-05,0.0001112834355329,0.3943848488126416,0.0001409248932612,0.0001084596300921,0.0001391803365723,8.675328934994572e-05,0.0001356382007862,5.88348435833904e-05,9.028000082515628e-05,8.755956519498593e-05,0.0001327906926751,7.21079139706052e-05,8.191106761991612e-05,4.2968930242778674e-05,0.0001113596654117,9.358297162661426e-05,0.0001203936529668,0.2852236998774297,0.000103212595812,0.0001061156044457,0.0001137302047321,8.849943718569043e-05,4.53513732962802e-05,8.042474502592747e-05,0.0001071896062457,0.0001136471295939,9.503741056083264e-05,7.606539919026125e-05,9.972189093686626e-05,0.0001816926695067,2.6964153069543705e-05,5.0324500465050174e-05,0.0001120289004304,0.0001939250813927,0.0001236577418917,9.844811399321334e-05,4.8937806243134704e-06,0.3144827310216759,6.402523768898319e-05,8.935354667735353e-05,8.756021420452691e-05,7.244635716138387e-05,0.0001468515706993,7.151953155438703e-05,0.0001087031208809,8.392124266448478e-05,0.0001559320552196,8.92471510863401e-05,9.01607418095533e-05,0.0001904785746803,8.888074042456476e-05
uj0804,8.86857845501724e-05,8.940726331404949e-05,0.0001227579024603,9.253461849935838e-05,0.0081025594825763,0.0079176405487661,0.0001225869277947,8.87534602861762e-05,6.673711503158526e-05,0.1404391165065313,7.30695417283567e-05,0.0001365301879379,0.0001050773453679,0.1248737764039804,8.404791108993542e-05,0.0001314083595619,5.700009463088039e-05,8.746464300557129e-05,8.482904343714301e-05,0.000128649650234,6.985924784748153e-05,7.935669275697274e-05,4.162895557892709e-05,0.0001078869438572,9.066461154087118e-05,0.0001166392089126,0.3932718274860508,9.999393845670188e-05,0.0001028064175381,0.0001101835585392,8.57396057697366e-05,4.3937102779315125e-05,7.7916720737853e-05,0.0001038469268775,0.0001101030740772,9.207369418367248e-05,7.36933199428884e-05,9.661209028481888e-05,0.0001760266319216,2.6123283126045948e-05,0.0546220398058225,0.0001085353089598,0.0001878775792957,0.0001198015080923,9.537803573644667e-05,4.741169376838212e-06,0.2656947530627716,6.202862767645603e-05,8.656708008401646e-05,8.482967220749402e-05,7.018713677735043e-05,0.000142272043516,6.928921398045771e-05,0.0001053132429613,8.130418102729754e-05,0.0001510693555411,8.646400241121739e-05,8.734910305065798e-05,0.0001845385509786,8.610901816849809e-05
uj0805,8.665895714862554e-05,8.736394721664594e-05,0.0001199523899227,9.041982973904608e-05,0.0002993740347507,0.0001186812434279,0.0001197853227169,8.672508622146514e-05,6.521190313734218e-05,0.0001053491277843,7.139960837720368e-05,0.0001334099232026,0.0534287411916791,0.0001317583968576,8.2127077778217e-05,0.0001284051492356,5.569741287331785e-05,8.546572360705242e-05,8.289035810490534e-05,0.000125709487528,6.826268264250637e-05,7.754307268029661e-05,4.067756626334391e-05,0.0001054212926236,8.859255997191112e-05,0.0001139735331686,0.0795636090688857,9.770867418937193e-05,0.0001004568767951,0.0001076654204094,8.37801104204722e-05,4.293296300303209e-05,7.61360098219924e-05,0.0077194829330053,0.0001075867753415,0.0077079787661009,7.20091307469671e-05,9.44041148702336e-05,0.0001720037143504,2.55262608825512e-05,4.7640892867720166e-05,0.000106054839972,0.0001835838198416,0.0001170635610743,9.319826343903884e-05,4.632814559241553e-06,0.6786130707106275,6.061102368397103e-05,8.45886736136207e-05,0.1676790961599127,6.858307798959768e-05,0.0001390205542527,6.770567634542913e-05,0.0001029064111599,7.94460529992005e-05,0.0001476168122626,8.448795168083989e-05,8.535282420550152e-05,0.0001803211017711,8.414108025793621e-05
uj0806,8.86857845501724e-05,8.940726331404949e-05,0.0001227579024603,9.253461849935838e-05,0.0003063759595016,0.0001214570256914,0.015714953973944,8.87534602861762e-05,6.673711503158526e-05,0.0001078130911869,7.30695417283567e-05,0.0001365301879379,0.0001050773453679,0.0001348400347854,8.404791108993542e-05,0.0001314083595619,5.700009463088039e-05,8.746464300557129e-05,8.482904343714301e-05,0.000128649650234,6.985924784748153e-05,7.935669275697274e-05,4.162895557892709e-05,0.0001078869438572,0.3353265561037524,0.0001166392089126,0.112609220655362,9.999393845670188e-05,0.0001028064175381,0.0001101835585392,8.57396057697366e-05,4.3937102779315125e-05,7.7916720737853e-05,0.0001038469268775,0.0001101030740772,9.207369418367248e-05,7.36933199428884e-05,9.661209028481888e-05,0.0001760266319216,2.6123283126045948e-05,4.875514429971983e-05,0.0079047188320345,0.0001878775792957,0.0001198015080923,9.537803573644667e-05,4.741169376838212e-06,0.5229688093242363,6.202862767645603e-05,8.656708008401646e-05,8.482967220749402e-05,7.018713677735043e-05,0.000142272043516,6.928921398045771e-05,0.0001053132429613,8.130418102729754e-05,0.0001510693555411,8.646400241121739e-05,8.734910305065798e-05,0.0001845385509786,8.610901816849809e-05
uj0807,3.063970433489272e-05,3.0888965207097014e-05,4.241114689612444e-05,3.196942290067302e-05,0.000105848630218,4.1961712076607125e-05,4.235207752859518e-05,3.066308535984864e-05,2.305674447266895e-05,3.7247922585952e-05,2.5244509768940223e-05,4.7169279861744587e-05,3.630276047846217e-05,0.0108204769909401,2.903738359899265e-05,4.539975943757853e-05,1.969273943292512e-05,0.2586036170682289,0.0081097259805572,4.444666375736988e-05,2.413539791029186e-05,2.7416632951958712e-05,1.4382224808386491e-05,0.0539067316150105,0.1320114958960405,4.029722342839336e-05,0.3055587365481541,3.454651413566199e-05,3.551818651742505e-05,3.806688606672648e-05,2.962184056779464e-05,1.5179657543970971e-05,2.691914265923444e-05,3.5877668013582705e-05,3.803907980517475e-05,3.181017996422034e-05,2.546001646103005e-05,3.3378132656966586e-05,6.081475159183036e-05,9.02523076610911e-06,1.684422383728624e-05,3.749743877549129e-05,6.490908898166275e-05,4.138975378571693e-05,3.295178398466203e-05,1.6380080375315122e-06,0.2291609579001266,2.143002761880694e-05,2.9907721427538395e-05,2.9307471185453145e-05,2.424867897237892e-05,4.915301105540347e-05,2.393845914231372e-05,3.638425981401422e-05,2.808946304644433e-05,5.219235992916624e-05,2.9872109526103323e-05,3.017789947921292e-05,6.375550116688721e-05,2.9749467410507992e-05
uj0808,0.0001080627576318,0.0001089418724211,0.000149579298737,0.0001127525240056,0.0003733160982199,0.000147994193168,0.0001493709677859,0.0001081452198516,8.131851934654332e-05,0.0001313691929498,8.903451909583221e-05,0.0001663606933557,0.0001280357135327,0.0001643012583357,0.095098142243395,0.0001601197957729,6.94540556001308e-05,0.0001065748086506,0.0001033633564565,0.0001567583355459,0.0855812804276552,9.669535088805434e-05,5.072447360092252e-05,0.0001314591817033,0.000110473938889,0.0001421237307312,0.3937017024722531,0.0001218416321274,0.0001252686102712,0.0001342575841419,0.0001044728677176,5.353692829993958e-05,9.494075912244012e-05,0.0001265364606841,0.0001341595146152,0.0001121908922529,8.97945867251018e-05,0.0001177208833378,0.0002144867225179,3.1830963973722973e-05,5.940766458220245e-05,0.0001322492082143,0.0002289269855238,0.0001459769612298,0.0001162171999883,5.777068330166606e-06,0.4187421783289176,7.558127373891078e-05,0.0001054811370442,0.000103364122607,8.552233696656213e-05,0.0001733570879959,8.442822685562513e-05,0.0001283231524338,9.906834622224916e-05,0.0001840765263141,0.0001053555379121,0.0001064340243501,0.0002248584123068,0.0001049229930981
uj0811,0.000198637292314,0.0002002532512735,0.000274951588674,0.0002072578616433,0.0879951804863035,0.0002720379014319,0.0002745686417925,0.0001987888715668,0.0001494769414733,0.0002414783904547,0.0001636602302519,0.0003057985785284,0.0002353509017629,0.0352255983984952,0.0001882494423231,0.0002943267724722,0.000127668087017,0.0001959021950131,0.0001899990126198,0.1749060748679157,0.0001564698548466,0.0001777421111647,9.324000526131056e-05,0.0002416438047264,0.0002030694438407,0.0002612470166846,0.0252173951172654,0.0002239651516148,0.0002302645064917,0.0002467877330824,0.0001920384785516,9.840976400531812e-05,0.0001745168801501,0.0002325950260768,0.0002466074650078,0.0002062254892231,0.0001650573607634,0.0002163905310904,0.0003942622114404,5.8510597305213645e-05,0.000109201152126,0.0002430960046371,0.0004208058126464,0.0002683298941686,0.0002136265114078,1.0619210871217177e-05,0.664946899564454,0.0001389309313787,0.0001938918449968,0.0001900004209316,0.0001572042563015,0.0003186591136263,0.000155193100241,0.0002358792621924,0.000182104070624,0.0003383632212144,0.0001936609729362,0.0001956434100916,0.0004133270994882,0.0001928658837441
uj0812,5.737458755849841e-05,5.784134270668391e-05,7.941728270128719e-05,5.986456113809464e-05,0.0001982075752433,7.857569046128412e-05,7.930667195379793e-05,5.741836985642395e-05,4.3175064292463605e-05,6.974885176506572e-05,4.7271779135936e-05,8.832715707432613e-05,6.797898200717139e-05,8.723372546601143e-05,5.437415092393199e-05,8.501362952186706e-05,3.687577368605221e-05,5.658457940975841e-05,5.487949849994946e-05,8.322890369820813e-05,4.519490415206999e-05,0.0958812798445166,2.693153326597425e-05,6.979663018322934e-05,0.1967622171434403,7.545884087803563e-05,0.4259093469561678,6.469031092640869e-05,6.650982267940401e-05,7.1282407422827e-05,5.546857981150177e-05,2.8424771379819284e-05,5.040762438895655e-05,6.718297220955366e-05,7.12303386178987e-05,5.956636969013827e-05,4.767532766367649e-05,6.250245021083392e-05,0.000113879078333,1.6900257494850723e-05,3.154176635793275e-05,7.021608500947016e-05,0.0001215459577682,7.750466605837833e-05,6.170408809342503e-05,3.067263134907302e-06,0.2727628027362588,4.01289445406322e-05,5.600390796739354e-05,5.487990527810157e-05,4.540702937835789e-05,0.0051357228928491,4.482612511740559e-05,6.813159414443229e-05,5.259911582090887e-05,9.773315995188752e-05,5.593722265820522e-05,5.650983172281735e-05,0.000119385799029,5.570756832725364e-05
uj0815,3.122849609235888e-05,3.148254691767135e-05,4.322614606988236e-05,3.2583767363306425e-05,0.0001078826838215,4.276807462925546e-05,4.3165941588373546e-05,3.1252326421740994e-05,2.3499817321908256e-05,0.0055284284460579,2.5729624086975563e-05,4.807571430003587e-05,0.0027822327490972,4.748056885044632e-05,0.1729792348217909,4.627218966261014e-05,2.007116745342108e-05,3.079850143033704e-05,2.9870440510076225e-05,4.530077869859687e-05,2.459919883987728e-05,2.79434881501404e-05,1.4658602652266651e-05,3.798970738943365e-05,3.1925290863470486e-05,4.107160012420207e-05,0.410258910086979,3.521038159828309e-05,3.620072624538808e-05,3.879840320225468e-05,3.0191072417314546e-05,1.547135935497281e-05,2.743643777222164e-05,3.656711576322851e-05,3.8770062598157455e-05,3.242146431480458e-05,2.5949272090697983e-05,0.1784741237294545,6.198340596519662e-05,9.198665255758e-06,1.7167912997204623e-05,3.821801305505307e-05,6.615642270784096e-05,4.218512522945606e-05,3.358500611343692e-05,1.6694850263634034e-06,0.228074193716298,2.184184045767485e-05,3.048244694279328e-05,2.987066191593681e-05,2.4714656781835787e-05,5.009756611532637e-05,2.439847557313102e-05,3.708344254912966e-05,2.8629247769319808e-05,5.319532102151607e-05,3.0446150700745665e-05,3.075781690520347e-05,6.498066682677375e-05,3.032115181740899e-05
uj0819,0.2147811394070009,0.000223689354054,0.0003071298112538,0.0002315137302329,0.0007665265431273,0.0003038751284312,0.00030670204721,0.0002220535945914,0.0001669705748671,0.0002697391669563,0.0001828137668505,0.0003415868959262,0.0002628945640412,0.0003373582767635,0.0587264412018453,0.0003287725177813,0.0001426093795558,0.0002188290835807,0.0002122350380507,0.000321870462124,0.0001747818851228,0.0001985436829703,0.0001041520994852,0.0002699239400441,0.0002268351321737,0.0783133686818817,0.1256955795475335,0.0002501763131271,0.0002572128961259,0.0002756698742746,0.0002145131874141,0.000109926887094,0.0001949409956843,0.0002598161618272,0.0002754685090089,0.0002303605368723,0.0391951480670311,0.0002417152171821,0.0004404036331202,6.53582283098115e-05,0.000121981216413,0.000271546094281,0.0004700536935826,0.0002997331644717,0.0002386277178609,1.1862001766459498e-05,0.4696917629277228,0.000155190340734,0.000216583457636,0.0002122366111806,0.0001756022352845,0.0003559525292956,0.0001733557089624,0.000263484759718,0.0002034161326692,0.0003779626543276,0.0002163255660823,0.0002185400124592,0.0004616997292655,0.0002154374257567
uj0820,0.0002176391400508,0.0002194096833068,0.0003012537405111,0.0002270843619108,0.0007518611995868,0.00029806132695,0.000300834160537,0.0002178052195309,0.0001637760594735,0.0002645784617136,0.0001793161362481,0.0003350515851498,0.0002578648111498,0.000330903868799,0.0002062575776429,0.0003224823743243,0.0001398809475634,0.0002146424005283,0.0002081745136341,0.0003157123702159,0.0001714379221342,0.0001947451043761,0.000102159440088,0.0002647596996847,0.0002224952757523,0.0002862381750663,0.0467619228332652,0.0002453898884291,0.0002522918460742,0.0002703957015192,0.0002104090769752,0.000107823743272,0.0001912113444446,0.0002548453055604,0.0002701981888153,0.0002259532316828,0.0001808469177017,0.0002370906719126,0.0004319777401957,6.41077812379446e-05,0.0001196474466823,0.000266350818533,0.0004610605296006,0.0002939986078972,0.0002340622432637,1.163505550798629e-05,0.939010667375976,0.0001522212072037,0.0002124397383612,0.0002081760566665,0.0001722425771879,0.0003491423722658,0.0001700390318696,0.0002584437150815,0.0001995243333649,0.000370731395057,0.0002121867808418,0.0002143588599749,0.0004528663950478,0.0002113156325996
uj0821,4.3707037377277685e-05,4.406260393689749e-05,6.049880776725242e-05,4.560385917492259e-05,0.0001509913407357,5.985769634396355e-05,6.041454628005807e-05,4.3740390027175925e-05,3.289006908978748e-05,5.3133552690199286e-05,3.60108805222903e-05,6.728620666318713e-05,5.178529439409686e-05,6.645324806238881e-05,4.142135304008852e-05,6.47620147038409e-05,2.809137089079753e-05,4.310522188448433e-05,4.180631869009851e-05,6.34024392959424e-05,3.442875058618902e-05,3.9109378735934136e-05,2.051600858800388e-05,5.316994952017869e-05,4.468226317794372e-05,5.748333049609584e-05,0.481980883727951,4.9280037694832325e-05,5.06661124638314e-05,5.430179070821672e-05,4.225507135217249e-05,2.1653533349963296e-05,3.839971696566142e-05,5.117890694178298e-05,5.426212553065234e-05,4.5376701729161e-05,3.631829729574451e-05,4.7613360614593525e-05,8.675124902843791e-05,1.2874344155588557e-05,2.402800995729906e-05,5.3489483455823886e-05,9.259175438634368e-05,5.904180719160925e-05,4.700518120292253e-05,2.336591689598683e-06,0.1232580214430046,3.056958408912034e-05,4.266287572540331e-05,4.180662856714784e-05,3.459034416949061e-05,7.011596678358695e-05,3.414782065295683e-05,5.190155186402094e-05,0.391943966835122,7.44515482688448e-05,4.261207593014138e-05,4.304828029961164e-05,9.094618022585976e-05,4.243712895703208e-05
uj0829,9.458500074486966e-05,9.535447095663869e-05,0.0001309235336253,9.868985208939022e-05,0.0003267555280099,0.0001295361249129,0.0001307411860377,9.465717814706322e-05,7.117634587087466e-05,0.000114984620838,7.792999401041515e-05,0.0001456119263454,0.0001120668982104,0.0001438093472962,8.96386244240631e-05,0.0001401494033129,6.07916366807287e-05,9.328263109801444e-05,9.04717162664279e-05,0.0001372071896859,7.450615725175123e-05,8.463535482715723e-05,4.439803757064819e-05,0.0001150633860529,9.669545568799895e-05,0.0001243978357731,0.0036929805662494,0.0084214167452963,0.0001096449124145,0.0001175127673433,9.144284754009772e-05,4.6859718501535856e-05,8.309959850282794e-05,0.0001107546345323,0.000117426929202,9.819826793118934e-05,7.859526481097662e-05,0.0001030385498409,0.0001877356015495,2.786095614385241e-05,5.1998247332370966e-05,0.0001157548792163,0.0002003748522693,0.0001277704853109,0.0001017224082408,5.056543292866701e-06,0.8155136512663106,6.615465854803031e-05,9.232536393243164e-05,9.047238686143274e-05,7.485585675357318e-05,0.1664471635782179,7.389820577440318e-05,0.0001123184872802,8.671238645554732e-05,0.0001611182127875,9.221542972135224e-05,9.31594056366063e-05,0.0001968137178951,9.183683257602252e-05
uj0832,0.00013186295058,0.0001329356852812,0.0001825232680472,0.0001375856106817,0.0004555367944433,0.0001805890522093,0.0001822690534175,0.0001319635746234,9.92284495863796e-05,0.0001603024925265,0.0001086438533379,0.0002030006670861,0.000156234833684,0.0002004876534983,0.0001249671027056,0.0349707813670728,8.475090680534066e-05,0.0001300472895024,0.0001261285336679,0.0001912834458983,0.1623890524983316,0.0001179919387113,6.189624346275972e-05,0.000160412300779,0.000134805180465,0.0001734256546137,0.4804122092946152,0.0001486765419272,0.0001528582920464,0.0001638270350551,0.0001274824083218,0.0232489255375355,0.000115850908329,0.0001544053791281,0.0001637073662864,0.0001369002828068,0.0001095713214355,0.0001436482222182,0.0002617261738573,3.8841548386932086e-05,7.249185668172408e-05,0.0001613763260274,0.0002793468206818,0.0117699262429899,0.0001418133613693,7.0494339808878335e-06,0.2675399312760689,9.22276090507133e-05,0.0001287127430949,0.0001261294685586,0.0116961568398555,0.0002115379768948,0.0001030230520615,0.0001565855793289,0.0001208875724461,0.0002246183090663,0.0001285594814854,0.0001298754982797,0.0002743821679115,0.0001280316711955
uj0843,6.381148295164398e-05,6.433060368868917e-05,0.0056978623838493,6.658080842108545e-05,0.0002204446227283,8.739115252326029e-05,8.820414334432638e-05,6.386017721641427e-05,4.801890516817476e-05,7.757402457604209e-05,5.257523333568354e-05,9.823664304460324e-05,7.560559188330415e-05,9.70205385739328e-05,6.04744252175224e-05,9.455136850196776e-05,4.101289271137702e-05,6.2932843232211e-05,6.103646809406273e-05,0.5217793418971962,5.026535228441607e-05,5.709898460779386e-05,2.9953000953795893e-05,7.762716328859487e-05,6.523529495738649e-05,8.39246213897421e-05,0.0698058807452291,7.194796247743368e-05,7.397160653567108e-05,7.927963092329219e-05,6.169163885291003e-05,3.161376650347789e-05,5.606289127654616e-05,7.472027718577825e-05,7.922172048246146e-05,6.624916266453524e-05,5.302405625701293e-05,6.951464412703812e-05,0.0001266552523482,1.879630928782723e-05,3.508045934381337e-05,7.80936770472578e-05,0.0001351822843878,8.619996913815733e-05,6.86267132013067e-05,3.411381546608644e-06,0.3987263524551928,4.46310390956828e-05,6.228702585169923e-05,6.103692050894227e-05,5.050127598926332e-05,0.0001023680415679,4.9855199670082805e-05,7.577532568374514e-05,5.850024767594717e-05,0.0001086979120106,6.22128590706996e-05,6.284970954961937e-05,0.0001327797759181,6.195743965858886e-05
uj0844,0.0003419374898798,0.0003447192281118,0.0004733061701274,0.0003567770791806,0.0011812651495712,0.0004682905011649,0.0004726469590906,0.0003421984208893,0.0002573120563962,0.0004156848582175,0.0002817274021083,0.0005264066839246,0.0004051368987779,0.000519890118396,0.000324055674689,0.0005066589290012,0.000219769936973,0.0003372292485684,0.0003270674136664,0.0004960224313071,0.0002693497720634,0.0003059681826587,0.0001605048728967,0.0004159696050553,0.0003495670681435,0.0004497148953405,0.0434096371695935,0.0003855372819049,0.0003963810946119,0.0004248244476162,0.0003305781837403,0.0001694041803108,0.0003004162171412,0.0004003928892138,0.0004245141311989,0.00035499993638,0.0002841324454645,0.0003724982060156,0.1810327859559411,0.0001007211009616,0.0001879806526506,0.0004184694457776,0.0007243820212553,0.0004619074767021,0.0003677401772426,1.82800836011538e-05,0.7538832796590176,0.0002391579818113,0.0003337685991085,0.0003270698379574,0.000270613982762,0.0005485450197761,0.0002671519457644,0.0004060464270789,0.0003134769311476,0.0005824639934517,0.0003333711721603,0.000336783771964,0.0007115080418778,0.0003320024925966
uj0848,7.570172469755353e-05,7.63175752201055e-05,0.0001047855074365,7.89870693500896e-05,0.0002615209264684,0.0001036750857887,0.0001046395643507,7.575949235402351e-05,0.0333308751056259,9.202869421773086e-05,6.237178099909706e-05,0.000116541458731,8.969347580721009e-05,0.0001150987527855,7.1742860019863e-05,0.0001121694926528,4.865498448672199e-05,7.465936462265517e-05,7.240963053106268e-05,0.0001098146727105,5.963149082969832e-05,6.773846043610394e-05,3.553426009215473e-05,9.209173447322062e-05,0.0067321725713585,9.956262242968277e-05,0.0096104829084063,8.535430609164796e-05,8.775502361608813e-05,9.405211282782288e-05,7.318688180500236e-05,3.750448254450676e-05,6.65093078056515e-05,8.864319697959545e-05,9.398341170937052e-05,7.859362675013466e-05,6.290423484058161e-05,0.286238081977865,0.0001502554180104,2.229869868586884e-05,4.161713774183116e-05,9.264517555454896e-05,0.0001603713250869,0.0067570436747993,8.141419552340052e-05,4.04703753516245e-06,0.6460469091201315,5.294731415578367e-05,7.389320957840638e-05,7.241016724616592e-05,5.991137511584643e-05,0.0067762244070337,5.914491288387988e-05,8.989483676668802e-05,6.940082630048255e-05,0.0001289520166215,7.380522301270953e-05,7.456074031772537e-05,0.0001575211478719,7.350221030835552e-05
uj0854,6.603400335704043e-05,6.657120479645422e-05,9.140355226356732e-05,6.889978297674325e-05,0.0176428597421666,9.04349404239622e-05,9.127624728793533e-05,6.6084393617454e-05,4.969137839155901e-05,8.027588707122389e-05,5.440640107387236e-05,0.0001016581736786,7.823889490260642e-05,0.0001003997129285,0.017477317866773,9.784454296106986e-05,4.244135020396414e-05,6.512476107808206e-05,6.316233619079984e-05,0.0407301771338069,5.20160680798978e-05,5.908771222464624e-05,3.099624823067109e-05,8.033087657719975e-05,6.750740598644247e-05,8.68476718334251e-05,0.0025782342780436,7.445387218735172e-05,7.654799870430428e-05,8.204089879090843e-05,6.384032620275337e-05,3.2714857371381125e-05,5.801553230734729e-05,7.732274515957719e-05,8.198097135986719e-05,6.855658617283916e-05,5.4870856261604645e-05,7.193580263801165e-05,0.0001310665882046,1.945097485906925e-05,3.630229330089894e-05,8.081363876482981e-05,0.0001398906122875,8.92022687477633e-05,7.101694554492385e-05,3.530198172507718e-06,0.5171022045947599,4.6185514724769344e-05,6.44564502177144e-05,6.31628043630518e-05,5.2260208883359365e-05,0.0001059334666406,5.159163006562525e-05,7.841454044208742e-05,0.4005994922102341,0.0001124838031432,6.437970024672215e-05,6.503873189302928e-05,0.0001374044257107,6.411538471076203e-05
uj0855,3.3529664073287466e-05,3.3802435416648855e-05,4.641139786621508e-05,3.498480268478684e-05,0.0001158323518738,4.591957201970738e-05,4.634675703193581e-05,3.355525041393529e-05,2.5231473787814028e-05,4.0761174392682354e-05,2.7625590736639632e-05,5.161832147779819e-05,3.972686389110077e-05,5.097932090151473e-05,3.1776211251903376e-05,4.968189856899284e-05,2.1550173286653312e-05,3.30679839293491e-05,3.207153597989101e-05,4.863890619420336e-05,2.64118666212333e-05,3.000259019643761e-05,1.573876696657715e-05,4.078909606287033e-05,3.427780431463301e-05,4.40980875622072e-05,0.2783763218867803,3.780496708490445e-05,3.886828832957796e-05,4.165738311906315e-05,3.2415794637403134e-05,1.6611414151841965e-05,2.94581762486904e-05,3.926167638825457e-05,4.162695415020715e-05,3.481053983593742e-05,2.786142418047245e-05,0.4215323554483027,6.655084426687355e-05,9.876497255455546e-06,1.8432983577987465e-05,4.103422513509998e-05,7.10313626094557e-05,4.529366619673114e-05,3.6059820798042965e-05,1.7925061758912286e-06,0.2979359626491433,2.345132378844755e-05,3.272863999280935e-05,3.20717737007248e-05,2.653583243748691e-05,5.378915967545461e-05,2.6196352441946844e-05,3.981605030469629e-05,3.073888212667043e-05,5.7115182199201226e-05,3.268966915030128e-05,3.302430143959118e-05,6.976896753260723e-05,3.2555459338998826e-05
uj0859,5.541801210210787e-05,5.586885006977939e-05,7.670901214530039e-05,5.782307315509234e-05,0.0001914483444846,7.5896119697159e-05,7.660217342098306e-05,5.546030134582263e-05,4.17027178283328e-05,6.737029189592838e-05,4.565972741106766e-05,8.531504395912202e-05,6.566077784387288e-05,8.42589003129367e-05,5.251989569200775e-05,8.211451358815216e-05,3.5618244232686135e-05,5.46549446359932e-05,5.300801001709903e-05,8.039065008859092e-05,4.365367755714756e-05,4.958844511434862e-05,2.601312009328791e-05,6.741644098507542e-05,5.6654542383423497e-05,7.288556022692661e-05,0.3918983505224308,6.248425629471598e-05,6.42417194615686e-05,6.88515505788674e-05,5.357700260845224e-05,2.745543613224888e-05,4.868863476495572e-05,6.489191339577906e-05,6.880125741277333e-05,5.753505056574053e-05,4.604951421644223e-05,0.0536488795275752,0.0001099955992677,1.6323928663076708e-05,3.0466136039122817e-05,6.782159165588767e-05,0.0001174010244813,7.486161913083476e-05,5.959986897029038e-05,2.962664007951796e-06,0.346279710229206,3.87604761764979e-05,0.2046647629775154,5.300840292339285e-05,4.385856893602848e-05,8.890301720115893e-05,4.3297474543309794e-05,6.580818563588586e-05,5.080539244227711e-05,9.440028541327082e-05,5.402966390076564e-05,5.458274597808946e-05,0.0001153145309962,5.380784119085945e-05
uj0860,5.435873803075896e-05,5.48009585660936e-05,7.524277644823873e-05,5.671782813103688e-05,0.0001877889518139,7.444542183446652e-05,7.513797986665068e-05,5.440021894704254e-05,4.090560140310013e-05,6.608255888859718e-05,4.4786975691603447e-05,8.368431036666873e-05,6.440572092579967e-05,8.264835412052877e-05,5.151601695969254e-05,8.054495575260415e-05,3.493742799349768e-05,5.36102560315509e-05,5.199480134260779e-05,7.885404262131426e-05,4.281926998817679e-05,4.864059887887999e-05,2.551589865598816e-05,6.612782587223925e-05,5.5571632955703055e-05,7.149240696870669e-05,0.3175076090530667,6.128991622278123e-05,6.301378678871978e-05,6.753550441384107e-05,5.255291806389732e-05,2.6930645896921025e-05,4.775798773487336e-05,6.365155274961013e-05,6.748617256419969e-05,0.0239492553338437,4.5169312012187504e-05,0.0621805491183721,0.0001078931152224,1.6011908911385022e-05,2.988379851498048e-05,6.652523238940357e-05,0.0001151569912426,7.343069497681815e-05,0.004837024666409,2.9060348896073904e-06,0.1676325270285724,3.801959851146632e-05,5.3060107121368806e-05,0.4205656275909153,4.302024502078583e-05,8.720370216957028e-05,4.246987552994005e-05,6.4550311127537e-05,4.983428516402157e-05,9.25958941896742e-05,5.299692707237983e-05,5.353943739727852e-05,0.0001131103795281,5.277934433854148e-05
uj0863,2.493170924412352e-05,2.5134534295038155e-05,3.451020191209324e-05,2.6013709132118308e-05,8.612965855156067e-05,3.4144494132347124e-05,3.44621368171962e-05,2.4950734522881405e-05,1.8761409804271435e-05,3.030885565051025e-05,2.054160740881892e-05,3.838192294265898e-05,2.953977163472019e-05,3.790678019920934e-05,2.362789135258477e-05,0.0088037216135314,1.6024098940238483e-05,2.458841695562049e-05,2.3847486461998742e-05,3.616651406156424e-05,1.9639116507575458e-05,2.230907693298679e-05,1.1702901675783011e-05,3.0329617414219408e-05,2.548800515362878e-05,3.279008984163238e-05,0.3954785148502736,0.0022198055935281,2.8901359146685444e-05,3.097525109483483e-05,2.4103467456472903e-05,1.2351777424975452e-05,2.1904266129514035e-05,2.919387137339902e-05,3.095262497479802e-05,2.5884132209722965e-05,0.0065958016363772,2.715998462059535e-05,4.948532426647586e-05,7.343883833288247e-06,1.370624489597006e-05,3.051188845465552e-05,5.281691089782585e-05,3.3679088276847374e-05,2.6813062175837608e-05,1.3328568606573016e-06,0.1557859029058448,1.743774064677188e-05,2.433609040856434e-05,0.4295960460963088,1.9731293980045505e-05,3.9996096787100376e-05,1.947886626336748e-05,2.960608812770472e-05,2.2856562773681022e-05,4.246923300225024e-05,2.430711279303303e-05,2.455593589254383e-05,5.187822964714568e-05,2.4207318175771504e-05
uj0864,0.0003638089691954,0.000366768636821,0.0005035804349163,0.0003795977488601,0.0012568228671358,0.000498243946789,0.0005028790585102,0.0003640865902355,0.3200906956722945,0.0004422734688478,0.0002997476403981,0.000560077437322,0.0004310508262175,0.0005531440502035,0.0003447833725748,0.0005390665491473,0.0002338271660659,0.0003587995728323,0.000347987752572,0.000527749705056,0.0002865782952371,0.0003255389433279,0.0001707713078783,0.0004425764290572,0.0003719265611111,0.0004784801823373,0.2060947270380367,0.0004101975515043,0.0004217349711785,0.0004519976573221,0.0003517230833839,0.0001802398451189,0.0003196318553024,0.0004260033737431,0.0004516674920163,0.0003777069339903,0.0003023065184685,0.0003963244521837,0.0007221007045849,0.0001071635635213,0.0002000045315111,0.0644086211812074,0.0007707159473774,0.0004914526424749,0.0003912620837844,1.9449339626607023e-05,0.3863422035453296,0.0002544553358809,0.0003551175685186,0.0003479903319289,0.0002879233691313,0.0005836318160731,0.0002842398885283,0.0004320185310274,0.0003335279767873,0.0006197203621212,0.0003546947207975,0.0003583256020363,0.0007570185047003,0.0003532384958559
uj0865,2.5320167821109543e-05,2.552615306974203e-05,3.504790206714505e-05,2.6419026245864645e-05,8.747163652305164e-05,3.467649622946309e-05,3.4999088074601914e-05,2.5339489530915965e-05,1.9053729535881363e-05,3.078109503132395e-05,2.086166422902736e-05,3.897994801275348e-05,3.0000027991047635e-05,3.84974021156661e-05,2.399603526771441e-05,3.7517644277278405e-05,1.6273768893102845e-05,2.4971526728295656e-05,0.0044759060086817,3.673002105778881e-05,1.994511170337591e-05,2.2656672526790786e-05,1.1885243467397383e-05,3.080218028208757e-05,0.4808080764672617,3.330098909504505e-05,0.3548977147156314,2.854869374679811e-05,2.9351668459101708e-05,3.145787351932506e-05,2.4479021277387828e-05,1.2544229287572277e-05,2.2245554404909745e-05,2.9648738290840577e-05,3.143489486387617e-05,2.628743039783564e-05,2.1039755556236164e-05,2.758316174308508e-05,5.025635037054364e-05,7.458308184843776e-06,1.3919800586676082e-05,3.098729127017029e-05,0.0022794833245416,3.4203838929845404e-05,2.7230833932899097e-05,1.3536239759139112e-06,0.1559873446795129,1.7709436415849283e-05,2.4715268705445145e-05,2.4219231384127e-05,2.003872538422763e-05,4.061927214546753e-05,1.9782364615441048e-05,3.00673777549661e-05,2.321268869200123e-05,4.313094205942732e-05,2.4685839592457984e-05,2.4938539580882044e-05,5.2686539381065525e-05,2.458449008481037e-05
uj0866,0.2048338598540557,3.558555257578537e-05,4.885965222702363e-05,3.683029107067762e-05,0.000121942641019,4.834188200415947e-05,4.879160151474701e-05,3.532532828124602e-05,2.6562462910544367e-05,4.291137299790917e-05,2.908287226877216e-05,5.434124701906122e-05,4.182250143347775e-05,5.366853843096663e-05,0.0062394694567617,5.230267558535002e-05,2.268696959426109e-05,3.481235793186346e-05,3.3763346212518244e-05,5.120466416896155e-05,2.780512281702652e-05,3.158526117083312e-05,1.6569004938955088e-05,4.294076756815923e-05,3.608599772725444e-05,4.642431215662052e-05,0.0603353534763226,0.0093488247433629,4.091863502834275e-05,4.385485776042405e-05,3.412576490825912e-05,1.748768526209113e-05,3.101212876419572e-05,4.133277475739399e-05,4.382282362863132e-05,3.664683565708684e-05,2.93311461967066e-05,3.845319150649697e-05,7.006147747730893e-05,1.039749379050679e-05,1.9405344560468697e-05,4.319882747952839e-05,7.477834829094851e-05,4.768295893259756e-05,3.796201761989412e-05,1.887062928406036e-06,0.5122449701498649,2.468840796111788e-05,3.4455113214251736e-05,0.1924202910303079,2.7935627971981126e-05,5.662659941642656e-05,2.757824001810109e-05,0.0031449248995298,3.2360393343159424e-05,6.012807343532923e-05,3.44140866151946e-05,3.476637114077101e-05,7.344936042883495e-05,0.0093432983180747
uj0867,7.672287263982169e-05,7.73470304300926e-05,0.0001061989693586,8.005253362656259e-05,0.0002650486077331,0.000105073569125,0.0001060510576323,7.678141952983976e-05,5.7734880543575134e-05,9.327007824306863e-05,6.321312003169226e-05,0.0001181134978258,9.090335984382005e-05,0.0001166513310793,7.271060645066636e-05,0.0001136825578711,4.931129631433496e-05,0.3305585542003085,7.338637109427447e-05,0.0001112959735332,6.043586582113225e-05,6.865219113065673e-05,3.601358518967524e-05,9.333396885470856e-05,7.84347737291979e-05,0.0001009056323469,0.3739457510450068,8.650565864507305e-05,8.893875968217221e-05,9.532079094399276e-05,7.417410678639854e-05,3.801038416470317e-05,6.740645834058e-05,8.983891370274046e-05,9.525116310945804e-05,7.965378384103229e-05,6.375275619493708e-05,8.357999126901454e-05,0.0001522822279877,2.259948800565389e-05,4.2178515368800006e-05,9.38948753567208e-05,0.0001625345895206,0.0001036413659083,8.251239954137085e-05,4.10162841889494e-06,0.2905558674443911,5.366152563662925e-05,7.488996228397608e-05,7.338691504918004e-05,6.071952549369349e-05,0.000123080828909,5.994272437798122e-05,9.110743698090482e-05,7.033698081019267e-05,0.0001306914629413,7.480078885891946e-05,7.556649741049468e-05,0.0001596459659874,7.449368878666505e-05
uj0868,0.0001349925638336,0.0001360907586411,0.0001868552448175,0.0001408510445947,0.0004663484286675,0.0001848751226238,0.0713880941254995,0.0001350955760712,0.0001015835210419,0.0001641070851205,0.0001112223884142,0.0002078186510263,0.0001599428851422,0.0002052459939936,0.000127933051057,0.0002000224890202,8.67623706776958e-05,0.0001331338101591,0.0001291220472279,0.0120627398567337,0.0119732523792621,0.0001207923396851,6.33652785710896e-05,0.0001642194995437,0.0001380046241115,0.0001775417101457,0.0052706550816724,0.0001522052061507,0.0001564862052291,0.0001677152785531,0.0001305080545168,6.687861173791314e-05,0.0001186004944452,0.0001580700106172,0.0001675927695857,0.0001401494512625,0.0001121718688847,0.0001470575451412,0.0002679379391706,3.976340721147654e-05,7.421236630518035e-05,0.0001652064048064,0.000285976791485,0.0001823551859022,0.0001451791360113,7.216744070037404e-06,0.7604332567174209,9.441652372587185e-05,0.00013176758985,0.0001291230043072,0.0001068349520701,0.0002165585839207,0.0001054681839787,0.0001603019553256,0.0001237566979075,0.1307660310986439,0.0001316106907551,0.0001329579416722,0.0002808943084746,0.0001310703535039
uj0871,8.052458662894558e-05,8.117967221585717e-05,0.0001114612606878,8.401923646864247e-05,0.0002781820966804,0.0001102800954695,0.000111306019751,0.1133405784743172,6.059571585214495e-05,9.789172689910856e-05,6.63454089365777e-05,0.0001239661688943,9.54077346526074e-05,0.0001224315499626,7.631350764805592e-05,0.0001193156703408,5.175473252272764e-05,0.0425519129839986,7.702275727222545e-05,0.0001168108277736,6.343053831750278e-05,7.205399278934437e-05,3.7798103233685895e-05,9.795878337020716e-05,8.232131455151442e-05,0.0001059056322279,0.0102227547205272,9.079212187688193e-05,9.334578610369786e-05,0.3044862737367369,7.784952624995836e-05,3.989384608732053e-05,7.074653238647375e-05,9.429054387820044e-05,9.997097699043096e-05,8.360072813412084e-05,6.691178474447159e-05,8.772148403493249e-05,0.0001598280022336,2.371932081094354e-05,4.426851338895778e-05,9.854748348867198e-05,0.000170588381062,0.0001087769247979,8.660099180622559e-05,4.304869220520081e-06,0.5243945082620176,5.6320521131339365e-05,7.860085327989245e-05,7.702332818077474e-05,6.372825368047578e-05,0.0001291796374254,6.291296110104793e-05,9.562192406625616e-05,7.382226589791574e-05,0.0001371673878621,7.850726120045243e-05,7.931091156536124e-05,0.0001675566226315,7.818494393675852e-05
uj0878,0.2314901087133277,2.0109988872292072e-05,0.0087954205327497,2.0813411342067903e-05,0.1263253632753657,2.731880324462961e-05,2.7572947235630112e-05,1.9962931786236107e-05,1.5010890512775154e-05,2.424993209378828e-05,1.643521584929027e-05,3.0709144407199855e-05,2.363459262428201e-05,3.032898557189536e-05,1.890453296642171e-05,2.955711371272075e-05,1.282078464610016e-05,1.9673043692017817e-05,1.908022968532199e-05,2.8936609160537763e-05,1.571313833759618e-05,1.7849357525674855e-05,9.363420850012905e-06,2.426654345536193e-05,2.0392798768409394e-05,2.6235152563254743e-05,0.0200680192649262,2.2491203903620027e-05,2.312380265381316e-05,2.478311105833981e-05,1.928503853079202e-05,9.882582412450767e-06,1.752547085016849e-05,2.335783991725196e-05,2.4765008036544284e-05,2.0709737630158683e-05,1.657551958399858e-05,2.1730539427564405e-05,3.9592908651466376e-05,5.875797038180537e-06,1.0966283643985435e-05,2.44123774124142e-05,4.2258490965309024e-05,2.694643483448377e-05,2.145296887774905e-05,1.0664107129077715e-06,0.3946918798709148,1.3951830825595383e-05,1.9471158747824328e-05,0.2174607467683879,1.578688897581726e-05,3.2000635137388936e-05,1.5584923086421196e-05,2.368765204922753e-05,1.828739763554361e-05,3.3979376465257684e-05,1.9447973932898385e-05,1.9647055789900176e-05,4.150745777391491e-05,1.93681288631992e-05
uj0879,0.0002058254551761,0.0002074998914539,0.000284901365856,0.0002147579803097,0.000711049370982,0.0002818822399112,0.0002845045611308,0.0002059825196847,0.0001548861201171,0.0002502168603464,0.0001695826649336,0.0003168646274049,0.0002438676339027,0.0003129420535258,0.0001950616961267,0.0003049776867619,0.0001322880603919,0.0002029913818742,0.0001968745787858,0.0002985751657043,0.0001621320886927,0.0001841741321997,9.66141166140658e-05,0.0002503882605269,0.0002104179946472,0.0002707008613343,0.0080362573348734,0.0002320698633055,0.0002385971753211,0.0002557183341648,0.0001989878476431,0.0001019709553739,0.0001808321885299,0.0002410120303003,0.0002555315426613,0.0002136882490381,0.0001710303539357,0.0002242211371219,0.000408529527276,6.062794243052468e-05,0.0001131528555401,0.0002518930117454,0.0004360336718231,0.0002780400495859,0.0002213570948132,1.1003492273362737e-05,0.5442600710225166,0.0001439584775645,0.0002009082825611,0.0001968760380607,0.000162893066211,0.0003301905515529,0.0001608091316851,0.0002444151143109,0.0001886939395366,0.4345991485436939,0.0002006690558459,0.0002027232322048,0.0004282843236419,0.0001998451944603
uj0880,0.0002691295615087,0.0002713189909009,0.0003725262242246,0.0002808093927051,0.0009297411987245,0.0476858225197086,0.0003720073774105,0.0002693349331052,0.0002025232183028,0.0003271740798508,0.0002217398630991,0.0004143201731688,0.000318872072078,0.0004091911642851,0.0002550552782736,0.0003987772602663,0.0001729748521905,0.0002654238347104,0.0002574257349049,0.0003904055664769,0.0002119977720881,0.0002408191124744,0.0001263289558507,0.0003273981962284,0.260519976537561,0.0003539581829108,0.1288010153791581,0.0003034457545466,0.0003119806202612,0.0003343675984325,0.00026018896514,0.0001333333551136,0.0002364493136385,0.000315138193075,0.0003341233569445,0.0002794106526523,0.0002236328063505,0.000293183057766,0.0005341777208514,7.927479887044419e-05,0.0001479543838196,0.0003293657518704,0.0005701410974672,0.0003635546272103,0.0002894381446306,1.4387749309535136e-05,0.4277503698170817,0.1184813446224676,0.0002627000530273,0.0002574276429975,0.0002129927974393,0.0004317446463447,0.0002102679236636,0.0003195879367026,0.0002467290411839,0.0004584413344305,0.0002623872492446,0.0002650732123693,0.0005600083435947,0.0002613099993328
uj0881,6.453551139995505e-05,6.506052227094389e-05,0.051147976901678,6.733625865008176e-05,0.0002229458681272,8.838272453554967e-05,0.0057623880004872,6.458475816768142e-05,4.856374524695581e-05,7.84542078603829e-05,5.317177118202184e-05,9.935127196311264e-05,7.646344060962806e-05,9.812136912587625e-05,6.116059018701427e-05,9.5624182946259e-05,4.1478240007773006e-05,6.364690231257667e-05,6.172901020780768e-05,9.361670544376535e-05,5.0835681374650086e-05,5.774685059230711e-05,3.029285866904866e-05,7.850794950422351e-05,6.597547849800256e-05,8.487686087061978e-05,0.2975252462511473,7.276431040138263e-05,7.481091546600394e-05,8.017916664170767e-05,6.239161477395682e-05,3.197246787269895e-05,5.669900136678727e-05,7.556808080741148e-05,8.012059912781302e-05,6.700084991935518e-05,5.362568661254025e-05,7.030338273009387e-05,0.0001280923292125,1.90095790947357e-05,3.547849507923089e-05,7.897975649879285e-05,0.0001367161120796,8.717802554764176e-05,6.940537701498869e-05,3.4500883306158383e-06,0.3294990678440427,4.51374392056355e-05,6.299375725161814e-05,0.3120867978029072,5.107428195622922e-05,0.0001035295468466,5.0420875018588994e-05,7.6635100271912e-05,5.9164012904263925e-05,0.0001099312383169,6.291874894716723e-05,6.356282536478535e-05,0.0001342863438691,6.266043145289221e-05
uj0882,2.560513291163509e-05,2.5813436415242755e-05,3.544234765912759e-05,2.671635840649405e-05,8.84560835060384e-05,3.5066761845273885e-05,3.539298429092856e-05,2.5624672077061203e-05,1.926816917942572e-05,3.1127519967921884e-05,2.109645122086484e-05,3.941864670119088e-05,3.033766243141302e-05,3.89306700053735e-05,0.3691709098040602,3.793988551095881e-05,1.6456921550643633e-05,2.525256804780687e-05,0.0022753857934203,3.714339800890886e-05,2.016958338153581e-05,2.291166138718144e-05,1.2019005593483352e-05,3.1148842522025474e-05,2.6176454779767283e-05,3.367577410591486e-05,0.3408847473472309,2.886999418822568e-05,2.9682005956017927e-05,3.181191523968452e-05,0.1013149921219958,1.2685407950358473e-05,2.249591634838396e-05,2.998241915151694e-05,3.178867797162783e-05,2.6583281516830127e-05,2.1276546871723407e-05,2.7893595632727235e-05,5.082195900054988e-05,7.542247496860878e-06,1.4076460576542846e-05,3.13360368363266e-05,5.424353421896174e-05,3.458878503785811e-05,2.753730255947374e-05,1.3688582974855192e-06,0.1847536297296269,1.79087467516675e-05,2.4993425976509467e-05,2.4491806017620665e-05,2.0264250634829346e-05,4.1076420559561566e-05,2.0005004661244724e-05,3.0405770181285905e-05,2.3473935220112423e-05,4.361635798933952e-05,2.496366565442821e-05,2.521920964750444e-05,5.327949850243779e-05,2.4861175511701653e-05
uj0886,0.0001919342598001,0.0001934956880854,0.0002656733236655,0.0002002639272758,0.0006630605266193,0.0002628579590501,0.0002653032993595,0.0001920807239979,0.0001444328292268,0.0002333296813991,0.0001581375017055,0.0677856513997416,0.0002274089653404,0.0002918215405008,0.0001818969487005,0.00028439469022,0.0001233599164398,0.0001892914585928,0.0001835874795971,0.0002784242764098,0.0001511897661367,0.0001717441883358,9.009361326416928e-05,0.000233489513752,0.0001962168479923,0.0002524312136367,0.2099644050065838,0.0002164074283102,0.000222494210915,0.0002384598598032,0.0001855581235756,9.508891805470792e-05,0.0001686277930191,0.0002247460869163,0.0002382856748904,0.0001992663923518,0.0001594874859278,0.0002090884140069,0.4390670759327633,5.653615216663672e-05,0.0001055161498551,0.0002348927090519,0.1522594927305368,0.0002592750788108,0.0002064176664063,1.026086468700672e-05,0.1194593760871437,0.0001342426951498,0.0001873489480107,0.0001835888403853,0.0001518993851514,0.000307905934429,0.0001499560957251,0.0002279194962016,0.000175958953098,0.0003269451252118,0.0001871258667477,0.0001890414063907,0.0003993793409656,0.0001863576079087
uj0887,6.140048564430449e-05,6.189999237707793e-05,0.1566150837527788,6.406517734030693e-05,0.0002121155357485,0.0486623942343437,8.487151507332208e-05,6.144734008752835e-05,0.0378293307062962,7.464303542297609e-05,5.058877666453651e-05,9.452495557227022e-05,7.2748976270898e-05,9.335479933017256e-05,5.818951238337248e-05,9.097892222241245e-05,3.946329741411264e-05,6.0555043680192125e-05,5.87303195230318e-05,8.906896457430106e-05,4.8366170140317725e-05,5.4941606471862864e-05,2.882128294152113e-05,7.469416638885139e-05,6.277050158148352e-05,8.075368683641902e-05,0.0023973230264524,0.1134186078599706,7.117672799770906e-05,7.628419863052173e-05,5.936073588247696e-05,3.0419299577007865e-05,5.394465998560674e-05,7.189711153023175e-05,7.622847622717972e-05,6.374606219719882e-05,5.102064165283027e-05,6.688816356180885e-05,0.0001218698209768,1.808612596368769e-05,3.375500992458799e-05,7.514305379934082e-05,0.0001300746750896,8.294306483392207e-05,6.603378144221729e-05,3.282488887439231e-06,0.5132033710461527,4.294473891731213e-05,5.993362729920934e-05,5.8730754844262896e-05,4.859317991007346e-05,9.850025694421271e-05,4.79715143739343e-05,7.291229699775257e-05,5.628992544080519e-05,0.1242491481688056,5.986226277104905e-05,6.0475051048013465e-05,0.0001277629409003,5.961649390279588e-05
uj0888,0.4545071225212134,2.2563063988652563e-05,3.097952342636384e-05,2.335229198362555e-05,7.731788361017294e-05,3.065123057085673e-05,3.093637578738027e-05,2.2398068450179777e-05,1.6841962733905804e-05,2.720800956317296e-05,1.844003143063834e-05,3.445513544023402e-05,2.6517609189836942e-05,3.4028603721032266e-05,2.1210563054297145e-05,3.3162576680430926e-05,1.4384701363672186e-05,2.2072818960439497e-05,2.1407691771588743e-05,3.246638117256343e-05,1.7629872797305207e-05,2.0026674234665374e-05,1.0505598244393516e-05,2.7226647227097343e-05,2.288037186103589e-05,2.943539301766461e-05,0.0067762434976743,2.523474657703136e-05,2.5944511568468784e-05,2.780622725344503e-05,2.16374837975878e-05,1.108808864894436e-05,1.966327891749585e-05,2.620709738013845e-05,2.7785915972232777e-05,2.323597184985502e-05,1.859744982426224e-05,2.438129402884097e-05,4.442256716664666e-05,6.592543904361299e-06,1.2303982918552247e-05,2.739027043572191e-05,4.741330498834279e-05,3.023343957560413e-05,2.4069864613508064e-05,1.1964946030713643e-06,0.5372759347973108,1.5653715856128394e-05,2.184630750172559e-05,2.140785044981173e-05,1.7712619753554343e-05,3.590416597779725e-05,1.748601747570589e-05,2.657714095824565e-05,2.0518147755179493e-05,3.812427994609529e-05,2.1820294535430023e-05,2.204366097819819e-05,4.657065857701756e-05,2.173070973116972e-05
uj0890,3.551882264952242e-05,3.580777624439138e-05,0.0343954117396573,3.7060287847603386e-05,0.0001227041450308,4.864376604385239e-05,4.909629395032682e-05,3.554592690841788e-05,2.672833943986399e-05,4.3179344746056336e-05,2.9264488180325103e-05,5.4680595726475086e-05,4.208367342677571e-05,0.0031763897744113,3.366134565091854e-05,5.2629293878595104e-05,2.282864455074948e-05,3.502975317607019e-05,3.3974190617527314e-05,5.152442563106423e-05,2.797875947435483e-05,3.178250393097611e-05,1.6672474599988008e-05,4.320892287870083e-05,3.631134656181813e-05,4.671422140948328e-05,0.4010522176251134,4.004775944741811e-05,4.117416258186278e-05,4.4128721355964994e-05,3.433887253545555e-05,1.7596891872444948e-05,3.120579244303237e-05,4.159088851917112e-05,4.409648717831736e-05,3.687568679675021e-05,2.9514312522376825e-05,0.2872982134359346,7.049899544249459e-05,1.0462423770433725e-05,1.952652651625278e-05,4.346859431542434e-05,7.524532203975072e-05,4.798072814782682e-05,3.819908177128569e-05,1.8988472064764049e-06,0.2344290753503041,2.484258144423233e-05,3.467027754658576e-05,3.397444244122937e-05,2.811007960426997e-05,5.6980219628904696e-05,2.7750459844039373e-05,4.217815085429548e-05,0.0156444929175514,6.050355955533689e-05,0.0031570150829306,3.4983479207944234e-05,7.390803495121309e-05,0.0187688033520015
uj0892,0.0001101556203609,0.0001110517610583,0.0001524762166599,0.0001149362139306,0.0003805461501386,0.087302831058829,0.0001522638509414,0.0097937919737066,8.289342361568075e-05,0.0001339134338493,9.07588599391162e-05,0.0001695826183033,0.0001305153945877,0.0001674832979899,0.0001043949696461,0.0001632208526043,7.079917955900923e-05,0.0001086388541162,0.0097889174994631,0.0001597942906254,8.677138984137123e-05,9.856805986189048e-05,5.170685978633007e-05,0.0001340051654245,0.0001126134992178,0.0001448762558888,0.023668025051775,0.00012420135176,0.000127694700548,0.0001368577648158,0.0001064962046733,5.457378358965242e-05,9.67794867340421e-05,0.0001289871055524,0.0001367577959663,0.000114363704997,9.153364787765592e-05,0.0001200007959976,0.0002186407093056,3.244743758214348e-05,6.055821903550328e-05,0.0001348104924615,0.0002333606383955,0.0001488041123054,0.0001184679906554,5.88895341672979e-06,0.7948269890667972,7.704506417231733e-05,0.0194746285894004,0.0485231274567377,8.717865701121595e-05,0.0001767145128503,8.606335715532949e-05,0.0001308084003481,0.0001009870132449,0.0001876415556514,0.0001073959696338,0.0001084953432314,0.0002292132686954,0.0001069550476791
uj0893,7.570172469755353e-05,7.63175752201055e-05,0.0001047855074365,7.89870693500896e-05,0.0002615209264684,0.0001036750857887,0.0001046395643507,7.575949235402351e-05,5.696645448709861e-05,9.202869421773086e-05,6.237178099909706e-05,0.000116541458731,8.969347580721009e-05,0.0001150987527855,7.1742860019863e-05,0.0001121694926528,4.865498448672199e-05,7.465936462265517e-05,0.0067271913607588,0.0001098146727105,5.963149082969832e-05,0.2928781345904577,0.0133450977205476,9.209173447322062e-05,7.739084113074267e-05,9.956262242968277e-05,0.3955878232616167,8.535430609164796e-05,8.775502361608813e-05,9.405211282782288e-05,7.318688180500236e-05,3.750448254450676e-05,6.65093078056515e-05,8.864319697959545e-05,9.398341170937052e-05,7.859362675013466e-05,6.290423484058161e-05,8.246757807119526e-05,0.0001502554180104,2.229869868586884e-05,4.161713774183116e-05,9.264517555454896e-05,0.0001603713250869,0.0001022619445716,8.141419552340052e-05,4.04703753516245e-06,0.2866886956878323,5.294731415578367e-05,7.389320957840638e-05,7.241016724616592e-05,5.991137511584643e-05,0.0001214426768059,5.914491288387988e-05,8.989483676668802e-05,6.940082630048255e-05,0.0001289520166215,7.380522301270953e-05,7.456074031772537e-05,0.0001575211478719,7.350221030835552e-05
uj0895,2.8419812480169986e-05,2.865101403385541e-05,3.933839663342234e-05,2.9653190970961777e-05,9.817974054840924e-05,3.8921524030699634e-05,3.928360692885617e-05,2.844149951531819e-05,2.1386249265147865e-05,0.0050312028886158,2.341550773288859e-05,4.3751795834688265e-05,3.3672571837956455e-05,4.321017762721077e-05,2.6933582249302213e-05,4.211047978003692e-05,1.8265971361454405e-05,2.8028491437171542e-05,2.718390009835136e-05,4.122643729022923e-05,0.005019040385729,2.543025738159572e-05,1.334021136870164e-05,3.457292201939908e-05,2.9053937693039275e-05,3.737763004462953e-05,0.0086046047489973,3.2043568137861184e-05,3.294484141974525e-05,3.530888392053898e-05,2.747569444707447e-05,1.4079868924243102e-05,2.496881099571047e-05,3.327827795030788e-05,3.528309226372541e-05,2.95054854205651e-05,2.361540064668671e-05,3.095983762379049e-05,5.640863297429692e-05,8.371339460706969e-06,1.5623834929912367e-05,3.478069392701432e-05,6.020632957011796e-05,3.839100496315541e-05,3.056437854280105e-05,1.5193319347616283e-06,0.4798788772426385,1.987739045111413e-05,2.774086281608954e-05,2.7184101591020785e-05,2.249182634905679e-05,4.5591802772047856e-05,2.220408240408528e-05,3.374816642621786e-05,0.4996914176461127,4.841094632872331e-05,2.770783104953641e-05,2.79914660686837e-05,5.913632089715585e-05,2.759407453644169e-05
uj0896,0.000116950604105,0.0001179020235203,0.0001618817595651,0.0001220260900776,0.0004040202579106,0.0001601662836887,0.0001616562940012,0.0001170398486017,8.800673026413895e-05,0.0001421739257164,9.635734847645516e-05,0.0001800433749208,0.0001385662773449,0.0001778145573801,0.0001108346058569,0.0001732891817236,7.516644899672595e-05,0.0001153402756621,0.0206736351564084,0.0001696512512021,9.21239100440464e-05,0.0001046482613282,5.489641353358685e-05,0.0001422713157824,0.0001195600979845,0.0001538129928472,0.1587795025730618,0.0001318627508192,0.000135571587915,0.0001452998786555,0.0001130654562211,5.794018442446727e-05,0.00010274935951,0.0001369437153246,0.0001451937431964,0.0001214182657522,9.717992945024996e-05,0.0001274030824665,0.0002321276295431,3.444896787341765e-05,6.429377163432792e-05,0.0001431263196685,0.0208095260275545,0.00015798314031,0.0001257757255495,6.25221534204046e-06,0.4120589596180044,8.179761294735278e-05,0.0001141566527576,0.0001118655200607,9.255629961608456e-05,0.0001876152026037,9.137220214128723e-05,0.3805316309692262,0.0001072164286039,0.0001992162834427,0.0001140207234634,0.0001151879122637,0.0002433523605511,0.0001135526031006
uj0897,0.1492561719146659,2.251875908647495e-05,3.091869193842388e-05,2.330643735091796e-05,0.0118587846045353,3.0591043719782405e-05,0.0196669065332916,2.2354087533751416e-05,0.005907618163084,2.7154583831510343e-05,1.840382252793357e-05,3.43874792298025e-05,2.646553913048105e-05,3.396178504960274e-05,2.116891392713404e-05,3.309745854237472e-05,1.4356455519619611e-05,2.2029476704914348e-05,2.136565556186716e-05,3.240263008615802e-05,1.7595254724596586e-05,1.998734979524721e-05,1.0484969419214043e-05,2.7173184898460257e-05,2.2835443892139447e-05,2.93775935889672e-05,0.3346846537462655,2.518519555066656e-05,2.5893566845373324e-05,2.7751626859677057e-05,2.15949963675338e-05,1.1066316043806369e-05,1.9624668042245536e-05,2.6155637042731696e-05,2.773135546175936e-05,2.319034562372157e-05,1.856093181431326e-05,2.4333418844537337e-05,4.433533887647354e-05,6.579598764776921e-06,1.227982277966882e-05,2.73364868160467e-05,4.732020407614034e-05,3.0174073100219243e-05,2.4022600952966824e-05,1.1941451625710945e-06,0.172954366382385,0.2847380710900478,2.180341002480079e-05,2.1365813928509084e-05,1.7677839198666708e-05,3.583366444652405e-05,1.7451681877751335e-05,2.6524954002125333e-05,2.0477858256837592e-05,3.804941899217285e-05,0.0196578083524049,2.200037597737708e-05,4.647921228791252e-05,2.1688039242384427e-05
uj0899,0.0001194057987307,0.0001203771917054,0.000165280213375,0.0001245878365761,0.0004125020299674,0.0001635287237714,0.000165050014515,0.0001194969167758,8.985429362499685e-05,0.0001451586444446,9.838021997798912e-05,0.0001838231033787,0.0106381915631913,0.0106782637993484,0.0001131614046856,0.0001769271164818,7.674445077812759e-05,0.3255159670892441,0.0001142131147461,0.0001732128133111,9.405790714114914e-05,0.0001068451875499,5.604887769152963e-05,0.0001452580790624,0.0001220700748441,0.0001570420555468,0.2145964108800803,0.0001346310025921,0.0001384177009094,0.000148350221866,0.0001154390882566,5.91565477814822e-05,0.0001049064212644,0.0001398186339833,0.0001482418582593,0.0001239672519317,9.9220069750022e-05,0.0001300777104924,0.0002370007852904,3.517216995888624e-05,6.564351859625262e-05,0.0001461310324149,0.0002529568017376,0.0001612997487193,0.0001284161897675,6.383470803474805e-06,0.4312062079213427,8.351482562226504e-05,0.000116553192754,0.0001142139613172,9.449937405452832e-05,0.0001915538897158,9.329041830919244e-05,0.0001417928696972,0.0001094672694723,0.0002033985170636,0.0001164144098373,0.0001176061019371,0.0002484611619324,0.0001159364620213
uj0902,6.310352011443539e-05,0.271881300929829,8.73472090978398e-05,6.584212102732664e-05,0.0002179988779605,8.642158269937481e-05,8.722555371300683e-05,6.315167413584745e-05,4.748615465416032e-05,7.671337185348803e-05,5.199193218614842e-05,9.7146746848641e-05,7.476677813282132e-05,9.594413456983908e-05,0.027796301857986,0.0167354013823228,4.0557871098604265e-05,6.223462855066155e-05,6.035929293488628e-05,9.153942576523746e-05,0.0222389063761694,5.646549425034053e-05,2.9620684408915864e-05,7.676592101331511e-05,0.0167064105588687,0.0222721922091696,0.0080111160471309,7.114972865977579e-05,7.315092119796223e-05,7.840005518166842e-05,6.100719483665904e-05,3.126302443021166e-05,5.544089595949111e-05,7.389128564716217e-05,7.834278723397682e-05,6.551415474757113e-05,5.243577559698705e-05,6.874340700156624e-05,0.0001252500630679,1.85877717670405e-05,3.469125570241786e-05,7.722725898873493e-05,0.0001336824911035,8.524361501668066e-05,6.786532731370532e-05,3.37353363512274e-06,0.610647330628688,4.413587559839045e-05,6.159597625523912e-05,6.035974033040399e-05,4.994098456555348e-05,0.0001012323091606,4.930207620428308e-05,7.493462880475045e-05,5.785121086617025e-05,0.0001074919522268,6.152263232495968e-05,6.215241720297067e-05,0.0001313066375026,6.127004668889224e-05
uj0903,7.326394682352565e-05,7.385996547588464e-05,0.0001014111617057,7.644349546501301e-05,0.0002530993227244,0.0001003364983096,0.0001012699183388,7.331985422231537e-05,5.513199744050831e-05,8.906514859923965e-05,6.036325941929446e-05,0.0001127885430525,8.680512984625553e-05,0.0001113922957135,0.3027720738532169,0.0001085573648126,4.7088176793544906e-05,7.225515325371695e-05,7.007786601869004e-05,0.0001062783757444,5.77112131937433e-05,6.555711885199093e-05,3.438997132768215e-05,8.91261588066609e-05,7.48986696390801e-05,9.635646617618968e-05,0.0028605204809991,8.26056918470646e-05,8.492910048473566e-05,9.102340825638464e-05,7.083008792948457e-05,3.6296747871497145e-05,6.436754789683443e-05,8.578867252664151e-05,9.09569194794232e-05,7.606272266444114e-05,6.087856696458962e-05,7.98119234219806e-05,0.0001454168316381,2.1580626878479983e-05,4.027696566553122e-05,8.9661777752126e-05,0.0001552069821411,9.89688636434488e-05,7.879246232945204e-05,3.916713178643553e-06,0.6896474598421322,5.1242283108553854e-05,7.151367024729037e-05,7.00783854502742e-05,5.798208453173488e-05,0.0001175319301001,5.724030422977495e-05,8.700000649783072e-05,6.716595253148325e-05,0.0001247994510864,7.142851706093759e-05,7.215970488895707e-05,0.0001524485874975,7.113526209551454e-05
uj0904,8.600377955385282e-05,8.670343960507746e-05,0.0001190455001919,8.973621839040515e-05,0.0002971106431005,0.0001177839640909,0.0001188796960833,8.606940866352284e-05,6.471887415045051e-05,0.0001045526447614,7.085979777685152e-05,0.0001324012889485,0.0001018996324266,0.0001307622488264,8.150616306778306e-05,0.0228086764196421,0.0076156903395377,8.481956735187912e-05,8.226367267918667e-05,0.0001247590717557,6.774658849946532e-05,7.695681494628267e-05,4.037002702097895e-05,0.0001046242640046,8.792276353923992e-05,0.0001131118460703,0.3964994641741892,9.696995615894338e-05,9.969738121521424e-05,0.0001068514252553,8.314669809887067e-05,4.260837202753084e-05,7.556039006574246e-05,0.000100706423829,0.0001067733747766,8.928923318935711e-05,7.146471190514375e-05,0.393235219533296,0.0001707032950565,2.533327178184129e-05,4.728070799325456e-05,0.0152260810658043,0.0001821958501558,0.0001161785120857,9.249364598129284e-05,4.59778856308577e-06,0.1140118372949355,6.015277925061292e-05,8.394914821951589e-05,8.226428243448098e-05,6.806456152508183e-05,0.0001379695013049,6.719379340060692e-05,0.0454646125290806,7.884540794609961e-05,0.0001465007680453,8.384918778624802e-05,8.47075215165468e-05,0.0001789577995848,8.350493885491393e-05
uj0905,7.995857986947632e-05,8.06090608643528e-05,0.0001106778002615,8.342866583975081e-05,0.0002762267566572,0.0001095049374453,0.0001105236505122,8.001959591359131e-05,6.016978898678599e-05,9.72036466314466e-05,6.587906751851004e-05,0.0001230948115552,9.473711434917309e-05,0.0001215709794492,7.577710053346066e-05,0.0001184770013237,5.139094886771342e-05,7.885760586083253e-05,7.648136484695383e-05,0.0001159897652774,6.298468550474739e-05,7.15475257750715e-05,3.753242062889382e-05,9.727023176307612e-05,8.174267860397137e-05,0.0001051612222755,0.0523248573263503,9.015394468355252e-05,9.268965922227564e-05,0.1828531600492299,7.730232247129137e-05,3.961343252058347e-05,7.024925550228095e-05,9.36277763009508e-05,9.926828168833563e-05,8.301309919740233e-05,6.644146227478866e-05,8.710489033364177e-05,0.0001587045723173,2.3552597869900984e-05,4.395735031617773e-05,9.785479391250192e-05,0.0001693893165178,0.0001080123325499,8.599227403701885e-05,4.27461032470391e-06,0.5699114942338829,5.592464457994444e-05,7.804836842875657e-05,7.64819317425909e-05,6.328030822850429e-05,0.0001282716346522,6.247074633494792e-05,9.494979822692273e-05,7.330336970425882e-05,0.1899190154887502,7.795543420739214e-05,7.875343571947436e-05,0.0001663788682962,7.763538250950341e-05
uj0906,0.0001145943415572,0.0001155265922478,0.0001586202464661,0.0001195675691653,0.0003958802588954,0.0001569393331435,0.0001583993234701,0.0001146817880003,8.623361447685444e-05,0.0001393094762423,9.44159885907772e-05,0.0001764159506373,0.0001357745129741,0.0001742320382028,0.000108601565397,0.0001697978375621,7.365203280389394e-05,0.0001130164572101,0.0001096108967961,0.2117150057860003,9.026784336829083e-05,0.000102539860258,5.379038792384589e-05,0.0001394049041417,0.0001171512606532,0.000150714045243,0.1555804922034628,0.0001292060457635,0.0001328401590559,0.1512486385802854,0.0303320406959483,5.677283443415565e-05,0.0001006792165683,0.0001341846415255,0.000142268451943,0.0001189719909818,9.522199661263326e-05,0.0001248362285885,0.0002274508376276,3.375490721909399e-05,6.299841273204012e-05,0.0001402426818351,0.0002427639063235,0.0001548001746508,0.0001232416588485,6.126248819989229e-06,0.4440520051444966,8.014959536456298e-05,0.0001118566813506,0.0001096117092546,9.069152137049637e-05,0.0001838352249057,8.953128050211931e-05,0.0001360793254028,0.000105056285378,0.0001952025729436,0.0001117234906921,0.0001128671635536,0.0002384494183435,0.0001112648017854
uj0912,6.641956310136358e-05,6.695990115584082e-05,9.193723988584304e-05,6.930207545270898e-05,0.000229454556647,9.09629725094805e-05,9.180919160113756e-05,6.64702475807391e-05,4.998151671687185e-05,8.074460241363837e-05,5.472406950257816e-05,0.0001022517360474,7.86957166426374e-05,0.000100985927389,6.29461143349034e-05,9.841583827938502e-05,4.268915702017202e-05,6.550501193300305e-05,6.35311288272375e-05,9.63497544170429e-05,5.231977981763908e-05,5.9432713921647625e-05,3.117722931519169e-05,8.079991299267942e-05,0.2219425349308082,8.735475855306718e-05,0.0784977679226043,7.488859391350862e-05,7.699494762922862e-05,8.251991969459094e-05,6.421307749143643e-05,3.290587308150667e-05,5.835427375366317e-05,7.77742176788624e-05,8.24596423588973e-05,6.895687478919865e-05,5.5191236554112846e-05,7.235582184422011e-05,0.0001318318606047,1.956454533052696e-05,3.651425535396059e-05,8.128549393513531e-05,0.0001407074064536,0.0059285292446119,7.14315997226944e-05,3.5508103152766903e-06,0.5376378825458579,4.645518299177464e-05,6.48327989350797e-05,6.353159973305648e-05,5.25653461119232e-05,0.151915511660466,5.189286359208228e-05,7.887238774237296e-05,6.089124891365444e-05,0.0001131405742638,6.47556008358855e-05,6.541848044021627e-05,0.0001382067035154,6.448974201275083e-05
uj0913,7.42199715651835e-05,7.482376769340682e-05,0.0066272583640172,7.744101028876935e-05,0.0002564020278763,0.0001016457940687,0.0001025913943405,7.427660850229053e-05,5.585141750856857e-05,9.022736397763592e-05,6.115094247479464e-05,0.0001142603261383,8.793785413199105e-05,0.0001128458591011,7.033859600891304e-05,0.0001099739350515,0.3849946117425435,7.319801419989591e-05,7.099231543973788e-05,0.000107665207346,5.846428957136747e-05,6.641257682732053e-05,3.483872770622347e-05,9.028917031016804e-05,7.5876025956843e-05,9.761382630592782e-05,0.0028978475493925,8.36836174657565e-05,0.1566746105416137,9.221117705858606e-05,7.175435313017733e-05,3.677038586823862e-05,6.520748310394862e-05,8.690813301226086e-05,9.214382066639812e-05,7.705526876573466e-05,6.167297429286277e-05,8.085339302304521e-05,0.0001473143828202,2.1862233509446915e-05,4.080254171438787e-05,0.0066153556617911,0.0001572322854648,0.0001002603130725,7.982062893402421e-05,3.967822555999104e-06,0.391994079976352,5.191094610849864e-05,7.244685554630048e-05,7.099284164940959e-05,5.873869552238705e-05,0.0001190656098701,5.7987235693834654e-05,8.813527373830121e-05,6.80424042543448e-05,0.0001264279650848,7.236059119195149e-05,7.310132032486504e-05,0.0458261050789261,7.206350952847691e-05
uj0915,7.77719459989868e-05,7.84046382365113e-05,0.0001076510853404,8.114713524237471e-05,0.0207789845440165,0.0001065102969003,0.000107501151137,7.783129343231703e-05,5.8524320810719255e-05,0.1778505808651466,6.407746723211937e-05,0.0001197285276033,9.214633067884654e-05,0.0001182463678595,7.370481792283356e-05,0.0001152370010087,4.998555635556308e-05,7.670108041725303e-05,7.438982266212998e-05,0.0001128177836114,6.126223812171944e-05,0.1368050027978838,3.6506018430123305e-05,9.461017472215937e-05,7.950725483841979e-05,0.000102285369667,0.3995692254575331,8.768849733162238e-05,9.015486747596888e-05,9.662416370511626e-05,7.518832949068623e-05,3.853012071818207e-05,6.832814332509233e-05,9.106732978961364e-05,9.655358381151814e-05,8.074293313522794e-05,6.462448213266929e-05,8.472282572219255e-05,0.0001543644653044,2.290850303574542e-05,4.275524503597853e-05,9.517875080232994e-05,0.0001647570129251,0.0001050585103939,8.364063623508808e-05,4.15771220402193e-06,0.2603449420934975,5.4395268717676566e-05,7.591397326789513e-05,7.439037405482537e-05,6.154977642649706e-05,0.0001247637796927,6.0762353688733566e-05,9.235319827307096e-05,7.1298736414398e-05,0.0001324784780428,7.582358052633804e-05,7.659975902533187e-05,0.000161828891679,7.551228130859658e-05
uj0916,7.940047448643997e-05,8.004641516875216e-05,0.0001099052768349,8.284633949552718e-05,0.0002742987129115,0.0001087406005204,0.0001097522030402,7.946106464276746e-05,5.974980800182472e-05,9.65251718695845e-05,6.54192361624315e-05,0.0001222356182445,9.407585581284198e-05,0.0001207224223818,7.524818158833123e-05,0.0001176500400106,5.103224358243651e-05,7.830718520058403e-05,7.594753018539867e-05,0.0070951113234006,6.254505673587189e-05,7.104812897058619e-05,3.727044691668478e-05,9.659129224157908e-05,8.117212033458792e-05,0.0001044272041834,0.4149160536767188,8.952467635597607e-05,9.20426917817808e-05,9.864745373790224e-05,7.676275758203413e-05,3.933693348863e-05,6.97589205349251e-05,9.2974260867828e-05,9.857539591590862e-05,8.243367347973413e-05,6.597770544202727e-05,8.649690419552685e-05,0.0001575968253279,2.338820235816053e-05,4.365053103705196e-05,9.71717741874439e-05,0.0001682069907494,0.0001072584139044,8.53920538840604e-05,4.244773838907209e-06,0.2029771309851832,5.553429441070166e-05,7.7503596190075e-05,7.594809312414322e-05,6.283861603336802e-05,0.0001273763074727,6.203470482609737e-05,0.3490908449901672,7.279171723002236e-05,0.0001352525500131,7.741131064317798e-05,7.820374215964133e-05,0.021105011031349,7.709349288410774e-05
uj0918,3.91897925403253e-05,3.9508610299248064e-05,5.424608638809822e-05,4.0890572487819896e-05,0.0001353859623964,5.367123562763497e-05,5.417053356181577e-05,3.921969810035902e-05,2.949078824857244e-05,4.764205107029036e-05,3.22890550709502e-05,6.0331988581011433e-05,4.643313904866485e-05,5.9585118586639856e-05,0.0034822337834757,5.806867893673517e-05,2.518804896064676e-05,3.865017636578251e-05,3.748551845775395e-05,5.684961945854298e-05,3.087044269893247e-05,3.506731480818874e-05,1.8395621587872607e-05,4.76746861858601e-05,4.006422602064039e-05,5.154226714620813e-05,0.0325359688237403,4.418680765225959e-05,4.5429627708296896e-05,4.868954841422212e-05,3.78878912742135e-05,1.9415579976858453e-05,3.4430998571269734e-05,4.588942343943457e-05,4.865398274395247e-05,4.068689240086861e-05,3.256469945908596e-05,4.26923863204621e-05,7.778526425142784e-05,1.1543744596438044e-05,2.154464777045184e-05,4.796119539350635e-05,8.302213700789565e-05,5.293967090635992e-05,4.214706395589767e-05,2.0950983883072804e-06,0.4067969955288984,2.741013187774372e-05,3.8253547922272245e-05,3.748579630814156e-05,3.1015335132404284e-05,6.286928506029667e-05,3.061854766183118e-05,0.5547065817665958,3.592789986898356e-05,6.675677204511032e-05,3.820799842825779e-05,3.859911985333085e-05,8.154663754993854e-05,3.8051132715248464e-05
uj0921,7.672287263982169e-05,7.73470304300926e-05,0.0001061989693586,8.005253362656259e-05,0.0002650486077331,0.000105073569125,0.0001060510576323,7.678141952983976e-05,5.7734880543575134e-05,9.327007824306863e-05,6.321312003169226e-05,0.0001181134978258,9.090335984382005e-05,0.0136057487901911,7.271060645066636e-05,0.0001136825578711,4.931129631433496e-05,7.566645206828553e-05,7.338637109427447e-05,0.0001112959735332,6.043586582113225e-05,6.865219113065673e-05,3.601358518967524e-05,9.333396885470856e-05,7.84347737291979e-05,0.0001009056323469,0.0097401196489869,8.650565864507305e-05,8.893875968217221e-05,9.532079094399276e-05,7.417410678639854e-05,3.801038416470317e-05,6.740645834058e-05,8.983891370274046e-05,9.525116310945804e-05,0.2428834080478542,6.375275619493708e-05,8.357999126901454e-05,0.0001522822279877,2.259948800565389e-05,4.2178515368800006e-05,9.38948753567208e-05,0.0001625345895206,0.0001036413659083,8.251239954137085e-05,4.10162841889494e-06,0.5873160115448517,5.366152563662925e-05,7.488996228397608e-05,7.338691504918004e-05,6.071952549369349e-05,0.1417586041495834,5.994272437798122e-05,9.110743698090482e-05,7.033698081019267e-05,0.0001306914629413,7.480078885891946e-05,7.556649741049468e-05,0.0001596459659874,7.449368878666505e-05
uj0924,0.0003886695919481,0.00039183150632,0.0005379922396769,0.0004055372864505,0.0013427069486523,0.0005322910864934,0.0005372429352213,0.0003889661840212,0.0002924785228961,0.0004724959064278,0.0003202306785855,0.0005983499238754,0.0004605063726311,0.0005909427487634,0.0003683438949444,0.0005759032718553,0.0002498055763227,0.000383317882108,0.0003717672439308,0.000563813099409,0.0003061614157488,0.0003477844115451,0.0001824408416766,0.000472819569204,0.0003973418936355,0.0005111767794938,0.2543451994641885,0.0004382281044744,0.0004505539253765,0.0004828845902876,0.0003757578258718,0.0001925564045606,0.0003414736669323,0.0004551140061429,0.0004825318633744,0.0004035172641143,0.0003229644157378,0.0004234069969467,0.0007714449339089,0.000114486508119,0.0002136716965008,0.0004756610595413,0.0008233822641524,0.0005250357033115,0.0004179986952646,2.077839618152152e-05,0.7202468635417568,0.0002718433572008,0.0003793842706928,0.0003717699995462,0.0003075984042947,0.0006235138740607,0.000303663215709,0.0004615402048492,0.0003563193698272,0.0006620685047987,0.0003789325279786,0.0003828115228605,0.0008087488166379,0.000377376792959
uj0926,0.0002218842756669,0.000223689354054,0.0003071298112538,0.0002315137302329,0.0007665265431273,0.0003038751284312,0.00030670204721,0.0002220535945914,0.0001669705748671,0.0002697391669563,0.0001828137668505,0.0003415868959262,0.0002628945640412,0.0003373582767635,0.0002102807114815,0.0003287725177813,0.0001426093795558,0.0002188290835807,0.0002122350380507,0.000321870462124,0.0001747818851228,0.0001985436829703,0.0001041520994852,0.0002699239400441,0.0002268351321737,0.0588079818517604,0.1256955795475335,0.0002501763131271,0.0002572128961259,0.0002756698742746,0.0002145131874141,0.000109926887094,0.0001949409956843,0.0002598161618272,0.0002754685090089,0.0002303605368723,0.0001843744067885,0.0002417152171821,0.0004404036331202,6.53582283098115e-05,0.000121981216413,0.000271546094281,0.0004700536935826,0.0002997331644717,0.0002386277178609,1.1862001766459498e-05,0.4501863760976016,0.000155190340734,0.000216583457636,0.0002122366111806,0.0001756022352845,0.0003559525292956,0.0001733557089624,0.3318550608717797,0.0002034161326692,0.0003779626543276,0.0002163255660823,0.0197239268425805,0.0004616997292655,0.0002154374257567
uj0927,4.527255113438971e-05,4.564085349982149e-05,0.2547708990670187,4.723731395016793e-05,0.1036316193756176,6.200169998087503e-05,6.257849536026459e-05,4.53070984210189e-05,3.406813694160659e-05,5.50367086278284e-05,3.730073067563589e-05,6.96962872478269e-05,5.364015795051356e-05,6.883349344823901e-05,4.2904997366349e-05,6.708168290926044e-05,2.90975573135026e-05,4.464917960646457e-05,4.330375184894226e-05,6.567340975993133e-05,3.566193146316327e-05,4.051021196822821e-05,2.125085806792416e-05,5.507440913203207e-05,4.6282707909536e-05,5.954228827718396e-05,0.0176868878847365,5.104516710171285e-05,5.248088877540883e-05,5.62467909985756e-05,4.37685780888237e-05,2.242912708460235e-05,3.97751312876169e-05,5.3012050703043055e-05,5.620570507998456e-05,4.7002020100575055e-05,3.761915860923475e-05,4.93187924062993e-05,8.985853522192572e-05,1.3335481860150676e-05,2.488865351498234e-05,5.540538824452141e-05,9.590823781750658e-05,6.115658702912971e-05,4.868882901445266e-05,2.420284537577486e-06,0.4699371083030817,3.166453600790655e-05,4.419098933991249e-05,4.330407282527474e-05,3.58293130612309e-05,7.262740469335432e-05,0.1512683844562477,5.376057957063986e-05,4.150437087147413e-05,7.711827953335647e-05,4.413836998004236e-05,4.459019846824259e-05,9.420372191351468e-05,4.395715669583986e-05
uj0928,6.883090496501059e-05,6.939085982680249e-05,9.527499317739308e-05,7.181806604303718e-05,0.000237784833939,9.426535532279624e-05,9.51422961389912e-05,6.888342952886197e-05,5.1796080349036e-05,8.367601043519373e-05,5.671081005881025e-05,0.000105963953958,8.155274049478915e-05,0.0001046521905046,6.52313537065931e-05,0.0001019887950982,4.423897377053888e-05,6.788315129702885e-05,6.583760697061338e-05,9.984770269507295e-05,5.421923337439512e-05,6.159040036909858e-05,3.230910906160787e-05,8.37333290478399e-05,7.036671426330834e-05,9.052614626554469e-05,0.0208397832375905,7.760740134284561e-05,7.979022558407348e-05,8.551578006543809e-05,6.654431357187268e-05,3.41005107095832e-05,6.047280776163585e-05,8.059778679381169e-05,0.0303393643491831,0.1936964909557184,5.719493746684356e-05,7.498267776053028e-05,0.0001366179758634,2.0274830147166333e-05,3.783989419353758e-05,8.42365388574557e-05,0.0001458157456817,9.298047325167975e-05,7.402490203839532e-05,3.679721394532503e-06,0.66607074067213,4.814172415978104e-05,6.718653381242276e-05,6.583809497252366e-05,5.447371487766374e-05,0.0848213712264362,5.3776818086229546e-05,8.173582558460531e-05,6.310188702657259e-05,0.0001172481081056,6.710653305991846e-05,6.779347830494069e-05,0.0001432242554905,6.683102231376428e-05
uj0931,0.0001691080033304,0.0001704837348958,0.0002340774666807,0.0001764470445037,0.0005842044138478,0.0002315969262641,0.0002337514484303,0.0001692370489114,0.0001272557978515,0.0002055803720515,0.0001393306082663,0.0002603387633499,0.000200363791791,0.0002571159421685,0.000160264404274,0.0002505723484227,0.0001086890333277,0.000166779503792,0.0447595562000043,0.0002453119808388,0.0001332091493307,0.0001513190860418,7.937900751954097e-05,0.0002057211959466,0.0001728812741317,0.0002224102073327,0.0214685937761015,0.0001906706397573,0.0001960335366891,0.0002101004313028,0.0001634901648736,8.378023333526996e-05,0.0001485733157446,0.1042595563387041,0.0002099469617614,0.0001755681438872,0.0001405200422767,0.0001842220573287,0.0152015855560199,4.981245046530046e-05,9.296738080892083e-05,0.0002069575127756,0.0003582490978278,0.0002284401489171,0.0001818689349908,9.040565980616838e-06,0.8039512773232115,0.0001182775506683,0.0001650680110843,0.0001617550835564,0.0001338343751493,0.0002712874597746,0.0001321221962234,0.0002008136065072,0.0001550325994823,0.0002880623677126,0.0001648714603122,0.0001665591896663,0.0003518821652396,0.0001641945685554
uj0932,0.0001770018990329,0.0001784418492117,0.000245004111617,0.0001846835237885,0.0006114748482509,0.0002424077805403,0.0002446628749617,0.0001771369684113,0.00013319604891,0.0002151767837145,0.00014583450677,0.0002724912753821,0.0002097166955201,0.0002691180141637,0.0001677454842185,0.0002622689680115,0.0001137625950528,0.0001745647060433,0.0001693044929092,0.0002567630485185,0.0001394273005165,0.0001583826020168,8.308438866051872e-05,0.0002153241812141,0.000180951304645,0.0002327922291488,0.0224707393683313,0.0001995710709263,0.0002051843057973,0.0002199078375703,0.000171121822066,8.769106198238808e-05,0.000155508660232,0.0002072609873081,0.0002197472041306,0.0001837635964337,0.0001470794630965,0.0001928214711827,0.0003513195298269,5.213767624359677e-05,9.73070619203365e-05,0.0002166182088309,0.0003749720261226,0.0002391036460569,0.000190358506011,9.462576077935026e-06,0.6080813579392622,0.0001237987006466,0.0779721239047696,0.000169305747829,0.0001400817116327,0.0002839510526897,0.0001382896088617,0.0002101875074119,0.0001622694608177,0.0003015090067939,0.0001725675958374,0.0001743341077401,0.2804459699872897,0.0001718591070372
uj0935,3.7509867556182814e-05,3.781501874828077e-05,5.192075241952597e-05,3.9137741204839904e-05,0.0001295824547484,0.0956763974115795,5.184843827026289e-05,3.753849117277645e-05,2.8226624578151e-05,4.559980826417142e-05,3.090493979980589e-05,5.774577394729143e-05,4.4442717938378295e-05,5.703091957438966e-05,3.554826773363847e-05,5.5579484219983545e-05,2.410832819643872e-05,3.6993382779759295e-05,3.5878649553410616e-05,0.0330285598773337,2.9547138220907664e-05,0.2506370827944938,1.7607067673674172e-05,4.563104443010524e-05,3.834681722871707e-05,4.933283615141106e-05,0.0014645367747178,4.229267866272365e-05,4.348222350785541e-05,0.0066414318423592,3.626377409924932e-05,1.858330412719226e-05,3.29550659117811e-05,4.392230945523893e-05,4.656836207868613e-05,3.894279214820703e-05,3.1168768307725096e-05,4.0862317780583785e-05,7.445089067239857e-05,1.1048905922868604e-05,2.0621106467524814e-05,4.590527202192981e-05,7.946327759181295e-05,5.067033825509968e-05,4.0340371417913234e-05,2.0052890808675314e-06,0.6102858625292525,2.623515843758884e-05,3.661375636633093e-05,3.587891549335476e-05,2.9685819638621942e-05,6.017430568271276e-05,2.930604101504705e-05,4.4542491397321e-05,3.438780045264778e-05,6.389515012904915e-05,3.6570159414752914e-05,3.69445148757516e-05,7.805102747106424e-05,3.642001796878758e-05
uj0936,0.0001112327484978,0.0001121376518743,0.0001539671657611,0.0001160600878606,0.0003842672218765,0.0001523355615622,0.0001537527234796,0.0001113176297238,8.370397543906663e-05,0.0001352228715977,9.164632188969438e-05,0.0001712408379121,0.0001317916054914,0.00016912098994,0.0001054157687554,0.0001648168653387,7.149147095659754e-05,0.0001097011509481,0.0001063954916993,0.0001613567976131,8.761986135076062e-05,9.953188204661624e-05,5.221246189145823e-05,0.0001353155001463,0.000113714661085,0.0001462928907466,0.0141212162941437,0.0001254158224351,0.0001289433300273,0.0001381959929402,0.0001075375501639,5.510741916492731e-05,9.77258198207574e-05,0.0001302483724785,0.0001380950465713,0.0001154819807971,9.242868589095328e-05,0.0001211741926286,0.0002207786307216,3.276471642706539e-05,6.11503718592038e-05,0.0001361287018647,0.0002356424948168,0.0001502591546874,0.0001196263991473,5.946537018921146e-06,0.5679212289283222,7.779842933114207e-05,0.0001085753967901,0.0001063962803246,8.803111087689759e-05,0.0001784424698384,8.690490535090632e-05,0.4108181841206385,0.0001019744885373,0.0001894763598909,0.0001084461132424,0.0001095562367794,0.0002314545711388,0.0001080008798469
uj0937,0.0001952282569615,0.0001968164826531,0.0002702328388606,0.0002037008791189,0.0006744400452878,0.0002673691566438,0.0002698564641562,0.0001953772347942,0.0001469116015417,0.0002373341114003,0.0001608514751372,0.0003005504292367,0.0002313117833526,0.000296829814308,0.00018501868441,0.0002892755035947,0.0001254770330766,0.0001925400997053,0.0001867382283862,0.0002832026248772,0.0001537845017561,0.0001746916812401,9.163980989764994e-05,0.0002374966868139,0.0001995843434096,0.0002567634662634,0.0247846113713062,0.0002201214367176,0.000226312681364,0.000242552334498,0.0001887426927764,9.672084466582522e-05,0.0001715218019997,0.0002286032043122,0.0002423751602043,0.0002026862243893,0.0516485590348066,0.000212676812675,0.0003874958394196,5.750643191214638e-05,0.0001073270297806,0.0002389239639079,0.000413583896383,0.0002637247866145,0.1889931863879198,1.0436962790533e-05,0.7221834526290153,0.0001365465832479,0.00019056425154,0.0001867396125284,0.0001545062993315,0.0003131902503976,0.0001525296589554,0.0002318310760014,0.000178978780265,0.0003325561938949,0.0001903373417315,0.0001922857560794,0.0004062335337336,0.0001895558979488
uj0938,0.000106047937372,0.0001069106611463,0.000146790406355,0.0001106502634795,0.1215582627948657,0.0001452348549348,0.0001465859597155,0.0001061288620913,7.980234297031101e-05,0.0001289198263293,8.737447860804334e-05,0.0001632589134017,0.0001256484993319,0.0001612378763598,0.0001005021002715,0.0001571343767851,6.815909106830402e-05,0.0001045877310639,0.000101436156103,0.4849214641556666,8.353570054285664e-05,9.48924748902366e-05,4.9778720417163794e-05,0.0001290081372507,0.0001084141623747,0.0001394738467347,0.0507528119015116,0.0001195699060095,0.0001229329884584,0.0001317543637311,0.0001025249806279,0.0093749931326354,9.31705973280576e-05,0.000124177199916,0.0001316581227018,0.0001100991032997,8.812037484569023e-05,0.0001155259882051,0.0002104876371396,3.1237478553704537e-05,5.830001409458328e-05,0.0001297834337894,0.0002246586627589,0.0001432552341021,0.0001140503408946,5.669355418071499e-06,0.3270326790477214,7.417206778374412e-05,0.0001035144508649,0.0001014369079687,8.392778079423074e-05,0.000170124860902,8.285407026651943e-05,0.0001259305789609,9.722122594286396e-05,0.0001806444362704,0.0001033911935171,0.0001044495716738,0.0002206659477184,0.0001029667134617
uj0939,6.381148295164398e-05,6.433060368868917e-05,0.0113073976041091,6.658080842108545e-05,0.0002204446227283,8.739115252326029e-05,8.820414334432638e-05,6.386017721641427e-05,4.801890516817476e-05,7.757402457604209e-05,5.257523333568354e-05,9.823664304460324e-05,7.560559188330415e-05,0.2413070350097471,6.04744252175224e-05,9.455136850196776e-05,4.101289271137702e-05,6.2932843232211e-05,6.103646809406273e-05,9.256641303098238e-05,5.026535228441607e-05,5.709898460779386e-05,2.9953000953795893e-05,7.762716328859487e-05,6.523529495738649e-05,8.39246213897421e-05,0.002491458102111,7.194796247743368e-05,7.397160653567108e-05,7.927963092329219e-05,6.169163885291003e-05,3.161376650347789e-05,5.606289127654616e-05,7.472027718577825e-05,7.922172048246146e-05,0.1851809114312393,5.302405625701293e-05,6.951464412703812e-05,0.0001266552523482,1.879630928782723e-05,3.508045934381337e-05,7.80936770472578e-05,0.0001351822843878,8.619996913815733e-05,6.86267132013067e-05,3.411381546608644e-06,0.5557933386224684,4.46310390956828e-05,6.228702585169923e-05,6.103692050894227e-05,5.050127598926332e-05,0.0001023680415679,4.9855199670082805e-05,7.577532568374514e-05,5.850024767594717e-05,0.0001086979120106,6.22128590706996e-05,6.284970954961937e-05,0.0001327797759181,6.195743965858886e-05
uj0941,6.924992115577338e-05,6.98132848083302e-05,9.585499085047955e-05,7.225526692651533e-05,0.0002392323769488,0.1035843290890269,9.572148600332396e-05,6.93027654690553e-05,5.2111395050990425e-05,8.418539794315408e-05,5.70560437531514e-05,0.000106609021931,8.20492023484545e-05,0.000105289272964,6.562845720773595e-05,0.3775348668816981,4.450828370162302e-05,6.829639792640142e-05,6.623840110946404e-05,0.0001004555372725,5.454929930402609e-05,6.196533914061892e-05,3.2505794544863044e-05,8.424306548956398e-05,7.079507987294391e-05,9.10772347771937e-05,0.234033244673926,7.807984548261405e-05,8.027595792191413e-05,8.603636738637108e-05,6.694940986987987e-05,3.43081015600574e-05,6.084094305734193e-05,8.10884352550432e-05,8.597352143332116e-05,7.189535611688642e-05,5.754311834344914e-05,7.543914358826249e-05,0.0001374496537829,2.0398255548894624e-05,3.807024897867229e-05,8.474933864779748e-05,0.0001467034161016,9.354650276614054e-05,7.447553729430957e-05,3.702122129240104e-06,0.2683427988453417,4.8434792540684045e-05,6.75955397013174e-05,6.623889208214309e-05,5.48053299932334e-05,0.0001110925256638,5.410419076100826e-05,8.223340199018537e-05,0.0122387201309523,0.0001179618696879,6.751505193486799e-05,6.820617903947754e-05,0.0001440961499104,6.723786398479753e-05
uj0942,6.310352011443539e-05,6.361688141488934e-05,8.73472090978398e-05,6.584212102732664e-05,0.04459639627362,0.0333702196294439,8.722555371300683e-05,6.315167413584745e-05,4.748615465416032e-05,0.1720430032800338,5.199193218614842e-05,9.7146746848641e-05,7.476677813282132e-05,9.594413456983908e-05,5.980348569887807e-05,9.350235895054682e-05,0.0166824568944709,6.223462855066155e-05,6.035929293488628e-05,9.153942576523746e-05,4.970767833968841e-05,5.646549425034053e-05,2.9620684408915864e-05,7.676592101331511e-05,6.4511535496426e-05,8.299351133991355e-05,0.0690314124661626,7.114972865977579e-05,7.315092119796223e-05,7.840005518166842e-05,6.100719483665904e-05,3.126302443021166e-05,0.1720217308041398,7.389128564716217e-05,7.834278723397682e-05,6.551415474757113e-05,5.243577559698705e-05,6.874340700156624e-05,0.0001252500630679,1.85877717670405e-05,3.469125570241786e-05,7.722725898873493e-05,0.0112282818400183,8.524361501668066e-05,6.786532731370532e-05,3.37353363512274e-06,0.4719648387672522,4.413587559839045e-05,6.159597625523912e-05,6.035974033040399e-05,4.994098456555348e-05,0.005648531983618,4.930207620428308e-05,7.493462880475045e-05,5.785121086617025e-05,0.0001074919522268,6.152263232495968e-05,6.215241720297067e-05,0.0001313066375026,6.127004668889224e-05
uj0943,0.00013186295058,0.0001329356852812,0.0001825232680472,0.0001375856106817,0.0004555367944433,0.0001805890522093,0.0001822690534175,0.0001319635746234,9.92284495863796e-05,0.0001603024925265,0.0001086438533379,0.0002030006670861,0.000156234833684,0.0002004876534983,0.0001249671027056,0.0001953852481613,8.475090680534066e-05,0.0117218459958062,0.0001261285336679,0.0001912834458983,0.0001038706100779,0.0001179919387113,6.189624346275972e-05,0.000160412300779,0.000134805180465,0.0001734256546137,0.4224532157630961,0.0001486765419272,0.0001528582920464,0.0001638270350551,0.0812700733524486,6.532812492786727e-05,0.3246862146848363,0.0001544053791281,0.0001637073662864,0.0001369002828068,0.0001095713214355,0.0001436482222182,0.0002617261738573,3.8841548386932086e-05,7.249185668172408e-05,0.0001613763260274,0.0002793468206818,0.0001781275366861,0.0001418133613693,7.0494339808878335e-06,0.1516219442130306,9.22276090507133e-05,0.0001287127430949,0.0001261294685586,0.0001043581335517,0.0002115379768948,0.0001030230520615,0.0001565855793289,0.0001208875724461,0.0002246183090663,0.0001285594814854,0.0001298754982797,0.0002743821679115,0.0001280316711955
uj0944,8.732419367045365e-05,8.803459558689923e-05,0.0001208732031113,9.111393655753376e-05,0.0003016721762026,0.0001195922986746,0.000120704853416,8.739083038238625e-05,6.571250158731516e-05,0.0001061578391934,7.194770667770916e-05,0.000134434042996,0.0001034640952191,0.0001327698387273,8.275752537840432e-05,0.0001293908499372,5.61249734444787e-05,8.612180028485467e-05,8.352666501804095e-05,0.0001266744950124,0.1766280311856794,7.813833121627499e-05,4.098982714886379e-05,0.0001062305580053,8.927263977433112e-05,0.0001148484497298,0.3642044671846366,9.845873374130832e-05,0.0001012280328938,0.0001084919128131,8.442324750737371e-05,4.3262537416568224e-05,7.672046705557054e-05,0.0001022525673165,0.1766676571493392,9.066008880262544e-05,7.256190803917269e-05,9.512880700926807e-05,0.0078498129896185,2.572221294063633e-05,4.800660765256062e-05,0.0001068689687729,0.0001849930989951,0.0001179621982004,9.391369887295797e-05,4.668378308738086e-06,0.2692920363130482,6.107630353393292e-05,8.523801762689182e-05,8.352728413489475e-05,6.910955522587249e-05,0.000140087743993,6.822541821772982e-05,0.000103696371082,8.00559197424561e-05,0.000148749991082,8.513652250331297e-05,8.6008034212302e-05,0.0001817053347056,8.478698832578487e-05
uj0946,0.0001123311494814,0.0001132449885965,0.0001554875605064,0.000117206157848,0.0003880617832821,0.0001538398445447,0.0495292637525686,0.0001124168688925,8.453053533439367e-05,0.3951285001855588,9.255131085623871e-05,0.0001729318066901,0.0001330930210463,0.0001707910256463,0.0001064567282359,0.0001664443986817,7.219743483036455e-05,0.0001107844277145,0.0001074461257465,0.0001629501634843,8.848508983061192e-05,0.0001005147393311,5.272804943445596e-05,0.000136651713451,0.0001148375704554,0.000147737503572,0.2808802213206924,0.0001266542784167,0.0001302166194357,0.000139560650531,0.0001085994618084,5.565159382781252e-05,9.869084260465848e-05,0.0001315345489183,0.000139458707337,0.0001166223420937,9.334140054440312e-05,0.0001223707633703,0.0199725558759915,3.30882614013431e-05,6.175421946259449e-05,0.0001374729453725,0.000237969416983,0.0001517429335703,0.0001208076857402,6.005257874055391e-06,0.2476609844938163,7.856667314832334e-05,0.0001096475569609,0.0001074469221593,8.890040036297344e-05,0.0001802045532809,8.776307378428668e-05,0.0001333918135524,0.0001029814660689,0.0001913474007749,0.0001095169967643,0.0001106380825475,0.0002337401384023,0.0001090673667786
uj0947,0.0002135533926036,0.000215290697387,0.0002955982931456,0.000222821298972,0.0007377464820956,0.0002924658108797,0.0002951865899615,0.0002137163542676,0.000160701485586,0.0002596115206833,0.0001759498279373,0.0003287616496245,0.0002530239057243,0.0003246917985028,0.0002023854966785,0.0003164284010484,0.0001372549574759,0.0002106129109806,0.000204266445961,0.000309785490472,0.0001682195118218,0.0001910891474887,0.0001002415972246,0.0002597893562674,0.0002183183638939,0.0002808646154539,0.1209762042261903,0.000240783175179,0.0002475555621236,0.0002653195532357,0.0002064590597636,0.0001057995642401,0.0189606578923191,0.0002500610854225,0.0002651257484448,0.0002217114034927,0.0001774518719753,0.0002326397601544,0.2820194106868401,6.290428354228376e-05,0.0001174013008386,0.000261350604984,0.000452405023604,0.0002884793613985,0.000229668184306,1.1416630190148906e-05,0.4332836458583373,0.0001493635529757,0.00020845159947,0.000204267960026,0.0001690090610571,0.0003425879098844,0.0001668468829747,0.0002535919418715,0.0001957786558388,0.1317750247986823,0.0002082033907312,0.0002103346933442,0.0004443647178354,0.0002073485965865
uj0948,9.228306302733526e-05,9.303380645907528e-05,0.0001277372163679,9.62880136258558e-05,0.0003188032008078,0.0001263835733522,0.000127559306617,9.235348383088046e-05,6.944411016895417e-05,0.0001121862127018,7.603339316327147e-05,0.0001420681341718,0.0001093394993856,0.0001403094249188,8.745706784654365e-05,0.0001367385538649,5.931213612267e-05,0.4300488917873076,8.826988453408468e-05,0.0001338679455925,7.269288313623923e-05,8.257556401487975e-05,4.331751194329148e-05,0.0001122630609889,9.434215532526196e-05,0.0001213703359804,0.2632003138200668,0.0001040498989974,0.0001069764580355,0.0001146528311028,8.921738115437463e-05,4.571928235836037e-05,8.107718375842673e-05,0.0001080591725815,0.0001145690820248,9.580839326853448e-05,7.668247310972153e-05,0.0001005308760832,0.0164079922731024,2.7182897410553893e-05,5.073275358772393e-05,0.0001129377251183,0.0083079111005362,0.0731363762739878,9.924676573516124e-05,4.93348099298268e-06,0.2034601652965338,6.454463684793975e-05,9.007841953482656e-05,8.827053880865898e-05,7.303407191789722e-05,0.0001480428912639,7.209972751896536e-05,0.0001095849654722,8.460204642924806e-05,0.0001571970404232,8.997116081885674e-05,9.089216296716408e-05,0.0001920238155112,8.960177768253185e-05
uj0949,6.453551139995505e-05,6.506052227094389e-05,0.4596171572676943,6.733625865008176e-05,0.0002229458681272,8.838272453554967e-05,8.920493984812482e-05,6.458475816768142e-05,4.856374524695581e-05,7.84542078603829e-05,5.317177118202184e-05,0.0057725343326022,7.646344060962806e-05,9.812136912587625e-05,6.116059018701427e-05,9.5624182946259e-05,4.1478240007773006e-05,6.364690231257667e-05,6.172901020780768e-05,9.361670544376535e-05,5.0835681374650086e-05,5.774685059230711e-05,3.029285866904866e-05,7.850794950422351e-05,6.597547849800256e-05,8.487686087061978e-05,0.0195392762798307,7.276431040138263e-05,7.481091546600394e-05,8.017916664170767e-05,6.239161477395682e-05,3.197246787269895e-05,5.669900136678727e-05,7.556808080741148e-05,8.012059912781302e-05,6.700084991935518e-05,5.362568661254025e-05,7.030338273009387e-05,0.0001280923292125,1.90095790947357e-05,3.547849507923089e-05,7.897975649879285e-05,0.0001367161120796,8.717802554764176e-05,6.940537701498869e-05,3.4500883306158383e-06,0.4656554612993815,4.51374392056355e-05,6.299375725161814e-05,6.172946775595209e-05,5.107428195622922e-05,0.0454889940319596,5.0420875018588994e-05,7.6635100271912e-05,5.9164012904263925e-05,0.0001099312383169,6.291874894716723e-05,6.356282536478535e-05,0.0001342863438691,6.266043145289221e-05
uj0950,7.724384753357024e-05,7.78722435715407e-05,0.0001069200971641,8.059611807231435e-05,0.0410089276962629,0.0001057870550729,0.0136874642866093,7.730279197726113e-05,5.812692039064889e-05,9.39034143973432e-05,6.36423590233894e-05,0.0001189155294086,9.152062515997087e-05,0.0001174434340431,7.320433666652857e-05,0.0001144545018361,4.9646137105275706e-05,7.618025350024787e-05,7.38846899862549e-05,0.0001120517117634,6.084624629427455e-05,6.911836330004101e-05,0.2920211598990953,9.39677388483776e-05,7.896737302460738e-05,0.0001015908165596,0.2203070015727906,8.709306204604887e-05,8.954268468238783e-05,9.596805214818678e-05,7.467777467672048e-05,3.826848784578549e-05,6.78641715526075e-05,9.04489510607066e-05,9.589795151652584e-05,8.019466063755246e-05,6.418565950319507e-05,8.414752837460877e-05,0.1767023266491528,2.275294636112749e-05,4.246492210523557e-05,9.453245409992222e-05,0.0001636382557103,0.0001043451267,8.307268732915752e-05,4.129479897289934e-06,0.204254337291248,5.40259059922524e-05,7.539849108120828e-05,7.388523763480279e-05,6.113183211431553e-05,0.0001239165903913,6.034975624982498e-05,9.172608805153996e-05,7.081459328536951e-05,0.0476640047726678,7.530871213769222e-05,7.607962011569107e-05,0.0001607300174222,7.499952674952082e-05
uj0952,0.0001194057987307,0.0001203771917054,0.000165280213375,0.0001245878365761,0.0004125020299674,0.0001635287237714,0.000165050014515,0.0001194969167758,8.985429362499685e-05,0.0001451586444446,9.838021997798912e-05,0.0316739720155024,0.0001414752591501,0.0001815474953072,0.0001131614046856,0.0001769271164818,7.674445077812759e-05,0.0001177616639662,0.0001142131147461,0.0001732128133111,9.405790714114914e-05,0.2940149017007041,5.604887769152963e-05,0.0001452580790624,0.0001220700748441,0.0001570420555468,0.1201259641437093,0.0001346310025921,0.0001384177009094,0.000148350221866,0.0001154390882566,5.91565477814822e-05,0.0001049064212644,0.0001398186339833,0.0001482418582593,0.0001239672519317,9.9220069750022e-05,0.0001300777104924,0.0002370007852904,3.517216995888624e-05,6.564351859625262e-05,0.0001461310324149,0.0002529568017376,0.0001612997487193,0.0001284161897675,6.383470803474805e-06,0.5466700872657961,8.351482562226504e-05,0.000116553192754,0.0001142139613172,9.449937405452832e-05,0.0001915538897158,9.329041830919244e-05,0.0001417928696972,0.0001094672694723,0.0002033985170636,0.0001164144098373,0.0001176061019371,0.0002484611619324,0.0001159364620213
uj0953,0.0002896906029186,0.0002920473009978,0.0004009865950573,0.0003022627533814,0.0010007718472356,0.0003967373032751,0.0004004281092277,0.0002899116645563,0.0002179956482159,0.0003521696238793,0.0002386804120372,0.000445973530718,0.0003432333568128,0.0004404526742667,0.0002745410683481,0.6625478570417386,0.0001861898371175,0.0002857017648867,0.00027709262384,0.0004202318886913,0.0002281940418188,0.0002592172836605,0.0001359802735207,0.0003524108623675,0.0002961544075398,0.000380999986923,0.0113106915301459,0.000326628494822,0.0003358154097816,0.0003599127150632,0.0002800669601721,0.0001435197969911,0.0002545136396152,0.0003392142157956,0.0003596498139404,0.0003007571519641,0.000240717972938,0.0003155817454375,0.0005749879914776,8.533125886391374e-05,0.0001592578474578,0.0003545287359189,0.0006136989089867,0.0003913295832684,0.000311550727299,1.5486948920645803e-05,0.3076331683781726,0.0002026154545618,0.0002827698909092,0.0002770946777076,0.0002292650854169,0.0004647292040508,0.0002263320359127,0.0003440039122789,0.000265578720886,0.0004934654737647,0.0002824331894487,0.0002853243555942,0.0006027920299278,0.0002812736394732
uj0954,0.0001797995567835,0.0001812622665361,0.0002488765991753,0.0001876025958129,0.0006211397013279,0.0002462392309922,0.0002485299689994,0.0001799367610423,0.0001353013198739,0.0002185778263021,0.0001481395387521,0.0002767982197296,0.0002130314370107,0.0002733716413974,0.0001703968368685,0.0634896399865524,0.0001155607046071,0.0001773238419933,0.0001719804869487,0.000260821395557,0.0001416310614369,0.0001608859667632,8.439760442350482e-05,0.0002187275535381,0.0001838113859361,0.0002364716980568,0.4495826806352423,0.0002027254526387,0.0002084274092134,0.0002233836582794,0.0001738265404584,8.907708993210067e-05,0.0001579666000109,0.0002105369143501,0.0002232204858986,0.0001866681282645,0.0001494041726173,0.0001958691700282,0.000356872418304,5.296175426104859e-05,9.884507850352132e-05,0.0002200420343049,0.0003808987613773,0.0002428828719987,0.0001933672757058,9.612139723576973e-06,0.2857706395237682,0.000125755438943,0.0001755041431961,0.0001719817617035,0.0001422958160485,0.0002884391280589,0.0001404753876481,0.0002135096904642,0.0001648342605018,0.0003062745997867,0.0001752951658501,0.1898467665369122,0.0003741292907734,0.0001745754788131
uj0955,2.306158296332084e-05,2.324919411716943e-05,3.192159336866477e-05,2.4062422093079944e-05,7.966907711140928e-05,3.1583317311441193e-05,3.187713363416546e-05,2.3079181156857395e-05,1.7354117380141028e-05,2.803538988295828e-05,1.9000782450168403e-05,3.5502896795675955e-05,2.732399482126241e-05,0.0162534311093656,2.185556438752383e-05,3.417103204851116e-05,1.4822132069018624e-05,2.27440410124477e-05,2.2058687678610807e-05,3.3453665625491086e-05,1.816598734691756e-05,2.0635674172497703e-05,1.0825067598254208e-05,2.8054594307795545e-05,2.357615114408989e-05,3.033050681977553e-05,0.2299848613437158,2.6002121075490287e-05,2.6733469622469493e-05,2.865179903786981e-05,2.2295467551314104e-05,1.1425271209501415e-05,2.0261228207428708e-05,2.70040405214836e-05,2.8630870101981065e-05,2.394256472924292e-05,0.5291434096857996,2.512271551369912e-05,4.577343253379844e-05,6.793019469143962e-06,1.267814014229727e-05,2.822319320647792e-05,4.885511701624032e-05,3.115282152620927e-05,2.480181570441289e-05,1.23287933327414e-06,0.2069465849071916,1.6129736580863893e-05,2.251064146724182e-05,2.2058851182149603e-05,1.825125059172369e-05,3.699599153965473e-05,1.801775746562428e-05,2.738533691737881e-05,2.1142093127282743e-05,3.928361792927802e-05,2.2483837461222373e-05,2.271399635231049e-05,4.798684619987916e-05,0.016240759243313
uj0956,3.007270423580401e-05,3.031735243493241e-05,4.1626311499877376e-05,3.137781582266843e-05,0.0080347771742871,4.1185193653148536e-05,4.156833523484271e-05,3.009565258545334e-05,2.263007010734949e-05,3.655863474014755e-05,2.4777349923532235e-05,4.629639329393606e-05,3.56309632390534e-05,4.5723274657999885e-05,2.8500035092037378e-05,4.455961855963945e-05,1.932831733903823e-05,2.9658624023432807e-05,2.8764911387215257e-05,4.362416029979272e-05,2.3688762627617257e-05,2.690927709008323e-05,0.4494310639659531,3.658367764327647e-05,3.0743710069793606e-05,3.955150703938503e-05,0.1597919061855932,3.390721694388775e-05,3.4860908135926534e-05,3.736244297106473e-05,2.9073676448664977e-05,1.4898751852535735e-05,2.642099305608088e-05,3.5213737281861935e-05,3.733515127560942e-05,3.122151974104701e-05,2.498886857727699e-05,3.2760456836174024e-05,5.9689350060479584e-05,8.858215226965845e-06,1.653251467454679e-05,3.680353353186059e-05,6.370792008387907e-05,0.0476259477139189,3.2341997918183045e-05,1.607696037473117e-06,0.3333090351681601,2.10334563056334e-05,2.93542669676786e-05,2.876512459866616e-05,2.379994737791468e-05,4.824341474095131e-05,2.349546829105196e-05,3.5710954396496785e-05,2.7569656192024227e-05,5.122651923670857e-05,2.9319314078857416e-05,2.96194452654261e-05,6.257567987736163e-05,2.919894150512629e-05
uj0957,0.0001856688485367,0.0001871793062951,0.0329005281806982,0.0001937266062843,0.0006414158921697,0.000254277348069,0.0002566428638451,0.0001858105316266,0.0001397180322126,0.0002257129775578,0.0001529753358402,0.0002858338899917,0.0002199855345558,0.0002822954560559,0.0001759591906768,0.0002751110443655,0.000119333013631,0.0001831123176831,0.0001775945366818,0.000269335525922,0.0164680180845904,0.0001661378522229,8.715263993358793e-05,0.0002258675924189,0.0001898116379441,0.0002441909684049,0.2031104262047221,0.0002093431265008,0.0002152312150511,0.0002306756888427,0.0001795008518897,9.198488035546792e-05,0.0001631231870421,0.0002174095818764,0.0002305071899399,0.0001927616344188,0.0001542812518156,0.0002022630306412,0.3594473230787604,5.46906127359089e-05,0.0001020717305291,0.0002272249824746,0.00039333264052,0.0002508114256789,0.000199679465663,9.925913869741716e-06,0.3767080196456318,0.0001298605400563,0.0001812332174983,0.0001775958530491,0.0001469408534145,0.0002978547986306,0.0001450609998098,0.0002204793998889,0.0001702150321963,0.000316272483068,0.0001810174183946,0.0001828704280668,0.0003863421905172,0.0001802742382341
uj0958,5.049782463684128e-05,5.090863577508924e-05,6.989854194411586e-05,5.268935671617199e-05,0.0623226784867305,6.915782067430158e-05,6.980118870172492e-05,5.053635930692649e-05,3.8000217833413134e-05,6.138894299609857e-05,4.160591151342236e-05,7.774050286744735e-05,5.9831205041589166e-05,7.677812701502388e-05,4.785701222399724e-05,7.482412576751934e-05,3.2455943165560694e-05,4.9802504728596654e-05,4.830179020603265e-05,0.0311473670801025,3.977796514917222e-05,4.5185825157065847e-05,2.3703592512622465e-05,6.14309948222558e-05,5.1624571824903006e-05,6.641454825401939e-05,0.1839771625891904,5.693670518387284e-05,5.853813517818432e-05,6.273869081951442e-05,4.882026582448096e-05,2.501785514391566e-05,0.5149868226255063,5.913060282587261e-05,6.269286284074876e-05,5.242690568884646e-05,0.004481120201484,5.5011075537606856e-05,0.0001002298399374,1.4874638330468024e-05,2.7761255532427463e-05,6.180017492724547e-05,0.0001069777879351,6.821516636023665e-05,5.430840294478853e-05,2.6996292695554966e-06,0.2001177587743583,3.531919775821058e-05,4.929143099515559e-05,4.8302148228855405e-05,3.996466561943207e-05,8.100992442743085e-05,3.945338697240992e-05,5.9965525500747104e-05,4.629472802865888e-05,8.601912767429993e-05,4.923273840680693e-05,4.9736716097291714e-05,0.0001050765399812,4.903060982296901e-05
uj0960,0.0003638089691954,0.000366768636821,0.0005035804349163,0.0003795977488601,0.0012568228671358,0.000498243946789,0.0005028790585102,0.0003640865902355,0.000273770606528,0.0644056584820011,0.0002997476403981,0.000560077437322,0.0004310508262175,0.0005531440502035,0.0003447833725748,0.0005390665491473,0.0002338271660659,0.0003587995728323,0.000347987752572,0.000527749705056,0.0002865782952371,0.0003255389433279,0.0001707713078783,0.0004425764290572,0.0003719265611111,0.0004784801823373,0.3020398045577666,0.0004101975515043,0.0004217349711785,0.0004519976573221,0.0003517230833839,0.0001802398451189,0.0003196318553024,0.0004260033737431,0.0004516674920163,0.0003777069339903,0.0003023065184685,0.0003963244521837,0.0007221007045849,0.0001071635635213,0.0002000045315111,0.0004452361680541,0.0007707159473774,0.0004914526424749,0.0003912620837844,1.9449339626607023e-05,0.0345435859729866,0.0002544553358809,0.0003551175685186,0.0003479903319289,0.0002879233691313,0.0005836318160731,0.0002842398885283,0.0004320185310274,0.0003335279767873,0.5762901854805007,0.0003546947207975,0.0003583256020363,0.0007570185047003,0.0003532384958559
uj0961,7.010344703490687e-05,7.067375431207432e-05,9.703643212823858e-05,7.314583458632181e-05,0.000242180987163,9.600812814327504e-05,9.690128179412596e-05,7.015694267007045e-05,5.275368349740928e-05,8.52230080167887e-05,5.775927646578861e-05,0.000107923009841,8.306048317589596e-05,0.0001065869945754,6.643734746637471e-05,0.000103874358458,4.505686153884102e-05,6.9138171348073e-05,6.705480910814145e-05,0.0001016936816536,5.5221635645606224e-05,6.272908037935378e-05,3.290643813265035e-05,8.52813863328634e-05,7.166765029292976e-05,9.219978879003348e-05,0.3170322076957825,7.904220280585557e-05,8.126538298428292e-05,8.709679120903103e-05,6.777458126304462e-05,3.473095911796825e-05,6.15908257798582e-05,0.3760036612002251,8.703317066091397e-05,7.278148776889576e-05,5.825235439530969e-05,7.636895347508403e-05,0.0001391437616551,2.064967011673213e-05,3.853947612270412e-05,8.579389945838135e-05,0.0001485115793473,9.469949124151698e-05,7.539347044689866e-05,3.7477518858128414e-06,0.3024634473845981,4.9031765767425245e-05,6.842867483686925e-05,6.70553061322048e-05,5.548082198922359e-05,0.000112461774091,5.4771041007382095e-05,8.3246953133008e-05,6.426851132087724e-05,0.0001194157848238,6.834719503475437e-05,6.904684048652892e-05,0.0001458721778247,6.806659066073973e-05
uj0962,4.3539749167449e-05,4.389395479993205e-05,6.026724923902751e-05,4.5429310900309534e-05,0.0001504134230226,5.962859166273304e-05,6.018331026175824e-05,4.357297416044279e-05,3.2764182708340977e-05,5.293018459561407e-05,0.4440246104377309,6.702866943956603e-05,5.158708674346475e-05,6.619889897874586e-05,4.1262813262181705e-05,6.451413879746942e-05,2.798385147447584e-05,4.29402371169038e-05,4.164630546035647e-05,6.315976714964624e-05,3.4296974918062944e-05,3.89596880145116e-05,2.043748378844148e-05,5.296644211712289e-05,4.451124230197791e-05,5.7263313674304064e-05,0.1930744234853097,4.909141888694798e-05,5.047218846985555e-05,5.409395119533333e-05,4.209334052650084e-05,2.157065468675597e-05,3.825274246694023e-05,5.098302023252433e-05,5.4054437835804336e-05,4.520302289719907e-05,3.617928940815454e-05,4.743112099509271e-05,8.641920956703267e-05,1.2825067743464896e-05,2.393604301072235e-05,5.32847530401074e-05,0.053677084976303,5.8815825317228776e-05,4.682526938350011e-05,2.3276484103395683e-06,0.3065057302475968,3.0452579338756383e-05,4.249958403293192e-05,4.1646614151354766e-05,3.445795000368333e-05,6.984759868390577e-05,3.4017120241092395e-05,5.170289923918811e-05,3.991579559394583e-05,7.41665857782198e-05,4.244897867333341e-05,4.288351347532743e-05,9.059808471095649e-05,4.227470130785946e-05
uj0963,0.0168355692457586,4.813103838738597e-05,6.608484698740979e-05,4.9814602416701695e-05,0.0001649328311945,6.538453979337516e-05,6.599280538041493e-05,4.777907348581166e-05,3.592690936267444e-05,5.803953547213455e-05,3.933587482174492e-05,7.349894710002644e-05,5.656678838032056e-05,7.258907889415413e-05,4.5245912749167024e-05,7.074168880756569e-05,3.068513274057933e-05,0.6589692794839569,0.0210304496790434,6.925657966054789e-05,3.760766200896204e-05,4.272046681448585e-05,2.2410314159356133e-05,5.80792929323025e-05,4.88079126538412e-05,6.27909415136847e-05,0.2117118981588837,5.3830213698187785e-05,5.534426897304222e-05,0.012650185593821,4.615661081278232e-05,2.365287004785693e-05,4.1945279811103736e-05,5.590441132728151e-05,5.927231288094585e-05,4.956647083197761e-05,3.967167632238343e-05,5.200964724589113e-05,9.476125612369842e-05,1.406307157090548e-05,2.6246589313774536e-05,5.842833040962991e-05,0.0001011410331333,6.449331711012079e-05,5.134531277642865e-05,2.552336318316096e-06,0.0758814169311206,3.339216691294514e-05,4.660206900609804e-05,4.566676193931405e-05,3.778417602007638e-05,7.658998759271066e-05,3.7300792959190753e-05,5.669378025660072e-05,4.376886746140799e-05,8.132588652409097e-05,4.654657871098691e-05,4.702305915871046e-05,9.934351809770038e-05,4.635547835090516e-05
uj0964,9.303782426554283e-05,9.379470784937067e-05,0.0001287819486994,9.707553040309233e-05,0.0003214106164125,0.0001274172345592,0.0001286025838669,9.310882102410228e-05,7.001207704020787e-05,0.0001131037570705,7.665525221396246e-05,0.008321992390748,0.0001102337611627,0.0001414569823558,8.817235841723386e-05,0.0001378569059963,5.979723598641665e-05,0.4172086348269486,8.8991822939268e-05,0.0001349628197011,7.3287420949408e-05,8.325092992599065e-05,4.367179557755605e-05,0.0001131812338815,9.51137573899591e-05,0.0001223629951105,0.1999228681074602,0.0001049008983902,0.0001078513930591,0.0001155905493572,8.994706890920965e-05,4.609320950198516e-05,8.174029477356249e-05,0.00010894296287,0.0001155061153154,9.6591987344867e-05,7.730964083101803e-05,0.000101353094224,0.0001846647118232,2.7405219867509866e-05,5.1147684720907154e-05,0.0001138614159285,0.000197097215688,0.0001256804764504,0.0001000584814426,4.973830761410222e-06,0.3523419393004163,6.507253209143183e-05,9.081514951791948e-05,8.899248256499853e-05,7.363140023301574e-05,0.000149253698884,7.26894140533246e-05,0.0001104812348581,0.0164428186166068,0.0001584827176535,9.07070135584055e-05,9.163554836437551e-05,0.0001935943326571,9.03346093252054e-05
uj0965,5.825606256121998e-05,5.872998870640999e-05,8.0637410853213e-05,6.078429087276723e-05,0.0462917802826938,7.978288880310383e-05,8.052510073648916e-05,5.830051750888167e-05,4.383838478911903e-05,7.082043888953526e-05,4.7998039548701794e-05,8.968417216298532e-05,6.902337772136603e-05,8.857394160811728e-05,5.520952869087083e-05,8.631973719955194e-05,3.744231497364109e-05,5.74539171150336e-05,5.5722640179012136e-05,8.450759172431532e-05,4.588925647695299e-05,5.212795355366487e-05,2.734529612456937e-05,7.0868951351865e-05,5.955591765696829e-05,7.661815347266674e-05,0.0073957217724228,6.568418111226013e-05,6.753164695077788e-05,0.0051935472824046,5.632077184670295e-05,2.886147561588616e-05,0.4251082694084467,6.82151384199143e-05,7.232468657923355e-05,6.048151815776244e-05,4.8407787997953285e-05,6.34627071784945e-05,0.0820543442935735,1.7159904756037213e-05,3.202635857496357e-05,7.129485047617986e-05,0.0001234133302063,7.869540970695073e-05,6.265207941736488e-05,3.1143870602415537e-06,0.4305884883722106,4.074546594851338e-05,5.686432452163271e-05,5.572305320670413e-05,4.6104640691102525e-05,9.345589160450844e-05,4.551481170220369e-05,6.91783345165989e-05,5.34072228197455e-05,9.923468425211437e-05,5.679661469208442e-05,5.737802104131795e-05,0.0001212199838485,5.656343206471077e-05
uj0966,4.058809017369608e-05,4.091828339773057e-05,5.618159482790572e-05,4.234955420297087e-05,0.0001402165536943,5.558623330671135e-05,5.610334626553136e-05,4.061906276856487e-05,3.05430239645892e-05,4.9341926546588654e-05,3.344113336386361e-05,6.24846429172796e-05,4.808988036401925e-05,6.171112449029663e-05,3.846551295150558e-05,6.014057804787883e-05,2.6086762298173587e-05,4.002922041369439e-05,3.88230073380847e-05,5.887802234598144e-05,3.197190469117468e-05,3.6318521822221874e-05,1.9051980105316623e-05,4.937572608794143e-05,4.1493723570795786e-05,5.338130291285444e-05,0.2477777504624319,4.576339952890164e-05,4.705056358959972e-05,5.042679875172884e-05,3.923973687655061e-05,2.0108330761497765e-05,0.2069805231471622,4.752676490088999e-05,5.0389964093048086e-05,4.213860678018831e-05,3.372661278481271e-05,4.4215657021459735e-05,0.3283379305744078,1.1955627122553148e-05,2.231336401099409e-05,4.967245798677898e-05,8.598437921869766e-05,5.4828566247248e-05,4.365087747372675e-05,2.169851810771422e-06,0.214366709257791,2.8388129464630453e-05,3.961844020825996e-05,3.88232951022155e-05,3.2121966908247885e-05,6.51124705127603e-05,3.1711022001641335e-05,4.819784166626705e-05,3.720981268613074e-05,6.913866361205597e-05,3.957126550151655e-05,3.997634219727592e-05,8.445623372037229e-05,3.9408802796509065e-05
uj0970,3.157522137181403e-05,3.1832092885101414e-05,4.370607944648568e-05,3.29455400151604e-05,0.0001090804889795,4.324292210778056e-05,4.364520652370406e-05,3.159931628574707e-05,2.3760732247301588e-05,3.838520726038018e-05,2.601529622038373e-05,4.860949170085552e-05,3.741118667421364e-05,4.800773844115194e-05,2.9923977241266856e-05,4.67859428015484e-05,2.029401459673841e-05,3.114045254394979e-05,3.0202087503343984e-05,4.580374640819625e-05,2.487232003235816e-05,0.0028039660132546,1.482135490540102e-05,3.84115013775932e-05,3.227975255011675e-05,4.152761190231068e-05,0.0262142346657983,0.1360455026830046,3.6602657445878486e-05,3.922917601798458e-05,3.052627933826216e-05,1.5643135523125097e-05,0.4330388556129121,3.697311493124405e-05,3.920052075243691e-05,3.278143494040401e-05,2.623738294274464e-05,3.439726167400647e-05,6.267159836777996e-05,9.300796647932134e-06,1.735852574442155e-05,3.864234188656463e-05,6.689094748557248e-05,4.265350030876744e-05,3.395789536803776e-05,0.0027774002938391,0.3360835334360576,2.208434711614808e-05,3.082088895112627e-05,3.0202311367440427e-05,2.49890598864226e-05,5.0653791831735744e-05,2.466936816547214e-05,3.749517441553075e-05,2.8947113986893992e-05,5.378594064317005e-05,3.078418971738063e-05,3.1099316304673326e-05,0.0611313721383596,3.065780299030571e-05
uj0971,0.0003319591251951,0.0003346596871907,0.0004594942258019,0.0003463656679942,0.0011467936604817,0.0004546249232822,0.0004588542517553,0.000332212441758,0.0002498032174638,0.0004035544097235,0.0002735060784948,0.0005110451689692,0.0003933142591352,0.0005047187688048,0.0003145991342514,0.0004918736898452,0.000213356646115,0.0003273882790224,0.0003175229851477,0.0004815475847114,0.0002614896504537,0.0002970394684966,0.0001558210455808,0.000403830847125,0.0003393660583364,0.0004365913877912,0.1880520577768884,0.0003742865951208,0.0003848139654342,0.0004124272890983,0.0003209313044955,0.0001644606548412,0.0002916495195414,0.000388708688493,0.0004121260282846,0.0003446403854882,0.0002758409382636,0.0003616280234413,0.0006588840256658,9.77818740368974e-05,0.000182495031561,0.0004062577378984,0.0007032432219338,0.0004484281672099,0.321357234847188,1.77466371495764e-05,0.4692470308233836,0.0002321789121557,0.0003240286176769,0.0003175253386935,0.0002627169691596,0.0005325374674741,0.0002593559607673,0.0003941972457279,0.000304329097898,0.0005654666231301,0.0003236427883779,0.0003269558022444,0.0006907449289462,0.0003223140494005
uj0972,8.409636944163354e-05,8.478051228345478e-05,0.0001164052837728,8.774602945594095e-05,0.0002905212600753,0.0001151717262878,0.000116243156903,8.416054301495285e-05,6.328352519664415e-05,0.000102233853972,6.928825411295071e-05,0.0001294648650062,0.007492377232919,0.0001278621758645,7.96985020504398e-05,0.000124608086961,5.405038745047976e-05,8.29384209497058e-05,8.043921145259227e-05,0.0001219921385315,6.624409025296298e-05,7.52500503390271e-05,3.947469197675378e-05,0.0001023038848285,8.597279379210806e-05,0.0001106032274941,0.2842074890085541,9.481933584994624e-05,9.748627149331409e-05,0.0001044816516233,8.13026529467373e-05,4.166339449175146e-05,7.38845956664465e-05,0.0666331109052355,0.0001044053321648,8.730895758773611e-05,6.987975232706668e-05,9.16124954898963e-05,0.0001669174010776,2.477142509297541e-05,4.623210639682413e-05,0.0001029186975798,0.0001781550718459,0.0001136018803385,9.044230223133268e-05,4.495817830583433e-06,0.2371597969096054,5.88186981205055e-05,8.20873061579605e-05,8.043980768460398e-05,6.65550112051983e-05,0.0001349095843649,6.57035551613626e-05,9.986337079941128e-05,7.709675772167227e-05,0.0001432516428572,8.19895626684389e-05,8.282886009073676e-05,0.3993828166547891,8.165294856311076e-05
uj0973,6.275539712041884e-05,6.326592636217619e-05,8.686534101987858e-05,6.547889000213397e-05,0.0002167962442255,8.594482102169983e-05,8.674435677093043e-05,6.280328549069009e-05,0.0110806179949727,7.629016743252529e-05,5.170510845484905e-05,9.661081769111402e-05,7.435431247940979e-05,9.54148398597467e-05,5.9473567994503344e-05,9.298653477645248e-05,4.033412561670121e-05,6.189129896804438e-05,6.00263090104537e-05,9.103443049856834e-05,0.0055661303596649,5.615399123305392e-05,2.945727607095704e-05,7.634242669456507e-05,6.415564490831151e-05,8.253566129289235e-05,0.0852006777973263,7.075721717199209e-05,7.274736973749977e-05,7.796754584001188e-05,6.067063663381118e-05,3.109055580014282e-05,5.5135045340422985e-05,7.348364982043534e-05,7.791059382222997e-05,6.515273301293845e-05,5.2146503316117454e-05,6.836417046102325e-05,0.0001245590964328,1.8485228664089925e-05,3.449987455950509e-05,7.68012196082044e-05,0.0001329450053188,8.477335182967325e-05,6.74909348726574e-05,3.354922872563936e-06,0.5521116053554612,4.389239135014264e-05,6.125616992376253e-05,6.002675393782595e-05,4.966547529064192e-05,0.3421358818594622,4.903009159314978e-05,7.452123717005683e-05,5.7532063270319936e-05,0.0001068989517068,6.118323060971615e-05,6.180954115544073e-05,0.0001305822585821,6.093203841204508e-05
uj0975,9.458500074486966e-05,9.535447095663869e-05,0.0001309235336253,9.868985208939022e-05,0.0003267555280099,0.0001295361249129,0.0001307411860377,9.465717814706322e-05,7.117634587087466e-05,0.000114984620838,7.792999401041515e-05,0.0001456119263454,0.0001120668982104,0.0001438093472962,8.96386244240631e-05,0.0001401494033129,6.07916366807287e-05,9.328263109801444e-05,9.04717162664279e-05,0.0001372071896859,7.450615725175123e-05,8.463535482715723e-05,4.439803757064819e-05,0.0001150633860529,9.669545568799895e-05,0.0001243978357731,0.2198770367823805,0.0001066453523682,0.0001096449124145,0.0001175127673433,0.3160527557788086,4.6859718501535856e-05,8.309959850282794e-05,0.0001107546345323,0.000117426929202,9.819826793118934e-05,0.0832263091940921,0.0001030385498409,0.0001877356015495,2.786095614385241e-05,5.1998247332370966e-05,0.0001157548792163,0.0002003748522693,0.0001277704853109,0.0001017224082408,5.056543292866701e-06,0.3582012246552641,6.615465854803031e-05,9.232536393243164e-05,0.0167200151727176,7.485585675357318e-05,0.0001517357196555,7.389820577440318e-05,0.0001123184872802,8.671238645554732e-05,0.0001611182127875,9.221542972135224e-05,9.31594056366063e-05,0.0001968137178951,9.183683257602252e-05
uj0976,0.0002691295615087,0.0002713189909009,0.0476897702143268,0.1185739193679604,0.0009297411987245,0.0003685785296065,0.0003720073774105,0.0002693349331052,0.0002025232183028,0.0003271740798508,0.0002217398630991,0.0004143201731688,0.000318872072078,0.0004091911642851,0.0002550552782736,0.0003987772602663,0.0001729748521905,0.0002654238347104,0.0002574257349049,0.0003904055664769,0.0002119977720881,0.0002408191124744,0.0001263289558507,0.0003273981962284,0.0002751345919994,0.0003539581829108,0.2470941253544134,0.0003034457545466,0.0003119806202612,0.0003343675984325,0.00026018896514,0.0001333333551136,0.0002364493136385,0.000315138193075,0.0003341233569445,0.0002794106526523,0.0002236328063505,0.000293183057766,0.0005341777208514,7.927479887044419e-05,0.0001479543838196,0.0003293657518704,0.0005701410974672,0.0476807986173124,0.0002894381446306,1.4387749309535136e-05,0.5223848577972859,0.0001882346472123,0.0002627000530273,0.0002574276429975,0.0002129927974393,0.0004317446463447,0.0002102679236636,0.0003195879367026,0.0002467290411839,0.0004584413344305,0.0002623872492446,0.0002650732123693,0.0005600083435947,0.0002613099993328
uj0979,0.0004687485797868,0.330126291488482,0.0006488367073455,0.0004890915857902,0.0016193496694611,0.000641960925156,0.0006479330210097,0.0004691062797869,0.0003527389203219,0.0005698459300174,0.0003862089520273,0.0419283462930806,0.0005553861496386,0.0007126967994326,0.0004442351066441,0.0006945586852415,0.0003012739137559,0.0004622942380042,0.000448363780481,0.0006799775312716,0.0003692409485869,0.0004194396792574,0.0002200297816003,0.0005702362781944,0.0004792076668462,0.0006164963618758,0.141921986942537,0.000528517810116,0.0005433831640368,0.0005823750316143,0.0004531765563094,0.0002322294901287,0.0004118287093334,0.000548882774573,0.0005819496311121,0.0004866553710184,0.0003895059308345,0.0005106430567306,0.0009303884961546,0.0001380745733582,0.0002576952412804,0.0005736632109612,0.0009930266605336,0.0006332106893958,0.000504120463286,2.5059443553377192e-05,0.3741613097108017,0.0003278522175447,0.0004575501705431,0.0004483671038457,0.0003709740050287,0.0007519786703108,0.000366228035447,0.0005566329860107,0.0004297331255576,0.0007984768496823,0.0004570053536598,0.0004616835517476,0.0833888106148715,0.000455129084983
uj0980,0.0001123311494814,0.0001132449885965,0.0001554875605064,0.000117206157848,0.0003880617832821,0.0001538398445447,0.0001552710006505,0.0001124168688925,8.453053533439367e-05,0.0001365581702142,9.255131085623871e-05,0.0001729318066901,0.0001330930210463,0.0001707910256463,0.0001064567282359,0.0001664443986817,7.219743483036455e-05,0.0001107844277145,0.0001074461257465,0.237158115372691,8.848508983061192e-05,0.0001005147393311,5.272804943445596e-05,0.000136651713451,0.0001148375704554,0.000147737503572,0.0043858619099512,0.0001266542784167,0.0001302166194357,0.000139560650531,0.0001085994618084,5.565159382781252e-05,9.869084260465848e-05,0.0001315345489183,0.000139458707337,0.0001166223420937,9.334140054440312e-05,0.0001223707633703,0.0002229587752242,3.30882614013431e-05,6.175421946259449e-05,0.0001374729453725,0.000237969416983,0.0001517429335703,0.0001208076857402,6.005257874055391e-06,0.7216513149122299,7.856667314832334e-05,0.0001096475569609,0.0001074469221593,8.890040036297344e-05,0.0001802045532809,8.776307378428668e-05,0.0001333918135524,0.0001029814660689,0.0001913474007749,0.0001095169967643,0.0297350337336984,0.0002337401384023,0.0001090673667786
uj0981,8.409636944163354e-05,8.478051228345478e-05,0.2958259073721729,8.774602945594095e-05,0.0002905212600753,0.0001151717262878,0.000116243156903,8.416054301495285e-05,6.328352519664415e-05,0.000102233853972,6.928825411295071e-05,0.0001294648650062,9.96396807090331e-05,0.0001278621758645,0.0074724360542604,0.000124608086961,5.405038745047976e-05,8.29384209497058e-05,8.043921145259227e-05,0.0001219921385315,6.624409025296298e-05,7.52500503390271e-05,3.947469197675378e-05,0.0001023038848285,8.597279379210806e-05,0.0001106032274941,0.003283462024574,9.481933584994624e-05,9.748627149331409e-05,0.0001044816516233,8.13026529467373e-05,4.166339449175146e-05,7.38845956664465e-05,9.84729353454805e-05,0.0001044053321648,8.730895758773611e-05,6.987975232706668e-05,9.16124954898963e-05,0.0001669174010776,2.477142509297541e-05,4.623210639682413e-05,0.0001029186975798,0.0001781550718459,0.0001136018803385,9.044230223133268e-05,4.495817830583433e-06,0.6881167875944155,5.88186981205055e-05,8.20873061579605e-05,8.043980768460398e-05,6.65550112051983e-05,0.0001349095843649,6.57035551613626e-05,9.986337079941128e-05,7.709675772167227e-05,0.0001432516428572,8.19895626684389e-05,8.282886009073676e-05,0.000174988835449,8.165294856311076e-05
uj0982,7.520127661584063e-05,7.581305588091643e-05,0.0001040927926219,7.846490255013486e-05,0.0002597920669675,0.0001029897117366,0.000103947814335,0.5223275404072504,5.658986131192389e-05,9.142031199569022e-05,6.195945435424555e-05,0.0001157710278102,8.910053121989434e-05,0.0001143378592885,7.126858315474558e-05,0.0001114279638746,4.8333336680817536e-05,0.0331281076899493,7.193094578720002e-05,0.0001090887111486,5.923727966324695e-05,6.729065580920977e-05,0.0066460877271358,9.148293550539172e-05,7.687922665774666e-05,9.890443500258904e-05,0.1153195640639797,8.479004683705158e-05,8.71748937259859e-05,9.343035421355382e-05,7.270305881745232e-05,3.725654834723424e-05,6.606962884667969e-05,8.805719556334541e-05,9.336210726365676e-05,7.807406091594653e-05,6.248838825606378e-05,8.192240236464268e-05,0.0001492621112395,2.2151286707784835e-05,4.134201565138355e-05,9.203271790485254e-05,0.0001593111441951,0.000101585912497,8.087598350595092e-05,4.020283426465668e-06,0.3178473992732868,5.25972906667948e-05,7.34047172074219e-05,7.19314789541933e-05,5.951531369360943e-05,0.0001206398449696,5.8753918381257e-05,8.930056102468187e-05,6.894203212465463e-05,0.0001280995421289,7.331731230229084e-05,7.406783504228842e-05,0.0001564798088985,7.30163027508007e-05
uj0985,0.0002262983117771,0.0002281392993387,0.0003132396722312,0.0002361193290848,0.0007817753742156,0.0003099202426506,0.0003128033984995,0.0002264709990334,0.0001702921899053,0.0002751052003072,0.0001864505570912,0.0003483822260092,0.0002681244348618,0.0003440694851681,0.000214463913067,0.0003353129261143,0.0001454463672112,0.0002231823414851,0.0002164571178669,0.0003282735649953,0.0001782588938023,0.0002024933949697,0.0001062240404856,0.0002752936491629,0.00023134765773,0.0002976266850188,0.0287290159666044,0.0002551531744966,0.0002623297391654,0.000281153889651,0.0002187805874024,0.0001121137083442,0.0001988190379283,0.0002649847927131,0.0002809485185424,0.0002349431947694,0.0001880422434882,0.0002465237584536,0.0004491647656242,6.665842670824308e-05,0.0001244078394461,0.0002769480735882,0.2590938074242583,0.0003056958808807,0.0002433748382252,1.2097977497408554e-05,0.6978631079337759,0.0001582776066788,0.0002208920423701,0.0002164587222916,0.0001790955635308,0.0003630336408936,0.0001768043461268,0.0002687263715464,0.0002074627743355,0.0003854816224902,0.0002206290204726,0.0002228875197515,0.0004708845138607,0.0002197232120024
uj0987,0.0001691080033304,0.0001704837348958,0.0002340774666807,0.0001764470445037,0.0005842044138478,0.0002315969262641,0.0002337514484303,0.0001692370489114,0.0001272557978515,0.0002055803720515,0.0001393306082663,0.0002603387633499,0.000200363791791,0.0002571159421685,0.000160264404274,0.0002505723484227,0.0001086890333277,0.000166779503792,0.0001617538846033,0.0002453119808388,0.0001332091493307,0.0001513190860418,7.937900751954097e-05,0.0002057211959466,0.0001728812741317,0.0002224102073327,0.0214685937761015,0.0001906706397573,0.0001960335366891,0.0002101004313028,0.0001634901648736,8.378023333526996e-05,0.0001485733157446,0.0001980176027684,0.0002099469617614,0.0001755681438872,0.0001405200422767,0.0001842220573287,0.0003356514508862,4.981245046530046e-05,9.296738080892083e-05,0.0002069575127756,0.4166044040415707,0.0002284401489171,0.0001818689349908,9.040565980616838e-06,0.5214985293256718,0.0001182775506683,0.0001650680110843,0.0001617550835564,0.0001338343751493,0.0002712874597746,0.0001321221962234,0.0002008136065072,0.0001550325994823,0.0002880623677126,0.0001648714603122,0.0001665591896663,0.0300837503755069,0.0001641945685554
uj0989,0.0001022355908393,0.0001030673003187,0.0001415133975741,0.0180813102920095,0.081239055647327,0.0001400137671007,0.0001413163006432,0.0001023136063734,7.693350654529919e-05,0.0001242852519557,8.423342939172615e-05,0.0001573898737214,0.0001211315267943,0.0001554414914972,9.688912256539714e-05,0.0001514855097598,6.570882111538805e-05,0.0001008278778902,0.0090851085124427,0.0001483053126232,8.053265261736673e-05,9.148115915322983e-05,4.798921147534779e-05,0.0001243703881635,0.000104516751767,0.0001344598629724,0.1837380687665603,0.0001152714544988,0.0001185136365697,0.0001270178897912,9.883928183823255e-05,5.065000761051973e-05,8.98211818421704e-05,0.0001197131195266,0.0001269251085571,0.0001061411202863,8.495251119991905e-05,0.0001113729126103,0.000202920759051,3.0114513826544423e-05,5.62041708174571e-05,0.0001251178133533,0.0002165823465641,0.0001381053122029,0.3146661122574223,5.465546197385427e-06,0.3871746424232567,7.150563567340351e-05,9.979318133693864e-05,9.779032460306524e-05,8.091063786770697e-05,0.0001640089953824,7.987552645572543e-05,0.000121403465865,9.372619329234444e-05,0.0001741503996362,9.967435500152975e-05,0.0001006946852301,0.0002127331667372,9.92651346966395e-05
uj0991,4.754310493367908e-05,4.792987876392042e-05,6.580865093217884e-05,4.9606406479091176e-05,0.0001642435083099,6.511127061311267e-05,6.571699400533273e-05,4.757938487002528e-05,3.577675586917386e-05,5.779696411916017e-05,3.917147384406097e-05,7.319176443746352e-05,5.633037224984657e-05,7.228569894916866e-05,4.50568112654483e-05,7.044602987394136e-05,0.4346898025909196,4.688846945981685e-05,4.547556447757523e-05,6.896712761559308e-05,3.7450483951255205e-05,4.254192021946939e-05,2.231665213773596e-05,5.783655541636997e-05,4.860392409135552e-05,6.252851205911365e-05,0.189929986981183,5.360523485124408e-05,5.511296225952426e-05,5.906773573881223e-05,4.5963703143165566e-05,2.3554014868494065e-05,4.176997304491583e-05,5.567076354594451e-05,0.0042384404133165,4.935931193943875e-05,3.9505871890593966e-05,5.179227730318694e-05,9.436520943034552e-05,1.4004296147046896e-05,2.613689390306847e-05,5.818413412094145e-05,0.000100718322699,6.422377272004347e-05,5.113071936371861e-05,2.5416690435189565e-06,0.3639439687978248,3.325260716214892e-05,4.640729958145918e-05,4.547590155183047e-05,3.762626023691832e-05,7.626988618659975e-05,3.714489743484646e-05,0.0042358726574522,4.3585939164137806e-05,8.0985991827045e-05,4.635204120336553e-05,4.682653024116599e-05,9.892832022614328e-05,4.616173953115268e-05
uj0993,5.825606256121998e-05,5.872998870640999e-05,8.0637410853213e-05,6.078429087276723e-05,0.0002012527391453,7.978288880310383e-05,8.052510073648916e-05,5.830051750888167e-05,4.383838478911903e-05,7.082043888953526e-05,4.7998039548701794e-05,8.968417216298532e-05,0.1537041151895494,8.857394160811728e-05,5.520952869087083e-05,8.631973719955194e-05,3.744231497364109e-05,5.74539171150336e-05,5.5722640179012136e-05,8.450759172431532e-05,4.588925647695299e-05,5.212795355366487e-05,2.734529612456937e-05,7.0868951351865e-05,5.955591765696829e-05,7.661815347266674e-05,0.2839388870337134,6.568418111226013e-05,6.753164695077788e-05,7.237755534372442e-05,5.632077184670295e-05,2.886147561588616e-05,5.118206238905789e-05,6.82151384199143e-05,7.232468657923355e-05,6.048151815776244e-05,4.8407787997953285e-05,6.34627071784945e-05,0.0001156286605985,1.7159904756037213e-05,3.202635857496357e-05,7.129485047617986e-05,0.0001234133302063,7.869540970695073e-05,6.265207941736488e-05,3.1143870602415537e-06,0.2154993598356513,0.3277956079978484,5.686432452163271e-05,5.572305320670413e-05,4.6104640691102525e-05,9.345589160450844e-05,4.551481170220369e-05,6.91783345165989e-05,0.0154169164040025,9.923468425211437e-05,5.679661469208442e-05,5.737802104131795e-05,0.0001212199838485,5.656343206471077e-05
uj0995,0.0002262983117771,0.0002281392993387,0.0003132396722312,0.0002361193290848,0.0007817753742156,0.0003099202426506,0.0003128033984995,0.0002264709990334,0.0001702921899053,0.0002751052003072,0.0001864505570912,0.0003483822260092,0.0002681244348618,0.0202374850818756,0.000214463913067,0.0003353129261143,0.0001454463672112,0.0002231823414851,0.0002164571178669,0.3385163387090215,0.0001782588938023,0.0002024933949697,0.0001062240404856,0.0002752936491629,0.00023134765773,0.0002976266850188,0.008835600369897,0.0002551531744966,0.0002623297391654,0.000281153889651,0.0002187805874024,0.0001121137083442,0.0001988190379283,0.0002649847927131,0.0002809485185424,0.0002349431947694,0.0001880422434882,0.0002465237584536,0.0004491647656242,6.665842670824308e-05,0.0001244078394461,0.0002769480735882,0.0004794046670618,0.0003056958808807,0.0002433748382252,1.2097977497408554e-05,0.5387157831601165,0.0001582776066788,0.0002208920423701,0.0002164587222916,0.0001790955635308,0.0799366960277233,0.0001768043461268,0.0002687263715464,0.0002074627743355,0.0003854816224902,0.0002206290204726,0.0002228875197515,0.0004708845138607,0.0002197232120024
uj0996,6.34555269383631e-05,6.397175189334175e-05,8.783445313110009e-05,6.620940443499491e-05,0.000219214928864,0.0112433913930285,8.771211912286305e-05,6.350394957464967e-05,4.77510440050244e-05,7.71412977493804e-05,5.228195586288661e-05,9.76886550932379e-05,7.518384545423405e-05,9.647933434986998e-05,6.013708412607346e-05,9.40239379107101e-05,4.078411279423073e-05,6.258178848555444e-05,6.069599179038596e-05,9.205005500540271e-05,4.998495989142186e-05,5.6780472547217246e-05,2.9785915809992047e-05,7.719414004123588e-05,6.487139657351988e-05,8.345646938536636e-05,0.4320023377333688,7.15466191971567e-05,7.355897487534164e-05,7.883738980848812e-05,6.13475078469673e-05,3.143741720443561e-05,5.575015879723798e-05,7.430346925798807e-05,7.877980240621866e-05,6.58796086793515e-05,5.272827514050869e-05,6.912687448992043e-05,0.0001259487384638,1.8691458890860903e-05,3.488477198670322e-05,7.765805147238669e-05,0.3236725723649454,8.571912468916363e-05,6.824389665942786e-05,3.3923520284256704e-06,0.2291548436808765,4.438207627566619e-05,6.19395736318833e-05,6.069644168158497e-05,5.021956755630998e-05,0.0001017970076681,4.957709520839315e-05,7.535263243814407e-05,5.8173919028257616e-05,0.0001080915685498,6.186582057127475e-05,6.249911854291768e-05,0.0001320390979477,6.161182595093258e-05
uj0997,8.799972256309089e-05,8.871562005870843e-05,0.0001218082628882,9.1818782420741e-05,0.0003040058739164,0.0001205174495371,0.0001216386108609,8.806687476817983e-05,6.622084516959002e-05,0.0001069790627803,7.250428501616138e-05,0.0001354740077112,0.0001042644803442,0.0001337969293692,8.339772710402514e-05,0.0001303918011502,5.655914912439764e-05,8.678802761468156e-05,8.417281671041449e-05,0.178052738852075,0.0155410652967989,7.874279944140687e-05,4.130691925563732e-05,0.0001070523441358,8.996324159903439e-05,0.0001157369027782,0.1658892026485403,0.007835093633643,0.0001020111201242,0.0001093311924977,8.507633504823e-05,4.3597210921874e-05,7.731396686328988e-05,0.0001030435802153,0.0001092513306532,9.136142375713246e-05,7.312323776149834e-05,9.58647114013474e-05,0.0001746649122109,2.592119671928468e-05,4.83779806838329e-05,0.0001076956935681,0.1626397621301482,0.0001188747388123,9.464020334252724e-05,4.704492291550395e-06,0.4647720762597916,6.154878207577158e-05,8.589740812610887e-05,8.417344061667778e-05,6.964417798446981e-05,0.0001411714450224,6.875320140450924e-05,0.0001044985530637,8.06752221893446e-05,0.0001499007021568,8.579512784911999e-05,8.667338146221311e-05,0.0001831109841411,8.544288971950301e-05
uj0998,4.509308893102559e-05,4.545993133115061e-05,6.241736531627747e-05,4.705006334842174e-05,0.0318680995849798,6.175592276240419e-05,6.233043170184103e-05,4.512749927082887e-05,3.393308948422116e-05,5.48185409136446e-05,3.7152869087401776e-05,6.942000837768628e-05,5.342752621906943e-05,6.856063472722722e-05,4.273492024081128e-05,6.68157684352885e-05,2.89822134325604e-05,4.447218847276877e-05,4.313209404468742e-05,0.3330447726423615,3.552056614055087e-05,4.034962786778763e-05,2.116661881661873e-05,5.485609197154178e-05,4.609924140431417e-05,5.930626026507028e-05,0.3069916959754155,5.084282201777955e-05,5.227285243333957e-05,0.0040200638212864,4.359507769476333e-05,2.234021712779016e-05,3.961746107639368e-05,5.280190881384893e-05,5.598290341711061e-05,4.681570221305919e-05,3.7470034759936376e-05,0.0198693232648254,8.950233239443034e-05,1.3282619476706882e-05,2.478999389703181e-05,5.518575906959177e-05,0.0754122879552491,6.091415987219974e-05,4.849582454893856e-05,2.410690432871692e-06,0.2262678191268852,3.1539016520753885e-05,4.401581449075855e-05,4.313241374865688e-05,3.5687284231269366e-05,7.233950675643011e-05,3.523072726739009e-05,5.35474704830773e-05,4.133984588537989e-05,7.681257958895477e-05,4.3963403716135445e-05,4.441344113813765e-05,9.383029459218887e-05,4.378290876863912e-05
uj0999,0.0001856688485367,0.0001871793062951,0.0981875829235893,0.0001937266062843,0.0006414158921697,0.000254277348069,0.0002566428638451,0.0001858105316266,0.0001397180322126,0.0002257129775578,0.0001529753358402,0.0002858338899917,0.0002199855345558,0.0002822954560559,0.0001759591906768,0.0002751110443655,0.000119333013631,0.0001831123176831,0.0001775945366818,0.000269335525922,0.0001462543988676,0.0001661378522229,8.715263993358793e-05,0.0002258675924189,0.0001898116379441,0.0002441909684049,0.0888580804046626,0.0002093431265008,0.0002152312150511,0.0002306756888427,0.0001795008518897,9.198488035546792e-05,0.0001631231870421,0.032860936953322,0.0002305071899399,0.0001927616344188,0.0001542812518156,0.0002022630306412,0.000368521992859,5.46906127359089e-05,0.0001020717305291,0.0002272249824746,0.00039333264052,0.0002508114256789,0.000199679465663,9.925913869741716e-06,0.6052127112457509,0.0001298605400563,0.1633988700747262,0.0001775958530491,0.0001469408534145,0.0002978547986306,0.0001450609998098,0.0002204793998889,0.0001702150321963,0.000316272483068,0.0001810174183946,0.0001828704280668,0.0003863421905172,0.0001802742382341
uj1000,0.0003419374898798,0.0003447192281118,0.0004733061701274,0.0003567770791806,0.0011812651495712,0.0004682905011649,0.0004726469590906,0.0003421984208893,0.0603753442313122,0.0004156848582175,0.0002817274021083,0.0005264066839246,0.0004051368987779,0.000519890118396,0.000324055674689,0.0005066589290012,0.000219769936973,0.0003372292485684,0.0003270674136664,0.0004960224313071,0.0002693497720634,0.0003059681826587,0.0001605048728967,0.0004159696050553,0.3009397279427235,0.0004497148953405,0.0133506210821355,0.0003855372819049,0.0003963810946119,0.0004248244476162,0.0003305781837403,0.0001694041803108,0.0003004162171412,0.0004003928892138,0.0004245141311989,0.00035499993638,0.0002841324454645,0.0003724982060156,0.0006786894311931,0.0001007211009616,0.0001879806526506,0.0004184694457776,0.0007243820212553,0.0004619074767021,0.0003677401772426,1.82800836011538e-05,0.6035881992217276,0.0002391579818113,0.0003337685991085,0.0003270698379574,0.000270613982762,0.0005485450197761,0.0002671519457644,0.0004060464270789,0.0003134769311476,0.0005824639934517,0.0003333711721603,0.000336783771964,0.0007115080418778,0.0003320024925966
uj1001,1.845875559433104e-05,1.860892171437448e-05,2.5550409575568567e-05,1.925983871663229e-05,0.0130451356391824,2.527964953825304e-05,2.551482349397924e-05,0.2953445856458873,1.389043465857679e-05,2.243984771836273e-05,1.520844427316833e-05,2.841692592761088e-05,2.18704389489932e-05,2.80651432364252e-05,1.7493444489353256e-05,2.735088610321019e-05,1.1863804565543723e-05,1.820459137362525e-05,1.765602670201637e-05,2.6776697787726047e-05,1.454026469474303e-05,1.6517030365184188e-05,8.66450830396567e-06,2.2455219160338973e-05,1.8870621869969728e-05,2.427688564696028e-05,0.0915902775650763,2.0812396036736107e-05,2.139777580465705e-05,2.2933228678148407e-05,1.7845548028754368e-05,9.144918160672737e-06,1.6217319518644074e-05,2.161434385654591e-05,2.2916476917740887e-05,1.9163903507467884e-05,1.5338275335333598e-05,2.010850973546977e-05,3.663758056846412e-05,5.437210720872594e-06,1.0147728828916596e-05,2.259016765321568e-05,3.910419618503782e-05,2.4935075772582904e-05,1.9851657846364724e-05,9.868107634417184e-07,0.4853085979489095,1.2910426219251778e-05,1.801777569979941e-05,1.7656157572124733e-05,1.4608510374129364e-05,2.961201609128782e-05,1.4421619797082669e-05,2.19195378665158e-05,1.6922373906847455e-05,3.1443058499970666e-05,0.0178673767656936,1.8180543282942605e-05,3.840922226176499e-05,0.095755508455301
uj1002,4.98341593494929e-05,5.0239571421660855e-05,6.897990364121497e-05,5.199688932145321e-05,0.2980677597760207,0.0132107019263047,6.888382985923744e-05,4.98721875794873e-05,3.750080175620426e-05,6.058214169749779e-05,4.1059107776458976e-05,7.671880196161287e-05,5.904487624085592e-05,7.576907408860691e-05,4.722805368969036e-05,7.38407532106773e-05,3.2029392457643275e-05,4.914797765046864e-05,4.766698619799741e-05,7.229058413973292e-05,3.925518511140404e-05,4.459197257326447e-05,2.339206916187992e-05,6.06236408595058e-05,5.094609831558247e-05,6.554169817447439e-05,0.3348878698139123,5.6188417211504295e-05,0.0044385864701669,6.191415052357034e-05,4.8178647774993935e-05,2.468905915829981e-05,0.1183258599073903,5.835348165683744e-05,6.18689248368621e-05,5.1737887544421485e-05,4.140962012857251e-05,5.428809506237717e-05,9.891257397597576e-05,1.4679149095183398e-05,2.739640453612061e-05,6.098796903231377e-05,0.0001055718373841,6.731865174184346e-05,0.0044344123269907,2.6641495187385377e-06,0.2237726265514698,3.485501686135635e-05,4.864362067955347e-05,4.766733951552204e-05,3.943943187950673e-05,7.994525530237755e-05,3.89348726880776e-05,5.917743139969122e-05,4.5686301740976e-05,8.488862533096193e-05,4.858569945578916e-05,4.9083053643159146e-05,0.0001036955764922,4.838622733736612e-05
uj1005,6.760373847141009e-05,6.815371005832467e-05,9.357636260781468e-05,7.053764231000615e-05,0.0002335454362289,9.25847252973987e-05,0.0119792551188825,6.765532658985396e-05,5.087262286527216e-05,8.218417480733973e-05,5.5699729266475885e-05,0.0001040747529677,8.009876003866446e-05,0.0001027863765692,6.40683625815799e-05,0.053586311359807,4.345024977584385e-05,6.667288203216775e-05,6.466380712976796e-05,9.806754659698498e-05,5.325257418925747e-05,6.049232275848429e-05,3.173307920846785e-05,8.224047150285529e-05,6.911216626553629e-05,8.891218152763622e-05,0.0323540457976059,7.622376120863904e-05,7.836766850156272e-05,8.399114371169901e-05,6.53579140614121e-05,3.3492542469462895e-05,5.939465538957641e-05,7.916083193375281e-05,8.392979170864884e-05,7.018628716272078e-05,5.6175225305590336e-05,7.364583307143398e-05,0.0001341822530949,1.9913356006550405e-05,3.716525755612445e-05,8.273470972887902e-05,0.2319164932446731,9.132275102077808e-05,7.270513325837192e-05,3.6141166955466233e-06,0.666081365266032,4.728341914602199e-05,6.598868434120522e-05,6.466428643123193e-05,5.350251861467987e-05,0.0001084516765616,5.281804659657069e-05,8.027858095684412e-05,6.197686155318476e-05,0.0001151577251624,6.591010989920761e-05,6.658480779417599e-05,0.0001406707512543,6.563951115524893e-05
uj1007,3.892161533672002e-05,3.923825141389595e-05,0.266932321092275,4.06107567839649e-05,0.0001344595112353,5.330396137197648e-05,5.3799842591878496e-05,3.895131625189746e-05,2.928898169099805e-05,4.731603474813444e-05,3.2068099869743814e-05,5.991913454589623e-05,4.611539535630229e-05,5.917737541059187e-05,3.688618736237985e-05,5.767131281344472e-05,2.501568620757557e-05,3.8385691775669896e-05,3.722900366489429e-05,5.6460595404467454e-05,3.065919511479336e-05,3.482734787257587e-05,1.826973966719287e-05,4.734844654039815e-05,3.979006503630322e-05,5.1189561500815306e-05,0.1349588802186703,4.3884435688942e-05,4.511875108124908e-05,4.835636402889795e-05,3.762862302924986e-05,0.0239699125068671,3.4195385971262235e-05,4.5575400413148246e-05,4.8321041735828816e-05,4.040847048740157e-05,3.2341858013110005e-05,4.240024073773474e-05,7.72529768036905e-05,1.1464750324094786e-05,2.139721694683124e-05,4.763299515491203e-05,0.1745798996148206,5.257740277521729e-05,4.185865003433289e-05,2.080761552344803e-06,0.3971702315210755,2.7222563328870657e-05,3.799177747530651e-05,3.72292796139414e-05,3.080309604396997e-05,6.243906821128465e-05,3.0409023804771827e-05,4.621892395938161e-05,3.56820439178871e-05,6.629995297850385e-05,3.794653967816868e-05,3.833498464482624e-05,8.098861088523872e-05,3.779074740305044e-05
uj1011,0.000240661020897,0.0002426188523212,0.0003331203786393,0.0002511053588726,0.0008313931208474,0.0003295902713866,0.0003326564154711,0.0002408446682741,0.000181100300535,0.0002925655867253,0.0001982842075313,0.0003704933612423,0.0002851417658158,0.0003659068992155,0.0002280755161581,0.0003565945785673,0.0213106891517635,0.0002373472860941,0.0002301952257495,0.000349108443032,0.0001895726354719,0.000215345252802,0.0001129658715804,0.0002927659960595,0.0002460308389143,0.0003165164658116,0.1998004828665236,0.0002713472450468,0.0002789792921715,0.0002989981744946,0.0425446893402526,0.0001192293450834,0.0002114376915402,0.0002818028567501,0.0002987797688854,0.0002498545776236,0.0001999769151358,0.0002621701369263,0.0004776723705856,7.088910605216758e-05,0.0001323037605256,0.0002945254235517,0.0851338778969836,0.000325097797677,0.0002588213609194,1.28658123538412e-05,0.615219038394922,0.0001683231753225,0.0002349116261954,0.000230196932004,0.0001904624069838,0.0003860746726359,0.000188025770514,0.0002857819062389,0.0002206300289101,0.000409947383509,0.021390643500276,0.0002370337526046,0.0005007706285583,0.0002336686124612
uj1012,7.326394682352565e-05,7.385996547588464e-05,0.0001014111617057,7.644349546501301e-05,0.0002530993227244,0.0065408182278009,0.0001012699183388,7.331985422231537e-05,5.513199744050831e-05,8.906514859923965e-05,6.036325941929446e-05,0.0001127885430525,8.680512984625553e-05,0.0001113922957135,6.94325671239661e-05,0.0001085573648126,4.7088176793544906e-05,7.225515325371695e-05,7.007786601869004e-05,0.0001062783757444,5.77112131937433e-05,6.555711885199093e-05,3.438997132768215e-05,8.91261588066609e-05,7.48986696390801e-05,9.635646617618968e-05,0.0286224473989644,8.26056918470646e-05,8.492910048473566e-05,9.102340825638464e-05,7.083008792948457e-05,3.6296747871497145e-05,6.436754789683443e-05,8.578867252664151e-05,9.09569194794232e-05,7.606272266444114e-05,6.087856696458962e-05,7.98119234219806e-05,0.0001454168316381,2.1580626878479983e-05,4.027696566553122e-05,8.9661777752126e-05,0.0710005060065459,9.89688636434488e-05,7.879246232945204e-05,3.916713178643553e-06,0.5994807156292533,0.2834324383807275,0.0065119953997386,7.00783854502742e-05,5.798208453173488e-05,0.0001175319301001,5.724030422977495e-05,8.700000649783072e-05,6.716595253148325e-05,0.0001247994510864,7.142851706093759e-05,7.215970488895707e-05,0.0001524485874975,7.113526209551454e-05
uj1015,4.91877121538883e-05,4.958786523301737e-05,6.808509843442476e-05,5.132238725859543e-05,0.0131418945157228,0.4238183675657678,6.799027091861769e-05,4.922524708284272e-05,3.701434249924743e-05,5.9796272002588064e-05,4.052649028230254e-05,7.572360800177468e-05,5.82789479065775e-05,7.47861999697795e-05,4.66154128172428e-05,7.28828932114826e-05,3.161390815528043e-05,4.8510431582941634e-05,4.704865150643544e-05,7.13528328864608e-05,3.874596804705588e-05,4.401352686468329e-05,2.308862795395193e-05,5.9837232838731846e-05,5.028522708161351e-05,6.469149326416554e-05,0.3089237653954294,5.545954277665927e-05,5.701942536885569e-05,6.111100205078264e-05,4.755367582505607e-05,2.436879343568436e-05,4.321487655623341e-05,5.759652207202182e-05,6.106636303030344e-05,5.106674524471821e-05,4.087245579887182e-05,5.358387154850852e-05,0.0173935888288527,1.4488731620697802e-05,2.704101921181285e-05,6.019683495759076e-05,0.0001042023627285,6.644539624403921e-05,5.289942905058836e-05,2.629590252413171e-06,0.2122218751899367,3.4402878645383725e-05,4.8012617115275e-05,4.704900024073592e-05,3.892782477170056e-05,7.890820788817969e-05,3.842981070671829e-05,5.840978356393408e-05,4.509366042779811e-05,0.0217037366348845,4.7955447243859295e-05,4.8446349767875385e-05,0.0001023504406356,4.77585626716744e-05
uj1016,4.676136419184362e-05,0.0082685310095471,6.472657386399669e-05,4.879073932704354e-05,0.0001615428886889,6.404066041502089e-05,6.463642403169324e-05,4.679704758523385e-05,3.5188486598316425e-05,5.6846621442354e-05,3.85273859776004e-05,7.198828846955178e-05,0.032940961069064,7.109712121535331e-05,4.4315952099591846e-05,6.928770141117395e-05,3.005444669090393e-05,4.611749274405169e-05,4.472781984542138e-05,6.783311641502714e-05,3.683469394033794e-05,4.184241284993884e-05,2.1949704370614443e-05,5.6885561748634746e-05,4.78047405351218e-05,6.150036958774695e-05,0.4951091064504539,5.2723815850164285e-05,5.420675203068855e-05,5.809649804578791e-05,4.520793215507452e-05,0.0329087236460659,4.108315863176108e-05,5.475538151413018e-05,5.805406099388224e-05,4.854770770816587e-05,3.8856285591136015e-05,5.094066836143144e-05,9.281358319713164e-05,1.3774026607980244e-05,2.570713074692708e-05,5.7227425293568726e-05,0.1645268468568607,6.316775545319322e-05,0.0041609846038533,2.4998769425118302e-06,0.2593030479722463,3.270584190928706e-05,4.56442346354066e-05,4.472815137723932e-05,3.7007579975476966e-05,7.501579734468691e-05,3.6534132115319566e-05,5.552852617041209e-05,4.286926522238961e-05,7.965435710488141e-05,4.558988485858213e-05,4.605657197825124e-05,9.730166377301506e-05,4.540271227460648e-05
uj1018,5.4883264414328685e-05,5.532975208952975e-05,7.596882018747728e-05,5.726511819609814e-05,0.7190660317486373,7.516377162150646e-05,7.586301238719758e-05,5.49251455944115e-05,4.130031378879923e-05,6.672021250026227e-05,4.5219140808778335e-05,0.0049091658413234,6.502719414431507e-05,8.344585685634102e-05,0.0048766871448567,0.0579774105450881,3.527455139666219e-05,5.412756005179076e-05,5.249651727827268e-05,7.961493272480797e-05,4.323244802813213e-05,4.9109948947495785e-05,2.576211044328138e-05,6.67659162807853e-05,5.610786298456843e-05,7.218226208746923e-05,0.0069675384110303,6.188132395721826e-05,6.362182875026456e-05,6.818717800259703e-05,0.0145270821152177,2.7190509072764363e-05,4.821882118135562e-05,6.42657487368948e-05,6.813737013276783e-05,5.697987483696123e-05,4.560516642559716e-05,5.978846467466249e-05,0.0001089342134449,1.616641339363743e-05,3.017215768832111e-05,6.716715751175657e-05,0.000116268181133,7.413925331121893e-05,5.9024769090036966e-05,2.934076231742867e-06,0.1885487677563659,3.83864628507508e-05,5.357210256328737e-05,5.249690639327692e-05,4.343536233878295e-05,8.804516104425965e-05,4.287968214115627e-05,6.517317954723558e-05,5.031515352708173e-05,9.34893842019926e-05,5.350831286801501e-05,5.405605806386687e-05,0.0001142018209498,5.328863060264518e-05
uj1020,5.596328280345976e-05,5.641855667067916e-05,7.746376994454104e-05,5.839200781112992e-05,0.0543091103617116,7.664287925866956e-05,7.735588000918364e-05,0.1132071788233034,4.211304056161017e-05,6.803316385612591e-05,4.610898408131949e-05,8.615447850559664e-05,6.630682949798621e-05,8.508794321660712e-05,5.3036651152419146e-05,8.292245737243809e-05,3.5968700416099846e-05,5.519270733919351e-05,5.352956814780275e-05,8.118163237924354e-05,4.408319623663967e-05,5.007635735119737e-05,2.6269069227866826e-05,6.807976701688705e-05,5.721197959360818e-05,7.360269819409396e-05,0.2973620052739225,6.309905341501858e-05,6.487380867044026e-05,6.952899698752117e-05,5.41041591895078e-05,2.7725576549558868e-05,4.916769355864247e-05,6.553040001388777e-05,6.947820897527674e-05,5.810115130057913e-05,4.650260608966657e-05,6.0965009874654097e-05,0.0001110778715341,1.6484543591207546e-05,3.076589943256476e-05,6.848890405931473e-05,0.3346524584557108,7.559820000083416e-05,6.018628593331737e-05,2.9918143477097327e-06,0.1971787342636786,3.9141849510325735e-05,5.4626319300032e-05,5.352996491999292e-05,4.4290103589418345e-05,8.97777546502803e-05,4.372348845855989e-05,6.645568766952538e-05,5.130527850672879e-05,9.53291117620087e-05,5.456127432148401e-05,5.511979830191421e-05,0.0001164491374681,5.433726904637893e-05
uj1021,6.967407021368155e-05,7.024088441402967e-05,9.644209338267698e-05,7.269782343610104e-05,0.00024069765208,9.542008765999572e-05,9.630777083126696e-05,0.4043133329308059,5.2430572296946254e-05,8.47010253493845e-05,5.740550649335335e-05,0.0001072619918617,8.255174576362937e-05,0.0001059341595601,6.603042514982229e-05,0.0674771724201782,4.478089262717959e-05,6.87147067469103e-05,6.6644104898855e-05,0.0001010708177059,5.48834084773392e-05,6.234487083943967e-05,3.270488938717697e-05,8.475904610392914e-05,7.122869287829444e-05,9.163507401632772e-05,0.0088452603110815,7.855807697155064e-05,8.076764038677447e-05,8.656333180111292e-05,6.73594685190434e-05,3.451823535822567e-05,6.121358793908797e-05,8.158509406485336e-05,8.65001009226893e-05,7.233570820763254e-05,5.789556436832721e-05,7.590120103393646e-05,0.0001382915195957,2.0523192887878328e-05,3.830342556528978e-05,8.526842013620733e-05,0.024647214426531,9.411946603247568e-05,7.493169274479057e-05,3.724797268607353e-06,0.4904828846862651,4.873145095246616e-05,6.80095558330992e-05,6.664459887869413e-05,5.514100732971277e-05,0.0001117729566204,5.443557368761903e-05,8.273707361031995e-05,6.387487291559166e-05,0.0001186843747111,6.792857508687823e-05,6.862393527804472e-05,0.0001449787248681,6.76496893874685e-05
uj1023,4.91877121538883e-05,4.958786523301737e-05,6.808509843442476e-05,5.132238725859543e-05,0.000169925006395,6.736359439206438e-05,6.799027091861769e-05,4.922524708284272e-05,3.701434249924743e-05,5.9796272002588064e-05,4.052649028230254e-05,7.572360800177468e-05,5.82789479065775e-05,7.47861999697795e-05,4.66154128172428e-05,7.28828932114826e-05,3.161390815528043e-05,4.8510431582941634e-05,4.704865150643544e-05,7.13528328864608e-05,3.874596804705588e-05,4.401352686468329e-05,2.308862795395193e-05,5.9837232838731846e-05,5.028522708161351e-05,6.469149326416554e-05,0.1748800804657085,5.545954277665927e-05,5.701942536885569e-05,6.111100205078264e-05,4.755367582505607e-05,2.436879343568436e-05,4.321487655623341e-05,5.759652207202182e-05,6.106636303030344e-05,5.106674524471821e-05,4.087245579887182e-05,5.358387154850852e-05,9.762948308227028e-05,1.4488731620697802e-05,2.704101921181285e-05,6.019683495759076e-05,0.0001042023627285,6.644539624403921e-05,5.289942905058836e-05,2.629590252413171e-06,0.4586892958671655,3.4402878645383725e-05,4.8012617115275e-05,4.704900024073592e-05,0.0086869074976569,7.890820788817969e-05,3.842981070671829e-05,5.840978356393408e-05,4.509366042779811e-05,8.378745267147993e-05,4.7955447243859295e-05,0.3546156129380618,0.0001023504406356,4.77585626716744e-05
uj1024,3.294699191912689e-05,3.3215023093726604e-05,4.56048693810742e-05,3.437684340733414e-05,0.0001138194391932,4.51215903910107e-05,4.554135186297472e-05,3.297213362519114e-05,2.4793006013354444e-05,0.0318993723997123,2.714551845111679e-05,5.072130805995178e-05,0.2346394805696602,5.0093411914702254e-05,3.122401026889506e-05,4.881853594183652e-05,2.1175678455329555e-05,3.2493334765320894e-05,3.1514202899672964e-05,4.779366849106845e-05,2.5952886203596e-05,0.0289924989974925,1.546526165402161e-05,4.008027087400869e-05,3.368213112100224e-05,4.33317593455549e-05,0.0968643423710385,3.7147999524442667e-05,3.819284257384274e-05,4.093346900213006e-05,3.1852479095412654e-05,1.6322744141717458e-05,2.894625763909893e-05,3.857939440931506e-05,4.090356882213379e-05,3.4205608865279194e-05,2.737725362601257e-05,3.58916344265198e-05,6.53943362951436e-05,9.70486535604794e-06,1.811265867924954e-05,4.032114013963094e-05,6.979699303825604e-05,4.450656144092462e-05,3.543318005934916e-05,1.7613563429382417e-06,0.6055590799934378,2.304379112364468e-05,3.2159887883463016e-05,3.151443648943911e-05,2.607469776536496e-05,5.285442184240983e-05,2.574111718891432e-05,3.912413452079536e-05,3.020470765280494e-05,5.6122645376448045e-05,3.212159426887778e-05,3.245041138159967e-05,6.855653562404628e-05,3.198971673026647e-05
uj1025,0.0098324886479358,3.744460754798664e-05,5.141217067448147e-05,3.875437348015393e-05,0.0556352749640131,5.086735117915699e-05,0.0392327253749408,3.717078865581892e-05,2.795013501827949e-05,4.5153142355455406e-05,3.06022152150988e-05,5.7180134099745344e-05,4.4007386129991005e-05,5.6472281972910526e-05,3.5200060144287664e-05,5.50350639302914e-05,2.3872178775390665e-05,0.0065668618214671,3.552720575975613e-05,0.1078026879180721,2.925771377274021e-05,3.32353335338479e-05,1.7434600350199362e-05,4.518407255232986e-05,3.797119687819709e-05,4.884960394215588e-05,0.2757198848004975,4.187840723339041e-05,4.305630007494069e-05,4.6145916504026994e-05,3.590855787733726e-05,1.840127422967972e-05,3.2632259632048386e-05,4.349207522811071e-05,4.6112208850041165e-05,3.8561334017022624e-05,3.0863459431444846e-05,4.046205723128565e-05,7.372161842317658e-05,1.0940678064195052e-05,2.0419115590596416e-05,4.545561398995422e-05,0.2416972245693971,5.017400474969227e-05,3.99452235139366e-05,1.985646580084304e-06,0.261470784135133,2.597817597801473e-05,3.625511194694806e-05,3.5527469094726456e-05,2.939503675795612e-05,5.9584877526054416e-05,2.901897819747947e-05,4.4106182273361546e-05,3.405096004207098e-05,6.326927501287323e-05,3.621194204260412e-05,3.658263056225952e-05,7.72864906355229e-05,3.606327128408136e-05
uj1028,0.0001399758075016,0.0001411145421148,0.0001937529967315,0.0001460505537837,0.0004835636573306,0.0001916997784271,0.0001934831415682,0.0001400826224307,0.0001053334715846,0.0001701650898696,0.0001153281572585,0.0002154902660205,0.0001658471686596,0.0002128226394835,0.0001326556931678,0.0002074063090882,8.996519920407126e-05,0.0001380484380291,0.0001338885810722,0.0002030521437866,0.0001102612406092,0.0001252513827966,6.570440462543779e-05,0.0001702816540655,0.0001430990578323,0.0001840956533982,0.2269549176538745,0.0001578238536394,0.0001622628855823,0.0001739064795802,0.0001353257527501,0.0369842968667044,0.0001229786257005,0.0001639051570663,0.0001737794482006,0.0001453230611691,0.0001163126877526,0.0001524861669841,0.0002778288546466,4.123127137802749e-05,7.695191205474294e-05,0.000171304990886,0.1110413819134701,0.0001890868183688,0.2216402350228521,7.483149812463812e-06,0.3332202355798268,9.790190492498383e-05,0.0001366317837664,0.000133889573482,0.0001107787589236,0.0002245528330957,0.0001093615366573,0.0616911352178941,0.0001283251701529,0.0002384379316017,0.0001364690927494,0.0001378660773659,0.0002912635076684,0.0001359088089758
uj1030,7.326394682352565e-05,7.385996547588464e-05,0.0001014111617057,7.644349546501301e-05,0.0002530993227244,0.0001003364983096,0.0001012699183388,7.331985422231537e-05,5.513199744050831e-05,8.906514859923965e-05,0.0065008449889106,0.0001127885430525,8.680512984625553e-05,0.0001113922957135,6.94325671239661e-05,0.0001085573648126,4.7088176793544906e-05,7.225515325371695e-05,7.007786601869004e-05,0.0001062783757444,5.77112131937433e-05,6.555711885199093e-05,3.438997132768215e-05,8.91261588066609e-05,7.48986696390801e-05,9.635646617618968e-05,0.0415034108579471,0.3671900642728534,8.492910048473566e-05,9.102340825638464e-05,7.083008792948457e-05,0.0193577419363455,6.436754789683443e-05,8.578867252664151e-05,9.09569194794232e-05,7.606272266444114e-05,6.087856696458962e-05,7.98119234219806e-05,0.0001454168316381,2.1580626878479983e-05,4.027696566553122e-05,8.9661777752126e-05,0.0001552069821411,9.89688636434488e-05,7.879246232945204e-05,3.916713178643553e-06,0.5608378252523053,5.1242283108553854e-05,7.151367024729037e-05,7.00783854502742e-05,5.798208453173488e-05,0.0001175319301001,5.724030422977495e-05,8.700000649783072e-05,6.716595253148325e-05,0.0001247994510864,7.142851706093759e-05,7.215970488895707e-05,0.0001524485874975,7.113526209551454e-05
uj1031,7.995857986947632e-05,8.06090608643528e-05,0.0001106778002615,8.342866583975081e-05,0.0002762267566572,0.0001095049374453,0.0001105236505122,8.001959591359131e-05,6.016978898678599e-05,9.72036466314466e-05,6.587906751851004e-05,0.0001230948115552,9.473711434917309e-05,0.0001215709794492,7.577710053346066e-05,0.0001184770013237,5.139094886771342e-05,7.885760586083253e-05,7.648136484695383e-05,0.0001159897652774,6.298468550474739e-05,7.15475257750715e-05,3.753242062889382e-05,9.727023176307612e-05,8.174267860397137e-05,0.0001051612222755,0.0031219060024049,9.015394468355252e-05,9.268965922227564e-05,9.9340846004259e-05,7.730232247129137e-05,3.961343252058347e-05,7.024925550228095e-05,9.36277763009508e-05,9.926828168833563e-05,8.301309919740233e-05,6.644146227478866e-05,8.710489033364177e-05,0.0001587045723173,2.3552597869900984e-05,4.395735031617773e-05,9.785479391250192e-05,0.0001693893165178,0.0001080123325499,0.0563179366442603,4.27461032470391e-06,0.6612884038354957,5.592464457994444e-05,0.2601507910807114,0.0141344680242984,6.328030822850429e-05,0.0001282716346522,6.247074633494792e-05,9.494979822692273e-05,7.330336970425882e-05,0.0001362032392466,7.795543420739214e-05,7.875343571947436e-05,0.0001663788682962,7.763538250950341e-05
uj1032,5.680160915495642e-05,5.726370299521741e-05,0.509396421896618,5.926671630592615e-05,0.0051895398932138,7.779098462558968e-05,7.85146660811634e-05,5.684495421555728e-05,4.274389118144306e-05,6.90522962439914e-05,4.6799693676249136e-05,8.74450670131427e-05,6.730010150898628e-05,8.636255509460662e-05,5.3831136751349394e-05,8.416463041275653e-05,3.650750921853918e-05,5.6019490520147816e-05,5.433143761139622e-05,8.239772797392206e-05,4.4743559660871976e-05,5.082649794073186e-05,2.66625781833788e-05,6.909959751708213e-05,5.806901134213967e-05,7.470526184558781e-05,0.0171976995353666,6.404427314807248e-05,6.58456141222645e-05,7.057053685880564e-05,5.4914635989688136e-05,2.8140903890407724e-05,4.99042224234212e-05,6.651204116150757e-05,7.051898804542748e-05,5.89715027836869e-05,4.719921211678524e-05,6.187826177370134e-05,0.0350659240076286,1.6731480986453604e-05,3.122677061327078e-05,6.95148634059044e-05,0.0001203321240519,7.673065614013873e-05,6.108787259816352e-05,3.036631532850198e-06,0.4198381755965625,3.972819188066278e-05,5.544461802484621e-05,5.43318403272081e-05,4.4953566472393314e-05,9.112261959978394e-05,4.4378463483575854e-05,6.745118956629315e-05,5.207382825557246e-05,0.0100833806204739,5.537859867673272e-05,5.59454893102126e-05,0.0001181935380047,5.5151237817116e-05
uj1033,0.0001303519371634,0.0001314123794313,0.0001804317396411,0.0001360090214824,0.0004503168125976,0.0001785196879218,0.0001801804380489,0.183473949781764,9.809139389354486e-05,0.0116174342396407,0.0001073989068287,0.0002006744888064,0.0001544445436231,0.0001981902717625,0.0001235351085936,0.0001931463347283,8.3779748821339e-05,0.0001285570816892,0.0001246832307549,0.0001890915348888,0.0001026803600136,0.0001166398727848,6.11869763494693e-05,0.0001585741412535,0.0001332604521285,0.0001714383754747,0.2113509019379665,0.0001469728620945,0.0001511066936702,0.0001619497461967,0.0001260215914016,6.457953199246333e-05,0.0001145233764026,0.0001526360527295,0.0230797687454092,0.0001353315467582,0.0001083157470984,0.0001420021617434,0.0002587270618366,3.839646430171285e-05,7.166117476874749e-05,0.0001595271197668,0.1607017068711259,0.0001760863788278,0.0001401883265074,6.968654737912224e-06,0.3790638860748978,9.117077577008888e-05,0.0001272378278071,0.011583652803283,0.0001031622969711,0.0002091139698496,0.0001018425141379,0.0001547912700846,0.0001195023255435,0.0002220444149048,0.0001270863224176,0.011587355907367,0.0002712380312517,0.0001265645602893
uj1034,3.86570834809621e-05,3.897156753211417e-05,0.0204430932802322,4.033474463074728e-05,0.0001335456533771,5.294167949598058e-05,5.343419044519365e-05,0.3296703036997986,2.9089918301337805e-05,4.699444998422508e-05,3.185014812504399e-05,5.951189245895538e-05,0.0578162915686431,5.877517471052282e-05,3.6635489350224144e-05,5.7279348110270046e-05,2.4845666391124004e-05,3.812480233950126e-05,3.697597569207525e-05,5.6076859376290585e-05,3.0450819030974743e-05,3.459064282104716e-05,1.8145568866557647e-05,4.702664148882904e-05,3.951963073768223e-05,5.084165020314443e-05,0.2801669844267197,4.358617388476829e-05,4.48121002177187e-05,4.802770863770709e-05,3.7372879032156507e-05,1.915166290366087e-05,3.3962976066609534e-05,4.526564591956159e-05,4.799262641359847e-05,4.013383317870059e-05,3.2122045663472097e-05,4.211206630638338e-05,0.0034749920187616,1.1386829825348868e-05,2.125179015870768e-05,4.730925616066352e-05,0.0340645345523433,5.2220058975204486e-05,4.157415653946355e-05,2.0666195978018163e-06,0.2687350813693942,2.7037544409856784e-05,3.7733565288783935e-05,3.697624976562687e-05,3.059374193342992e-05,0.0034602787933165,3.0202348017313592e-05,4.590479573987334e-05,3.5439529900594274e-05,6.584934347922338e-05,3.768863495160952e-05,3.8074439841101713e-05,8.043816950845146e-05,3.753390152308059e-05
uj1037,9.15404491144976e-05,9.228515121536833e-05,0.2576349066991577,9.551317135022736e-05,0.0003162377496338,0.0001253665481599,0.0001265328201448,9.161030323259966e-05,6.888528430552545e-05,0.0001112834355329,7.542154247527929e-05,0.0001409248932612,0.0001084596300921,0.0001391803365723,8.675328934994572e-05,0.0001356382007862,5.88348435833904e-05,9.028000082515628e-05,8.755956519498593e-05,0.0001327906926751,7.21079139706052e-05,8.191106761991612e-05,4.2968930242778674e-05,0.0001113596654117,9.358297162661426e-05,0.0001203936529668,0.4139777985778922,0.000103212595812,0.0001061156044457,0.0001137302047321,8.849943718569043e-05,4.53513732962802e-05,8.042474502592747e-05,0.0001071896062457,0.0001136471295939,9.503741056083264e-05,7.606539919026125e-05,9.972189093686626e-05,0.0001816926695067,0.040262619996964,5.0324500465050174e-05,0.0081591600692093,0.0001939250813927,0.0001236577418917,9.844811399321334e-05,4.8937806243134704e-06,0.2742470751777813,6.402523768898319e-05,8.935354667735353e-05,8.756021420452691e-05,7.244635716138387e-05,0.0001468515706993,7.151953155438703e-05,0.0001087031208809,8.392124266448478e-05,0.0001559320552196,8.92471510863401e-05,9.01607418095533e-05,0.0001904785746803,8.888074042456476e-05
uj1038,7.142392878984763e-05,7.20049784824891e-05,9.886422867191043e-05,7.452362332719581e-05,0.0002467427539301,9.781655535907344e-05,9.872653262060532e-05,0.2261057425018457,5.37473618329348e-05,8.682828467502925e-05,5.884724109488417e-05,0.0252248740979906,8.462502610822455e-05,0.0001085946873152,6.768877387815049e-05,0.0001058309554721,4.590556108377646e-05,7.04404709880556e-05,6.831786614389957e-05,0.000103609203028,5.626180079342984e-05,6.39106571726305e-05,3.352627000985626e-05,8.688776261607992e-05,7.301759567556075e-05,9.39364814072454e-05,0.0906908925479329,8.053105665099514e-05,8.279611307071627e-05,8.873736280101198e-05,6.90511960629137e-05,3.538515801669051e-05,6.275096219474149e-05,8.363409703107689e-05,8.867254388424715e-05,7.415241360437451e-05,5.934960673331595e-05,7.78074534914606e-05,0.0001417646998022,2.1038631199075376e-05,0.1318925861203302,8.740992953552725e-05,0.0001513089714759,9.648326872573012e-05,7.681359608090954e-05,3.818345247431658e-06,0.5216375109008431,4.995533735836534e-05,6.971761026670435e-05,6.831837253000196e-05,5.652586921991691e-05,0.0001145801252863,5.5802718669585314e-05,8.481500844863049e-05,6.547908512581673e-05,0.0001216651230772,6.963459569566382e-05,7.034741980117185e-05,0.0001486198536883,6.934870580471792e-05
uj1039,3.714244541745939e-05,3.744460754798664e-05,0.2416699518327942,3.875437348015393e-05,0.0001283131497424,5.086735117915699e-05,5.134056486734576e-05,3.717078865581892e-05,2.795013501827949e-05,4.5153142355455406e-05,3.06022152150988e-05,5.7180134099745344e-05,4.4007386129991005e-05,0.1926982809315008,3.5200060144287664e-05,5.50350639302914e-05,2.3872178775390665e-05,3.663101978822927e-05,0.0065657580074386,0.0131143412937279,2.925771377274021e-05,3.32353335338479e-05,1.7434600350199362e-05,4.518407255232986e-05,3.797119687819709e-05,4.884960394215588e-05,0.007980421931662,4.187840723339041e-05,4.305630007494069e-05,4.6145916504026994e-05,3.590855787733726e-05,1.840127422967972e-05,3.2632259632048386e-05,0.0033086074760675,4.6112208850041165e-05,3.8561334017022624e-05,3.0863459431444846e-05,4.046205723128565e-05,7.372161842317658e-05,1.0940678064195052e-05,2.0419115590596416e-05,4.545561398995422e-05,7.868490727741432e-05,5.017400474969227e-05,3.99452235139366e-05,1.985646580084304e-06,0.4998242083964133,2.597817597801473e-05,0.0326874091203415,3.5527469094726456e-05,2.939503675795612e-05,5.9584877526054416e-05,2.901897819747947e-05,4.4106182273361546e-05,3.405096004207098e-05,6.326927501287323e-05,3.621194204260412e-05,3.658263056225952e-05,7.72864906355229e-05,3.606327128408136e-05
uj1040,7.995857986947632e-05,8.06090608643528e-05,0.3023573787902116,8.342866583975081e-05,0.0002762267566572,0.0352544701688349,0.0001105236505122,8.001959591359131e-05,6.016978898678599e-05,9.72036466314466e-05,6.587906751851004e-05,0.0001230948115552,9.473711434917309e-05,0.0001215709794492,7.577710053346066e-05,0.0001184770013237,0.0141093770414235,7.885760586083253e-05,7.648136484695383e-05,0.0001159897652774,6.298468550474739e-05,7.15475257750715e-05,3.753242062889382e-05,9.727023176307612e-05,8.174267860397137e-05,0.0001051612222755,0.0312378781875165,9.015394468355252e-05,9.268965922227564e-05,9.9340846004259e-05,7.730232247129137e-05,3.961343252058347e-05,7.024925550228095e-05,9.36277763009508e-05,9.926828168833563e-05,8.301309919740233e-05,6.644146227478866e-05,8.710489033364177e-05,0.0001587045723173,2.3552597869900984e-05,4.395735031617773e-05,9.785479391250192e-05,0.0001693893165178,0.0001080123325499,8.599227403701885e-05,4.27461032470391e-06,0.6120854525115503,5.592464457994444e-05,7.804836842875657e-05,7.64819317425909e-05,6.328030822850429e-05,0.0001282716346522,6.247074633494792e-05,9.494979822692273e-05,7.330336970425882e-05,0.0001362032392466,7.795543420739214e-05,7.875343571947436e-05,0.0001663788682962,7.763538250950341e-05
uj1041,4.1934702975479736e-05,4.227585119691973e-05,5.804556168360444e-05,4.375460804008169e-05,0.0001448685933793,5.74304475344175e-05,5.796471702677569e-05,0.3133853573430528,3.1556366225826114e-05,5.097897006521585e-05,3.455062775251847e-05,6.455772937459264e-05,4.968538407600225e-05,6.375854751255437e-05,3.9741703872192e-05,6.213589420982102e-05,2.6952256779866984e-05,4.135729129418717e-05,4.011105904146558e-05,6.083145002132907e-05,3.3032653693413884e-05,3.752348086854227e-05,1.968407785121583e-05,5.101389099205105e-05,4.287038305674316e-05,5.515236298418855e-05,0.377649368994332,4.728171634043512e-05,4.861158533242496e-05,5.2099835656432815e-05,4.054161463897929e-05,2.0775475618771232e-05,3.684259611095605e-05,4.910358582961595e-05,0.0147976331031445,4.3536661901695445e-05,0.0037212384097345,4.56826235510394e-05,8.323345802089701e-05,1.235228536559154e-05,2.305366643713624e-05,5.132046772399018e-05,8.883712901091029e-05,5.664764294920715e-05,4.509910600982339e-05,2.241842146208586e-06,0.2657155823325088,2.9329977637140367e-05,4.093288241391265e-05,4.011135635290104e-05,3.318769460501817e-05,6.727274181335644e-05,3.276311555919256e-05,4.9796927268185794e-05,3.844434256671105e-05,7.143251407705138e-05,4.088414256666252e-05,0.0037276954897663,8.725828341109636e-05,0.018472680445037
uj1043,6.924992115577338e-05,6.98132848083302e-05,9.585499085047955e-05,7.225526692651533e-05,0.085465871103565,9.483920670726282e-05,9.572148600332396e-05,6.93027654690553e-05,5.2111395050990425e-05,8.418539794315408e-05,5.70560437531514e-05,0.000106609021931,8.20492023484545e-05,0.000105289272964,6.562845720773595e-05,0.0001026096638263,4.450828370162302e-05,6.829639792640142e-05,6.623840110946404e-05,0.0001004555372725,5.454929930402609e-05,6.196533914061892e-05,3.2505794544863044e-05,8.424306548956398e-05,7.079507987294391e-05,9.10772347771937e-05,0.0696675842725948,7.807984548261405e-05,8.027595792191413e-05,8.603636738637108e-05,6.694940986987987e-05,3.43081015600574e-05,6.084094305734193e-05,8.10884352550432e-05,8.597352143332116e-05,7.189535611688642e-05,5.754311834344914e-05,7.543914358826249e-05,0.0001374496537829,2.0398255548894624e-05,3.807024897867229e-05,0.0670485369095605,0.0001467034161016,9.354650276614054e-05,7.447553729430957e-05,3.702122129240104e-06,0.5240227150251903,4.8434792540684045e-05,6.75955397013174e-05,6.623889208214309e-05,5.48053299932334e-05,0.0001110925256638,0.0487550406059702,8.223340199018537e-05,6.34860271500427e-05,0.0001179618696879,6.751505193486799e-05,0.0061558232309406,0.1949478418107474,6.723786398479753e-05
uj1045,6.527615859435724e-05,6.580719479651948e-05,9.03545517509216e-05,6.81090488545576e-05,0.0002255045250302,8.939705626610946e-05,9.022870780149036e-05,6.532597054673249e-05,0.02874058019386,7.935459413888817e-05,5.378200146133729e-05,0.0001004914851456,0.0230305082618643,9.924746722562776e-05,6.186250481583406e-05,9.672162187995276e-05,4.195426849850749e-05,6.437735131046334e-05,6.243744835653938e-05,9.469110539399416e-05,5.1419101323898135e-05,5.8409587153139344e-05,3.064051719529176e-05,7.940895255319932e-05,6.673265159524594e-05,8.585095726359473e-05,0.008286936777251,7.359939609579044e-05,7.566948919461617e-05,8.109934955394425e-05,6.310765735941289e-05,3.233940257445209e-05,5.7349712198339565e-05,7.64353442073945e-05,0.1091085847002545,6.776979077747888e-05,5.424112629026003e-05,7.111022538224745e-05,0.0001295623915425,1.922774411919838e-05,3.5885666995467734e-05,0.269779601739931,0.000138285145975,8.817853144950448e-05,7.020191362944269e-05,3.4896835579113047e-06,0.5513356806365556,4.565546280202366e-05,0.0058020085309213,6.243791115577333e-05,5.166044022500858e-05,0.0001047177123504,5.099953440799685e-05,7.751460941002604e-05,5.984301364690232e-05,0.0001111928733682,6.364084123205225e-05,6.42923094465484e-05,0.0001358274923264,6.33795591354482e-05
uj1046,0.0002356750762525,0.0002375923458978,0.0003262188880627,0.0002459030314886,0.0008141685613282,0.0003227619165397,0.0003257645371478,0.0002358549188769,0.0001773483174751,0.0002865042984665,0.0001941762133121,0.2282576004057483,0.0002792342821074,0.0003583261470948,0.0002233503143198,0.0003492067563821,0.0001514729978053,0.0002324299944381,0.0002254261083879,0.0003418757164134,0.0001856451250547,0.0002108837928367,0.0001106254776922,0.103875238200145,0.0002409336439506,0.0003099589702448,0.0092017071385081,0.0002657255521851,0.0002731994807897,0.0002928036177638,0.000227845851848,0.0001167591863831,0.0002070571872863,0.0002759645475832,0.0002925897370181,0.0002446781635596,0.0001958338518955,0.0002567385727067,0.0004677760941171,6.94204462859955e-05,0.00012956272991,0.0002884235319667,0.0004992689984221,0.0003183625165864,0.0002534591756617,1.2599262216372954e-05,0.6439085253490078,0.0001648359050059,0.0002300447958287,0.0002254277792926,0.0001865164625407,0.000378076090484,0.0001841303075926,0.0002798611602884,0.0002160590804991,0.0004014542135152,0.0002297708755097,0.0002321229566436,0.0004903958091368,0.0002288275344895
uj1047,1.6432277913973218e-05,1.6565958183220327e-05,2.2745381118244385e-05,1.714541485489952e-05,5.676732678440236e-05,2.250434622515912e-05,2.271370182222917e-05,1.6444817313694243e-05,1.2365485933716948e-05,1.997630946306148e-05,1.3538799062523333e-05,2.529719958189933e-05,1.946941271711793e-05,2.498403703324605e-05,1.55729426099557e-05,2.4348193969229792e-05,1.0561347580654386e-05,1.620601688087798e-05,1.5717675882396307e-05,2.3837042395291124e-05,1.2943974970887488e-05,1.4703723221601995e-05,7.71328314691045e-06,0.0592456173443652,1.6798927825452977e-05,2.1611669854879844e-05,0.029532132445873,1.8527526082871707e-05,0.0014635761368316,2.0415525043290027e-05,1.5886390782795127e-05,8.140951644804588e-06,1.443691585752964e-05,1.9241432791277704e-05,2.040061235965012e-05,1.7060011805345688e-05,1.365437673971091e-05,1.7900915298458955e-05,3.261535713607272e-05,0.001449367787857,0.5185944048649983,0.0043536926157582,3.481117760248236e-05,2.2197601176695787e-05,1.7672261660193143e-05,8.784746420476163e-07,0.3829155004115134,1.1493066828824878e-05,1.603971059574924e-05,1.5717792385048952e-05,1.3004728360484813e-05,2.6361087859819125e-05,1.2838355395317143e-05,1.9513121354673883e-05,1.506456649151834e-05,2.799111094441904e-05,0.0014605481080612,1.6184608887940515e-05,3.419250075875782e-05,1.5954837910281293e-05
uj1048,3.91897925403253e-05,3.9508610299248064e-05,5.424608638809822e-05,4.0890572487819896e-05,0.0001353859623964,5.367123562763497e-05,0.0034992639769507,3.921969810035902e-05,2.949078824857244e-05,4.764205107029036e-05,3.22890550709502e-05,6.0331988581011433e-05,4.643313904866485e-05,5.9585118586639856e-05,3.714034008684735e-05,5.806867893673517e-05,2.518804896064676e-05,3.865017636578251e-05,3.748551845775395e-05,0.0035019430628474,3.087044269893247e-05,3.506731480818874e-05,1.8395621587872607e-05,4.76746861858601e-05,4.006422602064039e-05,5.154226714620813e-05,0.3563747525022967,4.418680765225959e-05,4.5429627708296896e-05,4.868954841422212e-05,3.78878912742135e-05,1.9415579976858453e-05,3.4430998571269734e-05,4.588942343943457e-05,4.865398274395247e-05,4.068689240086861e-05,3.256469945908596e-05,4.26923863204621e-05,7.778526425142784e-05,1.1543744596438044e-05,0.2480682725717711,4.796119539350635e-05,0.1172161992122304,0.0310587806614064,4.214706395589767e-05,2.0950983883072804e-06,0.2379874168028423,2.741013187774372e-05,3.8253547922272245e-05,3.748579630814156e-05,3.1015335132404284e-05,6.286928506029667e-05,3.061854766183118e-05,4.653738098316752e-05,3.592789986898356e-05,6.675677204511032e-05,3.820799842825779e-05,3.859911985333085e-05,8.154663754993854e-05,3.8051132715248464e-05
uj1050,0.0002356750762525,0.0002375923458978,0.0003262188880627,0.0002459030314886,0.0008141685613282,0.0003227619165397,0.0003257645371478,0.0002358549188769,0.0001773483174751,0.0002865042984665,0.0001941762133121,0.0003628175881427,0.0002792342821074,0.0003583261470948,0.0002233503143198,0.0003492067563821,0.0001514729978053,0.0002324299944381,0.0002254261083879,0.0003418757164134,0.0001856451250547,0.0002108837928367,0.0001106254776922,0.0002867005557787,0.0002409336439506,0.0003099589702448,0.0092017071385081,0.2281605083697908,0.0002731994807897,0.0002928036177638,0.000227845851848,0.0001167591863831,0.0002070571872863,0.0002759645475832,0.0002925897370181,0.0002446781635596,0.0001958338518955,0.1867161063325659,0.0004677760941171,6.94204462859955e-05,0.00012956272991,0.0002884235319667,0.0004992689984221,0.0003183625165864,0.0002534591756617,1.2599262216372954e-05,0.5610376952335149,0.0001648359050059,0.0002300447958287,0.0002254277792926,0.0001865164625407,0.000378076090484,0.0001841303075926,0.0002798611602884,0.0002160590804991,0.0004014542135152,0.0002297708755097,0.0002321229566436,0.0004903958091368,0.0002288275344895
uj1051,0.0001090991530075,0.0001099866991058,0.0001510138659914,0.0001138338974319,0.0003768964536205,0.0001494135581815,0.0001508035370047,0.1343787085452285,8.209841927932877e-05,0.0001326291128988,8.988842071647672e-05,0.1152561214677167,0.0193106245401648,0.0001658770192,0.0001033937508528,0.0001616554535661,7.012016725255012e-05,0.0001075969335832,0.0001043546813773,0.0001582617546482,0.038448660947208,9.76227250983112e-05,5.121095581764057e-05,0.0001327199647058,0.0001115334591337,0.0001434867940154,0.0138503521483833,0.0001230101762853,0.0001264700214813,0.0001355452057279,0.0001054748336064,5.4050383870923695e-05,9.585130560377292e-05,0.0001277500314424,0.0097261266341571,0.0001132668792486,9.065577791149027e-05,0.0001188499067108,0.0002165437961318,3.213624457724466e-05,5.997742450880852e-05,0.0001335175681085,0.0002311225510857,0.0001473769796163,0.0001173318020148,5.832474346392667e-06,0.6433438508331131,7.630614958247618e-05,0.0001064927729219,0.0001043554548757,8.634255437076295e-05,0.0001750197004287,8.523795099938742e-05,0.0193109147358006,0.0001000184790724,0.0001858419454542,0.0001063659692086,0.0001074547990654,0.0002270149574831,0.0001059292759955
uj1052,5.6239961831347656e-05,5.669748654456277e-05,7.784674605836298e-05,5.868069430606527e-05,0.0001942878710022,7.702179693943341e-05,7.773832272180148e-05,0.4647865009536248,4.232124484378051e-05,6.836951563352178e-05,4.633694406246144e-05,8.658042094798039e-05,6.663464638450198e-05,8.550861277412451e-05,5.329886109344094e-05,8.33324209011406e-05,3.6146527458528144e-05,5.546557668938405e-05,5.379421504013048e-05,8.158298937625755e-05,4.43011408472834e-05,5.032393178175311e-05,2.6398941890323227e-05,6.841634919744318e-05,5.749483210161944e-05,7.39665854066756e-05,0.3383836526586123,6.341101125388994e-05,6.519454079012951e-05,6.987274407191022e-05,5.437164682460272e-05,2.7862650094624195e-05,4.941077561129958e-05,6.58543782807922e-05,6.982170496685721e-05,5.838839981881685e-05,4.673251211380616e-05,6.126641713352657e-05,0.0001116270336986,1.656604216076089e-05,3.09180041469539e-05,6.882750898824265e-05,0.0001191422948125,7.597195285160534e-05,6.048384322892305e-05,3.0066056938187966e-06,0.1932096353072835,3.9335364406696e-05,5.489638846259536e-05,5.3794613773937945e-05,4.450907113728738e-05,9.022161034705622e-05,4.3939654696074366e-05,6.6784240501685e-05,5.1558928647886735e-05,9.580041302688195e-05,5.4831021905674334e-05,5.539230719430907e-05,0.000117024854841,5.4605909162267657e-05
uj1053,7.830731514852137e-05,7.89443627342472e-05,0.0001083921375188,8.170573863365983e-05,0.0002705222594163,0.0001072434960807,0.0001082411711933,7.836707111971831e-05,5.892719250766678e-05,9.51962453907956e-05,6.451856586602569e-05,0.0001205527188869,9.278065070330508e-05,0.0001190603562018,7.421218963870218e-05,0.0001160302733697,5.0329648617256495e-05,7.722907790611491e-05,7.49019098367671e-05,0.000113594402482,6.168395718635795e-05,7.006996194919006e-05,3.675731979321486e-05,9.52614554394887e-05,8.005456956557381e-05,0.0001029894851506,0.0512442704640892,8.829213037226928e-05,9.077547859874624e-05,9.728930838785278e-05,7.570591345360877e-05,3.879535566499215e-05,6.879850290670429e-05,9.169422215129488e-05,9.721824263399844e-05,8.129875406639116e-05,6.50693463262299e-05,8.530604357241384e-05,0.0001554270846261,2.3066201362948355e-05,0.0964167225805168,9.583394550289034e-05,0.137842566909218,0.0620602857970977,8.42164044727543e-05,4.186333203767851e-06,0.6407479716772104,5.476971670631846e-05,0.006960270339262,7.490246502515816e-05,6.197347485703299e-05,0.0001256226328147,6.118063163202279e-05,9.298894233966402e-05,7.178954506508501e-05,0.000133390437866,7.634553745180291e-05,7.712705903457273e-05,0.0001629428948712,7.603209530198856e-05
uj1054,0.0001080627576318,0.0001089418724211,0.000149579298737,0.0001127525240056,0.0003733160982199,0.000147994193168,0.0001493709677859,0.0001081452198516,8.131851934654332e-05,0.0001313691929498,8.903451909583221e-05,0.0001663606933557,0.0001280357135327,0.2946510663943391,0.0001024115543617,0.0001601197957729,6.94540556001308e-05,0.0001065748086506,0.0001033633564565,0.0191559044733525,8.512280752519443e-05,9.669535088805434e-05,5.072447360092252e-05,0.0001314591817033,0.000110473938889,0.0001421237307312,0.0042192066472164,0.0001218416321274,0.0001252686102712,0.0001342575841419,0.0001044728677176,5.353692829993958e-05,9.494075912244012e-05,0.0001265364606841,0.0001341595146152,0.0001121908922529,8.97945867251018e-05,0.0001177208833378,0.0002144867225179,3.1830963973722973e-05,5.940766458220245e-05,0.0001322492082143,0.0002289269855238,0.0001459769612298,0.0001162171999883,5.777068330166606e-06,0.6752306511893076,7.558127373891078e-05,0.0001054811370442,0.000103364122607,8.552233696656213e-05,0.0001733570879959,8.442822685562513e-05,0.0001283231524338,9.906834622224916e-05,0.0001840765263141,0.0001053555379121,0.0001064340243501,0.0002248584123068,0.0001049229930981
uj1055,3.7758880935768594e-05,3.8066057907603454e-05,5.226543404260176e-05,0.0365517522283565,0.0001304427021205,5.171157243698511e-05,5.219263982790862e-05,0.0564659721798658,2.8414010128632524e-05,4.590252760455079e-05,3.111010564033886e-05,0.0166546539742316,4.4737755807420016e-05,5.740952560393195e-05,3.578425881714509e-05,5.594845473635562e-05,2.4268373983627028e-05,3.723896741837474e-05,3.611683391294979e-05,5.4773905990191295e-05,2.9743290146383173e-05,3.378692457269443e-05,1.7723954128137128e-05,4.593397113520624e-05,3.860138679071776e-05,4.966033760782689e-05,0.2869344866592924,4.257344325965981e-05,4.377088502902388e-05,4.691177835394821e-05,3.650451515042643e-05,1.8706671434678788e-05,3.317384173989815e-05,4.421389253535191e-05,4.6877511270045416e-05,3.92013181552319e-05,3.137568560281305e-05,4.113358676955078e-05,7.494514109521698e-05,1.1122255299548166e-05,2.07580019498825e-05,4.621001921704757e-05,0.2954981331086508,5.1006718866275086e-05,4.060817540856914e-05,2.0186014128912414e-06,0.3056419501378957,2.640932342115556e-05,3.685682081326492e-05,3.6117101618365496e-05,2.98828922159355e-05,6.057377942651728e-05,2.9500592390215368e-05,4.483819162343895e-05,3.4616087646528424e-05,6.431932510777826e-05,3.681293443853082e-05,3.7189775099413776e-05,7.856917779781763e-05,3.666179626206998e-05
uj1057,6.527615859435724e-05,6.580719479651948e-05,0.0173052300133882,6.81090488545576e-05,0.0002255045250302,0.0058276888768118,9.022870780149036e-05,6.532597054673249e-05,4.9121091131207154e-05,7.935459413888817e-05,5.378200146133729e-05,0.0001004914851456,7.73409796812701e-05,9.924746722562776e-05,6.186250481583406e-05,9.672162187995276e-05,4.195426849850749e-05,6.437735131046334e-05,6.243744835653938e-05,9.469110539399416e-05,5.1419101323898135e-05,5.8409587153139344e-05,3.064051719529176e-05,7.940895255319932e-05,6.673265159524594e-05,8.585095726359473e-05,0.2952015278045392,7.359939609579044e-05,0.0287671285919234,8.109934955394425e-05,6.310765735941289e-05,3.233940257445209e-05,5.7349712198339565e-05,7.64353442073945e-05,8.104010988507773e-05,6.776979077747888e-05,5.424112629026003e-05,7.111022538224745e-05,0.0001295623915425,1.922774411919838e-05,3.5885666995467734e-05,7.988617428020428e-05,0.3788655453019954,8.817853144950448e-05,7.020191362944269e-05,3.4896835579113047e-06,0.2701593814298132,4.565546280202366e-05,6.371671037558294e-05,6.243791115577333e-05,5.166044022500858e-05,0.0001047177123504,5.099953440799685e-05,7.751460941002604e-05,5.984301364690232e-05,0.0001111928733682,6.364084123205225e-05,6.42923094465484e-05,0.0001358274923264,6.33795591354482e-05
uj1058,2.141205704365727e-05,2.158624893389402e-05,2.9638337455906263e-05,2.2341309149725207e-05,7.397058677360546e-05,2.932425727132852e-05,2.9597057792981163e-05,2.1428396491147472e-05,1.6112829369818578e-05,2.6030102459568228e-05,1.764171342202359e-05,3.296348098103948e-05,2.5369591354765283e-05,3.255541495447849e-05,2.029230136245588e-05,3.172688052797924e-05,1.3761949380284315e-05,2.111722791693757e-05,2.048089585324028e-05,3.106082517543295e-05,1.686662871083952e-05,1.9159666238809643e-05,1.005078295292736e-05,2.604793324944767e-05,2.188981970448597e-05,2.8161056559777075e-05,0.3001200531466978,2.414226727670859e-05,2.482130465378809e-05,2.660242171485051e-05,0.131780969891974,1.0608055798519733e-05,1.881200327150265e-05,2.5072522427227933e-05,2.658298976302719e-05,2.223002482394138e-05,1.7792316754675933e-05,2.3325762959397382e-05,0.0414528697011169,6.307135143468919e-06,1.1771310771082457e-05,2.6204472774155337e-05,4.536065690243726e-05,2.8924553559527792e-05,2.302781615181424e-05,1.144695169191052e-06,0.2674358982278989,0.2560063560923855,2.090052274176115e-05,2.048104766186092e-05,1.6945793331256954e-05,3.434977913240691e-05,1.6729001268747882e-05,2.5426545834573144e-05,1.962986256336781e-05,3.647377846181531e-05,2.087563594596748e-05,2.1089332261303768e-05,0.0019268440502156,2.078992950616703e-05
uj1059,3.465321687136246e-05,0.0274515674319217,4.79666074806383e-05,3.615711603873747e-05,0.0001197138033184,4.745830093498606e-05,4.789980058259932e-05,3.467966059025792e-05,2.607696072475114e-05,4.212704944116537e-05,2.855130265855996e-05,5.334801102677637e-05,4.105808000427234e-05,5.268759804135319e-05,3.284100721843205e-05,5.1346700102013295e-05,2.227230272529896e-05,3.417606618717639e-05,3.314622804689197e-05,5.0268757869136826e-05,2.72969075980772e-05,3.100795350968239e-05,1.626616072825924e-05,4.215590674466593e-05,3.542642670659593e-05,4.5575779959064426e-05,0.0013530015906978,3.907178194044657e-05,4.017073424772464e-05,4.3053289420468456e-05,3.350202254255219e-05,1.716804963764612e-05,3.0445296676680927e-05,4.05773044323268e-05,4.302184080068408e-05,3.597701377822567e-05,2.879503869649928e-05,3.775035349821428e-05,0.0061613658672668,1.0207450947752978e-05,1.905065842944587e-05,4.2409249900233584e-05,0.3382118766426565,0.0457411985937525,3.726815716750876e-05,1.8525716547784385e-06,0.5211600370215396,2.423715929230112e-05,3.382535110094138e-05,3.3146473733564825e-05,2.742502741180041e-05,5.5591592313233614e-05,2.7074171707334497e-05,4.115025498477765e-05,0.0579113260028621,5.902906724833896e-05,3.378507437600492e-05,3.413091993137873e-05,7.210687102363908e-05,3.364636729897716e-05
uj1060,0.0001181654495301,0.0001191267519856,0.0001635633354451,0.0208986532107686,0.000408217090973,0.0001618300397546,0.0001633355278171,0.0001182556210701,8.892091599628832e-05,0.0001436507829293,9.73582777565288e-05,0.2910369473462452,0.0001400056594618,0.0001796616380617,0.0001119859202507,0.000175089254252,7.59472539988309e-05,0.000116538393511,0.0001130267054838,0.0001714135340732,9.30808637213312e-05,0.000105735313956,5.546665989824501e-05,0.0001437491846521,0.0001208020499964,0.0001554107529624,0.0253890161080138,0.0001332324988492,0.000136979862157,0.0001468092072665,0.0001142399439741,5.854204850645254e-05,0.0001038166869538,0.0001383662427867,0.0001467019693062,0.0001226795198159,9.818940343806954e-05,0.0001287265048897,0.000234538897026,3.480681272031322e-05,6.496163474568046e-05,0.0001446130700448,0.0002503291674839,0.0001596242185816,0.0001270822435101,6.317161352906493e-06,0.6552559309960437,8.264730035712145e-05,0.0001153424755108,0.0001130275432611,9.351774481778237e-05,0.0001895640892495,9.232134731759282e-05,0.0001403199707722,0.000108330158531,0.0002012856784014,0.0001152051342266,0.0001163844474104,0.0002458802269454,0.0001147321511794
uj1061,8.938262792122093e-05,0.2358133571652069,0.0001237224655073,0.0079507032835098,0.3774659791139761,0.0001224113671752,0.0001235501474183,8.945083541536673e-05,6.72614980141404e-05,0.0001086602262524,7.364368138373916e-05,0.0001376029659135,0.0001059029844705,0.0001358995324813,8.470831264121632e-05,0.0001324408930702,5.7447969544477134e-05,0.0079455934709797,8.549558269020808e-05,0.000129660507345,7.04081628062415e-05,7.9980233334265e-05,4.195605266541041e-05,0.0001087346592158,9.137700342939536e-05,0.0001175556946826,0.1134940410279916,0.0001007796349864,0.0001036142129579,0.0001110493194135,8.641329971313464e-05,4.428233599758274e-05,7.852894681912869e-05,0.0001046628980387,0.0001109682025495,9.279715785674336e-05,7.42723608991502e-05,9.737121414011983e-05,0.0001774097508984,2.6328545297077548e-05,4.913823499776235e-05,0.0001093881188093,0.0001893538163991,0.0001207428414433,9.61274630802277e-05,4.77842283823595e-06,0.2520675509036792,6.251601399468972e-05,8.724727585849763e-05,8.549621640108539e-05,7.073862810422145e-05,0.0001433899377863,6.983364993140911e-05,0.0001061407356154,8.194302387990094e-05,0.0001522563741767,8.714338825890636e-05,8.803544352491347e-05,0.0001859885518621,8.67856147482382e-05
uj1062,0.0002512937686613,0.0002533380998752,0.0003478381129363,0.0002621995524118,0.0008681252568369,0.0003441520405014,0.0003473536512125,0.0002514855298419,0.0001891015705723,0.0003054915523702,0.0002070446871323,0.0224775766969091,0.0002977397364456,0.0003820731888377,0.0002381522183406,0.0003723494365575,0.0001615114380111,0.0002478336283201,0.0002403655797305,0.000364532552858,0.0001979482253721,0.0002248595137602,0.0001179568651946,0.0003057008160751,0.0002569008329112,0.0003305006155159,0.0319022384015398,0.0002833357540391,0.0002913049959107,0.0003122083410581,0.0002429456847757,0.0001244970679064,0.0002207793108587,0.0002942533096067,0.000311980285977,0.00026089350986,0.0002088121809774,0.0223644675977685,0.0004987766184255,7.402108804526802e-05,0.0001381491297038,0.0003075379775878,0.0005323566249953,0.0003394610828843,0.066542399687251,1.3434242326553596e-05,0.8412167242343743,0.0001757599337117,0.0002452903574869,0.0002403673613697,0.0001988773082607,0.0004031320033039,0.0001963330177102,0.0002984081591872,0.0002303777788278,0.0004280594446531,0.0002449982838813,0.000247506242473,0.0005228953904387,0.0002439924256299
uj1063,5.4883264414328685e-05,5.532975208952975e-05,7.596882018747728e-05,5.726511819609814e-05,0.0001896009927725,7.516377162150646e-05,7.586301238719758e-05,5.49251455944115e-05,4.130031378879923e-05,6.672021250026227e-05,4.5219140808778335e-05,0.1737727569584728,6.502719414431507e-05,8.344585685634102e-05,5.201311293819915e-05,8.13221620654474e-05,3.527455139666219e-05,5.412756005179076e-05,5.249651727827268e-05,7.961493272480797e-05,4.323244802813213e-05,4.9109948947495785e-05,2.576211044328138e-05,6.67659162807853e-05,5.610786298456843e-05,0.004896856294006,0.3495193946772478,6.188132395721826e-05,6.362182875026456e-05,6.818717800259703e-05,5.306001946206618e-05,2.7190509072764363e-05,0.0048728928530999,6.42657487368948e-05,6.813737013276783e-05,5.697987483696123e-05,4.560516642559716e-05,5.978846467466249e-05,0.0001089342134449,1.616641339363743e-05,3.017215768832111e-05,6.716715751175657e-05,0.1352071410748526,7.413925331121893e-05,5.9024769090036966e-05,2.934076231742867e-06,0.3284643146820041,3.83864628507508e-05,5.357210256328737e-05,5.249690639327692e-05,4.343536233878295e-05,8.804516104425965e-05,4.287968214115627e-05,6.517317954723558e-05,5.031515352708173e-05,9.34893842019926e-05,5.350831286801501e-05,5.405605806386687e-05,0.0001142018209498,5.328863060264518e-05
uj1066,0.0001952282569615,0.0001968164826531,0.0002702328388606,0.068852146754942,0.0006744400452878,0.0002673691566438,0.0002698564641562,0.0001953772347942,0.0001469116015417,0.0002373341114003,0.0001608514751372,0.0003005504292367,0.0002313117833526,0.000296829814308,0.00018501868441,0.0002892755035947,0.1717465917226343,0.0001925400997053,0.0001867382283862,0.0002832026248772,0.0001537845017561,0.0001746916812401,9.163980989764994e-05,0.0002374966868139,0.0001995843434096,0.0002567634662634,0.573972178377891,0.0002201214367176,0.000226312681364,0.000242552334498,0.0001887426927764,9.672084466582522e-05,0.0001715218019997,0.0002286032043122,0.0002423751602043,0.0002026862243893,0.0001622246279392,0.000212676812675,0.0175496073083754,5.750643191214638e-05,0.0001073270297806,0.0002389239639079,0.000413583896383,0.0002637247866145,0.0002099602294063,1.0436962790533e-05,0.1558337741534747,0.0001365465832479,0.00019056425154,0.0001867396125284,0.0001545062993315,0.0003131902503976,0.0001525296589554,0.0002318310760014,0.000178978780265,0.0003325561938949,0.0001903373417315,0.0001922857560794,0.0004062335337336,0.0001895558979488
uj1067,0.0001856688485367,0.0001871793062951,0.0002570008092526,0.0001937266062843,0.0006414158921697,0.000254277348069,0.0002566428638451,0.0001858105316266,0.0001397180322126,0.0002257129775578,0.0001529753358402,0.0002858338899917,0.0002199855345558,0.0002822954560559,0.0001759591906768,0.0002751110443655,0.000119333013631,0.0001831123176831,0.0001775945366818,0.000269335525922,0.0001462543988676,0.0001661378522229,8.715263993358793e-05,0.0002258675924189,0.0001898116379441,0.0002441909684049,0.2357539535761676,0.0002093431265008,0.0002152312150511,0.0002306756888427,0.0001795008518897,9.198488035546792e-05,0.0001631231870421,0.032860936953322,0.0002305071899399,0.0001927616344188,0.0001542812518156,0.0002022630306412,0.000368521992859,5.46906127359089e-05,0.0001020717305291,0.0002272249824746,0.00039333264052,0.0002508114256789,0.000199679465663,9.925913869741716e-06,0.5725691838743053,0.0001298605400563,0.0001812332174983,0.0001775958530491,0.0001469408534145,0.0002978547986306,0.0001450609998098,0.0002204793998889,0.0001702150321963,0.1472121456545731,0.0001810174183946,0.0001828704280668,0.0003863421905172,0.0001802742382341
uj1069,5.5149342012614346e-05,5.559799428880169e-05,7.633712191726289e-05,5.754274317481905e-05,0.0001905201905885,7.55281704240296e-05,7.623080115395742e-05,5.519142623535376e-05,0.0097376292646716,6.704367638471998e-05,4.5438366113820495e-05,8.49014311349484e-05,6.534245016681684e-05,8.385040774113546e-05,5.2265275857399405e-05,8.171641714121002e-05,3.544556469217923e-05,5.438997394668807e-05,5.275102377282655e-05,8.000091104284622e-05,4.344204171870589e-05,4.9348037140815226e-05,2.588700681281527e-05,6.708960174011258e-05,5.637987751554041e-05,7.253220633987499e-05,0.4093906595442838,6.218132859857801e-05,6.393027147088363e-05,6.851775383022712e-05,5.33172578514753e-05,2.73223304107888e-05,4.845258912990992e-05,6.457731322305314e-05,6.846770448863924e-05,5.725611693751817e-05,4.5826263207675095e-05,6.007832299951949e-05,0.0001094623335229,1.624478920627494e-05,3.031843425073908e-05,6.749278821439635e-05,0.0001168318567584,7.449868518303358e-05,5.931092496954661e-05,2.948300822157816e-06,0.2767280228365838,3.857256289328659e-05,5.383182356452998e-05,5.2751414774285376e-05,4.364593977099475e-05,8.847200965177823e-05,4.308756560000521e-05,6.548914331636665e-05,0.2909344208137317,0.0097900713510571,5.37677246127093e-05,5.431812531252471e-05,0.0001147554787281,5.354697731357773e-05
uj1071,4.676136419184362e-05,4.714177838567929e-05,6.472657386399669e-05,4.879073932704354e-05,0.0001615428886889,6.404066041502089e-05,6.463642403169324e-05,4.679704758523385e-05,3.5188486598316425e-05,5.6846621442354e-05,3.85273859776004e-05,7.198828846955178e-05,5.540414441824216e-05,7.109712121535331e-05,4.4315952099591846e-05,6.928770141117395e-05,3.005444669090393e-05,4.611749274405169e-05,4.472781984542138e-05,6.783311641502714e-05,3.683469394033794e-05,4.184241284993884e-05,2.1949704370614443e-05,5.6885561748634746e-05,4.78047405351218e-05,0.5097876327015975,0.0717075610456393,5.2723815850164285e-05,5.420675203068855e-05,5.809649804578791e-05,4.520793215507452e-05,2.316672142011316e-05,4.108315863176108e-05,5.475538151413018e-05,5.805406099388224e-05,4.854770770816587e-05,3.8856285591136015e-05,5.094066836143144e-05,9.281358319713164e-05,1.3774026607980244e-05,2.570713074692708e-05,5.7227425293568726e-05,9.906223363179666e-05,6.316775545319322e-05,0.0247144576817569,2.4998769425118302e-06,0.3908452756708295,3.270584190928706e-05,4.56442346354066e-05,4.472815137723932e-05,3.7007579975476966e-05,7.501579734468691e-05,3.6534132115319566e-05,5.552852617041209e-05,4.286926522238961e-05,7.965435710488141e-05,4.558988485858213e-05,4.605657197825124e-05,9.730166377301506e-05,4.540271227460648e-05
uj1072,0.0001435075228,0.0001446749887099,0.0001986415587972,0.000149735540385,0.0004957644025653,0.0001965365359516,0.0001983648949458,0.0001436170327657,0.0001079911296447,0.0001744585078671,0.0001182379902118,0.0002209272789069,0.0001700316416282,0.0002181923457572,0.0001360027154093,0.000212639356483,9.223510195387366e-05,0.0001415315240653,0.0001372667101825,0.0002081753316817,0.0001130432307061,0.0001284115876396,6.736218574583642e-05,0.0001745780130823,0.0001467095755407,0.0001887405520209,0.5732983147636551,0.0001618058911664,0.0001663569238708,0.0001782942961993,0.0001387401429921,7.109713028813902e-05,0.0001260814868414,0.0001680406313388,0.0001781640597039,0.0001489896924785,0.0001192473612941,0.0001563335298845,0.0002848387260938,4.227157337376407e-05,7.889347788598616e-05,0.0127910760869933,0.0003040154195077,0.000193857648565,0.0001543366358824,7.671956400864344e-06,0.2154731921263822,0.0001003720578859,0.0001400791263436,0.0001372677276316,0.0001135738064722,0.000230218502686,0.0001121208264157,0.0001704133609695,0.0001315629294107,0.1894761876954481,0.0001399123304861,0.0001413445622788,0.0002986123474734,0.00013933791025
uj1073,0.0002262983117771,0.0002281392993387,0.0003132396722312,0.0002361193290848,0.0007817753742156,0.0003099202426506,0.0003128033984995,0.0002264709990334,0.0001702921899053,0.0002751052003072,0.0001864505570912,0.0003483822260092,0.0002681244348618,0.0003440694851681,0.000214463913067,0.0003353129261143,0.0001454463672112,0.0002231823414851,0.0002164571178669,0.0003282735649953,0.0001782588938023,0.0002024933949697,0.0001062240404856,0.0002752936491629,0.0400181788511448,0.0002976266850188,0.008835600369897,0.0002551531744966,0.0002623297391654,0.000281153889651,0.0002187805874024,0.0001121137083442,0.0001988190379283,0.0002649847927131,0.119641442098787,0.0002349431947694,0.039974873436903,0.0002465237584536,0.0004491647656242,6.665842670824308e-05,0.0001244078394461,0.0002769480735882,0.0004794046670618,0.0003056958808807,0.0002433748382252,1.2097977497408554e-05,0.6182894455469462,0.0001582776066788,0.0002208920423701,0.159363783495951,0.0001790955635308,0.0003630336408936,0.0001768043461268,0.0002687263715464,0.0002074627743355,0.0003854816224902,0.0002206290204726,0.0002228875197515,0.0004708845138607,0.0002197232120024
uj1077,0.1809748732865401,0.0002590609411406,0.0003556956847243,0.000268122571567,0.000887735978816,0.0229416642020693,0.0003552002791372,0.0002571665220359,0.0001933733254799,0.0003123925264558,0.0002117217723393,0.0003956014049672,0.0003044655990416,0.0003907041220158,0.000243532014523,0.0003807607127207,0.0001651599390567,0.0002534321250161,0.0002457953751665,0.0003727672476675,0.0002024198238925,0.0002299390312308,0.0001206214798578,0.000312606517373,0.0002627041553819,0.0003379665377821,0.0100331637468982,0.0002897362344484,0.0002978854994048,0.0003192610456395,0.0002484337641083,0.0001273094240344,0.0002257666576152,0.0003009004147343,0.0003190278388539,0.0002667870258564,0.0002135291934071,0.0002799372009278,0.000510043851485,7.56932050201146e-05,0.000141269882329,0.0003144851798826,0.0005443824216005,0.0003471294197594,0.0002763614810045,1.3737718339020409e-05,0.7698606380871531,0.00017973030454,0.0002508314023614,0.0002457971970525,0.0002033698945201,0.0004122386495804,0.0002007681291129,0.0003051491212777,0.0002355819524597,0.0004377291952951,0.0002505327308896,0.0002530973436085,0.0005347074602354,0.000249504150564
uj1078,7.940047448643997e-05,8.004641516875216e-05,0.0001099052768349,8.284633949552718e-05,0.0002742987129115,0.0001087406005204,0.0001097522030402,7.946106464276746e-05,5.974980800182472e-05,9.65251718695845e-05,6.54192361624315e-05,0.0001222356182445,9.407585581284198e-05,0.0489802405332812,7.524818158833123e-05,0.0001176500400106,5.103224358243651e-05,7.830718520058403e-05,7.594753018539867e-05,0.2583726330365973,6.254505673587189e-05,7.104812897058619e-05,3.727044691668478e-05,9.659129224157908e-05,8.117212033458792e-05,0.0001044272041834,0.470755502946318,8.952467635597607e-05,9.20426917817808e-05,0.0140585097711377,7.676275758203413e-05,3.933693348863e-05,6.97589205349251e-05,9.2974260867828e-05,9.857539591590862e-05,8.243367347973413e-05,6.597770544202727e-05,8.649690419552685e-05,0.0001575968253279,2.338820235816053e-05,4.365053103705196e-05,9.71717741874439e-05,0.0001682069907494,0.0001072584139044,8.53920538840604e-05,4.244773838907209e-06,0.1820373375090835,5.553429441070166e-05,7.7503596190075e-05,0.0210157415692238,6.283861603336802e-05,0.0001273763074727,6.203470482609737e-05,9.428705517176637e-05,7.279171723002236e-05,0.0001352525500131,7.741131064317798e-05,7.820374215964133e-05,0.0001652175552492,7.709349288410774e-05
uj1083,4.0016965656367726e-05,4.034251265425818e-05,5.539105045660098e-05,0.137236285835823,0.0001382435337466,5.4804066406728185e-05,5.531390294806351e-05,4.0047502428604334e-05,3.011324592514774e-05,4.864762474863822e-05,3.2970575348701635e-05,6.16054068809486e-05,4.741319640097144e-05,6.0842772812809926e-05,3.792425571510441e-05,5.929432589700274e-05,2.5719689359721825e-05,3.946595988357422e-05,3.827671971449092e-05,0.1583594328345005,3.152202053656992e-05,0.0176248500641326,1.878389523373896e-05,4.8680948688733136e-05,4.090985567395434e-05,5.263016210455349e-05,0.2829871054333033,4.511945202224644e-05,4.6388504096158666e-05,0.0492990364799128,3.868758535407677e-05,1.982538173257593e-05,3.515772853156089e-05,4.6858004667332856e-05,4.9680915113466245e-05,4.154566458075905e-05,3.325203772189611e-05,4.359348816190836e-05,7.94270662422608e-05,1.178739669484628e-05,2.199938744308429e-05,4.897350520356581e-05,8.477447289226296e-05,5.405706065780643e-05,4.3036655759390026e-05,2.1393193180427053e-06,0.3450270287891613,0.0070636057089429,3.906095986256218e-05,3.827700342942528e-05,3.166997119306148e-05,6.41962576992351e-05,3.126480878842607e-05,4.75196385544647e-05,3.668622470208666e-05,6.81657972930156e-05,3.901444896215959e-05,3.941382572891622e-05,8.326783028693906e-05,3.885427230790207e-05
uj1089,0.3153619511830202,6.695990115584082e-05,9.193723988584304e-05,6.930207545270898e-05,0.000229454556647,9.09629725094805e-05,9.180919160113756e-05,6.64702475807391e-05,4.998151671687185e-05,8.074460241363837e-05,5.472406950257816e-05,0.0001022517360474,7.86957166426374e-05,0.0059397920684986,6.29461143349034e-05,0.0059372219793889,4.268915702017202e-05,6.550501193300305e-05,6.35311288272375e-05,9.63497544170429e-05,5.231977981763908e-05,5.9432713921647625e-05,3.117722931519169e-05,8.079991299267942e-05,6.790156864308647e-05,8.735475855306718e-05,0.0317873187937275,7.488859391350862e-05,7.699494762922862e-05,8.251991969459094e-05,6.421307749143643e-05,3.290587308150667e-05,5.835427375366317e-05,7.77742176788624e-05,8.24596423588973e-05,6.895687478919865e-05,5.5191236554112846e-05,7.235582184422011e-05,0.0001318318606047,1.956454533052696e-05,3.651425535396059e-05,8.128549393513531e-05,0.0001407074064536,8.972310350232866e-05,7.14315997226944e-05,3.5508103152766903e-06,0.6310587808036116,4.645518299177464e-05,6.48327989350797e-05,6.353159973305648e-05,5.25653461119232e-05,0.0001065519916162,5.189286359208228e-05,7.887238774237296e-05,6.089124891365444e-05,0.0001131405742638,6.47556008358855e-05,6.541848044021627e-05,0.005977012844625,6.448974201275083e-05
uj1092,0.003993303469085,4.528043786447302e-05,6.217091731353218e-05,4.686429142289264e-05,0.0001551645479702,6.151208639178253e-05,6.208432694677273e-05,4.494931837505041e-05,3.379910846647092e-05,5.460209602121567e-05,3.700617512913468e-05,6.91459112201316e-05,0.0040016049987774,6.828993071064693e-05,4.256618617638127e-05,6.65519538285788e-05,2.8867780396507053e-05,4.429659499856027e-05,4.296179178380741e-05,6.515480149805431e-05,3.538031714834552e-05,4.019031186415396e-05,2.108304478388289e-05,5.4639498812950495e-05,4.591722369314359e-05,0.0434913447731425,0.3689537883193497,5.0642074807820834e-05,5.20664589078404e-05,5.5802622641510506e-05,4.342294739459832e-05,2.225200927306668e-05,3.946103595164446e-05,5.259342636826068e-05,5.5761861169250273e-05,4.663085563632426e-05,3.732208850839899e-05,4.892933290813709e-05,8.914894242117716e-05,1.3230174535708925e-05,2.4692113372068376e-05,5.496786425724638e-05,9.515087186534962e-05,6.0673647108430514e-05,4.830434419661976e-05,2.401172090669838e-06,0.3161873596680953,3.141448823298164e-05,4.384202295829817e-05,4.296211022546142e-05,3.554637697128436e-05,7.205388228526947e-05,3.509162267163669e-05,5.3336044270424016e-05,4.117662011638715e-05,0.2606701453558628,4.378981912177095e-05,4.423807962122522e-05,9.345981614308944e-05,4.3610036838436114e-05
uj1093,8.109866375669277e-05,8.175841958989691e-05,0.0001122558920305,8.461822770804726e-05,0.0002801653167842,0.0001110663060309,0.0001120995443476,8.116054979385754e-05,0.3351341542435447,9.85896181117317e-05,6.681839965153819e-05,0.0001248499504218,9.608791694930912e-05,0.0001233043908611,7.685756308643753e-05,0.0001201662974622,5.212370316185529e-05,7.998199158620633e-05,7.75718691039913e-05,0.0001176435973326,6.388274829178759e-05,7.25676812285515e-05,3.8067574055544e-05,9.865715264286062e-05,8.290820093974108e-05,0.0001066606562983,0.3596271923853587,9.143939847563464e-05,9.401126832493105e-05,0.0001007572905941,7.840453229590048e-05,4.017825791152684e-05,7.125089965876598e-05,9.49627614811637e-05,0.0001006836916249,8.419673573743783e-05,6.738881327459678e-05,8.834686939491635e-05,0.0001609674504977,2.388842095952308e-05,4.458411315891469e-05,9.925004973131016e-05,0.0001718045423852,0.0001095524189317,8.721838893569194e-05,4.335559560711845e-06,0.2429644113749157,5.672204226119366e-05,7.916121569811042e-05,7.757244408267064e-05,6.418258613172839e-05,0.0001301005868934,6.336148115584046e-05,9.630363336543662e-05,7.434856073710256e-05,0.000138145283724,7.906695638057092e-05,7.987633614208409e-05,0.0572024748341984,7.874234124765828e-05
uj1094,4.855782157300391e-05,4.895285035087118e-05,6.721321071441337e-05,5.066516034343518e-05,0.000167748971847,6.650094614631295e-05,6.711959754577553e-05,4.8594875835198944e-05,3.654034229316016e-05,5.903052977028842e-05,4.000751403015931e-05,7.475390265582012e-05,5.753263630266804e-05,7.3828498932705e-05,4.601846272194756e-05,7.19495656397938e-05,3.1209065114204344e-05,4.788921415707044e-05,4.644615342043993e-05,7.043909904143084e-05,3.82497928998213e-05,4.3449896136813095e-05,2.2792958392655027e-05,5.9070966068011065e-05,4.964128188657689e-05,6.386306355100958e-05,0.2238640015013087,0.0043233667969515,5.628924302463695e-05,6.032842357956274e-05,4.694471047218664e-05,2.4056730264202988e-05,0.5250826091630557,5.685894951261181e-05,6.02843561997903e-05,5.041279204345049e-05,4.034904916339391e-05,5.28976843993659e-05,9.637925433372148e-05,1.4303191062350896e-05,2.669473591150919e-05,5.942596317521938e-05,0.0001028679626535,6.559450630822946e-05,5.222200677103854e-05,2.595916107813837e-06,0.2393845154101296,3.396232045991173e-05,4.739777462799071e-05,4.644649768890043e-05,3.8429320794095376e-05,7.789772102618193e-05,3.7937684223713765e-05,5.766179649791013e-05,4.451619766896509e-05,8.271448292104828e-05,4.734133686550909e-05,4.782595296426835e-05,0.0001010397560016,0.004315764434461
uj1097,2.9073529076251483e-05,2.931004876118037e-05,4.024326406562121e-05,3.033527791569505e-05,0.0001004380849987,3.981680249959898e-05,4.018721408042531e-05,2.909571495968752e-05,2.187817883302654e-05,3.534396247745096e-05,2.3954114594610305e-05,4.475818090726613e-05,3.444711315692461e-05,0.0077115851674152,2.755311236480105e-05,0.2530666541932003,1.868612785020196e-05,2.867320681058901e-05,0.0025836028757591,4.217473370396316e-05,2.2901695957707632e-05,2.601520780322755e-05,1.3647064820779842e-05,3.536817332216128e-05,2.972224052806713e-05,0.1738322081591293,0.0394720533519009,3.2780638880463874e-05,3.370264337943051e-05,3.612106392433306e-05,2.810769430497112e-05,1.4403736085324906e-05,0.0025813368348598,3.4043749664813685e-05,3.6094679004136375e-05,3.0184174821078296e-05,2.415860547383413e-05,3.167198024192993e-05,5.770615242708352e-05,8.563898209668262e-06,1.5983216618135965e-05,3.558072442894619e-05,6.159120418379109e-05,3.9274080356498464e-05,3.126742475453407e-05,1.5542798254770687e-06,0.4474686271996153,2.0334613032499986e-05,2.837896211477954e-05,2.780939418828951e-05,2.300918655932633e-05,4.6640511947668144e-05,2.2714823886930724e-05,3.452444658272955e-05,2.665364559954557e-05,4.952450184810539e-05,2.8345170546802365e-05,2.8635329779273574e-05,0.0716227198385713,2.822879739010472e-05
uj1099,7.42199715651835e-05,7.482376769340682e-05,0.0001027344807989,7.744101028876935e-05,0.0067809259110946,0.0001016457940687,0.0001025913943405,7.427660850229053e-05,5.585141750856857e-05,9.022736397763592e-05,6.115094247479464e-05,0.0001142603261383,8.793785413199105e-05,0.0001128458591011,7.033859600891304e-05,0.0001099739350515,4.770263266175829e-05,7.319801419989591e-05,7.099231543973788e-05,0.000107665207346,5.846428957136747e-05,6.641257682732053e-05,3.483872770622347e-05,9.028917031016804e-05,7.5876025956843e-05,0.2023578542060743,0.0094223714326108,8.36836174657565e-05,8.603734437372146e-05,9.221117705858606e-05,7.175435313017733e-05,3.677038586823862e-05,6.520748310394862e-05,8.690813301226086e-05,0.0261902393535397,7.705526876573466e-05,6.167297429286277e-05,8.085339302304521e-05,0.0001473143828202,2.1862233509446915e-05,4.080254171438787e-05,9.083177857283713e-05,0.0001572322854648,0.0001002603130725,7.982062893402421e-05,3.967822555999104e-06,0.5420581292903738,5.191094610849864e-05,7.244685554630048e-05,7.099284164940959e-05,5.873869552238705e-05,0.0001190656098701,5.7987235693834654e-05,8.813527373830121e-05,6.80424042543448e-05,0.2089111922280715,7.236059119195149e-05,7.310132032486504e-05,0.0001544378963977,7.206350952847691e-05
uj1100,0.0047871711352819,5.428217685328945e-05,7.453047911871522e-05,0.1041893747376108,0.0001860112187848,0.1657401854143156,7.44266746101039e-05,5.388523089755011e-05,4.051836222855924e-05,6.545697816914023e-05,4.436299288968611e-05,8.289209995643486e-05,6.379601425112582e-05,8.186595074962095e-05,5.102833265243788e-05,7.978246452623856e-05,3.460668745154934e-05,5.31027462876406e-05,5.150258454926654e-05,7.810755868448167e-05,0.0757756457966178,4.818013515965925e-05,2.527434847228972e-05,6.55018166259112e-05,5.50455555351172e-05,7.081561308936268e-05,0.3097685473878684,6.07097057931164e-05,6.241725707289189e-05,6.689616916183724e-05,5.2055417772672246e-05,0.0047600026954057,4.7305879389956445e-05,6.304898552410694e-05,6.684730431974687e-05,5.590105731855474e-05,4.474170976461722e-05,5.86564712598961e-05,0.0048401987210483,1.5860329710077915e-05,2.9600898934674824e-05,0.0710658003502604,0.0001140668398525,7.273555199557762e-05,5.790723495896997e-05,2.8785244628384704e-06,0.2559788207582112,3.7659680127700896e-05,5.255780544683155e-05,5.150296629703656e-05,4.261298724681423e-05,8.637817489489988e-05,4.2067827913502304e-05,6.393923566745365e-05,4.936252122977248e-05,9.171932089892756e-05,5.249522350150512e-05,5.303259806887458e-05,0.000112039602703,5.227970054812118e-05
uj1101,7.940047448643997e-05,8.004641516875216e-05,0.0001099052768349,8.284633949552718e-05,0.0002742987129115,0.0001087406005204,0.0001097522030402,7.946106464276746e-05,5.974980800182472e-05,9.65251718695845e-05,6.54192361624315e-05,0.0001222356182445,9.407585581284198e-05,0.0001207224223818,7.524818158833123e-05,0.0001176500400106,5.103224358243651e-05,7.830718520058403e-05,7.594753018539867e-05,0.0001151801647007,6.254505673587189e-05,0.0070509792876704,3.727044691668478e-05,9.659129224157908e-05,8.117212033458792e-05,0.0001044272041834,0.2055181189157215,8.952467635597607e-05,9.20426917817808e-05,9.864745373790224e-05,7.676275758203413e-05,3.933693348863e-05,6.97589205349251e-05,9.2974260867828e-05,9.857539591590862e-05,8.243367347973413e-05,6.597770544202727e-05,8.649690419552685e-05,0.0001575968253279,2.338820235816053e-05,4.365053103705196e-05,9.71717741874439e-05,0.0001682069907494,0.0001072584139044,8.53920538840604e-05,4.244773838907209e-06,0.4751944461744797,5.553429441070166e-05,7.7503596190075e-05,7.594809312414322e-05,6.283861603336802e-05,0.0001273763074727,0.3071790056876221,9.428705517176637e-05,7.279171723002236e-05,0.0001352525500131,7.741131064317798e-05,7.820374215964133e-05,0.0001652175552492,7.709349288410774e-05
uj1102,0.0001080627576318,0.0001089418724211,0.000149579298737,0.0001127525240056,0.0003733160982199,0.000147994193168,0.0001493709677859,0.0001081452198516,8.131851934654332e-05,0.0001313691929498,0.0190881806569025,0.0001663606933557,0.0001280357135327,0.0001643012583357,0.0001024115543617,0.0001601197957729,6.94540556001308e-05,0.0001065748086506,0.0001033633564565,0.0001567583355459,8.512280752519443e-05,9.669535088805434e-05,5.072447360092252e-05,0.0001314591817033,0.000110473938889,0.0001421237307312,0.0612166450606364,0.0001218416321274,0.0001252686102712,0.0001342575841419,0.0001044728677176,5.353692829993958e-05,9.494075912244012e-05,0.0001265364606841,0.0001341595146152,0.0001121908922529,8.97945867251018e-05,0.0001177208833378,0.0002144867225179,3.1830963973722973e-05,5.940766458220245e-05,0.0001322492082143,0.0002289269855238,0.0001459769612298,0.2946029823359917,5.777068330166606e-06,0.6182332127758876,7.558127373891078e-05,0.0001054811370442,0.000103364122607,8.552233696656213e-05,0.0001733570879959,8.442822685562513e-05,0.0001283231524338,9.906834622224916e-05,0.0001840765263141,0.0001053555379121,0.0001064340243501,0.0002248584123068,0.0001049229930981
uj1104,1.974001772661525e-05,1.9900607201699083e-05,2.732391874232853e-05,2.0596705760318643e-05,6.819432113327205e-05,2.7034364665459497e-05,2.728586255388157e-05,1.9755081248183592e-05,1.4854599758334024e-05,2.3997446061806443e-05,1.6264095269714903e-05,3.038940619156513e-05,2.338851339873479e-05,3.0013205503255755e-05,1.870770229090884e-05,2.924937023825253e-05,1.268729688911726e-05,1.94682114178658e-05,1.888156968644377e-05,2.8635326270437428e-05,1.5549535902195646e-05,1.7663513151445158e-05,9.265930557378177e-06,2.401388446880219e-05,2.018047253087083e-05,2.596199676456981e-05,0.2818899858488505,2.2257029440526416e-05,2.288304168368706e-05,2.4525073660664448e-05,0.0017543882942726,9.77968670085031e-06,1.7342998727093727e-05,2.3114642192261848e-05,2.450715912435096e-05,2.049411148088121e-05,1.640293818659034e-05,2.1504284869338404e-05,3.918067424349504e-05,5.8146192718609e-06,1.0852104625580417e-05,2.415820002831825e-05,4.181850298265797e-05,2.666587328977088e-05,2.1229604335315544e-05,1.0553074319450192e-06,0.1701988032512319,1.380656681452878e-05,0.5449047395552372,1.8881709640529283e-05,1.5622518661730362e-05,3.1667450147200555e-05,1.5422655605687075e-05,2.34410203782709e-05,1.809699246465841e-05,3.362558916805005e-05,1.924548504553109e-05,1.944249409721864e-05,4.1075289416887885e-05,1.9166471308667955e-05
uj1105,0.0001349925638336,0.0001360907586411,0.0357876048092171,0.0001408510445947,0.3208730945082639,0.0001848751226238,0.0001865949967002,0.0001350955760712,0.0001015835210419,0.0001641070851205,0.0001112223884142,0.0002078186510263,0.0001599428851422,0.0002052459939936,0.000127933051057,0.0002000224890202,8.67623706776958e-05,0.0832015494604248,0.0001291220472279,0.0001958233352672,0.0001063358577956,0.0001207923396851,6.33652785710896e-05,0.0001642194995437,0.0001380046241115,0.0001775417101457,0.3138104846398022,0.0001522052061507,0.0001564862052291,0.0001677152785531,0.071332007183316,6.687861173791314e-05,0.0001186004944452,0.0001580700106172,0.0001675927695857,0.0001401494512625,0.0001121718688847,0.0001470575451412,0.0002679379391706,3.976340721147654e-05,7.421236630518035e-05,0.0001652064048064,0.000285976791485,0.0001823551859022,0.0001451791360113,7.216744070037404e-06,0.1670874306440942,9.441652372587185e-05,0.00013176758985,0.0001291230043072,0.0001068349520701,0.0002165585839207,0.0001054681839787,0.0001603019553256,0.0001237566979075,0.0002299493625121,0.0001316106907551,0.0001329579416722,0.0002808943084746,0.0001310703535039
uj1109,3.518919984536782e-05,3.547547188473729e-05,4.870850930827689e-05,3.671635989358186e-05,0.0001215654224789,4.819234076080657e-05,4.8640669104729e-05,3.521605257053679e-05,2.648029433196449e-05,4.277863054341525e-05,2.899290703161049e-05,5.417314728219375e-05,4.169312730476773e-05,5.350251965732417e-05,3.3348960658472225e-05,5.214088198498826e-05,2.2616789504029124e-05,3.4704669048573215e-05,3.3658902352183224e-05,5.1046267167689744e-05,0.0031211287407802,3.1487555019742315e-05,1.6517750219507497e-05,4.280793418421862e-05,3.597436895435521e-05,4.628070274230134e-05,0.0137475670538441,3.9676107073142566e-05,4.079205692867515e-05,0.6403795127304984,3.4020199938440386e-05,1.7433588688084513e-05,3.091619554641121e-05,4.120491555390013e-05,4.368726168397852e-05,3.6533471982734265e-05,2.924041294658524e-05,3.833424003356354e-05,6.98447486281467e-05,1.0365330083081151e-05,1.934531588072027e-05,4.3065195810572674e-05,7.454702822818508e-05,4.753545600822005e-05,3.784458554899181e-05,1.8812254697697603e-06,0.3405228569430902,2.4612036602166824e-05,3.434852943521143e-05,3.3659151838903685e-05,2.78492116313758e-05,5.645143014844377e-05,2.749292922483416e-05,4.178672796013501e-05,3.226028939074176e-05,5.994207267389509e-05,3.430762974823093e-05,3.46588245134632e-05,7.322215146992312e-05,3.416677728216362e-05
uj1110,0.0001022355908393,0.0001030673003187,0.0001415133975741,0.0001066724666569,0.0003531854332403,0.0001400137671007,0.0001413163006432,0.0001023136063734,7.693350654529919e-05,0.0001242852519557,8.423342939172615e-05,0.0001573898737214,0.0001211315267943,0.0001554414914972,9.688912256539714e-05,0.0001514855097598,6.570882111538805e-05,0.0001008278778902,9.778959976639988e-05,0.0001483053126232,8.053265261736673e-05,9.148115915322983e-05,4.798921147534779e-05,0.0001243703881635,0.000104516751767,0.0001344598629724,0.4803195928848783,0.0001152714544988,0.0001185136365697,0.0810128881038779,9.883928183823255e-05,5.065000761051973e-05,8.98211818421704e-05,0.0001197131195266,0.0001269251085571,0.0001061411202863,8.495251119991905e-05,0.1439084755154312,0.000202920759051,3.0114513826544423e-05,5.62041708174571e-05,0.0001251178133533,0.0002165823465641,0.0001381053122029,0.0001099503137517,5.465546197385427e-06,0.2883141343838174,7.150563567340351e-05,9.979318133693864e-05,9.779032460306524e-05,8.091063786770697e-05,0.0001640089953824,7.987552645572543e-05,0.000121403465865,9.372619329234444e-05,0.0001741503996362,9.967435500152975e-05,0.0001006946852301,0.0002127331667372,9.92651346966395e-05
uj1111,2.121241748386816e-05,2.1384985261474583e-05,2.9361998539448395e-05,2.213300552365744e-05,7.328090733969047e-05,2.905084674375266e-05,2.93211037556462e-05,2.122860458727962e-05,0.4736598360760839,2.57874056376002e-05,1.7477227408637886e-05,3.265613942955968e-05,2.513305293906013e-05,3.225187808751552e-05,2.010310206680442e-05,0.0018961707280277,1.3633637116286594e-05,2.0920337254975103e-05,2.0289938159456308e-05,3.0771223412647303e-05,1.6709369353455365e-05,1.898102729133144e-05,9.95707248502756e-06,2.5805070178574413e-05,2.168572562978981e-05,2.789849136469435e-05,0.3047807829557827,2.3917172060419645e-05,2.4589878297863e-05,2.6354388760816777e-05,2.0507732120935364e-05,1.0509149486738625e-05,0.0018833762651903,2.4838753792576493e-05,2.6335137986649573e-05,2.2022758779352383e-05,1.7626426561254082e-05,2.310828058302109e-05,4.210314452919011e-05,6.248329318274017e-06,1.1661558620894912e-05,2.596015017598218e-05,4.4937727822933886e-05,2.865486974876888e-05,2.281311174158035e-05,1.1340223767917004e-06,0.2164591754556816,1.483639292247594e-05,2.070565257347138e-05,2.0290088552659174e-05,1.6787795866836244e-05,3.402951215521434e-05,1.657302510811115e-05,2.518947639248161e-05,1.944683964721915e-05,3.613370795569272e-05,2.068099781465327e-05,2.089270169001822e-05,4.413907826470513e-05,2.059609047583961e-05
uj1113,4.734522953217769e-05,4.7730393601612375e-05,6.553475394451607e-05,4.9399943573212734e-05,0.000163559923378,6.484027613698815e-05,0.1915184098289503,4.7381358470666656e-05,3.5627852259661914e-05,5.755641194031965e-05,3.9008441347022605e-05,7.288713877629012e-05,5.609592405717574e-05,7.198484435159183e-05,4.4869283870425206e-05,7.015283201770269e-05,3.042970840640362e-05,4.669331866491001e-05,4.5286294222886255e-05,6.868008498162188e-05,3.729461425030461e-05,4.236485985381152e-05,2.2223769762718987e-05,5.759583845771875e-05,4.84016335382346e-05,0.1498950245413472,0.2973520405834737,5.338212873767488e-05,5.488358095280803e-05,5.882189458179483e-05,4.5772401245095765e-05,2.345598256379763e-05,4.159612553961523e-05,5.543906065855612e-05,5.877892765818457e-05,4.91538774462252e-05,3.934144762186102e-05,5.157671675701867e-05,9.39724594463081e-05,1.3946009972285975e-05,2.602811160157e-05,5.794197053242e-05,0.0001002991309241,6.395647202879413e-05,5.091791223559217e-05,2.531090563565417e-06,0.3582672053464736,3.311420911258197e-05,4.62141514256943e-05,4.5286629894231365e-05,3.746965895137415e-05,7.595244931804244e-05,3.699029959139679e-05,5.622185884774215e-05,4.340453356969988e-05,8.064892642773802e-05,4.615912303413112e-05,4.6631637238588375e-05,9.851657847911364e-05,4.5969613401475806e-05
uj1114,5.0274647477505646e-05,5.068364301946769e-05,6.958962253729037e-05,5.2456493993001175e-05,0.0001736799582667,6.885217491480735e-05,6.949269955145494e-05,5.0313011842072405e-05,0.2873079367024217,6.111763210278753e-05,4.142203252041796e-05,7.739692560010854e-05,5.956677863358371e-05,0.0044959788711305,4.764550624093257e-05,7.449343754562742e-05,3.231250282429174e-05,4.958240056345568e-05,4.808831850885496e-05,7.292956640604023e-05,3.9602164838367e-05,4.498612459227294e-05,2.359883353575444e-05,6.11594980792141e-05,5.139641496122309e-05,6.612102649690437e-05,0.4306583119624633,5.668507113396575e-05,5.8279423544251065e-05,6.246141466161593e-05,4.860450270353319e-05,2.49072877306886e-05,4.416982594862999e-05,0.0663519702946205,6.241578922143867e-05,5.219520287850683e-05,4.177564307930057e-05,5.476795188507779e-05,9.9786870143832e-05,1.4808899270367662e-05,2.7638563551260466e-05,6.152704657793743e-05,0.0001065049953149,6.791368669925381e-05,5.406838478193821e-05,2.687698149829615e-06,0.1948137902529876,3.5163103148544165e-05,4.907358554085732e-05,4.80886749493815e-05,3.97880401784178e-05,8.065189782050811e-05,3.927902114786214e-05,5.970050545809043e-05,4.609012662319332e-05,8.563896269291827e-05,0.0133076353567193,4.951690268764281e-05,0.0001046121500025,4.881391707829183e-05
uj1115,0.0039159941394192,4.440382021560666e-05,6.096730432007182e-05,4.595701077587493e-05,0.0001521606021683,6.032122819577695e-05,0.0078047796687888,4.407911111446652e-05,3.314476640630052e-05,0.0039254936526984,3.628974508196212e-05,6.780726413584464e-05,5.218631439441999e-05,6.696785518920452e-05,4.174211574316614e-05,6.52635250932541e-05,2.830890758138722e-05,4.343902429492336e-05,4.213006252762554e-05,6.389342127305449e-05,3.469536329415447e-05,3.941223774748992e-05,2.067488245107356e-05,5.358169214756429e-05,4.50282780341632e-05,5.792847550268184e-05,0.1256220707329496,4.966165724462016e-05,5.105846563425063e-05,0.604078710018725,4.2582290284218056e-05,2.18212160879413e-05,3.869708042936576e-05,5.157523113996444e-05,5.468232585687306e-05,4.572809424618731e-05,3.659954245933162e-05,4.7982073588275605e-05,8.742304178969296e-05,1.2974041754257082e-05,2.42140803982144e-05,5.390370052118411e-05,9.33087754211447e-05,5.949902088163621e-05,4.736918449771376e-05,2.354686015624658e-06,0.2519868239945335,3.080631180815199e-05,4.2993252652624895e-05,4.213037480433091e-05,3.485820824156601e-05,7.065893762793954e-05,3.441225786837688e-05,5.2303472150249017e-05,4.0379451325247615e-05,7.502809341086166e-05,4.294205946896669e-05,4.338164176026654e-05,9.16504581033979e-05,4.276575772446845e-05
uj1116,0.0002629094853753,0.000265048313052,0.0003639164622075,0.0002743193743221,0.0009082531800616,0.0003600600060284,0.0003634096068916,0.0002631101104588,0.0001978425365168,0.0003196124887935,0.000216615049524,0.0004047444765925,0.0003115023555964,0.00039973400848,0.0002491604845535,0.0003895607888195,0.0001689770871596,0.0002592894046973,0.0002514761555988,0.000381382580177,0.0002070981160447,0.0002352533425695,0.0001234092627525,0.000319831425432,0.0002687757286342,0.0696812615411242,0.0102650485016416,0.0002964325684623,0.0003047701778286,0.0003266397520112,0.000254175522532,0.0001302517775445,0.0002309845377726,0.0003078547733627,0.0003264011553904,0.0002729529617088,0.0002184642433966,0.0002864070613645,0.0005218318972494,0.0231892706063059,0.0001445348875499,0.0003217535072664,0.0005569640944909,0.0003551522152001,0.0002827487000173,1.4055222122287457e-05,0.8801008367049717,0.0001838842004237,0.000256628574588,0.0002514780195919,0.0002080701445411,0.0004217662383415,0.0002054082475795,0.0003122016752809,0.0002410266820232,0.0004478459171643,0.0002563230002725,0.0002589468858795,0.0005470655270829,0.0002552706475754
uj1117,9.458500074486966e-05,9.535447095663869e-05,0.0001309235336253,9.868985208939022e-05,0.0003267555280099,0.0001295361249129,0.0001307411860377,9.465717814706322e-05,7.117634587087466e-05,0.000114984620838,7.792999401041515e-05,0.0001456119263454,0.0001120668982104,0.0001438093472962,8.96386244240631e-05,0.0001401494033129,6.07916366807287e-05,0.0084080540240261,9.04717162664279e-05,0.0001372071896859,7.450615725175123e-05,8.463535482715723e-05,4.439803757064819e-05,0.0001150633860529,9.669545568799895e-05,0.4241777388751072,0.4360610929985116,0.0001066453523682,0.0001096449124145,0.0001175127673433,9.144284754009772e-05,4.6859718501535856e-05,8.309959850282794e-05,0.0001107546345323,0.000117426929202,9.819826793118934e-05,7.859526481097662e-05,0.0001030385498409,0.0001877356015495,2.786095614385241e-05,5.1998247332370966e-05,0.0001157548792163,0.0002003748522693,0.0001277704853109,0.0001017224082408,5.056543292866701e-06,0.1253876256532768,6.615465854803031e-05,9.232536393243164e-05,9.047238686143274e-05,7.485585675357318e-05,0.0001517357196555,7.389820577440318e-05,0.0001123184872802,8.671238645554732e-05,0.0001611182127875,9.221542972135224e-05,9.31594056366063e-05,0.0001968137178951,9.183683257602252e-05
uj1119,0.0002691295615087,0.0002713189909009,0.0003725262242246,0.0002808093927051,0.0009297411987245,0.0003685785296065,0.0003720073774105,0.0002693349331052,0.0002025232183028,0.0003271740798508,0.0002217398630991,0.0004143201731688,0.000318872072078,0.0004091911642851,0.0002550552782736,0.0003987772602663,0.0001729748521905,0.0002654238347104,0.0002574257349049,0.0003904055664769,0.0002119977720881,0.0002408191124744,0.0001263289558507,0.0003273981962284,0.0002751345919994,0.1896229341433193,0.4127044793197708,0.0003034457545466,0.0003119806202612,0.0003343675984325,0.00026018896514,0.0001333333551136,0.0002364493136385,0.000315138193075,0.0003341233569445,0.0002794106526523,0.0002236328063505,0.000293183057766,0.0005341777208514,7.927479887044419e-05,0.0001479543838196,0.0003293657518704,0.0005701410974672,0.0003635546272103,0.0002894381446306,1.4387749309535136e-05,0.3094572598418264,0.0001882346472123,0.0002627000530273,0.0002574276429975,0.0711888587825925,0.0004317446463447,0.0002102679236636,0.0003195879367026,0.0002467290411839,0.0004584413344305,0.0002623872492446,0.0002650732123693,0.0005600083435947,0.0002613099993328
uj1121,3.140090163572124e-05,3.165635501882741e-05,4.346478795576116e-05,3.27636550562792e-05,0.0001084782799933,4.300418760514812e-05,4.340425109877333e-05,3.142486352702275e-05,2.3629554558127304e-05,3.817329111509959e-05,2.5871671587697502e-05,4.83411295676145e-05,3.720464787877108e-05,4.774269845308891e-05,2.9758773654754533e-05,0.0055673040201565,2.018197588045804e-05,3.09685330693292e-05,3.003534853226796e-05,4.555087416727302e-05,2.4735005515604635e-05,2.8097757899273267e-05,1.4739529519437032e-05,3.8199440068371566e-05,3.21015432549414e-05,0.0690510029982759,0.282785613040283,3.54047702410629e-05,3.640058235949585e-05,3.901260050992822e-05,3.0357750576563885e-05,1.5556773270143743e-05,2.758790820960864e-05,3.676899463192935e-05,3.898410344369352e-05,3.2600455968942074e-05,2.609253221892905e-05,3.420736208449227e-05,6.232560248831047e-05,9.249449029556683e-06,1.726269320563756e-05,3.842900615851535e-05,6.652165752318791e-05,4.2418019872076186e-05,3.3770421421644235e-05,1.678701879850496e-06,0.3149053741033287,2.196242437439638e-05,3.0650733715638315e-05,3.003557116046077e-05,2.485110087504108e-05,5.037414357463471e-05,2.453317410059e-05,3.728817194255037e-05,2.8787303443955165e-05,0.325779294953365,3.061423709015521e-05,3.0927623934030564e-05,6.533941055683316e-05,3.048854811593687e-05
uj1122,0.0001856688485367,0.0001871793062951,0.0002570008092526,0.0001937266062843,0.0006414158921697,0.000254277348069,0.0329001702352907,0.0001858105316266,0.0001397180322126,0.0002257129775578,0.0001529753358402,0.0002858338899917,0.0002199855345558,0.0002822954560559,0.0001759591906768,0.0002751110443655,0.000119333013631,0.0001831123176831,0.0001775945366818,0.000269335525922,0.0001462543988676,0.0001661378522229,8.715263993358793e-05,0.0002258675924189,0.0001898116379441,0.0002441909684049,0.1541451351475537,0.0002093431265008,0.0655022859579422,0.0002306756888427,0.0001795008518897,9.198488035546792e-05,0.0001631231870421,0.0002174095818764,0.0002305071899399,0.0001927616344188,0.0001542812518156,0.0002022630306412,0.000368521992859,5.46906127359089e-05,0.0001020717305291,0.2613754439540392,0.00039333264052,0.0002508114256789,0.000199679465663,9.925913869741716e-06,0.4746386017599685,0.0001298605400563,0.0001812332174983,0.0001775958530491,0.0001469408534145,0.0002978547986306,0.0001450609998098,0.0002204793998889,0.0001702150321963,0.000316272483068,0.0001810174183946,0.0001828704280668,0.0003863421905172,0.0001802742382341
uj1124,3.3529664073287466e-05,3.3802435416648855e-05,4.641139786621508e-05,3.498480268478684e-05,0.0001158323518738,4.591957201970738e-05,4.634675703193581e-05,3.355525041393529e-05,2.5231473787814028e-05,4.0761174392682354e-05,2.7625590736639632e-05,5.161832147779819e-05,3.972686389110077e-05,5.097932090151473e-05,3.1776211251903376e-05,4.968189856899284e-05,2.1550173286653312e-05,3.30679839293491e-05,3.207153597989101e-05,4.863890619420336e-05,2.64118666212333e-05,3.000259019643761e-05,1.573876696657715e-05,4.078909606287033e-05,3.427780431463301e-05,0.5807061842824273,0.0484695060329758,3.780496708490445e-05,3.886828832957796e-05,4.165738311906315e-05,3.2415794637403134e-05,1.6611414151841965e-05,2.94581762486904e-05,3.926167638825457e-05,4.162695415020715e-05,3.481053983593742e-05,2.786142418047245e-05,3.652638299473441e-05,6.655084426687355e-05,9.876497255455546e-06,1.8432983577987465e-05,4.103422513509998e-05,7.10313626094557e-05,4.529366619673114e-05,3.6059820798042965e-05,1.7925061758912286e-06,0.3686765213733908,2.345132378844755e-05,3.272863999280935e-05,3.20717737007248e-05,2.653583243748691e-05,5.378915967545461e-05,2.6196352441946844e-05,3.981605030469629e-05,3.073888212667043e-05,5.7115182199201226e-05,3.268966915030128e-05,3.302430143959118e-05,6.976896753260723e-05,3.2555459338998826e-05
uj1125,7.620887814753087e-05,7.682885447723493e-05,0.0001054875037492,7.951623252153042e-05,0.0002632729504894,0.000104369642982,0.0202034341998349,7.62670328105901e-05,5.734809353220008e-05,9.264522798834044e-05,6.278963229695455e-05,0.0001173222124469,9.02943650984095e-05,0.0001158698412884,7.222349159220407e-05,0.0001129209569742,4.898094196443627e-05,7.51595349225099e-05,7.28947290421221e-05,0.0001105503612347,6.003098392476846e-05,6.819226507587371e-05,3.57723170541345e-05,9.270869057348236e-05,7.79093105874547e-05,0.1809830721808086,0.016374231575771,8.592612570312636e-05,8.834292650941787e-05,9.468220221731642e-05,7.367718740568428e-05,3.775573874491769e-05,6.695487790387584e-05,8.923705007006111e-05,9.46130408450273e-05,7.912015410617323e-05,6.332565324082338e-05,8.302005843933984e-05,0.0001512620338296,2.244808579711003e-05,4.1895946118632045e-05,9.326583935836536e-05,0.0001614457110552,0.0001029470346167,8.195961889785841e-05,4.074150114913381e-06,0.6570743774125652,5.330202751467241e-05,0.1206629499485108,7.289526935287547e-05,6.031274325777821e-05,0.0001222562655684,5.954114621591437e-05,9.04970750483589e-05,6.986576773517494e-05,0.0001298159131889,7.429967110655134e-05,7.506024989740898e-05,0.0001585764394641,7.399462840963091e-05
uj1126,0.0002096182221385,0.0002113235134269,0.0002901512728077,0.0002187153478372,0.0007241519513242,0.0002870765131167,0.0002897471561208,0.000209778180891,0.0001577402226809,0.0002548276323257,0.0001727075822496,0.0003227035246849,0.1292380858044873,0.000318708669131,0.0001986561181873,0.0003105975421566,0.0001347257461706,0.0002067319250746,0.0002005024070227,0.0003040770411808,0.0001651197134693,0.000187567927993,9.839443493904518e-05,0.0002550021909151,0.0002142953888097,0.0002756890941196,0.0081843422804169,0.0002363462386925,0.000242993830162,0.0002604304823715,0.0002026546173039,0.0001038499847211,0.0001841644019814,0.0002454531839238,0.0002602402488416,0.0002176259045167,0.0001741819479668,0.0186554563684275,0.0004160575431519,6.174513979978721e-05,0.0001152379349188,0.00025653467034,0.0004440685094168,0.0002831635223527,0.0739338500057397,1.120625476418268e-05,0.7385602425261982,0.0001466112153281,0.0002046104402749,0.0002005038931878,0.0001658947135991,0.0003362750070162,0.000163772378196,0.0002489189769157,0.0001921710222874,0.0003570683834931,0.0002043668053043,0.0186335623193917,0.0004361763631947,0.0002035277625397
uj1129,0.0002135533926036,0.000215290697387,0.0002955982931456,0.000222821298972,0.0007377464820956,0.0002924658108797,0.0002951865899615,0.0002137163542676,0.000160701485586,0.0002596115206833,0.0001759498279373,0.1692860871378547,0.0002530239057243,0.0003246917985028,0.0002023854966785,0.0003164284010484,0.0001372549574759,0.0002106129109806,0.000204266445961,0.1317210386479843,0.0001682195118218,0.0001910891474887,0.0001002415972246,0.0002597893562674,0.0002183183638939,0.0002808646154539,0.1209762042261903,0.000240783175179,0.0002475555621236,0.0002653195532357,0.0002064590597636,0.0001057995642401,0.0001876217269601,0.0002500610854225,0.0002651257484448,0.0002217114034927,0.0001774518719753,0.0002326397601544,0.0004238682064564,6.290428354228376e-05,0.0001174013008386,0.000261350604984,0.0943175858503986,0.0002884793613985,0.000229668184306,1.1416630190148906e-05,0.4708297181890551,0.0001493635529757,0.00020845159947,0.000204267960026,0.0001690090610571,0.0003425879098844,0.0001668468829747,0.0002535919418715,0.0001957786558388,0.0003637716411699,0.0002082033907312,0.0002103346933442,0.0004443647178354,0.0002073485965865
uj1131,3.362878570202828e-05,3.3902363422088486e-05,4.654860095117835e-05,3.5088226047923205e-05,0.0001161747797416,4.605532115097591e-05,4.648376902328231e-05,3.365444768195936e-05,2.53060640005854e-05,4.088167407876211e-05,2.7707258526175417e-05,5.177091746225431e-05,3.984430591035403e-05,5.113002784891551e-05,3.1870149258786366e-05,4.982877002867495e-05,2.1613880703200964e-05,3.316574072223219e-05,3.216634703661969e-05,4.87826943213854e-05,2.6489946354804725e-05,3.009128495938584e-05,1.5785294489569607e-05,4.090967829202061e-05,3.4379137623129585e-05,0.2661055455941132,0.3885800319436944,3.791672752198363e-05,3.8983192196111615e-05,4.178053221041152e-05,3.251162340426355e-05,1.6660521426606777e-05,2.954526159506076e-05,3.937774320306645e-05,4.1750013286316266e-05,3.491344803681719e-05,2.794378914952705e-05,3.663436363440128e-05,6.674758432556874e-05,9.905694520661518e-06,1.848747584342768e-05,4.1155532023848345e-05,7.124134814161431e-05,4.542756500213669e-05,3.616642216934783e-05,1.7978052487150406e-06,0.2515169422088311,2.3520651456179568e-05,3.2825393604639995e-05,3.216658546021258e-05,2.661427864337337e-05,5.394817317180152e-05,2.627379506455823e-05,3.9933755980112574e-05,3.0829753542960424e-05,5.728402820592049e-05,3.2786307555090954e-05,3.312192909668804e-05,6.997522112591138e-05,0.0916759942721759
uj1134,0.0001826870732979,0.0001841732736455,0.0002528734682612,0.0001906154263407,0.0006311149825657,0.0002501937448893,0.0002525212713289,0.0001828264810081,0.0001374742106337,0.0002220881079426,0.0001505186067111,0.0002812435000458,0.0002164526456247,0.0002777618920923,0.0001731333490672,0.0002706928594816,0.0001174165681528,0.0001801715994145,0.0001747424320008,0.0002650100937967,0.0001439056055802,0.0001634697377929,8.575299973654618e-05,0.0002222402397443,0.0001867633309905,0.0002402693488717,0.0392521254320302,0.0002059811508332,0.0002117746787892,0.0002269711198609,0.0001766181324689,9.050763610717323e-05,0.0001605034870557,0.0002139180618232,0.0002268053269901,0.0162493079556332,0.0001518035501435,0.0001990147587785,0.0003626036615831,5.381230107438778e-05,0.0001004324950781,0.0002235758306017,0.0003870158591248,0.000246783483972,0.0323157566930395,9.766507246430576e-06,0.7560896318073933,0.0001277750262725,0.000178322676906,0.0001747437272277,0.0001445810359129,0.0002930713571954,0.0965005833964159,0.0483958645918233,0.0001674814397155,0.0003111932602142,0.0001781103434587,0.000179933594459,0.0003801376732464,0.0001773790985055
uj1135,0.0004024191010401,0.0004056928707547,0.0005570241612476,0.000419883504222,0.001390206320306,0.000551121325043,0.0005562483495256,0.0004027261853037,0.0003028251931607,0.0004892108409016,0.0003315591043692,0.000619517048572,0.0004767971674054,0.0006118478384985,0.0003813743656513,0.0005962763276244,0.0002586426557187,0.0003968780700269,0.0003849188184466,0.0005837584553028,0.0003169921296937,0.0003600875734792,0.0001888948377271,0.0004895459535169,0.0004113981925907,0.0005292600819257,0.0157120675363468,0.0004537307870399,0.0004664926440768,0.000499967033067,0.0003890505705327,0.0001993682470357,0.0357293827605745,0.0004712140414814,0.0004996018281468,0.0004177920219206,0.0003343895497401,0.0004383853705441,0.0007987354381123,0.0001185365632735,0.0002212305099367,0.000492487963931,0.0008525100944785,0.000543609276665,0.0004327857457056,2.151344917546365e-05,0.922605339451161,0.0002814600413687,0.0003928053038463,0.0003849216715442,0.0003184799529009,0.0006455711943605,0.0003144055537561,0.0004778675722954,0.0003689244629876,0.0006854897271296,0.000392337580359,0.0003963537979011,0.0008373589766244,0.000390726809923
uj1136,8.665895714862554e-05,8.736394721664594e-05,0.0001199523899227,9.041982973904608e-05,0.0002993740347507,0.0001186812434279,0.0001197853227169,8.672508622146514e-05,6.521190313734218e-05,0.0001053491277843,7.139960837720368e-05,0.0001334099232026,0.0001026759047768,0.0001317583968576,8.2127077778217e-05,0.0001284051492356,5.569741287331785e-05,8.546572360705242e-05,8.289035810490534e-05,0.000125709487528,6.826268264250637e-05,7.754307268029661e-05,4.067756626334391e-05,0.0001054212926236,8.859255997191112e-05,0.0001139735331686,0.0490915717620843,9.770867418937193e-05,0.0001004568767951,0.1372318333010155,8.37801104204722e-05,4.293296300303209e-05,7.61360098219924e-05,0.000101473606305,0.0001075867753415,8.996943940056755e-05,7.20091307469671e-05,9.44041148702336e-05,0.0001720037143504,2.55262608825512e-05,4.7640892867720166e-05,0.000106054839972,0.0001835838198416,0.0001170635610743,9.319826343903884e-05,4.632814559241553e-06,0.6329050147504255,6.061102368397103e-05,8.45886736136207e-05,8.289097250532116e-05,6.858307798959768e-05,0.0001390205542527,6.770567634542913e-05,0.0001029064111599,7.94460529992005e-05,0.1753618313263703,8.448795168083989e-05,8.535282420550152e-05,0.0001803211017711,8.414108025793621e-05
uj1138,4.563579528413031e-05,4.6007052722254624e-05,6.316857357244764e-05,4.761632236723114e-05,0.0001576544723453,6.249917039567824e-05,6.308059369070124e-05,4.56706197607884e-05,3.4341482514730254e-05,5.5478295459785184e-05,3.760001295285402e-05,7.02554951556442e-05,5.4070539563178746e-05,6.938577873313624e-05,4.324924545702316e-05,6.761991254865518e-05,2.9331021459017537e-05,4.500742213701296e-05,4.36511993447605e-05,6.620034012482281e-05,3.594806484084704e-05,4.08352455069508e-05,2.142136425051649e-05,5.551629845384752e-05,4.66540570484963e-05,6.002002561110738e-05,0.005793554008735,5.1454727814719455e-05,5.290196899605435e-05,5.669808692204289e-05,4.4119755116290855e-05,2.260908710437428e-05,4.009426690916609e-05,0.0481944156197478,5.665667135073313e-05,4.73791406382899e-05,3.792099579182259e-05,4.971450155820196e-05,9.057951485319792e-05,1.344247905046346e-05,2.5088347536143223e-05,5.584993317604486e-05,9.66777572156011e-05,6.164727668323137e-05,4.907948365736687e-05,2.4397036817819493e-06,0.6903420490079496,3.1918596297660915e-05,4.45455555825199e-05,4.365152289644542e-05,3.611678942455937e-05,7.321013041135928e-05,3.565473768596571e-05,5.419192738573714e-05,4.18373810405493e-05,0.1846181535747882,4.44925140314068e-05,0.0481859261948122,0.0201537004930712,4.430984678307609e-05
uj1139,8.052458662894558e-05,8.117967221585717e-05,0.0001114612606878,8.401923646864247e-05,0.0002781820966804,0.0001102800954695,0.000111306019751,8.058603459035402e-05,6.059571585214495e-05,0.0213341403093479,6.63454089365777e-05,0.0001239661688943,9.54077346526074e-05,0.0001224315499626,7.631350764805592e-05,0.0001193156703408,5.175473252272764e-05,7.941581910105833e-05,7.702275727222545e-05,0.0001168108277736,6.343053831750278e-05,7.205399278934437e-05,3.7798103233685895e-05,9.795878337020716e-05,8.232131455151442e-05,0.0001059056322279,0.0173015042480101,9.079212187688193e-05,9.334578610369786e-05,0.0001000440549709,7.784952624995836e-05,3.989384608732053e-05,7.074653238647375e-05,0.0213305391263269,9.997097699043096e-05,8.360072813412084e-05,6.691178474447159e-05,0.0071664710115178,0.0001598280022336,2.371932081094354e-05,4.426851338895778e-05,9.854748348867198e-05,0.000170588381062,0.0001087769247979,0.3894178250033673,4.304869220520081e-06,0.5385520073169834,5.6320521131339365e-05,7.860085327989245e-05,7.702332818077474e-05,6.372825368047578e-05,0.0001291796374254,6.291296110104793e-05,9.562192406625616e-05,7.382226589791574e-05,0.0001371673878621,7.850726120045243e-05,7.931091156536124e-05,0.0001675566226315,7.818494393675852e-05
uj1143,0.0002458624905975,0.0002478626371452,0.000340320196664,0.0002565325647863,0.0008493622382025,0.0003367137922784,0.0003398462057384,0.0002460501071934,0.0001850144687808,0.0002988888834066,0.0002025697760613,0.0003785009313322,0.0002913046095107,0.0003738153408999,0.0002330049720471,0.0003643017506256,0.0001580206489836,0.0002424771351761,0.0002351704954773,0.0003566538152815,0.0001936699185125,0.0002199995661737,0.0001154074325611,0.0002990936242403,0.0002513483678986,0.000323357419118,0.0095994649531752,0.00027721194415,0.0002850089447089,0.0003054605003808,0.0002376948360362,0.0001218062801581,0.0002160075497664,0.0002878935357286,0.0003052373743139,0.0002552547500744,0.0002042990685988,0.2380137186103708,0.0004879964286865,7.242125087500242e-05,0.0001351632763669,0.0003008910786998,0.0005208506617759,0.0003321242215574,0.0002644153348071,1.3143884527229813e-05,0.7365822387212049,0.0001719611882133,0.0002399888327218,0.0002351722386095,0.0001945789208892,0.0003944190056915,0.000192089620757,0.0002919585854565,0.0002253985635325,0.0004188076837195,0.0002397030717795,0.0002421568252051,0.0005115939153608,0.0002387189534061
uj1144,0.0001112327484978,0.0001121376518743,0.0001539671657611,0.0001160600878606,0.0003842672218765,0.0686000183356132,0.0001537527234796,0.0001113176297238,8.370397543906663e-05,0.0099134632678907,9.164632188969438e-05,0.0001712408379121,0.0001317916054914,0.00016912098994,0.0001054157687554,0.0001648168653387,7.149147095659754e-05,0.0001097011509481,0.0001063954916993,0.0001613567976131,8.761986135076062e-05,9.953188204661624e-05,5.221246189145823e-05,0.0001353155001463,0.009891955057378,0.2054893412128995,0.0043429758978507,0.0001254158224351,0.0001289433300273,0.0001381959929402,0.0001075375501639,5.510741916492731e-05,9.77258198207574e-05,0.0001302483724785,0.0001380950465713,0.0001154819807971,9.242868589095328e-05,0.0001211741926286,0.0002207786307216,3.276471642706539e-05,6.11503718592038e-05,0.0001361287018647,0.0882398060614537,0.0001502591546874,0.0001196263991473,5.946537018921146e-06,0.3821346613987552,7.779842933114207e-05,0.2054516237189431,0.0001063962803246,8.803111087689759e-05,0.0001784424698384,8.690490535090632e-05,0.0001320874763326,0.0001019744885373,0.0099677167561839,0.0001084461132424,0.0001095562367794,0.0100096949674318,0.0001080008798469
uj1146,4.3539749167449e-05,4.389395479993205e-05,6.026724923902751e-05,4.5429310900309534e-05,0.0001504134230226,5.962859166273304e-05,6.018331026175824e-05,4.357297416044279e-05,3.2764182708340977e-05,5.293018459561407e-05,3.587304926905463e-05,6.702866943956603e-05,5.158708674346475e-05,6.619889897874586e-05,0.0076962410440977,6.451413879746942e-05,2.798385147447584e-05,4.29402371169038e-05,4.164630546035647e-05,6.315976714964624e-05,3.4296974918062944e-05,3.89596880145116e-05,2.043748378844148e-05,0.0115354337883704,4.451124230197791e-05,5.7263313674304064e-05,0.0170099241760921,4.909141888694798e-05,5.047218846985555e-05,5.409395119533333e-05,4.209334052650084e-05,2.157065468675597e-05,3.825274246694023e-05,5.098302023252433e-05,5.4054437835804336e-05,4.520302289719907e-05,3.617928940815454e-05,4.743112099509271e-05,8.641920956703267e-05,1.2825067743464896e-05,2.393604301072235e-05,5.32847530401074e-05,9.223736045425252e-05,5.8815825317228776e-05,4.682526938350011e-05,2.3276484103395683e-06,0.3256431758246856,3.0452579338756383e-05,4.249958403293192e-05,4.1646614151354766e-05,3.445795000368333e-05,0.6354330407580345,3.4017120241092395e-05,5.170289923918811e-05,3.991579559394583e-05,7.41665857782198e-05,4.244897867333341e-05,4.288351347532743e-05,9.059808471095649e-05,4.227470130785946e-05
uj1147,0.0001952282569615,0.0001968164826531,0.0002702328388606,0.0002037008791189,0.0006744400452878,0.0002673691566438,0.2920257514364043,0.0001953772347942,0.0001469116015417,0.0002373341114003,0.0001608514751372,0.0003005504292367,0.0002313117833526,0.000296829814308,0.00018501868441,0.0002892755035947,0.0516118114399439,0.0001925400997053,0.0001867382283862,0.0002832026248772,0.0173158959707119,0.0001746916812401,9.163980989764994e-05,0.0002374966868139,0.0001995843434096,0.0002567634662634,0.3851889522193775,0.0002201214367176,0.000226312681364,0.000242552334498,0.0001887426927764,9.672084466582522e-05,0.0001715218019997,0.0002286032043122,0.0002423751602043,0.0002026862243893,0.0001622246279392,0.000212676812675,0.0003874958394196,5.750643191214638e-05,0.0001073270297806,0.0002389239639079,0.000413583896383,0.0002637247866145,0.0002099602294063,1.0436962790533e-05,0.2416443314982536,0.0001365465832479,0.00019056425154,0.0001867396125284,0.0001545062993315,0.0003131902503976,0.0001525296589554,0.0002318310760014,0.000178978780265,0.0003325561938949,0.0001903373417315,0.0001922857560794,0.0004062335337336,0.0001895558979488
uj1148,0.310321377854282,9.615396922930298e-05,0.0001320212602231,9.951731582007196e-05,0.0003294952053172,0.0001306222188011,0.0001318373837445,9.545082997759216e-05,7.1773122980615e-05,0.000115948707837,7.858339699168069e-05,0.0001468328075733,0.0001130065216034,0.0001450151148245,9.039019825874602e-05,0.0001413244840903,6.130134333665236e-05,9.406475805739276e-05,9.12302751484008e-05,0.0001383576015129,7.51308531199997e-05,8.534497881554277e-05,4.477029231645408e-05,0.0001160281334577,9.750619742901496e-05,0.0001254408477455,0.0121084307931497,0.0001075395188834,0.0001105642287004,0.0001184980515525,9.220954885910622e-05,4.725261317782796e-05,8.379634596307361e-05,0.0001116832552682,0.0001184114937025,9.902160998114224e-05,7.925424574627584e-05,0.000103902475169,0.0001893096681628,2.809455595399572e-05,5.24342259341788e-05,0.0001167254244362,0.0002020548925093,0.0001288417752177,0.0001025752983976,5.098939811747683e-06,0.6714305577878366,6.67093313882991e-05,9.309946469820115e-05,9.123095136600038e-05,7.548348467256717e-05,0.0001530079457457,7.451780428170854e-05,0.0001132602201184,8.743942528754226e-05,0.0001624691062645,9.298860874521514e-05,9.394049941376928e-05,0.0001984638998522,9.260683725723856e-05
uj1150,8.34792294075627e-05,8.415835167668247e-05,0.0001155510452216,8.710210644276493e-05,0.0002883892738607,0.000114326540181,0.0001153901081176,8.354293204400936e-05,6.281911992974274e-05,0.0001014836122608,6.877978322665813e-05,0.0001285147889003,9.890847630204312e-05,0.0001269238610705,7.911363570487253e-05,0.000123693652253,5.3653739436133766e-05,8.232977850449052e-05,7.98489094214096e-05,0.0001210969009246,6.575795892069329e-05,7.46978288942917e-05,3.918500750032251e-05,0.0001015531291967,8.534188364411587e-05,0.000109791567252,0.0472902826891434,9.412350547646474e-05,9.677086984981532e-05,0.0001037149144803,8.070601456219417e-05,4.135764825244452e-05,7.334239459177885e-05,9.775029308306578e-05,0.000103639155091,8.666824202036812e-05,6.936694073938074e-05,9.09401984696642e-05,0.0001656924800581,2.458964033547203e-05,4.589283272893167e-05,0.0147791355317649,0.0001768476833363,0.0001127682145243,8.977859265800527e-05,4.462825334146732e-06,0.6243591637408819,5.838705792482161e-05,8.148490960677209e-05,7.984950127798101e-05,6.606659818385773e-05,0.0001339195522619,6.522139053832259e-05,9.913052484581332e-05,7.653098424056942e-05,0.3083586145265196,8.13878834064849e-05,8.222102165635675e-05,0.000173704682321,8.105373953907321e-05
uj1151,0.4957664890990526,2.9921841183754387e-05,4.10832668993115e-05,3.0968470078448435e-05,0.0001025345420821,0.0026497890022432,4.102604697555604e-05,2.9703033565219347e-05,2.2334844877454697e-05,3.608170155812023e-05,2.445411191354557e-05,4.569242418165908e-05,3.5166132186223124e-05,4.512678228265958e-05,2.812823202770115e-05,4.397830689905289e-05,1.907616580336784e-05,2.927170634911074e-05,2.8389652824740194e-05,4.305505235216463e-05,2.337972600689596e-05,2.655822658615031e-05,1.3931921762361852e-05,3.610641775891025e-05,3.034263668247671e-05,3.903552972676524e-05,0.0089862654230751,3.346487337756797e-05,3.440612299518464e-05,3.687502354358442e-05,2.8694389828131875e-05,1.4704387123661928e-05,2.607631256185224e-05,3.4754349235993e-05,3.684808788755041e-05,3.081421298947748e-05,2.46628711572274e-05,3.233307356449001e-05,5.891066037855268e-05,8.742653559925795e-06,1.6316836357052452e-05,3.632340547232112e-05,6.287680532092597e-05,4.009385329380902e-05,3.192007373830384e-05,1.5867225084468064e-06,0.4907275317641953,2.075906002918104e-05,2.8971319845870463e-05,2.83898632546973e-05,2.348946027368574e-05,4.761404536028901e-05,2.318895333131885e-05,3.52450798025845e-05,2.7209990576813992e-05,5.055823315334131e-05,2.893682294214295e-05,2.9233038705642552e-05,6.175933598668951e-05,2.881802071355809e-05
uj1153,0.0001952282569615,0.0001968164826531,0.0002702328388606,0.0002037008791189,0.0006744400452878,0.0002673691566438,0.0002698564641562,0.0001953772347942,0.0001469116015417,0.0002373341114003,0.0001608514751372,0.0003005504292367,0.0002313117833526,0.000296829814308,0.00018501868441,0.0002892755035947,0.0001254770330766,0.0001925400997053,0.0001867382283862,0.0002832026248772,0.0001537845017561,0.0001746916812401,9.163980989764994e-05,0.0002374966868139,0.0001995843434096,0.0002567634662634,0.0934330572471293,0.0002201214367176,0.000226312681364,0.000242552334498,0.0001887426927764,9.672084466582522e-05,0.0001715218019997,0.0002286032043122,0.0002423751602043,0.0002026862243893,0.0001622246279392,0.000212676812675,0.0003874958394196,5.750643191214638e-05,0.0001073270297806,0.0002389239639079,0.000413583896383,0.0002637247866145,0.0002099602294063,1.0436962790533e-05,0.4304275576567671,0.0001365465832479,0.00019056425154,0.0001867396125284,0.0001545062993315,0.0003131902503976,0.0001525296589554,0.0002318310760014,0.000178978780265,0.4637095658557008,0.0001903373417315,0.0001922857560794,0.0004062335337336,0.0001895558979488
uj1154,0.0059749994309521,6.775107190525514e-05,9.302353263305425e-05,7.012092037370547e-05,0.0002321656976494,9.203775371266335e-05,9.289397138229556e-05,6.725563278418817e-05,5.057207783412497e-05,8.169864754363461e-05,5.537066667987372e-05,0.000103459900654,7.962555297807263e-05,0.0001021791357192,6.368985982423977e-05,9.957867949004514e-05,4.319355460392755e-05,6.627899230762773e-05,6.428178660805472e-05,9.748818362754314e-05,5.29379688933842e-05,6.013494651162234e-05,3.154560667919876e-05,8.17546116498093e-05,6.870386574959995e-05,0.5081587639168116,0.002623929317404,7.577344684707613e-05,7.790468837503944e-05,8.349494124598827e-05,6.497179289818206e-05,3.3294675391794395e-05,5.904376393659763e-05,7.8693165960206e-05,8.343395169799996e-05,6.977164096063111e-05,5.584335358582701e-05,7.321074858104054e-05,0.00013338953184,1.979571197987846e-05,3.694569283033117e-05,8.224593001767223e-05,0.0001423699475012,9.078323492146718e-05,7.227560622970727e-05,3.592765234708654e-06,0.4790046455254806,4.7004078394953946e-05,6.559883671641866e-05,6.428226307790387e-05,5.318643669835944e-05,0.0001078109662802,5.250600840067228e-05,7.980431155111632e-05,6.161071495533315e-05,0.0001144773969201,6.5520726476123e-05,6.619143839418597e-05,0.0001398396972819,6.525172637409294e-05
uj1155,3.5298392231842424e-05,3.558555257578537e-05,4.885965222702363e-05,3.683029107067762e-05,0.000121942641019,4.834188200415947e-05,4.879160151474701e-05,3.532532828124602e-05,2.6562462910544367e-05,4.291137299790917e-05,2.908287226877216e-05,5.434124701906122e-05,4.182250143347775e-05,5.366853843096663e-05,3.3452442767094985e-05,5.230267558535002e-05,2.268696959426109e-05,3.481235793186346e-05,3.3763346212518244e-05,5.120466416896155e-05,2.780512281702652e-05,3.158526117083312e-05,1.6569004938955088e-05,4.294076756815923e-05,3.608599772725444e-05,4.642431215662052e-05,0.2589278979241518,3.979922237091507e-05,4.091863502834275e-05,4.385485776042405e-05,3.412576490825912e-05,1.748768526209113e-05,3.101212876419572e-05,4.133277475739399e-05,4.382282362863132e-05,3.664683565708684e-05,2.93311461967066e-05,3.845319150649697e-05,7.006147747730893e-05,1.039749379050679e-05,1.9405344560468697e-05,4.319882747952839e-05,7.477834829094851e-05,4.768295893259756e-05,3.796201761989412e-05,1.887062928406036e-06,0.344682510772009,2.468840796111788e-05,0.0031374636202115,3.376359647339812e-05,2.7935627971981126e-05,5.662659941642656e-05,2.757824001810109e-05,4.191639253247489e-05,3.2360393343159424e-05,0.391039199955099,3.44140866151946e-05,3.476637114077101e-05,7.344936042883495e-05,3.4272797082726855e-05
uj1156,0.2422868026915254,6.775107190525514e-05,9.302353263305425e-05,7.012092037370547e-05,0.0002321656976494,9.203775371266335e-05,9.289397138229556e-05,6.725563278418817e-05,5.057207783412497e-05,8.169864754363461e-05,5.537066667987372e-05,0.000103459900654,7.962555297807263e-05,0.0001021791357192,6.368985982423977e-05,9.957867949004514e-05,4.319355460392755e-05,6.627899230762773e-05,6.428178660805472e-05,9.748818362754314e-05,5.29379688933842e-05,6.013494651162234e-05,3.154560667919876e-05,8.17546116498093e-05,6.870386574959995e-05,8.838690657892054e-05,0.0321629047249757,7.577344684707613e-05,7.790468837503944e-05,8.349494124598827e-05,6.497179289818206e-05,3.3294675391794395e-05,5.904376393659763e-05,7.8693165960206e-05,8.343395169799996e-05,6.977164096063111e-05,5.584335358582701e-05,7.321074858104054e-05,0.00013338953184,1.979571197987846e-05,3.694569283033117e-05,8.224593001767223e-05,0.0001423699475012,9.078323492146718e-05,7.227560622970727e-05,3.592765234708654e-06,0.7212242438675683,4.7004078394953946e-05,6.559883671641866e-05,6.428226307790387e-05,5.318643669835944e-05,0.0001078109662802,5.250600840067228e-05,7.980431155111632e-05,6.161071495533315e-05,0.0001144773969201,6.5520726476123e-05,6.619143839418597e-05,0.0001398396972819,6.525172637409294e-05
uj1157,0.0002569704290205,0.0002590609411406,0.0003556956847243,0.000268122571567,0.000887735978816,0.0003519263448793,0.0003552002791372,0.0002571665220359,0.0001933733254799,0.0003123925264558,0.0002117217723393,0.0003956014049672,0.0003044655990416,0.0003907041220158,0.000243532014523,0.0003807607127207,0.0001651599390567,0.0002534321250161,0.0002457953751665,0.0003727672476675,0.0002024198238925,0.0002299390312308,0.0001206214798578,0.000312606517373,0.0002627041553819,0.068107180109352,0.0326229016040881,0.0002897362344484,0.0002978854994048,0.0003192610456395,0.0002484337641083,0.0001273094240344,0.0002257666576152,0.0003009004147343,0.0003190278388539,0.0002667870258564,0.0002135291934071,0.0002799372009278,0.000510043851485,7.56932050201146e-05,0.000141269882329,0.0003144851798826,0.0005443824216005,0.0003471294197594,0.0002763614810045,1.3737718339020409e-05,0.6117324730868233,0.00017973030454,0.0002508314023614,0.0002457971970525,0.0002033698945201,0.0230019765067703,0.0002007681291129,0.0003051491212777,0.0002355819524597,0.2489248456243846,0.0002505327308896,0.0002530973436085,0.0005347074602354,0.000249504150564
uj1159,3.140090163572124e-05,3.165635501882741e-05,4.346478795576116e-05,3.27636550562792e-05,0.0001084782799933,4.300418760514812e-05,4.340425109877333e-05,3.142486352702275e-05,2.3629554558127304e-05,3.817329111509959e-05,2.5871671587697502e-05,0.0028087293156089,3.720464787877108e-05,4.774269845308891e-05,2.9758773654754533e-05,4.652764807398401e-05,2.018197588045804e-05,3.09685330693292e-05,3.003534853226796e-05,4.555087416727302e-05,2.4735005515604635e-05,2.8097757899273267e-05,1.4739529519437032e-05,3.8199440068371566e-05,3.21015432549414e-05,0.2677989523932487,0.0012260180640715,3.54047702410629e-05,3.640058235949585e-05,3.901260050992822e-05,3.0357750576563885e-05,1.5556773270143743e-05,2.758790820960864e-05,3.676899463192935e-05,0.0276428659638565,3.2600455968942074e-05,2.609253221892905e-05,3.420736208449227e-05,6.232560248831047e-05,9.249449029556683e-06,1.726269320563756e-05,3.842900615851535e-05,6.652165752318791e-05,4.2418019872076186e-05,3.3770421421644235e-05,1.678701879850496e-06,0.6130272981957879,2.196242437439638e-05,0.0856026845009955,3.003557116046077e-05,2.485110087504108e-05,5.037414357463471e-05,2.453317410059e-05,3.728817194255037e-05,2.8787303443955165e-05,5.3489000492917e-05,3.061423709015521e-05,3.0927623934030564e-05,6.533941055683316e-05,3.048854811593687e-05
uj1161,0.0001952282569615,0.0001968164826531,0.0002702328388606,0.0002037008791189,0.0006744400452878,0.0002673691566438,0.0002698564641562,0.0001953772347942,0.0001469116015417,0.0002373341114003,0.0001608514751372,0.0003005504292367,0.0002313117833526,0.000296829814308,0.00018501868441,0.0002892755035947,0.0001254770330766,0.0001925400997053,0.0001867382283862,0.0002832026248772,0.0001537845017561,0.0001746916812401,9.163980989764994e-05,0.0002374966868139,0.0001995843434096,0.1203915437489538,0.0076224999023504,0.0002201214367176,0.000226312681364,0.000242552334498,0.0001887426927764,9.672084466582522e-05,0.0001715218019997,0.0002286032043122,0.0002423751602043,0.0002026862243893,0.0001622246279392,0.000212676812675,0.0003874958394196,5.750643191214638e-05,0.0001073270297806,0.0002389239639079,0.000413583896383,0.0174258362555702,0.0002099602294063,1.0436962790533e-05,0.7565076755669269,0.0001365465832479,0.00019056425154,0.0001867396125284,0.0001545062993315,0.0003131902503976,0.0001525296589554,0.0002318310760014,0.0859895361250439,0.0003325561938949,0.0001903373417315,0.0001922857560794,0.0004062335337336,0.0001895558979488
uj1162,7.187521381930608e-05,7.245993481695839e-05,9.94888925220308e-05,7.499449346999513e-05,0.0002483017736153,9.84345995889929e-05,9.935032645184516e-05,7.193006148198758e-05,5.408695922247993e-05,8.737690060349057e-05,5.9219061567112624e-05,0.0001106506132927,8.515972096535763e-05,0.0001092808321058,6.811645870074667e-05,0.0001064996378964,4.6195610830927066e-05,7.088554213666806e-05,6.874952582375283e-05,0.0001042638475292,5.661728541684161e-05,6.43144703385195e-05,3.3738102430802285e-05,8.743675435002874e-05,7.347895013160565e-05,0.4171090018948737,0.0659903096255127,8.103988416705064e-05,8.331925212172117e-05,8.929804105078381e-05,6.948748921532597e-05,3.560873563764356e-05,6.31474479426191e-05,8.416253080084964e-05,0.0064076339017502,7.462093829525684e-05,5.972460135314144e-05,7.829907219034645e-05,0.0064610615152041,2.1171561709358224e-05,3.951350759434278e-05,8.796222052950864e-05,0.0001522650022461,9.709288871593328e-05,7.729893519005008e-05,3.84247108420185e-06,0.4996598215611972,5.02709752163402e-05,7.01581140913477e-05,6.875003540940572e-05,5.688302233356221e-05,0.0001153040884747,5.615530262800577e-05,8.535090369039013e-05,6.589280824859343e-05,0.0001224338521234,7.007457500095109e-05,7.079190301506375e-05,0.0001495588935337,6.978687874300685e-05
uj1163,5.07229920691552e-05,5.1135634995006505e-05,7.021021626524219e-05,5.292429608727111e-05,0.0001752288198475,6.946619215401674e-05,7.011242892930812e-05,5.076169856352751e-05,3.81696590229783e-05,6.166267341451372e-05,4.179143032204293e-05,7.808714412463699e-05,6.009798957950437e-05,7.712047708341144e-05,4.807040439758469e-05,7.515776303596347e-05,3.2600662694341825e-05,5.0024571762041874e-05,4.851716562378725e-05,7.357994544020701e-05,3.995533323066335e-05,4.5387306632768457e-05,2.380928572022232e-05,0.0223564704727727,5.1854763370097584e-05,0.5083873654561801,0.2918123828189752,5.7190583282639785e-05,5.879915397820806e-05,6.301843970018722e-05,4.903795310070794e-05,2.512940858696532e-05,4.456372831437071e-05,5.939426341135776e-05,6.297240737661303e-05,5.266067480312053e-05,4.214819434672948e-05,5.5256367344070006e-05,0.0001006767600941,1.494096364534161e-05,2.7885041669176944e-05,6.207573900955977e-05,0.0001074547968755,6.851933458856456e-05,5.455056156710722e-05,2.711666789888241e-06,0.1742563558055827,3.547668440496807e-05,4.951121917478662e-05,4.851752524301698e-05,4.014286618956608e-05,8.137114388205984e-05,3.962930777502968e-05,6.023290896729168e-05,4.65011540502717e-05,8.640268293133521e-05,4.9452264878938485e-05,4.995848978231464e-05,0.0001055450713462,4.924923501322264e-05
uj1166,8.109866375669277e-05,0.0713739129999683,0.0001122558920305,8.461822770804726e-05,0.0002801653167842,0.0001110663060309,0.0001120995443476,8.116054979385754e-05,6.102771576628893e-05,9.85896181117317e-05,6.681839965153819e-05,0.0001248499504218,9.608791694930912e-05,0.007252519848899,7.685756308643753e-05,0.0001201662974622,5.212370316185529e-05,7.998199158620633e-05,7.75718691039913e-05,0.0001176435973326,6.388274829178759e-05,7.25676812285515e-05,3.8067574055544e-05,9.865715264286062e-05,0.0072121236589775,0.0001066606562983,0.4594362087978884,9.143939847563464e-05,9.401126832493105e-05,0.0001007572905941,7.840453229590048e-05,4.017825791152684e-05,7.125089965876598e-05,9.49627614811637e-05,0.0001006836916249,8.419673573743783e-05,6.738881327459678e-05,8.834686939491635e-05,0.0001609674504977,2.388842095952308e-05,4.458411315891469e-05,9.925004973131016e-05,0.0001718045423852,0.0001095524189317,8.721838893569194e-05,4.335559560711845e-06,0.2857397041231427,5.672204226119366e-05,7.916121569811042e-05,7.757244408267064e-05,6.418258613172839e-05,0.1641020561217637,6.336148115584046e-05,9.630363336543662e-05,7.434856073710256e-05,0.000138145283724,7.906695638057092e-05,7.987633614208409e-05,0.0001687511698957,7.874234124765828e-05
uj1167,1.907789863207715e-05,1.9233101619706543e-05,2.6407420662769544e-05,1.9905851660927304e-05,6.590694921766716e-05,2.6127578800238487e-05,2.6370640953877223e-05,1.909245689344768e-05,0.4125805949194315,2.319252443115122e-05,1.5718565464088356e-05,2.9370085622061275e-05,0.0033768010781323,2.9006503446184755e-05,1.808020909038126e-05,2.8268288721195448e-05,1.226173994967074e-05,1.8815209242548908e-05,1.824824463084414e-05,2.76748409981055e-05,1.5027973825877553e-05,1.707104411235063e-05,8.955132986896148e-06,2.3208411461582544e-05,1.950357971423088e-05,2.509118023196958e-05,0.4569156786126215,2.1510484813041115e-05,2.2115499371936645e-05,2.3702454360592334e-05,1.844412287635462e-05,9.451656736900342e-06,1.6761280373402678e-05,2.233933154305825e-05,2.3685140713129463e-05,1.9806698595796096e-05,1.5852751315925767e-05,2.0782988778140967e-05,3.786647721931924e-05,5.619585483103079e-06,1.0488103651111476e-05,2.3347886392841943e-05,4.04158279844241e-05,2.577144735144533e-05,2.0517521570518983e-05,1.0199103410722658e-06,0.1259167337857921,1.3343467356133153e-05,1.8622127402881057e-05,1.8248379890593835e-05,1.5098508599836508e-05,3.060526146489129e-05,1.490534934454617e-05,2.2654762361542608e-05,1.74899836751776e-05,3.249772064424215e-05,1.859995355165038e-05,1.8790354531515217e-05,3.969754326623823e-05,1.852359009122734e-05
uj1168,2.182282581553162e-05,2.200035940192942e-05,3.020691914109128e-05,2.2769904688340973e-05,7.538963805961069e-05,0.0038666855951608,3.0164847569364107e-05,2.1839478718882927e-05,1.642193779028311e-05,0.0115369258083366,1.7980151944831023e-05,3.359585219935249e-05,2.585628144075298e-05,3.317995783662405e-05,2.068158874816408e-05,3.233552881073462e-05,1.4025958533352164e-05,2.1522340688641152e-05,2.087380123451069e-05,3.165669585636297e-05,1.7190198013269738e-05,1.95272251592063e-05,1.0243597111862762e-05,2.654763664221021e-05,2.2309753872334925e-05,0.4316685642187248,0.4171447190817917,2.460541238506022e-05,2.529747641104463e-05,2.711276241095517e-05,2.1097862433034928e-05,1.081156067632984e-05,1.9172892627652592e-05,2.555351354471962e-05,2.709295767668645e-05,2.26564854847293e-05,1.813364445089943e-05,2.37732442539002e-05,4.331470423139724e-05,6.4281311856355325e-06,1.1997131525199174e-05,2.670717922020617e-05,4.62308554680976e-05,2.9479442018793343e-05,2.3469581636575595e-05,1.1666549943428535e-06,0.1344416307355712,1.526332482962888e-05,2.1301478242704405e-05,2.087395595542699e-05,1.7270881327282955e-05,3.5008745086009845e-05,1.7049930327167495e-05,2.5914328534954486e-05,2.000644172719016e-05,3.7173491205613326e-05,2.127611401877185e-05,2.149390988291962e-05,4.540922397747981e-05,2.118876338715243e-05
uj1172,6.241109403123142e-05,6.291882229007538e-05,8.638876041281026e-05,6.511964466007936e-05,0.247104953769342,8.547329078310299e-05,8.62684399354669e-05,6.24587196653146e-05,4.696509573361246e-05,7.587160677436801e-05,5.1421432000159184e-05,9.608076920913016e-05,7.394637275381226e-05,9.489135302633544e-05,5.91472704308657e-05,9.247637066873548e-05,4.011283526261651e-05,6.155173669282477e-05,5.969697887196123e-05,9.053497647419286e-05,4.916224295105247e-05,5.5845906294723525e-05,0.0110021555257906,7.592357931962828e-05,6.380365945774769e-05,8.208283517027631e-05,0.002436781260883,7.036901265775923e-05,7.234824639066127e-05,7.753978236275164e-05,6.033777143695958e-05,3.0919979644182845e-05,5.483255077733752e-05,7.308048692451111e-05,7.748314280822482e-05,6.479527710835206e-05,5.186040517944868e-05,6.798909522989533e-05,0.0001238757116778,1.8383810752238145e-05,3.4310593415054314e-05,7.63798550980934e-05,0.0440236550718658,8.430824877471653e-05,6.712065058739961e-05,3.336516323294671e-06,0.5051910442577546,4.36515788204302e-05,6.092009223954247e-05,5.969742135827062e-05,4.939298914039548e-05,0.0001001215012183,4.8761091431039886e-05,7.411238162384006e-05,5.721641763631515e-05,0.1866449301631135,6.0847553101931926e-05,6.14704274387314e-05,0.00012986582817,6.059773905265297e-05
uj1173,0.0001041068741981,0.0001049538069877,0.0001441036077324,0.0001086249609895,0.0003596500119489,0.000142576528564,0.0001439029032104,0.0001041863177005,7.834166968451169e-05,0.0001265601243541,8.577520768424484e-05,0.0001602706811694,0.0001233486745455,0.0001582866364602,9.86625460984438e-05,0.0001542582458608,6.691153166337685e-05,0.0001026733949792,9.95795053091598e-05,0.0001510198395435,8.200669322738374e-05,9.315559727566432e-05,4.886758868332892e-05,0.0001266468188644,0.0001064297886722,0.0001369209677789,0.2420120613955705,0.0001173813416016,0.000120682867403,0.0001293427794063,0.0001006484003828,5.157708707070228e-05,9.146523633897372e-05,0.0001219043052631,0.0001292482999381,0.0001080838890466,8.650745130634492e-05,0.0001134114422093,0.0002066349473925,3.066571901957532e-05,5.723291167653318e-05,0.2106192576807646,0.000220546591673,0.0001406331419965,0.0001119628046145,5.565585582517178e-06,0.4766277233419371,7.281444902304535e-05,0.0092534393143271,9.958024341297388e-05,8.239159698333483e-05,0.0001670109568445,8.133753926563053e-05,0.0001236255910908,9.544172370944916e-05,0.0550882553133826,0.0001014987584239,0.0001025377644088,0.0002166269578477,0.0001010820478982
uj1174,2.968038459298108e-05,2.9921841183754387e-05,4.10832668993115e-05,3.0968470078448435e-05,0.0001025345420821,4.0647903746098566e-05,4.102604697555604e-05,2.9703033565219347e-05,2.2334844877454697e-05,3.608170155812023e-05,2.445411191354557e-05,4.569242418165908e-05,3.5166132186223124e-05,4.512678228265958e-05,2.812823202770115e-05,4.397830689905289e-05,1.907616580336784e-05,2.927170634911074e-05,2.8389652824740194e-05,4.305505235216463e-05,2.337972600689596e-05,2.655822658615031e-05,1.3931921762361852e-05,3.610641775891025e-05,3.034263668247671e-05,0.5323038196231465,0.3351289027352196,3.346487337756797e-05,3.440612299518464e-05,3.687502354358442e-05,2.8694389828131875e-05,1.4704387123661928e-05,2.607631256185224e-05,3.4754349235993e-05,3.684808788755041e-05,3.081421298947748e-05,2.46628711572274e-05,3.233307356449001e-05,5.891066037855268e-05,8.742653559925795e-06,1.6316836357052452e-05,3.632340547232112e-05,6.287680532092597e-05,4.009385329380902e-05,3.192007373830384e-05,1.5867225084468064e-06,0.1280569190730907,2.075906002918104e-05,2.8971319845870463e-05,2.83898632546973e-05,2.348946027368574e-05,4.761404536028901e-05,2.318895333131885e-05,3.52450798025845e-05,2.7209990576813992e-05,5.055823315334131e-05,0.0026380779214392,2.9233038705642552e-05,6.175933598668951e-05,2.881802071355809e-05
uj1175,0.0001919342598001,0.0001934956880854,0.0002656733236655,0.0002002639272758,0.0006630605266193,0.0002628579590501,0.0002653032993595,0.0001920807239979,0.0001444328292268,0.0002333296813991,0.0001581375017055,0.0002954793791941,0.0002274089653404,0.0002918215405008,0.0001818969487005,0.00028439469022,0.0001233599164398,0.0001892914585928,0.0001835874795971,0.0002784242764098,0.0001511897661367,0.0001717441883358,9.009361326416928e-05,0.000233489513752,0.0001962168479923,0.0002524312136367,0.0074938889449414,0.0002164074283102,0.000222494210915,0.0002384598598032,0.0001855581235756,9.508891805470792e-05,0.0001686277930191,0.0002247460869163,0.0002382856748904,0.0001992663923518,0.0001594874859278,0.0002090884140069,0.0003809577992047,5.653615216663672e-05,0.0001055161498551,0.0002348927090519,0.000406605684305,0.0002592750788108,0.0002064176664063,1.026086468700672e-05,0.4906553222001547,0.0001342426951498,0.0001873489480107,0.0001835888403853,0.0001518993851514,0.000307905934429,0.0001499560957251,0.0002279194962016,0.000175958953098,0.4896306922741809,0.0001871258667477,0.0001890414063907,0.0003993793409656,0.0001863576079087
uj1176,7.05381488693736e-05,7.111199254353834e-05,9.76381416994562e-05,7.359940184760699e-05,0.0002436827181598,9.660346134289384e-05,9.750215331670756e-05,7.059197622361413e-05,0.341100517224825,8.575146416966837e-05,5.8117433796121406e-05,0.0001085922255835,8.357552980962677e-05,0.0001072479258709,6.684931632157745e-05,0.00010451846907,4.53362529410426e-05,6.956688764074998e-05,6.747060675807171e-05,0.0001023242701886,5.556405741418838e-05,6.311805478030925e-05,3.31104864302313e-05,8.581020448165289e-05,7.211205153669092e-05,9.277150700104406e-05,0.0151558192770845,7.9532332635604e-05,8.176929844858695e-05,0.0062884993468518,6.819484212112467e-05,3.4946321019271794e-05,6.197274202057448e-05,8.25968899623496e-05,8.757285138341705e-05,7.32327957656709e-05,5.861356923407558e-05,7.684250685335647e-05,0.0001400065729861,2.0777715881391985e-05,3.877845411420836e-05,8.632589563058158e-05,0.0001494324792276,0.0062961491901816,7.586097498906134e-05,3.770991179867495e-06,0.5833777932459939,4.933580500412112e-05,6.885299163924992e-05,6.747110686411294e-05,5.5824850936679314e-05,0.0063140216145045,5.511066870057821e-05,0.0248872130777133,6.466703152139919e-05,0.0001201562656835,6.877100659208718e-05,6.947499044909324e-05,0.0125485016719751,6.848866222893788e-05
uj1177,0.000128875160737,0.0001299235890971,0.0001783876017059,0.0001344681551088,0.1250658463323492,0.000176497211904,0.0001781391471467,0.000128973504811,9.698010194583372e-05,0.0001566703111073,0.0001061821686867,0.000198401017764,0.0001526948184853,0.0001959449447834,0.0001221355610289,0.0001909581512598,8.28305956229712e-05,0.0001271006394466,0.000123270675944,0.0001869492888491,0.0001015170789882,0.0001153184423691,6.0493780020790856e-05,0.0001567776312918,0.0001317507247047,0.0001694961246958,0.0843358450022996,0.0001453077847447,0.0001493947835295,0.000160114993506,0.0001245938741045,6.384790089781231e-05,0.0001132259240883,0.0001509068162532,0.0001599980362277,0.0001337983555962,0.000107088621937,0.0001403933981951,0.0682306856640586,3.796146506370244e-05,7.084931469292417e-05,0.0001577198133702,0.0002730172975683,0.0001740914701297,0.0001386001121675,6.889705814981989e-06,0.7146438638943062,9.01378885313793e-05,0.0001257963315874,0.0001232715896517,0.0001019935560105,0.000206744886675,0.0001006887251927,0.0001530376168313,0.000118148465976,0.0002195288408007,0.0001256465426249,0.0001269327407203,0.0002681651353729,0.0001251306916171
uj1178,8.227172952852125e-05,0.0145476155063565,0.0001138796369669,8.584220282673603e-05,0.0002842178168914,0.0001126728439931,0.0290430699834487,8.233451072706833e-05,0.0072942477007297,0.0001000156848446,0.0073001221449723,0.0001266558643133,9.747779738923476e-05,0.0001250879487366,7.796928271764301e-05,0.0001219044638382,5.287765556067116e-05,8.113890505859027e-05,7.869392093921825e-05,0.0001193452736724,6.480679145057817e-05,7.361734911513427e-05,0.245938084332428,0.0001000841962407,8.41074410778779e-05,0.0001082034679713,0.0032122207105553,9.276203960903436e-05,9.537111071850018e-05,0.0001022147120038,7.95386283331481e-05,4.075942333330384e-05,7.228152072858338e-05,9.633636691350563e-05,0.0001021400484495,8.54146141119767e-05,6.836357052206187e-05,8.962477810185019e-05,0.0001632957922707,2.4233959192492225e-05,4.522900784264164e-05,0.0001006856693925,0.0001742896391647,0.0001111370590098,8.847997454012849e-05,4.398272018436835e-06,0.6876513840693201,5.7542508138220194e-05,8.03062569144538e-05,7.869450423477702e-05,6.511096634726987e-05,0.0001319824495322,6.427798435519358e-05,9.769663407310108e-05,7.542398846606077e-05,0.0001401435102837,8.021063416656956e-05,8.103172134286198e-05,0.000171192100636,7.988132358142876e-05
uj1181,6.760373847141009e-05,6.815371005832467e-05,9.357636260781468e-05,7.053764231000615e-05,0.0002335454362289,9.25847252973987e-05,9.344603138691016e-05,6.765532658985396e-05,5.087262286527216e-05,8.218417480733973e-05,5.5699729266475885e-05,0.0001040747529677,8.009876003866446e-05,0.0001027863765692,6.40683625815799e-05,0.0001001704660768,4.345024977584385e-05,6.667288203216775e-05,6.466380712976796e-05,9.806754659698498e-05,5.325257418925747e-05,6.049232275848429e-05,3.173307920846785e-05,8.224047150285529e-05,6.911216626553629e-05,8.891218152763622e-05,0.2700702275475178,7.622376120863904e-05,7.836766850156272e-05,8.399114371169901e-05,0.0297798806328003,3.3492542469462895e-05,5.939465538957641e-05,7.916083193375281e-05,8.392979170864884e-05,7.018628716272078e-05,5.6175225305590336e-05,7.364583307143398e-05,0.0952206549530596,1.9913356006550405e-05,3.716525755612445e-05,8.273470972887902e-05,0.0001432160385091,9.132275102077808e-05,7.270513325837192e-05,3.6141166955466233e-06,0.3867648517098855,4.728341914602199e-05,6.598868434120522e-05,6.466428643123193e-05,5.350251861467987e-05,0.0001084516765616,5.281804659657069e-05,0.2140248421558775,6.197686155318476e-05,0.0001151577251624,6.591010989920761e-05,6.658480779417599e-05,0.0001406707512543,6.563951115524893e-05
uj1186,1.5284198755162093e-05,1.5408539142752482e-05,2.1156222380923685e-05,1.5947510731859936e-05,0.1532234561468876,2.093202794895685e-05,2.112675643230385e-05,1.5295862060676392e-05,1.1501542616582536e-05,1.858061833097565e-05,1.2592879505880663e-05,2.352975213679696e-05,1.8109137100320584e-05,2.3238469414988823e-05,1.4484902902652036e-05,2.264705099945364e-05,9.823454568511568e-06,1.5073745973236146e-05,1.461952404976556e-05,2.2171612214216864e-05,1.2039614177207631e-05,1.3676413540252609e-05,7.174376753448912e-06,1.859334617566256e-05,1.562523182129919e-05,2.0101720481007865e-05,0.0153763814751371,1.723305755748323e-05,1.7717763077009265e-05,1.8989147097329364e-05,1.477645129285096e-05,0.3103796888775109,1.3428247290681382e-05,1.7897085520072776e-05,1.8975276322874447e-05,1.586807456418365e-05,1.2700382080937088e-05,1.6650226386952182e-05,3.0336609662281192e-05,4.502113314563695e-06,8.40251140127144e-06,1.870508608013752e-05,3.237901404559062e-05,2.064671435382293e-05,1.6437548164757935e-05,8.170979763559229e-07,0.384377868995736,1.0690077093252247e-05,1.491905906193587e-05,1.461963241269052e-05,1.209612289051668e-05,0.1343847429943784,1.1941373957932843e-05,1.8149791932670664e-05,1.4012045659289137e-05,2.603544714202372e-05,1.4901294550449935e-05,1.505383369931294e-05,0.0013754057993424,1.4840116203230115e-05
uj1189,3.7758880935768594e-05,3.8066057907603454e-05,5.226543404260176e-05,3.939756140260983e-05,0.1594570812488286,5.171157243698511e-05,5.219263982790862e-05,3.778769457338785e-05,2.8414010128632524e-05,4.590252760455079e-05,3.111010564033886e-05,5.812912561617893e-05,4.4737755807420016e-05,5.740952560393195e-05,3.578425881714509e-05,5.594845473635562e-05,2.4268373983627028e-05,3.723896741837474e-05,3.611683391294979e-05,5.4773905990191295e-05,2.9743290146383173e-05,3.378692457269443e-05,1.7723954128137128e-05,4.593397113520624e-05,3.860138679071776e-05,4.966033760782689e-05,0.0213900890814456,4.257344325965981e-05,4.377088502902388e-05,4.691177835394821e-05,3.650451515042643e-05,1.8706671434678788e-05,3.317384173989815e-05,4.421389253535191e-05,4.6877511270045416e-05,3.92013181552319e-05,3.137568560281305e-05,4.113358676955078e-05,0.0166714699897106,1.1122255299548166e-05,2.07580019498825e-05,4.621001921704757e-05,7.999080329625492e-05,5.1006718866275086e-05,4.060817540856914e-05,2.0186014128912414e-06,0.47160719862405,2.640932342115556e-05,3.685682081326492e-05,3.6117101618365496e-05,2.98828922159355e-05,0.3286717657820119,2.9500592390215368e-05,4.483819162343895e-05,3.4616087646528424e-05,6.431932510777826e-05,3.681293443853082e-05,3.7189775099413776e-05,7.856917779781763e-05,3.666179626206998e-05
uj1190,0.0001090991530075,0.0001099866991058,0.0001510138659914,0.0001138338974319,0.0003768964536205,0.0001494135581815,0.0001508035370047,0.0001091824060961,8.209841927932877e-05,0.0001326291128988,8.988842071647672e-05,0.0001679562056032,0.0001292636631459,0.0001658770192,0.0001033937508528,0.0001616554535661,7.012016725255012e-05,0.0001075969335832,0.0001043546813773,0.1536091487707995,8.593919317019732e-05,9.76227250983112e-05,5.121095581764057e-05,0.0001327199647058,0.0001115334591337,0.0001434867940154,0.1001664760949684,0.0001230101762853,0.0001264700214813,0.0001355452057279,0.0001054748336064,5.4050383870923695e-05,9.585130560377292e-05,0.0001277500314424,0.0001354461956477,0.0001132668792486,9.065577791149027e-05,0.0001188499067108,0.0002165437961318,3.213624457724466e-05,5.997742450880852e-05,0.0001335175681085,0.0002311225510857,0.0001473769796163,0.0001173318020148,5.832474346392667e-06,0.4994836442554712,7.630614958247618e-05,0.0001064927729219,0.0001043554548757,8.634255437076295e-05,0.0001750197004287,8.523795099938742e-05,0.0001295538587817,0.0001000184790724,0.0001858419454542,0.0001063659692086,0.0001074547990654,0.2399940259202195,0.0001059292759955
uj1192,9.15404491144976e-05,9.228515121536833e-05,0.0001267092982327,9.551317135022736e-05,0.1129760741125385,0.0001253665481599,0.0001265328201448,9.161030323259966e-05,6.888528430552545e-05,0.0001112834355329,7.542154247527929e-05,0.0001409248932612,0.0001084596300921,0.0001391803365723,8.675328934994572e-05,0.0001356382007862,5.88348435833904e-05,9.028000082515628e-05,8.755956519498593e-05,0.0001327906926751,7.21079139706052e-05,8.191106761991612e-05,4.2968930242778674e-05,0.0001113596654117,9.358297162661426e-05,0.0001203936529668,0.0438097648140625,0.000103212595812,0.0081532467732246,0.0001137302047321,8.849943718569043e-05,4.53513732962802e-05,8.042474502592747e-05,0.0001071896062457,0.0001136471295939,9.503741056083264e-05,7.606539919026125e-05,9.972189093686626e-05,0.0001816926695067,2.6964153069543705e-05,5.0324500465050174e-05,0.0001120289004304,0.0001939250813927,0.0001236577418917,9.844811399321334e-05,4.8937806243134704e-06,0.5558966660850431,6.402523768898319e-05,8.935354667735353e-05,8.756021420452691e-05,0.1610150697327395,0.1128066879336039,7.151953155438703e-05,0.0001087031208809,8.392124266448478e-05,0.0001559320552196,8.92471510863401e-05,9.01607418095533e-05,0.0001904785746803,8.888074042456476e-05
uj1194,6.565289405933308e-05,6.618699508906557e-05,9.08760249012964e-05,6.850213409029788e-05,0.0002268060040682,8.991300331760759e-05,9.07494546548553e-05,6.570299349690112e-05,4.940458908062594e-05,7.981258202550174e-05,5.409239943456636e-05,0.0001010714626933,7.77873461735598e-05,9.982026503600862e-05,6.221953868575264e-05,9.727984200161462e-05,4.21964037771584e-05,6.47488993902236e-05,0.0635483062000371,9.52376065727992e-05,5.171586203198877e-05,5.874669282003265e-05,3.081735617817985e-05,7.986725416450093e-05,6.71177930782801e-05,8.63464383243647e-05,0.0083347640858309,7.402416837570344e-05,7.610620883023947e-05,8.156740713915399e-05,6.347187751499185e-05,3.252604652115915e-05,5.76807008924742e-05,7.687648390618568e-05,8.15078255738788e-05,6.816091801580989e-05,5.455417406105119e-05,7.152063163777476e-05,0.0001303101492058,1.933871531108786e-05,3.609277788760093e-05,8.034723013368391e-05,0.0001390832462292,8.868744589486809e-05,7.06070776455689e-05,3.5098239519865448e-06,0.6930315013250882,4.591895918995133e-05,6.408444562574135e-05,0.028919847538466,5.195859379881136e-05,0.1732476177163943,5.1293873623454426e-05,7.796197799064332e-05,6.0188392205587445e-05,0.0001118346130133,6.400813861028802e-05,6.466336671485721e-05,0.0289936606809886,6.374534854761684e-05
uj1195,2.8779313128926664e-05,2.901343930108386e-05,3.9836013537848817e-05,3.00282934245478e-05,9.942167979225696e-05,3.9413867643079145e-05,3.978053076275832e-05,2.880127449745447e-05,2.165677780894657e-05,3.498629150550796e-05,2.3711705683765784e-05,0.0354633220699194,3.409851804817504e-05,4.375677120170085e-05,2.727428260750204e-05,4.2643162562899805e-05,1.849702948540212e-05,2.8383042012139795e-05,2.752776688944693e-05,4.174793724601203e-05,2.2669937227837927e-05,2.575194120808514e-05,1.3508960358335043e-05,3.5010257343270776e-05,2.942145980307684e-05,3.7850443940196485e-05,0.0061835202042,3.244890802326957e-05,3.33615820957032e-05,3.5755528904040016e-05,2.782325233422294e-05,1.425797432223636e-05,2.528465768744723e-05,0.0050935587835141,3.5729410991824046e-05,2.987871945080281e-05,0.0835115966532151,3.13514686987288e-05,5.712218237452209e-05,8.477233965436247e-06,1.5821470955740822e-05,3.522065749256189e-05,6.096791849878588e-05,3.887663769561293e-05,3.095100719922334e-05,1.5385509502496671e-06,0.5669069292912534,2.012883246072456e-05,2.809177498999684e-05,2.752797093092788e-05,2.2776340054762994e-05,0.3011078115715242,2.248495624992381e-05,3.4175068881434245e-05,2.6383918193245392e-05,4.902332780112902e-05,2.8058325383195337e-05,2.834554828574139e-05,5.988437459182553e-05,2.7943129890153565e-05
uj1197,6.042208482269939e-05,6.091363204517557e-05,8.363559540838394e-05,6.30443153473066e-05,0.000208735529674,8.274930132113242e-05,0.2869088528847616,6.046819265251677e-05,4.546834248254787e-05,7.345361800357635e-05,4.97826576227538e-05,0.0054045989800071,7.158974019308077e-05,9.186721480365028e-05,5.7262277588284615e-05,8.952919668169251e-05,3.883446000007509e-05,5.959011475711726e-05,5.779446710636944e-05,8.764967371357648e-05,4.7595467757321694e-05,5.406612621550497e-05,2.8362023269324825e-05,7.350393421076535e-05,6.177026991107515e-05,0.0053910471528686,0.0023591223054952,6.812638870853716e-05,7.004254528854377e-05,7.506862970085622e-05,5.841483794455264e-05,2.9934575923986447e-05,5.308506581306421e-05,7.075144969622413e-05,7.501379521956628e-05,6.273028522127819e-05,5.0207640954413496e-05,6.582231801518489e-05,0.0001199278569724,0.0053293781833327,3.321713259190978e-05,7.394566871673585e-05,0.0001280019688619,8.162138859751461e-05,6.498155025318352e-05,3.230183277952931e-06,0.6590614357664928,4.226042563543156e-05,5.8978600485072734e-05,5.779489549086958e-05,4.781886018524519e-05,0.031966412211471,4.720710072826712e-05,7.175045844649131e-05,5.539296007120827e-05,0.0001029243351785,5.890837313216851e-05,5.951139678679549e-05,0.0001257270715576,5.866652052711914e-05
uj1198,3.4133316544148634e-05,3.441099873585734e-05,4.724696707850497e-05,3.5614652794143795e-05,0.0211220415686025,4.674628662829982e-05,4.718116248072226e-05,3.415936352936834e-05,2.568572950186448e-05,4.1495019610563575e-05,2.812294901827114e-05,5.2547633720046495e-05,4.044208786396883e-05,0.0630642686037595,3.234829537403748e-05,5.057634835419482e-05,2.193815257936381e-05,3.3663324525715294e-05,3.26489369910153e-05,4.951457842998656e-05,2.6887373578628232e-05,3.054274287034237e-05,1.602212040390704e-05,4.152344396950985e-05,3.4894925954295025e-05,4.4892009012150574e-05,0.0043332916993021,3.848559012191868e-05,3.956805490752547e-05,4.240736326185458e-05,3.299939352121617e-05,1.691047832305883e-05,2.998852754719186e-05,3.996852534176984e-05,0.3481107140572566,3.543725259804696e-05,2.8363028297695106e-05,3.7183986998705306e-05,6.774899470141969e-05,1.0054309116578816e-05,1.876484243758935e-05,4.177298623149912e-05,7.231017821148836e-05,4.610911228811624e-05,0.0030372981428849,1.8247776230415952e-06,0.5553493489927328,2.387353051020054e-05,3.33178711988364e-05,3.264917899166438e-05,2.701357121775726e-05,5.475755467853794e-05,2.666797938233512e-05,4.053287994825693e-05,3.1292290657895706e-05,0.0030587325752158,3.3278198743412666e-05,3.361885559673692e-05,7.102505556105976e-05,3.3141572681114404e-05
uj1199,8.799972256309089e-05,8.871562005870843e-05,0.0001218082628882,0.0697146779029878,0.0312474988163907,0.0001205174495371,0.0001216386108609,8.806687476817983e-05,6.622084516959002e-05,0.0001069790627803,7.250428501616138e-05,0.0001354740077112,0.0001042644803442,0.0001337969293692,8.339772710402514e-05,0.0001303918011502,5.655914912439764e-05,8.678802761468156e-05,8.417281671041449e-05,0.000127654432848,6.931882556179776e-05,7.874279944140687e-05,4.130691925563732e-05,0.1780321367633627,8.996324159903439e-05,0.0078516101383968,0.0498511041142618,9.92203980244706e-05,0.0001020111201242,0.0001093311924977,8.507633504823e-05,4.3597210921874e-05,7.731396686328988e-05,0.0001030435802153,0.0001092513306532,9.136142375713246e-05,7.312323776149834e-05,9.58647114013474e-05,0.0001746649122109,2.592119671928468e-05,4.83779806838329e-05,0.0001076956935681,0.0233940438890141,0.1238928465087093,9.464020334252724e-05,4.704492291550395e-06,0.5111873156735031,6.154878207577158e-05,8.589740812610887e-05,8.417344061667778e-05,6.964417798446981e-05,0.0001411714450224,6.875320140450924e-05,0.0001044985530637,8.06752221893446e-05,0.0001499007021568,8.579512784911999e-05,8.667338146221311e-05,0.0001831109841411,8.544288971950301e-05
uj1200,3.3431125053908566e-05,3.370309476022907e-05,4.62750012228206e-05,3.488198721541058e-05,0.0706481539975121,4.578462078407225e-05,4.621055035896298e-05,3.345663619985979e-05,2.515732199556519e-05,4.064138297023898e-05,2.7544402967653897e-05,5.146662241009237e-05,3.961011216336881e-05,5.082949976762989e-05,3.16828253864949e-05,4.953589037889675e-05,2.1486840324579168e-05,3.297080172370239e-05,3.1977282196180976e-05,4.849596321363656e-05,2.6334245818617024e-05,2.9914416756634515e-05,1.5692512919422675e-05,0.0176738347377851,3.417706661513673e-05,4.396848941605915e-05,0.071837948249526,3.7693863544586966e-05,3.875405983600995e-05,4.153495786381837e-05,3.232052912537844e-05,1.6562595515978464e-05,2.9371602765762203e-05,0.1440433313326031,4.150461832146976e-05,0.2145715553381325,2.77795433297952e-05,3.641903703523144e-05,6.635526059151784e-05,9.847471603652898e-06,1.837881160292585e-05,4.0913631254500765e-05,7.082261131384523e-05,4.516055441125825e-05,3.5953845999946224e-05,1.7872382495434764e-06,0.4792697472825162,2.3382403609462167e-05,3.26324550717959e-05,3.19775192183863e-05,2.6457847316577925e-05,5.3631080816207786e-05,2.6119365005529608e-05,3.9699036470498897e-05,3.064854482728845e-05,5.694732862234298e-05,3.2593598759173866e-05,3.292724761070647e-05,6.956392624055269e-05,3.245978337184083e-05
uj1201,0.0001366137477741,0.0001377251312768,0.0001890992700697,0.0001425425855583,0.0004719490081496,0.0001870953677342,0.0001888358965205,0.0001367179971302,0.0001028034813735,0.0001660779179084,0.0001125581060627,0.0002103144348682,0.0602090209175425,0.0002077108816872,0.0001294694542629,0.0002024246453889,8.78043374200826e-05,0.0001347326715248,0.0241495356133164,0.0001981750621868,0.0001076128909896,0.0001222429870072,6.41262595398833e-05,0.0001661916823649,0.0001396619811834,0.0001796738851418,0.13743769851296,0.000154033104139,0.0001583655155824,0.0001697294436926,0.0001320753820501,6.768178584050621e-05,0.0001200248189522,0.0001599683415728,0.0361978997890342,0.000141832566489,0.0001135189892538,0.012158255064505,0.0002711557214817,4.024094312427742e-05,7.510361463046041e-05,0.0001671904397987,0.0002894112101563,0.0001845451680053,0.000146922654892,7.303413063179949e-06,0.5413864303847877,9.55504124945362e-05,0.1802748216715465,0.0001306736981749,0.0001081179791026,0.0002191593293874,0.0001067347969035,0.0001622270906681,0.0001252429454865,0.0002327109236162,0.0001331912603227,0.0001345546909574,0.0002842676894147,0.0001326444339284
uj1203,8.86857845501724e-05,8.940726331404949e-05,0.0001227579024603,9.253461849935838e-05,0.0003063759595016,0.0001214570256914,0.0001225869277947,8.87534602861762e-05,6.673711503158526e-05,0.0001078130911869,7.30695417283567e-05,0.0001365301879379,0.0001050773453679,0.0001348400347854,8.404791108993542e-05,0.0001314083595619,5.700009463088039e-05,8.746464300557129e-05,8.482904343714301e-05,0.000128649650234,6.985924784748153e-05,7.935669275697274e-05,4.162895557892709e-05,0.0001078869438572,9.066461154087118e-05,0.0079128227319873,0.3075138087322293,9.999393845670188e-05,0.0001028064175381,0.0001101835585392,0.0078819231288444,4.3937102779315125e-05,7.7916720737853e-05,0.0702694986345497,0.0001101030740772,9.207369418367248e-05,7.36933199428884e-05,9.661209028481888e-05,0.0001760266319216,2.6123283126045948e-05,4.875514429971983e-05,0.0001085353089598,0.0079840611023703,0.0001198015080923,9.537803573644667e-05,4.741169376838212e-06,0.5931344610319085,6.202862767645603e-05,8.656708008401646e-05,8.482967220749402e-05,7.018713677735043e-05,0.000142272043516,6.928921398045771e-05,0.0001053132429613,8.130418102729754e-05,0.0001510693555411,8.646400241121739e-05,8.734910305065798e-05,0.0001845385509786,8.610901816849809e-05
uj1204,0.0001013249511891,0.0001021492524106,0.0001402529000331,0.0001057223065715,0.0003500395164737,0.0001387666271679,0.0090473240269826,0.0001014022718181,7.624823930216061e-05,0.0001231782100985,8.348313979059651e-05,0.0001559879601767,0.0001200525760075,0.0001540569327122,9.602610533282875e-05,0.0001501361879583,6.512353513639637e-05,9.992977711443686e-05,9.691856174345356e-05,0.000146984317685,7.981532682110597e-05,9.066631209182438e-05,4.7561758781133954e-05,0.0001232625879754,0.0001035857932086,0.0001332621931436,0.3691540606616866,0.0001142447009374,0.0001174580040286,0.0001258865076006,9.795889401736544e-05,5.019885449611213e-05,8.902112064100585e-05,0.1337276438271558,0.0001257945527937,0.0001051956930446,8.419581654551134e-05,0.0001103808844004,0.0002011132897782,2.984627582732852e-05,5.570354529135697e-05,0.0001240033556498,0.0002146531898909,0.0001368751713864,0.0001089709570088,5.416863121010591e-06,0.4817059058645715,7.086871592247634e-05,9.890429687905256e-05,9.69192801238056e-05,8.018994525610035e-05,0.0001625481235573,7.916405385728968e-05,0.0001203220928444,9.289134911363148e-05,0.000172599195621,9.878652896147664e-05,9.97977708368652e-05,0.0002108382957344,9.838095369088624e-05
uj1206,5.309026195685185e-05,5.3522163154600975e-05,7.348696560500457e-05,5.539430204204847e-05,0.158863273505839,7.27082174800257e-05,7.338461448041547e-05,5.313077490456708e-05,3.995105796540567e-05,6.454050423667883e-05,4.3741859319414833e-05,8.173151401217151e-05,6.29027957480502e-05,8.071973208941448e-05,5.031387656233111e-05,7.866541709980702e-05,3.412215352063323e-05,5.235924599056032e-05,5.078148838024044e-05,7.701396189060654e-05,4.182007056873044e-05,4.7505557151762273e-05,2.492047815650848e-05,6.458471490283142e-05,5.427485364577189e-05,6.982411202678734e-05,0.0160740230245427,5.985969920309293e-05,6.154334277615742e-05,6.595954487924463e-05,0.0047183814830818,2.6302211882213418e-05,4.664354198108569e-05,6.216622629327795e-05,6.591136420185666e-05,0.3780865654221725,4.411527371700333e-05,5.783521234475098e-05,0.000105375399761,1.5638266621525773e-05,2.918645187326368e-05,6.497284782982607e-05,0.0001124697712403,7.171716955215215e-05,5.709646622467735e-05,2.838221767725856e-06,0.43907701519918,3.713240074348172e-05,5.182193495621811e-05,5.078186478309706e-05,4.20163557937841e-05,8.516877984124785e-05,4.147882932608855e-05,6.30440118977387e-05,4.867138843976253e-05,9.043514358035776e-05,5.176022923101578e-05,5.229007992855902e-05,0.000110470917772,5.154772384999995e-05
uj1207,0.000198637292314,0.0002002532512735,0.000274951588674,0.0002072578616433,0.0006862169775484,0.0002720379014319,0.0002745686417925,0.0001987888715668,0.0001494769414733,0.0002414783904547,0.0001636602302519,0.0003057985785284,0.0002353509017629,0.0003020129949931,0.0001882494423231,0.0002943267724722,0.000127668087017,0.0001959021950131,0.0001899990126198,0.0002881478504054,0.0001564698548466,0.0001777421111647,9.324000526131056e-05,0.0002416438047264,0.0002030694438407,0.0002612470166846,0.2172971148365267,0.0002239651516148,0.0002302645064917,0.0002467877330824,0.0001920384785516,9.840976400531812e-05,0.0001745168801501,0.0351561804295789,0.0526319855702609,0.0002062254892231,0.0001650573607634,0.0002163905310904,0.0003942622114404,5.8510597305213645e-05,0.000109201152126,0.0002430960046371,0.0004208058126464,0.0351919152976707,0.0002136265114078,1.0619210871217177e-05,0.6474851068627029,0.0001389309313787,0.0001938918449968,0.0001900004209316,0.0001572042563015,0.0003186591136263,0.000155193100241,0.0002358792621924,0.000182104070624,0.0003383632212144,0.0001936609729362,0.0001956434100916,0.0004133270994882,0.0001928658837441
uj1209,3.738658846904967e-05,3.769073675810237e-05,0.0033383276213731,0.0066121641330464,0.0001291565719669,0.0033377792206947,5.16780343590877e-05,3.741511801190874e-05,2.813385558861425e-05,4.544994095984588e-05,3.080336831969553e-05,5.755598798530807e-05,4.4296653501095154e-05,5.684348303671157e-05,3.543143559636676e-05,5.5396817937099246e-05,2.402909430717181e-05,3.687180115987688e-05,3.576073159068016e-05,5.423384992741741e-05,2.9450029260930285e-05,3.3453794533342574e-05,1.754920068103148e-05,4.548107446569922e-05,3.822078744161274e-05,4.917069996158513e-05,0.014606033503214,4.215368049617064e-05,4.333931580996662e-05,4.644924076679694e-05,3.614459039484776e-05,1.852222865777648e-05,3.2846756533297376e-05,0.2169578936504155,4.641531154717606e-05,3.881480364333546e-05,3.106632973477398e-05,4.072802060593796e-05,7.420620204947568e-05,1.1012592837146536e-05,2.0553333602766384e-05,4.575440078728773e-05,7.920211537076663e-05,5.050380626093948e-05,4.020778966044466e-05,1.998698542872239e-06,0.7528895212018255,2.6148934555882644e-05,3.64934224180813e-05,3.576099665659207e-05,2.9588254891415973e-05,5.997653816294414e-05,2.9209724439724312e-05,4.439609904683155e-05,3.427478228104349e-05,6.368515376560302e-05,3.6449968751263856e-05,3.682309386402348e-05,7.779450671950402e-05,3.630032075679823e-05
uj1210,3.738658846904967e-05,3.769073675810237e-05,5.175011084229412e-05,3.900911198478311e-05,0.0001291565719669,5.120171016396837e-05,5.16780343590877e-05,3.741511801190874e-05,2.813385558861425e-05,4.544994095984588e-05,3.080336831969553e-05,5.755598798530807e-05,4.4296653501095154e-05,5.684348303671157e-05,3.543143559636676e-05,5.5396817937099246e-05,2.402909430717181e-05,3.687180115987688e-05,3.576073159068016e-05,5.423384992741741e-05,2.9450029260930285e-05,3.3453794533342574e-05,1.754920068103148e-05,4.548107446569922e-05,3.822078744161274e-05,4.917069996158513e-05,0.0014597234610907,4.215368049617064e-05,4.333931580996662e-05,4.644924076679694e-05,3.614459039484776e-05,1.852222865777648e-05,3.2846756533297376e-05,0.2826894438610321,4.641531154717606e-05,0.1643676903301848,3.106632973477398e-05,4.072802060593796e-05,7.420620204947568e-05,1.1012592837146536e-05,2.0553333602766384e-05,4.575440078728773e-05,7.920211537076663e-05,5.050380626093948e-05,4.020778966044466e-05,1.998698542872239e-06,0.549121715548914,2.6148934555882644e-05,3.64934224180813e-05,3.576099665659207e-05,2.9588254891415973e-05,5.997653816294414e-05,2.9209724439724312e-05,4.439609904683155e-05,3.427478228104349e-05,6.368515376560302e-05,3.6449968751263856e-05,3.682309386402348e-05,7.779450671950402e-05,3.630032075679823e-05
uj1211,2.983607766589315e-05,3.0078800854761727e-05,4.129877556459791e-05,3.113092000408179e-05,0.0001030724029675,4.086112864626245e-05,4.124125548483424e-05,2.9858845446837384e-05,0.0026452797596504,3.627097373462728e-05,2.45823897603918e-05,4.593211089822968e-05,3.5350601601211764e-05,4.536350183668728e-05,2.8275783042960303e-05,4.420900194685907e-05,1.917623279758087e-05,2.942525563674196e-05,2.8538575163443176e-05,4.3280904324671874e-05,2.350236799539353e-05,2.6697541893717807e-05,1.4005003824488016e-05,3.629581958809211e-05,3.050180370170956e-05,3.9240296668274064e-05,0.0011649210141728,3.36404185749169e-05,3.458660566377437e-05,3.7068457213933934e-05,2.884491071217511e-05,1.4781521272965134e-05,2.621309991446392e-05,3.493665857948077e-05,3.70413802627275e-05,0.4957454213353476,2.479224408315004e-05,3.25026817299158e-05,5.9219685408632144e-05,8.788514508724699e-06,1.640242885955775e-05,3.651394554429693e-05,6.32066353810669e-05,4.030417183616629e-05,3.20875154489167e-05,1.5950459081124983e-06,0.4985473748517367,2.086795490675865e-05,2.9123293409386504e-05,2.8538786697243343e-05,2.3612677890344285e-05,4.786381223957909e-05,2.3310594592080056e-05,3.5429963349571734e-05,2.735272481374886e-05,5.082344422754383e-05,2.908861554678596e-05,2.938638515613684e-05,6.208330418766256e-05,2.896919012263639e-05
uj1212,3.007270423580401e-05,3.031735243493241e-05,4.1626311499877376e-05,3.137781582266843e-05,0.0001038898585808,4.1185193653148536e-05,4.156833523484271e-05,3.009565258545334e-05,2.263007010734949e-05,3.655863474014755e-05,2.4777349923532235e-05,0.0370571038665898,3.56309632390534e-05,4.5723274657999885e-05,2.8500035092037378e-05,4.455961855963945e-05,1.932831733903823e-05,2.9658624023432807e-05,2.8764911387215257e-05,4.362416029979272e-05,2.3688762627617257e-05,2.690927709008323e-05,1.4116075931676066e-05,3.658367764327647e-05,3.0743710069793606e-05,3.955150703938503e-05,0.0091050471871742,3.390721694388775e-05,3.4860908135926534e-05,3.736244297106473e-05,0.0343962520445091,1.4898751852535735e-05,2.642099305608088e-05,0.1163548943676403,3.733515127560942e-05,3.122151974104701e-05,2.498886857727699e-05,3.2760456836174024e-05,5.9689350060479584e-05,8.858215226965845e-06,1.653251467454679e-05,0.3727885073717262,0.0027073370253193,4.0623819681351786e-05,3.2341997918183045e-05,1.607696037473117e-06,0.4258360538513998,2.10334563056334e-05,2.93542669676786e-05,2.876512459866616e-05,2.379994737791468e-05,4.824341474095131e-05,2.349546829105196e-05,3.5710954396496785e-05,2.7569656192024227e-05,5.122651923670857e-05,2.9319314078857416e-05,2.96194452654261e-05,6.257567987736163e-05,2.919894150512629e-05
uj1213,0.0003225466216986,0.0003251706108654,0.0004464655404043,0.0003365446755477,0.0011142770085211,0.0004417343040607,0.0004458437124411,0.000322792755621,0.0002427201958524,0.0003921118645296,0.1136833711852713,0.0004965547872482,0.0003821620673188,0.0004904077683967,0.0003056788629698,0.0004779269040088,0.0002073070453505,0.0003181053791497,0.0003085198098134,0.0004678935894426,0.0002540752669878,0.0002886170910903,0.0001514028325388,0.000392380463713,0.0003297435356574,0.0004242120987395,0.3244919788209155,0.0003636739213972,0.0003739027943885,0.0287551382109162,0.0003118314882939,0.0285142025230463,0.000283379970931,0.0003776870848922,0.0004004404399461,0.0003348683124007,0.0002680196325701,0.0003513742759864,0.0006402017611197,9.500932717368932e-05,0.0001773204935161,0.0003947385414425,0.0006833031787688,0.00043571325332,0.0003468860693636,1.7243441811522403e-05,0.4842962154940898,0.0002255956172358,0.0003148409790028,0.0003085220966258,0.0002552677858019,0.0005174376844159,0.000252002076803,0.0003830200173521,0.000295700027387,0.0005494331534544,0.000314466089664,0.0003176851649934,0.0006711592674431,0.0003131750262898
uj1214,0.0001491523961018,0.000150365784323,0.0002064551312846,0.0001556253929708,0.0005152653122418,0.0002042673072935,0.0002061675848511,0.0001492662136457,0.0001122389644109,0.0001813208392217,0.0001228888855877,0.0002296174609545,0.0001767198420484,0.0002267749491162,0.0001413523868565,0.0002210035328196,9.586317283369922e-05,0.0001470986713895,0.0001426661009072,0.0002163639154504,0.0001174897900398,0.0001334626618172,7.001187961865383e-05,0.0001814450451786,0.0263758364629633,0.0001961646680692,0.3467271409376755,0.0001681705314117,0.0001729005791427,0.0001853075084187,0.0001441974912467,7.389373833185927e-05,0.0001310409064247,0.3279666012811396,0.0001851721490663,0.0001548502071114,0.000123937960316,0.0001624829146122,0.039631076958996,4.393432715353935e-05,8.199675552826004e-05,0.0657409256234814,0.0003159738763985,0.0002014830457803,0.0001604074727165,7.973733067443917e-06,0.1846138033926636,0.0001043201962047,0.0001455891435539,0.0001426671583777,0.0001180412360218,0.0002392741553378,0.0001165311029452,0.0001771165763329,0.0001367379617243,0.0002540695385489,0.0001454157867757,0.0001469043554548,0.0003103582743415,0.0001448187716999
uj1215,3.1840360409286705e-05,3.209938888815749e-05,4.407308203055907e-05,0.0056312623778403,0.0420952978854673,4.360603553175792e-05,4.401169795417495e-05,3.186465764966468e-05,2.3960252548474173e-05,3.8707530159921e-05,2.623374823116191e-05,4.901766853324681e-05,3.772533066417046e-05,4.841086231514287e-05,3.017525068222477e-05,4.717880718389371e-05,2.0464424660797025e-05,0.0112274823250801,3.045569625293933e-05,4.618836322821172e-05,2.5081174403177497e-05,2.84909888443461e-05,1.4945810716094616e-05,3.873404507042148e-05,3.255080757836856e-05,4.187632176307973e-05,0.0124392566943477,3.590026355807023e-05,3.6910012167160194e-05,3.955858577406436e-05,3.0782610346240255e-05,1.5774491875209405e-05,2.797400375704474e-05,3.7283580406364594e-05,3.952968988852431e-05,0.2295527045803416,2.645769982911969e-05,3.4686097554032404e-05,6.319785555763265e-05,9.378895998113192e-06,1.7504286331611887e-05,3.8966823961063705e-05,6.745263480434425e-05,4.301166432236331e-05,3.4243041862703866e-05,1.7021954813355538e-06,0.6971802194251165,2.2269790710308112e-05,3.1079693813785075e-05,3.045592199683609e-05,2.5198894528834552e-05,5.107913477557322e-05,2.4876518337229635e-05,3.781002365561488e-05,2.91901846482116e-05,5.423758442940879e-05,3.104268641436114e-05,3.1360459138605754e-05,6.625384217290279e-05,3.091523841031935e-05
uj1216,5.164410666976263e-05,5.206424306964481e-05,7.148521311924375e-05,5.388538572067426e-05,0.0001784109236199,7.07276777492361e-05,7.138564999408257e-05,5.168351606267562e-05,3.886280879179196e-05,6.278244940716727e-05,4.255035039121824e-05,7.950518366920634e-05,6.118935137443478e-05,7.852096223914692e-05,4.894334878712997e-05,7.65226058825178e-05,3.31926811296166e-05,5.093300325552175e-05,4.939822306565168e-05,7.491613558381028e-05,4.068091031729738e-05,4.6211526756941934e-05,2.424165533826516e-05,6.282545579430057e-05,5.279643060428043e-05,0.0046078485216364,0.0201761001244221,5.822914743530397e-05,5.986692930106064e-05,6.416283600938364e-05,4.992846788980754e-05,2.558575124755846e-05,4.537299249878445e-05,6.0472845746286575e-05,6.411596775236755e-05,0.4585861821229053,4.291359314554404e-05,5.625980670481902e-05,0.0001025050204132,1.5212287145779154e-05,2.83914258151478e-05,6.320301615179232e-05,0.0001094061443467,6.976362552919722e-05,5.554118370277087e-05,2.760909860343212e-06,0.5133753525983324,3.612093054766417e-05,5.041032833643844e-05,4.939858921546072e-05,4.0871848819514766e-05,8.284881989525133e-05,4.03489643353875e-05,6.132672085857734e-05,4.734560131557502e-05,8.797173021212651e-05,5.035030344793678e-05,5.0865721246500486e-05,0.0001074617387641,5.0143586619641607e-05
uj1218,0.0002691295615087,0.0002713189909009,0.0240311482192757,0.0002808093927051,0.0245883631937755,0.0003685785296065,0.0003720073774105,0.0002693349331052,0.0002025232183028,0.0003271740798508,0.0002217398630991,0.0004143201731688,0.000318872072078,0.0004091911642851,0.0002550552782736,0.0003987772602663,0.0001729748521905,0.0002654238347104,0.0002574257349049,0.0003904055664769,0.0002119977720881,0.0002408191124744,0.0001263289558507,0.0003273981962284,0.0002751345919994,0.0003539581829108,0.0578251493940049,0.0003034457545466,0.0003119806202612,0.0003343675984325,0.00026018896514,0.0001333333551136,0.0002364493136385,0.1895841141534835,0.0003341233569445,0.0002794106526523,0.0002236328063505,0.000293183057766,0.0005341777208514,7.927479887044419e-05,0.0001479543838196,0.0003293657518704,0.0005701410974672,0.0003635546272103,0.0002894381446306,1.4387749309535136e-05,0.6879952117626432,0.0001882346472123,0.0002627000530273,0.0002574276429975,0.0002129927974393,0.0004317446463447,0.0002102679236636,0.0003195879367026,0.0002467290411839,0.0004584413344305,0.0002623872492446,0.0002650732123693,0.0005600083435947,0.0002613099993328
uj1219,7.885010617349281e-05,7.949156948604258e-05,0.0001091434629769,8.227208599897171e-05,0.0002723973978269,0.0001079868596739,0.0001089914502208,7.891027634615729e-05,5.9335649254769664e-05,9.58561028704078e-05,6.496577949389284e-05,0.0001213883360157,9.342376436896004e-05,0.0001198856289448,7.472659509881744e-05,0.0001168345429439,5.0678511063984485e-05,7.776439507635314e-05,7.542109612652186e-05,0.0001143817876967,6.211152258407302e-05,7.055565535336277e-05,3.7012104971942045e-05,9.592176492577615e-05,8.060947177088797e-05,0.0278299010455318,0.0169417255527562,8.890413163742286e-05,9.1404693314861e-05,0.3189492370363004,7.623067273416825e-05,3.906426759008616e-05,6.927538312968734e-05,9.232980518374928e-05,9.789211568743086e-05,8.186228039806148e-05,6.552037771607704e-05,8.589734662933908e-05,0.0001565044351446,2.3226085877648496e-05,4.334796522391928e-05,9.649822323234528e-05,0.0001670410556801,0.0001065149469076,8.480015464240929e-05,4.2153509792622e-06,0.631326249067407,5.514935570443803e-05,7.696637618278457e-05,7.542165516322868e-05,6.240304706079059e-05,0.0001264933923024,6.160470820378318e-05,9.363349978909037e-05,7.228715784460892e-05,0.0001343150402784,7.68747303177167e-05,7.766166905596098e-05,0.0001640723415998,7.65591155281503e-05
uj1221,2.278443816605532e-05,2.2969794684769765e-05,0.0100462016705454,2.3773249615054017e-05,7.871164629412801e-05,3.120376174983149e-05,3.149404710656248e-05,2.2801824871603924e-05,1.714556260093568e-05,2.7698471881373987e-05,0.0681184855851386,3.507623730961961e-05,2.699562607843729e-05,3.464201676131405e-05,2.159291303479849e-05,3.376037837549571e-05,1.4644005667468287e-05,2.2470712306199786e-05,2.179359527214611e-05,3.305163297264539e-05,1.794767584209167e-05,2.0387682968074733e-05,1.0694976304448604e-05,2.771744551518375e-05,2.3292822474088256e-05,2.9966007029067464e-05,0.008901327476852,2.568963807788332e-05,2.6412197573169705e-05,2.830747327982135e-05,2.202752961989471e-05,1.1287966910915452e-05,2.0017736943501623e-05,2.667951686031169e-05,2.828679585943799e-05,0.2543961127619379,1.8932694794397103e-05,2.4820800857238743e-05,4.522334589404335e-05,6.711383702571002e-06,1.2525779370487753e-05,2.788401826034193e-05,4.826799593602722e-05,3.077843948921458e-05,2.4503757492357423e-05,1.218063086990589e-06,0.61305786324418,0.0440804561671314,2.2240117662536907e-05,2.179375681076536e-05,1.803191442763077e-05,3.655138864352214e-05,1.780122732769178e-05,2.705623098999793e-05,2.088801598423281e-05,3.881152326239492e-05,2.221363577624472e-05,2.244102871066321e-05,4.7410159647935634e-05,2.21224360809476e-05
uj1224,3.247668058047541e-05,3.274088566676832e-05,0.0228846153381442,3.3886121241219504e-05,0.0001121946907809,4.447748923510031e-05,4.489125870086606e-05,3.250146339400514e-05,2.443909109827033e-05,3.948108868441776e-05,2.675802191873316e-05,4.9997272119117335e-05,3.847926022268683e-05,4.937833905848966e-05,3.077829412874855e-05,4.812166167039564e-05,2.0873400125774448e-05,3.202949928655426e-05,3.106434432112167e-05,4.7111423985643655e-05,2.558241424420609e-05,2.9060372816943417e-05,1.524449831608314e-05,3.950813348755048e-05,3.3201325825786297e-05,4.271320764912217e-05,0.0212527246054246,3.661771969108336e-05,3.764764782702335e-05,4.034915239291439e-05,3.139779169574037e-05,0.3311911810354763,2.8533055935811053e-05,3.802868171683175e-05,4.031967903166121e-05,3.371733103602222e-05,2.698644912303832e-05,3.537928893910896e-05,6.446084598080207e-05,9.566330456466242e-06,1.7854104308917788e-05,3.9745564395369605e-05,6.880065573042999e-05,4.387123969314759e-05,3.492737891102894e-05,1.736213353814289e-06,0.5883499792012651,2.2714845881008595e-05,3.1700812288383506e-05,3.106457457644333e-05,2.5702486971703937e-05,0.0343115921390902,2.5373668187402445e-05,3.8565645778477934e-05,2.977354184183692e-05,5.532150648824696e-05,3.1663065307044235e-05,3.198718862505384e-05,6.757790558334946e-05,3.153307029239367e-05
uj1225,6.883090496501059e-05,6.939085982680249e-05,9.527499317739308e-05,7.181806604303718e-05,0.000237784833939,9.426535532279624e-05,9.51422961389912e-05,6.888342952886197e-05,5.1796080349036e-05,8.367601043519373e-05,5.671081005881025e-05,0.000105963953958,8.155274049478915e-05,0.0001046521905046,6.52313537065931e-05,0.0001019887950982,4.423897377053888e-05,6.788315129702885e-05,6.583760697061338e-05,9.984770269507295e-05,5.421923337439512e-05,6.159040036909858e-05,3.230910906160787e-05,8.37333290478399e-05,7.036671426330834e-05,9.052614626554469e-05,0.2084140316533729,7.760740134284561e-05,7.979022558407348e-05,0.2602691506793764,6.654431357187268e-05,3.41005107095832e-05,6.047280776163585e-05,8.059778679381169e-05,8.545331437956266e-05,7.146033297533126e-05,5.719493746684356e-05,7.498267776053028e-05,0.0001366179758634,2.0274830147166333e-05,3.783989419353758e-05,8.42365388574557e-05,0.0001458157456817,9.298047325167975e-05,7.402490203839532e-05,3.679721394532503e-06,0.5269027499120333,4.814172415978104e-05,6.718653381242276e-05,6.583809497252366e-05,5.447371487766374e-05,0.0001104203289861,5.3776818086229546e-05,8.173582558460531e-05,6.310188702657259e-05,0.0001172481081056,6.710653305991846e-05,6.779347830494069e-05,0.0001432242554905,6.683102231376428e-05
uj1227,6.760373847141009e-05,6.815371005832467e-05,9.357636260781468e-05,7.053764231000615e-05,0.0002335454362289,9.25847252973987e-05,9.344603138691016e-05,6.765532658985396e-05,5.087262286527216e-05,8.218417480733973e-05,5.5699729266475885e-05,0.0001040747529677,8.009876003866446e-05,0.0001027863765692,6.40683625815799e-05,0.0001001704660768,4.345024977584385e-05,6.667288203216775e-05,6.466380712976796e-05,9.806754659698498e-05,5.325257418925747e-05,6.049232275848429e-05,3.173307920846785e-05,8.224047150285529e-05,6.911216626553629e-05,8.891218152763622e-05,0.0026395230788669,7.622376120863904e-05,7.836766850156272e-05,8.399114371169901e-05,6.53579140614121e-05,3.3492542469462895e-05,5.939465538957641e-05,7.916083193375281e-05,8.392979170864884e-05,0.4220164088932562,5.6175225305590336e-05,7.364583307143398e-05,0.0001341822530949,1.9913356006550405e-05,3.716525755612445e-05,8.273470972887902e-05,0.0001432160385091,9.132275102077808e-05,7.270513325837192e-05,3.6141166955466233e-06,0.5709948925660673,4.728341914602199e-05,6.598868434120522e-05,6.466428643123193e-05,5.350251861467987e-05,0.0001084516765616,5.281804659657069e-05,8.027858095684412e-05,6.197686155318476e-05,0.0001151577251624,6.591010989920761e-05,6.658480779417599e-05,0.0001406707512543,6.563951115524893e-05
uj1228,7.672287263982169e-05,7.73470304300926e-05,0.0001061989693586,8.005253362656259e-05,0.0002650486077331,0.000105073569125,0.0001060510576323,7.678141952983976e-05,5.7734880543575134e-05,9.327007824306863e-05,6.321312003169226e-05,0.1080308931707206,0.1417264266805181,0.0001166513310793,7.271060645066636e-05,0.0001136825578711,4.931129631433496e-05,7.566645206828553e-05,7.338637109427447e-05,0.0001112959735332,6.043586582113225e-05,6.865219113065673e-05,3.601358518967524e-05,9.333396885470856e-05,7.84347737291979e-05,0.0001009056323469,0.0299737658376547,8.650565864507305e-05,8.893875968217221e-05,0.0135844182500558,7.417410678639854e-05,3.801038416470317e-05,6.740645834058e-05,8.983891370274046e-05,9.525116310945804e-05,7.965378384103229e-05,6.375275619493708e-05,8.357999126901454e-05,0.0001522822279877,2.259948800565389e-05,4.2178515368800006e-05,9.38948753567208e-05,0.0001625345895206,0.0810382261205793,0.0068270611290972,4.10162841889494e-06,0.6075496577335194,5.366152563662925e-05,7.488996228397608e-05,7.338691504918004e-05,6.071952549369349e-05,0.000123080828909,5.994272437798122e-05,9.110743698090482e-05,7.033698081019267e-05,0.0001306914629413,7.480078885891946e-05,7.556649741049468e-05,0.0001596459659874,0.0068190424183425
uj1230,4.9616797207573055e-05,5.0020440989927015e-05,6.867903331851671e-05,5.177009397898908e-05,0.0001714073335311,6.795123529363114e-05,6.858337858249691e-05,4.965465956946347e-05,3.733723414114178e-05,6.03178999754872e-05,4.088001986310583e-05,7.6384176810159e-05,5.878733962467468e-05,7.54385913745376e-05,4.702205862440386e-05,7.351868127270628e-05,3.188968954221614e-05,4.893360843399978e-05,4.745907663648164e-05,7.19752735894124e-05,3.908396538524322e-05,4.439747532885465e-05,2.329003974424081e-05,6.0359218130193e-05,5.0723886218561374e-05,6.525582430630382e-05,0.0237457892933426,5.594333964070541e-05,5.751682974332476e-05,6.16440989655904e-05,4.796850649415619e-05,2.4581372646664324e-05,4.359185805862772e-05,5.809896070319884e-05,0.0044233088847955,0.4754778819757217,4.122900338205313e-05,5.405130614534637e-05,9.848114603131148e-05,1.461512290651002e-05,2.7276909369580107e-05,6.0721957209234026e-05,0.0001051113636649,6.702502731785863e-05,5.336089296830527e-05,2.652529271636012e-06,0.4888608939596527,3.4702989392236136e-05,4.843145132183455e-05,4.745942841293775e-05,3.926740852240924e-05,7.959655729772204e-05,3.8765050071757225e-05,5.891931661637276e-05,4.548703135029536e-05,0.004446228180036,4.837378273364039e-05,4.886896760637016e-05,0.0001032432864785,4.817518065471394e-05
uj1231,7.097827539419021e-05,7.155569959642588e-05,9.824736006830386e-05,7.40586292229065e-05,0.0002452031894171,9.720622376872443e-05,9.81105231788213e-05,7.103243860706527e-05,5.341200231527299e-05,8.628651498299243e-05,5.848006060980935e-05,0.1498585439783413,8.409700376498866e-05,0.0001079171049983,6.726642617986801e-05,0.0001051706176068,4.561913089821865e-05,7.00009539295653e-05,6.789159319102575e-05,0.000102962727905,5.591075230037975e-05,6.351188323411637e-05,3.3317081068184046e-05,8.634562180827216e-05,7.256199851076044e-05,9.335035974431612e-05,0.065166809544703,8.002857884754088e-05,8.227950232747687e-05,8.818368131465308e-05,6.862034745907691e-05,3.516437044460929e-05,6.235942423461135e-05,8.311225764242737e-05,8.81192668389607e-05,7.368973568285866e-05,5.8979291711169e-05,7.732196975451928e-05,0.0001408801514314,2.09073595427452e-05,3.902041433744378e-05,8.68645306395032e-05,0.0001503648711152,9.588125624811546e-05,7.63343135700463e-05,3.794520479540254e-06,0.4996640666840559,4.9643638378735255e-05,6.928260353606237e-05,6.789209641750517e-05,5.617317305790008e-05,0.2808937542948882,5.545453464382012e-05,8.428580070049528e-05,6.507052489781918e-05,0.0001209059870824,6.920010693884519e-05,6.99084833405023e-05,0.0001476925322208,6.891600087305204e-05
