0	file:/home/ulrike/Git/johnson-topics/data/letters-leipzig-lemmata-NVAdj/uj0295.txt	3.641826536657467E-4	0.09746494470850452	4.2586226867827895E-4	3.9429464503558403E-4	3.3747071230499405E-4	0.007702982855073405	4.0033870488097285E-4	3.064253586880179E-4	3.540191567464062E-4	3.5996037354632223E-4	0.067412382929105	2.641656534782329E-4	3.138834307983074E-4	0.10470254679903326	3.8534153187126674E-4	3.7544062199671753E-4	0.7177616646726368	1.698366777939553E-4	3.7369325878274906E-4	1.305629873794578E-4
1	file:/home/ulrike/Git/johnson-topics/data/letters-leipzig-lemmata-NVAdj/uj0008.txt	2.77315765486656E-4	3.8770544906892513E-4	0.24452907036098176	3.0024527586558323E-4	2.569753061277908E-4	1.8644310469626192E-4	3.0484767267333876E-4	0.039987602739558814	2.6957652282960437E-4	2.7410060729163673E-4	2.201735673665523E-4	2.0115538088432878E-4	2.3901419523759555E-4	2.1977301812828873E-4	2.93427709444833E-4	2.858884200985726E-4	0.6942158371141273	1.2932628129336713E-4	2.845578477542082E-4	0.017136963661084623
2	file:/home/ulrike/Git/johnson-topics/data/letters-leipzig-lemmata-NVAdj/uj0495.txt	0.03303896258208116	3.7288180594418507E-4	3.118844740809253E-4	2.8876561049072467E-4	2.471500373856123E-4	1.793145846980955E-4	2.93192037917703E-4	2.2441366345058843E-4	2.592694554958049E-4	2.6362056479410813E-4	2.117553870289258E-4	1.9346434743093945E-4	2.2987565684341586E-4	2.11370152506966E-4	2.8220870889127917E-4	2.749576789309818E-4	0.5529701122303196	0.40977750393740897	2.736779800773869E-4	9.561910422273018E-5
3	file:/home/ulrike/Git/johnson-topics/data/letters-leipzig-lemmata-NVAdj/uj0878.txt	0.056092229365764835	1.7367341132739223E-4	1.452632970829148E-4	1.3449545633092115E-4	1.1511258907836552E-4	8.351755202004782E-5	1.365571089484037E-4	1.0452289668907834E-4	1.2075732865253285E-4	1.227839011021626E-4	9.862717849465317E-5	9.010794480433414E-5	1.0706687445913346E-4	0.22142646842717242	0.015395442940065021	1.280642748167588E-4	0.6900313722760533	0.01532193338558441	1.2746824234257357E-4	4.453554921077794E-5
4	file:/home/ulrike/Git/johnson-topics/data/letters-leipzig-lemmata-NVAdj/uj0229.txt	3.9038667269165135E-4	5.457859201795837E-4	4.5650431842593866E-4	4.2266531089878503E-4	3.6175272814763216E-4	2.624621905680194E-4	4.291442587257624E-4	3.284735695191965E-4	3.7949188210973956E-4	3.8586058702995727E-4	3.099456903506462E-4	2.8317315353365146E-4	3.364682719755704E-4	0.008304154886816087	4.130679947628617E-4	0.21626132738659895	0.7694067392741561	1.8205692906461E-4	4.005815939750753E-4	1.3995738047021262E-4
5	file:/home/ulrike/Git/johnson-topics/data/letters-leipzig-lemmata-NVAdj/uj1147.txt	0.0013918996044818355	0.2584897985622402	0.0016276379925581985	0.1440313385010379	0.001289807041201492	9.35792753180416E-4	0.0015300873871220485	0.0011711522535955768	0.0013530549005955092	0.0013757621252002646	0.0011050922431224174	0.0010096364142909242	0.0011996568721325067	0.08661769265339246	0.0014727684594618787	0.001434927358575608	0.4913875237497676	6.491127522643716E-4	0.0014282489675486673	4.990094082301616E-4
6	file:/home/ulrike/Git/johnson-topics/data/letters-leipzig-lemmata-NVAdj/uj0297.txt	4.1706114644552035E-4	5.830785667309702E-4	0.009028739145553985	4.515453304560757E-4	0.09433793977949127	2.803957966653244E-4	4.5846697404049744E-4	3.509176236375605E-4	4.054219328959203E-4	4.1222580085863934E-4	3.3112376522031106E-4	0.0942539909928953	3.5945859085080275E-4	3.305213706026631E-4	4.412922456290488E-4	0.08584038018936682	0.7109454710657375	1.9449657702328834E-4	4.2795266978844205E-4	1.4952043611007998E-4
7	file:/home/ulrike/Git/johnson-topics/data/letters-leipzig-lemmata-NVAdj/uj0952.txt	5.877374185252792E-4	8.216950788357501E-4	0.03679630356198796	6.363337585657007E-4	0.19312609112090479	3.9514374115629626E-4	6.460879851747514E-4	4.945256109075288E-4	5.713350243353423E-4	5.809232773444673E-4	4.666314007947949E-4	4.2632464142798105E-4	5.065618460361247E-4	0.012502123913605992	6.218847463296863E-4	6.059061291381605E-4	0.7491265035790136	2.7409150208769934E-4	6.0308614105178E-4	2.1070952277639637E-4
8	file:/home/ulrike/Git/johnson-topics/data/letters-leipzig-lemmata-NVAdj/uj1143.txt	0.0011886121872184926	0.0016617570263473445	0.0013899209024164675	0.0012868911128162417	0.0011014302780142252	7.991198988486422E-4	0.0013066175965468498	0.0010001050630590014	0.001155440765731259	0.0011748315923513783	9.436931398977695E-4	8.621786677872663E-4	0.0010244465722281358	9.41976332685797E-4	0.19599146328221004	0.0012253557229877537	0.7847460686225819	5.543096109346148E-4	0.0012196527132734953	4.261289120632109E-4
9	file:/home/ulrike/Git/johnson-topics/data/letters-leipzig-lemmata-NVAdj/uj0453.txt	8.127303059074913E-4	0.0011362497464607756	9.503779721892598E-4	0.41697983876915706	7.531184489039094E-4	5.464094738653676E-4	8.934181647848331E-4	6.838359076072303E-4	7.900488797681595E-4	8.033076302842955E-4	6.452634614715841E-4	5.895267943175236E-4	7.004797569687075E-4	6.440895703861866E-4	8.599496377003087E-4	8.378542154441726E-4	0.5698691579283215	3.790169952039533E-4	8.339547023149078E-4	2.9137163894273386E-4
10	file:/home/ulrike/Git/johnson-topics/data/letters-leipzig-lemmata-NVAdj/uj0605.txt	4.737041264758038E-4	6.622691312151229E-4	5.539327915612424E-4	5.128717650898813E-4	4.389590425971469E-4	3.184776310592748E-4	5.20733468717466E-4	3.9857734959712875E-4	4.6048413814946647E-4	4.6821207050999755E-4	3.7609519682159153E-4	3.4360878769549685E-4	4.082783045949492E-4	3.7541098823832105E-4	5.012261619617474E-4	4.883477290758591E-4	0.9530178342094684	0.03902507474003793	4.8607487737197604E-4	1.6982748976128567E-4
11	file:/home/ulrike/Git/johnson-topics/data/letters-leipzig-lemmata-NVAdj/uj0083.txt	4.280285774443397E-4	5.984117474935847E-4	5.005214257592945E-4	4.634195898945847E-4	3.9663368769235984E-4	2.87769347470752E-4	4.7052325150935407E-4	3.601456825356754E-4	4.160832882207678E-4	4.230660770756442E-4	3.3983130625613706E-4	3.1047730508252183E-4	3.689112510319016E-4	3.392130705047383E-4	4.5289688033429303E-4	4.412602130566212E-4	0.6156877630078853	1.996112413984991E-4	0.3773619806836454	1.5345236570823756E-4
12	file:/home/ulrike/Git/johnson-topics/data/letters-leipzig-lemmata-NVAdj/uj0760.txt	6.253734610113594E-4	8.743127103203366E-4	7.312895279244154E-4	0.4617324737051063	5.795037880575277E-4	4.2044695677864377E-4	6.874605336859486E-4	5.261927913795001E-4	6.079207317820867E-4	6.181229730898029E-4	4.965123623808686E-4	4.536245406889574E-4	5.389997724949841E-4	4.956090857027514E-4	6.617074290389762E-4	6.447056135678547E-4	0.5281481934838865	2.916430805519902E-4	6.417050462158295E-4	2.2420240633540538E-4
13	file:/home/ulrike/Git/johnson-topics/data/letters-leipzig-lemmata-NVAdj/uj0899.txt	0.06384319871275189	8.632568978907186E-4	7.220422646088518E-4	6.685198933172297E-4	0.22818481536477128	4.151303433566048E-4	6.787674944295339E-4	5.195390063725574E-4	6.002334849843176E-4	6.103067174546596E-4	4.902338907508975E-4	4.4788839185327223E-4	5.321840413338438E-4	4.893420361388298E-4	6.533400415672108E-4	6.365532165458367E-4	0.6985017350650015	2.8795521103240217E-4	6.335905918079755E-4	2.2136733403066322E-4
14	file:/home/ulrike/Git/johnson-topics/data/letters-leipzig-lemmata-NVAdj/uj0104.txt	1.2517950757116205E-4	1.750090807564982E-4	0.010400641954491932	1.3552982001389287E-4	1.1599788501953507E-4	8.415986013258127E-5	0.005264738068942667	1.053267505241713E-4	1.216860365703939E-4	1.2372819477288096E-4	9.938569015275582E-5	9.080093762502467E-5	1.0789029325416944E-4	9.920488342395032E-5	0.18214559368815816	1.2904917823706948E-4	0.8004443740531233	5.8377496785671465E-5	1.2844856185825288E-4	4.487805858590126E-5
15	file:/home/ulrike/Git/johnson-topics/data/letters-leipzig-lemmata-NVAdj/uj0736.txt	0.0012822486133121582	0.001792666830786864	0.001499416015502698	0.0013882697507534804	0.13248477450938842	8.62072922680261E-4	0.0014095502463441314	0.05359752161198974	0.0012464640153911713	0.00126738241149378	0.13231461116360363	9.300993318810101E-4	0.0011051503684527287	0.0010161832928751611	0.00135674678604273	0.0013218867293393667	0.6627515454964069	5.979769832495063E-4	0.0013157344482367082	4.5969847226951747E-4
16	file:/home/ulrike/Git/johnson-topics/data/letters-leipzig-lemmata-NVAdj/uj0396.txt	0.016115587742335076	0.001048955674359832	8.773637748388521E-4	0.15446529446049279	6.952590070127703E-4	5.044307555802246E-4	8.24779989123236E-4	6.312991997137245E-4	7.293522027492465E-4	7.415923300910943E-4	5.956901389645771E-4	5.442355239353845E-4	6.466643606612122E-4	5.946064338029754E-4	7.938827312737799E-4	7.73484822605247E-4	0.8180287509241218	3.498984523749019E-4	7.698848953560451E-4	2.689865806073962E-4
17	file:/home/ulrike/Git/johnson-topics/data/letters-leipzig-lemmata-NVAdj/uj0630.txt	2.7889968731868654E-4	3.8991987465017473E-4	3.261353949169976E-4	3.0196016231126717E-4	2.584430510176432E-4	1.8750799656579457E-4	0.2687526541999288	2.3466778514674407E-4	2.711162410607817E-4	0.10879641598919314	2.2143111476771046E-4	2.023043036614164E-4	2.4037935311579147E-4	2.210282777450428E-4	2.951036565526246E-4	2.875213056625224E-4	0.6182182753062132	1.300649436627294E-4	2.8618313359665774E-4	9.998822291230208E-5
18	file:/home/ulrike/Git/johnson-topics/data/letters-leipzig-lemmata-NVAdj/uj1016.txt	2.638306853200219E-4	3.688524312732712E-4	0.227235295702295	0.005688663804830606	2.4447932488454144E-4	1.773769046230958E-4	2.9002379384554235E-4	2.219886410523378E-4	2.564677801116409E-4	0.016469827689978594	2.0946715043673435E-4	1.9137376449329996E-4	2.2739161194130768E-4	2.0908607877335439E-4	2.791591510812957E-4	0.011078023688565673	0.70908525480831	1.2303751055639422E-4	2.7072060564041646E-4	0.02710967887198701
19	file:/home/ulrike/Git/johnson-topics/data/letters-leipzig-lemmata-NVAdj/uj0650.txt	3.012692416352364E-4	4.211939642662121E-4	3.5229355773633763E-4	3.26179315502851E-4	2.7917185112156026E-4	2.0254734764679148E-4	0.33349644040287874	2.534896555355275E-4	2.928615127705275E-4	2.9777637036103766E-4	2.3919131879228704E-4	2.185304140336909E-4	0.03727802167845185	2.38756171641394E-4	3.1877287374584205E-4	3.105823693948524E-4	0.6246152801724076	1.404969912921621E-4	3.091368672957416E-4	1.0800792348979418E-4
20	file:/home/ulrike/Git/johnson-topics/data/letters-leipzig-lemmata-NVAdj/uj0078.txt	1.323019671404554E-4	1.8496674176773638E-4	1.5470922436834543E-4	1.4324119132547758E-4	0.08140540882401937	8.894838512986114E-5	0.0028548639353152714	1.1131962856570691E-4	1.2860972473978122E-4	0.027225038375957973	0.05700300816049887	9.59673264344751E-5	0.16538907785168985	1.0484943966940342E-4	1.3998866276117793E-4	1.363918142026371E-4	0.6644564211358227	6.169905770790252E-5	1.3575702397254261E-4	4.7431528910464966E-5
21	file:/home/ulrike/Git/johnson-topics/data/letters-leipzig-lemmata-NVAdj/uj0346.txt	3.2975195550975946E-4	4.610146479336001E-4	3.856002323586044E-4	3.5701708727413594E-4	3.0556542490345925E-4	2.2169665780455425E-4	0.03412762870101056	2.7745517318870894E-4	3.2054933987105317E-4	3.2592885984038673E-4	0.10155722195877576	2.3919080147323854E-4	2.84208141343414E-4	2.613287505270673E-4	3.4891042281849307E-4	3.3994556861800985E-4	0.7917163457608195	1.537799125140077E-4	3.3836340529696174E-4	0.0676484971981188
22	file:/home/ulrike/Git/johnson-topics/data/letters-leipzig-lemmata-NVAdj/uj1206.txt	3.78289323516931E-4	5.288730404300398E-4	4.4235810769161816E-4	4.095677074003609E-4	3.505426910909466E-4	2.5432898063395187E-4	4.1584588481269444E-4	3.1829479103338707E-4	0.01586179228924288	0.23278480570114307	3.00341056013313E-4	2.743981497877909E-4	0.07004931241520859	2.9979466262629426E-4	4.0026779405136144E-4	3.899833709440409E-4	0.6758410000196451	1.7641532704631705E-4	3.8816832335323176E-4	1.356203643281051E-4
23	file:/home/ulrike/Git/johnson-topics/data/letters-leipzig-lemmata-NVAdj/uj0989.txt	5.543742309124459E-4	7.750511759436631E-4	6.482655483361796E-4	6.002119771336517E-4	5.137121845492025E-4	3.727132231142204E-4	6.094125005376343E-4	4.6645363485833114E-4	5.389029262489026E-4	5.479468976214671E-4	4.401428525417005E-4	0.2955825399339821	4.778066275080747E-4	4.3934212570413597E-4	5.86583169789917E-4	5.715115862265923E-4	0.6952488966594583	2.58532570634636E-4	5.688516760740414E-4	1.9874849882485238E-4
24	file:/home/ulrike/Git/johnson-topics/data/letters-leipzig-lemmata-NVAdj/uj0772.txt	6.418129796179006E-4	8.972962249165622E-4	7.505133174687303E-4	6.948804904089056E-4	5.947375066277499E-4	4.314994653994095E-4	7.055321675805433E-4	5.400250959523897E-4	6.239014613852769E-4	6.343718943356883E-4	5.095644420238674E-4	4.6554920577624733E-4	5.531687408655364E-4	5.086374204402135E-4	6.791020776289253E-4	6.616533265597845E-4	0.9232009695468438	0.06601811462241941	6.585738817275188E-4	2.3009613202152826E-4
25	file:/home/ulrike/Git/johnson-topics/data/letters-leipzig-lemmata-NVAdj/uj0991.txt	2.5824938048866743E-4	0.06382567056408163	3.019876590844009E-4	2.7960241045389445E-4	2.3930739563950596E-4	1.7362451860498444E-4	2.838883771110013E-4	2.172924993836446E-4	2.510422366101806E-4	2.5525527515686384E-4	2.0503589932079796E-4	0.32808786793364025	2.2258117110574653E-4	2.0466288918033498E-4	2.732535744924431E-4	2.662326364668686E-4	0.6041764324770961	1.2043466755777461E-4	2.649935454147445E-4	9.258488911018117E-5
26	file:/home/ulrike/Git/johnson-topics/data/letters-leipzig-lemmata-NVAdj/uj1210.txt	1.8214683708360133E-4	2.546531068799985E-4	0.007673407625115868	1.9720742256480498E-4	0.041201050479685974	1.224597590291164E-4	2.0023037374850415E-4	0.03745531728128429	0.05986035617193975	1.800350534462071E-4	1.446146375228727E-4	0.13814973730458538	1.5698955883092507E-4	1.4435154834466487E-4	1.9272950131150798E-4	1.8777753723593686E-4	0.7133597865913358	8.494422611722895E-5	1.8690358928850743E-4	6.530139464902027E-5
27	file:/home/ulrike/Git/johnson-topics/data/letters-leipzig-lemmata-NVAdj/uj0411.txt	6.68159360435493E-4	9.341301762366397E-4	0.014464633362389411	7.234052890721042E-4	6.191514423593839E-4	4.492124902197683E-4	7.34494216894667E-4	5.621930908057951E-4	0.02801613562024521	6.604128190893379E-4	0.3289299585653521	4.8465997021110007E-4	5.75876281482599E-4	5.295169532676326E-4	7.06979173479934E-4	6.888141523211285E-4	0.619015520880298	3.1159629617463915E-4	6.856082964799955E-4	2.3954156318514117E-4
28	file:/home/ulrike/Git/johnson-topics/data/letters-leipzig-lemmata-NVAdj/uj1117.txt	0.3594122090473698	0.010363309804752798	0.07816225817986265	5.128717650898813E-4	4.389590425971469E-4	3.184776310592748E-4	5.20733468717466E-4	3.9857734959712875E-4	4.6048413814946647E-4	4.6821207050999755E-4	3.7609519682159153E-4	3.4360878769549685E-4	4.082783045949492E-4	3.7541098823832105E-4	5.012261619617474E-4	4.883477290758591E-4	0.5455741259208859	2.2091204588722317E-4	4.8607487737197604E-4	1.6982748976128567E-4
29	file:/home/ulrike/Git/johnson-topics/data/letters-leipzig-lemmata-NVAdj/uj0593.txt	6.097550794996072E-4	8.524771987073661E-4	7.130259469528122E-4	6.601719225501789E-4	5.65030978106893E-4	4.0994650962854516E-4	6.702915593709594E-4	5.130513962342565E-4	5.927382232334808E-4	0.013089929280392525	4.841122207304303E-4	4.4229550039339425E-4	5.255385295635041E-4	4.832315029241696E-4	6.451816253069504E-4	6.286044214590835E-4	0.9769859768028418	2.8435944416301185E-4	6.256787917380537E-4	2.1860306620297268E-4
30	file:/home/ulrike/Git/johnson-topics/data/letters-leipzig-lemmata-NVAdj/uj1207.txt	9.559238424484281E-4	0.04048938975501847	0.0011178234112226044	0.0010349632206403613	8.858090762238295E-4	6.426804070316774E-4	0.0010508279545952497	8.043197646902052E-4	9.292462153564858E-4	9.44841002024737E-4	7.589513064764433E-4	6.933944930490341E-4	8.238960648713469E-4	7.575705895660334E-4	0.0010114626660374369	9.854742898318493E-4	0.9443440349730887	4.4579533921042247E-4	9.80887728278638E-4	3.4270790033802146E-4
31	file:/home/ulrike/Git/johnson-topics/data/letters-leipzig-lemmata-NVAdj/uj0019.txt	5.361145558155055E-4	7.495229643726819E-4	0.01160606428540817	5.80442523431386E-4	4.967918136875031E-4	0.09917279557599198	5.893400050294716E-4	4.5108984024926107E-4	5.211528365199853E-4	5.298989225118076E-4	0.05532140043313711	3.888791806821742E-4	4.620688942387947E-4	4.2487131514976935E-4	5.672626142870605E-4	5.526874502968637E-4	0.8260572822425901	2.500171662768335E-4	5.501151508095716E-4	1.9220222951400558E-4
32	file:/home/ulrike/Git/johnson-topics/data/letters-leipzig-lemmata-NVAdj/uj0948.txt	5.481510214342525E-4	7.663507249571898E-4	6.409883480627256E-4	0.3373628872437295	0.011733592534001793	3.6852927600160876E-4	6.025714508675707E-4	4.6121739096436384E-4	5.328533921770565E-4	5.417958391185997E-4	4.3520196420497484E-4	3.9761002157681744E-4	4.724429389250794E-4	4.3441022604431313E-4	5.799983941303827E-4	5.650959988453953E-4	0.5976391010889136	2.5563037523253896E-4	0.04546505435249715	1.965174183151617E-4
33	file:/home/ulrike/Git/johnson-topics/data/letters-leipzig-lemmata-NVAdj/uj0121.txt	0.0019468453444925911	0.002721816219967365	0.0022765718433484534	0.002107817838985902	0.0018040488160004059	0.00130889020951868	0.002140128136177129	0.0016380867594637714	0.0018925133864434755	0.0019242739059276183	0.001545688842665254	0.0014121750925593646	0.0016779560745468934	0.0015428768589383821	0.0020599563428184754	0.0020070281209455076	0.9663897644846702	9.079118463196289E-4	0.0019976870776420713	6.979627985687607E-4
34	file:/home/ulrike/Git/johnson-topics/data/letters-leipzig-lemmata-NVAdj/uj0491.txt	3.210789356039898E-4	0.013599713270566097	3.7545831072618936E-4	3.47626949466335E-4	2.97528550615312E-4	2.1586567031819015E-4	0.013503779717690291	2.701576448501599E-4	3.121183639237379E-4	3.173563936517008E-4	0.21724351625039912	2.32899689175671E-4	2.767329988125905E-4	2.5445537368304713E-4	3.39733503646756E-4	3.310044398870389E-4	0.7511666649100617	1.4973524736477546E-4	3.2946389006895365E-4	1.1510988948844697E-4
35	file:/home/ulrike/Git/johnson-topics/data/letters-leipzig-lemmata-NVAdj/uj1053.txt	4.395884063953487E-4	0.00961695410159208	5.140390794230736E-4	4.7593522897577376E-4	4.0734563036989716E-4	2.955411753565617E-4	4.832307401947983E-4	3.698721884442632E-4	0.21648446360971876	4.344918830701162E-4	3.4900917890187124E-4	3.188624100242378E-4	3.788744899013579E-4	3.483742463691962E-4	0.036474652181208135	4.531773906812475E-4	0.7313419209853884	2.050021707169166E-4	4.510682275926419E-4	1.575966756753579E-4
36	file:/home/ulrike/Git/johnson-topics/data/letters-leipzig-lemmata-NVAdj/uj0976.txt	0.0012822486133121582	0.05431129715757548	0.001499416015502698	0.0013882697507534804	0.0011881986924168668	8.62072922680261E-4	0.0014095502463441314	0.0010788912852011195	0.0012464640153911713	0.00126738241149378	0.0010180353466320955	9.300993318810101E-4	0.0011051503684527287	0.0010161832928751611	0.00135674678604273	0.05384051705612798	0.8728260668035613	5.979769832495063E-4	0.0013157344482367082	4.5969847226951747E-4
37	file:/home/ulrike/Git/johnson-topics/data/letters-leipzig-lemmata-NVAdj/uj0633.txt	2.0424078128277598E-4	2.8554187565379166E-4	2.3883192018677943E-4	2.211281771580349E-4	1.8926020019747493E-4	1.3731381373549516E-4	0.38921284502871095	1.7184935645160314E-4	1.9854089269534094E-4	2.0187284370610744E-4	1.6215602217149952E-4	1.481492841885565E-4	1.7603198969713622E-4	1.6186102095070126E-4	2.1610709554091982E-4	0.02530657558215799	0.5823896495709432	9.524774289482055E-5	2.095745153308324E-4	7.322228634609398E-5
38	file:/home/ulrike/Git/johnson-topics/data/letters-leipzig-lemmata-NVAdj/uj0999.txt	0.001037137846985314	0.0014499860619398067	0.001212792185469249	0.0011228923044900834	9.610662244826228E-4	6.972816704113532E-4	0.0011401048849136702	8.726536905930748E-4	0.0010081937245603031	0.21342175249259418	8.234307891615701E-4	7.523043569981321E-4	8.938931669197706E-4	8.219327683986493E-4	0.0010973951743615891	0.0010691988606516278	0.7696982677513355	4.8366951191483544E-4	0.001064222630994902	3.718239028237323E-4
39	file:/home/ulrike/Git/johnson-topics/data/letters-leipzig-lemmata-NVAdj/uj0942.txt	3.3426657850070177E-4	0.04154022601823487	3.9087947223946483E-4	3.6190499627190186E-4	3.097489109130377E-4	2.247318993296341E-4	3.674525619904654E-4	0.08927253634340536	3.2493797015916196E-4	3.3039114095642234E-4	2.6538940153928093E-4	2.42465554734015E-4	0.11666131485567433	2.649065937077086E-4	0.06196303679501407	0.03457201611384147	0.6519550757715515	1.5588530815148797E-4	3.4299592735884224E-4	1.1983778642630748E-4
40	file:/home/ulrike/Git/johnson-topics/data/letters-leipzig-lemmata-NVAdj/uj0698.txt	0.16572148753857172	4.908469774700155E-4	4.1055248333935206E-4	3.801197184929756E-4	0.014705373157378495	2.3604268299571034E-4	3.8594649386492256E-4	0.007485426613741905	3.4129213748621917E-4	3.4701976702906023E-4	2.787464822075544E-4	2.54668875420808E-4	3.025992943523093E-4	2.7823937459944175E-4	3.7148847052015843E-4	3.6194349921069946E-4	0.8069983472081973	1.6373103455917916E-4	3.6025895385518567E-4	1.258692367069872E-4
41	file:/home/ulrike/Git/johnson-topics/data/letters-leipzig-lemmata-NVAdj/uj1201.txt	7.389371068330184E-4	0.0010330820620155948	0.04626241794246999	8.000352057123533E-4	6.847378074750536E-4	4.967973174242436E-4	8.122987774413253E-4	6.217458896793434E-4	7.183150784818911E-4	0.13692536333276026	5.866756929070931E-4	5.359997290947822E-4	6.368785330720391E-4	5.856083872140783E-4	7.81869080906032E-4	7.617798492414488E-4	0.7905169271852783	3.446035171087026E-4	0.015891011438228055	2.6491606665649014E-4
42	file:/home/ulrike/Git/johnson-topics/data/letters-leipzig-lemmata-NVAdj/uj0716.txt	2.9579433077630857E-4	4.135396833440729E-4	3.458913913076908E-4	3.2025171842486465E-4	2.740985121012331E-4	1.9886649172184083E-4	3.251607897909589E-4	2.4888303436111084E-4	2.8753939403140073E-4	0.01240757640747249	2.3484453867789784E-4	2.14559100764852E-4	0.13957987252217965	0.006292023035706226	3.129798725800748E-4	3.049382127675051E-4	0.8010500386861105	1.3794376515099675E-4	0.036649153397491356	1.0604511523909171E-4
43	file:/home/ulrike/Git/johnson-topics/data/letters-leipzig-lemmata-NVAdj/uj0533.txt	3.485839313261485E-4	4.8734297307564674E-4	4.0762167644479817E-4	3.774061616715588E-4	3.2301611957245954E-4	2.3435764746235804E-4	0.050354021124351396	2.933005048821768E-4	3.38855758727855E-4	3.445425004991325E-4	2.7675659749113124E-4	2.5285087327443036E-4	3.0043913180509646E-4	0.20729826221034883	3.6883652950206496E-4	3.59359696783547E-4	0.7369892264811917	1.6256220946516106E-4	3.5768717687506487E-4	1.2497069524950404E-4
44	file:/home/ulrike/Git/johnson-topics/data/letters-leipzig-lemmata-NVAdj/uj0274.txt	6.967613690435733E-4	0.0152431729508083	8.147680136918838E-4	7.543722193141431E-4	0.01491471087000637	4.684420038252482E-4	7.659358327099628E-4	5.862589837271337E-4	6.773163681449599E-4	6.886832202166503E-4	5.531904612646632E-4	5.054068899742756E-4	6.005279130176552E-4	5.5218407334751E-4	7.372429482662768E-4	7.183003340326523E-4	0.959433037794866	3.249348505273375E-4	7.149572445885888E-4	2.497956586269065E-4
45	file:/home/ulrike/Git/johnson-topics/data/letters-leipzig-lemmata-NVAdj/uj0931.txt	0.0010155675338906905	0.0014198293634548418	0.0011875686269660804	0.04269538450115959	9.410780431362223E-4	6.827796599123304E-4	0.00111639307129142	8.545043063198213E-4	9.8722538909553E-4	0.14658925427857378	8.063051390027253E-4	7.366579888995539E-4	8.753020456530553E-4	8.048382739603025E-4	0.0010745716340112737	0.0010469617450630797	0.7952859884604007	4.736101906426898E-4	0.0010420890106476455	3.6409073791871427E-4
46	file:/home/ulrike/Git/johnson-topics/data/letters-leipzig-lemmata-NVAdj/uj0670.txt	1.8560862899593813E-4	2.594929167826212E-4	2.170441426433861E-4	2.009554484510535E-4	1.7199467247196895E-4	1.2478716811390405E-4	2.040358523367961E-4	1.561721574138252E-4	1.8042872075479867E-4	0.3688901780267287	1.4736311117521738E-4	1.3463415754807695E-4	1.5997322406378762E-4	1.4709502185534406E-4	0.003997492641822069	1.9134634342620594E-4	0.6242878408656795	8.655863370003734E-5	1.904557856601013E-4	6.654248037677592E-5
47	file:/home/ulrike/Git/johnson-topics/data/letters-leipzig-lemmata-NVAdj/uj0478.txt	3.696971585018024E-4	5.168606357626786E-4	4.323107348984066E-4	4.0026510986962644E-4	3.425807411773222E-4	2.485523529738837E-4	4.0640068971716615E-4	3.110652944602639E-4	3.593797644861867E-4	0.09878932288371968	2.9351934640202155E-4	2.6816568686522274E-4	3.186362977448031E-4	2.929853633629894E-4	3.9117642740966747E-4	3.811255965687159E-4	0.8497672348872508	0.04559882926384089	3.7935177453580924E-4	1.3253999045213766E-4
48	file:/home/ulrike/Git/johnson-topics/data/letters-leipzig-lemmata-NVAdj/uj0610.txt	0.0011603668572711919	0.0016222682208259535	0.0013568918161328465	0.0012563103527680004	0.0010752566766066363	7.801301850856918E-4	0.025038852892049643	9.763392815940038E-4	0.0011279836977206965	0.0011469137346049158	9.212678910301865E-4	8.416904705375276E-4	0.0010001023565477643	0.02468287670239943	0.0012277837448126216	0.001196237245934615	0.8611510635676806	0.071830991858578	0.001190669758464537	4.160026893551332E-4
49	file:/home/ulrike/Git/johnson-topics/data/letters-leipzig-lemmata-NVAdj/uj1032.txt	0.020450730984994447	4.5792228600835034E-4	3.830137299941829E-4	0.027185543535164867	0.3491054916633888	2.2020957641435802E-4	3.6005824393271177E-4	0.03381424560649837	3.1839918134957395E-4	0.007031472922506438	2.6004891994484516E-4	2.3758637408538612E-4	0.006990032055337299	0.033798227355530744	3.4657002580142885E-4	3.3766530542515117E-4	0.49126559259046204	0.026983669620561087	3.3609375482895995E-4	1.1742626777101976E-4
50	file:/home/ulrike/Git/johnson-topics/data/letters-leipzig-lemmata-NVAdj/uj0815.txt	1.8351594153879946E-4	0.07917968774629715	2.145970282101171E-4	1.986897297250863E-4	0.13546683355154046	1.2338022629801714E-4	0.02650944225037708	1.5441135827026087E-4	1.7839443537230493E-4	1.8138828470573153E-4	1.457016316628179E-4	1.3311619357017667E-4	1.581695689143083E-4	0.13544221463779918	1.9417815023189846E-4	1.891889647794075E-4	0.6210074069127719	8.558270834553729E-5	1.8830844781300636E-4	6.579223177677995E-5
51	file:/home/ulrike/Git/johnson-topics/data/letters-leipzig-lemmata-NVAdj/uj0975.txt	0.03311004720848361	7.413832062373749E-4	6.201051048448981E-4	5.74138965065922E-4	0.1525302524888578	3.5652268254809043E-4	0.01144285809171708	4.4619104145128644E-4	5.15493159308691E-4	0.06568365388937772	4.21023190917072E-4	3.846559845626817E-4	4.5705086381180114E-4	4.2025724739156074E-4	5.611021886577228E-4	5.466853097572456E-4	0.7302070215024826	2.4730200028472604E-4	5.441409452321541E-4	1.9011492900998408E-4
52	file:/home/ulrike/Git/johnson-topics/data/letters-leipzig-lemmata-NVAdj/uj0673.txt	8.247212530927231E-5	1.153013869319257E-4	9.643997602137688E-5	8.929123077892562E-5	7.642298883068574E-5	5.544711483162964E-5	9.065995731196677E-5	6.939251588531617E-5	8.017051873060869E-5	8.151595561915954E-5	0.01019921455718488	5.98224617695781E-5	7.108145700168775E-5	6.535924078771986E-5	0.001776219758007363	8.502158384491088E-5	0.5087789561298016	0.4780130181112301	8.462587922665774E-5	2.9567050894726208E-5
53	file:/home/ulrike/Git/johnson-topics/data/letters-leipzig-lemmata-NVAdj/uj0603.txt	5.082156728698843E-4	7.105185142579483E-4	5.942893689408671E-4	5.502368559257904E-4	4.7093924820860544E-4	3.4168020609603756E-4	5.586713211873055E-4	4.2761556126437195E-4	4.940325469752764E-4	5.023234951114457E-4	4.0349547920938314E-4	0.2917872258700382	4.38023275903416E-4	4.027614228520592E-4	5.377428165055057E-4	5.239261299520149E-4	0.6893998012414687	2.3700651476459645E-4	0.010929294247077363	1.8220021139132663E-4
54	file:/home/ulrike/Git/johnson-topics/data/letters-leipzig-lemmata-NVAdj/uj0927.txt	2.5554635505331286E-4	3.572703995750255E-4	2.9882683708311005E-4	2.7667588871040284E-4	2.3680263076433745E-4	0.0211052586971286	2.8091699533002454E-4	2.1501815838954674E-4	2.4841464637309423E-4	2.525835882008221E-4	2.0288984479793247E-4	1.8536459437905477E-4	2.2025147503526075E-4	2.02520738852304E-4	2.7039350427366076E-4	2.6344605248076287E-4	0.6711197635717984	0.005352536975609076	0.2985639032176962	9.161582846918079E-5
55	file:/home/ulrike/Git/johnson-topics/data/letters-leipzig-lemmata-NVAdj/uj0343.txt	2.490300324336647E-4	3.4816015738199646E-4	2.912068807059732E-4	2.6962077203093103E-4	2.3076426508731609E-4	1.6742622738402297E-4	2.73753732247948E-4	2.0953528742918192E-4	2.4208017927073556E-4	2.4614281486714834E-4	0.19909437599793442	1.806378766022266E-4	2.1463515674152608E-4	1.9735654673829086E-4	2.6349858570698116E-4	0.0971551009932311	0.6999057261732847	1.1613522213024767E-4	2.5553343471521506E-4	8.927966407643498E-5
56	file:/home/ulrike/Git/johnson-topics/data/letters-leipzig-lemmata-NVAdj/uj0622.txt	2.5824938048866743E-4	3.610494046684423E-4	0.08492148253830197	2.7960241045389445E-4	2.3930739563950596E-4	1.7362451860498444E-4	0.270008528304617	2.172924993836446E-4	0.010828479096512376	2.5525527515686384E-4	2.0503589932079796E-4	1.8732527667216062E-4	2.2258117110574653E-4	0.0954015946283001	2.732535744924431E-4	2.662326364668686E-4	0.5354230928877318	1.2043466755777461E-4	2.649935454147445E-4	9.258488911018117E-5
57	file:/home/ulrike/Git/johnson-topics/data/letters-leipzig-lemmata-NVAdj/uj0628.txt	0.001059644336554611	0.001481451595931776	0.0012391104755126892	0.30495533584134144	9.819219159604676E-4	7.124130848974715E-4	0.0011648458186042112	8.915907790833184E-4	0.0010300721099760928	0.001047358975978372	8.412997122957245E-4	7.686297955239088E-4	9.132911642986385E-4	8.397691836180908E-4	0.0011212092826953636	0.0010924010927123972	0.6778982798436702	4.941654193359561E-4	0.001087316876001502	3.798926960076302E-4
58	file:/home/ulrike/Git/johnson-topics/data/letters-leipzig-lemmata-NVAdj/uj0416.txt	0.005990518099099015	3.8991987465017473E-4	3.261353949169976E-4	3.0196016231126717E-4	2.584430510176432E-4	1.8750799656579457E-4	3.0658884625336816E-4	2.3466778514674407E-4	0.005982734652841109	2.756661653669238E-4	2.2143111476771046E-4	2.023043036614164E-4	2.4037935311579147E-4	2.210282777450428E-4	0.1944901296570838	2.875213056625224E-4	0.7838552092478428	1.300649436627294E-4	2.8618313359665774E-4	0.00581160663469263
59	file:/home/ulrike/Git/johnson-topics/data/letters-leipzig-lemmata-NVAdj/uj1059.txt	0.003941759776894942	2.5656720381817054E-4	0.0340387915464154	0.018989908906505797	1.7005547871937332E-4	1.2338022629801714E-4	0.007718223073596371	1.5441135827026087E-4	0.1542663916849741	0.003939632120061873	1.457016316628179E-4	1.3311619357017667E-4	1.581695689143083E-4	1.4543656497804577E-4	1.9417815023189846E-4	1.891889647794075E-4	0.6961722836198947	0.07525045941546837	0.003946552283169149	6.579223177677995E-5
60	file:/home/ulrike/Git/johnson-topics/data/letters-leipzig-lemmata-NVAdj/uj1021.txt	3.8124282313309235E-4	5.330022246940473E-4	0.023868357209642557	0.008220280541582905	0.2892313392985628	2.563146579977685E-4	4.1909260784933226E-4	0.03935835552298473	3.7060321627803823E-4	0.03941439839047337	3.0268597335172975E-4	2.7654051749338476E-4	3.2858732860483445E-4	0.008109650442101105	0.06286351391579695	3.930281720123982E-4	0.5249673362892756	1.7779269238106185E-4	3.911989534100656E-4	1.366792223742767E-4
61	file:/home/ulrike/Git/johnson-topics/data/letters-leipzig-lemmata-NVAdj/uj0504.txt	2.5030657452567616E-4	3.499448461254228E-4	2.9269962371801755E-4	2.7100286342374245E-4	2.3194717581835218E-4	1.682844637359751E-4	2.7515700942959805E-4	2.1060937721486397E-4	2.4332109602065845E-4	2.4740455691791E-4	1.9872974532085072E-4	0.15908932474251106	0.10786292826048063	1.9836820760739735E-4	0.005390906097840822	2.5804429476215454E-4	0.4881990969392177	0.2307892866915907	0.005382900117032624	8.973731670588068E-5
62	file:/home/ulrike/Git/johnson-topics/data/letters-leipzig-lemmata-NVAdj/uj0314.txt	7.389371068330184E-4	0.0010330820620155948	8.640868244518226E-4	8.000352057123533E-4	6.847378074750536E-4	4.967973174242436E-4	8.122987774413253E-4	6.217458896793434E-4	7.183150784818911E-4	7.303699787057417E-4	5.866756929070931E-4	0.33345709459456135	6.368785330720391E-4	5.856083872140783E-4	7.81869080906032E-4	7.617798492414488E-4	0.6543219338312238	3.446035171087026E-4	7.582343988886669E-4	2.6491606665649014E-4
63	file:/home/ulrike/Git/johnson-topics/data/letters-leipzig-lemmata-NVAdj/uj0157.txt	2.1987508569465435E-4	3.073996485151736E-4	2.5711412083261314E-4	2.3805518465388822E-4	2.0374776514095033E-4	1.4782496606468838E-4	2.4170428260809285E-4	1.850041492156883E-4	2.137388797726985E-4	0.20284543562657528	1.7456880573473162E-4	1.594898744118133E-4	0.004692353839448861	0.009179944988878166	2.3264974728771156E-4	2.266720781560027E-4	0.7665588970591987	1.0253880493252503E-4	0.013734157757886384	7.882733499151404E-5
64	file:/home/ulrike/Git/johnson-topics/data/letters-leipzig-lemmata-NVAdj/uj0006.txt	1.6111244672919166E-4	2.252456631887386E-4	1.8839917658289946E-4	1.7443382971284006E-4	0.019945935932748748	1.0831805656879253E-4	1.7710768927223027E-4	0.23769524939220918	1.5661617037028948E-4	1.59244532719644E-4	0.010026234833326498	1.1686546392392586E-4	1.3886034113553015E-4	0.07271536435883436	1.704730206154622E-4	0.016663293498994983	0.6408790305100356	7.513483255810304E-5	1.6531988726720744E-4	5.7760363205776425E-5
65	file:/home/ulrike/Git/johnson-topics/data/letters-leipzig-lemmata-NVAdj/uj0775.txt	5.420659800368212E-4	7.578434419202736E-4	0.011734903563045872	5.868860337885642E-4	0.03380539925415702	3.644382211409108E-4	5.958822866043255E-4	0.1891736217914024	5.269381702338864E-4	5.357813467960891E-4	4.303707737759184E-4	3.9319614046245255E-4	4.6719833528690484E-4	4.295878247250005E-4	5.735598140662746E-4	5.588228507310312E-4	0.7575201536888142	2.527926145518039E-4	5.562219960677846E-4	1.9433587239258877E-4
66	file:/home/ulrike/Git/johnson-topics/data/letters-leipzig-lemmata-NVAdj/uj1198.txt	1.8490578358133192E-4	2.5851029325013743E-4	2.1622226016276404E-4	2.0019448913440963E-4	1.7134337911595658E-4	1.2431463572473117E-4	2.0326322843452417E-4	1.5558077927951516E-4	1.797454901327539E-4	1.8276201312405303E-4	0.3258035699891888	1.3412433749933288E-4	0.0077327805895885575	1.465380161698773E-4	1.9564874158581864E-4	1.9062177097067795E-4	0.6635776182524887	8.62308615532371E-5	1.8973458548551594E-4	6.62905035292428E-5
67	file:/home/ulrike/Git/johnson-topics/data/letters-leipzig-lemmata-NVAdj/uj0209.txt	0.0015220577835179257	0.06446872448402353	0.0017798403472102057	0.0016479072449910445	0.0014104184238401202	0.0010232998408445982	0.0016731676692290575	0.0012806680866421427	0.0014795806654066363	0.0015044112694534162	0.28174198059666067	0.0011040487100840218	0.0013118382057876932	0.001206232297187893	0.001610488780818467	0.0015691091138113217	0.6308489358396703	7.098120538172934E-4	0.0015618062185369778	5.456723684666465E-4
68	file:/home/ulrike/Git/johnson-topics/data/letters-leipzig-lemmata-NVAdj/uj0276.txt	3.2975195550975946E-4	4.610146479336001E-4	3.856002323586044E-4	3.5701708727413594E-4	3.0556542490345925E-4	2.2169665780455425E-4	3.6248972726171815E-4	2.7745517318870894E-4	3.2054933987105317E-4	3.2592885984038673E-4	2.618050375292274E-4	2.3919080147323854E-4	2.84208141343414E-4	2.613287505270673E-4	3.4891042281849307E-4	3.3994556861800985E-4	0.6363967064815748	0.35806425303425177	3.3836340529696174E-4	1.182192506211112E-4
69	file:/home/ulrike/Git/johnson-topics/data/letters-leipzig-lemmata-NVAdj/uj0985.txt	0.0011334327714959942	0.0015846126198095143	0.07096049190082002	0.0012271492554911468	0.001050298142694194	7.620220383480881E-4	0.0012459599688315309	9.536767884424937E-4	0.001101801280085225	0.0011202919186584946	8.998836983988184E-4	8.221534050072892E-4	9.768882820622336E-4	8.982465912100187E-4	0.0011992847985621707	0.02438016916370119	0.8875856818495191	5.285766756764681E-4	0.0011630322908796431	4.0634656030629624E-4
70	file:/home/ulrike/Git/johnson-topics/data/letters-leipzig-lemmata-NVAdj/uj0428.txt	0.0011886121872184926	0.0016617570263473445	0.0013899209024164675	0.0012868911128162417	0.09846832686009965	7.991198988486422E-4	0.0013066175965468498	0.0010001050630590014	0.001155440765731259	0.0011748315923513783	9.436931398977695E-4	8.621786677872663E-4	0.0740496190087922	9.41976332685797E-4	0.0012576701180392058	0.0012253557229877537	0.8090877927681033	5.543096109346148E-4	0.0012196527132734953	4.261289120632109E-4
71	file:/home/ulrike/Git/johnson-topics/data/letters-leipzig-lemmata-NVAdj/uj0859.txt	3.148677794458755E-4	0.006888418663794049	3.68195205177408E-4	3.4090223155906193E-4	2.9177296815739457E-4	2.1168982681416166E-4	3.461278503061378E-4	2.649315426883466E-4	3.060805467916401E-4	3.1121724872449236E-4	2.4998781489298E-4	2.2839432872302968E-4	2.713796988008818E-4	2.4953302629129534E-4	3.331614816007633E-4	3.246012784298722E-4	0.6914981253879848	1.4683867303171623E-4	0.29694089131657603	1.1288313021004371E-4
72	file:/home/ulrike/Git/johnson-topics/data/letters-leipzig-lemmata-NVAdj/uj0507.txt	7.172297510167826E-4	0.0010027337689062453	8.387030130542775E-4	7.765330040833886E-4	6.646226351684489E-4	4.8220317126734146E-4	7.884363154970549E-4	6.034811968797146E-4	6.972135248414169E-4	0.3826028847038665	5.694412383142629E-4	5.20253954888459E-4	6.181692967902548E-4	5.684052862834594E-4	7.58900535702393E-4	7.39401454533414E-4	0.605723812935405	3.3448028592673504E-4	7.359601569584869E-4	2.571337706164436E-4
73	file:/home/ulrike/Git/johnson-topics/data/letters-leipzig-lemmata-NVAdj/uj1174.txt	0.38590769198535446	2.1945308469624133E-4	0.07733369873297531	1.6994796465309028E-4	1.4545584478096684E-4	1.0553247199439056E-4	1.7255306132862999E-4	1.3207474837103616E-4	1.5258851697523145E-4	1.5514928647951257E-4	1.2462494051399266E-4	1.1386006811182442E-4	1.3528930933791233E-4	1.2439821745368807E-4	1.6608901455386385E-4	1.6182154731184372E-4	0.5343892252343326	7.320261149354579E-5	1.6106840286653475E-4	5.62749564153058E-5
74	file:/home/ulrike/Git/johnson-topics/data/letters-leipzig-lemmata-NVAdj/uj0352.txt	4.5178996246686805E-4	6.316317068222304E-4	5.283071460037285E-4	4.891456555891103E-4	4.1865223099251834E-4	0.009556002461804968	4.96643666664624E-4	3.8013864720646136E-4	4.391815478554039E-4	4.465519760952541E-4	3.5869654782218853E-4	3.2771300189246707E-4	3.893908235110348E-4	3.580439916106668E-4	4.7803879308549134E-4	0.009718014149940593	0.7516416134398124	2.1069236964936074E-4	0.22251778083018153	1.619710509931831E-4
75	file:/home/ulrike/Git/johnson-topics/data/letters-leipzig-lemmata-NVAdj/uj0615.txt	3.3199391967702637E-4	4.6414905943285715E-4	0.007187163139555191	3.594444254700027E-4	3.0764294627048255E-4	2.2320396035271437E-4	0.26552366239481867	2.793415746062542E-4	3.2272873599539456E-4	3.2814483100486604E-4	2.6358503459412156E-4	2.4081704567613903E-4	2.861404557945973E-4	2.6310550934462336E-4	3.512826442791232E-4	3.4225683856176065E-4	0.7223108250969	1.548254531021412E-4	3.4066391820527034E-4	1.190230163587971E-4
76	file:/home/ulrike/Git/johnson-topics/data/letters-leipzig-lemmata-NVAdj/uj1214.txt	9.028972134866252E-4	0.001262308938706038	0.0010558159534737768	9.775521505812213E-4	8.366718258173439E-4	6.0702989391402E-4	9.925368422946182E-4	7.597028571135192E-4	8.776994371637175E-4	8.92429155999496E-4	7.168510600535458E-4	6.549307882282683E-4	7.781932285207834E-4	7.155469337249986E-4	9.553552094399447E-4	0.3892320373240875	0.5961112011748768	4.2106635663303956E-4	9.264763125246439E-4	3.2369734336001285E-4
77	file:/home/ulrike/Git/johnson-topics/data/letters-leipzig-lemmata-NVAdj/uj0103.txt	9.194486634668252E-5	1.2854489406314749E-4	1.0751706315934887E-4	0.003865445960585295	0.0038510996735021045	6.181576554969864E-5	1.0107315201088368E-4	7.736293413816154E-5	8.937889743943915E-5	9.087887109031578E-5	0.09233751850015831	6.66936644509509E-5	0.2881705000059783	7.286639741866703E-5	9.728682925751857E-5	0.030221977130795132	0.5803979077610798	4.287851297514595E-5	9.434600024901672E-5	3.296311975211723E-5
78	file:/home/ulrike/Git/johnson-topics/data/letters-leipzig-lemmata-NVAdj/uj0793.txt	7.994246843749718E-4	0.001117647623489679	9.348188506468759E-4	8.655241236382927E-4	7.40788763425915E-4	5.374639262363572E-4	0.033621809597619595	6.726404818788776E-4	7.771145874082254E-4	0.2136197735086183	6.346995248929947E-4	5.798753510878906E-4	0.13166108399181664	6.335448521760881E-4	8.458709644515104E-4	0.033567155313976645	0.5769110488882989	3.7281191504892516E-4	8.203016053851987E-4	2.8660144552813857E-4
79	file:/home/ulrike/Git/johnson-topics/data/letters-leipzig-lemmata-NVAdj/uj1078.txt	4.737041264758038E-4	0.10737371654012956	5.539327915612424E-4	5.128717650898813E-4	4.389590425971469E-4	0.21374137244888816	5.20733468717466E-4	3.9857734959712875E-4	4.6048413814946647E-4	4.6821207050999755E-4	3.7609519682159153E-4	3.4360878769549685E-4	4.082783045949492E-4	3.7541098823832105E-4	5.012261619617474E-4	4.883477290758591E-4	0.6328834919827251	2.2091204588722317E-4	0.03929023757152268	1.6982748976128567E-4
80	file:/home/ulrike/Git/johnson-topics/data/letters-leipzig-lemmata-NVAdj/uj0444.txt	8.127303059074913E-4	0.0011362497464607756	9.503779721892598E-4	0.017523926258603356	7.531184489039094E-4	5.464094738653676E-4	0.01753741451939124	0.2503437812267033	7.900488797681595E-4	0.11731128211252913	6.452634614715841E-4	5.895267943175236E-4	7.004797569687075E-4	6.440895703861866E-4	8.599496377003087E-4	8.378542154441726E-4	0.5865131542829278	3.790169952039533E-4	8.339547023149078E-4	2.9137163894273386E-4
81	file:/home/ulrike/Git/johnson-topics/data/letters-leipzig-lemmata-NVAdj/uj1051.txt	0.06867293172527077	7.750511759436631E-4	6.482655483361796E-4	6.002119771336517E-4	5.137121845492025E-4	0.011725806138840607	6.094125005376343E-4	4.6645363485833114E-4	5.389029262489026E-4	5.479468976214671E-4	4.401428525417005E-4	4.02124125096003E-4	4.778066275080747E-4	0.011792435041430523	5.86583169789917E-4	5.715115862265923E-4	0.8996045691425333	2.58532570634636E-4	5.688516760740414E-4	1.9874849882485238E-4
82	file:/home/ulrike/Git/johnson-topics/data/letters-leipzig-lemmata-NVAdj/uj0248.txt	5.029807465579966E-4	7.031997473171961E-4	5.881678319233731E-4	5.445690862196923E-4	0.0519690878184459	3.3816069499744675E-4	5.529166714291324E-4	0.154932209445493	4.889437153686371E-4	4.971492617652193E-4	3.9933923371440863E-4	3.648450475716872E-4	4.3351137338908113E-4	3.9861273857792946E-4	5.322037429006782E-4	5.185293765073933E-4	0.7853045687680419	2.3456520548103247E-4	5.16116054387234E-4	1.803234399111048E-4
83	file:/home/ulrike/Git/johnson-topics/data/letters-leipzig-lemmata-NVAdj/uj0553.txt	7.389371068330184E-4	0.0010330820620155948	0.2883868505719002	8.000352057123533E-4	6.847378074750536E-4	4.967973174242436E-4	8.122987774413253E-4	6.217458896793434E-4	7.183150784818911E-4	7.303699787057417E-4	5.866756929070931E-4	5.359997290947822E-4	6.368785330720391E-4	5.856083872140783E-4	7.81869080906032E-4	7.617798492414488E-4	0.699720264949242	3.446035171087026E-4	7.582343988886669E-4	2.6491606665649014E-4
84	file:/home/ulrike/Git/johnson-topics/data/letters-leipzig-lemmata-NVAdj/uj0559.txt	4.435816978271942E-4	6.201560198102908E-4	0.02777118878826229	4.802587007605895E-4	4.1104602326445604E-4	2.982259186895046E-4	4.876204855710419E-4	3.7323216659542504E-4	4.3120235692788725E-4	4.384388768684692E-4	0.03668881976157441	3.2175900718504246E-4	3.8231624639961106E-4	3.515389337741925E-4	0.018637673695009245	4.572941266210166E-4	0.7743221881610662	2.0686444324258767E-4	4.551658035573808E-4	0.1364214287869932
85	file:/home/ulrike/Git/johnson-topics/data/letters-leipzig-lemmata-NVAdj/uj0395.txt	0.06707950679370635	6.496642917777607E-4	5.433898965845305E-4	5.031103766358351E-4	4.3060442060025055E-4	3.1241610831167494E-4	0.18132247289673795	3.909913045011974E-4	4.517198331996397E-4	4.5930068132810255E-4	3.689370501623908E-4	3.370689485364201E-4	4.005076231112215E-4	3.682658639878773E-4	4.916864220047586E-4	0.009995455756916745	0.716001970246709	0.019249512780111288	4.768235088647836E-4	1.6659519621234182E-4
86	file:/home/ulrike/Git/johnson-topics/data/letters-leipzig-lemmata-NVAdj/uj1057.txt	3.2975195550975946E-4	4.610146479336001E-4	3.856002323586044E-4	3.5701708727413594E-4	0.08134189896190068	2.2169665780455425E-4	3.6248972726171815E-4	2.7745517318870894E-4	3.2054933987105317E-4	3.2592885984038673E-4	2.618050375292274E-4	0.19607699684921653	2.84208141343414E-4	2.613287505270673E-4	3.4891042281849307E-4	3.3994556861800985E-4	0.717433040018572	1.537799125140077E-4	3.3836340529696174E-4	1.182192506211112E-4
87	file:/home/ulrike/Git/johnson-topics/data/letters-leipzig-lemmata-NVAdj/uj0390.txt	0.0015220577835179257	0.0021279356239703776	0.0017798403472102057	0.0016479072449910445	0.09492160171391986	0.0010232998408445982	0.0016731676692290575	0.0012806680866421427	0.0014795806654066363	0.0015044112694534162	0.001208430726421483	0.0011040487100840218	0.032482232635814276	0.001206232297187893	0.001610488780818467	0.0015691091138113217	0.6620193302696968	7.098120538172934E-4	0.03273220064856355	0.15639764451859953
88	file:/home/ulrike/Git/johnson-topics/data/letters-leipzig-lemmata-NVAdj/uj1175.txt	0.3482688741949379	0.001481451595931776	0.0012391104755126892	0.0011472597152560775	9.819219159604676E-4	7.124130848974715E-4	0.0011648458186042112	8.915907790833184E-4	0.0010300721099760928	0.001047358975978372	8.412997122957245E-4	7.686297955239088E-4	9.132911642986385E-4	8.397691836180908E-4	0.0011212092826953636	0.0010924010927123972	0.6344971261113723	4.941654193359561E-4	0.001087316876001502	3.798926960076302E-4
89	file:/home/ulrike/Git/johnson-topics/data/letters-leipzig-lemmata-NVAdj/uj1195.txt	1.5160822386576283E-4	2.1195814242030924E-4	1.7728527571501617E-4	1.641437619609744E-4	1.4048811711453064E-4	1.0192824019728826E-4	1.6665988723183587E-4	1.2756402291680367E-4	0.0032521792451526347	0.031197871067739386	0.09326443034898985	1.0997142540163865E-4	0.2764580518467123	1.2014966719824383E-4	1.6041660590000194E-4	1.5629488470975244E-4	0.5937583762310022	7.070253568758922E-5	1.555674622730944E-4	5.435300781067753E-5
90	file:/home/ulrike/Git/johnson-topics/data/letters-leipzig-lemmata-NVAdj/uj0668.txt	0.05366430384283173	7.256227976806375E-4	6.069228399672325E-4	5.619338536179509E-4	4.8095052833300843E-4	3.4894368279542697E-4	5.705476197017138E-4	4.3670586152211375E-4	5.045347470725403E-4	5.130019451275766E-4	4.120730320182882E-4	3.764789238746346E-4	4.473348245432E-4	0.28739585947315405	5.491742144860312E-4	5.350638112376499E-4	0.650909856196493	2.420448262233301E-4	5.325735351031441E-4	1.8607344421679722E-4
91	file:/home/ulrike/Git/johnson-topics/data/letters-leipzig-lemmata-NVAdj/uj0477.txt	0.005802708260530733	1.9334856292901485E-4	0.24089918706276137	1.4973220715429212E-4	1.281534893754331E-4	9.297910681321765E-5	1.520274207267235E-4	1.163641095867834E-4	1.344377114473793E-4	1.366938706821904E-4	1.0980047597347418E-4	1.003161134640367E-4	1.1919629006970307E-4	0.028431655680493523	1.4633228932159014E-4	0.014303599927672897	0.7087274826578215	6.44949682731458E-5	1.4190889260281834E-4	4.958090230015655E-5
92	file:/home/ulrike/Git/johnson-topics/data/letters-leipzig-lemmata-NVAdj/uj0683.txt	0.0011603668572711919	0.0016222682208259535	0.0013568918161328465	0.0012563103527680004	0.0010752566766066363	7.801301850856918E-4	0.0012755680704471895	9.763392815940038E-4	0.09618112298413052	0.0011469137346049158	9.212678910301865E-4	8.416904705375276E-4	0.0010001023565477643	9.195918807969758E-4	0.0012277837448126216	0.001196237245934615	0.8849143483892831	5.411373937706239E-4	0.001190669758464537	4.160026893551332E-4
93	file:/home/ulrike/Git/johnson-topics/data/letters-leipzig-lemmata-NVAdj/uj0360.txt	0.0014760487614263154	0.002063612023254975	0.09241055033388687	0.0015980940239289118	0.0013677840553400688	9.923673588497673E-4	0.001622590871757806	0.001241955833448869	0.001434855648880868	0.0014589356691965258	0.001171902076464711	0.0010706753375074138	0.0012721837369204186	0.0011697701017246824	0.27361534056358466	0.001521677816088424	0.6117795266885725	6.883557340779143E-4	0.0015145956739770997	5.291776911111414E-4
94	file:/home/ulrike/Git/johnson-topics/data/letters-leipzig-lemmata-NVAdj/uj0252.txt	6.174655218932498E-4	8.632568978907186E-4	7.220422646088518E-4	0.013313666531488957	5.721758776801643E-4	4.151303433566048E-4	6.787674944295339E-4	5.195390063725574E-4	6.002334849843176E-4	6.103067174546596E-4	4.902338907508975E-4	0.03838332830636845	0.025822477317677298	4.893420361388298E-4	6.533400415672108E-4	6.365532165458367E-4	0.9134692279139209	2.8795521103240217E-4	6.335905918079755E-4	2.2136733403066322E-4
95	file:/home/ulrike/Git/johnson-topics/data/letters-leipzig-lemmata-NVAdj/uj0865.txt	0.0028188168611893018	1.834754021262435E-4	0.4973560598877713	1.4208627415022347E-4	1.2160945310812229E-4	8.823121699723809E-5	1.4426428482063156E-4	1.104220868056603E-4	1.2757277734614238E-4	1.2971372795160294E-4	0.0027917752299621897	9.519356636911406E-5	1.131096446810636E-4	1.0400406539145002E-4	1.3885996989380033E-4	1.352921218073905E-4	0.49246901867430376	6.120159394915776E-5	0.0028222440607797673	4.70491005958136E-5
96	file:/home/ulrike/Git/johnson-topics/data/letters-leipzig-lemmata-NVAdj/uj0449.txt	5.082156728698843E-4	7.105185142579483E-4	5.942893689408671E-4	0.291968820441714	4.7093924820860544E-4	3.4168020609603756E-4	5.586713211873055E-4	4.2761556126437195E-4	4.940325469752764E-4	5.023234951114457E-4	4.0349547920938314E-4	3.6864228424995975E-4	4.38023275903416E-4	0.010810567979487352	0.0109455493731408	5.239261299520149E-4	0.6789919946848334	2.3700651476459645E-4	5.214876904420703E-4	1.8220021139132663E-4
97	file:/home/ulrike/Git/johnson-topics/data/letters-leipzig-lemmata-NVAdj/uj0363.txt	6.022348265095944E-4	8.419633966612103E-4	7.0423203003468E-4	0.18565056229844734	5.580623179916787E-4	4.048905427847603E-4	0.012995260191164324	5.067238125432322E-4	5.854278431391903E-4	0.21026025602708984	0.012811377046151633	4.368405658284665E-4	5.190569391164672E-4	0.07447668466767397	6.372244483847054E-4	6.208516950957502E-4	0.4962736298482479	2.808523721727954E-4	6.179621478550423E-4	2.159069831074649E-4
98	file:/home/ulrike/Git/johnson-topics/data/letters-leipzig-lemmata-NVAdj/uj0465.txt	6.5914014055539E-4	9.21520721135051E-4	7.707750844483444E-4	7.136403261741541E-4	6.107937610510169E-4	4.431487478521691E-4	7.245795689302663E-4	5.546042678373534E-4	6.407450612716386E-4	6.514981667178991E-4	5.233212611835951E-4	4.78117736281205E-4	5.681027545158551E-4	5.223692126019176E-4	6.974359402427121E-4	6.795161215455636E-4	0.9886206393207633	3.0739018057492204E-4	6.763535402889791E-4	2.3630808602876009E-4
99	file:/home/ulrike/Git/johnson-topics/data/letters-leipzig-lemmata-NVAdj/uj0804.txt	5.245953331125309E-4	0.05444965574979208	0.10804591797587478	5.679708480755248E-4	4.861174988851825E-4	3.5269247113675666E-4	0.03280641959807078	4.4139750066900794E-4	5.099550887232877E-4	5.185132519825031E-4	0.07561923240412663	3.805235301253372E-4	4.5214065327029996E-4	4.157423197769966E-4	5.550741289826381E-4	5.408121341800976E-4	0.7223622267578521	2.44645173693031E-4	5.382951043927819E-4	1.8807247727772796E-4
100	file:/home/ulrike/Git/johnson-topics/data/letters-leipzig-lemmata-NVAdj/uj0820.txt	0.0013533232993851994	0.0018920338575154879	0.0015825282306287988	0.001465221159158304	0.0012540602173810335	0.028624719128175366	0.0014876812267351374	0.001138693930808615	0.0013155551710964826	0.001337633068110778	0.0010744647643923788	9.816544806593966E-4	0.001166408547783792	0.001072510051807821	0.0014319508852302556	0.0013951585452232043	0.9489214360774739	6.311226820805458E-4	0.0013886652448802327	4.8517943147322105E-4
101	file:/home/ulrike/Git/johnson-topics/data/letters-leipzig-lemmata-NVAdj/uj0021.txt	6.68159360435493E-4	0.26091704910082764	7.813218400425143E-4	0.05545665137845969	6.191514423593839E-4	0.014132524012566662	7.34494216894667E-4	5.621930908057951E-4	6.495125755514237E-4	6.604128190893379E-4	5.304820290266377E-4	4.8465997021110007E-4	5.75876281482599E-4	5.295169532676326E-4	7.06979173479934E-4	6.888141523211285E-4	0.6326988324026449	3.1159629617463915E-4	6.856082964799955E-4	0.02760616460787893
102	file:/home/ulrike/Git/johnson-topics/data/letters-leipzig-lemmata-NVAdj/uj0136.txt	0.0011334327714959942	0.0015846126198095143	0.0013253960522419924	0.0012271492554911468	0.001050298142694194	7.620220383480881E-4	0.0012459599688315309	0.07058877263702051	0.1867953902096266	0.0011202919186584946	8.998836983988184E-4	8.221534050072892E-4	9.768882820622336E-4	0.02410994520740269	0.0011992847985621707	0.0011684705475085164	0.7018920929199778	5.285766756764681E-4	0.0011630322908796431	4.0634656030629624E-4
103	file:/home/ulrike/Git/johnson-topics/data/letters-leipzig-lemmata-NVAdj/uj0821.txt	2.2703108932522627E-4	3.1740420630243447E-4	2.654820974787012E-4	2.4580287357588555E-4	2.103788927307962E-4	1.526360431837992E-4	0.02349654821030461	1.9102525142140545E-4	0.32102898434573407	2.2439892426931178E-4	1.8025028166764907E-4	1.6468059493717266E-4	1.956746058550166E-4	1.799223625905213E-4	2.402215120967291E-4	2.3404929512949024E-4	0.652025280582365	1.0587600913669144E-4	2.3295999071061975E-4	8.139283118497975E-5
104	file:/home/ulrike/Git/johnson-topics/data/letters-leipzig-lemmata-NVAdj/uj0264.txt	1.7009176839822307E-4	2.3779933800025473E-4	1.988992766252135E-4	1.8415559546558401E-4	1.5761593711502818E-4	1.1435497483452016E-4	0.010636964479157868	0.010593102183770195	1.6534489990594397E-4	0.03848473508728419	1.3504357158419184E-4	1.2337875705476244E-4	1.465994804474865E-4	1.3479789450143655E-4	1.799740375702268E-4	1.7534981054468822E-4	0.7636805239725727	0.007045979675767376	1.7453370330809621E-4	0.16726075555609204
105	file:/home/ulrike/Git/johnson-topics/data/letters-leipzig-lemmata-NVAdj/uj0658.txt	2.4527735197050717E-4	3.429136663949895E-4	0.005309881412180939	2.655578058345489E-4	2.272868349126292E-4	0.060441656643733285	2.6962848569561903E-4	0.14085213567936034	2.384322274538841E-4	2.4243364242930354E-4	0.030333113514222704	1.7791581041684792E-4	2.1140077913839406E-4	1.943825437636966E-4	0.06555934405240227	2.52859603988811E-4	0.6943817777422463	1.1438515859408067E-4	2.5168275325817126E-4	8.793429200278297E-5
106	file:/home/ulrike/Git/johnson-topics/data/letters-leipzig-lemmata-NVAdj/uj0300.txt	2.5554635505331286E-4	0.010823996128944899	2.9882683708311005E-4	2.7667588871040284E-4	2.3680263076433745E-4	1.7180723838885217E-4	2.8091699533002454E-4	2.1501815838954674E-4	2.4841464637309423E-4	2.525835882008221E-4	2.0288984479793247E-4	1.8536459437905477E-4	2.2025147503526075E-4	2.02520738852304E-4	2.7039350427366076E-4	2.6344605248076287E-4	0.6920532150305381	1.1917411092413954E-4	0.29333054035301126	9.161582846918079E-5
107	file:/home/ulrike/Git/johnson-topics/data/letters-leipzig-lemmata-NVAdj/uj1058.txt	1.2235648787474476E-4	1.7106231589367416E-4	0.0026488317629259593	1.3247338243257704E-4	1.133819271802159E-4	8.226190616701755E-5	1.3450403910373552E-4	1.0295144567548962E-4	1.1894180083498897E-4	0.10285678749375589	9.714436674218276E-5	8.875321559494013E-5	1.0545717597468493E-4	9.69676375254762E-5	1.2946535480878898E-4	1.2613889061061743E-4	0.576921235964047	5.7060980796344686E-5	0.3158503578732086	4.386597884710738E-5
108	file:/home/ulrike/Git/johnson-topics/data/letters-leipzig-lemmata-NVAdj/uj0486.txt	0.012935470321955292	8.419633966612103E-4	0.08703688049815456	6.520298667618864E-4	5.580623179916787E-4	4.048905427847603E-4	6.620246957186278E-4	5.067238125432322E-4	5.854278431391903E-4	5.952526045130181E-4	4.781415507059387E-4	4.368405658284665E-4	5.190569391164672E-4	4.772716949997876E-4	6.372244483847054E-4	6.208516950957502E-4	0.8909371657025101	2.808523721727954E-4	6.179621478550423E-4	2.159069831074649E-4
109	file:/home/ulrike/Git/johnson-topics/data/letters-leipzig-lemmata-NVAdj/uj0955.txt	1.359864199597518E-4	1.9011784607791423E-4	0.03636247534803947	0.12268201004503575	0.03911435114921836	9.142549212567517E-5	0.24243416530559742	1.1441974814954136E-4	1.3219135298876532E-4	1.3440981340881282E-4	1.0796578818157883E-4	9.863990261821742E-5	1.1720460491268305E-4	0.008462413446474007	0.03356246347815457	1.4019016441034308E-4	0.5158678626546406	6.341730326413432E-5	1.3953769602546766E-4	4.8752440716955135E-5
110	file:/home/ulrike/Git/johnson-topics/data/letters-leipzig-lemmata-NVAdj/uj0144.txt	0.0016232526331901589	0.002269412595417655	0.0018981740125459741	0.0017574692653929383	0.001504190869223609	0.0010913344941181082	0.0017844091428429803	0.001365814009425863	0.0015779514004964081	0.0016044328809231747	0.06777432443629015	0.0011774519963834078	0.0678846070188507	0.00128642931553078	0.0017175630140299442	0.2676156343080727	0.5730629488471928	7.570042989865675E-4	0.0016656437647940689	5.819516962919315E-4
111	file:/home/ulrike/Git/johnson-topics/data/letters-leipzig-lemmata-NVAdj/uj1046.txt	0.0012494391956949077	0.001746797134310491	0.0014610498470983143	0.001352747527102786	0.052332610506589786	8.400147116257915E-4	0.0013734835099837432	0.0010512852543797329	0.0012145702328584635	0.0012349533814384874	0.0521668011996529	9.063005013824656E-4	0.0010768724357710447	9.901817969987156E-4	0.05249684589148276	0.0012880630750999851	0.824905303300835	5.826763025817703E-4	0.0012820682149201497	4.479359801926156E-4
112	file:/home/ulrike/Git/johnson-topics/data/letters-leipzig-lemmata-NVAdj/uj0165.txt	0.0017388618184837304	0.002431041744132222	0.002033363290326226	0.001882637452892664	0.001611320392602364	0.0011690600983574246	0.001911496007214209	0.00146308823628601	0.0016903342003848772	0.0017187017103272649	0.0013805612856564245	0.1437027066133984	0.0014986982707056713	0.001378049709094533	0.0018398890504597348	0.0017926152059319733	0.8275389854620552	8.109186734222788E-4	0.0017842720760623627	6.233987022064081E-4
113	file:/home/ulrike/Git/johnson-topics/data/letters-leipzig-lemmata-NVAdj/uj1054.txt	5.807473451946721E-4	8.119225023833732E-4	0.012572296254215142	6.287657196848755E-4	5.381508929086967E-4	3.904442212010355E-4	6.384039374145669E-4	4.886441234011174E-4	5.645400278104163E-4	5.740142458958939E-4	4.610816644548765E-4	4.2125428107266496E-4	5.005372092873452E-4	4.6024284482868935E-4	6.144885523100205E-4	0.21467613657039294	0.7640033808913939	2.7083167952323404E-4	5.959135224337542E-4	2.0820351419290355E-4
114	file:/home/ulrike/Git/johnson-topics/data/letters-leipzig-lemmata-NVAdj/uj0413.txt	7.502910946834651E-4	0.2776242953320888	8.773637748388521E-4	0.0161776246316283	6.952590070127703E-4	5.044307555802246E-4	8.24779989123236E-4	6.312991997137245E-4	7.293522027492465E-4	7.415923300910943E-4	5.956901389645771E-4	5.442355239353845E-4	6.466643606612122E-4	5.946064338029754E-4	7.938827312737799E-4	7.73484822605247E-4	0.6951063777429088	3.498984523749019E-4	7.698848953560451E-4	2.689865806073962E-4
115	file:/home/ulrike/Git/johnson-topics/data/letters-leipzig-lemmata-NVAdj/uj0956.txt	0.0146124045120162	2.463816195856878E-4	2.0607763806848508E-4	1.9080185104017715E-4	1.633043648711712E-4	1.1848209563720262E-4	1.9372661256260084E-4	1.4828130784796126E-4	1.7131226929242453E-4	0.09400931863930137	0.2311187022757587	0.0037368750645049294	1.5189031948875068E-4	0.039839141467796116	1.864693789007958E-4	1.8167826150969994E-4	0.6143989541872924	8.218511944202626E-5	1.80832700607815E-4	6.318031447545432E-5
116	file:/home/ulrike/Git/johnson-topics/data/letters-leipzig-lemmata-NVAdj/uj0211.txt	9.028972134866252E-4	0.001262308938706038	0.0010558159534737768	0.01946808685886391	8.366718258173439E-4	6.0702989391402E-4	9.925368422946182E-4	7.597028571135192E-4	8.776994371637175E-4	0.2967409844885225	7.168510600535458E-4	0.0931076043296417	7.781932285207834E-4	0.05618715105857306	9.553552094399447E-4	9.308084501510811E-4	0.5221490623417461	4.2106635663303956E-4	9.264763125246439E-4	3.2369734336001285E-4
117	file:/home/ulrike/Git/johnson-topics/data/letters-leipzig-lemmata-NVAdj/uj0370.txt	4.64688208061959E-4	6.496642917777607E-4	5.433898965845305E-4	5.031103766358351E-4	4.3060442060025055E-4	3.1241610831167494E-4	5.108224499888696E-4	3.909913045011974E-4	4.517198331996397E-4	4.5930068132810255E-4	3.689370501623908E-4	3.370689485364201E-4	4.005076231112215E-4	0.02891747382926405	4.916864220047586E-4	0.12419228761802141	0.6969691649365248	2.1670746992717718E-4	0.14322286333524561	1.6659519621234182E-4
118	file:/home/ulrike/Git/johnson-topics/data/letters-leipzig-lemmata-NVAdj/uj0064.txt	6.774288301526913E-4	9.470894968617417E-4	0.014665303275680238	0.2365768559884365	6.277410182676961E-4	4.554444789057689E-4	7.446839594981752E-4	5.699924754122546E-4	6.585233557732098E-4	6.695748199380698E-4	0.01441098352833515	4.913837268222203E-4	5.838654949369708E-4	5.368630171764855E-4	7.167871959777268E-4	6.983701689001026E-4	0.7247152054579895	3.1591911585271626E-4	6.951198377655041E-4	2.4286475731731313E-4
119	file:/home/ulrike/Git/johnson-topics/data/letters-leipzig-lemmata-NVAdj/uj0932.txt	0.001037137846985314	0.0014499860619398067	0.001212792185469249	0.04360222011834118	9.610662244826228E-4	6.972816704113532E-4	0.0011401048849136702	0.08583130931829526	0.0010081937245603031	0.0010251134233386896	8.234307891615701E-4	7.523043569981321E-4	0.02213355707384532	8.219327683986493E-4	0.0010973951743615891	0.0010691988606516278	0.8334172594721121	4.8366951191483544E-4	0.001064222630994902	3.718239028237323E-4
120	file:/home/ulrike/Git/johnson-topics/data/letters-leipzig-lemmata-NVAdj/uj0539.txt	4.435816978271942E-4	6.201560198102908E-4	5.187086926831826E-4	4.802587007605895E-4	4.1104602326445604E-4	2.982259186895046E-4	0.009571780517430744	3.7323216659542504E-4	0.0821886426436652	4.384388768684692E-4	3.5217963413560377E-4	3.2175900718504246E-4	3.8231624639961106E-4	3.515389337741925E-4	4.6935363128984E-4	4.572941266210166E-4	0.901500428607102	2.0686444324258767E-4	4.551658035573808E-4	1.5902830909768193E-4
121	file:/home/ulrike/Git/johnson-topics/data/letters-leipzig-lemmata-NVAdj/uj0047.txt	0.0011886121872184926	0.0016617570263473445	0.0013899209024164675	0.0012868911128162417	0.0011014302780142252	7.991198988486422E-4	0.07433179003311093	0.0010001050630590014	0.025497164911252618	0.0011748315923513783	9.436931398977695E-4	0.025203902813308622	0.0010244465722281358	9.41976332685797E-4	0.0012576701180392058	0.0012253557229877537	0.857771241059146	5.543096109346148E-4	0.0012196527132734953	4.261289120632109E-4
122	file:/home/ulrike/Git/johnson-topics/data/letters-leipzig-lemmata-NVAdj/uj0137.txt	0.0021155368443426543	0.0029576578916036874	0.002473833695635424	0.00229045738643384	0.0019603671909728957	0.21804390178678096	0.0023255673269091145	0.0017800247480770858	0.002056497096063039	0.002091009621341044	0.0016796206775222585	0.044858857747000824	0.001823348685058343	0.0016765650392319763	0.002238448756753013	0.002180934376479017	0.7035315656877025	9.865811723246774E-4	0.0021707839444845486	7.584403252830353E-4
123	file:/home/ulrike/Git/johnson-topics/data/letters-leipzig-lemmata-NVAdj/uj0782.txt	0.06340933657044459	0.0014198293634548418	0.0011875686269660804	0.001099538476790324	9.410780431362223E-4	6.827796599123304E-4	0.00111639307129142	8.545043063198213E-4	9.8722538909553E-4	0.0010037931932813345	8.063051390027253E-4	7.366579888995539E-4	8.753020456530553E-4	8.048382739603025E-4	0.0010745716340112737	0.0010469617450630797	0.9200735265335084	4.736101906426898E-4	0.0010420890106476455	3.6409073791871427E-4
124	file:/home/ulrike/Git/johnson-topics/data/letters-leipzig-lemmata-NVAdj/uj0806.txt	4.830768222785387E-4	6.753727686113192E-4	0.1984245964233818	5.230194306290472E-4	4.476442732003321E-4	3.247790200256356E-4	5.310366856915344E-4	4.0646358921979543E-4	4.6959526365510405E-4	0.02026344645405911	3.8353660523596076E-4	3.5040742098200865E-4	4.1635648702560246E-4	3.828388589219462E-4	5.111434079426724E-4	4.980101627655057E-4	0.7740145132893722	2.2528300507785733E-4	4.95692340485192E-4	1.731876914388953E-4
125	file:/home/ulrike/Git/johnson-topics/data/letters-leipzig-lemmata-NVAdj/uj0076.txt	0.06591752179786027	0.0021963982229036955	0.0018371035907424663	0.22691365642758446	0.0014557961644972182	0.0010562227196211447	0.0017269989063192534	0.0013218713376215532	0.0015271835799610834	0.0015528130651708916	0.0012473098669508035	0.0011395695421946746	0.0013540443007167642	0.0012450407071099494	0.0016623034345353207	0.0016195924492709913	0.6833186418577943	7.326490125161925E-4	0.0016120545961414439	5.632284204874408E-4
126	file:/home/ulrike/Git/johnson-topics/data/letters-leipzig-lemmata-NVAdj/uj0759.txt	9.375695376409836E-4	0.0013107830994986585	0.17390169913540296	0.0010150913128872576	8.688010165183931E-4	6.303405619931662E-4	0.0010306514345396103	7.888763481038337E-4	9.114041368137724E-4	9.26699494327518E-4	7.443789911993208E-4	6.80080907476539E-4	8.080767717092783E-4	7.430247848726008E-4	9.920419828727076E-4	9.66552598905985E-4	0.8110085102735554	4.3723580426185504E-4	9.620541020552402E-4	3.361277053649447E-4
127	file:/home/ulrike/Git/johnson-topics/data/letters-leipzig-lemmata-NVAdj/uj0632.txt	7.389371068330184E-4	0.0010330820620155948	8.640868244518226E-4	0.015932812245051744	6.847378074750536E-4	4.967973174242436E-4	0.3034678395642291	6.217458896793434E-4	7.183150784818911E-4	7.303699787057417E-4	5.866756929070931E-4	0.015668776768434173	6.368785330720391E-4	5.856083872140783E-4	7.81869080906032E-4	7.617798492414488E-4	0.6543219338312238	3.446035171087026E-4	7.582343988886669E-4	2.6491606665649014E-4
128	file:/home/ulrike/Git/johnson-topics/data/letters-leipzig-lemmata-NVAdj/uj0216.txt	0.029896769885042924	0.0019459660371903965	0.0016276379925581985	0.001506987098232445	0.001289807041201492	9.35792753180416E-4	0.0015300873871220485	0.02967602253415666	0.0013530549005955092	0.17240498380856675	0.0011050922431224174	0.0010096364142909242	0.0011996568721325067	0.0011030818117092008	0.0014727684594618787	0.001434927358575608	0.7479313562748173	6.491127522643716E-4	0.0014282489675486673	4.990094082301616E-4
129	file:/home/ulrike/Git/johnson-topics/data/letters-leipzig-lemmata-NVAdj/uj0464.txt	4.92827900507306E-4	6.890054092113084E-4	5.76295454122928E-4	5.33576764676195E-4	4.566801327682733E-4	3.3133480056669895E-4	5.417558508961481E-4	4.1466820197048226E-4	4.790742118069972E-4	4.871141263182708E-4	3.912784286246543E-4	3.574805199516919E-4	4.24760791452571E-4	3.9056659805203315E-4	5.214610202293863E-4	5.080626758066874E-4	0.9410284519927307	2.2983042301392083E-4	0.050969091150434825	1.7668354685898118E-4
130	file:/home/ulrike/Git/johnson-topics/data/letters-leipzig-lemmata-NVAdj/uj0441.txt	2.5689075760444073E-4	0.02140273011128203	3.003989337073651E-4	0.16862677264859924	2.3804842454937087E-4	1.7271109823668298E-4	0.005543289907565397	0.015998834458578123	2.497215297534181E-4	2.539124039465187E-4	2.0395722697557055E-4	1.8633977805373482E-4	2.214101949272557E-4	2.0358617920230443E-4	0.2896210430735979	2.648320145108838E-4	0.4957800229335837	1.1980107341288794E-4	2.6359944218672674E-4	9.209780972652239E-5
131	file:/home/ulrike/Git/johnson-topics/data/letters-leipzig-lemmata-NVAdj/uj0199.txt	4.691528555420837E-4	6.559061588897099E-4	5.486106968769017E-4	0.01972361353503274	0.27906194727424566	3.154177506312453E-4	5.157303476384476E-4	3.9474788431559024E-4	4.5605988267803795E-4	4.637135663420422E-4	3.72481736347138E-4	3.403074512692261E-4	4.043556341415677E-4	3.7180410152682123E-4	4.964104638610615E-4	4.8365576482925954E-4	0.6940576947707361	2.1878955947184144E-4	4.8140475030879616E-4	1.6819581531578838E-4
132	file:/home/ulrike/Git/johnson-topics/data/letters-leipzig-lemmata-NVAdj/uj0954.txt	0.0011334327714959942	0.0015846126198095143	0.0013253960522419924	0.0012271492554911468	0.001050298142694194	7.620220383480881E-4	0.0012459599688315309	9.536767884424937E-4	0.001101801280085225	0.0011202919186584946	0.16338177401174753	8.221534050072892E-4	9.768882820622336E-4	8.982465912100187E-4	0.0011992847985621707	0.0011684705475085164	0.8179505860009411	5.285766756764681E-4	0.0011630322908796431	4.0634656030629624E-4
133	file:/home/ulrike/Git/johnson-topics/data/letters-leipzig-lemmata-NVAdj/uj0158.txt	0.001037137846985314	0.0014499860619398067	0.001212792185469249	0.0011228923044900834	9.610662244826228E-4	6.972816704113532E-4	0.0011401048849136702	8.726536905930748E-4	0.0010081937245603031	0.0010251134233386896	8.234307891615701E-4	7.523043569981321E-4	8.938931669197706E-4	8.219327683986493E-4	0.08605605080206379	0.06478819058142828	0.7696982677513355	4.8366951191483544E-4	0.06478321435177155	3.718239028237323E-4
134	file:/home/ulrike/Git/johnson-topics/data/letters-leipzig-lemmata-NVAdj/uj0233.txt	0.014755272873431176	9.604134490642348E-4	8.0330560163207E-4	7.437594742395373E-4	6.365722758739286E-4	4.618518147361606E-4	0.09923335674070545	5.780113083983016E-4	6.677876689617959E-4	6.789946085920561E-4	5.454080042854772E-4	4.982966672686689E-4	5.92079497914517E-4	5.444157745493086E-4	7.268711831512858E-4	0.028844822583447186	0.8474572364519807	3.203635650979284E-4	7.048990017453411E-4	2.462814549249716E-4
135	file:/home/ulrike/Git/johnson-topics/data/letters-leipzig-lemmata-NVAdj/uj1041.txt	2.1791263126964548E-4	3.04656009786989E-4	2.5481929628454707E-4	2.3593046711690863E-4	0.2947373279340371	1.4650558166120348E-4	0.0314781498862269	1.8335292888698983E-4	2.1183119291913257E-4	2.153861842752047E-4	1.730107241348982E-4	1.5806637702558268E-4	1.8781554703036684E-4	0.0046353535313591095	2.3057327498254095E-4	2.246489584314653E-4	0.6660013086798509	1.0162361378733813E-4	2.236034047459536E-4	7.812377618730926E-5
136	file:/home/ulrike/Git/johnson-topics/data/letters-leipzig-lemmata-NVAdj/uj0459.txt	2.2288594960506383E-4	0.009440622446828138	0.041341195285901626	2.4131499811522612E-4	2.0653778926283466E-4	1.4984921021211203E-4	2.4501406506569583E-4	1.8753750725573052E-4	2.166657174238395E-4	2.2030184268936144E-4	1.7695926718883155E-4	1.616738522164161E-4	1.9210197365135024E-4	1.7663733526701207E-4	0.3471383453128172	2.2977601681945452E-4	0.5990400251479197	1.0394292212121186E-4	2.2870660094988988E-4	7.990675868942815E-5
137	file:/home/ulrike/Git/johnson-topics/data/letters-leipzig-lemmata-NVAdj/uj0350.txt	5.948978117021465E-4	0.3419551439499272	6.956523853432729E-4	6.440861999781886E-4	5.512634559691775E-4	3.999577694261939E-4	6.539592621342976E-4	5.005504065024958E-4	5.782955874729098E-4	5.880006539760554E-4	4.7231636178765937E-4	4.315185459802399E-4	5.127332788421549E-4	4.714571035161226E-4	0.02499542102546127	6.132878713518671E-4	0.6242403174571991	2.7743075335795285E-4	6.104335274072136E-4	2.1327659266446778E-4
138	file:/home/ulrike/Git/johnson-topics/data/letters-leipzig-lemmata-NVAdj/uj0438.txt	3.2975195550975946E-4	0.034226153621682444	3.856002323586044E-4	3.5701708727413594E-4	3.0556542490345925E-4	0.013727752247304093	0.12867001782750734	2.7745517318870894E-4	3.2054933987105317E-4	3.2592885984038673E-4	2.618050375292274E-4	2.3919080147323854E-4	2.84208141343414E-4	2.613287505270673E-4	0.09489129954931524	0.020599028952867315	0.7039269844290724	1.537799125140077E-4	3.3836340529696174E-4	1.182192506211112E-4
139	file:/home/ulrike/Git/johnson-topics/data/letters-leipzig-lemmata-NVAdj/uj0053.txt	1.638149345639446E-4	2.290239166816025E-4	1.915593699331287E-4	1.7735976940489056E-4	1.5179949428406836E-4	1.1013497534883735E-4	0.2920463450494197	1.3783481881122939E-4	1.592432380099656E-4	1.619156883079464E-4	1.300601084383626E-4	1.1882575625992415E-4	1.4118957385632168E-4	1.2982349748643697E-4	1.7333252199924572E-4	1.688789411191651E-4	0.7053056410260948	7.639513848155397E-5	1.6809295038711227E-4	5.8729231111785565E-5
140	file:/home/ulrike/Git/johnson-topics/data/letters-leipzig-lemmata-NVAdj/uj0320.txt	2.994218902967976E-4	0.0065505061873868155	3.5013333065216833E-4	3.2417921820850195E-4	0.00640935493891916	2.0130534859059325E-4	3.291484933943385E-4	2.5193528359934123E-4	0.006422960657001129	2.9595043694229215E-4	2.3772462275483075E-4	2.17190408493585E-4	2.580671243851528E-4	2.3729214388055054E-4	3.168181919742281E-4	3.0867791093542647E-4	0.6514446795976048	0.024667215239537958	0.3007700933451921	1.0734563025023924E-4
141	file:/home/ulrike/Git/johnson-topics/data/letters-leipzig-lemmata-NVAdj/uj0913.txt	4.783445665720854E-4	6.687567678204527E-4	5.593591574992585E-4	0.059294332537977126	4.432591173232158E-4	3.215974611100094E-4	5.258346116728583E-4	4.0248184231983383E-4	4.649950742780323E-4	0.45109214631213046	3.797794527395922E-4	3.469748043855337E-4	4.1227782857878985E-4	3.7908854159924746E-4	5.061362099205367E-4	4.931316189688838E-4	0.48234610034428443	2.2307611636537852E-4	4.90836502244305E-4	1.7149113221000595E-4
142	file:/home/ulrike/Git/johnson-topics/data/letters-leipzig-lemmata-NVAdj/uj0398.txt	5.361145558155055E-4	7.495229643726819E-4	0.22020993239260667	5.80442523431386E-4	4.967918136875031E-4	3.604369988979581E-4	5.893400050294716E-4	4.5108984024926107E-4	5.211528365199853E-4	5.298989225118076E-4	4.2564566808486867E-4	3.888791806821742E-4	4.620688942387947E-4	4.2487131514976935E-4	0.0335047154733184	5.526874502968637E-4	0.7162657727124856	2.500171662768335E-4	0.02250841705683047	1.9220222951400558E-4
143	file:/home/ulrike/Git/johnson-topics/data/letters-leipzig-lemmata-NVAdj/uj0692.txt	1.7946901169769747E-4	2.509093330922079E-4	2.0986469209809754E-4	1.943081845056213E-4	1.6630538166675942E-4	0.3897094871090057	1.9728669387770483E-4	1.5100624845609852E-4	0.011200559342824466	1.7738827437394937E-4	1.424885904625315E-4	1.30180688940029E-4	0.0038300478812377664	1.422293690807205E-4	1.8989609525577904E-4	1.8501693230771565E-4	0.5926113635484398	8.369542153338502E-5	1.8415583267561824E-4	6.434136846835256E-5
144	file:/home/ulrike/Git/johnson-topics/data/letters-leipzig-lemmata-NVAdj/uj0693.txt	0.10444648905126518	4.7381334673366344E-4	3.9630527449406177E-4	3.6692860350681693E-4	3.1404853895326715E-4	2.2785140529672044E-4	3.7255317504615397E-4	2.851578898118761E-4	3.294484376978963E-4	3.34977304018989E-4	0.021090589777683997	2.458312217668745E-4	2.9209833401708387E-4	0.12519768278270232	3.585968816541781E-4	3.493831449741191E-4	0.7304099263609282	1.5804915382898292E-4	0.014228768059561568	1.2150125605814176E-4
145	file:/home/ulrike/Git/johnson-topics/data/letters-leipzig-lemmata-NVAdj/uj0219.txt	2.5421595073711465E-4	0.057622701405411425	0.32307654764067584	2.752354815621518E-4	2.3556980847661498E-4	1.7091278974191713E-4	2.7945450848296103E-4	2.138987486217073E-4	2.471213705692869E-4	2.512686083965784E-4	2.018335764540712E-4	1.8439956454569724E-4	2.1910482000676387E-4	2.0146639211731518E-4	2.6898580395610944E-4	2.6207452141262195E-4	0.6155646616836812	1.185536765159889E-4	2.608547829208218E-4	9.113886571382454E-5
146	file:/home/ulrike/Git/johnson-topics/data/letters-leipzig-lemmata-NVAdj/uj0639.txt	3.9997991873172363E-4	0.06608907181769931	4.6772231983674656E-4	4.3305176259832433E-4	3.706423321468156E-4	2.6891185841394023E-4	0.17245560895315723	3.3654538136751585E-4	3.888174028048694E-4	3.953426103864997E-4	3.175622036042694E-4	2.90131766426508E-4	3.447365432653773E-4	3.169844807637105E-4	4.232186048687793E-4	0.19700196623663815	0.5589593530468617	1.865307419173256E-4	4.1042536698000716E-4	1.433966515311775E-4
147	file:/home/ulrike/Git/johnson-topics/data/letters-leipzig-lemmata-NVAdj/uj0653.txt	4.2430923295155637E-4	5.932118623580027E-4	4.961721563260872E-4	0.1221120711653567	0.04384057230885327	2.852687823353636E-4	4.664346505222964E-4	0.13069917168633988	4.124677420443344E-4	4.193898541158364E-4	0.017715832414117744	3.077794196710202E-4	3.657056051891781E-4	3.362654863196006E-4	4.4896144329472027E-4	0.04388481105305035	0.6364061894285739	1.9787672410101866E-4	4.3539003957834377E-4	1.5211894490089505E-4
148	file:/home/ulrike/Git/johnson-topics/data/letters-leipzig-lemmata-NVAdj/uj0246.txt	3.189815008050229E-4	4.4595685282177713E-4	3.7300564491989145E-4	3.4535609087046404E-4	2.95584957727249E-4	2.1445553680078582E-4	3.506499818919925E-4	2.683928512661468E-4	0.41185496043305647	3.15283276203284E-4	2.5325388490961254E-4	2.3137828163821695E-4	2.749252520021679E-4	2.527931545326597E-4	3.3751420865755583E-4	3.2884216714396515E-4	0.5829482391968424	1.4875710808614603E-4	3.2731168090352296E-4	1.143579389207022E-4
149	file:/home/ulrike/Git/johnson-topics/data/letters-leipzig-lemmata-NVAdj/uj1211.txt	1.8420824102505367E-4	2.5753508345796437E-4	2.1540657865644784E-4	1.9943927113636245E-4	0.003943118514926316	0.011441110214298963	2.0249643385831652E-4	1.5499386300040014E-4	1.790674143785061E-4	0.049223552256156614	0.13595342582900133	1.3361836396283037E-4	1.5876625119914004E-4	1.4598521300487451E-4	1.9491067206362672E-4	1.8990266530059116E-4	0.7553848616498537	8.590556239583423E-5	0.04168565549451561	6.604042780747166E-5
150	file:/home/ulrike/Git/johnson-topics/data/letters-leipzig-lemmata-NVAdj/uj0936.txt	0.042891900397320194	9.604134490642348E-4	0.1696230707449662	7.437594742395373E-4	6.365722758739286E-4	4.618518147361606E-4	7.551604070938827E-4	5.780113083983016E-4	0.11321429776451786	6.789946085920561E-4	5.454080042854772E-4	4.982966672686689E-4	5.92079497914517E-4	5.444157745493086E-4	7.268711831512858E-4	7.081950595581714E-4	0.6645691575467021	3.203635650979284E-4	7.048990017453411E-4	2.462814549249716E-4
151	file:/home/ulrike/Git/johnson-topics/data/letters-leipzig-lemmata-NVAdj/uj0027.txt	1.1541561678430135E-4	1.613585273682455E-4	0.7044906060408843	1.2495861401816497E-4	1.0695015266451114E-4	7.759546553704527E-5	1.2687407838176158E-4	9.711135721414165E-5	1.1219463342931801E-4	1.1407750509964452E-4	0.002455243234948112	8.371854486348346E-5	9.947494588034127E-5	9.146699032891595E-5	1.2212122166134026E-4	1.1898345656353941E-4	0.28892460867253683	5.3824103709719494E-5	1.184296877306299E-4	0.0024049871503955857
152	file:/home/ulrike/Git/johnson-topics/data/letters-leipzig-lemmata-NVAdj/uj1077.txt	0.032692452213544505	0.0021279356239703776	0.0017798403472102057	0.0016479072449910445	0.0014104184238401202	0.0010232998408445982	0.0016731676692290575	0.0012806680866421427	0.0014795806654066363	0.0015044112694534162	0.001208430726421483	0.0011040487100840218	0.0013118382057876932	0.001206232297187893	0.001610488780818467	0.0015691091138113217	0.942552880139936	7.098120538172934E-4	0.0015618062185369778	5.456723684666465E-4
153	file:/home/ulrike/Git/johnson-topics/data/letters-leipzig-lemmata-NVAdj/uj0613.txt	3.935328787500941E-4	5.501845205642798E-4	4.601833801173489E-4	4.260716571059305E-4	3.646681673892152E-4	2.6457742705492045E-4	0.16967589888795517	3.311208052133204E-4	3.8255028482208465E-4	0.34693476702681053	3.1244360607621626E-4	2.854553039080307E-4	3.391799386123038E-4	3.1187519520877637E-4	4.163969942359001E-4	4.0569814977980826E-4	0.477416976324675	1.83524163100176E-4	4.0380996298976376E-4	1.4108532563115558E-4
154	file:/home/ulrike/Git/johnson-topics/data/letters-leipzig-lemmata-NVAdj/uj1024.txt	1.6548038776976556E-4	2.313523284180682E-4	1.935068917974166E-4	1.7916292854496115E-4	0.01709780118441534	1.1125468185335105E-4	1.8190927946764015E-4	1.392361406227844E-4	1.6086221226255723E-4	1.635618324942685E-4	1.3138238729605456E-4	1.2003381910977342E-4	1.4262500237224686E-4	1.3114337079747065E-4	1.7509473742365194E-4	1.705958784340152E-4	0.8649763798257676	7.71718230288568E-5	0.11539211897600453	5.93263121196368E-5
155	file:/home/ulrike/Git/johnson-topics/data/letters-leipzig-lemmata-NVAdj/uj0014.txt	2.490300324336647E-4	0.06664704674314668	2.912068807059732E-4	2.6962077203093103E-4	2.3076426508731609E-4	1.6742622738402297E-4	2.73753732247948E-4	2.0953528742918192E-4	2.4208017927073556E-4	2.4614281486714834E-4	1.9771624064037036E-4	0.010380466582104486	2.1463515674152608E-4	1.9735654673829086E-4	2.6349858570698116E-4	0.1685539019317469	0.6387067539402711	1.1613522213024767E-4	0.11245364919524006	8.927966407643498E-5
156	file:/home/ulrike/Git/johnson-topics/data/letters-leipzig-lemmata-NVAdj/uj0724.txt	1.1965798822299346E-4	1.672896381396396E-4	0.0025904133519862745	1.2955176068149695E-4	0.0025613709039040704	8.044766869583958E-5	1.3153763242612534E-4	1.0068091270148831E-4	0.07363100504320752	0.08588540486309308	9.500190544424379E-5	8.679581615062192E-5	0.18879082655897494	9.482907388542215E-5	1.2661007331997236E-4	0.0025738465200845447	0.6401627568173949	5.5802534763101645E-5	1.227828484095753E-4	0.002493388088514105
157	file:/home/ulrike/Git/johnson-topics/data/letters-leipzig-lemmata-NVAdj/uj0170.txt	0.024571146602729566	0.008609389095224103	4.601833801173489E-4	4.260716571059305E-4	3.646681673892152E-4	2.6457742705492045E-4	4.326028200988741E-4	3.311208052133204E-4	3.8255028482208465E-4	3.8897031643813E-4	3.1244360607621626E-4	0.33877204743962064	3.391799386123038E-4	3.1187519520877637E-4	4.163969942359001E-4	4.0569814977980826E-4	0.6224826586685518	1.83524163100176E-4	4.0380996298976376E-4	1.4108532563115558E-4
158	file:/home/ulrike/Git/johnson-topics/data/letters-leipzig-lemmata-NVAdj/uj0080.txt	0.004719918217075774	1.5726956507901548E-4	1.315428503394093E-4	1.2179205648465047E-4	0.002407953609934838	7.562913045967975E-5	0.013945940971834079	9.465047284700585E-5	0.03005762917206071	1.1118668411850507E-4	8.931161856194903E-5	8.15970457494344E-5	0.29727601696152006	8.914913901814659E-5	1.1902656606282748E-4	0.01624196397016251	0.6340712041688708	5.246015515422493E-5	1.1542857874089126E-4	4.032906592553028E-5
159	file:/home/ulrike/Git/johnson-topics/data/letters-leipzig-lemmata-NVAdj/uj0545.txt	1.595333346756558E-4	2.2303796199017208E-4	0.09819959168544223	1.7272415073622463E-4	0.08835956709948077	0.12099000458032634	1.7537180298546958E-4	1.342322562829997E-4	1.5508112768779548E-4	1.5768372865898717E-4	1.266607520412012E-4	1.1572002999581647E-4	0.013205904537590787	1.264303253448688E-4	1.688021627325264E-4	1.6446498425158842E-4	0.6770698972934037	7.439841323022623E-5	1.6369953681028934E-4	5.719423633223844E-5
160	file:/home/ulrike/Git/johnson-topics/data/letters-leipzig-lemmata-NVAdj/uj0890.txt	1.9142977920229626E-4	0.329573857473314	2.2385118907528997E-4	2.0725791324780195E-4	1.7738885499768878E-4	1.2870080539115043E-4	2.1043492629343197E-4	1.610701063468825E-4	0.011947024066476276	1.8921037049939436E-4	1.519847864155747E-4	1.3885662100914263E-4	1.6499038394104243E-4	1.5170828914501424E-4	2.0255177895236822E-4	1.9734744268838362E-4	0.6517076912939859	8.92733286533419E-5	0.004116741171598223	6.862941876682959E-5
161	file:/home/ulrike/Git/johnson-topics/data/letters-leipzig-lemmata-NVAdj/uj0939.txt	3.696971585018024E-4	5.168606357626786E-4	4.323107348984066E-4	4.0026510986962644E-4	3.425807411773222E-4	2.485523529738837E-4	0.0382617514357538	3.110652944602639E-4	3.593797644861867E-4	3.654109440244304E-4	0.2274256238226218	2.6816568686522274E-4	3.186362977448031E-4	2.929853633629894E-4	3.9117642740966747E-4	3.811255965687159E-4	0.7286301124999336	1.72408368596928E-4	3.7935177453580924E-4	1.3253999045213766E-4
162	file:/home/ulrike/Git/johnson-topics/data/letters-leipzig-lemmata-NVAdj/uj0357.txt	0.0015220577835179257	0.0021279356239703776	0.0017798403472102057	0.09515909053507078	0.0014104184238401202	0.0010232998408445982	0.0016731676692290575	0.0012806680866421427	0.0014795806654066363	0.0015044112694534162	0.001208430726421483	0.0011040487100840218	0.0013118382057876932	0.001206232297187893	0.032780883210845047	0.0015691091138113217	0.8490416968498563	7.098120538172934E-4	0.0015618062185369778	5.456723684666465E-4
163	file:/home/ulrike/Git/johnson-topics/data/letters-leipzig-lemmata-NVAdj/uj1153.txt	0.4084785229060524	0.0013909015011170768	0.0011633728872231504	0.0010771362793781855	9.219043474924755E-4	6.688685826256137E-4	0.0010936474752977082	8.370944797755251E-4	9.671114790108622E-4	9.833417277332695E-4	7.898773310818159E-4	7.21649184714065E-4	8.574684821753966E-4	7.884403522152303E-4	0.0010526781156062826	0.0010256307555698099	0.5753408633566979	4.6396077026210467E-4	0.0010208572991338332	3.5667268683732263E-4
164	file:/home/ulrike/Git/johnson-topics/data/letters-leipzig-lemmata-NVAdj/uj0624.txt	4.691528555420837E-4	0.10634208762279196	5.486106968769017E-4	5.079441779596085E-4	4.347415966852248E-4	3.154177506312453E-4	0.10620191181154068	3.9474788431559024E-4	0.08692657198950714	4.637135663420422E-4	3.72481736347138E-4	3.403074512692261E-4	4.043556341415677E-4	3.7180410152682123E-4	4.964104638610615E-4	4.8365576482925954E-4	0.6940576947707361	2.1878955947184144E-4	4.8140475030879616E-4	1.6819581531578838E-4
165	file:/home/ulrike/Git/johnson-topics/data/letters-leipzig-lemmata-NVAdj/uj0714.txt	5.029807465579966E-4	7.031997473171961E-4	0.04179056745353365	5.445690862196923E-4	0.13437388706166645	3.3816069499744675E-4	5.529166714291324E-4	4.2321086445446345E-4	4.889437153686371E-4	4.971492617652193E-4	3.9933923371440863E-4	0.020966044858376824	4.3351137338908113E-4	0.010699212643980497	5.322037429006782E-4	5.185293765073933E-4	0.7853045687680419	2.3456520548103247E-4	5.16116054387234E-4	1.803234399111048E-4
166	file:/home/ulrike/Git/johnson-topics/data/letters-leipzig-lemmata-NVAdj/uj0461.txt	0.0017388618184837304	0.002431041744132222	0.002033363290326226	0.001882637452892664	0.001611320392602364	0.0011690600983574246	0.001911496007214209	0.00146308823628601	0.0016903342003848772	0.0017187017103272649	0.0013805612856564245	0.0012613109492296151	0.0014986982707056713	0.001378049709094533	0.0018398890504597348	0.0017926152059319733	0.969980381126224	8.109186734222788E-4	0.0017842720760623627	6.233987022064081E-4
167	file:/home/ulrike/Git/johnson-topics/data/letters-leipzig-lemmata-NVAdj/uj1101.txt	4.2430923295155637E-4	0.01797216592655011	4.961721563260872E-4	4.593927160119723E-4	3.931871483730015E-4	2.852687823353636E-4	4.664346505222964E-4	3.570162048990731E-4	4.124677420443344E-4	0.009108866886211889	3.3687834992563717E-4	3.077794196710202E-4	3.657056051891781E-4	3.362654863196006E-4	4.4896144329472027E-4	0.2611217368554517	0.6972325286532463	1.9787672410101866E-4	4.3539003957834377E-4	0.00884159597699695
168	file:/home/ulrike/Git/johnson-topics/data/letters-leipzig-lemmata-NVAdj/uj0282.txt	0.00821760687513795	0.0014512897260464024	7.757337997792401E-5	7.182314699429981E-5	0.006854196332470665	4.459997072749359E-5	7.29241089378193E-5	0.0027729068296552376	0.001423031525449888	6.556895242390971E-5	5.2668800358766774E-5	4.811936656887671E-5	0.22014143360064617	5.257298300831781E-5	0.05712907394597283	6.838877301736636E-5	0.5912913026714792	3.0936774891066376E-5	6.807048027220883E-5	0.11006591175596364
169	file:/home/ulrike/Git/johnson-topics/data/letters-leipzig-lemmata-NVAdj/uj0546.txt	5.948978117021465E-4	8.317057734937896E-4	6.956523853432729E-4	6.440861999781886E-4	5.512634559691775E-4	3.999577694261939E-4	6.539592621342976E-4	5.005504065024958E-4	0.18332299461056226	5.880006539760554E-4	4.7231636178765937E-4	4.315185459802399E-4	5.127332788421549E-4	4.714571035161226E-4	6.294611557160243E-4	6.132878713518671E-4	0.8069850164802885	2.7743075335795285E-4	6.104335274072136E-4	2.1327659266446778E-4
170	file:/home/ulrike/Git/johnson-topics/data/letters-leipzig-lemmata-NVAdj/uj0475.txt	0.09737094174312844	1.2298701434465724E-4	1.0286836117021015E-4	9.524310307857298E-5	8.151710463925597E-5	5.914304492446057E-5	9.670306461270814E-5	7.401800250362956E-5	8.551443308276352E-5	8.694955255803687E-5	6.984294327834065E-5	6.381003871299168E-5	0.2090540562848178	6.971588198727455E-5	0.005497690022052187	9.068885492342876E-5	0.68681548129889	4.102458000207497E-5	9.0266773881246E-5	3.15378974119871E-5
171	file:/home/ulrike/Git/johnson-topics/data/letters-leipzig-lemmata-NVAdj/uj0228.txt	5.245953331125309E-4	7.334183429742399E-4	6.134431622390925E-4	0.011311218329439092	4.861174988851825E-4	3.5269247113675666E-4	5.766771539800722E-4	4.4139750066900794E-4	5.099550887232877E-4	5.185132519825031E-4	4.1650003458165654E-4	0.4408536702660316	4.5214065327029996E-4	0.011158989801140563	5.550741289826381E-4	5.408121341800976E-4	0.5289837720933078	2.44645173693031E-4	5.382951043927819E-4	1.8807247727772796E-4
172	file:/home/ulrike/Git/johnson-topics/data/letters-leipzig-lemmata-NVAdj/uj0288.txt	4.032833067623227E-4	5.638162521193227E-4	0.00873046988324306	4.366282871741909E-4	3.737034244324719E-4	2.71132770446693E-4	0.00870220596922923	3.3932487086810875E-4	0.29771187775395136	3.986076994221632E-4	3.201849132285008E-4	2.9252793123285347E-4	3.47583682627633E-4	3.1960241904161396E-4	4.2671391852873344E-4	4.157499925043252E-4	0.6792001196766743	1.8807127780758298E-4	4.1381502276331494E-4	1.4458094794235254E-4
173	file:/home/ulrike/Git/johnson-topics/data/letters-leipzig-lemmata-NVAdj/uj0550.txt	0.024973682637445167	5.591979011301362E-4	0.17248364135083083	0.12330156535616553	3.706423321468156E-4	0.0985637227332677	0.025013392640876573	3.3654538136751585E-4	3.888174028048694E-4	3.953426103864997E-4	0.02489126492231771	2.90131766426508E-4	3.447365432653773E-4	3.169844807637105E-4	0.04957062404229566	4.123444869306223E-4	0.4770470106511503	1.865307419173256E-4	4.1042536698000716E-4	1.433966515311775E-4
174	file:/home/ulrike/Git/johnson-topics/data/letters-leipzig-lemmata-NVAdj/uj0184.txt	7.865477114241559E-4	0.001099644779072293	9.197609755412251E-4	0.04917498250859441	0.016836656310982797	5.288065647919881E-4	8.646361625110438E-4	6.618057235081748E-4	7.645969810378843E-4	7.774285929502345E-4	6.244759118701708E-4	5.705348348932453E-4	6.779133812753363E-4	6.233398383904824E-4	8.322458441093249E-4	8.108622391395202E-4	0.615941681155154	3.6680673527444735E-4	0.30685528882272245	2.8198492675674734E-4
175	file:/home/ulrike/Git/johnson-topics/data/letters-leipzig-lemmata-NVAdj/uj1028.txt	7.279216310876566E-4	0.0010176817115772824	8.51205718105127E-4	7.881089290069782E-4	6.745302909754414E-4	4.893914654919976E-4	8.001896853438379E-4	6.124774056578895E-4	0.04542917659599213	0.37339922868779674	5.779300069673128E-4	5.280094793688359E-4	6.273844638624629E-4	5.768786118029014E-4	7.702136100721455E-4	7.504238523981062E-4	0.5551246933812178	3.3946644705311113E-4	7.469312547468685E-4	0.015168156771475398
176	file:/home/ulrike/Git/johnson-topics/data/letters-leipzig-lemmata-NVAdj/uj0750.txt	4.206539699412915E-4	5.881015672964406E-4	4.918978215039902E-4	4.554352221098413E-4	3.897999903100907E-4	2.828113000392553E-4	4.62416493026877E-4	3.539406457867836E-4	0.16408670370872008	4.1577696968726443E-4	3.339762707913308E-4	3.051280167773841E-4	0.02620641664593891	3.3336868677266945E-4	4.450938108482265E-4	4.336576345151751E-4	0.8032162013371681	1.96172091220024E-4	4.3163931962431865E-4	1.508084979219573E-4
177	file:/home/ulrike/Git/johnson-topics/data/letters-leipzig-lemmata-NVAdj/uj0958.txt	2.757497328166879E-4	3.855160336979631E-4	3.224519499287427E-4	2.9854975772515606E-4	2.555241382720256E-4	1.853902399500682E-4	0.00595023629962691	0.2882346342976094	2.680541945152848E-4	2.725527309740985E-4	2.1893022298274364E-4	2.000194342941596E-4	2.3766445575318024E-4	2.1853193569014318E-4	2.9177069085283876E-4	2.842739767038589E-4	0.5604119907115294	0.05095258717956043	0.0906367130836186	9.885893389825756E-5
178	file:/home/ulrike/Git/johnson-topics/data/letters-leipzig-lemmata-NVAdj/uj0197.txt	1.3674807428541935E-4	1.9118268828711936E-4	1.5990834425086154E-4	0.4006166039211185	1.2671792456593113E-4	9.193756253369397E-5	1.503244221089077E-4	1.1506060843651475E-4	1.3293175130096104E-4	1.3516263722625937E-4	1.0857050010514402E-4	9.919238064164672E-5	1.1786106306744822E-4	1.0837298397441517E-4	1.446930870956677E-4	1.409753637351785E-4	0.597170639444277	6.377250096231327E-5	1.403192409018085E-4	4.9025501125265835E-5
179	file:/home/ulrike/Git/johnson-topics/data/letters-leipzig-lemmata-NVAdj/uj0972.txt	4.206539699412915E-4	5.881015672964406E-4	4.918978215039902E-4	0.2502794292943382	3.897999903100907E-4	2.828113000392553E-4	4.62416493026877E-4	3.539406457867836E-4	4.089144889842148E-4	4.1577696968726443E-4	0.0261778377265391	3.051280167773841E-4	3.625551901911449E-4	3.3336868677266945E-4	4.450938108482265E-4	0.09519448297225698	0.6223091711469337	1.96172091220024E-4	4.3163931962431865E-4	1.508084979219573E-4
180	file:/home/ulrike/Git/johnson-topics/data/letters-leipzig-lemmata-NVAdj/uj0164.txt	1.3829726887555938E-4	1.9334856292901485E-4	1.6171991741652545E-4	1.4973220715429212E-4	1.281534893754331E-4	0.1275422264190546	1.520274207267235E-4	1.163641095867834E-4	1.344377114473793E-4	0.02562654333313047	1.0980047597347418E-4	1.003161134640367E-4	1.1919629006970307E-4	0.03409606667214869	1.4633228932159014E-4	0.0992697648025005	0.7115596881536491	6.44949682731458E-5	1.4190889260281834E-4	4.958090230015655E-5
181	file:/home/ulrike/Git/johnson-topics/data/letters-leipzig-lemmata-NVAdj/uj1168.txt	0.3407377051283928	0.04427610149801774	1.3992380421526824E-4	1.2955176068149695E-4	1.1088135613306462E-4	8.044766869583958E-5	1.3153763242612534E-4	0.007452149556014506	1.1631861007733615E-4	1.1827069110788161E-4	9.500190544424379E-5	8.679581615062192E-5	1.0313138060751421E-4	9.482907388542215E-5	1.2661007331997236E-4	0.012375804711168567	0.5936034554097458	5.5802534763101645E-5	1.227828484095753E-4	4.289854074309915E-5
182	file:/home/ulrike/Git/johnson-topics/data/letters-leipzig-lemmata-NVAdj/uj0586.txt	0.0013168276043917383	0.001841010505879884	0.0015398514603036238	0.0014257078628551224	0.0012202413958047231	8.853208416827294E-4	0.001447562239407358	0.001107986245210816	0.001280077986677047	0.0013015604988369646	0.001045489176415508	9.551817505058663E-4	0.0011349534692988346	0.0010435871774687913	0.0013933348037834048	0.0013575346598167252	0.9772663575759125	6.141029049739738E-4	0.001351216467305656	4.7209537346861005E-4
183	file:/home/ulrike/Git/johnson-topics/data/letters-leipzig-lemmata-NVAdj/uj0645.txt	1.7434282184278983E-4	2.4374258677967208E-4	0.0037742567816107056	1.8875814199568634E-4	1.6155518578473896E-4	1.1721301502218811E-4	0.31081527481191856	1.4669304312030937E-4	1.6947731626510066E-4	1.723215168102146E-4	0.007279191623727598	1.2646232597231325E-4	1.502633980620587E-4	1.3816685855617597E-4	1.84472075656081E-4	1.7973227668717035E-4	0.6756553720458853	8.130482152557231E-5	1.7889577272290645E-4	6.250358005478001E-5
184	file:/home/ulrike/Git/johnson-topics/data/letters-leipzig-lemmata-NVAdj/uj1126.txt	0.07076852862007402	0.0015846126198095143	0.0013253960522419924	0.0012271492554911468	0.001050298142694194	7.620220383480881E-4	0.0012459599688315309	9.536767884424937E-4	0.04752519851247057	0.0011202919186584946	8.998836983988184E-4	8.221534050072892E-4	9.768882820622336E-4	8.982465912100187E-4	0.0011992847985621707	0.0011684705475085164	0.8643739832333265	5.285766756764681E-4	0.0011630322908796431	4.0634656030629624E-4
185	file:/home/ulrike/Git/johnson-topics/data/letters-leipzig-lemmata-NVAdj/uj0380.txt	1.544861167437787E-4	2.1598162355447898E-4	1.8065058149690485E-4	1.672596098449024E-4	1.4315492331659887E-4	1.0386308613804801E-4	0.2690876174378353	1.2998549837296607E-4	1.5017476595372331E-4	1.5269502742942318E-4	1.2265353674499298E-4	1.1205895056273314E-4	0.04758923049280929	1.2243040014734796E-4	1.6346170329553542E-4	1.5926174181095276E-4	0.6809590845909028	7.204464179980867E-5	1.585205111269821E-4	5.538476011334674E-5
186	file:/home/ulrike/Git/johnson-topics/data/letters-leipzig-lemmata-NVAdj/uj0452.txt	3.510902558135307E-4	0.1227211406212478	4.1055248333935206E-4	3.801197184929756E-4	3.2533861105169573E-4	2.3604268299571034E-4	0.4174069483373421	2.954093405785072E-4	3.4129213748621917E-4	0.014727054313355858	2.787464822075544E-4	2.54668875420808E-4	3.025992943523093E-4	2.7823937459944175E-4	3.7148847052015843E-4	3.6194349921069946E-4	0.440307466276864	1.6373103455917916E-4	3.6025895385518567E-4	1.258692367069872E-4
187	file:/home/ulrike/Git/johnson-topics/data/letters-leipzig-lemmata-NVAdj/uj0242.txt	9.375695376409836E-4	0.0013107830994986585	0.0010963605386595278	0.0010150913128872576	8.688010165183931E-4	6.303405619931662E-4	0.0010306514345396103	7.888763481038337E-4	9.114041368137724E-4	9.26699494327518E-4	7.443789911993208E-4	0.039081267262308414	8.080767717092783E-4	7.430247848726008E-4	9.920419828727076E-4	0.03936773895373786	0.907011476160635	4.3723580426185504E-4	9.620541020552402E-4	3.361277053649447E-4
188	file:/home/ulrike/Git/johnson-topics/data/letters-leipzig-lemmata-NVAdj/uj0581.txt	6.774288301526913E-4	9.470894968617417E-4	7.921612289136651E-4	7.334411934047838E-4	6.277410182676961E-4	4.554444789057689E-4	7.446839594981752E-4	5.699924754122546E-4	6.585233557732098E-4	6.695748199380698E-4	5.378414815685813E-4	0.2502079405686205	5.838654949369708E-4	5.368630171764855E-4	7.167871959777268E-4	6.983701689001026E-4	0.6830957793176898	3.1591911585271626E-4	0.05618768802483179	2.4286475731731313E-4
189	file:/home/ulrike/Git/johnson-topics/data/letters-leipzig-lemmata-NVAdj/uj0433.txt	0.006719750457360809	4.373852499350029E-4	3.658362153157764E-4	0.23739401826386963	2.8990360792645456E-4	2.1033355126183736E-4	3.4391024378052567E-4	2.632341527863594E-4	3.041195193350869E-4	3.092233109323035E-4	2.483861679606691E-4	2.2693102909735374E-4	2.6964099620746957E-4	2.4793429314407857E-4	0.15409662705232083	3.2252159049770654E-4	0.5973711659853745	1.4589789233683905E-4	3.2102052127416575E-4	1.1215989928261645E-4
190	file:/home/ulrike/Git/johnson-topics/data/letters-leipzig-lemmata-NVAdj/uj0361.txt	3.935328787500941E-4	5.501845205642798E-4	0.1616442748733138	4.260716571059305E-4	3.646681673892152E-4	0.14533025977093175	4.326028200988741E-4	3.311208052133204E-4	3.8255028482208465E-4	3.8897031643813E-4	3.1244360607621626E-4	2.854553039080307E-4	3.391799386123038E-4	3.1187519520877637E-4	0.04877162444219484	4.0569814977980826E-4	0.6386010678178715	1.83524163100176E-4	4.0380996298976376E-4	1.4108532563115558E-4
191	file:/home/ulrike/Git/johnson-topics/data/letters-leipzig-lemmata-NVAdj/uj0482.txt	9.375695376409836E-4	0.020511376276914597	0.0010963605386595278	0.0010150913128872576	8.688010165183931E-4	6.303405619931662E-4	0.0010306514345396103	7.888763481038337E-4	9.114041368137724E-4	0.020127292671743454	7.443789911993208E-4	6.80080907476539E-4	8.080767717092783E-4	7.430247848726008E-4	9.920419828727076E-4	9.66552598905985E-4	0.907011476160635	4.3723580426185504E-4	9.620541020552402E-4	0.038737314060196815
192	file:/home/ulrike/Git/johnson-topics/data/letters-leipzig-lemmata-NVAdj/uj0523.txt	0.0011334327714959942	0.0015846126198095143	0.0013253960522419924	0.07086224510406916	0.001050298142694194	7.620220383480881E-4	0.0012459599688315309	9.536767884424937E-4	0.001101801280085225	0.024331990534851165	8.998836983988184E-4	8.221534050072892E-4	9.768882820622336E-4	8.982465912100187E-4	0.0011992847985621707	0.0011684705475085164	0.8875856818495191	5.285766756764681E-4	0.0011630322908796431	4.0634656030629624E-4
193	file:/home/ulrike/Git/johnson-topics/data/letters-leipzig-lemmata-NVAdj/uj0564.txt	3.485839313261485E-4	4.8734297307564674E-4	4.0762167644479817E-4	3.774061616715588E-4	0.021739086026508512	2.3435764746235804E-4	3.831913415006065E-4	2.933005048821768E-4	3.38855758727855E-4	3.445425004991325E-4	2.7675659749113124E-4	2.5285087327443036E-4	3.0043913180509646E-4	2.762531099670138E-4	3.6883652950206496E-4	3.59359696783547E-4	0.8012374362019998	1.6256220946516106E-4	3.5768717687506487E-4	0.17145352995073793
194	file:/home/ulrike/Git/johnson-topics/data/letters-leipzig-lemmata-NVAdj/uj1099.txt	0.2924994302382542	5.248073421674157E-4	4.389574908092808E-4	4.064191658996435E-4	3.4784790292593604E-4	2.52373832960216E-4	4.1264907998023864E-4	3.1584790779302664E-4	3.6490521037734294E-4	0.015745979066601464	2.9803219166160564E-4	2.7228872087843993E-4	3.2353531487411876E-4	0.0233599149200636	3.97190745401773E-4	0.008074460357340885	0.655270539298123	1.7505913863465354E-4	3.8518428908183145E-4	1.3457778617139497E-4
195	file:/home/ulrike/Git/johnson-topics/data/letters-leipzig-lemmata-NVAdj/uj0182.txt	0.0011077206926277975	0.0015486654638063354	0.0012953292598535363	0.0011993112052479096	0.0010264719843553719	7.447354632268752E-4	0.0012176951949597393	9.320424988614388E-4	0.001076806765965751	0.0010948779418507378	8.794697124904211E-4	8.035027415335284E-4	9.547274365445512E-4	8.778697433041679E-4	0.0011720788573704758	0.0011419636318552398	0.9808763682899897	5.165858408297359E-4	0.0011366487428286307	3.971285324980604E-4
196	file:/home/ulrike/Git/johnson-topics/data/letters-leipzig-lemmata-NVAdj/uj0886.txt	9.750111214123738E-4	0.3008735833023784	0.0011401433977476672	0.0010556287076096875	0.020870859977308556	6.555130404162114E-4	0.001071810218476333	8.2037990990589E-4	9.478008124395237E-4	9.637069858838989E-4	7.741055631896798E-4	7.072397530301969E-4	8.40347097191262E-4	7.726972770026508E-4	0.0010316589088875197	0.0010051516133241039	0.6636896412731121	4.5469669685261894E-4	0.0010004734702285523	3.4955087360265453E-4
197	file:/home/ulrike/Git/johnson-topics/data/letters-leipzig-lemmata-NVAdj/uj1221.txt	1.1936548435122617E-4	1.6688069873167292E-4	1.3958176056993215E-4	1.2923507148960623E-4	1.1061030673254079E-4	8.025101442379606E-5	1.3121608877208997E-4	1.0043479827807539E-4	1.1603426931320091E-4	0.22256742040090266	0.0025392690010691507	8.658364383639291E-5	1.0287927601695242E-4	9.459726427806104E-5	1.2630057508085924E-4	1.230554262776488E-4	0.7730453424132635	5.566612550438823E-5	1.2248270581918268E-4	4.279367528909252E-5
198	file:/home/ulrike/Git/johnson-topics/data/letters-leipzig-lemmata-NVAdj/uj0348.txt	3.78289323516931E-4	5.288730404300398E-4	0.015936418254918344	4.095677074003609E-4	0.10880896372167802	2.5432898063395187E-4	4.1584588481269444E-4	3.1829479103338707E-4	3.6773214201615443E-4	3.7390349274218454E-4	3.00341056013313E-4	2.743981497877909E-4	3.2604175268832454E-4	2.9979466262629426E-4	4.0026779405136144E-4	3.899833709440409E-4	0.823034571418299	1.7641532704631705E-4	0.03137628861780668	0.01562968051155483
199	file:/home/ulrike/Git/johnson-topics/data/letters-leipzig-lemmata-NVAdj/uj0462.txt	0.024080732441009816	8.023796480372265E-4	6.711235317788261E-4	6.213755812625638E-4	0.012285231214690271	0.012139260599379524	0.024137711371925788	4.8290089090906416E-4	5.579047599835608E-4	0.09459451104299921	4.556623847173947E-4	4.1630310871918706E-4	4.946541925350881E-4	4.548334240783546E-4	6.072662192242203E-4	5.916632083647372E-4	0.8255441719723099	2.676484849912119E-4	5.889095092049161E-4	2.0575641387918347E-4
200	file:/home/ulrike/Git/johnson-topics/data/letters-leipzig-lemmata-NVAdj/uj0617.txt	9.559238424484281E-4	0.001336443609550189	0.0011178234112226044	0.0010349632206403613	8.858090762238295E-4	6.426804070316774E-4	0.0010508279545952497	0.7838632426740559	9.292462153564858E-4	9.44841002024737E-4	7.589513064764433E-4	6.933944930490341E-4	8.238960648713469E-4	7.575705895660334E-4	0.0010114626660374369	9.854742898318493E-4	0.20043805820919122	4.4579533921042247E-4	9.80887728278638E-4	3.4270790033802146E-4
201	file:/home/ulrike/Git/johnson-topics/data/letters-leipzig-lemmata-NVAdj/uj0306.txt	1.9447946001433338E-4	2.718949146191523E-4	2.274173775696787E-4	2.1055975313817094E-4	1.8021484889273472E-4	1.307511466616188E-4	2.1378737939437473E-4	1.63636125149003E-4	1.8905198736335742E-4	1.9222469376067047E-4	1.544060663689059E-4	1.4106875526787978E-4	1.6761885695173269E-4	1.5412516420155182E-4	2.0577864509769368E-4	0.2869597137376743	0.678021158687741	9.069554811446905E-5	0.03206169409332165	6.972275869767327E-5
202	file:/home/ulrike/Git/johnson-topics/data/letters-leipzig-lemmata-NVAdj/uj0534.txt	3.112026442146051E-5	4.350815061485068E-5	3.6390932613047765E-5	0.036997988573404555	2.883766619776769E-5	2.0922570729160032E-5	3.4209884047568295E-5	2.6184767703308414E-5	3.0251769702140697E-5	3.075946065319931E-5	2.470778977545385E-5	2.2573576485759285E-5	2.682207750873246E-5	2.466284029994638E-5	3.292834033608552E-5	3.208228429742582E-5	0.6463899909912227	0.286806458216377	0.029348442929215252	1.1156914394483413E-5
203	file:/home/ulrike/Git/johnson-topics/data/letters-leipzig-lemmata-NVAdj/uj0446.txt	2.7889968731868654E-4	3.8991987465017473E-4	0.006037753806697326	3.0196016231126717E-4	2.584430510176432E-4	1.8750799656579457E-4	3.0658884625336816E-4	2.3466778514674407E-4	0.08023377400598536	0.1659126001069964	2.2143111476771046E-4	2.023043036614164E-4	2.4037935311579147E-4	2.210282777450428E-4	0.0574112877743559	2.875213056625224E-4	0.6810460778357968	1.300649436627294E-4	0.005997801545376985	9.998822291230208E-5
204	file:/home/ulrike/Git/johnson-topics/data/letters-leipzig-lemmata-NVAdj/uj0230.txt	5.190193794712475E-4	7.256227976806375E-4	6.069228399672325E-4	5.619338536179509E-4	4.8095052833300843E-4	3.4894368279542697E-4	5.705476197017138E-4	4.3670586152211375E-4	0.01113359163974464	0.14931979844253696	4.120730320182882E-4	3.764789238746346E-4	4.473348245432E-4	4.113233710073954E-4	5.491742144860312E-4	5.350638112376499E-4	0.757200425123214	2.420448262233301E-4	0.07493597178380783	1.8607344421679722E-4
205	file:/home/ulrike/Git/johnson-topics/data/letters-leipzig-lemmata-NVAdj/uj0456.txt	9.559238424484281E-4	0.04048938975501847	0.0011178234112226044	0.0010349632206403613	8.858090762238295E-4	6.426804070316774E-4	0.0010508279545952497	8.043197646902052E-4	9.292462153564858E-4	0.27501546402030275	7.589513064764433E-4	6.933944930490341E-4	8.238960648713469E-4	0.020334043662300176	0.0010114626660374369	9.854742898318493E-4	0.6506969388820765	4.4579533921042247E-4	9.80887728278638E-4	3.4270790033802146E-4
206	file:/home/ulrike/Git/johnson-topics/data/letters-leipzig-lemmata-NVAdj/uj0993.txt	3.412751586705591E-4	4.7712483427057287E-4	3.990750571233304E-4	3.694930722070442E-4	3.1624342820638253E-4	2.294438616808829E-4	3.751569539487665E-4	2.871508619488434E-4	3.3175095704018935E-4	3.373184646786737E-4	2.709538312984906E-4	0.0072365621219632635	2.9413981300731865E-4	2.7046090041659906E-4	3.611031198438758E-4	3.51824988240384E-4	0.46993228493232225	1.5915376138537994E-4	0.5175371334518574	1.2235042988983954E-4
207	file:/home/ulrike/Git/johnson-topics/data/letters-leipzig-lemmata-NVAdj/uj0957.txt	9.559238424484281E-4	0.001336443609550189	0.0011178234112226044	0.31425853238438667	8.858090762238295E-4	6.426804070316774E-4	0.0010508279545952497	8.043197646902052E-4	9.292462153564858E-4	9.44841002024737E-4	0.03991189745194473	6.933944930490341E-4	8.238960648713469E-4	0.07906346288050262	0.0010114626660374369	9.854742898318493E-4	0.5528145735184058	4.4579533921042247E-4	9.80887728278638E-4	3.4270790033802146E-4
208	file:/home/ulrike/Git/johnson-topics/data/letters-leipzig-lemmata-NVAdj/uj0114.txt	3.0313952979467857E-4	4.238087485698463E-4	0.05001871182463532	3.282042461208215E-4	2.8090495804202837E-4	2.038047674350647E-4	3.332352201146122E-4	2.550633266435233E-4	2.9467960550617493E-4	2.996249746746577E-4	2.4067622541252613E-4	2.1988705716004118E-4	2.6127130071898E-4	2.402383768555436E-4	3.2075182495932186E-4	0.3914183313179155	0.5477885341547747	1.4136920067478847E-4	0.006519084900191484	1.0867843980049502E-4
209	file:/home/ulrike/Git/johnson-topics/data/letters-leipzig-lemmata-NVAdj/uj0731.txt	2.077160115568915E-4	2.904004732588698E-4	0.01725825501582361	2.2489075254035102E-4	0.0044463203516786785	1.3965025761095783E-4	2.2833805567809903E-4	1.747734349944727E-4	0.008709598779670355	0.07252058474267292	1.6491516514892637E-4	1.5067009748679684E-4	0.3234708536466651	1.646151443763668E-4	2.197842354155229E-4	2.1413713089468768E-4	0.5710300195962041	9.686841746123325E-5	2.1314050100610467E-4	7.44681898559204E-5
210	file:/home/ulrike/Git/johnson-topics/data/letters-leipzig-lemmata-NVAdj/uj0880.txt	0.0013168276043917383	0.001841010505879884	0.0015398514603036238	0.0014257078628551224	0.0012202413958047231	8.853208416827294E-4	0.001447562239407358	0.08201037300683814	0.001280077986677047	0.0013015604988369646	0.054980413684167055	9.551817505058663E-4	0.0011349534692988346	0.0010435871774687913	0.0013933348037834048	0.0013575346598167252	0.7345591972910306	0.10848395192047706	0.001351216467305656	4.7209537346861005E-4
211	file:/home/ulrike/Git/johnson-topics/data/letters-leipzig-lemmata-NVAdj/uj0399.txt	0.0016232526331901589	0.002269412595417655	0.0018981740125459741	0.0017574692653929383	0.20096084245246726	0.0010913344941181082	0.0017844091428429803	0.001365814009425863	0.0015779514004964081	0.0016044328809231747	0.0012887739085422616	0.0011774519963834078	0.001399056491102821	0.00128642931553078	0.0017175630140299442	0.001673432197081174	0.7725196004304364	7.570042989865675E-4	0.0016656437647940689	5.819516962919315E-4
212	file:/home/ulrike/Git/johnson-topics/data/letters-leipzig-lemmata-NVAdj/uj0255.txt	4.3181370346842275E-4	6.03703599481784E-4	0.07125024311525709	0.009310679621557481	0.05345911280672994	2.903141384109938E-4	4.7468416481766197E-4	3.6333050912731624E-4	0.09769454408914842	4.2680731890535354E-4	3.4283648952868507E-4	3.1322290616918726E-4	3.721735929652261E-4	3.4221278661842133E-4	4.569019207879349E-4	4.4516234857711745E-4	0.7626229805938605	2.0137643593066848E-4	4.4309048883000077E-4	1.5480936982783958E-4
213	file:/home/ulrike/Git/johnson-topics/data/letters-leipzig-lemmata-NVAdj/uj1212.txt	1.6436634826991211E-4	0.0035958719660509437	1.9220417354867694E-4	0.03720480528526454	0.010250541874689798	1.1050569817136511E-4	1.8068463813431922E-4	1.3829878144353992E-4	1.5977926303268456E-4	1.6246070900451367E-4	1.3049790079583867E-4	1.1922573292138112E-4	1.4166482885289038E-4	1.3026049339319735E-4	1.7391597263868052E-4	0.390634395315807	0.5562062830451119	7.665229041058991E-5	1.6865876422433475E-4	5.8926918233916255E-5
214	file:/home/ulrike/Git/johnson-topics/data/letters-leipzig-lemmata-NVAdj/uj0567.txt	6.174655218932498E-4	0.06408899008874935	7.220422646088518E-4	6.685198933172297E-4	5.721758776801643E-4	4.151303433566048E-4	6.787674944295339E-4	5.195390063725574E-4	0.19027743305756023	6.103067174546596E-4	4.902338907508975E-4	4.4788839185327223E-4	5.321840413338438E-4	4.893420361388298E-4	6.533400415672108E-4	6.365532165458367E-4	0.7364371749795167	2.8795521103240217E-4	6.335905918079755E-4	2.2136733403066322E-4
215	file:/home/ulrike/Git/johnson-topics/data/letters-leipzig-lemmata-NVAdj/uj0541.txt	7.068474138874415E-4	0.0299394357242005	8.265622765321531E-4	7.652922162758216E-4	6.550018180560415E-4	4.7522298690962675E-4	7.770232200127957E-4	5.947454392952849E-4	6.871209347672073E-4	6.986523289401425E-4	5.611982298457117E-4	5.127229622813235E-4	6.092209200209063E-4	5.601772738510018E-4	7.479149886052042E-4	7.286981685026712E-4	0.9588458063291747	3.296384802338079E-4	7.253066858044061E-4	2.534116028032792E-4
216	file:/home/ulrike/Git/johnson-topics/data/letters-leipzig-lemmata-NVAdj/uj0662.txt	2.8542054016798146E-4	3.990364503984436E-4	3.3376064878388475E-4	0.1230573738586436	2.6448561464261844E-4	1.918920533047127E-4	3.13757089326258E-4	0.175594945431935	2.774551119645386E-4	0.1581014232840676	2.2660831568011475E-4	2.0703430751204023E-4	2.4599957594481777E-4	2.2619606007052677E-4	3.020033685536269E-4	2.942437374561447E-4	0.5391500583169092	1.331059451304269E-4	2.928742780725622E-4	1.0232601143598945E-4
217	file:/home/ulrike/Git/johnson-topics/data/letters-leipzig-lemmata-NVAdj/uj0963.txt	0.006431316830555754	4.186112471278605E-4	3.5013333065216833E-4	0.5460628289012556	2.7745999866020523E-4	2.0130534859059325E-4	3.291484933943385E-4	2.5193528359934123E-4	2.910657167421733E-4	0.024823530197978113	2.3772462275483075E-4	2.17190408493585E-4	2.580671243851528E-4	2.3729214388055054E-4	3.168181919742281E-4	3.0867791093542647E-4	0.41843267186776445	1.396354785021361E-4	3.0724127250332333E-4	1.0734563025023924E-4
218	file:/home/ulrike/Git/johnson-topics/data/letters-leipzig-lemmata-NVAdj/uj0186.txt	0.0325063101245312	3.668702246235428E-4	0.08091659944060234	2.8411014615216764E-4	2.4316549717888044E-4	1.7642368417491162E-4	2.88465210943552E-4	2.2079567789647856E-4	0.0647428840482458	2.5937048759058095E-4	2.0834147755703536E-4	0.027060259709156896	2.2616961331240726E-4	2.0796245376624922E-4	0.03252155621537994	2.7052482535572296E-4	0.7590144715587732	1.2237630908146013E-4	2.692657577413081E-4	9.407753793636664E-5
219	file:/home/ulrike/Git/johnson-topics/data/letters-leipzig-lemmata-NVAdj/uj0964.txt	0.022999445223730056	7.663507249571898E-4	6.409883480627256E-4	0.09039865101847568	0.0229592396351497	3.6852927600160876E-4	6.025714508675707E-4	4.6121739096436384E-4	5.328533921770565E-4	5.417958391185997E-4	4.3520196420497484E-4	0.14633102233649953	4.724429389250794E-4	4.3441022604431313E-4	5.799983941303827E-4	5.650959988453953E-4	0.6762186307969489	2.5563037523253896E-4	5.624659479055376E-4	0.03387345872175886
220	file:/home/ulrike/Git/johnson-topics/data/letters-leipzig-lemmata-NVAdj/uj0090.txt	4.603077343169458E-4	0.028923623410435972	0.009964961961211027	4.983677088481406E-4	4.2654524430483116E-4	0.009736165492262746	5.060070828422146E-4	0.05694747215979131	4.47461608361774E-4	4.549709941513706E-4	3.6545919332470775E-4	3.3389150255499307E-4	0.01925012103041069	3.647943342171705E-4	4.870514443466121E-4	4.745372146155801E-4	0.8695062438556271	2.1466463482636123E-4	4.7232863934722365E-4	1.6502475420328576E-4
221	file:/home/ulrike/Git/johnson-topics/data/letters-leipzig-lemmata-NVAdj/uj1199.txt	5.245953331125309E-4	7.334183429742399E-4	6.134431622390925E-4	5.679708480755248E-4	4.861174988851825E-4	0.118528414766136	0.20469837929988788	4.4139750066900794E-4	5.099550887232877E-4	5.185132519825031E-4	4.1650003458165654E-4	3.805235301253372E-4	4.5214065327029996E-4	4.157423197769966E-4	5.550741289826381E-4	5.408121341800976E-4	0.6686459893510343	2.44645173693031E-4	5.382951043927819E-4	1.8807247727772796E-4
222	file:/home/ulrike/Git/johnson-topics/data/letters-leipzig-lemmata-NVAdj/uj0855.txt	1.7751174959135452E-4	2.4817295356270797E-4	2.075759392631801E-4	1.9218908860774145E-4	1.6449168013389797E-4	0.4000005071541122	1.9513511480363639E-4	1.4935939697389403E-4	1.7255780655766367E-4	1.7545370447657612E-4	1.4093463128004994E-4	1.2876095788434612E-4	1.5299464817421912E-4	1.4067823692772428E-4	1.8782511694107875E-4	1.8299916541184794E-4	0.597054282875507	8.278265182739464E-5	1.8214745680310184E-4	6.363967116037674E-5
223	file:/home/ulrike/Git/johnson-topics/data/letters-leipzig-lemmata-NVAdj/uj0429.txt	2.0254641160886235E-4	2.831730368170936E-4	0.004384821580408975	2.1929371062754492E-4	1.8769010855525074E-4	1.3617466630205127E-4	2.226552178847146E-4	1.704237041591257E-4	1.9689380896650927E-4	2.0019811830497043E-4	1.6081078521791846E-4	1.4692024632077848E-4	1.7457163852188022E-4	1.605182313101355E-4	0.38597561690955623	2.0880772324600915E-4	0.5900020918093208	0.016686341557056467	2.0783589730865557E-4	7.26148385060484E-5
224	file:/home/ulrike/Git/johnson-topics/data/letters-leipzig-lemmata-NVAdj/uj0497.txt	2.4044624561994862E-4	3.3615946598429135E-4	2.811693050841125E-4	2.603272454428094E-4	2.2281007885372985E-4	1.6165523250101814E-4	2.6431774714160767E-4	2.0231284032243816E-4	2.3373594612592524E-4	2.3765854721517188E-4	1.9090118286327912E-4	1.7441149094069442E-4	2.0723692284100822E-4	1.9055388720788286E-4	2.5441608403711964E-4	2.4787915378084825E-4	0.7890356564040681	1.1213217085732478E-4	0.20706001775524643	8.620229386633213E-5
225	file:/home/ulrike/Git/johnson-topics/data/letters-leipzig-lemmata-NVAdj/uj0981.txt	4.830768222785387E-4	0.06992626900552146	0.02035086324275575	5.230194306290472E-4	4.476442732003321E-4	3.247790200256356E-4	5.310366856915344E-4	4.0646358921979543E-4	4.6959526365510405E-4	4.7747610065621373E-4	3.8353660523596076E-4	3.5040742098200865E-4	4.1635648702560246E-4	3.828388589219462E-4	5.111434079426724E-4	4.980101627655057E-4	0.7938004836427751	2.2528300507785733E-4	0.07963957375409678	0.02985214322154324
226	file:/home/ulrike/Git/johnson-topics/data/letters-leipzig-lemmata-NVAdj/uj0131.txt	5.13560713430355E-4	7.17991228069052E-4	6.005396696521928E-4	5.560238445406461E-4	4.758922426115094E-4	0.11603522449943009	0.03211635176759517	4.321129088301006E-4	4.992284197960888E-4	5.076065660578538E-4	4.077391494019254E-4	3.7251939404174116E-4	4.426300841958738E-4	4.069973727769808E-4	0.15830242215325277	5.2943640160395E-4	0.686133135632595	2.394991758573938E-4	5.269723163715675E-4	1.8411645988975167E-4
227	file:/home/ulrike/Git/johnson-topics/data/letters-leipzig-lemmata-NVAdj/uj1159.txt	0.10154032142607441	2.3863056669406064E-4	1.9959452997326082E-4	1.8479931220745206E-4	1.5816688435749262E-4	1.1475470318179505E-4	1.8763206207213188E-4	1.4361644582659003E-4	1.659228637738507E-4	1.68707412821431E-4	0.24482084172313898	1.2381002807482688E-4	1.4711191961434768E-4	1.3526908116964371E-4	1.8060313765699119E-4	1.7596274662434212E-4	0.650998319066103	7.95996132310879E-5	1.7514378668110267E-4	6.119269072319397E-5
228	file:/home/ulrike/Git/johnson-topics/data/letters-leipzig-lemmata-NVAdj/uj0181.txt	4.3181370346842275E-4	6.03703599481784E-4	5.049476177803145E-4	0.24807605192554158	0.026929626995176155	2.903141384109938E-4	4.7468416481766197E-4	0.15069708344126545	4.197627801178603E-4	4.2680731890535354E-4	3.4283648952868507E-4	3.1322290616918726E-4	3.721735929652261E-4	3.4221278661842133E-4	4.569019207879349E-4	4.4516234857711745E-4	0.5680734179757994	2.0137643593066848E-4	4.4309048883000077E-4	1.5480936982783958E-4
229	file:/home/ulrike/Git/johnson-topics/data/letters-leipzig-lemmata-NVAdj/uj1100.txt	2.7889968731868654E-4	0.2174314195223026	0.1716746877483268	3.0196016231126717E-4	2.584430510176432E-4	1.8750799656579457E-4	3.0658884625336816E-4	2.3466778514674407E-4	0.034540826711742745	2.756661653669238E-4	2.2143111476771046E-4	2.023043036614164E-4	2.4037935311579147E-4	2.210282777450428E-4	2.951036565526246E-4	2.875213056625224E-4	0.5725253280119706	1.300649436627294E-4	2.8618313359665774E-4	9.998822291230208E-5
230	file:/home/ulrike/Git/johnson-topics/data/letters-leipzig-lemmata-NVAdj/uj0451.txt	7.068474138874415E-4	9.882185873692265E-4	8.265622765321531E-4	7.652922162758216E-4	0.10198426179696549	4.7522298690962675E-4	0.1310575003357535	5.947454392952849E-4	0.029638338071598477	6.986523289401425E-4	5.611982298457117E-4	0.04393954866752823	6.092209200209063E-4	5.601772738510018E-4	7.479149886052042E-4	7.286981685026712E-4	0.6838092435292776	3.296384802338079E-4	7.253066858044061E-4	2.534116028032792E-4
231	file:/home/ulrike/Git/johnson-topics/data/letters-leipzig-lemmata-NVAdj/uj0606.txt	2.6671279369373834E-4	3.7288180594418507E-4	3.118844740809253E-4	0.3607835132827524	0.005709191668783516	1.793145846980955E-4	2.93192037917703E-4	0.005686455294848492	2.592694554958049E-4	0.005725662196192012	2.117553870289258E-4	1.9346434743093945E-4	0.011153958919639223	2.11370152506966E-4	2.8220870889127917E-4	2.749576789309818E-4	0.6075905285442985	1.243815825661594E-4	2.736779800773869E-4	9.561910422273018E-5
232	file:/home/ulrike/Git/johnson-topics/data/letters-leipzig-lemmata-NVAdj/uj1000.txt	0.1797906063986947	0.002431041744132222	0.002033363290326226	0.001882637452892664	0.001611320392602364	0.07238975793044182	0.001911496007214209	0.00146308823628601	0.0016903342003848772	0.0017187017103272649	0.0013805612856564245	0.0012613109492296151	0.0014986982707056713	0.001378049709094533	0.0018398890504597348	0.0017926152059319733	0.7207079387139286	8.109186734222788E-4	0.0017842720760623627	6.233987022064081E-4
233	file:/home/ulrike/Git/johnson-topics/data/letters-leipzig-lemmata-NVAdj/uj0402.txt	3.412751586705591E-4	4.7712483427057287E-4	3.990750571233304E-4	3.694930722070442E-4	3.1624342820638253E-4	2.294438616808829E-4	3.751569539487665E-4	2.871508619488434E-4	3.3175095704018935E-4	3.373184646786737E-4	2.709538312984906E-4	0.014225574904608351	2.9413981300731865E-4	2.7046090041659906E-4	0.25196556329506703	3.51824988240384E-4	0.7285257578901905	1.5915376138537994E-4	3.501875361209607E-4	1.2235042988983954E-4
234	file:/home/ulrike/Git/johnson-topics/data/letters-leipzig-lemmata-NVAdj/uj0118.txt	5.672544150748474E-4	7.930585098433819E-4	0.09359826855342354	0.012231024815223618	5.256476374878661E-4	3.813727434991634E-4	6.235714292902842E-4	4.772910951607487E-4	5.514236542133292E-4	5.606777508232201E-4	4.503690150910871E-4	4.1146697059381103E-4	4.889078602370757E-4	4.4954968437809596E-4	0.09353515306281876	5.847899351668541E-4	0.7578695962099142	2.6453924795849434E-4	0.03543267124095511	2.033661688465119E-4
235	file:/home/ulrike/Git/johnson-topics/data/letters-leipzig-lemmata-NVAdj/uj0916.txt	4.0664171379019596E-4	0.0921727924025826	0.23365004553393875	4.402643799249337E-4	3.768155002013159E-4	2.733906724884742E-4	4.470131001867043E-4	3.421506536663223E-4	3.952932825461992E-4	4.0192716957293924E-4	3.2285130493074735E-4	2.9496400493991777E-4	3.504782420178601E-4	0.05028823534866173	0.008757929345891551	4.19212217876048E-4	0.6099073115514069	1.896374718219123E-4	4.1726113436125155E-4	1.4578496919372645E-4
236	file:/home/ulrike/Git/johnson-topics/data/letters-leipzig-lemmata-NVAdj/uj0272.txt	4.982261881704697E-5	6.965525659298499E-5	5.82608020106158E-5	5.394214030644381E-5	4.6168246872408505E-5	0.004114788719576268	5.476900805193674E-5	4.192103519516405E-5	4.843218457268207E-5	0.08473606031990256	0.0010598795137625756	3.613962533724054E-5	0.008205525960074863	3.948447463584455E-5	0.0031136865236974023	5.1362784058753267E-5	0.6593722805070235	2.323479159072789E-5	5.112373310322812E-5	0.23877346175481778
237	file:/home/ulrike/Git/johnson-topics/data/letters-leipzig-lemmata-NVAdj/uj0146.txt	0.032112744817513014	5.414570935929473E-4	4.528836166865711E-4	0.008350676609500176	3.588835357234698E-4	0.28578947049874237	4.2574055956829207E-4	3.2586832620278006E-4	0.016239209215741013	3.8280018641111976E-4	0.024101578230984345	2.8092720428813994E-4	3.3379961976701177E-4	3.06928004059954E-4	4.0979180230038537E-4	3.992626706954883E-4	0.6284711132755675	1.8061296936232058E-4	3.9740443569743795E-4	1.388473275956788E-4
238	file:/home/ulrike/Git/johnson-topics/data/letters-leipzig-lemmata-NVAdj/uj1181.txt	3.8124282313309235E-4	0.26598851658046907	0.016060842081531523	4.1276541347187495E-4	3.532795584546879E-4	0.05490892055477498	4.1909260784933226E-4	3.207798824295792E-4	0.07063823936927731	3.768227499182227E-4	3.0268597335172975E-4	2.7654051749338476E-4	3.2858732860483445E-4	3.0213531399007594E-4	4.033928909087131E-4	3.930281720123982E-4	0.5874274573141638	1.7779269238106185E-4	3.911989534100656E-4	1.366792223742767E-4
239	file:/home/ulrike/Git/johnson-topics/data/letters-leipzig-lemmata-NVAdj/uj0915.txt	4.3181370346842275E-4	0.3101143714009426	5.049476177803145E-4	4.6751768437288614E-4	4.001411836223661E-4	2.903141384109938E-4	4.7468416481766197E-4	3.6333050912731624E-4	4.197627801178603E-4	4.2680731890535354E-4	3.4283648952868507E-4	3.1322290616918726E-4	3.721735929652261E-4	3.4221278661842133E-4	4.569019207879349E-4	4.4516234857711745E-4	0.6830345231591991	2.0137643593066848E-4	4.4309048883000077E-4	1.5480936982783958E-4
240	file:/home/ulrike/Git/johnson-topics/data/letters-leipzig-lemmata-NVAdj/uj1215.txt	1.814699169487735E-4	2.537067285722356E-4	2.1220447967736978E-4	1.9647453212756754E-4	1.681595252223039E-4	1.2200465655289318E-4	1.99486248987599E-4	1.5268982152881399E-4	1.7640551060405332E-4	1.793659814238551E-4	1.440771999176008E-4	1.3163207724169054E-4	0.1673918440618378	1.4381508846903593E-4	1.9201325236586634E-4	1.8707969148764618E-4	0.8184826457837712	8.462854423157683E-5	0.011335238186768286	6.50587122638742E-5
241	file:/home/ulrike/Git/johnson-topics/data/letters-leipzig-lemmata-NVAdj/uj0302.txt	3.641826536657467E-4	5.09150999889277E-4	4.2586226867827895E-4	3.9429464503558403E-4	3.3747071230499405E-4	2.448448774876181E-4	4.0033870488097285E-4	3.064253586880179E-4	3.540191567464062E-4	3.5996037354632223E-4	2.891411308329074E-4	2.641656534782329E-4	3.138834307983074E-4	2.886151128322408E-4	3.8534153187126674E-4	0.3807404774788719	0.6133477329864359	1.698366777939553E-4	3.7369325878274906E-4	1.305629873794578E-4
242	file:/home/ulrike/Git/johnson-topics/data/letters-leipzig-lemmata-NVAdj/uj0424.txt	3.9997991873172363E-4	5.591979011301362E-4	4.6772231983674656E-4	0.11511033111659438	3.706423321468156E-4	2.6891185841394023E-4	0.025013392640876573	3.3654538136751585E-4	3.888174028048694E-4	3.953426103864997E-4	3.175622036042694E-4	2.90131766426508E-4	3.447365432653773E-4	3.169844807637105E-4	0.13967420067757827	4.123444869306223E-4	0.7145928035987136	1.865307419173256E-4	4.1042536698000716E-4	1.433966515311775E-4
243	file:/home/ulrike/Git/johnson-topics/data/letters-leipzig-lemmata-NVAdj/uj1007.txt	1.95257123638372E-4	0.056254681881033185	2.2832674980876846E-4	2.1140171691516848E-4	1.809354727184342E-4	1.3127398033542983E-4	0.0282054921205404	1.6429045575079318E-4	0.11615190027124965	1.929933412670376E-4	0.08412757310204984	1.4163284588933749E-4	0.052151296016714574	1.5474146339191207E-4	2.066014906922086E-4	2.0129310171747842E-4	0.6607388928458598	9.105821175321871E-5	2.0035625008087046E-4	7.000155859357389E-5
244	file:/home/ulrike/Git/johnson-topics/data/letters-leipzig-lemmata-NVAdj/uj0626.txt	0.44769060639101543	0.001792666830786864	0.02775873117889701	0.0013882697507534804	0.0011881986924168668	8.62072922680261E-4	0.0014095502463441314	0.0010788912852011195	0.0012464640153911713	0.00126738241149378	0.0010180353466320955	9.300993318810101E-4	0.0011051503684527287	0.0010161832928751611	0.00135674678604273	0.0013218867293393667	0.505195654516041	5.979769832495063E-4	0.0013157344482367082	4.5969847226951747E-4
245	file:/home/ulrike/Git/johnson-topics/data/letters-leipzig-lemmata-NVAdj/uj0774.txt	8.264863415636079E-4	0.0011554815776266077	9.664637920205083E-4	8.948233404127998E-4	7.658655116885727E-4	5.556578409444557E-4	9.085398995611432E-4	6.954103143441296E-4	0.051580544335475646	0.13622256636513194	6.561850022570986E-4	0.017525212725643235	7.123358726361185E-4	6.549912422342323E-4	8.745048939675907E-4	8.520354910512244E-4	0.7826230900412762	3.854321261058065E-4	8.480699759022764E-4	2.9630331015684214E-4
246	file:/home/ulrike/Git/johnson-topics/data/letters-leipzig-lemmata-NVAdj/uj0903.txt	4.0664171379019596E-4	5.685115232396387E-4	4.75512386520358E-4	4.402643799249337E-4	3.768155002013159E-4	2.733906724884742E-4	4.470131001867043E-4	3.421506536663223E-4	0.01705061707879037	4.0192716957293924E-4	3.2285130493074735E-4	2.9496400493991777E-4	3.504782420178601E-4	3.2226395992921445E-4	4.3026744776946356E-4	0.30021504055027115	0.6682009448382614	1.896374718219123E-4	0.008744923032483337	1.4578496919372645E-4
247	file:/home/ulrike/Git/johnson-topics/data/letters-leipzig-lemmata-NVAdj/uj0261.txt	0.0013168276043917383	0.001841010505879884	0.0015398514603036238	0.10929555687835822	0.0012202413958047231	8.853208416827294E-4	0.16325233576266202	0.001107986245210816	0.001280077986677047	0.0013015604988369646	0.001045489176415508	9.551817505058663E-4	0.0011349534692988346	0.0010435871774687913	0.0013933348037834048	0.0013575346598167252	0.7075917350371549	6.141029049739738E-4	0.001351216467305656	4.7209537346861005E-4
248	file:/home/ulrike/Git/johnson-topics/data/letters-leipzig-lemmata-NVAdj/uj0256.txt	0.06874540230100638	5.830785667309702E-4	4.876965012338765E-4	4.515453304560757E-4	3.8647069197009665E-4	2.803957966653244E-4	4.5846697404049744E-4	3.509176236375605E-4	0.043110635154496466	0.008953268445178747	3.3112376522031106E-4	3.025219053741116E-4	3.5945859085080275E-4	3.305213706026631E-4	4.412922456290488E-4	4.29953746165746E-4	0.7792738122202983	0.03435866715430372	0.0602152511800292	1.4952043611007998E-4
249	file:/home/ulrike/Git/johnson-topics/data/letters-leipzig-lemmata-NVAdj/uj0715.txt	1.9142977920229626E-4	0.004187943479589158	2.2385118907528997E-4	2.0725791324780195E-4	0.09426488205800247	0.011889637455766749	2.1043492629343197E-4	0.08640793887576793	1.8608741610068002E-4	1.8921037049939436E-4	1.519847864155747E-4	1.3885662100914263E-4	0.027607175901484104	1.5170828914501424E-4	2.0255177895236822E-4	0.10996608951286062	0.6634686279443616	8.92733286533419E-5	1.9642895480635725E-4	6.862941876682959E-5
250	file:/home/ulrike/Git/johnson-topics/data/letters-leipzig-lemmata-NVAdj/uj0247.txt	2.465156153835213E-4	0.05082885803959315	0.010385109250762527	2.6689845352323064E-4	0.06080949011525632	1.6573575111229974E-4	2.7098968389129854E-4	2.074196426044599E-4	0.07596595573459504	2.436575495984418E-4	1.9571993087123105E-4	1.788140043873309E-4	2.1246801933887225E-4	1.9536386874187945E-4	2.608380819512071E-4	2.5413614580456836E-4	0.7988557359143243	1.1496262306742471E-4	2.5295335383560956E-4	8.837822135729362E-5
251	file:/home/ulrike/Git/johnson-topics/data/letters-leipzig-lemmata-NVAdj/uj0681.txt	0.48349032507520373	1.410254520306581E-4	1.1795600707101883E-4	1.0921235657300769E-4	9.347317349915759E-5	6.781752276356405E-5	1.1088644986160315E-4	8.487418218177279E-5	9.805678790482877E-5	9.970239556346542E-5	8.008676931840234E-5	7.316902196174314E-5	8.693993083170089E-5	7.99410720177265E-5	1.0673250907913247E-4	1.0399013934819459E-4	0.5148690998268497	4.70416325657543E-5	1.0350615191192277E-4	3.616354346287305E-5
252	file:/home/ulrike/Git/johnson-topics/data/letters-leipzig-lemmata-NVAdj/uj0608.txt	2.940133140386309E-4	4.110497062853621E-4	3.4380873355113127E-4	3.18323440525529E-4	2.724481287536428E-4	1.976690903065051E-4	3.232029537244788E-4	0.22302927188183508	2.858080813582755E-4	2.906045669217218E-4	2.3343050868942643E-4	2.132672120775997E-4	2.53405555651553E-4	2.330058418524334E-4	3.1109537942512354E-4	3.031021395085245E-4	0.7661211501307073	0.006158245279549463	3.016914516457259E-4	1.0540660359252263E-4
253	file:/home/ulrike/Git/johnson-topics/data/letters-leipzig-lemmata-NVAdj/uj0366.txt	5.361145558155055E-4	7.495229643726819E-4	6.269133323977226E-4	5.80442523431386E-4	4.967918136875031E-4	3.604369988979581E-4	0.022547641911050367	4.5108984024926107E-4	5.211528365199853E-4	5.298989225118076E-4	0.05532140043313711	3.888791806821742E-4	4.620688942387947E-4	4.2487131514976935E-4	5.672626142870605E-4	5.526874502968637E-4	0.4966827536522767	2.500171662768335E-4	0.41775785136520655	1.9220222951400558E-4
254	file:/home/ulrike/Git/johnson-topics/data/letters-leipzig-lemmata-NVAdj/uj0221.txt	0.0014760487614263154	0.002063612023254975	0.0017260390298482163	0.0015980940239289118	0.0013677840553400688	9.923673588497673E-4	0.001622590871757806	0.9080870688738354	0.001434855648880868	0.0014589356691965258	0.001171902076464711	0.0010706753375074138	0.0012721837369204186	0.0011697701017246824	0.001561806651468747	0.001521677816088424	0.06767245886434056	6.883557340779143E-4	0.0015145956739770997	5.291776911111414E-4
255	file:/home/ulrike/Git/johnson-topics/data/letters-leipzig-lemmata-NVAdj/uj0949.txt	3.87290374041697E-4	5.414570935929473E-4	4.528836166865711E-4	4.193129986323463E-4	0.2145057010291549	2.603805075005196E-4	4.2574055956829207E-4	3.2586832620278006E-4	3.7648199400535466E-4	3.8280018641111976E-4	3.074873983808538E-4	2.8092720428813994E-4	0.13516698100452013	3.06928004059954E-4	4.0979180230038537E-4	3.992626706954883E-4	0.6443338404973031	1.8061296936232058E-4	3.9740443569743795E-4	1.388473275956788E-4
256	file:/home/ulrike/Git/johnson-topics/data/letters-leipzig-lemmata-NVAdj/uj1156.txt	0.12150681954581903	5.168606357626786E-4	4.323107348984066E-4	4.0026510986962644E-4	3.425807411773222E-4	2.485523529738837E-4	4.0640068971716615E-4	3.110652944602639E-4	0.023072590212108165	3.654109440244304E-4	2.9351934640202155E-4	2.6816568686522274E-4	3.186362977448031E-4	2.929853633629894E-4	3.9117642740966747E-4	3.811255965687159E-4	0.8497672348872508	1.72408368596928E-4	3.7935177453580924E-4	1.3253999045213766E-4
257	file:/home/ulrike/Git/johnson-topics/data/letters-leipzig-lemmata-NVAdj/uj0303.txt	3.725175147376898E-4	5.208036769347164E-4	0.008064437304653147	4.0331866376547943E-4	3.451942309146789E-4	2.504485162592474E-4	4.0950105089970193E-4	0.030828752539377748	3.621214110920949E-4	3.6819860146496163E-4	2.9575855517044523E-4	0.34356749601450826	3.21067119428601E-4	2.9522049846636216E-4	3.9416064530533093E-4	3.840331383991561E-4	0.5892409643408052	1.737236424807254E-4	0.02326873142002184	1.3355111531469007E-4
258	file:/home/ulrike/Git/johnson-topics/data/letters-leipzig-lemmata-NVAdj/uj1190.txt	5.672544150748474E-4	7.930585098433819E-4	6.63327178518678E-4	0.07031536317453917	5.256476374878661E-4	3.813727434991634E-4	0.04709104211674272	0.035327894110750074	5.514236542133292E-4	5.606777508232201E-4	4.503690150910871E-4	4.1146697059381103E-4	4.889078602370757E-4	4.4954968437809596E-4	6.002116879138999E-4	5.847899351668541E-4	0.839187669912956	2.6453924795849434E-4	5.820682253657807E-4	2.033661688465119E-4
259	file:/home/ulrike/Git/johnson-topics/data/letters-leipzig-lemmata-NVAdj/uj0204.txt	7.279216310876566E-4	0.0010176817115772824	8.51205718105127E-4	7.881089290069782E-4	0.3137255173283214	4.893914654919976E-4	8.001896853438379E-4	6.124774056578895E-4	7.076070192284356E-4	7.194822147659189E-4	5.779300069673128E-4	5.280094793688359E-4	0.015534574322783698	5.768786118029014E-4	7.702136100721455E-4	7.504238523981062E-4	0.629660642675824	0.015246656305974344	0.015654121113668103	2.609669125541632E-4
260	file:/home/ulrike/Git/johnson-topics/data/letters-leipzig-lemmata-NVAdj/uj0770.txt	0.0013918996044818355	0.0019459660371903965	0.0016276379925581985	0.001506987098232445	0.001289807041201492	9.35792753180416E-4	0.0015300873871220485	0.0011711522535955768	0.0013530549005955092	0.0013757621252002646	0.0011050922431224174	0.0010096364142909242	0.0011996568721325067	0.029607952092270285	0.029977638740022964	0.001434927358575608	0.8619508373970617	6.491127522643716E-4	0.058437989528670846	4.990094082301616E-4
261	file:/home/ulrike/Git/johnson-topics/data/letters-leipzig-lemmata-NVAdj/uj1157.txt	0.11541138072672616	0.0019459660371903965	0.0016276379925581985	0.001506987098232445	0.001289807041201492	9.35792753180416E-4	0.0015300873871220485	0.0011711522535955768	0.0013530549005955092	0.08689037296688353	0.0011050922431224174	0.0010096364142909242	0.0011996568721325067	0.0011030818117092008	0.0014727684594618787	0.001434927358575608	0.7764362265553785	6.491127522643716E-4	0.0014282489675486673	4.990094082301616E-4
262	file:/home/ulrike/Git/johnson-topics/data/letters-leipzig-lemmata-NVAdj/uj0254.txt	0.0011334327714959942	0.0015846126198095143	0.0013253960522419924	0.0012271492554911468	0.001050298142694194	7.620220383480881E-4	0.0012459599688315309	9.536767884424937E-4	0.04752519851247057	0.0011202919186584946	8.998836983988184E-4	8.221534050072892E-4	9.768882820622336E-4	8.982465912100187E-4	0.024410983414754846	0.0011684705475085164	0.7947388873847484	5.285766756764681E-4	0.11722152537184302	4.0634656030629624E-4
263	file:/home/ulrike/Git/johnson-topics/data/letters-leipzig-lemmata-NVAdj/uj1148.txt	5.607403684166791E-4	7.839514495923029E-4	6.557098835701113E-4	6.071044908275719E-4	5.196113808359013E-4	0.19559591134590912	6.164106681271266E-4	4.7181013920733384E-4	5.45091399555621E-4	5.542392270638636E-4	4.451972179225987E-4	4.067419037216746E-4	4.8329350355955325E-4	4.4438729596580414E-4	0.012076784947144483	5.78074519963957E-4	0.7836170239528244	2.6150142055984636E-4	5.753840648242191E-4	2.010308204078676E-4
264	file:/home/ulrike/Git/johnson-topics/data/letters-leipzig-lemmata-NVAdj/uj0110.txt	6.418129796179006E-4	8.972962249165622E-4	7.505133174687303E-4	6.948804904089056E-4	5.947375066277499E-4	4.314994653994095E-4	7.055321675805433E-4	5.400250959523897E-4	6.239014613852769E-4	6.343718943356883E-4	5.095644420238674E-4	4.6554920577624733E-4	5.531687408655364E-4	5.086374204402135E-4	6.791020776289253E-4	0.04009293630734478	0.7786195986172989	0.13173691959039438	0.04008985686251252	2.3009613202152826E-4
265	file:/home/ulrike/Git/johnson-topics/data/letters-leipzig-lemmata-NVAdj/uj0521.txt	0.0011886121872184926	0.17205382604499686	0.0987568174845019	0.0012868911128162417	0.0011014302780142252	7.991198988486422E-4	0.0013066175965468498	0.025341829208580358	0.001155440765731259	0.0011748315923513783	9.436931398977695E-4	8.621786677872663E-4	0.0010244465722281358	9.41976332685797E-4	0.0012576701180392058	0.0012253557229877537	0.6873791720404965	5.543096109346148E-4	0.0012196527132734953	4.261289120632109E-4
266	file:/home/ulrike/Git/johnson-topics/data/letters-leipzig-lemmata-NVAdj/uj0691.txt	4.830768222785387E-4	6.753727686113192E-4	5.648928893528508E-4	5.230194306290472E-4	4.476442732003321E-4	3.247790200256356E-4	0.07967491809930312	0.020192433942622694	0.07961347667726669	4.7747610065621373E-4	3.8353660523596076E-4	3.5040742098200865E-4	4.1635648702560246E-4	3.828388589219462E-4	5.111434079426724E-4	4.980101627655057E-4	0.813586453996178	2.2528300507785733E-4	4.95692340485192E-4	1.731876914388953E-4
267	file:/home/ulrike/Git/johnson-topics/data/letters-leipzig-lemmata-NVAdj/uj0267.txt	0.0015220577835179257	0.0021279356239703776	0.09529102363728995	0.0016479072449910445	0.0014104184238401202	0.0010232998408445982	0.0016731676692290575	0.0012806680866421427	0.0014795806654066363	0.0015044112694534162	0.001208430726421483	0.0011040487100840218	0.06365262706584085	0.001206232297187893	0.001610488780818467	0.0015691091138113217	0.8178713024198297	7.098120538172934E-4	0.0015618062185369778	5.456723684666465E-4
268	file:/home/ulrike/Git/johnson-topics/data/letters-leipzig-lemmata-NVAdj/uj0055.txt	9.90307199670554E-5	1.384513775806002E-4	0.0061999871354341245	1.0721895231415035E-4	9.176704950376912E-5	0.002094641055397284	0.46656297885877845	8.33250117258173E-5	9.626700124741251E-5	9.78825723660635E-5	7.86249813664987E-5	7.183350055581632E-5	8.535305519030935E-5	7.848194341343502E-5	1.0478436836655071E-4	1.0209205388277125E-4	0.5237239769932625	4.618300270332211E-5	1.0161690045253109E-4	3.550346649158205E-5
269	file:/home/ulrike/Git/johnson-topics/data/letters-leipzig-lemmata-NVAdj/uj0832.txt	7.172297510167826E-4	0.0010027337689062453	0.2652268363731911	0.015464762635202103	6.646226351684489E-4	4.8220317126734146E-4	7.884363154970549E-4	6.034811968797146E-4	6.972135248414169E-4	7.089142947799312E-4	5.694412383142629E-4	5.20253954888459E-4	6.181692967902548E-4	5.684052862834594E-4	0.030135359797939822	7.39401454533414E-4	0.6791649610909986	3.3448028592673504E-4	7.359601569584869E-4	2.571337706164436E-4
270	file:/home/ulrike/Git/johnson-topics/data/letters-leipzig-lemmata-NVAdj/uj0560.txt	0.0012182669041345543	0.0017032162463768194	0.17606778333389303	0.0013189977932480368	0.0011289098911702418	8.190571623540786E-4	0.00133921643354331	0.0010250567107454836	0.051082320818859675	0.0012041424968413908	9.672373650203355E-4	8.836891861878307E-4	0.0010500055168710875	9.654777251397954E-4	0.001289047763098962	0.0012559271553501566	0.7544266661264137	5.681390960878715E-4	0.0012500818610956044	4.3676041356796613E-4
271	file:/home/ulrike/Git/johnson-topics/data/letters-leipzig-lemmata-NVAdj/uj0036.txt	0.0016232526331901589	0.002269412595417655	0.0018981740125459741	0.0017574692653929383	0.001504190869223609	0.0010913344941181082	0.0017844091428429803	0.001365814009425863	0.0015779514004964081	0.0016044328809231747	0.0012887739085422616	0.0011774519963834078	0.001399056491102821	0.00128642931553078	0.0017175630140299442	0.001673432197081174	0.9719762520136801	7.570042989865675E-4	0.0016656437647940689	5.819516962919315E-4
272	file:/home/ulrike/Git/johnson-topics/data/letters-leipzig-lemmata-NVAdj/uj1040.txt	4.3566637174434367E-4	6.090898799242545E-4	5.094527913132483E-4	4.7168890575041044E-4	4.037112677388468E-4	2.9290433891209747E-4	4.7891932597208034E-4	3.665721661542831E-4	4.2350792931850555E-4	0.14318359402254838	3.45895297659196E-4	3.16017500097534E-4	3.754941485271166E-4	3.4526603003341564E-4	4.6097842767339953E-4	4.4913411428122024E-4	0.849725699995772	2.0317312881001996E-4	4.470437692747064E-4	1.5619058849496473E-4
273	file:/home/ulrike/Git/johnson-topics/data/letters-leipzig-lemmata-NVAdj/uj0124.txt	4.280285774443397E-4	5.984117474935847E-4	5.005214257592945E-4	4.634195898945847E-4	3.9663368769235984E-4	0.009053415258381147	4.7052325150935407E-4	0.00912579159344607	4.160832882207678E-4	4.230660770756442E-4	3.3983130625613706E-4	3.1047730508252183E-4	3.689112510319016E-4	3.392130705047383E-4	0.07057806416761744	4.412602130566212E-4	0.9049540780679284	1.996112413984991E-4	4.3920651449842475E-4	1.5345236570823756E-4
274	file:/home/ulrike/Git/johnson-topics/data/letters-leipzig-lemmata-NVAdj/uj0868.txt	7.172297510167826E-4	0.0010027337689062453	8.387030130542775E-4	7.765330040833886E-4	6.646226351684489E-4	4.8220317126734146E-4	0.14767073262668418	6.034811968797146E-4	6.972135248414169E-4	7.089142947799312E-4	5.694412383142629E-4	5.20253954888459E-4	6.181692967902548E-4	5.684052862834594E-4	7.58900535702393E-4	7.39401454533414E-4	0.8407354870333045	3.3448028592673504E-4	7.359601569584869E-4	2.571337706164436E-4
275	file:/home/ulrike/Git/johnson-topics/data/letters-leipzig-lemmata-NVAdj/uj0682.txt	2.6526391116763327E-4	0.005803225975467675	3.101902022824071E-4	0.022016676134450967	0.07086661484499873	1.7834048156323357E-4	2.915993103449122E-4	2.2319456544224114E-4	2.5786100793534776E-4	0.03285640728871242	0.22293776691026823	1.9241337755231084E-4	2.28626887267106E-4	2.1022191167357286E-4	2.8067564682341013E-4	2.7346400713929806E-4	0.6368840909137401	0.0055560756971987655	2.721912600831103E-4	9.509966588851508E-5
276	file:/home/ulrike/Git/johnson-topics/data/letters-leipzig-lemmata-NVAdj/uj1025.txt	2.2916201904325464E-4	3.2038338443106585E-4	2.679739310544608E-4	2.4810999657668873E-4	0.07060787923222098	0.051777454215318916	2.519132226322021E-4	1.9281822782105877E-4	0.06123222225025199	0.05184989066783648	1.8194212344592795E-4	1.6622629854445048E-4	1.975112214212778E-4	1.8161112649735695E-4	2.4247624804746637E-4	2.362460982191348E-4	0.6909964808998846	1.0686976877977021E-4	0.07063067227796925	8.215679000366859E-5
277	file:/home/ulrike/Git/johnson-topics/data/letters-leipzig-lemmata-NVAdj/uj0024.txt	1.2174635542309808E-4	1.7020931110419858E-4	0.3965703015521752	1.318128019353315E-4	1.1281654650932161E-4	8.185170594503839E-5	1.3383333270671348E-4	1.0243807675618183E-4	1.1834869577119364E-4	1.2033484608584355E-4	9.665995490858429E-5	8.83106463616854E-5	1.0493131219386901E-4	9.648410695475264E-5	1.2881977388615203E-4	1.255098971513165E-4	0.6014702416451011	5.6776445364580115E-5	1.2492575317641895E-4	4.3647240489356664E-5
278	file:/home/ulrike/Git/johnson-topics/data/letters-leipzig-lemmata-NVAdj/uj0101.txt	1.6936820676062855E-5	2.3678775184271932E-5	1.9805316932874297E-5	1.833722070307286E-5	0.0027905031575175027	1.1386851465107008E-5	0.00799619306995389	0.014928847031248253	1.6464153120285806E-5	1.6740457668360592E-5	0.0777080880691451	1.2285391016570007E-5	1.4597585379499178E-5	1.3422447118878449E-5	0.025684900512268065	1.7460388146614187E-5	0.5762024390887327	7.89849084535087E-6	1.7379124590777464E-5	0.29448263604828673
279	file:/home/ulrike/Git/johnson-topics/data/letters-leipzig-lemmata-NVAdj/uj0162.txt	0.0021155368443426543	0.0029576578916036874	0.002473833695635424	0.00229045738643384	0.0019603671909728957	0.0014223037650470554	0.0023255673269091145	0.0017800247480770858	0.391975373535184	0.002091009621341044	0.0016796206775222585	0.0015345381426540444	0.001823348685058343	0.0016765650392319763	0.002238448756753013	0.002180934376479017	0.5735586068746621	9.865811723246774E-4	0.0021707839444845486	7.584403252830353E-4
280	file:/home/ulrike/Git/johnson-topics/data/letters-leipzig-lemmata-NVAdj/uj0073.txt	1.5020911515672725E-4	2.1000209758679264E-4	1.7564920765147715E-4	1.6262896968231277E-4	1.3919162973964402E-4	1.0098760066652664E-4	1.6512187502031226E-4	1.2638680488158324E-4	1.460171256048211E-4	1.4846761276967316E-4	1.1925783114779776E-4	0.0493273493658232	0.3077444179652269	1.1904087216405342E-4	1.5893620948966377E-4	1.5485252539177284E-4	0.6405734499012244	7.005006096749099E-5	1.5413181593571917E-4	5.3851413869061746E-5
281	file:/home/ulrike/Git/johnson-topics/data/letters-leipzig-lemmata-NVAdj/uj0598.txt	2.6817759085962157E-4	3.749296875061909E-4	3.135973558943164E-4	2.903515225948777E-4	2.48507395123487E-4	1.8029938745850943E-4	2.9480226013559377E-4	0.28031965448765434	2.606933735551929E-4	2.6506837931710537E-4	0.022181075872465143	1.9452686124548746E-4	2.311381430031028E-4	2.1253100570810653E-4	2.837586102336429E-4	2.7646775733126435E-4	0.6933080303403687	1.2506469111565102E-4	2.751810303211721E-4	9.614424810851836E-5
282	file:/home/ulrike/Git/johnson-topics/data/letters-leipzig-lemmata-NVAdj/uj0520.txt	7.994246843749718E-4	0.001117647623489679	0.2301359451052827	0.017237033141826567	7.40788763425915E-4	5.374639262363572E-4	0.08273633665218443	6.726404818788776E-4	7.771145874082254E-4	7.901562721707167E-4	6.346995248929947E-4	5.798753510878906E-4	6.89011846310436E-4	6.335448521760881E-4	8.458709644515104E-4	8.241372776001012E-4	0.6587685939792403	3.7281191504892516E-4	8.203016053851987E-4	2.8660144552813857E-4
283	file:/home/ulrike/Git/johnson-topics/data/letters-leipzig-lemmata-NVAdj/uj1228.txt	3.669191875934423E-4	5.12976852031032E-4	4.290622743211428E-4	3.972574458795772E-4	3.4000652790337727E-4	2.46684685912108E-4	4.033469218771673E-4	3.087278939183907E-4	0.09052683652525556	3.626651805021735E-4	2.9131378926804184E-4	2.6615064168675575E-4	3.162420073232328E-4	0.04537586242113575	3.8823705741346823E-4	0.1281193177906318	0.7306692346179805	1.711128611219422E-4	3.765012571069875E-4	1.3154406113755364E-4
284	file:/home/ulrike/Git/johnson-topics/data/letters-leipzig-lemmata-NVAdj/uj0807.txt	1.683326941013156E-4	2.353400378986854E-4	0.33803267196008147	1.822510742905394E-4	0.01049789904032773	0.013902389863677388	0.05189461053048091	1.41636087413044E-4	1.6363491731073495E-4	1.6638106960575278E-4	1.3364696269492344E-4	1.2210278466430962E-4	0.0035923877458676643	1.3340382638322185E-4	1.781127617037825E-4	1.7353635803254433E-4	0.5730754739372819	7.850199684829889E-5	0.007067337459936759	6.034889139907254E-5
285	file:/home/ulrike/Git/johnson-topics/data/letters-leipzig-lemmata-NVAdj/uj1002.txt	3.510902558135307E-4	4.908469774700155E-4	4.1055248333935206E-4	0.007570136991656374	3.2533861105169573E-4	2.3604268299571034E-4	3.8594649386492256E-4	0.21599592753548047	3.4129213748621917E-4	3.4701976702906023E-4	2.787464822075544E-4	2.54668875420808E-4	3.025992943523093E-4	2.7823937459944175E-4	0.007561505743683558	3.6194349921069946E-4	0.7638582435692169	1.6373103455917916E-4	3.6025895385518567E-4	1.258692367069872E-4
286	file:/home/ulrike/Git/johnson-topics/data/letters-leipzig-lemmata-NVAdj/uj0231.txt	2.1040104863418368E-4	2.941543294595494E-4	2.460355181712761E-4	2.2779779858068768E-4	1.9496862642300522E-4	1.4145544401295135E-4	2.3128966321695545E-4	1.7703264048165947E-4	2.045292412098185E-4	2.0796168982394904E-4	0.008784700939523035	0.4310353178128794	1.8134142942863248E-4	1.6674303891286136E-4	2.2262527215925683E-4	2.1690517044911428E-4	0.5568672932922738	9.812058521928203E-5	2.1589565764321004E-4	7.543080149737884E-5
287	file:/home/ulrike/Git/johnson-topics/data/letters-leipzig-lemmata-NVAdj/uj0680.txt	0.07094343466456522	1.9334856292901485E-4	1.6171991741652545E-4	1.4973220715429212E-4	1.281534893754331E-4	9.297910681321765E-5	1.520274207267235E-4	0.0029485696054143695	0.06244295861965428	1.366938706821904E-4	1.0980047597347418E-4	1.003161134640367E-4	0.005783607281724876	1.0960072221766146E-4	1.4633228932159014E-4	1.4257244853496675E-4	0.7483783595994077	6.44949682731458E-5	0.1077657177340511	4.958090230015655E-5
288	file:/home/ulrike/Git/johnson-topics/data/letters-leipzig-lemmata-NVAdj/uj0970.txt	1.6111244672919166E-4	0.006824125898245734	1.8839917658289946E-4	1.7443382971284006E-4	1.492952275777614E-4	1.0831805656879253E-4	1.7710768927223027E-4	0.41916445585627654	0.013354376640484281	1.59244532719644E-4	1.279144807410044E-4	1.1686546392392586E-4	0.01663606092877802	1.2768177320741393E-4	0.006769353255672458	0.043058814439222964	0.4759070246336107	0.016572335420200594	1.6531988726720744E-4	5.7760363205776425E-5
289	file:/home/ulrike/Git/johnson-topics/data/letters-leipzig-lemmata-NVAdj/uj0077.txt	1.6950133952315437E-4	2.369738800903878E-4	1.9820885005574624E-4	0.21192898597483897	1.57068814809698E-4	1.1395802159106879E-4	1.8632943128194925E-4	1.4261939232600873E-4	0.1528992080566299	0.02099495940793708	1.3457480331394232E-4	1.2295048012272026E-4	0.06609959753191638	1.343299790346176E-4	1.7934930499471864E-4	1.7474112975808474E-4	0.5458129008893658	7.904699495286645E-5	1.739278554232973E-4	6.076786203352412E-5
290	file:/home/ulrike/Git/johnson-topics/data/letters-leipzig-lemmata-NVAdj/uj1113.txt	0.2640977007210565	3.4639357979271077E-4	2.89729286161068E-4	2.682527062043949E-4	2.2959335862238146E-4	1.6657670047841915E-4	2.723646956275344E-4	2.084720975865521E-4	2.4085185543630918E-4	2.448938770685854E-4	1.967130210807874E-4	1.797213132970477E-4	2.1354608997230245E-4	0.005270392349899538	2.621615840815835E-4	2.5542564206164066E-4	0.7267986016695773	1.1554594769320487E-4	2.542368485622343E-4	8.882665573992008E-5
291	file:/home/ulrike/Git/johnson-topics/data/letters-leipzig-lemmata-NVAdj/uj1154.txt	0.4968676693152085	4.346008060289903E-4	3.635072606459833E-4	3.365617873335112E-4	2.8805804881228267E-4	2.0899454411624192E-4	3.417208723221779E-4	2.615583744360623E-4	3.0218346012312697E-4	3.0725476040653605E-4	2.46804913558929E-4	2.2548636053308643E-4	2.6792443116826754E-4	2.4635591542846244E-4	3.2891959435239705E-4	3.2046838162211625E-4	0.49807653933895957	1.4496908987430112E-4	3.1897686837480604E-4	1.1144587669474253E-4
292	file:/home/ulrike/Git/johnson-topics/data/letters-leipzig-lemmata-NVAdj/uj0190.txt	0.0014760487614263154	0.002063612023254975	0.0017260390298482163	0.1829671166320062	0.0013677840553400688	9.923673588497673E-4	0.001622590871757806	0.001241955833448869	0.001434855648880868	0.0014589356691965258	0.001171902076464711	0.0010706753375074138	0.0012721837369204186	0.0011697701017246824	0.031789977086148294	0.001521677816088424	0.7629203788619702	6.883557340779143E-4	0.0015145956739770997	5.291776911111414E-4
293	file:/home/ulrike/Git/johnson-topics/data/letters-leipzig-lemmata-NVAdj/uj0771.txt	0.0011603668572711919	0.0016222682208259535	0.0013568918161328465	0.0012563103527680004	0.0010752566766066363	0.09583326947149552	0.0012755680704471895	9.763392815940038E-4	0.0011279836977206965	0.0011469137346049158	9.212678910301865E-4	8.416904705375276E-4	0.0010001023565477643	9.195918807969758E-4	0.0012277837448126216	0.001196237245934615	0.8849143483892831	5.411373937706239E-4	0.001190669758464537	4.160026893551332E-4
294	file:/home/ulrike/Git/johnson-topics/data/letters-leipzig-lemmata-NVAdj/uj1052.txt	2.8879666542779546E-4	0.06546105376382584	3.37708569828488E-4	3.1267545978954216E-4	0.2604968031933255	1.9416186755122185E-4	3.174683962773859E-4	2.4299515888759948E-4	2.807370173642576E-4	2.8544839936757004E-4	2.2928877469053244E-4	2.0948323341915307E-4	2.489094064067812E-4	2.2887164267444544E-4	3.055756454490555E-4	2.977242287830237E-4	0.6164990454521903	1.3468040204695354E-4	0.053525036337850475	1.0353638484409015E-4
295	file:/home/ulrike/Git/johnson-topics/data/letters-leipzig-lemmata-NVAdj/uj0003.txt	0.005190129101791644	3.378229487518275E-4	2.82560669424837E-4	2.6161547299709313E-4	0.0249663777010017	1.6245518228901566E-4	2.656257216656527E-4	2.033139839985273E-4	2.3489258682142305E-4	0.010135820618086856	0.33668937050924413	1.752745649844094E-4	2.0826243330501922E-4	1.9149684178668431E-4	2.556750602505087E-4	2.491057820405598E-4	0.6197429384979014	1.1268705612096421E-4	2.4794640222276185E-4	8.662886531494169E-5
296	file:/home/ulrike/Git/johnson-topics/data/letters-leipzig-lemmata-NVAdj/uj1219.txt	3.78289323516931E-4	5.288730404300398E-4	4.4235810769161816E-4	4.095677074003609E-4	3.505426910909466E-4	2.5432898063395187E-4	4.1584588481269444E-4	3.1829479103338707E-4	3.6773214201615443E-4	0.3489902568053435	3.00341056013313E-4	2.743981497877909E-4	3.2604175268832454E-4	2.9979466262629426E-4	4.0026779405136144E-4	3.899833709440409E-4	0.6448528797251917	1.7641532704631705E-4	3.8816832335323176E-4	1.356203643281051E-4
297	file:/home/ulrike/Git/johnson-topics/data/letters-leipzig-lemmata-NVAdj/uj0937.txt	0.001037137846985314	0.0014499860619398067	0.001212792185469249	0.0011228923044900834	9.610662244826228E-4	6.972816704113532E-4	0.0011401048849136702	8.726536905930748E-4	0.0010081937245603031	0.12846309686489196	8.234307891615701E-4	7.523043569981321E-4	0.02213355707384532	8.219327683986493E-4	0.0010973951743615891	0.0010691988606516278	0.8334172594721121	4.8366951191483544E-4	0.001064222630994902	3.718239028237323E-4
298	file:/home/ulrike/Git/johnson-topics/data/letters-leipzig-lemmata-NVAdj/uj1227.txt	3.485839313261485E-4	4.8734297307564674E-4	0.007546311645423483	3.774061616715588E-4	3.2301611957245954E-4	2.3435764746235804E-4	3.831913415006065E-4	2.933005048821768E-4	3.38855758727855E-4	3.445425004991325E-4	0.24299221554276637	2.5285087327443036E-4	0.035993888976698515	2.762531099670138E-4	3.6883652950206496E-4	3.59359696783547E-4	0.6941570866673196	0.01443994214742253	3.5768717687506487E-4	1.2497069524950404E-4
299	file:/home/ulrike/Git/johnson-topics/data/letters-leipzig-lemmata-NVAdj/uj0665.txt	3.4367712247262294E-4	4.8048293564967125E-4	0.056707506808238745	3.720936394092161E-4	3.1846921361119003E-4	2.3105873412723995E-4	3.777973846996825E-4	2.891718879702491E-4	0.021448694505042238	3.396925804657183E-4	2.728608593322472E-4	2.492916417892481E-4	2.9621002868413974E-4	2.723644591028068E-4	0.3381973825162714	3.543012038832304E-4	0.5788128067773239	1.6027391784592974E-4	3.5265222704359666E-4	1.2321155703694033E-4
300	file:/home/ulrike/Git/johnson-topics/data/letters-leipzig-lemmata-NVAdj/uj0207.txt	7.865477114241559E-4	0.001099644779072293	9.197609755412251E-4	8.515824341380706E-4	7.288562861640176E-4	5.288065647919881E-4	8.646361625110438E-4	0.9188064071381786	7.645969810378843E-4	7.774285929502345E-4	6.244759118701708E-4	5.705348348932453E-4	6.779133812753363E-4	6.233398383904824E-4	8.322458441093249E-4	8.108622391395202E-4	0.06827648031131552	3.6680673527444735E-4	8.070883511656161E-4	2.8198492675674734E-4
301	file:/home/ulrike/Git/johnson-topics/data/letters-leipzig-lemmata-NVAdj/uj1119.txt	0.0014327396627132926	0.002003063090756181	0.001675394907052441	0.11891615787496541	0.0013276515771869894	9.63250071516742E-4	0.0015749820460385913	0.0012055153111614645	0.0013927552071066605	0.0014161286898037	0.001137517018167204	0.001039260397097925	0.0012348562905085889	0.0011354475982064502	0.0015159813100526856	0.00147702990440107	0.8579003039955476	6.681585243271687E-4	0.0014701555611103636	5.136509622794219E-4
302	file:/home/ulrike/Git/johnson-topics/data/letters-leipzig-lemmata-NVAdj/uj1209.txt	1.828288262296963E-4	0.018976468186021934	2.1379353995653648E-4	1.9794580113822392E-4	1.6941876170261083E-4	1.2291826946953064E-4	2.009800707720783E-4	1.5383321553629856E-4	1.7772649586484141E-4	1.8070913571045517E-4	1.4515609964615837E-4	0.026341824043240626	1.5757735479206926E-4	1.448920254167311E-4	1.9345111377610662E-4	1.8848060869370025E-4	0.9519135848972367	8.526227193763921E-5	1.8760338853455446E-4	6.554589432350572E-5
303	file:/home/ulrike/Git/johnson-topics/data/letters-leipzig-lemmata-NVAdj/uj0808.txt	5.948978117021465E-4	8.317057734937896E-4	0.12252545173406951	6.440861999781886E-4	5.512634559691775E-4	3.999577694261939E-4	6.539592621342976E-4	5.005504065024958E-4	5.782955874729098E-4	0.024953960523721303	4.7231636178765937E-4	4.315185459802399E-4	5.127332788421549E-4	4.714571035161226E-4	6.294611557160243E-4	6.132878713518671E-4	0.8435339562849063	2.7743075335795285E-4	6.104335274072136E-4	2.1327659266446778E-4
304	file:/home/ulrike/Git/johnson-topics/data/letters-leipzig-lemmata-NVAdj/uj1020.txt	3.562126053848012E-4	4.980083548166381E-4	4.165423771122351E-4	3.8566560319018035E-4	0.22647255727654883	2.3948650724324737E-4	3.9157739026448636E-4	2.99719314677775E-4	0.21919382510980875	3.520827288328415E-4	2.828133479208181E-4	2.583844527779892E-4	3.070141687044917E-4	2.8229884169540977E-4	3.769084267171528E-4	3.6722419583302545E-4	0.5488603387332442	1.6611984364969215E-4	3.6551507323551554E-4	1.2770564834190486E-4
305	file:/home/ulrike/Git/johnson-topics/data/letters-leipzig-lemmata-NVAdj/uj0097.txt	6.967613690435733E-4	9.741176416885548E-4	8.147680136918838E-4	7.543722193141431E-4	6.456555608866259E-4	0.18596616102238195	7.659358327099628E-4	5.862589837271337E-4	6.773163681449599E-4	0.029226793838456142	5.531904612646632E-4	5.054068899742756E-4	6.005279130176552E-4	5.5218407334751E-4	0.029275353566505766	7.183003340326523E-4	0.7168590975398303	3.249348505273375E-4	0.02925306786282808	2.497956586269065E-4
306	file:/home/ulrike/Git/johnson-topics/data/letters-leipzig-lemmata-NVAdj/uj0792.txt	5.029807465579966E-4	0.21701579776077112	0.031489967548131076	5.445690862196923E-4	4.660882914330575E-4	3.3816069499744675E-4	5.529166714291324E-4	4.2321086445446345E-4	4.889437153686371E-4	4.971492617652193E-4	3.9933923371440863E-4	3.648450475716872E-4	4.3351137338908113E-4	3.9861273857792946E-4	5.322037429006782E-4	0.0623221288089228	0.6822985697140163	2.3456520548103247E-4	5.16116054387234E-4	1.803234399111048E-4
307	file:/home/ulrike/Git/johnson-topics/data/letters-leipzig-lemmata-NVAdj/uj1166.txt	4.5178996246686805E-4	0.2967038882451079	0.06529411326375373	4.891456555891103E-4	4.1865223099251834E-4	3.037444449835424E-4	4.96643666664624E-4	3.8013864720646136E-4	4.391815478554039E-4	4.465519760952541E-4	3.5869654782218853E-4	3.2771300189246707E-4	3.893908235110348E-4	3.580439916106668E-4	4.7803879308549134E-4	4.6575613311916587E-4	0.6313622592211338	2.1069236964936074E-4	4.635884264672743E-4	1.619710509931831E-4
308	file:/home/ulrike/Git/johnson-topics/data/letters-leipzig-lemmata-NVAdj/uj1034.txt	2.0424078128277598E-4	0.050477584098123904	0.15499762877280296	2.211281771580349E-4	0.2302361203865188	1.3731381373549516E-4	2.2451780456756842E-4	1.7184935645160314E-4	1.9854089269534094E-4	2.0187284370610744E-4	1.6215602217149952E-4	1.481492841885565E-4	1.7603198969713622E-4	0.004344531206156544	2.1610709554091982E-4	2.1055447092293276E-4	0.5572936284597081	9.524774289482055E-5	2.095745153308324E-4	7.322228634609398E-5
309	file:/home/ulrike/Git/johnson-topics/data/letters-leipzig-lemmata-NVAdj/uj0156.txt	9.559238424484281E-4	0.001336443609550189	0.0011178234112226044	0.0010349632206403613	8.858090762238295E-4	6.426804070316774E-4	0.0010508279545952497	8.043197646902052E-4	9.292462153564858E-4	0.21628604480210034	7.589513064764433E-4	6.933944930490341E-4	8.238960648713469E-4	7.575705895660334E-4	0.02058793573877158	9.854742898318493E-4	0.7485793042457473	4.4579533921042247E-4	9.80887728278638E-4	3.4270790033802146E-4
310	file:/home/ulrike/Git/johnson-topics/data/letters-leipzig-lemmata-NVAdj/uj0107.txt	3.9038667269165135E-4	5.457859201795837E-4	0.016446050444459917	4.2266531089878503E-4	3.6175272814763216E-4	2.624621905680194E-4	4.291442587257624E-4	3.284735695191965E-4	3.7949188210973956E-4	3.8586058702995727E-4	3.099456903506462E-4	2.8317315353365146E-4	3.364682719755704E-4	3.0938182379909807E-4	4.130679947628617E-4	0.19227700819754798	0.7134433278330372	0.07213501449621751	4.005815939750753E-4	1.3995738047021262E-4
311	file:/home/ulrike/Git/johnson-topics/data/letters-leipzig-lemmata-NVAdj/uj0069.txt	3.3426657850070177E-4	4.673263840550879E-4	0.007236362744602762	3.6190499627190186E-4	3.097489109130377E-4	2.247318993296341E-4	3.674525619904654E-4	2.812538026824969E-4	3.2493797015916196E-4	0.08932167368167929	0.04133828903571906	0.007087948827097311	0.1508887312174908	2.649065937077086E-4	3.5368734374440744E-4	3.445997520249871E-4	0.6998734586780946	1.5588530815148797E-4	3.4299592735884224E-4	1.1983778642630748E-4
312	file:/home/ulrike/Git/johnson-topics/data/letters-leipzig-lemmata-NVAdj/uj0016.txt	2.994218902967976E-4	4.186112471278605E-4	3.5013333065216833E-4	0.006456074158467457	2.7745999866020523E-4	2.0130534859059325E-4	3.291484933943385E-4	2.5193528359934123E-4	2.910657167421733E-4	2.9595043694229215E-4	0.19032646777078246	0.006349085348752541	2.580671243851528E-4	2.3729214388055054E-4	3.168181919742281E-4	3.0867791093542647E-4	0.7802144733430428	0.012403425359020047	3.0724127250332333E-4	1.0734563025023924E-4
313	file:/home/ulrike/Git/johnson-topics/data/letters-leipzig-lemmata-NVAdj/uj0767.txt	0.005566237340718766	1.8546925718636079E-4	0.2066310151495867	1.4363034727067755E-4	0.019140446781654576	0.0028059780076252886	1.4583202671382495E-4	1.1162206039326245E-4	1.2895913009259828E-4	1.3112334673344393E-4	1.0532590679241659E-4	9.62280493123103E-5	1.1433882436826892E-4	1.0513429336561097E-4	1.4036898227590692E-4	1.3676236184247738E-4	0.7640659752157625	6.186668096555687E-5	1.361258470219232E-4	4.756039031754089E-5
314	file:/home/ulrike/Git/johnson-topics/data/letters-leipzig-lemmata-NVAdj/uj0938.txt	0.10414343431576137	0.0011753756422712887	9.831035148230925E-4	9.102296209839766E-4	0.0868646500598154	5.652246685097887E-4	9.241823397731862E-4	7.073832769737516E-4	8.17253612047577E-4	8.309689175533954E-4	6.674826179928566E-4	6.098267010975418E-4	7.246002446290119E-4	6.662683048607715E-4	8.895613494139994E-4	8.667050880978101E-4	0.7960976054703159	3.920681571610447E-4	8.626712981998309E-4	3.014047997182776E-4
315	file:/home/ulrike/Git/johnson-topics/data/letters-leipzig-lemmata-NVAdj/uj1200.txt	1.8920455640050745E-4	0.00413926188280616	2.2124909251427645E-4	2.0484870065646944E-4	1.7532684705634895E-4	1.2720475828730706E-4	2.079887833880168E-4	1.591977912095868E-4	1.8392429412896418E-4	1.8701094660346422E-4	0.19776204100667225	1.3724252042073646E-4	0.007912555750599407	1.499447978761396E-4	2.0019727152439178E-4	1.9505343163548033E-4	0.787497534697382	8.823559540546999E-5	1.9414562046314235E-4	6.783165496983917E-5
316	file:/home/ulrike/Git/johnson-topics/data/letters-leipzig-lemmata-NVAdj/uj0222.txt	1.3636618360234146E-4	0.3101757512627964	1.5946177484112815E-4	1.4764145248854203E-4	0.06435751140590201	0.030810925202466873	1.4990461732158292E-4	1.1473928344103826E-4	1.3256051830501327E-4	1.3478517412758922E-4	1.0826729976639026E-4	9.891537018868562E-5	1.1753191735831618E-4	1.0807033523077875E-4	1.442890087043897E-4	0.008518557410445788	0.5815396528291411	0.0028562529870635556	1.3992737716963545E-4	4.8888589638864295E-5
317	file:/home/ulrike/Git/johnson-topics/data/letters-leipzig-lemmata-NVAdj/uj1012.txt	0.008188757951244123	5.330022246940473E-4	4.4581182530946303E-4	4.1276541347187495E-4	3.532795584546879E-4	2.563146579977685E-4	0.10191678927329273	3.207798824295792E-4	3.7060321627803823E-4	3.768227499182227E-4	0.00811020110146276	0.008084055645604415	3.2858732860483445E-4	3.0213531399007594E-4	0.008210908019019744	3.930281720123982E-4	0.7826153355169395	1.7779269238106185E-4	0.07846635023452037	1.366792223742767E-4
318	file:/home/ulrike/Git/johnson-topics/data/letters-leipzig-lemmata-NVAdj/uj0419.txt	0.0012822486133121582	0.001792666830786864	0.001499416015502698	0.0013882697507534804	0.0011881986924168668	8.62072922680261E-4	0.0014095502463441314	0.027338206448595425	0.0012464640153911713	0.21134190371864828	0.0010180353466320955	9.300993318810101E-4	0.0011051503684527287	0.0010161832928751611	0.00135674678604273	0.0013218867293393667	0.6102329151696183	5.979769832495063E-4	0.13261231026520826	4.5969847226951747E-4
319	file:/home/ulrike/Git/johnson-topics/data/letters-leipzig-lemmata-NVAdj/uj0333.txt	1.29839433839374E-4	0.0028405204906313316	1.5182962533270093E-4	1.4057504651032837E-4	1.2031601665264021E-4	8.729279099778628E-5	1.427298918894739E-4	1.0924763902290559E-4	1.2621591505682764E-4	1.2833409454136204E-4	0.46010948516510464	9.418108891837105E-5	1.1190661207004579E-4	1.0289787959538332E-4	1.3738305718119978E-4	1.3385315667752005E-4	0.5350930625725353	6.055065464531045E-5	1.3323018178256076E-4	4.654868701485486E-5
320	file:/home/ulrike/Git/johnson-topics/data/letters-leipzig-lemmata-NVAdj/uj0268.txt	0.0014760487614263154	0.002063612023254975	0.03195420946452777	0.0015980940239289118	0.0013677840553400688	9.923673588497673E-4	0.001622590871757806	0.001241955833448869	0.03166302608356042	0.0014589356691965258	0.001171902076464711	0.0010706753375074138	0.06172852460627951	0.0011697701017246824	0.09224631795550739	0.001521677816088424	0.7629203788619702	6.883557340779143E-4	0.0015145956739770997	5.291776911111414E-4
321	file:/home/ulrike/Git/johnson-topics/data/letters-leipzig-lemmata-NVAdj/uj0195.txt	5.190193794712475E-4	7.256227976806375E-4	6.069228399672325E-4	5.619338536179509E-4	4.8095052833300843E-4	3.4894368279542697E-4	5.705476197017138E-4	4.3670586152211375E-4	0.2343437863858587	5.130019451275766E-4	4.120730320182882E-4	3.764789238746346E-4	4.473348245432E-4	4.113233710073954E-4	5.491742144860312E-4	5.350638112376499E-4	0.757200425123214	2.420448262233301E-4	5.325735351031441E-4	1.8607344421679722E-4
322	file:/home/ulrike/Git/johnson-topics/data/letters-leipzig-lemmata-NVAdj/uj0191.txt	0.027527758855185065	0.014062031527186878	0.2859437537285126	3.594444254700027E-4	0.09549282022054863	2.2320396035271437E-4	3.6495427361525466E-4	0.013877224042360276	3.2272873599539456E-4	0.013926027298758888	2.6358503459412156E-4	2.4081704567613903E-4	2.861404557945973E-4	2.6310550934462336E-4	3.512826442791232E-4	3.4225683856176065E-4	0.5455383530160978	1.548254531021412E-4	3.4066391820527034E-4	1.190230163587971E-4
323	file:/home/ulrike/Git/johnson-topics/data/letters-leipzig-lemmata-NVAdj/uj0674.txt	3.6148663645401926E-4	5.053817927476057E-4	4.227096418449435E-4	3.913757109820045E-4	0.28164615795368936	2.430323089941286E-4	3.97375027100014E-4	3.0415691445318926E-4	3.5139837914960836E-4	0.007760221548089821	2.8700064045672567E-4	2.6221005471108736E-4	3.115597750080319E-4	0.007689404451056586	3.824888770513261E-4	3.726612628792626E-4	0.6976422763613651	1.685793894472803E-4	3.709268352657479E-4	1.295964392540969E-4
324	file:/home/ulrike/Git/johnson-topics/data/letters-leipzig-lemmata-NVAdj/uj0009.txt	3.6148663645401926E-4	0.015311233661804062	4.227096418449435E-4	0.1336440425324901	3.349724416167277E-4	2.430323089941286E-4	3.97375027100014E-4	3.0415691445318926E-4	3.5139837914960836E-4	3.572956135615937E-4	2.8700064045672567E-4	2.6221005471108736E-4	0.022520337578592717	0.18535962687973406	3.824888770513261E-4	0.007775587197407491	0.6310159429506111	1.685793894472803E-4	3.709268352657479E-4	1.295964392540969E-4
325	file:/home/ulrike/Git/johnson-topics/data/letters-leipzig-lemmata-NVAdj/uj0768.txt	1.1327373768747111E-4	0.2530106513435603	1.3245828824546193E-4	1.2263963630274377E-4	1.0496537536333332E-4	0.05806979932818861	1.245195535437289E-4	9.530916794481153E-5	1.1011252923220666E-4	1.1196045863401658E-4	8.993315930606067E-5	8.216489895094409E-5	9.762889321281003E-5	0.00704900681422847	1.198549001769207E-4	1.16775365617248E-4	0.6779195339578458	5.282523782091239E-5	0.0024359776286741698	4.060972546398993E-5
326	file:/home/ulrike/Git/johnson-topics/data/letters-leipzig-lemmata-NVAdj/uj0290.txt	1.7009176839822307E-4	2.3779933800025473E-4	1.988992766252135E-4	1.8415559546558401E-4	1.5761593711502818E-4	1.1435497483452016E-4	1.8697847793145355E-4	0.02104308818499661	1.6534489990594397E-4	1.6811974945400197E-4	0.28925132293884837	1.2337875705476244E-4	1.465994804474865E-4	1.3479789450143655E-4	0.003663302704645699	1.7534981054468822E-4	0.6765973072956859	0.007045979675767376	1.7453370330809621E-4	6.0979536469382386E-5
327	file:/home/ulrike/Git/johnson-topics/data/letters-leipzig-lemmata-NVAdj/uj1146.txt	0.5479636908520263	3.116090317877842E-4	2.60634918220029E-4	2.4131499811522612E-4	2.0653778926283466E-4	1.4984921021211203E-4	2.4501406506569583E-4	1.8753750725573052E-4	2.166657174238395E-4	2.2030184268936144E-4	1.7695926718883155E-4	1.616738522164161E-4	1.9210197365135024E-4	1.7663733526701207E-4	2.3583554128370446E-4	2.2977601681945452E-4	0.44841130379975375	1.0394292212121186E-4	2.2870660094988988E-4	7.990675868942815E-5
328	file:/home/ulrike/Git/johnson-topics/data/letters-leipzig-lemmata-NVAdj/uj0032.txt	3.9038667269165135E-4	0.008540558983196573	4.5650431842593866E-4	4.2266531089878503E-4	3.6175272814763216E-4	2.624621905680194E-4	4.291442587257624E-4	3.284735695191965E-4	0.016369038008143717	3.8586058702995727E-4	0.1921844992027584	2.8317315353365146E-4	3.364682719755704E-4	3.0938182379909807E-4	4.130679947628617E-4	4.024546851402328E-4	0.7694067392741561	1.8205692906461E-4	0.008395354656992064	1.3995738047021262E-4
329	file:/home/ulrike/Git/johnson-topics/data/letters-leipzig-lemmata-NVAdj/uj1110.txt	0.03955321791756682	0.013858899160314058	0.013714020503307002	6.858656364102098E-4	5.870218319703098E-4	4.259015176446785E-4	6.963791267772547E-4	5.330192187363266E-4	6.158074356332351E-4	0.15630506736987823	5.029537382968583E-4	4.595095224390278E-4	5.459923479398828E-4	0.013475282521254671	6.702919208256551E-4	0.026599557092786708	0.7166254016418001	2.954266373321769E-4	0.013623273820278477	2.2711103880842327E-4
330	file:/home/ulrike/Git/johnson-topics/data/letters-leipzig-lemmata-NVAdj/uj1134.txt	9.559238424484281E-4	0.001336443609550189	0.0011178234112226044	0.0010349632206403613	8.858090762238295E-4	6.426804070316774E-4	0.04020377410006354	8.043197646902052E-4	0.02050571928809063	9.44841002024737E-4	7.589513064764433E-4	6.933944930490341E-4	8.238960648713469E-4	7.575705895660334E-4	0.04016440881150572	9.854742898318493E-4	0.8856146157548862	4.4579533921042247E-4	9.80887728278638E-4	3.4270790033802146E-4
331	file:/home/ulrike/Git/johnson-topics/data/letters-leipzig-lemmata-NVAdj/uj1073.txt	0.0011334327714959942	0.0015846126198095143	0.0013253960522419924	0.0012271492554911468	0.024261996758886867	7.620220383480881E-4	0.0012459599688315309	9.536767884424937E-4	0.001101801280085225	0.0011202919186584946	8.998836983988184E-4	8.221534050072892E-4	9.768882820622336E-4	8.982465912100187E-4	0.0011992847985621707	0.14043866224466456	0.8179505860009411	5.285766756764681E-4	0.0011630322908796431	4.0634656030629624E-4
332	file:/home/ulrike/Git/johnson-topics/data/letters-leipzig-lemmata-NVAdj/uj0265.txt	0.0013918996044818355	0.0019459660371903965	0.0016276379925581985	0.001506987098232445	0.001289807041201492	9.35792753180416E-4	0.0015300873871220485	0.0011711522535955768	0.0013530549005955092	0.0013757621252002646	0.0011050922431224174	0.0010096364142909242	0.0011996568721325067	0.0011030818117092008	0.0014727684594618787	0.058444667919697775	0.9189605779581839	6.491127522643716E-4	0.0014282489675486673	4.990094082301616E-4
333	file:/home/ulrike/Git/johnson-topics/data/letters-leipzig-lemmata-NVAdj/uj0614.txt	6.869591114866663E-4	9.604134490642348E-4	8.0330560163207E-4	0.25397340718924066	6.365722758739286E-4	0.0567351068625142	7.551604070938827E-4	0.02871463883228732	6.677876689617959E-4	6.789946085920561E-4	5.454080042854772E-4	4.982966672686689E-4	5.92079497914517E-4	5.444157745493086E-4	7.268711831512858E-4	7.081950595581714E-4	0.6505008437847576	3.203635650979284E-4	7.048990017453411E-4	2.462814549249716E-4
334	file:/home/ulrike/Git/johnson-topics/data/letters-leipzig-lemmata-NVAdj/uj1136.txt	5.739215861957088E-4	0.01255578507544428	6.711235317788261E-4	6.213755812625638E-4	5.318257872832196E-4	3.858551719724716E-4	6.309005171116805E-4	4.8290089090906416E-4	5.579047599835608E-4	0.15336153818003448	4.556623847173947E-4	4.1630310871918706E-4	0.024001465047349194	4.548334240783546E-4	6.072662192242203E-4	5.916632083647372E-4	0.8020373611174958	2.676484849912119E-4	5.889095092049161E-4	2.0575641387918347E-4
335	file:/home/ulrike/Git/johnson-topics/data/letters-leipzig-lemmata-NVAdj/uj0902.txt	0.0073302879413156465	4.7712483427057287E-4	0.007388087839768418	3.694930722070442E-4	3.1624342820638253E-4	2.294438616808829E-4	3.751569539487665E-4	2.871508619488434E-4	3.3175095704018935E-4	0.10517251020435499	2.709538312984906E-4	2.475493393181765E-4	2.9413981300731865E-4	0.1051056526400929	3.611031198438758E-4	3.51824988240384E-4	0.7425037834554806	0.028115204891965728	3.501875361209607E-4	1.2235042988983954E-4
336	file:/home/ulrike/Git/johnson-topics/data/letters-leipzig-lemmata-NVAdj/uj0494.txt	9.94876175780158E-4	0.10326181318368514	0.0011633728872231504	0.0010771362793781855	9.219043474924755E-4	6.688685826256137E-4	0.0010936474752977082	8.370944797755251E-4	0.20470893484414698	9.833417277332695E-4	7.898773310818159E-4	7.21649184714065E-4	8.574684821753966E-4	7.884403522152303E-4	0.0010526781156062826	0.0010256307555698099	0.6772117750392659	4.6396077026210467E-4	0.0010208572991338332	3.5667268683732263E-4
337	file:/home/ulrike/Git/johnson-topics/data/letters-leipzig-lemmata-NVAdj/uj1102.txt	6.334865833733917E-4	0.10467160560676539	7.407767252425245E-4	6.858656364102098E-4	5.870218319703098E-4	4.259015176446785E-4	6.963791267772547E-4	5.330192187363266E-4	6.158074356332351E-4	6.261420331045188E-4	5.029537382968583E-4	4.595095224390278E-4	5.459923479398828E-4	0.013475282521254671	6.702919208256551E-4	0.16930523865149594	0.7036521578637356	2.954266373321769E-4	6.500300422140015E-4	2.2711103880842327E-4
338	file:/home/ulrike/Git/johnson-topics/data/letters-leipzig-lemmata-NVAdj/uj0960.txt	0.0018030697618221835	0.0025208086185908073	0.002108445780230802	0.0019521543504501641	0.0016708188342660739	0.0012122279589410988	0.0019820785147017283	0.0015171131654529095	0.001752750248289133	0.11255797730351604	0.0014315388848321804	0.22285950933205526	0.0015540381100327648	0.0014289345676258846	0.0019078274516858725	0.0018588080076524089	0.6365444623714228	8.408620649452426E-4	0.0018501568054539686	6.464178680326136E-4
339	file:/home/ulrike/Git/johnson-topics/data/letters-leipzig-lemmata-NVAdj/uj0414.txt	3.562126053848012E-4	4.980083548166381E-4	0.015006379282158878	3.8566560319018035E-4	3.300852483258544E-4	2.3948650724324737E-4	3.9157739026448636E-4	2.99719314677775E-4	3.462715341091179E-4	3.520827288328415E-4	2.828133479208181E-4	2.583844527779892E-4	3.070141687044917E-4	2.8229884169540977E-4	0.21192954354989346	3.6722419583302545E-4	0.7677078923089439	1.6611984364969215E-4	3.6551507323551554E-4	1.2770564834190486E-4
340	file:/home/ulrike/Git/johnson-topics/data/letters-leipzig-lemmata-NVAdj/uj0002.txt	1.2647642995517345E-4	1.76822262471639E-4	1.478970479590021E-4	1.3693397681788997E-4	0.007887575255293891	8.503179842790621E-5	1.3903300900403525E-4	1.0641798840360078E-4	0.0907773284626533	1.2501008082953485E-4	0.12442642456123675	9.174168080879357E-5	1.0900809072001537E-4	0.08816448920213654	1.3382466400848085E-4	1.303861923469771E-4	0.6844113694176468	5.8982316885805274E-5	1.2977935328170804E-4	0.0026354682091121726
341	file:/home/ulrike/Git/johnson-topics/data/letters-leipzig-lemmata-NVAdj/uj0895.txt	1.4748696341946931E-4	0.0032265986480830774	1.7246602003162095E-4	1.5968174020234904E-4	0.006177473732235501	9.915746158136483E-5	1.6212946807831784E-4	1.2409637090814624E-4	1.4337094283675244E-4	1.4577702125925907E-4	0.25685129170054144	1.0698200389023316E-4	0.0031475190419303885	0.08770855013087585	1.560559017378735E-4	1.5204622385292036E-4	0.641046321972101	6.878058477785551E-5	1.5133857539183899E-4	5.2875496264697255E-5
342	file:/home/ulrike/Git/johnson-topics/data/letters-leipzig-lemmata-NVAdj/uj0318.txt	2.2703108932522627E-4	0.24673536545272276	0.014213668583125135	2.4580287357588555E-4	2.103788927307962E-4	1.526360431837992E-4	2.4957073422721934E-4	1.9102525142140545E-4	0.00487009067108155	2.2439892426931178E-4	0.018777832262529562	1.6468059493717266E-4	1.956746058550166E-4	1.799223625905213E-4	2.402215120967291E-4	0.03277981776163783	0.6194795121158566	1.0587600913669144E-4	0.06067510142851183	8.139283118497975E-5
343	file:/home/ulrike/Git/johnson-topics/data/letters-leipzig-lemmata-NVAdj/uj0115.txt	4.0664171379019596E-4	5.685115232396387E-4	4.75512386520358E-4	0.00876792627804702	3.768155002013159E-4	2.733906724884742E-4	4.470131001867043E-4	3.421506536663223E-4	3.952932825461992E-4	4.0192716957293924E-4	3.2285130493074735E-4	2.9496400493991777E-4	0.017005802038262033	3.2226395992921445E-4	0.10868987212335658	4.19212217876048E-4	0.6848562686345057	0.14175988973989737	0.0337279087268496	1.4578496919372645E-4
344	file:/home/ulrike/Git/johnson-topics/data/letters-leipzig-lemmata-NVAdj/uj0848.txt	0.17675953522094323	5.73285652323231E-4	4.795055465906391E-4	4.4396154153863657E-4	3.7997984386915946E-4	2.756864964205423E-4	4.5076693481469393E-4	3.4502389601914253E-4	3.986127951323266E-4	0.059188461955865856	3.25562479184107E-4	2.974409929639634E-4	3.5342141607851754E-4	3.24970201897582E-4	4.3388065920344415E-4	4.227325919753354E-4	0.7577881674685579	1.9122997035985712E-4	4.2076512405288534E-4	1.4700921220891155E-4
345	file:/home/ulrike/Git/johnson-topics/data/letters-leipzig-lemmata-NVAdj/uj0887.txt	3.38906536554458E-4	4.7381334673366344E-4	3.9630527449406177E-4	3.6692860350681693E-4	0.32651780708504685	2.2785140529672044E-4	3.7255317504615397E-4	2.851578898118761E-4	3.294484376978963E-4	3.34977304018989E-4	2.6907327474185166E-4	2.458312217668745E-4	2.9209833401708387E-4	2.6858376504945746E-4	3.585968816541781E-4	3.493831449741191E-4	0.6679453768521018	1.5804915382898292E-4	3.477570576001383E-4	1.2150125605814176E-4
346	file:/home/ulrike/Git/johnson-topics/data/letters-leipzig-lemmata-NVAdj/uj0026.txt	1.1223233574972456E-4	1.569080937592606E-4	1.3124050978360872E-4	0.002419930893696551	1.0400035780912084E-4	7.545530304694773E-5	1.2337476122915414E-4	0.1288058838425906	0.004705937723138049	1.1093113055715774E-4	0.0023875251094219105	8.140950156820436E-5	0.19546232646550168	0.009282619302404496	1.1875299316969327E-4	1.1570177085011502E-4	0.6555980306776017	5.23395797491323E-5	1.1516327552933892E-4	4.0236372843577266E-5
347	file:/home/ulrike/Git/johnson-topics/data/letters-leipzig-lemmata-NVAdj/uj1144.txt	0.34467402221865934	0.01185887428832745	6.338727166386937E-4	5.868860337885642E-4	5.023067149354906E-4	3.644382211409108E-4	5.958822866043255E-4	4.56097402480369E-4	5.269381702338864E-4	0.07824299727164633	4.303707737759184E-4	3.9319614046245255E-4	4.6719833528690484E-4	4.295878247250005E-4	0.04497768319969499	5.588228507310312E-4	0.5132974750678563	2.527926145518039E-4	5.562219960677846E-4	1.9433587239258877E-4
348	file:/home/ulrike/Git/johnson-topics/data/letters-leipzig-lemmata-NVAdj/uj0998.txt	2.5824938048866743E-4	3.610494046684423E-4	3.019876590844009E-4	2.7960241045389445E-4	2.3930739563950596E-4	1.7362451860498444E-4	2.838883771110013E-4	2.172924993836446E-4	0.10073669240568106	2.5525527515686384E-4	2.0503589932079796E-4	0.18000375189500953	2.2258117110574653E-4	2.0466288918033498E-4	2.732535744924431E-4	0.010843669496369064	0.704662082646167	1.2043466755777461E-4	2.649935454147445E-4	9.258488911018117E-5
349	file:/home/ulrike/Git/johnson-topics/data/letters-leipzig-lemmata-NVAdj/uj0384.txt	3.461131369472911E-4	0.007571978932007093	4.047324171980261E-4	3.747310727216561E-4	3.2072655215182813E-4	2.3269649929701002E-4	0.36187308003293894	2.912215644214908E-4	3.364539185147303E-4	3.4210035214687754E-4	2.747949217397812E-4	2.510586434547744E-4	2.9830959211223475E-4	2.7429500298069455E-4	3.6622218287873107E-4	3.568125228061845E-4	0.6254440259522882	1.61409953846742E-4	3.551518578698254E-4	1.240848916779806E-4
350	file:/home/ulrike/Git/johnson-topics/data/letters-leipzig-lemmata-NVAdj/uj0664.txt	4.560090760969292E-4	6.375303016667936E-4	5.332408277269618E-4	0.2526375801863976	4.225618825580189E-4	0.03766122791012404	5.012816538652845E-4	3.836886334411808E-4	4.432829157665247E-4	4.5072217394247254E-4	3.6204629354409234E-4	3.307734027599037E-4	3.9302721269047927E-4	3.6138764333085486E-4	4.825030356653669E-4	4.701056720925373E-4	0.7026289698581044	2.1265995441747672E-4	4.6791772196150543E-4	1.6348364384759115E-4
351	file:/home/ulrike/Git/johnson-topics/data/letters-leipzig-lemmata-NVAdj/uj0287.txt	4.978525664590243E-4	6.960302185142113E-4	0.01077775044214117	5.390168889048288E-4	4.6133625128669503E-4	3.347129508080167E-4	5.472793656471189E-4	0.09217910988254138	4.839586509346014E-4	0.010687659859034837	0.07176432299290043	3.611252409489302E-4	4.2909147379470235E-4	3.945486507829974E-4	5.267776174244675E-4	5.132426691184236E-4	0.8078846717112446	2.3217367732236873E-4	5.108539522153699E-4	1.7848493797587473E-4
352	file:/home/ulrike/Git/johnson-topics/data/letters-leipzig-lemmata-NVAdj/uj0476.txt	3.669191875934423E-4	5.12976852031032E-4	4.290622743211428E-4	3.972574458795772E-4	0.04542508513036557	2.46684685912108E-4	4.033469218771673E-4	3.087278939183907E-4	3.566793203311877E-4	3.626651805021735E-4	2.9131378926804184E-4	2.6615064168675575E-4	3.162420073232328E-4	2.907838186735575E-4	3.8823705741346823E-4	3.782617503222641E-4	0.7306692346179805	1.711128611219422E-4	0.2182877145023409	1.3154406113755364E-4
353	file:/home/ulrike/Git/johnson-topics/data/letters-leipzig-lemmata-NVAdj/uj0866.txt	1.9683125913102134E-4	0.028491691051894977	2.3016748798055934E-4	0.02036775470026769	0.008244253626040912	1.323322927178762E-4	2.1637266511031445E-4	1.6561494231846297E-4	1.9133815319730452E-4	1.945492264643228E-4	1.5627326638309192E-4	1.4277466999022023E-4	0.044509872959776015	0.22185712458391818	2.082670828779011E-4	2.0291589841720756E-4	0.674127536427917	9.179231026059707E-5	2.019714940143545E-4	7.056590132212395E-5
354	file:/home/ulrike/Git/johnson-topics/data/letters-leipzig-lemmata-NVAdj/uj0604.txt	4.560090760969292E-4	6.375303016667936E-4	5.332408277269618E-4	4.937136214007292E-4	4.225618825580189E-4	3.0658101160597903E-4	0.009839943378494798	3.836886334411808E-4	4.432829157665247E-4	4.5072217394247254E-4	3.6204629354409234E-4	3.307734027599037E-4	0.0751023210097266	3.6138764333085486E-4	4.825030356653669E-4	4.701056720925373E-4	0.9080795277999537	2.1265995441747672E-4	4.6791772196150543E-4	1.6348364384759115E-4
355	file:/home/ulrike/Git/johnson-topics/data/letters-leipzig-lemmata-NVAdj/uj0298.txt	4.603077343169458E-4	6.435401050137496E-4	5.382675260702854E-4	4.983677088481406E-4	4.2654524430483116E-4	3.0947105712200495E-4	5.060070828422146E-4	3.873055489468675E-4	4.47461608361774E-4	0.028735054299573595	3.6545919332470775E-4	3.3389150255499307E-4	3.967321601292075E-4	3.647943342171705E-4	4.870514443466121E-4	4.745372146155801E-4	0.7092524384582345	2.1466463482636123E-4	0.2549930783881472	1.6502475420328576E-4
356	file:/home/ulrike/Git/johnson-topics/data/letters-leipzig-lemmata-NVAdj/uj1039.txt	2.0087992341684765E-4	2.8084317810271695E-4	2.3490185229067608E-4	2.174894309247299E-4	1.8614585335378464E-4	1.3505426396245247E-4	2.208232807570805E-4	1.690215115042934E-4	0.1482936144409907	1.9855095113193225E-4	1.594876846377325E-4	1.4571143272730795E-4	1.7313531796726497E-4	1.5919753777152078E-4	2.1255097306934525E-4	0.14830543033132937	0.7003353383547938	9.368040593150972E-5	2.061258888913724E-4	7.201738644568276E-5
357	file:/home/ulrike/Git/johnson-topics/data/letters-leipzig-lemmata-NVAdj/uj0620.txt	0.0012494391956949077	0.001746797134310491	0.1038106793234007	0.001352747527102786	0.0011577957684385934	8.400147116257915E-4	0.0013734835099837432	0.0010512852543797329	0.10356419970916085	0.0012349533814384874	9.919864615017021E-4	9.063005013824656E-4	0.0010768724357710447	9.901817969987156E-4	0.026909438522407167	0.18039991465862915	0.5690312296100791	5.826763025817703E-4	0.0012820682149201497	4.479359801926156E-4
358	file:/home/ulrike/Git/johnson-topics/data/letters-leipzig-lemmata-NVAdj/uj0035.txt	1.584976787304989E-4	2.215900477232233E-4	1.853415596953783E-4	1.7160286286277909E-4	1.4687224666379113E-4	1.0656011300982754E-4	0.006666017299813507	1.3336084947304397E-4	1.5407437450860547E-4	1.5666007995652508E-4	0.0033717304841450915	0.30847470750323597	1.3660671279296614E-4	1.2560956698513326E-4	1.6770633555794433E-4	1.6339731310275558E-4	0.679166289758453	7.391543480362484E-5	1.6263683478088785E-4	5.682294370548669E-5
359	file:/home/ulrike/Git/johnson-topics/data/letters-leipzig-lemmata-NVAdj/uj0345.txt	2.8376190650800554E-4	3.967175728299315E-4	3.31821101454451E-4	3.072244080682805E-4	2.6294863786173407E-4	1.9077693167224096E-4	3.119337865285466E-4	2.3875888406128576E-4	2.7584276694001474E-4	2.8047201270213967E-4	2.2529145116925554E-4	2.058311913277349E-4	2.44570025090623E-4	2.2488159125631283E-4	3.002483688881707E-4	0.21530665083479494	0.7800870323833574	1.323324408801501E-4	2.911723293078854E-4	1.0173137530097646E-4
360	file:/home/ulrike/Git/johnson-topics/data/letters-leipzig-lemmata-NVAdj/uj1050.txt	0.0016232526331901589	0.002269412595417655	0.0018981740125459741	0.06824301979314082	0.001504190869223609	0.0010913344941181082	0.0017844091428429803	0.06785136453717375	0.0015779514004964081	0.0016044328809231747	0.0012887739085422616	0.0011774519963834078	0.001399056491102821	0.00128642931553078	0.0017175630140299442	0.001673432197081174	0.8390051509581843	7.570042989865675E-4	0.0016656437647940689	5.819516962919315E-4
361	file:/home/ulrike/Git/johnson-topics/data/letters-leipzig-lemmata-NVAdj/uj0704.txt	5.302923955554684E-4	0.01160130147721342	6.201051048448981E-4	5.74138965065922E-4	4.913966951931669E-4	3.5652268254809043E-4	5.829398207410349E-4	4.4619104145128644E-4	0.32631304128859007	5.241442635214511E-4	4.21023190917072E-4	3.846559845626817E-4	4.5705086381180114E-4	4.2025724739156074E-4	5.611021886577228E-4	5.466853097572456E-4	0.6541875936056503	2.4730200028472604E-4	5.441409452321541E-4	1.9011492900998408E-4
362	file:/home/ulrike/Git/johnson-topics/data/letters-leipzig-lemmata-NVAdj/uj0418.txt	2.6817759085962157E-4	0.022343087204018106	3.135973558943164E-4	2.903515225948777E-4	2.48507395123487E-4	1.8029938745850943E-4	2.9480226013559377E-4	0.00571768553125545	2.606933735551929E-4	2.6506837931710537E-4	2.1291835595323115E-4	0.17593978699334079	0.03867541379689895	2.1253100570810653E-4	2.837586102336429E-4	2.7646775733126435E-4	0.7427363847525206	1.2506469111565102E-4	0.01125925978857713	9.614424810851836E-5
363	file:/home/ulrike/Git/johnson-topics/data/letters-leipzig-lemmata-NVAdj/uj1139.txt	4.435816978271942E-4	6.201560198102908E-4	5.187086926831826E-4	4.802587007605895E-4	4.1104602326445604E-4	2.982259186895046E-4	4.876204855710419E-4	3.7323216659542504E-4	4.3120235692788725E-4	4.384388768684692E-4	3.5217963413560377E-4	3.2175900718504246E-4	3.8231624639961106E-4	0.0185198589974936	0.2639099945552212	4.572941266210166E-4	0.7107330679380482	2.0686444324258767E-4	4.551658035573808E-4	1.5902830909768193E-4
364	file:/home/ulrike/Git/johnson-topics/data/letters-leipzig-lemmata-NVAdj/uj0166.txt	2.1987508569465435E-4	3.073996485151736E-4	0.09031405178318061	0.27941456193793274	2.0374776514095033E-4	0.02266205938165169	2.4170428260809285E-4	1.850041492156883E-4	2.137388797726985E-4	2.17325886292265E-4	1.7456880573473162E-4	0.009165183640646614	1.895069563314602E-4	1.7425122264336438E-4	2.3264974728771156E-4	2.266720781560027E-4	0.523405165370859	1.0253880493252503E-4	2.2561710853418314E-4	0.07212437746486992
365	file:/home/ulrike/Git/johnson-topics/data/letters-leipzig-lemmata-NVAdj/uj0023.txt	3.3199391967702637E-4	4.6414905943285715E-4	3.8822190567817987E-4	3.594444254700027E-4	3.0764294627048255E-4	2.2320396035271437E-4	3.6495427361525466E-4	2.793415746062542E-4	3.2272873599539456E-4	3.2814483100486604E-4	2.6358503459412156E-4	2.4081704567613903E-4	2.861404557945973E-4	2.6310550934462336E-4	3.512826442791232E-4	0.31989249483078125	0.6747182364597609	1.548254531021412E-4	3.4066391820527034E-4	1.190230163587971E-4
366	file:/home/ulrike/Git/johnson-topics/data/letters-leipzig-lemmata-NVAdj/uj0655.txt	2.369459898871421E-4	3.3126588116280697E-4	2.7707623027035364E-4	2.565375754027656E-4	2.195665586489372E-4	1.5930196367437891E-4	0.41271819904650525	1.9936770521611472E-4	2.3033337444808183E-4	2.3419887293248324E-4	1.8812217103885285E-4	0.00987676026762886	0.0050566639775321	1.8777993108148026E-4	2.507124647338818E-4	2.4427069473908786E-4	0.568894316232724	1.1049982566156837E-4	2.4313381822325543E-4	8.49474184886412E-5
367	file:/home/ulrike/Git/johnson-topics/data/letters-leipzig-lemmata-NVAdj/uj0153.txt	3.9038667269165135E-4	5.457859201795837E-4	4.5650431842593866E-4	4.2266531089878503E-4	3.6175272814763216E-4	2.624621905680194E-4	4.291442587257624E-4	3.284735695191965E-4	0.12030108782736458	3.8586058702995727E-4	3.099456903506462E-4	2.8317315353365146E-4	3.364682719755704E-4	3.0938182379909807E-4	0.1123398908770007	4.024546851402328E-4	0.7534171931481222	1.8205692906461E-4	0.008395354656992064	1.3995738047021262E-4
368	file:/home/ulrike/Git/johnson-topics/data/letters-leipzig-lemmata-NVAdj/uj1043.txt	3.725175147376898E-4	0.031036117858054383	0.09961037984801213	4.0331866376547943E-4	3.451942309146789E-4	2.504485162592474E-4	4.0950105089970193E-4	3.1343835825808826E-4	0.2368558063147695	3.6819860146496163E-4	2.9575855517044523E-4	2.7021147691204476E-4	3.21067119428601E-4	0.007924049043746278	3.9416064530533093E-4	3.840331383991561E-4	0.6121274499766449	1.737236424807254E-4	0.008011074329462006	1.3355111531469007E-4
369	file:/home/ulrike/Git/johnson-topics/data/letters-leipzig-lemmata-NVAdj/uj0226.txt	6.334865833733917E-4	8.856553822495826E-4	7.407767252425245E-4	6.858656364102098E-4	5.870218319703098E-4	0.1561048268544184	6.963791267772547E-4	5.330192187363266E-4	6.158074356332351E-4	6.261420331045188E-4	0.11726214774087713	4.595095224390278E-4	5.459923479398828E-4	5.020387431901968E-4	6.702919208256551E-4	6.530695366577571E-4	0.6777056703076066	2.954266373321769E-4	6.500300422140015E-4	0.039146842373001846
370	file:/home/ulrike/Git/johnson-topics/data/letters-leipzig-lemmata-NVAdj/uj0556.txt	9.94876175780158E-4	0.021765083837630688	0.0011633728872231504	0.0010771362793781855	9.219043474924755E-4	6.688685826256137E-4	0.0010936474752977082	8.370944797755251E-4	9.671114790108622E-4	9.833417277332695E-4	7.898773310818159E-4	7.21649184714065E-4	8.574684821753966E-4	7.884403522152303E-4	0.0010526781156062826	0.0010256307555698099	0.9624503277504565	4.6396077026210467E-4	0.0010208572991338332	3.5667268683732263E-4
371	file:/home/ulrike/Git/johnson-topics/data/letters-leipzig-lemmata-NVAdj/uj0188.txt	5.420659800368212E-4	7.578434419202736E-4	6.338727166386937E-4	0.04499100941941728	5.023067149354906E-4	3.644382211409108E-4	5.958822866043255E-4	4.56097402480369E-4	5.269381702338864E-4	5.357813467960891E-4	4.303707737759184E-4	3.9319614046245255E-4	4.6719833528690484E-4	4.295878247250005E-4	0.11158386827813804	5.588228507310312E-4	0.8352273696136644	2.527926145518039E-4	5.562219960677846E-4	1.9433587239258877E-4
372	file:/home/ulrike/Git/johnson-topics/data/letters-leipzig-lemmata-NVAdj/uj0059.txt	5.739215861957088E-4	0.01255578507544428	0.08294496152362821	6.213755812625638E-4	5.318257872832196E-4	3.858551719724716E-4	0.08290473850896106	4.8290089090906416E-4	0.1651055807436823	5.672676237427722E-4	4.556623847173947E-4	4.1630310871918706E-4	4.946541925350881E-4	4.548334240783546E-4	6.072662192242203E-4	5.916632083647372E-4	0.6492430905612041	2.676484849912119E-4	5.889095092049161E-4	2.0575641387918347E-4
373	file:/home/ulrike/Git/johnson-topics/data/letters-leipzig-lemmata-NVAdj/uj0277.txt	5.672544150748474E-4	7.930585098433819E-4	0.023897062522244897	0.17486717222130713	5.256476374878661E-4	3.813727434991634E-4	6.235714292902842E-4	4.772910951607487E-4	5.514236542133292E-4	5.606777508232201E-4	4.503690150910871E-4	0.3140668941108978	4.889078602370757E-4	4.4954968437809596E-4	6.002116879138999E-4	5.847899351668541E-4	0.47906477208519965	2.6453924795849434E-4	5.820682253657807E-4	2.033661688465119E-4
374	file:/home/ulrike/Git/johnson-topics/data/letters-leipzig-lemmata-NVAdj/uj0779.txt	3.725175147376898E-4	5.208036769347164E-4	4.356087593732305E-4	0.01566097575432531	0.007974022776194594	2.504485162592474E-4	4.0950105089970193E-4	3.1343835825808826E-4	0.015619778501651926	3.6819860146496163E-4	2.9575855517044523E-4	2.7021147691204476E-4	0.1834129522061466	2.9522049846636216E-4	3.9416064530533093E-4	0.0690434900459184	0.7036733925200039	1.737236424807254E-4	3.822457841820906E-4	1.3355111531469007E-4
375	file:/home/ulrike/Git/johnson-topics/data/letters-leipzig-lemmata-NVAdj/uj1015.txt	2.5030657452567616E-4	3.499448461254228E-4	0.11819200610228342	2.7100286342374245E-4	2.3194717581835218E-4	0.005294341267151862	2.7515700942959805E-4	2.1060937721486397E-4	0.35394124053171694	2.4740455691791E-4	1.9872974532085072E-4	1.8156383661853805E-4	2.1573538874699322E-4	1.9836820760739735E-4	2.648492944249349E-4	2.5804429476215454E-4	0.518955437759713	1.1673053787576464E-4	2.568433136167372E-4	8.973731670588068E-5
376	file:/home/ulrike/Git/johnson-topics/data/letters-leipzig-lemmata-NVAdj/uj0015.txt	5.13560713430355E-4	0.011235259478155487	6.005396696521928E-4	5.560238445406461E-4	4.758922426115094E-4	0.07396615149908435	5.645470173358627E-4	4.321129088301006E-4	4.992284197960888E-4	5.076065660578538E-4	0.09506315340017983	0.021407055894214613	4.426300841958738E-4	4.069973727769808E-4	5.433984019562511E-4	5.2943640160395E-4	0.7913058181334593	2.394991758573938E-4	5.269723163715675E-4	1.8411645988975167E-4
377	file:/home/ulrike/Git/johnson-topics/data/letters-leipzig-lemmata-NVAdj/uj0130.txt	3.3199391967702637E-4	0.04125779646269492	0.020785045607309212	3.594444254700027E-4	3.0764294627048255E-4	2.2320396035271437E-4	3.6495427361525466E-4	2.793415746062542E-4	3.2272873599539456E-4	3.2814483100486604E-4	2.6358503459412156E-4	0.2857963488685106	2.861404557945973E-4	2.6310550934462336E-4	0.09553645991855726	3.4225683856176065E-4	0.5523372942499748	1.548254531021412E-4	3.4066391820527034E-4	1.190230163587971E-4
378	file:/home/ulrike/Git/johnson-topics/data/letters-leipzig-lemmata-NVAdj/uj0167.txt	3.9997991873172363E-4	5.591979011301362E-4	0.01685019079897904	4.3305176259832433E-4	3.706423321468156E-4	2.6891185841394023E-4	4.3968992216313193E-4	3.3654538136751585E-4	0.008580051642376017	3.953426103864997E-4	3.175622036042694E-4	2.90131766426508E-4	3.447365432653773E-4	0.041273155678619444	0.20520407459414744	4.123444869306223E-4	0.6900191008800001	1.865307419173256E-4	0.0331753623252646	1.433966515311775E-4
379	file:/home/ulrike/Git/johnson-topics/data/letters-leipzig-lemmata-NVAdj/uj0656.txt	4.603077343169458E-4	0.06663040115099894	5.382675260702854E-4	4.983677088481406E-4	0.07584010072543075	3.0947105712200495E-4	5.060070828422146E-4	3.873055489468675E-4	4.47461608361774E-4	0.019308359864432856	3.6545919332470775E-4	3.3389150255499307E-4	3.967321601292075E-4	3.647943342171705E-4	4.870514443466121E-4	0.15130164817686745	0.6809723551528123	2.1466463482636123E-4	4.7232863934722365E-4	1.6502475420328576E-4
380	file:/home/ulrike/Git/johnson-topics/data/letters-leipzig-lemmata-NVAdj/uj0013.txt	1.828288262296963E-4	0.011488123540411036	2.1379353995653648E-4	1.9794580113822392E-4	1.6941876170261083E-4	0.1648665004729092	2.009800707720783E-4	1.5383321553629856E-4	1.7772649586484141E-4	1.8070913571045517E-4	1.4515609964615837E-4	1.32617783602494E-4	1.5757735479206926E-4	1.448920254167311E-4	1.9345111377610662E-4	0.003932652931499148	0.7310074178517153	8.526227193763921E-5	0.08630356681305984	6.554589432350572E-5
381	file:/home/ulrike/Git/johnson-topics/data/letters-leipzig-lemmata-NVAdj/uj0740.txt	0.02276022120270357	0.001481451595931776	0.0012391104755126892	0.0011472597152560775	9.819219159604676E-4	7.124130848974715E-4	0.0011648458186042112	8.915907790833184E-4	0.0010300721099760928	0.001047358975978372	0.19614649150763633	7.686297955239088E-4	0.15281732922734134	0.044240922915916005	0.06622293988114224	0.0010924010927123972	0.5042936649144786	4.941654193359561E-4	0.001087316876001502	3.798926960076302E-4
382	file:/home/ulrike/Git/johnson-topics/data/letters-leipzig-lemmata-NVAdj/uj0244.txt	4.691528555420837E-4	6.559061588897099E-4	5.486106968769017E-4	0.010115778856496175	4.347415966852248E-4	3.154177506312453E-4	5.157303476384476E-4	0.1445122680623641	4.5605988267803795E-4	4.637135663420422E-4	3.72481736347138E-4	3.403074512692261E-4	4.043556341415677E-4	3.7180410152682123E-4	4.964104638610615E-4	4.8365576482925954E-4	0.7324890334848824	2.1878955947184144E-4	0.10616758621421103	1.6819581531578838E-4
383	file:/home/ulrike/Git/johnson-topics/data/letters-leipzig-lemmata-NVAdj/uj0401.txt	0.001059644336554611	0.001481451595931776	0.0012391104755126892	0.2398536052428946	0.06608365251440734	7.124130848974715E-4	0.0011648458186042112	8.915907790833184E-4	0.0010300721099760928	0.001047358975978372	8.412997122957245E-4	7.686297955239088E-4	9.132911642986385E-4	0.15274380724666078	0.0011212092826953636	0.0010924010927123972	0.5259942417806276	4.941654193359561E-4	0.001087316876001502	3.798926960076302E-4
384	file:/home/ulrike/Git/johnson-topics/data/letters-leipzig-lemmata-NVAdj/uj1089.txt	0.09315155352804905	4.8734297307564674E-4	4.0762167644479817E-4	3.774061616715588E-4	3.2301611957245954E-4	2.3435764746235804E-4	0.07177009103128744	2.933005048821768E-4	3.38855758727855E-4	0.014621922438456501	2.7675659749113124E-4	2.5285087327443036E-4	3.0043913180509646E-4	0.03596970295486043	0.014646216467459432	3.59359696783547E-4	0.7655439863571064	1.6256220946516106E-4	3.5768717687506487E-4	1.2497069524950404E-4
385	file:/home/ulrike/Git/johnson-topics/data/letters-leipzig-lemmata-NVAdj/uj1122.txt	0.001037137846985314	0.0014499860619398067	0.001212792185469249	0.0011228923044900834	9.610662244826228E-4	6.972816704113532E-4	0.0011401048849136702	8.726536905930748E-4	0.0010081937245603031	0.0010251134233386896	8.234307891615701E-4	7.523043569981321E-4	8.938931669197706E-4	0.022061596675324195	0.34093201768517034	0.0010691988606516278	0.6210206204028567	4.8366951191483544E-4	0.001064222630994902	3.718239028237323E-4
386	file:/home/ulrike/Git/johnson-topics/data/letters-leipzig-lemmata-NVAdj/uj0501.txt	8.264863415636079E-4	0.0011554815776266077	9.664637920205083E-4	8.948233404127998E-4	7.658655116885727E-4	5.556578409444557E-4	9.085398995611432E-4	6.954103143441296E-4	8.034210162335651E-4	8.169041804863735E-4	6.561850022570986E-4	5.99504952562543E-4	7.123358726361185E-4	0.068357822334557	8.745048939675907E-4	0.20396052876801954	0.7149202589489534	3.854321261058065E-4	8.480699759022764E-4	2.9630331015684214E-4
387	file:/home/ulrike/Git/johnson-topics/data/letters-leipzig-lemmata-NVAdj/uj0666.txt	4.783445665720854E-4	6.687567678204527E-4	5.593591574992585E-4	0.12786684195568862	4.432591173232158E-4	0.03950588855694515	0.039710125707508	4.0248184231983383E-4	4.649950742780323E-4	4.727987100263594E-4	3.797794527395922E-4	3.469748043855337E-4	0.010208350602537577	3.7908854159924746E-4	5.061362099205367E-4	0.07886171381063917	0.6488793375015838	0.04920343998615931	4.90836502244305E-4	1.7149113221000595E-4
388	file:/home/ulrike/Git/johnson-topics/data/letters-leipzig-lemmata-NVAdj/uj0152.txt	4.1005652589698455E-4	0.017368474099470493	4.795055465906391E-4	4.4396154153863657E-4	3.7997984386915946E-4	2.756864964205423E-4	4.5076693481469393E-4	3.4502389601914253E-4	3.986127951323266E-4	0.033995679285144964	0.08430150471492041	0.017092629440111223	3.5342141607851754E-4	3.24970201897582E-4	4.3388065920344415E-4	4.227325919753354E-4	0.8417641097042943	1.9122997035985712E-4	4.2076512405288534E-4	1.4700921220891155E-4
389	file:/home/ulrike/Git/johnson-topics/data/letters-leipzig-lemmata-NVAdj/uj0595.txt	3.365705666849132E-4	4.705475091578804E-4	0.007286240582629567	3.6439948686368495E-4	3.118839069811968E-4	2.2628090145540236E-4	3.6998529010489895E-4	2.8319239146110445E-4	0.007219844567739986	3.3266841704051675E-4	2.6721864228510726E-4	2.4413678903955374E-4	2.9008499749620946E-4	2.667325066199712E-4	0.007248792101181179	3.46974963332408E-4	0.8770141260164489	1.569597736564874E-4	0.09684269680144987	1.2066378837118239E-4
390	file:/home/ulrike/Git/johnson-topics/data/letters-leipzig-lemmata-NVAdj/uj0217.txt	2.15984897995693E-4	0.3585794831488382	2.525650734181129E-4	2.3384334160632896E-4	2.001429135628915E-4	1.4520954075277815E-4	2.374278771025866E-4	1.8173092313251513E-4	2.0995725822947267E-4	2.1348080085728253E-4	1.7148020923210325E-4	1.5666806517596675E-4	1.8615406335561826E-4	1.7116824504854236E-4	2.2853354111453017E-4	2.2266163319196953E-4	0.6335705465715697	1.0072461486021887E-4	0.004644804615705508	7.743266525002386E-5
391	file:/home/ulrike/Git/johnson-topics/data/letters-leipzig-lemmata-NVAdj/uj0588.txt	7.994246843749718E-4	0.001117647623489679	9.348188506468759E-4	8.655241236382927E-4	7.40788763425915E-4	5.374639262363572E-4	8.787915612430451E-4	6.726404818788776E-4	7.771145874082254E-4	7.901562721707167E-4	6.346995248929947E-4	5.798753510878906E-4	6.89011846310436E-4	6.335448521760881E-4	8.458709644515104E-4	8.241372776001012E-4	0.9861987743430057	3.7281191504892516E-4	8.203016053851987E-4	2.8660144552813857E-4
392	file:/home/ulrike/Git/johnson-topics/data/letters-leipzig-lemmata-NVAdj/uj0427.txt	1.5646618933017653E-4	2.187498936164109E-4	1.8296600809754955E-4	1.694034022791104E-4	1.4498976223443645E-4	1.051943154674881E-4	1.7200015147233119E-4	1.3165154272298652E-4	1.5209957928647642E-4	1.5465214334550078E-4	1.2422560620244655E-4	1.1349522756125324E-4	1.348558033078899E-4	1.2399960962832383E-4	0.26291724529743243	1.6130302432661636E-4	0.7345470874661376	7.296804917926434E-5	1.6055229317368146E-4	5.6094635198022106E-5
393	file:/home/ulrike/Git/johnson-topics/data/letters-leipzig-lemmata-NVAdj/uj1104.txt	1.036555562257234E-4	1.4491719900763117E-4	1.212111282376197E-4	1.1222618742709146E-4	9.605266489702486E-5	0.5201493001974883	0.004359494325449096	8.721637529069591E-5	1.0076276900544135E-4	1.0245378895340994E-4	8.229684868990951E-5	7.518819875520442E-5	8.933913046638077E-5	0.002204921053894084	1.0967790591050136E-4	1.0685985757718041E-4	0.4717625629875886	4.8339796327639307E-5	1.0636251399409338E-4	3.716151481429744E-5
394	file:/home/ulrike/Git/johnson-topics/data/letters-leipzig-lemmata-NVAdj/uj1150.txt	0.24538016391554174	6.687567678204527E-4	5.593591574992585E-4	5.178958942244105E-4	0.010239331891282	3.215974611100094E-4	5.258346116728583E-4	4.0248184231983383E-4	4.649950742780323E-4	4.727987100263594E-4	3.797794527395922E-4	3.469748043855337E-4	4.1227782857878985E-4	3.7908854159924746E-4	5.061362099205367E-4	4.931316189688838E-4	0.7370439924672129	2.2307611636537852E-4	4.90836502244305E-4	1.7149113221000595E-4
395	file:/home/ulrike/Git/johnson-topics/data/letters-leipzig-lemmata-NVAdj/uj1151.txt	1.6950133952315437E-4	2.369738800903878E-4	1.9820885005574624E-4	1.8351634771072626E-4	1.57068814809698E-4	1.1395802159106879E-4	1.8632943128194925E-4	1.4261939232600873E-4	1.6477094853740241E-4	1.6753616592446536E-4	1.3457480331394232E-4	1.2295048012272026E-4	1.4609059887643E-4	1.343299790346176E-4	0.010593060926001025	0.3507696990369704	0.6360650682714205	7.904699495286645E-5	1.739278554232973E-4	6.076786203352412E-5
396	file:/home/ulrike/Git/johnson-topics/data/letters-leipzig-lemmata-NVAdj/uj0442.txt	2.8709867778897296E-4	4.0138259577104517E-4	3.357230033530448E-4	3.108370761471987E-4	2.660406648148367E-4	1.9302028771149514E-4	0.04147228712224597	2.4156646241884464E-4	2.790864166395633E-4	2.837700979476771E-4	2.279406652704719E-4	2.0825157120324972E-4	2.474459369631873E-4	2.2752598579311493E-4	0.3060391554439258	2.9597375129914176E-4	0.6481514818155767	1.3388854505813193E-4	2.945962401428639E-4	1.0292763992879406E-4
397	file:/home/ulrike/Git/johnson-topics/data/letters-leipzig-lemmata-NVAdj/uj0563.txt	2.7889968731868654E-4	3.8991987465017473E-4	3.261353949169976E-4	3.0196016231126717E-4	2.584430510176432E-4	1.8750799656579457E-4	3.0658884625336816E-4	2.3466778514674407E-4	2.711162410607817E-4	2.756661653669238E-4	2.2143111476771046E-4	2.023043036614164E-4	0.005951997764896119	2.210282777450428E-4	2.951036565526246E-4	0.0059991397174428505	0.5553904727766297	1.300649436627294E-4	0.4286575640171212	9.998822291230208E-5
398	file:/home/ulrike/Git/johnson-topics/data/letters-leipzig-lemmata-NVAdj/uj1067.txt	0.001059644336554611	0.001481451595931776	0.0012391104755126892	0.0011472597152560775	9.819219159604676E-4	0.022412989951046427	0.0011648458186042112	8.915907790833184E-4	0.0010300721099760928	0.001047358975978372	8.412997122957245E-4	7.686297955239088E-4	9.132911642986385E-4	8.397691836180908E-4	0.0011212092826953636	0.022792977958861354	0.9383052022374577	4.941654193359561E-4	0.001087316876001502	3.798926960076302E-4
399	file:/home/ulrike/Git/johnson-topics/data/letters-leipzig-lemmata-NVAdj/uj0777.txt	0.027541563776706468	0.001792666830786864	0.001499416015502698	0.0013882697507534804	0.0011881986924168668	0.18467727906644044	0.0014095502463441314	0.0010788912852011195	0.02750577917878548	0.00126738241149378	0.0010180353466320955	9.300993318810101E-4	0.0011051503684527287	0.0010161832928751611	0.00135674678604273	0.0013218867293393667	0.7415294909865898	5.979769832495063E-4	0.0013157344482367082	4.5969847226951747E-4
400	file:/home/ulrike/Git/johnson-topics/data/letters-leipzig-lemmata-NVAdj/uj0528.txt	7.994246843749718E-4	0.017489156641677953	9.348188506468759E-4	8.655241236382927E-4	7.40788763425915E-4	5.374639262363572E-4	0.06636482763399615	6.726404818788776E-4	7.771145874082254E-4	0.18087675547224175	6.346995248929947E-4	5.798753510878906E-4	6.89011846310436E-4	6.335448521760881E-4	8.458709644515104E-4	8.241372776001012E-4	0.7242546300519933	3.7281191504892516E-4	8.203016053851987E-4	2.8660144552813857E-4
401	file:/home/ulrike/Git/johnson-topics/data/letters-leipzig-lemmata-NVAdj/uj0054.txt	0.0014327396627132926	0.06068554004520699	0.001675394907052441	0.0015512039660637849	0.0013276515771869894	9.63250071516742E-4	0.17762241290939101	0.0012055153111614645	0.0013927552071066605	0.0014161286898037	0.001137517018167204	0.001039260397097925	0.0012348562905085889	0.0011354475982064502	0.0015159813100526856	0.06015950685885187	0.6818528731321952	6.681585243271687E-4	0.0014701555611103636	5.136509622794219E-4
402	file:/home/ulrike/Git/johnson-topics/data/letters-leipzig-lemmata-NVAdj/uj1023.txt	2.4163609218558497E-4	3.378229487518275E-4	2.82560669424837E-4	2.6161547299709313E-4	0.27239102818130456	1.6245518228901566E-4	2.656257216656527E-4	0.010100300003210643	2.3489258682142305E-4	2.388345988747393E-4	1.9184585603220357E-4	1.752745649844094E-4	0.010105248452517134	1.9149684178668431E-4	2.556750602505087E-4	2.491057820405598E-4	0.6939703336419925	1.1268705612096421E-4	0.010144932421434879	8.662886531494169E-5
403	file:/home/ulrike/Git/johnson-topics/data/letters-leipzig-lemmata-NVAdj/uj0133.txt	5.543742309124459E-4	7.750511759436631E-4	6.482655483361796E-4	6.002119771336517E-4	5.137121845492025E-4	0.023078899054567	6.094125005376343E-4	4.6645363485833114E-4	0.04595127458915446	5.479468976214671E-4	4.401428525417005E-4	4.02124125096003E-4	0.011830899543234463	4.3934212570413597E-4	5.86583169789917E-4	5.715115862265923E-4	0.9109576620582597	2.58532570634636E-4	5.688516760740414E-4	1.9874849882485238E-4
404	file:/home/ulrike/Git/johnson-topics/data/letters-leipzig-lemmata-NVAdj/uj0324.txt	0.0013918996044818355	0.0019459660371903965	0.0016276379925581985	0.001506987098232445	0.001289807041201492	9.35792753180416E-4	0.0015300873871220485	0.0011711522535955768	0.0013530549005955092	0.0013757621252002646	0.08661970308480568	0.0010096364142909242	0.0011996568721325067	0.0011030818117092008	0.05848250902058405	0.029939797639136696	0.5198923940303286	6.491127522643716E-4	0.2864769517731595	4.990094082301616E-4
405	file:/home/ulrike/Git/johnson-topics/data/letters-leipzig-lemmata-NVAdj/uj0202.txt	0.010778680832421875	3.5914996164716274E-4	0.02134397908334223	2.7813145152029005E-4	2.3804842454937087E-4	0.2316520927442202	2.8239487015668005E-4	2.1614934635197106E-4	0.06338046197865801	2.539124039465187E-4	2.0395722697557055E-4	1.8633977805373482E-4	2.214101949272557E-4	2.0358617920230443E-4	2.7181601611844157E-4	2.648320145108838E-4	0.6693895591680714	1.1980107341288794E-4	2.6359944218672674E-4	9.209780972652239E-5
406	file:/home/ulrike/Git/johnson-topics/data/letters-leipzig-lemmata-NVAdj/uj0337.txt	7.619994421575611E-4	0.0010653247044700867	8.910551007919232E-4	8.250044216509801E-4	7.061085747289308E-4	5.123024344590013E-4	8.376507412496623E-4	6.41150669953399E-4	7.407337972814169E-4	0.2816444830185749	0.047420205608181755	5.527283591391268E-4	6.567556053626168E-4	6.038853107437119E-4	8.062713294289522E-4	7.855551099019694E-4	0.6591383439871585	3.5535864334622363E-4	7.818990055244318E-4	2.731841358948529E-4
407	file:/home/ulrike/Git/johnson-topics/data/letters-leipzig-lemmata-NVAdj/uj1001.txt	9.843184251328793E-5	1.3761410800906067E-4	1.1510270283593826E-4	1.0657055742033483E-4	0.29842915271265935	6.617704654095468E-5	1.0820415512427224E-4	8.282111282581836E-5	9.568483708049483E-5	9.729063820940687E-5	7.814950538632863E-5	7.139909531345938E-5	0.002100633787962096	7.800733243965035E-5	1.0415069635302938E-4	1.0147466334678863E-4	0.697946940343423	4.590371604282421E-5	1.0100238335497794E-4	3.528876315892457E-5
408	file:/home/ulrike/Git/johnson-topics/data/letters-leipzig-lemmata-NVAdj/uj0311.txt	3.148677794458755E-4	0.3357472847532675	0.01971283438691114	3.4090223155906193E-4	2.9177296815739457E-4	2.1168982681416166E-4	3.461278503061378E-4	2.649315426883466E-4	3.060805467916401E-4	3.1121724872449236E-4	2.4998781489298E-4	0.10984801635854753	2.713796988008818E-4	2.4953302629129534E-4	3.331614816007633E-4	3.246012784298722E-4	0.5302927988735371	1.4683867303171623E-4	3.2309052999215937E-4	1.1288313021004371E-4
409	file:/home/ulrike/Git/johnson-topics/data/letters-leipzig-lemmata-NVAdj/uj0251.txt	6.800094823079133E-5	9.50697416162598E-5	7.951789519447599E-5	7.362352235851381E-5	0.0028482115417081456	4.571794859260743E-5	0.0014673512334493833	5.721638508315757E-5	6.610319878858366E-5	6.721255523917893E-5	0.0014465881894105746	4.932556437192012E-5	5.860897193584931E-5	0.0070168865765125	7.195177830738186E-5	0.025136887787952145	0.5838314880421106	3.171226036744811E-5	0.00842537169777545	0.36906315416099517
410	file:/home/ulrike/Git/johnson-topics/data/letters-leipzig-lemmata-NVAdj/uj0785.txt	5.082156728698843E-4	7.105185142579483E-4	5.942893689408671E-4	5.502368559257904E-4	0.021286552361479194	3.4168020609603756E-4	5.586713211873055E-4	4.2761556126437195E-4	4.940325469752764E-4	5.023234951114457E-4	4.0349547920938314E-4	3.6864228424995975E-4	0.12533170195552695	4.027614228520592E-4	5.377428165055057E-4	0.0213395392432226	0.8247012864777274	2.3700651476459645E-4	5.214876904420703E-4	1.8220021139132663E-4
411	file:/home/ulrike/Git/johnson-topics/data/letters-leipzig-lemmata-NVAdj/uj0647.txt	5.607403684166791E-4	7.839514495923029E-4	6.557098835701113E-4	0.14989215949566992	5.196113808359013E-4	3.7699326265373107E-4	6.164106681271266E-4	0.02343874167841385	5.45091399555621E-4	5.542392270638636E-4	4.451972179225987E-4	4.067419037216746E-4	4.8329350355955325E-4	4.4438729596580414E-4	5.933191775412249E-4	5.78074519963957E-4	0.7261996951048082	2.6150142055984636E-4	0.09244311022165028	2.010308204078676E-4
412	file:/home/ulrike/Git/johnson-topics/data/letters-leipzig-lemmata-NVAdj/uj0644.txt	5.672544150748474E-4	7.930585098433819E-4	6.63327178518678E-4	0.1516334368775809	0.035376250653077194	3.813727434991634E-4	6.235714292902842E-4	4.772910951607487E-4	5.514236542133292E-4	5.606777508232201E-4	4.503690150910871E-4	4.1146697059381103E-4	4.889078602370757E-4	4.4954968437809596E-4	6.002116879138999E-4	5.847899351668541E-4	0.8043370668973667	2.6453924795849434E-4	5.820682253657807E-4	2.033661688465119E-4
413	file:/home/ulrike/Git/johnson-topics/data/letters-leipzig-lemmata-NVAdj/uj0654.txt	0.001059644336554611	0.001481451595931776	0.0012391104755126892	0.0011472597152560775	9.819219159604676E-4	7.124130848974715E-4	0.0011648458186042112	8.915907790833184E-4	0.0010300721099760928	0.001047358975978372	8.412997122957245E-4	0.21777439845701346	9.132911642986385E-4	0.08764207664821393	0.0011212092826953636	0.04449355482501031	0.6344971261113723	4.941654193359561E-4	0.001087316876001502	3.798926960076302E-4
414	file:/home/ulrike/Git/johnson-topics/data/letters-leipzig-lemmata-NVAdj/uj0208.txt	5.607403684166791E-4	7.839514495923029E-4	6.557098835701113E-4	6.071044908275719E-4	5.196113808359013E-4	0.2300463086547189	6.164106681271266E-4	4.7181013920733384E-4	5.45091399555621E-4	5.542392270638636E-4	4.451972179225987E-4	4.067419037216746E-4	4.8329350355955325E-4	0.17269637384001466	5.933191775412249E-4	5.78074519963957E-4	0.5769146400999658	0.011744967190163104	5.753840648242191E-4	2.010308204078676E-4
415	file:/home/ulrike/Git/johnson-topics/data/letters-leipzig-lemmata-NVAdj/uj0796.txt	5.029807465579966E-4	7.031997473171961E-4	5.881678319233731E-4	5.445690862196923E-4	4.660882914330575E-4	3.3816069499744675E-4	5.529166714291324E-4	0.3403430077427392	4.889437153686371E-4	4.971492617652193E-4	3.9933923371440863E-4	3.648450475716872E-4	4.3351137338908113E-4	3.9861273857792946E-4	5.322037429006782E-4	5.185293765073933E-4	0.6513967699978085	2.3456520548103247E-4	5.16116054387234E-4	1.803234399111048E-4
416	file:/home/ulrike/Git/johnson-topics/data/letters-leipzig-lemmata-NVAdj/uj1045.txt	0.06553242498185595	4.944017344808145E-4	4.135257405568535E-4	3.8287257894903983E-4	0.12344319092986966	0.02196401615805033	3.8874155234105105E-4	2.9754872102226497E-4	3.43763805183376E-4	3.4953291472346104E-4	2.80765188764474E-4	2.565132098302823E-4	3.0479074507409236E-4	2.8025440863843225E-4	3.7417882271875827E-4	3.6456472588701315E-4	0.6752430280533798	0.10879623695497158	3.628679809057761E-4	1.267807927971037E-4
417	file:/home/ulrike/Git/johnson-topics/data/letters-leipzig-lemmata-NVAdj/uj1163.txt	0.3540443607609516	0.01722954927735353	3.206412534565415E-4	2.96873281607679E-4	2.5408926819034785E-4	1.8434919971591147E-4	3.0142398982328724E-4	0.011461513238586279	2.665489631638391E-4	2.7102223854391573E-4	0.00583310019906384	0.011429694958720293	2.3632987492122994E-4	2.173047915990472E-4	2.901322819031156E-4	0.005898077021512345	0.5909574497196792	1.2787384385980506E-4	2.813620358437542E-4	9.830380150443981E-5
418	file:/home/ulrike/Git/johnson-topics/data/letters-leipzig-lemmata-NVAdj/uj0258.txt	6.174655218932498E-4	8.632568978907186E-4	7.220422646088518E-4	6.685198933172297E-4	5.721758776801643E-4	0.16480203663958906	6.787674944295339E-4	5.195390063725574E-4	6.002334849843176E-4	6.103067174546596E-4	4.902338907508975E-4	4.4788839185327223E-4	5.321840413338438E-4	4.893420361388298E-4	6.533400415672108E-4	6.365532165458367E-4	0.4329536556633952	2.8795521103240217E-4	0.39263313637513153	2.2136733403066322E-4
419	file:/home/ulrike/Git/johnson-topics/data/letters-leipzig-lemmata-NVAdj/uj0338.txt	6.022348265095944E-4	0.40783873474636917	7.0423203003468E-4	6.520298667618864E-4	5.580623179916787E-4	4.048905427847603E-4	6.620246957186278E-4	5.067238125432322E-4	5.854278431391903E-4	5.952526045130181E-4	4.781415507059387E-4	4.368405658284665E-4	5.190569391164672E-4	4.772716949997876E-4	6.372244483847054E-4	6.208516950957502E-4	0.5826062783163678	2.808523721727954E-4	6.179621478550423E-4	2.159069831074649E-4
420	file:/home/ulrike/Git/johnson-topics/data/letters-leipzig-lemmata-NVAdj/uj0385.txt	1.7881181278712693E-4	2.4999052633665537E-4	2.090961870190903E-4	1.9359664591762744E-4	1.6569638675103818E-4	1.2021757751094348E-4	0.23822054834999268	0.0038123607252691263	1.7382158799165474E-4	1.767386949308814E-4	0.0038038742581508033	1.2970397930565033E-4	1.5411515265743972E-4	1.4170853829479946E-4	1.8920071333026917E-4	1.843394174253439E-4	0.7515652032822906	8.338893664593195E-5	1.8348147106040253E-4	6.410575633196187E-5
421	file:/home/ulrike/Git/johnson-topics/data/letters-leipzig-lemmata-NVAdj/uj0709.txt	9.559238424484281E-4	0.001336443609550189	0.0011178234112226044	0.04018790936610865	8.858090762238295E-4	6.426804070316774E-4	0.2163920317546708	8.043197646902052E-4	9.292462153564858E-4	9.44841002024737E-4	7.589513064764433E-4	6.933944930490341E-4	8.238960648713469E-4	7.575705895660334E-4	0.0010114626660374369	9.854742898318493E-4	0.7290028311730131	4.4579533921042247E-4	9.80887728278638E-4	3.4270790033802146E-4
422	file:/home/ulrike/Git/johnson-topics/data/letters-leipzig-lemmata-NVAdj/uj0483.txt	0.0012822486133121582	0.001792666830786864	0.001499416015502698	0.0013882697507534804	0.0011881986924168668	8.62072922680261E-4	0.0014095502463441314	0.0010788912852011195	0.0012464640153911713	0.00126738241149378	0.0010180353466320955	9.300993318810101E-4	0.0011051503684527287	0.0010161832928751611	0.00135674678604273	0.0013218867293393667	0.9778633274571386	5.979769832495063E-4	0.0013157344482367082	4.5969847226951747E-4
423	file:/home/ulrike/Git/johnson-topics/data/letters-leipzig-lemmata-NVAdj/uj0194.txt	2.596224505276018E-4	3.629690457502032E-4	3.035932784513559E-4	0.2023209211329562	2.4057975421951983E-4	1.7454765198896314E-4	2.853977655334449E-4	0.21289195530503766	2.523769874349232E-4	2.5661242602373E-4	2.0612604191758035E-4	1.8832125476297707E-4	2.2376459906479112E-4	2.0575104854274478E-4	2.7470641939552606E-4	2.6764815218205623E-4	0.5808045520660519	1.210749991371174E-4	2.6640247308392804E-4	9.307714793788756E-5
424	file:/home/ulrike/Git/johnson-topics/data/letters-leipzig-lemmata-NVAdj/uj0058.txt	3.84242804643212E-4	5.371963936643485E-4	4.493198972042465E-4	4.160134447351422E-4	3.5605949837475644E-4	2.5833158576167163E-4	0.09484981551471135	3.233040839560461E-4	3.735194752315527E-4	3.797879500839776E-4	3.0506779477453136E-4	2.787166015766502E-4	3.3117296655120444E-4	3.045128023007425E-4	4.065671702409627E-4	0.09482354597907754	0.8045116022786933	1.7919173455946733E-4	3.942772792323426E-4	1.3775474462692045E-4
425	file:/home/ulrike/Git/johnson-topics/data/letters-leipzig-lemmata-NVAdj/uj0667.txt	1.6272313242268762E-4	2.274975063863652E-4	1.9028265526222556E-4	1.7617769295670497E-4	1.5078777326276932E-4	1.094009421409786E-4	1.7887828382969734E-4	0.1634257672875328	1.5818190554535988E-4	1.608365443601233E-4	0.3400365976437286	1.1803380029164567E-4	1.4024856637449577E-4	1.2895824321082125E-4	1.7217728655522473E-4	1.6775338812842028E-4	0.49399450092630887	7.588597626140715E-5	1.6697263590753584E-4	5.83378095332042E-5
426	file:/home/ulrike/Git/johnson-topics/data/letters-leipzig-lemmata-NVAdj/uj0514.txt	4.3181370346842275E-4	6.03703599481784E-4	5.049476177803145E-4	4.6751768437288614E-4	4.001411836223661E-4	2.903141384109938E-4	4.7468416481766197E-4	3.6333050912731624E-4	4.197627801178603E-4	0.17729004606259727	3.4283648952868507E-4	3.1322290616918726E-4	3.721735929652261E-4	0.018028536660987617	4.569019207879349E-4	4.4516234857711745E-4	0.7979956283425989	2.0137643593066848E-4	4.4309048883000077E-4	1.5480936982783958E-4
427	file:/home/ulrike/Git/johnson-topics/data/letters-leipzig-lemmata-NVAdj/uj1116.txt	0.0014327396627132926	0.09002677852243239	0.001675394907052441	0.0015512039660637849	0.0013276515771869894	9.63250071516742E-4	0.0015749820460385913	0.0012055153111614645	0.0013927552071066605	0.0014161286898037	0.001137517018167204	0.001039260397097925	0.0012348562905085889	0.0011354475982064502	0.0015159813100526856	0.00147702990440107	0.887241542472773	6.681585243271687E-4	0.0014701555611103636	5.136509622794219E-4
428	file:/home/ulrike/Git/johnson-topics/data/letters-leipzig-lemmata-NVAdj/uj1216.txt	2.8709867778897296E-4	4.0138259577104517E-4	3.357230033530448E-4	3.108370761471987E-4	2.660406648148367E-4	1.9302028771149514E-4	3.1560183243809327E-4	2.4156646241884464E-4	2.790864166395633E-4	2.837700979476771E-4	0.07666178477491366	2.0825157120324972E-4	0.12959702827635936	2.2752598579311493E-4	0.02382188488524327	2.9597375129914176E-4	0.7363443788651649	0.029531520894920896	2.945962401428639E-4	1.0292763992879406E-4
429	file:/home/ulrike/Git/johnson-topics/data/letters-leipzig-lemmata-NVAdj/uj1138.txt	2.77315765486656E-4	3.8770544906892513E-4	3.2428321294729654E-4	0.08548796172285435	0.11951977833191207	0.0115448052976281	3.0484767267333876E-4	2.3333506429738915E-4	2.6957652282960437E-4	2.7410060729163673E-4	2.201735673665523E-4	2.0115538088432878E-4	2.3901419523759555E-4	0.02861567850045788	0.017330970998842586	2.858884200985726E-4	0.7339701047893887	1.2932628129336713E-4	2.845578477542082E-4	9.942037168686932E-5
430	file:/home/ulrike/Git/johnson-topics/data/letters-leipzig-lemmata-NVAdj/uj0906.txt	6.68159360435493E-4	9.341301762366397E-4	7.813218400425143E-4	7.234052890721042E-4	6.191514423593839E-4	4.492124902197683E-4	7.34494216894667E-4	5.621930908057951E-4	6.495125755514237E-4	0.23327670869898653	5.304820290266377E-4	4.8465997021110007E-4	5.75876281482599E-4	5.295169532676326E-4	7.06979173479934E-4	6.888141523211285E-4	0.755848636103767	3.1159629617463915E-4	6.856082964799955E-4	2.3954156318514117E-4
431	file:/home/ulrike/Git/johnson-topics/data/letters-leipzig-lemmata-NVAdj/uj1047.txt	7.925935185828994E-5	1.1080972100956479E-4	9.268307278391393E-5	8.581281313688845E-5	7.344586475828906E-5	5.3287124194834416E-5	8.712821973606688E-5	0.003313011829432808	0.5308507858723189	7.834043059100498E-5	6.292759524571703E-5	5.7492025683143205E-5	6.83124169526314E-5	6.281311465368726E-5	8.386429104399104E-5	8.170949401682577E-5	0.4646116096975786	3.696261990574927E-5	8.132920441652188E-5	2.8415240682703685E-5
432	file:/home/ulrike/Git/johnson-topics/data/letters-leipzig-lemmata-NVAdj/uj0326.txt	1.4929063452021675E-4	0.4129496019341972	1.7457516899624666E-4	1.616345456126882E-4	1.3834051749824102E-4	1.0037009382852229E-4	1.6411220763286896E-4	1.2561399004359526E-4	1.4512427764198598E-4	1.4755978086256419E-4	0.006233208369659542	1.0829032527839587E-4	1.286713029233695E-4	1.1831297535218601E-4	1.5796436546605496E-4	1.5390565178867162E-4	0.5602230513665867	6.962172727736912E-5	0.0184972286351151	5.352212971852375E-5
433	file:/home/ulrike/Git/johnson-topics/data/letters-leipzig-lemmata-NVAdj/uj0129.txt	7.389371068330184E-4	0.0010330820620155948	8.640868244518226E-4	8.000352057123533E-4	6.847378074750536E-4	4.967973174242436E-4	8.122987774413253E-4	6.217458896793434E-4	7.183150784818911E-4	0.030995924057384522	5.866756929070931E-4	5.359997290947822E-4	6.368785330720391E-4	5.856083872140783E-4	7.81869080906032E-4	7.617798492414488E-4	0.624056379752545	3.446035171087026E-4	0.33367932926435523	2.6491606665649014E-4
434	file:/home/ulrike/Git/johnson-topics/data/letters-leipzig-lemmata-NVAdj/uj0086.txt	0.21558495837081262	8.632568978907186E-4	7.220422646088518E-4	6.685198933172297E-4	5.721758776801643E-4	4.151303433566048E-4	6.787674944295339E-4	5.195390063725574E-4	0.038535673399499495	6.103067174546596E-4	4.902338907508975E-4	4.4788839185327223E-4	5.321840413338438E-4	0.013134488674310557	6.533400415672108E-4	6.365532165458367E-4	0.6352760018741429	2.8795521103240217E-4	6.335905918079755E-4	0.08873739380123276
435	file:/home/ulrike/Git/johnson-topics/data/letters-leipzig-lemmata-NVAdj/uj0412.txt	5.543742309124459E-4	7.750511759436631E-4	6.482655483361796E-4	0.03465949072431282	5.137121845492025E-4	0.011725806138840607	0.2390243637307918	4.6645363485833114E-4	5.389029262489026E-4	0.011901039813347855	4.401428525417005E-4	4.02124125096003E-4	4.778066275080747E-4	4.3934212570413597E-4	5.86583169789917E-4	5.715115862265923E-4	0.6952488966594583	2.58532570634636E-4	5.688516760740414E-4	1.9874849882485238E-4
436	file:/home/ulrike/Git/johnson-topics/data/letters-leipzig-lemmata-NVAdj/uj0996.txt	3.365705666849132E-4	0.0280412151427044	3.9357367424293745E-4	3.6439948686368495E-4	3.118839069811968E-4	2.2628090145540236E-4	3.6998529010489895E-4	2.8319239146110445E-4	3.2717765935335637E-4	0.0072253353254271456	2.6721864228510726E-4	0.12431214113999889	2.9008499749620946E-4	2.667325066199712E-4	3.561251927945497E-4	3.46974963332408E-4	0.8287654576577426	1.569597736564874E-4	0.007238026992423689	1.2066378837118239E-4
437	file:/home/ulrike/Git/johnson-topics/data/letters-leipzig-lemmata-NVAdj/uj0592.txt	0.07126039368841129	0.2133185475617081	0.06539500584089669	3.1267545978954216E-4	2.6761410905275045E-4	1.9416186755122185E-4	0.006231768148192676	2.4299515888759948E-4	2.807370173642576E-4	0.029856947158944023	2.2928877469053244E-4	2.0948323341915307E-4	2.489094064067812E-4	2.2887164267444544E-4	3.055756454490555E-4	2.977242287830237E-4	0.610584745700275	1.3468040204695354E-4	2.9633857061285606E-4	1.0353638484409015E-4
438	file:/home/ulrike/Git/johnson-topics/data/letters-leipzig-lemmata-NVAdj/uj0081.txt	3.088923680401476E-4	4.3185159002700747E-4	0.2533948850073301	3.3443275066685687E-4	0.006612077770032464	2.0767247766574124E-4	0.00666540113100327	2.599037975036756E-4	3.0027189532025447E-4	3.0531111535968654E-4	2.4524366468798485E-4	2.2405996945877932E-4	2.6622958356726975E-4	2.4479750684871886E-4	3.2683890099054674E-4	3.1844114929612216E-4	0.7289819373250537	1.440520383268893E-4	3.169590711258523E-4	1.1074088769492058E-4
439	file:/home/ulrike/Git/johnson-topics/data/letters-leipzig-lemmata-NVAdj/uj0544.txt	6.097550794996072E-4	8.524771987073661E-4	7.130259469528122E-4	6.601719225501789E-4	0.038026761812896444	4.0994650962854516E-4	6.702915593709594E-4	5.130513962342565E-4	5.927382232334808E-4	6.026856687960095E-4	4.841122207304303E-4	4.4229550039339425E-4	5.255385295635041E-4	4.832315029241696E-4	0.013132425236903467	0.05057757886784515	0.8770880279100698	2.8435944416301185E-4	0.01311292240333457	2.1860306620297268E-4
440	file:/home/ulrike/Git/johnson-topics/data/letters-leipzig-lemmata-NVAdj/uj0340.txt	5.481510214342525E-4	7.663507249571898E-4	6.409883480627256E-4	5.93474209292467E-4	5.079454328538933E-4	0.05649676478174112	6.025714508675707E-4	4.6121739096436384E-4	5.328533921770565E-4	5.417958391185997E-4	4.3520196420497484E-4	3.9761002157681744E-4	4.724429389250794E-4	4.3441022604431313E-4	5.799983941303827E-4	5.650959988453953E-4	0.9344085141233506	2.5563037523253896E-4	5.624659479055376E-4	1.965174183151617E-4
441	file:/home/ulrike/Git/johnson-topics/data/letters-leipzig-lemmata-NVAdj/uj0843.txt	3.935328787500941E-4	5.501845205642798E-4	4.601833801173489E-4	4.260716571059305E-4	3.646681673892152E-4	2.6457742705492045E-4	4.326028200988741E-4	0.008390325379873142	0.008441754859481908	0.1293362435109953	0.040608466479375334	2.854553039080307E-4	3.391799386123038E-4	3.1187519520877637E-4	4.163969942359001E-4	4.0569814977980826E-4	0.8078443638857278	1.83524163100176E-4	4.0380996298976376E-4	1.4108532563115558E-4
442	file:/home/ulrike/Git/johnson-topics/data/letters-leipzig-lemmata-NVAdj/uj1097.txt	0.12258099453695093	2.3213902241947044E-4	1.9416489559641846E-4	1.7977215691159887E-4	0.006954694855538554	1.1163299397772174E-4	1.825278465680239E-4	1.3970960132817398E-4	1.6140921059321832E-4	1.6411801065491824E-4	1.3182914197832832E-4	1.2044198394694947E-4	1.4310998661503982E-4	1.3158931272438137E-4	1.756901322508843E-4	0.037575744473008155	0.6808948162687349	0.1496957082302217	1.7037929376047272E-4	5.952804622012744E-5
443	file:/home/ulrike/Git/johnson-topics/data/letters-leipzig-lemmata-NVAdj/uj0791.txt	5.918230488126332E-5	8.274070552987845E-5	0.6787898505832627	0.0012760768720140334	5.484142197080639E-5	3.978905651389811E-5	6.505792368074087E-5	4.979632834975532E-5	5.7530663411562074E-5	5.8496153943521996E-5	4.698751680351065E-5	4.2928821803951265E-5	5.1008318797446195E-5	4.690203508884047E-5	6.262077502337482E-5	6.101180584019323E-5	0.31904563375661193	2.7599683686329638E-5	6.072784672949297E-5	2.1217426056738E-5
444	file:/home/ulrike/Git/johnson-topics/data/letters-leipzig-lemmata-NVAdj/uj0657.txt	2.4776644478577165E-4	0.0663088771488604	0.1931031427957435	2.682527062043949E-4	2.2959335862238146E-4	1.6657670047841915E-4	0.09160503425279817	2.084720975865521E-4	0.005314889053056901	2.448938770685854E-4	1.967130210807874E-4	1.797213132970477E-4	2.1354608997230245E-4	1.9635515227894683E-4	2.621615840815835E-4	2.5542564206164066E-4	0.6354659321124067	1.1554594769320487E-4	0.005328274046182825	8.882665573992008E-5
445	file:/home/ulrike/Git/johnson-topics/data/letters-leipzig-lemmata-NVAdj/uj0973.txt	0.014522293716800829	4.838886420803252E-4	4.047324171980261E-4	0.007462821362648424	3.2072655215182813E-4	2.3269649929701002E-4	3.804752466737321E-4	2.912215644214908E-4	3.364539185147303E-4	3.4210035214687754E-4	2.747949217397812E-4	2.510586434547744E-4	0.18458865713020822	2.7429500298069455E-4	3.6622218287873107E-4	3.568125228061845E-4	0.7884701026206038	1.61409953846742E-4	3.551518578698254E-4	1.240848916779806E-4
446	file:/home/ulrike/Git/johnson-topics/data/letters-leipzig-lemmata-NVAdj/uj1162.txt	0.35570193149380896	5.053817927476057E-4	4.227096418449435E-4	3.913757109820045E-4	3.349724416167277E-4	2.430323089941286E-4	3.97375027100014E-4	3.0415691445318926E-4	3.5139837914960836E-4	3.572956135615937E-4	2.8700064045672567E-4	2.6221005471108736E-4	3.115597750080319E-4	2.8647851652835823E-4	3.824888770513261E-4	3.726612628792626E-4	0.6384188688851393	1.685793894472803E-4	3.709268352657479E-4	1.295964392540969E-4
447	file:/home/ulrike/Git/johnson-topics/data/letters-leipzig-lemmata-NVAdj/uj1176.txt	3.510902558135307E-4	4.908469774700155E-4	4.1055248333935206E-4	3.801197184929756E-4	3.2533861105169573E-4	0.27345669906320486	3.8594649386492256E-4	2.954093405785072E-4	3.4129213748621917E-4	3.4701976702906023E-4	2.787464822075544E-4	2.54668875420808E-4	3.025992943523093E-4	2.7823937459944175E-4	3.7148847052015843E-4	3.6194349921069946E-4	0.7207181399302366	1.6373103455917916E-4	3.6025895385518567E-4	1.258692367069872E-4
448	file:/home/ulrike/Git/johnson-topics/data/letters-leipzig-lemmata-NVAdj/uj1161.txt	0.044460798068852524	0.02318202846208073	0.0012391104755126892	0.0011472597152560775	9.819219159604676E-4	7.124130848974715E-4	0.0011648458186042112	8.915907790833184E-4	0.0010300721099760928	0.001047358975978372	8.412997122957245E-4	7.686297955239088E-4	9.132911642986385E-4	0.10934265351436287	0.0011212092826953636	0.0010924010927123972	0.808101741040564	4.941654193359561E-4	0.001087316876001502	3.798926960076302E-4
449	file:/home/ulrike/Git/johnson-topics/data/letters-leipzig-lemmata-NVAdj/uj0403.txt	6.5914014055539E-4	9.21520721135051E-4	7.707750844483444E-4	7.136403261741541E-4	6.107937610510169E-4	0.04093896642624721	7.245795689302663E-4	5.546042678373534E-4	6.407450612716386E-4	6.514981667178991E-4	5.233212611835951E-4	4.78117736281205E-4	5.681027545158551E-4	5.223692126019176E-4	0.2301737361178146	6.795161215455636E-4	0.7186485214647963	3.0739018057492204E-4	6.763535402889791E-4	2.3630808602876009E-4
450	file:/home/ulrike/Git/johnson-topics/data/letters-leipzig-lemmata-NVAdj/uj0879.txt	0.0010831493012233232	0.001514313062953819	0.001266596346896909	0.0011727081587976254	0.0010037028467368531	7.282157875707948E-4	0.0011906843559947975	9.113679902081786E-4	0.0010529211053568804	0.0010705914275440315	8.59961370109709E-4	7.856794937706356E-4	9.335497320166383E-4	8.583968913402839E-4	0.001146079877164519	0.26729988519140885	0.7151173149716762	5.051269658863371E-4	0.001111435671216516	3.8831945212713595E-4
451	file:/home/ulrike/Git/johnson-topics/data/letters-leipzig-lemmata-NVAdj/uj0377.txt	5.245953331125309E-4	7.334183429742399E-4	6.134431622390925E-4	5.679708480755248E-4	0.011229364980248749	3.5269247113675666E-4	5.766771539800722E-4	4.4139750066900794E-4	5.099550887232877E-4	5.185132519825031E-4	4.1650003458165654E-4	3.805235301253372E-4	4.5214065327029996E-4	4.157423197769966E-4	5.550741289826381E-4	0.22614900924281503	0.7545919692019428	2.44645173693031E-4	5.382951043927819E-4	1.8807247727772796E-4
452	file:/home/ulrike/Git/johnson-topics/data/letters-leipzig-lemmata-NVAdj/uj0982.txt	3.6148663645401926E-4	5.053817927476057E-4	4.227096418449435E-4	3.913757109820045E-4	0.46671930631689507	2.430323089941286E-4	3.97375027100014E-4	3.0415691445318926E-4	3.5139837914960836E-4	3.572956135615937E-4	2.8700064045672567E-4	2.6221005471108736E-4	3.115597750080319E-4	2.8647851652835823E-4	3.824888770513261E-4	3.726612628792626E-4	0.5273749798672159	1.685793894472803E-4	3.709268352657479E-4	1.295964392540969E-4
453	file:/home/ulrike/Git/johnson-topics/data/letters-leipzig-lemmata-NVAdj/uj0492.txt	2.8709867778897296E-4	0.0062809090657435975	0.05913098770307857	3.108370761471987E-4	2.660406648148367E-4	1.9302028771149514E-4	0.012074654772383198	2.4156646241884464E-4	2.790864166395633E-4	2.837700979476771E-4	2.279406652704719E-4	2.0825157120324972E-4	2.474459369631873E-4	2.2752598579311493E-4	3.037790053530589E-4	2.9597375129914176E-4	0.9186096994343141	1.3388854505813193E-4	2.945962401428639E-4	1.0292763992879406E-4
454	file:/home/ulrike/Git/johnson-topics/data/letters-leipzig-lemmata-NVAdj/uj0508.txt	3.461131369472911E-4	0.255655139079444	4.047324171980261E-4	3.747310727216561E-4	3.2072655215182813E-4	0.014408877079150548	3.804752466737321E-4	0.0640840341737624	3.364539185147303E-4	3.4210035214687754E-4	2.747949217397812E-4	2.510586434547744E-4	2.9830959211223475E-4	2.7429500298069455E-4	3.6622218287873107E-4	3.568125228061845E-4	0.660884477401922	1.61409953846742E-4	3.551518578698254E-4	1.240848916779806E-4
455	file:/home/ulrike/Git/johnson-topics/data/letters-leipzig-lemmata-NVAdj/uj0392.txt	1.8631683796969E-4	2.6048303891910074E-4	2.1787229707969567E-4	2.017222148060837E-4	1.7265093598267474E-4	1.2526330649575312E-4	0.04599205891472418	1.5676804847734402E-4	1.8111716525143852E-4	1.8415670795538273E-4	1.4792539040921015E-4	1.351478681393618E-4	1.605836184913251E-4	1.476562781667328E-4	0.03835317889640826	1.920764452444356E-4	0.9128401542587605	8.688890714407755E-5	1.91182489462813E-4	6.679638011189853E-5
456	file:/home/ulrike/Git/johnson-topics/data/letters-leipzig-lemmata-NVAdj/uj0619.txt	8.865052572582171E-4	0.001239391919403149	0.019191489754350005	9.598048457673818E-4	8.2148218103665E-4	5.960093621173281E-4	0.2732971470827271	7.459105717964421E-4	8.617649425825143E-4	8.762272457005275E-4	0.018858678715004094	6.43040623264952E-4	7.640652534327915E-4	7.025562922191971E-4	9.380108865848015E-4	9.139097698317682E-4	0.6760631063827309	4.1342196346836143E-4	9.096562814793428E-4	3.1782066924434073E-4
457	file:/home/ulrike/Git/johnson-topics/data/letters-leipzig-lemmata-NVAdj/uj1230.txt	0.005792027010413765	3.7700018738122724E-4	3.153291560366569E-4	2.919549506809488E-4	2.498797445204397E-4	1.8129506710629886E-4	2.964302668342127E-4	2.2689225331751228E-4	2.621330184148972E-4	2.665321845705719E-4	2.1409416956331458E-4	1.956011102455572E-4	0.35918636343877314	2.1370468022741948E-4	2.8532562982853574E-4	2.779945141501586E-4	0.6308683114000863	1.257553444193378E-4	2.7670068135942966E-4	9.66751920703535E-5
458	file:/home/ulrike/Git/johnson-topics/data/letters-leipzig-lemmata-NVAdj/uj0571.txt	0.0011334327714959942	0.024796311236002188	0.0013253960522419924	0.0012271492554911468	0.20995558568842823	7.620220383480881E-4	0.024457658585024203	9.536767884424937E-4	0.001101801280085225	0.0011202919186584946	8.998836983988184E-4	8.221534050072892E-4	9.768882820622336E-4	8.982465912100187E-4	0.0011992847985621707	0.0011684705475085164	0.7251037915361704	5.285766756764681E-4	0.0011630322908796431	4.0634656030629624E-4
459	file:/home/ulrike/Git/johnson-topics/data/letters-leipzig-lemmata-NVAdj/uj0966.txt	2.2390797907743005E-4	3.1303789536086683E-4	2.6183004320848443E-4	0.24785601765930998	2.0748485527645287E-4	1.5053633431984044E-4	2.461375616166678E-4	1.8839744867388212E-4	0.06441377673868676	2.213120229023541E-4	1.7777070275395252E-4	1.6241519747469256E-4	1.9298284514243923E-4	1.7744729463359843E-4	0.018578664811513337	0.07818325805044953	0.5880305745270147	1.0441954583858831E-4	2.2975532065209483E-4	8.027316609450039E-5
460	file:/home/ulrike/Git/johnson-topics/data/letters-leipzig-lemmata-NVAdj/uj0924.txt	0.0015710273248952607	0.0021963982229036955	0.0018371035907424663	0.0017009257722069321	0.0014557961644972182	0.0010562227196211447	0.0017269989063192534	0.0013218713376215532	0.0015271835799610834	0.0015528130651708916	0.0012473098669508035	0.0011395695421946746	0.0013540443007167642	0.0012450407071099494	0.0016623034345353207	0.0016195924492709913	0.9728778669861369	7.326490125161925E-4	0.0016120545961414439	5.632284204874408E-4
461	file:/home/ulrike/Git/johnson-topics/data/letters-leipzig-lemmata-NVAdj/uj0687.txt	7.172297510167826E-4	0.0010027337689062453	0.05959162153752914	7.765330040833886E-4	6.646226351684489E-4	4.8220317126734146E-4	7.884363154970549E-4	6.034811968797146E-4	6.972135248414169E-4	7.089142947799312E-4	5.694412383142629E-4	0.27959661694614407	6.181692967902548E-4	5.684052862834594E-4	7.58900535702393E-4	7.39401454533414E-4	0.6497885018287611	3.3448028592673504E-4	7.359601569584869E-4	2.571337706164436E-4
462	file:/home/ulrike/Git/johnson-topics/data/letters-leipzig-lemmata-NVAdj/uj0594.txt	1.7815940951852982E-4	2.4907842420001123E-4	2.0833328979358737E-4	1.9289029949332012E-4	1.6509183572822742E-4	0.011065419379031442	1.958470744036854E-4	1.4990434172481754E-4	1.7318739179180133E-4	0.011121734276508888	1.414488378790015E-4	0.051208886046168425	0.2409576421178488	1.4119150805988034E-4	1.8851040567176722E-4	1.8366684643249373E-4	0.6831492399337334	8.30846882073939E-5	1.828120303250227E-4	6.387186347938702E-5
463	file:/home/ulrike/Git/johnson-topics/data/letters-leipzig-lemmata-NVAdj/uj1114.txt	2.6965856632479656E-4	0.12739147440142748	0.15494164559052775	0.01685906028294785	2.498797445204397E-4	1.8129506710629886E-4	2.964302668342127E-4	2.2689225331751228E-4	0.09414239656792736	2.665321845705719E-4	2.1409416956331458E-4	1.956011102455572E-4	2.3241457299024847E-4	2.1370468022741948E-4	2.8532562982853574E-4	2.779945141501586E-4	0.6032564691796414	1.257553444193378E-4	2.7670068135942966E-4	9.66751920703535E-5
464	file:/home/ulrike/Git/johnson-topics/data/letters-leipzig-lemmata-NVAdj/uj0712.txt	7.068474138874415E-4	9.882185873692265E-4	0.08768021368702597	0.04419211792152273	6.550018180560415E-4	4.7522298690962675E-4	0.05867945749367534	5.947454392952849E-4	0.058589555208429754	6.986523289401425E-4	5.611982298457117E-4	5.127229622813235E-4	6.092209200209063E-4	5.601772738510018E-4	7.479149886052042E-4	7.286981685026712E-4	0.712760460666109	3.296384802338079E-4	7.253066858044061E-4	0.029204628739634548
465	file:/home/ulrike/Git/johnson-topics/data/letters-leipzig-lemmata-NVAdj/uj1069.txt	3.148677794458755E-4	0.1487491059965081	0.10353960417442397	3.4090223155906193E-4	2.9177296815739457E-4	2.1168982681416166E-4	3.461278503061378E-4	2.649315426883466E-4	3.060805467916401E-4	3.1121724872449236E-4	0.019594626996626712	2.2839432872302968E-4	2.713796988008818E-4	0.1292137942378495	3.331614816007633E-4	0.006772814339007783	0.5883267164187382	1.4683867303171623E-4	3.2309052999215937E-4	1.1288313021004371E-4
466	file:/home/ulrike/Git/johnson-topics/data/letters-leipzig-lemmata-NVAdj/uj0227.txt	2.0087992341684765E-4	2.8084317810271695E-4	2.3490185229067608E-4	2.174894309247299E-4	1.8614585335378464E-4	1.3505426396245247E-4	2.208232807570805E-4	1.690215115042934E-4	0.004309116623400102	1.9855095113193225E-4	1.594876846377325E-4	1.4571143272730795E-4	1.7313531796726497E-4	0.6131217739612287	2.1255097306934525E-4	2.0708971895046568E-4	0.37945560036130604	9.368040593150972E-5	2.061258888913724E-4	7.201738644568276E-5
467	file:/home/ulrike/Git/johnson-topics/data/letters-leipzig-lemmata-NVAdj/uj1124.txt	0.44101662662879015	2.369738800903878E-4	1.9820885005574624E-4	1.8351634771072626E-4	1.57068814809698E-4	1.1395802159106879E-4	1.8632943128194925E-4	1.4261939232600873E-4	1.6477094853740241E-4	1.6753616592446536E-4	0.01054828642432025	1.2295048012272026E-4	1.4609059887643E-4	1.343299790346176E-4	1.7934930499471864E-4	1.7474112975808474E-4	0.5458129008893658	7.904699495286645E-5	1.739278554232973E-4	6.076786203352412E-5
468	file:/home/ulrike/Git/johnson-topics/data/letters-leipzig-lemmata-NVAdj/uj0941.txt	3.967302086626539E-4	5.546545954170208E-4	4.639222242291428E-4	0.15479851144724877	3.6763098067042093E-4	2.66727034793917E-4	4.361175809019688E-4	3.33811056809431E-4	3.856583846398299E-4	3.921305769779749E-4	3.149821113489356E-4	2.877745377793728E-4	0.016591301783162375	3.1440908232335135E-4	0.3741552007339758	4.089943186637934E-4	0.448797105713496	1.850152387587624E-4	4.0709079095452636E-4	1.4223159918597638E-4
469	file:/home/ulrike/Git/johnson-topics/data/letters-leipzig-lemmata-NVAdj/uj0061.txt	3.84242804643212E-4	5.371963936643485E-4	4.493198972042465E-4	0.047629725988339804	3.5605949837475644E-4	2.5833158576167163E-4	0.10271876760531212	3.233040839560461E-4	0.00824247156583233	3.797879500839776E-4	3.0506779477453136E-4	2.787166015766502E-4	3.3117296655120444E-4	3.045128023007425E-4	4.065671702409627E-4	3.961208918682202E-4	0.8359874106410965	1.7919173455946733E-4	3.942772792323426E-4	1.3775474462692045E-4
470	file:/home/ulrike/Git/johnson-topics/data/letters-leipzig-lemmata-NVAdj/uj1167.txt	1.021378473137937E-4	1.427953433885574E-4	0.11934591399089244	1.1058298863474616E-4	9.464627636526727E-5	0.31591424970033616	1.1227809205449978E-4	8.593936636937342E-5	9.928741584465903E-5	1.0095367613536724E-4	8.109187072993974E-5	7.408730456797708E-5	8.803104048616197E-5	8.094434490547885E-5	1.0807201866911057E-4	1.0529523177150482E-4	0.5631646389073879	4.763201237124858E-5	1.0480517021762902E-4	3.6617401558162405E-5
471	file:/home/ulrike/Git/johnson-topics/data/letters-leipzig-lemmata-NVAdj/uj0225.txt	3.562126053848012E-4	4.980083548166381E-4	4.165423771122351E-4	3.8566560319018035E-4	3.300852483258544E-4	2.3948650724324737E-4	3.9157739026448636E-4	2.99719314677775E-4	3.462715341091179E-4	3.520827288328415E-4	2.828133479208181E-4	2.583844527779892E-4	3.070141687044917E-4	2.8229884169540977E-4	3.769084267171528E-4	0.3651131468219991	0.6291044417110008	1.6611984364969215E-4	3.6551507323551554E-4	1.2770564834190486E-4
472	file:/home/ulrike/Git/johnson-topics/data/letters-leipzig-lemmata-NVAdj/uj0060.txt	3.012692416352364E-4	4.211939642662121E-4	3.5229355773633763E-4	3.26179315502851E-4	2.7917185112156026E-4	2.0254734764679148E-4	0.32115698628609657	2.534896555355275E-4	2.928615127705275E-4	2.9777637036103766E-4	2.3919131879228704E-4	2.185304140336909E-4	2.5965932810535303E-4	2.38756171641394E-4	0.024997681107310172	3.105823693948524E-4	0.649294188405972	1.404969912921621E-4	3.091368672957416E-4	1.0800792348979418E-4
473	file:/home/ulrike/Git/johnson-topics/data/letters-leipzig-lemmata-NVAdj/uj0795.txt	3.210789356039898E-4	4.488892028783966E-4	0.02010169441225774	3.47626949466335E-4	2.97528550615312E-4	2.1586567031819015E-4	3.5295565000259224E-4	0.3356161713708865	3.121183639237379E-4	3.173563936517008E-4	2.549191335520649E-4	2.32899689175671E-4	0.02000296910034414	2.5445537368304713E-4	3.39733503646756E-4	3.310044398870389E-4	0.6196584242331846	1.4973524736477546E-4	3.2946389006895365E-4	1.1510988948844697E-4
474	file:/home/ulrike/Git/johnson-topics/data/letters-leipzig-lemmata-NVAdj/uj0607.txt	0.13724393202576662	4.673263840550879E-4	0.007236362744602762	3.6190499627190186E-4	3.097489109130377E-4	2.247318993296341E-4	3.674525619904654E-4	2.812538026824969E-4	0.1509255699621517	3.3039114095642234E-4	2.6538940153928093E-4	2.42465554734015E-4	2.880992254982856E-4	2.649065937077086E-4	3.5368734374440744E-4	3.445997520249871E-4	0.6998734586780946	1.5588530815148797E-4	3.4299592735884224E-4	1.1983778642630748E-4
475	file:/home/ulrike/Git/johnson-topics/data/letters-leipzig-lemmata-NVAdj/uj0904.txt	4.783445665720854E-4	0.05944519341157317	0.010355431931458044	5.178958942244105E-4	4.432591173232158E-4	3.215974611100094E-4	5.258346116728583E-4	0.05917891848607254	0.0200571406221956	0.010268871483985144	0.019971925000657163	3.469748043855337E-4	4.1227782857878985E-4	3.7908854159924746E-4	5.061362099205367E-4	0.2453949509679385	0.5705107553099135	2.2307611636537852E-4	4.90836502244305E-4	1.7149113221000595E-4
476	file:/home/ulrike/Git/johnson-topics/data/letters-leipzig-lemmata-NVAdj/uj1224.txt	1.660430898151625E-4	2.3213902241947044E-4	1.9416489559641846E-4	1.7977215691159887E-4	0.0035542795375625596	0.003512048311953715	0.01718460443644799	1.3970960132817398E-4	0.09877345343189703	1.6411801065491824E-4	1.3182914197832832E-4	0.11573456279513074	0.030746847848398984	0.010332835266652362	1.756901322508843E-4	1.711759752722258E-4	0.7182993847664708	7.743423927800026E-5	1.7037929376047272E-4	5.952804622012744E-5
477	file:/home/ulrike/Git/johnson-topics/data/letters-leipzig-lemmata-NVAdj/uj0421.txt	1.4793378295708038E-4	2.0682103541134437E-4	0.0032025412784620344	1.601655044596632E-4	1.370831878069591E-4	9.945786434312257E-5	0.36370895227059385	1.2447232741157415E-4	1.438052926728324E-4	1.4621866043687317E-4	1.1745134168817002E-4	1.0730611151576603E-4	1.275018534192968E-4	1.1723766914786955E-4	1.5652868132624753E-4	1.5250685591057717E-4	0.6308701945742865	6.898895918854597E-5	1.5179706359114495E-4	5.303568537052861E-5
478	file:/home/ulrike/Git/johnson-topics/data/letters-leipzig-lemmata-NVAdj/uj1037.txt	4.978525664590243E-4	6.960302185142113E-4	0.15351586095018066	5.390168889048288E-4	4.6133625128669503E-4	3.347129508080167E-4	0.04132959665365841	4.188959845159846E-4	4.839586509346014E-4	4.920805370320168E-4	3.9526773888068557E-4	3.611252409489302E-4	4.2909147379470235E-4	3.945486507829974E-4	5.267776174244675E-4	5.132426691184236E-4	0.6753421405252079	2.3217367732236873E-4	0.12285780581624924	1.7848493797587473E-4
479	file:/home/ulrike/Git/johnson-topics/data/letters-leipzig-lemmata-NVAdj/uj0778.txt	0.0014327396627132926	0.002003063090756181	0.001675394907052441	0.0015512039660637849	0.0013276515771869894	9.63250071516742E-4	0.0015749820460385913	0.0012055153111614645	0.0013927552071066605	0.06009860564425451	0.001137517018167204	0.001039260397097925	0.0012348562905085889	0.0011354475982064502	0.0015159813100526856	0.00147702990440107	0.9165827809499985	6.681585243271687E-4	0.0014701555611103636	5.136509622794219E-4
480	file:/home/ulrike/Git/johnson-topics/data/letters-leipzig-lemmata-NVAdj/uj1197.txt	3.461131369472911E-4	4.838886420803252E-4	4.047324171980261E-4	3.747310727216561E-4	0.014496907132005367	2.3269649929701002E-4	3.804752466737321E-4	2.912215644214908E-4	3.364539185147303E-4	3.4210035214687754E-4	2.747949217397812E-4	2.510586434547744E-4	2.9830959211223475E-4	2.7429500298069455E-4	3.6622218287873107E-4	3.568125228061845E-4	0.8593510055198715	1.61409953846742E-4	3.551518578698254E-4	0.12062161982043304
481	file:/home/ulrike/Git/johnson-topics/data/letters-leipzig-lemmata-NVAdj/uj0896.txt	7.502910946834651E-4	0.001048955674359832	8.773637748388521E-4	8.123279839766886E-4	6.952590070127703E-4	5.044307555802246E-4	0.016190076636774846	6.312991997137245E-4	7.293522027492465E-4	7.415923300910943E-4	5.956901389645771E-4	5.442355239353845E-4	6.466643606612122E-4	5.946064338029754E-4	7.938827312737799E-4	7.73484822605247E-4	0.7258369710382121	3.498984523749019E-4	7.698848953560451E-4	0.24611373294303315
482	file:/home/ulrike/Git/johnson-topics/data/letters-leipzig-lemmata-NVAdj/uj1011.txt	0.0011603668572711919	0.04914883786403086	0.14393660074574757	0.0012563103527680004	0.0010752566766066363	7.801301850856918E-4	0.0012755680704471895	9.763392815940038E-4	0.0011279836977206965	0.0011469137346049158	9.212678910301865E-4	8.416904705375276E-4	0.0010001023565477643	9.195918807969758E-4	0.048754353388017535	0.001196237245934615	0.7423346394596683	5.411373937706239E-4	0.001190669758464537	4.160026893551332E-4
483	file:/home/ulrike/Git/johnson-topics/data/letters-leipzig-lemmata-NVAdj/uj0358.txt	0.0016232526331901589	0.0355121878592916	0.0018981740125459741	0.0017574692653929383	0.03474696613309755	0.0010913344941181082	0.0017844091428429803	0.001365814009425863	0.0015779514004964081	0.0016044328809231747	0.0012887739085422616	0.0011774519963834078	0.001399056491102821	0.00128642931553078	0.10144588880565178	0.001673432197081174	0.7725196004304364	7.570042989865675E-4	0.03490841902866801	5.819516962919315E-4
484	file:/home/ulrike/Git/johnson-topics/data/letters-leipzig-lemmata-NVAdj/uj0735.txt	4.691528555420837E-4	6.559061588897099E-4	0.09662695748224258	5.079441779596085E-4	4.347415966852248E-4	3.154177506312453E-4	5.157303476384476E-4	3.9474788431559024E-4	4.5605988267803795E-4	4.637135663420422E-4	0.009980316414883703	3.403074512692261E-4	4.043556341415677E-4	3.7180410152682123E-4	4.964104638610615E-4	4.8365576482925954E-4	0.8862143883414674	2.1878955947184144E-4	4.8140475030879616E-4	1.6819581531578838E-4
485	file:/home/ulrike/Git/johnson-topics/data/letters-leipzig-lemmata-NVAdj/uj1225.txt	3.8124282313309235E-4	5.330022246940473E-4	4.4581182530946303E-4	4.1276541347187495E-4	3.532795584546879E-4	2.563146579977685E-4	0.016034122864071392	3.207798824295792E-4	3.7060321627803823E-4	0.16433464044024984	3.0268597335172975E-4	2.7654051749338476E-4	3.2858732860483445E-4	0.023724680698323168	4.033928909087131E-4	3.930281720123982E-4	0.7904228506450506	1.7779269238106185E-4	3.911989534100656E-4	1.366792223742767E-4
486	file:/home/ulrike/Git/johnson-topics/data/letters-leipzig-lemmata-NVAdj/uj0962.txt	2.0949835645924628E-4	0.051776980288520624	2.44979941982604E-4	2.26820468422014E-4	1.941321445966416E-4	1.4084855196920112E-4	2.302973517694357E-4	1.7627311014514887E-4	0.008784333071312812	0.004497410128441192	0.10742484687742461	1.519629495793248E-4	0.02592260740359097	1.6602765447238917E-4	2.2167013390103038E-4	2.159745733758634E-4	0.6145429122103575	9.769961448243117E-5	0.02595701338239509	0.15881771178680193
487	file:/home/ulrike/Git/johnson-topics/data/letters-leipzig-lemmata-NVAdj/uj0171.txt	4.879036458142375E-4	6.82120981368717E-4	5.705372054693155E-4	5.282453540866881E-4	4.5211706057877174E-4	3.2802415815991155E-4	5.363427162328578E-4	4.1052490602981514E-4	4.7428738169167636E-4	4.822469627098112E-4	3.8736883942228144E-4	0.010345742878623644	4.2051665203069827E-4	3.866641213427523E-4	5.16250668150144E-4	5.029861977640711E-4	0.6318708243376125	0.3499417325625794	5.006452161877235E-4	1.7491815414498764E-4
488	file:/home/ulrike/Git/johnson-topics/data/letters-leipzig-lemmata-NVAdj/uj0201.txt	4.92827900507306E-4	6.890054092113084E-4	5.76295454122928E-4	5.33576764676195E-4	4.566801327682733E-4	3.3133480056669895E-4	5.417558508961481E-4	4.1466820197048226E-4	4.790742118069972E-4	4.871141263182708E-4	0.3132643155430956	3.574805199516919E-4	0.01051743940804841	3.9056659805203315E-4	5.214610202293863E-4	5.080626758066874E-4	0.6685261293446431	2.2983042301392083E-4	5.056980674556424E-4	1.7668354685898118E-4
489	file:/home/ulrike/Git/johnson-topics/data/letters-leipzig-lemmata-NVAdj/uj0685.txt	0.0030045406711077414	0.057488738160142126	0.14053184951915612	0.08609120906379356	1.2962195341075246E-4	9.404452044383161E-5	0.005883086856086857	1.1769748342438185E-4	1.359781840885321E-4	1.3826019582810462E-4	1.1105863953042297E-4	1.014655991745147E-4	1.2056211682919205E-4	0.11469720477014539	1.4800905758690977E-4	0.003008864838489644	0.5879388903716657	6.523399256214291E-5	1.435349747804854E-4	5.014903175352764E-5
490	file:/home/ulrike/Git/johnson-topics/data/letters-leipzig-lemmata-NVAdj/uj0601.txt	0.056783046782921794	0.0018920338575154879	0.0015825282306287988	0.001465221159158304	0.0012540602173810335	9.098573864070721E-4	0.0014876812267351374	0.001138693930808615	0.0013155551710964826	0.001337633068110778	0.0010744647643923788	9.816544806593966E-4	0.001166408547783792	0.001072510051807821	0.0014319508852302556	0.0013951585452232043	0.9212065743357056	6.311226820805458E-4	0.0013886652448802327	4.8517943147322105E-4
491	file:/home/ulrike/Git/johnson-topics/data/letters-leipzig-lemmata-NVAdj/uj0007.txt	1.749675235221586E-4	0.010994155392416155	2.0460081160415477E-4	1.8943449635919183E-4	1.6213406706475783E-4	1.176330103311677E-4	1.9233829798873898E-4	1.472186706707892E-4	1.7008458396311455E-4	0.0037561187864970404	1.389146547783216E-4	1.2691546322555225E-4	1.5080181883628287E-4	0.17213129284918266	0.0037683128829800526	1.803762897523282E-4	0.8070708399194421	8.159615132057586E-5	1.7953678844394796E-4	6.27275416209292E-5
492	file:/home/ulrike/Git/johnson-topics/data/letters-leipzig-lemmata-NVAdj/uj0042.txt	2.994218902967976E-4	4.186112471278605E-4	3.5013333065216833E-4	3.2417921820850195E-4	2.7745999866020523E-4	2.0130534859059325E-4	0.35597905502841376	2.5193528359934123E-4	2.910657167421733E-4	2.9595043694229215E-4	2.3772462275483075E-4	2.17190408493585E-4	2.580671243851528E-4	2.3729214388055054E-4	3.168181919742281E-4	3.0867791093542647E-4	0.6391808897170869	1.396354785021361E-4	3.0724127250332333E-4	1.0734563025023924E-4
493	file:/home/ulrike/Git/johnson-topics/data/letters-leipzig-lemmata-NVAdj/uj0637.txt	0.0011077206926277975	0.0015486654638063354	0.0012953292598535363	0.04656958726363257	0.0010264719843553719	7.447354632268752E-4	0.0012176951949597393	9.320424988614388E-4	0.001076806765965751	0.0010948779418507378	8.794697124904211E-4	8.035027415335284E-4	9.547274365445512E-4	8.778697433041679E-4	0.0011720788573704758	0.0011419636318552398	0.6859695739104894	5.165858408297359E-4	0.25067316706394427	3.971285324980604E-4
494	file:/home/ulrike/Git/johnson-topics/data/letters-leipzig-lemmata-NVAdj/uj0971.txt	0.0015220577835179257	0.0021279356239703776	0.0017798403472102057	0.0016479072449910445	0.0014104184238401202	0.0010232998408445982	0.0016731676692290575	0.0012806680866421427	0.0014795806654066363	0.0015044112694534162	0.001208430726421483	0.0011040487100840218	0.0013118382057876932	0.001206232297187893	0.001610488780818467	0.0015691091138113217	0.942552880139936	7.098120538172934E-4	0.0015618062185369778	0.031716066798493224
495	file:/home/ulrike/Git/johnson-topics/data/letters-leipzig-lemmata-NVAdj/uj0572.txt	4.032833067623227E-4	5.638162521193227E-4	0.00873046988324306	4.366282871741909E-4	3.737034244324719E-4	2.71132770446693E-4	4.4332127053345576E-4	0.09118705655652164	3.9202860090348116E-4	3.986076994221632E-4	3.201849132285008E-4	0.008551412629928628	3.47583682627633E-4	3.1960241904161396E-4	4.2671391852873344E-4	4.157499925043252E-4	0.8856722371440686	1.8807127780758298E-4	4.1381502276331494E-4	1.4458094794235254E-4
496	file:/home/ulrike/Git/johnson-topics/data/letters-leipzig-lemmata-NVAdj/uj1121.txt	0.30572705950967144	2.2674190586984225E-4	1.8965065856527136E-4	1.7559254388007365E-4	1.502869531827057E-4	1.0903758251694197E-4	1.782841651257019E-4	1.364614227427239E-4	1.5765652690964124E-4	1.6030234872024723E-4	1.2876418014434222E-4	1.1764176786067886E-4	1.3978275076676687E-4	1.2852992680099432E-4	1.7160542425782575E-4	1.6719621917860754E-4	0.6916352100730551	7.563393181586238E-5	1.664180601148559E-4	5.8144048820323046E-5
497	file:/home/ulrike/Git/johnson-topics/data/letters-leipzig-lemmata-NVAdj/uj0621.txt	1.9924063412261889E-4	2.785513452137446E-4	2.3298492557592644E-4	2.1571459902685534E-4	1.8462680207490334E-4	1.3395214780625411E-4	0.20423260138880384	1.6764220415694644E-4	1.9368028809644254E-4	1.9693066751665973E-4	1.581861784964471E-4	1.445223482849521E-4	1.7172243972453648E-4	1.5789839938627312E-4	2.1081644167016977E-4	2.0539975435148537E-4	0.7925467400376394	9.291592293136512E-5	2.0444378966923244E-4	7.142968545202118E-5
498	file:/home/ulrike/Git/johnson-topics/data/letters-leipzig-lemmata-NVAdj/uj0524.txt	0.04544702472217383	0.001514313062953819	0.001266596346896909	0.0011727081587976254	0.0010037028467368531	7.282157875707948E-4	0.0011906843559947975	9.113679902081786E-4	0.0010529211053568804	0.0010705914275440315	8.59961370109709E-4	7.856794937706356E-4	9.335497320166383E-4	8.583968913402839E-4	0.001146079877164519	0.0011166326657057986	0.8925728166554782	5.051269658863371E-4	0.001111435671216516	0.04475219487307764
499	file:/home/ulrike/Git/johnson-topics/data/letters-leipzig-lemmata-NVAdj/uj0109.txt	0.02851130040949498	0.07944505792839719	3.224519499287427E-4	2.9854975772515606E-4	2.555241382720256E-4	1.853902399500682E-4	3.0312616429125163E-4	2.3201739549086618E-4	0.056739155547871865	2.725527309740985E-4	2.1893022298274364E-4	2.000194342941596E-4	2.3766445575318024E-4	2.1853193569014318E-4	2.9177069085283876E-4	2.842739767038589E-4	0.8314732772076411	1.2859596153951008E-4	2.829509182480661E-4	9.885893389825756E-5
500	file:/home/ulrike/Git/johnson-topics/data/letters-leipzig-lemmata-NVAdj/uj0239.txt	6.334865833733917E-4	8.856553822495826E-4	7.407767252425245E-4	6.858656364102098E-4	0.026533509388099265	4.259015176446785E-4	6.963791267772547E-4	5.330192187363266E-4	6.158074356332351E-4	6.261420331045188E-4	5.029537382968583E-4	4.595095224390278E-4	0.01351923612600436	5.020387431901968E-4	6.702919208256551E-4	0.013626313314722234	0.9241973020908316	2.954266373321769E-4	0.013623273820278477	2.2711103880842327E-4
501	file:/home/ulrike/Git/johnson-topics/data/letters-leipzig-lemmata-NVAdj/uj0918.txt	2.1888945997207188E-4	3.060216797483524E-4	2.559615650970182E-4	2.3698806368996583E-4	2.0283443274766362E-4	1.471623166856879E-4	2.406208039709192E-4	1.841748381199114E-4	0.3991697113864699	2.1635168776933567E-4	1.7378627275811416E-4	1.5877493518977684E-4	1.886574606726933E-4	1.7347011328444747E-4	2.3160685707323075E-4	2.2565598381263518E-4	0.5927815111210165	1.0207915811358202E-4	0.0047072678851270405	7.847397868120356E-5
502	file:/home/ulrike/Git/johnson-topics/data/letters-leipzig-lemmata-NVAdj/uj0342.txt	4.280285774443397E-4	0.3336929563620886	0.018031813247580086	4.634195898945847E-4	3.9663368769235984E-4	0.009053415258381147	4.7052325150935407E-4	3.601456825356754E-4	4.160832882207678E-4	4.230660770756442E-4	3.3983130625613706E-4	3.1047730508252183E-4	3.689112510319016E-4	3.392130705047383E-4	4.5289688033429303E-4	4.412602130566212E-4	0.6332190548297061	1.996112413984991E-4	4.3920651449842475E-4	1.5345236570823756E-4
503	file:/home/ulrike/Git/johnson-topics/data/letters-leipzig-lemmata-NVAdj/uj0063.txt	0.0011334327714959942	0.0015846126198095143	0.0013253960522419924	0.0012271492554911468	0.001050298142694194	7.620220383480881E-4	0.0012459599688315309	0.07058877263702051	0.001101801280085225	0.0011202919186584946	0.07053497954697684	8.221534050072892E-4	9.768882820622336E-4	8.982465912100187E-4	0.0011992847985621707	0.0011684705475085164	0.8411622846171338	5.285766756764681E-4	0.0011630322908796431	4.0634656030629624E-4
504	file:/home/ulrike/Git/johnson-topics/data/letters-leipzig-lemmata-NVAdj/uj0926.txt	0.0013168276043917383	0.001841010505879884	0.16334462498355826	0.0014257078628551224	0.0012202413958047231	8.853208416827294E-4	0.001447562239407358	0.055042910752962367	0.001280077986677047	0.0013015604988369646	0.001045489176415508	9.551817505058663E-4	0.0011349534692988346	0.0010435871774687913	0.0013933348037834048	0.0013575346598167252	0.7615266595449064	6.141029049739738E-4	0.001351216467305656	4.7209537346861005E-4
505	file:/home/ulrike/Git/johnson-topics/data/letters-leipzig-lemmata-NVAdj/uj0092.txt	1.6775439364458293E-4	2.345315363052731E-4	1.9616603355249393E-4	1.8162495777725645E-4	1.5545000330380765E-4	1.1278352647080172E-4	0.003619870352329462	0.010447533413216255	1.6307275588437975E-4	1.6580947387945396E-4	1.3318782372622799E-4	1.2168330527252135E-4	1.445849330786069E-4	0.007003868130100401	1.7750086220325397E-4	0.0036084014842899803	0.760057067025984	7.823230627586336E-5	0.21317073611758744	6.014156511794982E-5
506	file:/home/ulrike/Git/johnson-topics/data/letters-leipzig-lemmata-NVAdj/uj1189.txt	2.3466855787623563E-4	3.280818833148558E-4	2.74413082113343E-4	0.014671484083256033	0.005023260253090367	0.0145751830621272	2.5796645060059323E-4	1.974514609529541E-4	2.2811950030571704E-4	2.3194784513332656E-4	0.024215334425289583	1.7022055366499442E-4	0.3221911307279256	1.8597506396279863E-4	2.483027147609443E-4	2.4192286053522507E-4	0.6162901718820366	1.0943774463508168E-4	2.4079691123099402E-4	8.413093718755632E-5
507	file:/home/ulrike/Git/johnson-topics/data/letters-leipzig-lemmata-NVAdj/uj0649.txt	1.2024731781389436E-4	1.6811355917885232E-4	0.05924201683681438	1.3018981825923788E-4	1.1142745978413602E-4	8.084388287581641E-5	0.45816806562972945	1.0117677797529955E-4	1.1689149284019264E-4	1.1885318809818935E-4	9.546980094292059E-5	8.72232956994894E-5	1.0363931472244521E-4	9.529611816845204E-5	1.2723364274330696E-4	1.239645198338332E-4	0.48078677258636743	5.607736877520191E-5	1.2338756830247548E-4	4.3109821075000284E-5
508	file:/home/ulrike/Git/johnson-topics/data/letters-leipzig-lemmata-NVAdj/uj0330.txt	5.190193794712475E-4	7.256227976806375E-4	6.069228399672325E-4	5.619338536179509E-4	4.8095052833300843E-4	3.4894368279542697E-4	0.011199604512373812	4.3670586152211375E-4	5.045347470725403E-4	5.130019451275766E-4	0.08544452817339507	3.764789238746346E-4	4.473348245432E-4	4.113233710073954E-4	5.491742144860312E-4	5.350638112376499E-4	0.8528619371572629	2.420448262233301E-4	0.03241974421311944	0.010815130336888896
509	file:/home/ulrike/Git/johnson-topics/data/letters-leipzig-lemmata-NVAdj/uj0888.txt	1.1514346259756168E-4	0.0025190141022582977	1.3464467819017983E-4	1.2466395709978808E-4	1.0669796034746544E-4	7.741249263089698E-5	1.2657490472933579E-4	0.0024549184292484345	1.1193007443749131E-4	1.1380850622851509E-4	9.141761873708626E-5	8.352113351545999E-5	0.028395673149772555	0.23353682165543416	1.2183325541646882E-4	1.1870288928192931E-4	0.731554094079442	5.369718453205321E-5	1.1815042625589898E-4	4.128003984437574E-5
510	file:/home/ulrike/Git/johnson-topics/data/letters-leipzig-lemmata-NVAdj/uj0299.txt	4.978525664590243E-4	6.960302185142113E-4	5.821711201383479E-4	5.390168889048288E-4	0.02085249489529234	3.347129508080167E-4	5.472793656471189E-4	4.188959845159846E-4	4.839586509346014E-4	0.07186113579105176	3.9526773888068557E-4	3.611252409489302E-4	0.051406988083808815	3.945486507829974E-4	5.267776174244675E-4	5.132426691184236E-4	0.7059288784912164	0.09199238757534775	0.05148875056222948	1.7848493797587473E-4
511	file:/home/ulrike/Git/johnson-topics/data/letters-leipzig-lemmata-NVAdj/uj1186.txt	9.159991035904375E-5	1.280626231909459E-4	1.0711368387147967E-4	0.0019750587159835416	0.007588421194550762	6.158384701738559E-5	1.0069394879529344E-4	7.707268620575781E-5	8.904356837686776E-5	9.053791447165854E-5	7.272532450080816E-5	6.644344516406674E-5	0.3790077146278389	7.259301945765658E-5	9.692183145389752E-5	9.443153586224073E-5	0.6101104329947727	4.271764265818825E-5	9.399203575933055E-5	3.28394497096064E-5
512	file:/home/ulrike/Git/johnson-topics/data/letters-leipzig-lemmata-NVAdj/uj0669.txt	2.624128637347379E-4	3.668702246235428E-4	3.0685628861117385E-4	0.2044954594645298	2.4316549717888044E-4	1.7642368417491162E-4	2.88465210943552E-4	2.2079567789647856E-4	0.011003055280251691	2.5937048759058095E-4	2.0834147755703536E-4	0.021686276832357486	2.2616961331240726E-4	2.0796245376624922E-4	2.7765895458348297E-4	2.7052482535572296E-4	0.7590144715587732	1.2237630908146013E-4	2.692657577413081E-4	9.407753793636664E-5
513	file:/home/ulrike/Git/johnson-topics/data/letters-leipzig-lemmata-NVAdj/uj1115.txt	2.7889968731868654E-4	0.006101538286430502	3.261353949169976E-4	3.0196016231126717E-4	2.584430510176432E-4	1.8750799656579457E-4	0.03457629931693534	2.3466778514674407E-4	2.711162410607817E-4	0.45149352069601284	2.2143111476771046E-4	2.023043036614164E-4	2.4037935311579147E-4	2.210282777450428E-4	2.951036565526246E-4	2.875213056625224E-4	0.5039859070706066	1.300649436627294E-4	2.8618313359665774E-4	9.998822291230208E-5
514	file:/home/ulrike/Git/johnson-topics/data/letters-leipzig-lemmata-NVAdj/uj0378.txt	3.9038667269165135E-4	5.457859201795837E-4	4.5650431842593866E-4	4.2266531089878503E-4	3.6175272814763216E-4	2.624621905680194E-4	0.11235596714096362	3.284735695191965E-4	3.7949188210973956E-4	3.8586058702995727E-4	0.1841897261397414	2.8317315353365146E-4	3.364682719755704E-4	3.0938182379909807E-4	4.130679947628617E-4	4.024546851402328E-4	0.6974537817070032	1.8205692906461E-4	4.005815939750753E-4	1.3995738047021262E-4
515	file:/home/ulrike/Git/johnson-topics/data/letters-leipzig-lemmata-NVAdj/uj0678.txt	5.245953331125309E-4	0.022219913305701375	6.134431622390925E-4	5.679708480755248E-4	4.861174988851825E-4	3.5269247113675666E-4	0.011319924635343639	4.4139750066900794E-4	5.099550887232877E-4	5.185132519825031E-4	4.1650003458165654E-4	0.011123771011488905	4.5214065327029996E-4	4.157423197769966E-4	5.550741289826381E-4	0.011284059615543665	0.9157406814223963	0.021731140136420166	5.382951043927819E-4	1.8807247727772796E-4
516	file:/home/ulrike/Git/johnson-topics/data/letters-leipzig-lemmata-NVAdj/uj0844.txt	0.0014760487614263154	0.03229178245793452	0.0017260390298482163	0.0015980940239289118	0.0013677840553400688	9.923673588497673E-4	0.001622590871757806	0.001241955833448869	0.001434855648880868	0.0014589356691965258	0.001171902076464711	0.0010706753375074138	0.0012721837369204186	0.0011697701017246824	0.001561806651468747	0.001521677816088424	0.9442894014700475	6.883557340779143E-4	0.0015145956739770997	5.291776911111414E-4
517	file:/home/ulrike/Git/johnson-topics/data/letters-leipzig-lemmata-NVAdj/uj1111.txt	1.0873352336097022E-4	1.5201652682649203E-4	0.10923869241228684	1.1772401998155512E-4	1.007581750824878E-4	0.3162739019252545	1.1952858677181435E-4	9.148900575555083E-5	0.0045592314009677715	1.0747288288460263E-4	8.632847717369005E-5	7.887158260976508E-5	9.371575227922315E-5	8.617142468920717E-5	1.1505090106826607E-4	1.1209479977046169E-4	0.5683569555887668	5.070790765726007E-5	1.1157309189411533E-4	3.898201491862432E-5
518	file:/home/ulrike/Git/johnson-topics/data/letters-leipzig-lemmata-NVAdj/uj0897.txt	1.2746689560730654E-4	0.16724438620335125	1.4905526333642218E-4	0.0027484153879820798	1.181174985214568E-4	8.569770175639037E-5	1.4012180807893018E-4	0.0027176604219308034	1.2390958888832204E-4	1.2598906316858347E-4	1.012017512879232E-4	9.2460130750354E-5	1.0986175783966012E-4	0.23242742309845796	1.3487267535063866E-4	1.3140727623650394E-4	0.5931860154625537	5.944422080718672E-5	1.3079568487667112E-4	4.56981092178821E-5
519	file:/home/ulrike/Git/johnson-topics/data/letters-leipzig-lemmata-NVAdj/uj0695.txt	3.935328787500941E-4	0.008609389095224103	4.601833801173489E-4	4.260716571059305E-4	3.646681673892152E-4	0.008323782001714743	4.326028200988741E-4	0.2018112351717089	3.8255028482208465E-4	3.8897031643813E-4	3.1244360607621626E-4	2.854553039080307E-4	3.391799386123038E-4	3.1187519520877637E-4	4.163969942359001E-4	4.0569814977980826E-4	0.7756075455870884	1.83524163100176E-4	4.0380996298976376E-4	1.4108532563115558E-4
520	file:/home/ulrike/Git/johnson-topics/data/letters-leipzig-lemmata-NVAdj/uj0705.txt	0.007179749850863999	4.673263840550879E-4	0.007236362744602762	3.6190499627190186E-4	3.097489109130377E-4	2.247318993296341E-4	3.674525619904654E-4	2.812538026824969E-4	3.2493797015916196E-4	3.3039114095642234E-4	2.6538940153928093E-4	2.42465554734015E-4	0.05505196540440466	0.1850929549475167	3.5368734374440744E-4	0.01403556629675158	0.7272553917675477	1.5588530815148797E-4	3.4299592735884224E-4	1.1983778642630748E-4
521	file:/home/ulrike/Git/johnson-topics/data/letters-leipzig-lemmata-NVAdj/uj0426.txt	0.05380087894010078	0.001792666830786864	0.001499416015502698	0.0013882697507534804	0.0011881986924168668	8.62072922680261E-4	0.0014095502463441314	0.0010788912852011195	0.0012464640153911713	0.23760121888204258	0.0010180353466320955	9.300993318810101E-4	0.0011051503684527287	0.0010161832928751611	0.00135674678604273	0.0013218867293393667	0.6890108606598012	5.979769832495063E-4	0.0013157344482367082	4.5969847226951747E-4
522	file:/home/ulrike/Git/johnson-topics/data/letters-leipzig-lemmata-NVAdj/uj1066.txt	0.0011334327714959942	0.0015846126198095143	0.024537094668434668	0.0012271492554911468	0.024261996758886867	7.620220383480881E-4	0.0012459599688315309	9.536767884424937E-4	0.001101801280085225	0.0011202919186584946	8.998836983988184E-4	8.221534050072892E-4	9.768882820622336E-4	8.982465912100187E-4	0.14046947649571823	0.0011684705475085164	0.7947388873847484	5.285766756764681E-4	0.0011630322908796431	4.0634656030629624E-4
523	file:/home/ulrike/Git/johnson-topics/data/letters-leipzig-lemmata-NVAdj/uj0921.txt	4.206539699412915E-4	5.881015672964406E-4	4.918978215039902E-4	4.554352221098413E-4	3.897999903100907E-4	2.828113000392553E-4	4.62416493026877E-4	0.008968561131036038	4.089144889842148E-4	4.1577696968726443E-4	0.1037094220937824	3.051280167773841E-4	0.12958186246892997	3.3336868677266945E-4	4.450938108482265E-4	4.336576345151751E-4	0.7429138579404233	1.96172091220024E-4	0.009046259804873573	1.508084979219573E-4
524	file:/home/ulrike/Git/johnson-topics/data/letters-leipzig-lemmata-NVAdj/uj0864.txt	0.0015710273248952607	0.0021963982229036955	0.0018371035907424663	0.0017009257722069321	0.0014557961644972182	0.0010562227196211447	0.03390024614280175	0.0013218713376215532	0.03370043081644359	0.0015528130651708916	0.0012473098669508035	0.0011395695421946746	0.0013540443007167642	0.0012450407071099494	0.0016623034345353207	0.0016195924492709913	0.7154918890942769	7.326490125161925E-4	0.0016120545961414439	0.19360271183938244
525	file:/home/ulrike/Git/johnson-topics/data/letters-leipzig-lemmata-NVAdj/uj0947.txt	0.0010155675338906905	0.23019698249748582	0.0011875686269660804	0.001099538476790324	0.021739001055320856	6.827796599123304E-4	0.00111639307129142	8.545043063198213E-4	9.8722538909553E-4	0.0010037931932813345	8.063051390027253E-4	7.366579888995539E-4	8.753020456530553E-4	8.048382739603025E-4	0.0010745716340112737	0.0010469617450630797	0.7328922194238467	4.736101906426898E-4	0.0010420890106476455	3.6409073791871427E-4
526	file:/home/ulrike/Git/johnson-topics/data/letters-leipzig-lemmata-NVAdj/uj0235.txt	5.543742309124459E-4	7.750511759436631E-4	6.482655483361796E-4	6.002119771336517E-4	5.137121845492025E-4	3.727132231142204E-4	6.094125005376343E-4	4.6645363485833114E-4	5.389029262489026E-4	0.023254132729074246	4.401428525417005E-4	4.02124125096003E-4	4.778066275080747E-4	4.3934212570413597E-4	5.86583169789917E-4	0.10274934782776408	0.7974267329009959	2.58532570634636E-4	0.06868740917043237	1.9874849882485238E-4
527	file:/home/ulrike/Git/johnson-topics/data/letters-leipzig-lemmata-NVAdj/uj0050.txt	3.9038667269165135E-4	0.016535332046213564	0.048425142696527874	4.2266531089878503E-4	3.6175272814763216E-4	2.624621905680194E-4	0.17631415164509953	3.284735695191965E-4	3.7949188210973956E-4	3.8586058702995727E-4	3.099456903506462E-4	2.8317315353365146E-4	3.364682719755704E-4	3.0938182379909807E-4	4.130679947628617E-4	4.024546851402328E-4	0.7134433278330372	1.8205692906461E-4	0.04037444690906002	1.3995738047021262E-4
528	file:/home/ulrike/Git/johnson-topics/data/letters-leipzig-lemmata-NVAdj/uj0979.txt	0.002316235498362648	0.09810714796840553	0.0501429737404713	0.0025077505599262924	0.09701524539570146	0.0015572361591653012	0.0025461913418449358	0.0019488937384785998	0.0022515947140882755	0.0022893814046868466	0.0018389644441620737	0.0016801180887545358	0.0019963277697190225	0.001835618920827401	0.002450807928740231	0.19212563787263193	0.533102580855763	0.001080177043224555	0.0023767238301411536	8.303927249048385E-4
529	file:/home/ulrike/Git/johnson-topics/data/letters-leipzig-lemmata-NVAdj/uj0980.txt	5.877374185252792E-4	8.216950788357501E-4	6.872792757175521E-4	6.363337585657007E-4	0.036653652547066345	3.9514374115629626E-4	6.460879851747514E-4	4.945256109075288E-4	0.036680359310605745	5.809232773444673E-4	4.666314007947949E-4	4.2632464142798105E-4	5.065618460361247E-4	4.657824848491898E-4	6.218847463296863E-4	6.059061291381605E-4	0.9176352835816088	2.7409150208769934E-4	6.0308614105178E-4	2.1070952277639637E-4
530	file:/home/ulrike/Git/johnson-topics/data/letters-leipzig-lemmata-NVAdj/uj0223.txt	3.1691129097136166E-4	0.27951574428097603	3.7058481502168266E-4	3.4311470830241395E-4	2.9366659291729934E-4	2.1306370699232473E-4	3.483742416410566E-4	2.6665096492297865E-4	0.013288191759603198	3.132370680779296E-4	2.5161025140224726E-4	2.2987662216036569E-4	2.731409699708266E-4	2.5115251119417454E-4	3.353237203941303E-4	3.267079609707989E-4	0.7024760537128573	1.4779166517735743E-4	3.251874076815067E-4	1.136157487651183E-4
531	file:/home/ulrike/Git/johnson-topics/data/letters-leipzig-lemmata-NVAdj/uj0696.txt	2.1987508569465435E-4	3.073996485151736E-4	2.5711412083261314E-4	2.3805518465388822E-4	2.0374776514095033E-4	1.4782496606468838E-4	2.4170428260809285E-4	1.850041492156883E-4	2.137388797726985E-4	2.17325886292265E-4	0.2703453817927787	1.594898744118133E-4	1.895069563314602E-4	0.004677098105760764	2.3264974728771156E-4	2.266720781560027E-4	0.7215304282280246	1.0253880493252503E-4	2.2561710853418314E-4	7.882733499151404E-5
532	file:/home/ulrike/Git/johnson-topics/data/letters-leipzig-lemmata-NVAdj/uj0178.txt	5.877374185252792E-4	8.216950788357501E-4	6.872792757175521E-4	6.363337585657007E-4	0.07276267683333676	3.9514374115629626E-4	6.460879851747514E-4	4.945256109075288E-4	5.713350243353423E-4	5.809232773444673E-4	4.666314007947949E-4	4.2632464142798105E-4	5.065618460361247E-4	4.657824848491898E-4	6.218847463296863E-4	6.059061291381605E-4	0.4241452850025799	0.20489189579095332	0.28947528043121507	2.1070952277639637E-4
533	file:/home/ulrike/Git/johnson-topics/data/letters-leipzig-lemmata-NVAdj/uj0527.txt	9.375695376409836E-4	0.07811315580916242	0.0010963605386595278	0.03941627766771913	8.688010165183931E-4	6.303405619931662E-4	0.03943183778937148	7.888763481038337E-4	0.07771377684647753	0.039327885849159396	7.443789911993208E-4	6.80080907476539E-4	8.080767717092783E-4	7.430247848726008E-4	0.03939322833770458	9.66552598905985E-4	0.6574037648542278	0.019637828981677794	9.620541020552402E-4	3.361277053649447E-4
534	file:/home/ulrike/Git/johnson-topics/data/letters-leipzig-lemmata-NVAdj/uj0271.txt	3.8124282313309235E-4	5.330022246940473E-4	4.4581182530946303E-4	0.008220280541582905	3.532795584546879E-4	2.563146579977685E-4	4.1909260784933226E-4	3.207798824295792E-4	0.023793148600611127	3.768227499182227E-4	0.19549056417612748	2.7654051749338476E-4	3.2858732860483445E-4	0.04714722608265626	4.033928909087131E-4	3.930281720123982E-4	0.7201552144920513	1.7779269238106185E-4	3.911989534100656E-4	1.366792223742767E-4
535	file:/home/ulrike/Git/johnson-topics/data/letters-leipzig-lemmata-NVAdj/uj0193.txt	8.264863415636079E-4	0.0011554815776266077	9.664637920205083E-4	0.2378547321635425	7.658655116885727E-4	5.556578409444557E-4	9.085398995611432E-4	0.03454682586050552	8.034210162335651E-4	8.169041804863735E-4	6.561850022570986E-4	5.99504952562543E-4	7.123358726361185E-4	6.549912422342323E-4	0.017800212667048284	8.520354910512244E-4	0.6979945511758726	3.854321261058065E-4	8.480699759022764E-4	2.9630331015684214E-4
536	file:/home/ulrike/Git/johnson-topics/data/letters-leipzig-lemmata-NVAdj/uj0335.txt	2.122299731112304E-4	2.967112846490324E-4	2.4817419753778765E-4	2.2977794541144777E-4	1.966634035899251E-4	1.4268505444334708E-4	0.14366059801740663	1.785715079517359E-4	2.063071246279321E-4	0.06105771395418487	1.684990040144527E-4	1.5394437096406135E-4	1.8291775132026576E-4	1.681924633678464E-4	0.10453532253218746	2.1879063241809005E-4	0.6877500684452886	9.897350463757687E-5	2.1777234435801004E-4	7.608648852972662E-5
537	file:/home/ulrike/Git/johnson-topics/data/letters-leipzig-lemmata-NVAdj/uj0672.txt	0.023592951394292513	1.2343174794891205E-4	0.04892061906801652	0.0037116896395956453	0.1483419991157193	5.935691221505231E-5	9.70527527704121E-5	7.428565915997321E-5	8.582366200618568E-5	8.726397102004709E-5	7.009550249413635E-5	6.404078232975223E-5	7.609369425585294E-5	6.996798173646525E-5	0.010941723422232595	9.101679508467872E-5	0.7182278932440075	4.1172929073109676E-5	0.04529186978437157	3.16519416699227E-5
538	file:/home/ulrike/Git/johnson-topics/data/letters-leipzig-lemmata-NVAdj/uj1093.txt	4.395884063953487E-4	0.36070981164019683	5.140390794230736E-4	4.7593522897577376E-4	4.0734563036989716E-4	2.955411753565617E-4	4.832307401947983E-4	3.698721884442632E-4	4.273205090388823E-4	4.344918830701162E-4	3.4900917890187124E-4	3.188624100242378E-4	3.788744899013579E-4	3.483742463691962E-4	0.06348179506879312	4.531773906812475E-4	0.5692990636598785	2.050021707169166E-4	4.510682275926419E-4	1.575966756753579E-4
539	file:/home/ulrike/Git/johnson-topics/data/letters-leipzig-lemmata-NVAdj/uj0699.txt	0.15324646061496755	3.4816015738199646E-4	0.005391121233457103	2.6962077203093103E-4	2.3076426508731609E-4	1.6742622738402297E-4	2.73753732247948E-4	2.0953528742918192E-4	2.4208017927073556E-4	2.4614281486714834E-4	1.9771624064037036E-4	1.806378766022266E-4	2.1463515674152608E-4	1.9735654673829086E-4	0.01556324164396037	0.04105604311296868	0.7815043558173028	1.1613522213024767E-4	2.5553343471521506E-4	8.927966407643498E-5
540	file:/home/ulrike/Git/johnson-topics/data/letters-leipzig-lemmata-NVAdj/uj0717.txt	1.7559671813741494E-4	2.4549561522773153E-4	2.0533656945422295E-4	0.05413109309687804	1.62717111734381E-4	1.1805602630114222E-4	1.9302995904083568E-4	1.477480786031106E-4	1.706962192095502E-4	1.7356087561563389E-4	1.394142009284141E-4	1.2737185950096832E-4	0.30222081744967194	0.05048407279555332	1.85798822864151E-4	1.8102493464337686E-4	0.5798249490855115	8.188957639743046E-5	0.010968377890778916	6.295311394784826E-5
541	file:/home/ulrike/Git/johnson-topics/data/letters-leipzig-lemmata-NVAdj/uj0642.txt	3.148677794458755E-4	0.1036116145724627	3.68195205177408E-4	3.4090223155906193E-4	2.9177296815739457E-4	2.1168982681416166E-4	0.2840675025157342	2.649315426883466E-4	3.060805467916401E-4	3.1121724872449236E-4	2.4998781489298E-4	2.2839432872302968E-4	0.019616018880534613	2.4953302629129534E-4	0.09060814432969151	3.246012784298722E-4	0.49805173357064747	1.4683867303171623E-4	3.2309052999215937E-4	1.1288313021004371E-4
542	file:/home/ulrike/Git/johnson-topics/data/letters-leipzig-lemmata-NVAdj/uj0354.txt	0.04995659149893696	0.05011712444429397	0.041766008678026156	4.366282871741909E-4	3.737034244324719E-4	2.71132770446693E-4	0.1491032458470574	3.3932487086810875E-4	3.9202860090348116E-4	3.986076994221632E-4	3.201849132285008E-4	2.9252793123285347E-4	3.47583682627633E-4	3.1960241904161396E-4	4.2671391852873344E-4	4.157499925043252E-4	0.7039767737727616	1.8807127780758298E-4	4.1381502276331494E-4	1.4458094794235254E-4
543	file:/home/ulrike/Git/johnson-topics/data/letters-leipzig-lemmata-NVAdj/uj0308.txt	5.420659800368212E-4	0.01185887428832745	0.08944211948789611	0.08939513280504598	5.023067149354906E-4	3.644382211409108E-4	5.958822866043255E-4	4.56097402480369E-4	5.269381702338864E-4	5.357813467960891E-4	4.303707737759184E-4	3.9319614046245255E-4	0.011568229181694083	4.295878247250005E-4	5.735598140662746E-4	5.588228507310312E-4	0.7908232462280357	2.527926145518039E-4	5.562219960677846E-4	1.9433587239258877E-4
544	file:/home/ulrike/Git/johnson-topics/data/letters-leipzig-lemmata-NVAdj/uj0509.txt	4.2430923295155637E-4	5.932118623580027E-4	4.961721563260872E-4	0.017838346780204076	3.931871483730015E-4	2.852687823353636E-4	4.664346505222964E-4	3.570162048990731E-4	4.124677420443344E-4	4.193898541158364E-4	3.3687834992563717E-4	0.08720254974063155	3.657056051891781E-4	3.362654863196006E-4	4.4896144329472027E-4	4.3742589257008785E-4	0.8797115463272633	1.9787672410101866E-4	0.009124867071674396	1.5211894490089505E-4
545	file:/home/ulrike/Git/johnson-topics/data/letters-leipzig-lemmata-NVAdj/uj0455.txt	0.0011077206926277975	0.0015486654638063354	0.0012953292598535363	0.0011993112052479096	0.0010264719843553719	7.447354632268752E-4	0.023902833224152067	9.320424988614388E-4	0.001076806765965751	0.0010948779418507378	8.794697124904211E-4	8.035027415335284E-4	9.547274365445512E-4	8.778697433041679E-4	0.2733937352076784	0.0011419636318552398	0.6859695739104894	5.165858408297359E-4	0.0011366487428286307	3.971285324980604E-4
546	file:/home/ulrike/Git/johnson-topics/data/letters-leipzig-lemmata-NVAdj/uj0987.txt	8.706978749328766E-4	0.01904841296485984	0.0010181631898717384	9.426904496252952E-4	0.232611404535288	5.853818471879646E-4	9.571407536427326E-4	7.326101502903513E-4	8.463987077966002E-4	8.606031318407786E-4	6.912865443694804E-4	6.315744882370426E-4	7.50441113605494E-4	6.900289261091192E-4	9.212851011614459E-4	8.976137343324696E-4	0.7353326266394039	4.0605018649949253E-4	8.934360904446456E-4	3.121535705006978E-4
547	file:/home/ulrike/Git/johnson-topics/data/letters-leipzig-lemmata-NVAdj/uj0953.txt	0.0017388618184837304	0.002431041744132222	0.002033363290326226	0.001882637452892664	0.001611320392602364	0.03677940901439962	0.001911496007214209	0.00146308823628601	0.0016903342003848772	0.0017187017103272649	0.0013805612856564245	0.2861441022775672	0.0014986982707056713	0.001378049709094533	0.03745023796650193	0.0017926152059319733	0.613876891965802	8.109186734222788E-4	0.0017842720760623627	6.233987022064081E-4
548	file:/home/ulrike/Git/johnson-topics/data/letters-leipzig-lemmata-NVAdj/uj0811.txt	0.0012494391956949077	0.001746797134310491	0.0014610498470983143	0.001352747527102786	0.0011577957684385934	8.400147116257915E-4	0.0013734835099837432	0.0010512852543797329	0.0012145702328584635	0.0012349533814384874	9.919864615017021E-4	9.063005013824656E-4	0.0010768724357710447	9.901817969987156E-4	0.0013220311533315707	0.0012880630750999851	0.9784297475152887	5.826763025817703E-4	0.0012820682149201497	4.479359801926156E-4
549	file:/home/ulrike/Git/johnson-topics/data/letters-leipzig-lemmata-NVAdj/uj0638.txt	1.7128505266661336E-4	2.3946762689948576E-4	0.0037080607321961167	1.8544754496481342E-4	1.587216967880455E-4	1.1515723583613855E-4	0.36499596164692355	1.4412021872254162E-4	1.6650488236584997E-4	1.6929919896010325E-4	1.3599097410129293E-4	1.242443246905948E-4	1.4762795381465508E-4	1.3574357346306687E-4	0.003689002722518233	1.7657998277676422E-4	0.6252197403117773	7.987883005366873E-5	1.757581501136221E-4	6.14073403675245E-5
550	file:/home/ulrike/Git/johnson-topics/data/letters-leipzig-lemmata-NVAdj/uj0737.txt	0.0011334327714959942	0.04800800985219486	0.0013253960522419924	0.0012271492554911468	0.001050298142694194	7.620220383480881E-4	0.0012459599688315309	9.536767884424937E-4	0.001101801280085225	0.0011202919186584946	8.998836983988184E-4	8.221534050072892E-4	0.1170353813630256	8.982465912100187E-4	0.0011992847985621707	0.0011684705475085164	0.8179505860009411	5.285766756764681E-4	0.0011630322908796431	4.0634656030629624E-4
551	file:/home/ulrike/Git/johnson-topics/data/letters-leipzig-lemmata-NVAdj/uj0037.txt	9.94876175780158E-4	0.10326181318368514	0.021537555223736765	0.0010771362793781855	9.219043474924755E-4	6.688685826256137E-4	0.0010936474752977082	8.370944797755251E-4	9.671114790108622E-4	9.833417277332695E-4	0.04153824200410904	7.21649184714065E-4	8.574684821753966E-4	7.884403522152303E-4	0.0010526781156062826	0.0010256307555698099	0.8198310513948611	4.6396077026210467E-4	0.0010208572991338332	3.5667268683732263E-4
552	file:/home/ulrike/Git/johnson-topics/data/letters-leipzig-lemmata-NVAdj/uj1231.txt	0.10717611714865652	5.208036769347164E-4	4.356087593732305E-4	4.0331866376547943E-4	3.451942309146789E-4	2.504485162592474E-4	0.06906895795841894	3.1343835825808826E-4	3.621214110920949E-4	3.6819860146496163E-4	2.9575855517044523E-4	2.7021147691204476E-4	0.12238232384390725	2.9522049846636216E-4	3.9416064530533093E-4	3.840331383991561E-4	0.696044563974724	1.737236424807254E-4	3.822457841820906E-4	1.3355111531469007E-4
553	file:/home/ulrike/Git/johnson-topics/data/letters-leipzig-lemmata-NVAdj/uj0723.txt	0.032841413457477854	0.008439094551052554	0.012473799734334141	0.00429598620194626	1.8462680207490334E-4	1.3395214780625411E-4	0.004299292845753012	1.6764220415694644E-4	1.9368028809644254E-4	1.9693066751665973E-4	1.581861784964471E-4	1.445223482849521E-4	0.2531485618207276	1.5789839938627312E-4	2.1081644167016977E-4	2.0539975435148537E-4	0.6823794067588155	9.291592293136512E-5	2.0444378966923244E-4	7.142968545202118E-5
554	file:/home/ulrike/Git/johnson-topics/data/letters-leipzig-lemmata-NVAdj/uj0159.txt	1.4358383491833976E-4	2.0073952556704536E-4	0.014870250255009874	1.5545588635843243E-4	1.330522982290309E-4	9.653333599477219E-5	1.5783883700789796E-4	1.2081225636033535E-4	0.017782394839528242	1.4191914505586528E-4	1.1399772059357438E-4	1.0415080783865861E-4	1.2375270007426286E-4	1.137903310295423E-4	0.3471273485947232	1.4802243804805837E-4	0.6182005871298262	6.69603597590023E-5	1.4733351695659118E-4	5.1476187121046766E-5
555	file:/home/ulrike/Git/johnson-topics/data/letters-leipzig-lemmata-NVAdj/uj0648.txt	1.6005625467372796E-4	2.2376903810596344E-4	1.871641030823571E-4	1.732903077262583E-4	1.48316504726191E-4	1.0760796449872716E-4	0.1673442688947659	1.346722441472253E-4	1.555894541962108E-4	0.23943834812931478	1.270759219512884E-4	1.1609933829514682E-4	1.3795002543923358E-4	1.2684473995997113E-4	1.6935546419011912E-4	1.6500406926114224E-4	0.5907883274475406	7.464227711097578E-5	1.6423611282838165E-4	5.73817081857755E-5
556	file:/home/ulrike/Git/johnson-topics/data/letters-leipzig-lemmata-NVAdj/uj0730.txt	0.007487273900304833	4.8734297307564674E-4	0.007546311645423483	3.774061616715588E-4	3.2301611957245954E-4	0.15014684699601472	3.831913415006065E-4	2.933005048821768E-4	3.38855758727855E-4	3.445425004991325E-4	2.7675659749113124E-4	2.5285087327443036E-4	3.0043913180509646E-4	2.762531099670138E-4	3.6883652950206496E-4	0.0074980496657622315	0.751266606419149	1.6256220946516106E-4	3.5768717687506487E-4	0.07151187038503634
557	file:/home/ulrike/Git/johnson-topics/data/letters-leipzig-lemmata-NVAdj/uj0721.txt	4.032833067623227E-4	0.008822700950815096	4.7158518454728474E-4	4.366282871741909E-4	3.737034244324719E-4	2.71132770446693E-4	0.00870220596922923	3.3932487086810875E-4	3.9202860090348116E-4	3.986076994221632E-4	3.201849132285008E-4	0.0498458361234075	0.14900750825915157	0.008578487117737389	4.2671391852873344E-4	0.0086746346912001	0.7535300819649362	0.008446955976503356	4.1381502276331494E-4	1.4458094794235254E-4
558	file:/home/ulrike/Git/johnson-topics/data/letters-leipzig-lemmata-NVAdj/uj0701.txt	0.40837547954758285	4.0375649275763696E-4	3.37708569828488E-4	3.1267545978954216E-4	2.6761410905275045E-4	1.9416186755122185E-4	3.174683962773859E-4	2.4299515888759948E-4	2.807370173642576E-4	2.8544839936757004E-4	2.2928877469053244E-4	0.029780981992995607	2.489094064067812E-4	2.2887164267444544E-4	3.055756454490555E-4	2.977242287830237E-4	0.5573560479330374	1.3468040204695354E-4	2.9633857061285606E-4	1.0353638484409015E-4
559	file:/home/ulrike/Git/johnson-topics/data/letters-leipzig-lemmata-NVAdj/uj0505.txt	0.09343122915194992	1.2254547405000043E-4	1.0249904960716436E-4	9.490116724070074E-5	8.122444702337855E-5	0.007239205753020672	9.635588731215463E-5	7.375226769569468E-5	8.520742450806179E-5	8.663739170706144E-5	6.95921975071782E-5	6.358095189886314E-5	7.554732060230444E-5	0.018020153191785706	9.274627901071955E-5	0.3070471212192384	0.5730554561539513	4.087729611817219E-5	8.994270374953638E-5	3.142467202319019E-5
560	file:/home/ulrike/Git/johnson-topics/data/letters-leipzig-lemmata-NVAdj/uj0686.txt	4.5178996246686805E-4	6.316317068222304E-4	5.283071460037285E-4	4.891456555891103E-4	4.1865223099251834E-4	3.037444449835424E-4	0.27806438417130747	3.8013864720646136E-4	4.391815478554039E-4	4.465519760952541E-4	3.5869654782218853E-4	3.2771300189246707E-4	3.893908235110348E-4	3.580439916106668E-4	4.7803879308549134E-4	4.6575613311916587E-4	0.7146325813725266	2.1069236964936074E-4	4.635884264672743E-4	1.619710509931831E-4
561	file:/home/ulrike/Git/johnson-topics/data/letters-leipzig-lemmata-NVAdj/uj0860.txt	2.905148573767062E-4	0.0539515398386786	3.397177625070044E-4	3.145357183103133E-4	0.02406715347654958	0.0061448038312411895	3.193571703105258E-4	2.4444085537791906E-4	2.824072585433999E-4	2.8714667085175187E-4	2.306529252289928E-4	2.1072955115124812E-4	2.503902896346494E-4	0.30960354692302855	3.0739366371812396E-4	2.9949553515227454E-4	0.5666215171834607	1.3548168132118048E-4	0.035995022434358315	1.0415237319906276E-4
562	file:/home/ulrike/Git/johnson-topics/data/letters-leipzig-lemmata-NVAdj/uj0327.txt	3.4367712247262294E-4	0.0708625116605272	4.0188382833671407E-4	3.720936394092161E-4	3.1846921361119003E-4	0.17618613054632107	3.777973846996825E-4	2.891718879702491E-4	3.3408588757898017E-4	3.396925804657183E-4	2.728608593322472E-4	2.492916417892481E-4	2.9621002868413974E-4	2.723644591028068E-4	3.636446368592253E-4	3.543012038832304E-4	0.74772967571703	1.6027391784592974E-4	3.5265222704359666E-4	1.2321155703694033E-4
563	file:/home/ulrike/Git/johnson-topics/data/letters-leipzig-lemmata-NVAdj/uj0912.txt	3.365705666849132E-4	4.705475091578804E-4	3.9357367424293745E-4	3.6439948686368495E-4	3.118839069811968E-4	2.2628090145540236E-4	3.6998529010489895E-4	2.8319239146110445E-4	3.2717765935335637E-4	3.3266841704051675E-4	2.6721864228510726E-4	2.4413678903955374E-4	2.9008499749620946E-4	2.667325066199712E-4	0.014141459009567809	0.2898389851155708	0.69091211949001	1.569597736564874E-4	3.453600840370599E-4	1.2066378837118239E-4
564	file:/home/ulrike/Git/johnson-topics/data/letters-leipzig-lemmata-NVAdj/uj0634.txt	7.740790016619735E-4	0.08034447221168084	9.051805089172228E-4	8.380827645622545E-4	7.173021269457975E-4	5.204236841593695E-4	0.23863770805506074	6.513144801093053E-4	7.524762441733138E-4	0.06417491204243546	6.145764375147182E-4	5.614904588659882E-4	6.671667920064958E-4	6.13458373585221E-4	8.190527068968439E-4	0.01665045998421138	0.5903250433818972	3.609919491470176E-4	7.942940218999429E-4	2.775147742688913E-4
565	file:/home/ulrike/Git/johnson-topics/data/letters-leipzig-lemmata-NVAdj/uj1062.txt	0.0012182669041345543	0.0017032162463768194	0.0014245980757957278	0.0013189977932480368	0.0011289098911702418	8.190571623540786E-4	0.051237269364428246	0.0010250567107454836	0.02613329435341721	0.0012041424968413908	9.672373650203355E-4	8.836891861878307E-4	0.0010500055168710875	9.654777251397954E-4	0.001289047763098962	0.0012559271553501566	0.9041208249190685	5.681390960878715E-4	0.0012500818610956044	4.3676041356796613E-4
566	file:/home/ulrike/Git/johnson-topics/data/letters-leipzig-lemmata-NVAdj/uj1218.txt	0.0012494391956949077	0.027334204503386084	0.0014610498470983143	0.001352747527102786	0.0011577957684385934	8.400147116257915E-4	0.0013734835099837432	0.0010512852543797329	0.0012145702328584635	0.0012349533814384874	0.026579393830577294	9.063005013824656E-4	0.0010768724357710447	9.901817969987156E-4	0.0013220311533315707	0.0012880630750999851	0.9272549327771374	5.826763025817703E-4	0.0012820682149201497	4.479359801926156E-4
567	file:/home/ulrike/Git/johnson-topics/data/letters-leipzig-lemmata-NVAdj/uj0905.txt	4.830768222785387E-4	6.753727686113192E-4	5.648928893528508E-4	5.230194306290472E-4	0.030126599803304677	3.247790200256356E-4	5.310366856915344E-4	4.0646358921979543E-4	0.020255565617057998	0.13897926857447648	3.8353660523596076E-4	3.5040742098200865E-4	4.1635648702560246E-4	3.828388589219462E-4	5.111434079426724E-4	0.010390995339466955	0.7938004836427751	2.2528300507785733E-4	4.95692340485192E-4	1.731876914388953E-4
568	file:/home/ulrike/Git/johnson-topics/data/letters-leipzig-lemmata-NVAdj/uj0526.txt	1.8994052686641962E-4	2.655491913195139E-4	2.2210971025413517E-4	2.056455239282331E-4	1.7600883581903937E-4	1.2769956109229228E-4	2.0879782099644817E-4	0.04294776717835096	1.8463972535862297E-4	1.877383843360476E-4	1.5080240142233958E-4	1.3777636824987224E-4	1.6370682024627515E-4	1.5052805519749293E-4	2.009760016036308E-4	1.9581215313611196E-4	0.7788913124097235	0.17124037936502984	0.004084714459602054	6.809550746716524E-5
569	file:/home/ulrike/Git/johnson-topics/data/letters-leipzig-lemmata-NVAdj/uj0558.txt	2.994218902967976E-4	4.186112471278605E-4	0.2149664562397156	3.2417921820850195E-4	2.7745999866020523E-4	2.0130534859059325E-4	3.291484933943385E-4	2.5193528359934123E-4	2.910657167421733E-4	2.9595043694229215E-4	2.3772462275483075E-4	2.17190408493585E-4	2.580671243851528E-4	2.3729214388055054E-4	0.018712503012751094	3.0867791093542647E-4	0.7618187885222659	1.396354785021361E-4	3.0724127250332333E-4	1.0734563025023924E-4
570	file:/home/ulrike/Git/johnson-topics/data/letters-leipzig-lemmata-NVAdj/uj0684.txt	0.08033811730286156	0.2164046586216383	4.5650431842593866E-4	4.2266531089878503E-4	3.6175272814763216E-4	2.624621905680194E-4	0.08037687488889565	0.008323246632536186	3.7949188210973956E-4	3.8586058702995727E-4	3.099456903506462E-4	2.8317315353365146E-4	3.364682719755704E-4	3.0938182379909807E-4	0.06437125249889877	4.024546851402328E-4	0.5455530935096804	1.8205692906461E-4	4.005815939750753E-4	1.3995738047021262E-4
571	file:/home/ulrike/Git/johnson-topics/data/letters-leipzig-lemmata-NVAdj/uj0296.txt	3.3426657850070177E-4	0.3769689063640364	3.9087947223946483E-4	3.6190499627190186E-4	3.097489109130377E-4	2.247318993296341E-4	0.10989518491980321	2.812538026824969E-4	3.2493797015916196E-4	3.3039114095642234E-4	2.6538940153928093E-4	2.42465554734015E-4	2.880992254982856E-4	2.649065937077086E-4	3.5368734374440744E-4	3.445997520249871E-4	0.5081999270519223	1.5588530815148797E-4	3.4299592735884224E-4	1.1983778642630748E-4
572	file:/home/ulrike/Git/johnson-topics/data/letters-leipzig-lemmata-NVAdj/uj0389.txt	9.94876175780158E-4	0.0421392661741443	0.0011633728872231504	0.0010771362793781855	9.219043474924755E-4	6.688685826256137E-4	0.0010936474752977082	8.370944797755251E-4	9.671114790108622E-4	9.833417277332695E-4	0.061912424340622656	7.21649184714065E-4	8.574684821753966E-4	0.4286462694190011	0.0010526781156062826	0.0010256307555698099	0.45309576933761614	4.6396077026210467E-4	0.0010208572991338332	3.5667268683732263E-4
573	file:/home/ulrike/Git/johnson-topics/data/letters-leipzig-lemmata-NVAdj/uj0589.txt	3.6148663645401926E-4	5.053817927476057E-4	4.227096418449435E-4	0.02260015351456669	3.349724416167277E-4	0.0446605879161635	3.97375027100014E-4	3.0415691445318926E-4	3.5139837914960836E-4	3.572956135615937E-4	2.8700064045672567E-4	2.6221005471108736E-4	3.115597750080319E-4	2.8647851652835823E-4	3.824888770513261E-4	0.022581439066463944	0.8975212765936273	1.685793894472803E-4	3.709268352657479E-4	0.007532522373782325
574	file:/home/ulrike/Git/johnson-topics/data/letters-leipzig-lemmata-NVAdj/uj0353.txt	0.0010831493012233232	0.001514313062953819	0.001266596346896909	0.0011727081587976254	0.0010037028467368531	0.13381984205042233	0.0011906843559947975	0.06745718112163394	0.11196260965773315	0.0010705914275440315	8.59961370109709E-4	7.856794937706356E-4	9.335497320166383E-4	8.583968913402839E-4	0.001146079877164519	0.0011166326657057986	0.6707534395507256	5.051269658863371E-4	0.001111435671216516	3.8831945212713595E-4
575	file:/home/ulrike/Git/johnson-topics/data/letters-leipzig-lemmata-NVAdj/uj0088.txt	0.0021155368443426543	0.0029576578916036874	0.002473833695635424	0.00229045738643384	0.08860900639966646	0.0014223037650470554	0.13229852613994944	0.0017800247480770858	0.002056497096063039	0.002091009621341044	0.17497689909490938	0.0015345381426540444	0.001823348685058343	0.0016765650392319763	0.002238448756753013	0.08882957358517257	0.4869099676659686	9.865811723246774E-4	0.0021707839444845486	7.584403252830353E-4
576	file:/home/ulrike/Git/johnson-topics/data/letters-leipzig-lemmata-NVAdj/uj1105.txt	9.94876175780158E-4	0.0013909015011170768	0.021537555223736765	0.0010771362793781855	9.219043474924755E-4	6.688685826256137E-4	0.0010936474752977082	8.370944797755251E-4	9.671114790108622E-4	9.833417277332695E-4	7.898773310818159E-4	7.21649184714065E-4	8.574684821753966E-4	0.326775357736433	0.0010526781156062826	0.0010256307555698099	0.6364634103662387	4.6396077026210467E-4	0.0010208572991338332	3.5667268683732263E-4
577	file:/home/ulrike/Git/johnson-topics/data/letters-leipzig-lemmata-NVAdj/uj1177.txt	7.279216310876566E-4	0.0010176817115772824	8.51205718105127E-4	7.881089290069782E-4	6.745302909754414E-4	4.893914654919976E-4	0.04552175926210754	6.124774056578895E-4	7.076070192284356E-4	0.01562667207368715	5.779300069673128E-4	5.280094793688359E-4	6.273844638624629E-4	0.03039125832964537	0.030584593327914612	7.504238523981062E-4	0.8681756804185637	3.3946644705311113E-4	7.469312547468685E-4	2.609669125541632E-4
578	file:/home/ulrike/Git/johnson-topics/data/letters-leipzig-lemmata-NVAdj/uj0935.txt	1.9068224526665208E-4	2.6658616181031946E-4	2.229770494243674E-4	0.004111451954712853	1.7669615091858254E-4	1.2819822831053356E-4	2.0961317719407746E-4	1.604411270364855E-4	0.004090364128428739	1.884715033622462E-4	1.5139128531025707E-4	1.3831438543416698E-4	1.6434609593337274E-4	1.511158677624739E-4	2.0176081357005962E-4	1.9657680025679902E-4	0.7350728450088866	8.892471600282129E-5	0.25402088187972427	6.836142065428135E-5
579	file:/home/ulrike/Git/johnson-topics/data/letters-leipzig-lemmata-NVAdj/uj0079.txt	0.0011603668572711919	0.1442019771504407	0.0013568918161328465	0.0012563103527680004	0.0010752566766066363	7.801301850856918E-4	0.0012755680704471895	9.763392815940038E-4	0.0011279836977206965	0.0011469137346049158	9.212678910301865E-4	8.416904705375276E-4	0.0010001023565477643	9.195918807969758E-4	0.0012277837448126216	0.04872280688913952	0.7898612091028732	5.411373937706239E-4	0.001190669758464537	4.160026893551332E-4
580	file:/home/ulrike/Git/johnson-topics/data/letters-leipzig-lemmata-NVAdj/uj0854.txt	3.9997991873172363E-4	5.591979011301362E-4	4.6772231983674656E-4	4.3305176259832433E-4	3.706423321468156E-4	2.6891185841394023E-4	4.3968992216313193E-4	3.3654538136751585E-4	3.888174028048694E-4	3.953426103864997E-4	3.175622036042694E-4	2.90131766426508E-4	3.447365432653773E-4	3.169844807637105E-4	4.232186048687793E-4	0.30348801135106307	0.6818278666404289	1.865307419173256E-4	0.008601659606551154	1.433966515311775E-4
581	file:/home/ulrike/Git/johnson-topics/data/letters-leipzig-lemmata-NVAdj/uj1071.txt	0.40392221146008533	3.280818833148558E-4	0.009886021246451656	2.540718367485649E-4	0.005023260253090367	1.5777081561973115E-4	2.5796645060059323E-4	1.974514609529541E-4	2.2811950030571704E-4	2.3194784513332656E-4	0.019409530343120426	1.7022055366499442E-4	2.0225722259218076E-4	1.8597506396279863E-4	0.0050541067969301	2.4192286053522507E-4	0.5490089147316685	1.0943774463508168E-4	0.0050466009934001495	8.413093718755632E-5
582	file:/home/ulrike/Git/johnson-topics/data/letters-leipzig-lemmata-NVAdj/uj0928.txt	3.562126053848012E-4	4.980083548166381E-4	4.165423771122351E-4	3.8566560319018035E-4	3.300852483258544E-4	2.3948650724324737E-4	0.007686495842787807	2.99719314677775E-4	3.462715341091179E-4	3.520827288328415E-4	0.21913036692362045	2.583844527779892E-4	3.070141687044917E-4	2.8229884169540977E-4	0.022261663784287115	3.6722419583302545E-4	0.7458231369513739	1.6611984364969215E-4	3.6551507323551554E-4	1.2770564834190486E-4
583	file:/home/ulrike/Git/johnson-topics/data/letters-leipzig-lemmata-NVAdj/uj1061.txt	7.172297510167826E-4	0.0010027337689062453	8.387030130542775E-4	7.765330040833886E-4	0.015352852266287163	4.8220317126734146E-4	0.13298250299556547	6.034811968797146E-4	6.972135248414169E-4	7.089142947799312E-4	5.694412383142629E-4	5.20253954888459E-4	6.181692967902548E-4	5.684052862834594E-4	7.58900535702393E-4	7.39401454533414E-4	0.708541420353236	3.3448028592673504E-4	0.13293002683702693	2.571337706164436E-4
584	file:/home/ulrike/Git/johnson-topics/data/letters-leipzig-lemmata-NVAdj/uj0643.txt	4.2430923295155637E-4	5.932118623580027E-4	4.961721563260872E-4	4.593927160119723E-4	3.931871483730015E-4	2.852687823353636E-4	0.07867172793938677	3.570162048990731E-4	4.124677420443344E-4	4.193898541158364E-4	3.3687834992563717E-4	3.077794196710202E-4	3.657056051891781E-4	3.362654863196006E-4	0.15685954802102367	4.3742589257008785E-4	0.7319904367816304	0.02626630782038918	4.3539003957834377E-4	1.5211894490089505E-4
585	file:/home/ulrike/Git/johnson-topics/data/letters-leipzig-lemmata-NVAdj/uj0102.txt	0.0010155675338906905	0.0014198293634548418	0.0011875686269660804	0.001099538476790324	9.410780431362223E-4	6.827796599123304E-4	0.00111639307129142	0.021652427318504454	9.8722538909553E-4	0.0010037931932813345	0.042402151163371996	7.366579888995539E-4	8.753020456530553E-4	8.048382739603025E-4	0.0010745716340112737	0.0010469617450630797	0.7536901424360314	4.736101906426898E-4	0.16742547310812472	3.6409073791871427E-4
586	file:/home/ulrike/Git/johnson-topics/data/letters-leipzig-lemmata-NVAdj/uj0763.txt	0.0011334327714959942	0.0015846126198095143	0.0013253960522419924	0.25655583403361054	0.001050298142694194	0.02397372065454076	0.0012459599688315309	9.536767884424937E-4	0.001101801280085225	0.0011202919186584946	8.998836983988184E-4	8.221534050072892E-4	9.768882820622336E-4	8.982465912100187E-4	0.0011992847985621707	0.0011684705475085164	0.7018920929199778	5.285766756764681E-4	0.0011630322908796431	4.0634656030629624E-4
587	file:/home/ulrike/Git/johnson-topics/data/letters-leipzig-lemmata-NVAdj/uj0646.txt	4.92827900507306E-4	0.16217186327474467	5.76295454122928E-4	5.33576764676195E-4	4.566801327682733E-4	3.3133480056669895E-4	0.09137586340025868	0.010507346818566318	4.790742118069972E-4	4.871141263182708E-4	3.912784286246543E-4	3.574805199516919E-4	4.24760791452571E-4	3.9056659805203315E-4	5.214610202293863E-4	5.080626758066874E-4	0.7290822010442182	2.2983042301392083E-4	5.056980674556424E-4	1.7668354685898118E-4
588	file:/home/ulrike/Git/johnson-topics/data/letters-leipzig-lemmata-NVAdj/uj0965.txt	2.9579433077630857E-4	0.006471145419673662	3.458913913076908E-4	3.2025171842486465E-4	2.740985121012331E-4	1.9886649172184083E-4	0.030613189471438908	0.32735959279615895	2.8753939403140073E-4	2.923649348133104E-4	2.3484453867789784E-4	0.006272164837094442	0.09111902663154293	2.34417299376637E-4	3.129798725800748E-4	3.049382127675051E-4	0.5345153862876084	1.3794376515099675E-4	3.0351897951381664E-4	1.0604511523909171E-4
589	file:/home/ulrike/Git/johnson-topics/data/letters-leipzig-lemmata-NVAdj/uj1094.txt	3.232041359690287E-4	4.5186037099948374E-4	0.00699687769838735	0.09963394167620107	2.994978725304594E-4	0.006836228724785101	3.552918402444622E-4	2.719458005395812E-4	3.141842548539488E-4	0.17903068180701678	2.566064265370785E-4	2.3444123690605228E-4	0.00689749893012501	2.5613959707197813E-4	0.1856721412834191	3.331953365123629E-4	0.5112380202886033	1.5072633512255753E-4	3.316445898963171E-4	1.1587179427893173E-4
590	file:/home/ulrike/Git/johnson-topics/data/letters-leipzig-lemmata-NVAdj/uj0881.txt	3.696971585018024E-4	0.42449678899137294	4.323107348984066E-4	4.0026510986962644E-4	3.425807411773222E-4	2.485523529738837E-4	4.0640068971716615E-4	3.110652944602639E-4	3.593797644861867E-4	3.654109440244304E-4	2.9351934640202155E-4	2.6816568686522274E-4	3.186362977448031E-4	2.929853633629894E-4	3.9117642740966747E-4	3.811255965687159E-4	0.5696376393665797	1.72408368596928E-4	3.7935177453580924E-4	1.3253999045213766E-4
591	file:/home/ulrike/Git/johnson-topics/data/letters-leipzig-lemmata-NVAdj/uj0056.txt	5.481510214342525E-4	7.663507249571898E-4	6.409883480627256E-4	0.1577525336253631	5.079454328538933E-4	3.6852927600160876E-4	6.025714508675707E-4	4.6121739096436384E-4	5.328533921770565E-4	0.03421873714256231	4.3520196420497484E-4	3.9761002157681744E-4	4.724429389250794E-4	4.3441022604431313E-4	0.04548258679872199	5.650959988453953E-4	0.7547981605049842	2.5563037523253896E-4	5.624659479055376E-4	1.965174183151617E-4
592	file:/home/ulrike/Git/johnson-topics/data/letters-leipzig-lemmata-NVAdj/uj0394.txt	2.2086962780981306E-4	3.08790082977848E-4	2.582771030812029E-4	2.391319592512565E-4	2.0466935993038247E-4	1.4849361005388236E-4	0.10879993894338028	1.8584096261495457E-4	2.1470566651394846E-4	2.1830889783242655E-4	1.7535841783993057E-4	1.6021128128036684E-4	1.9036413689192132E-4	1.7503939825220705E-4	0.2897194124199953	2.2769736452414428E-4	0.5981440666468936	1.030026099135271E-4	2.266376230487252E-4	7.918388791440253E-5
593	file:/home/ulrike/Git/johnson-topics/data/letters-leipzig-lemmata-NVAdj/uj0950.txt	0.0176498949404398	0.01781734253779495	4.918978215039902E-4	0.39672797754357564	3.897999903100907E-4	2.828113000392553E-4	4.62416493026877E-4	3.539406457867836E-4	4.089144889842148E-4	4.1577696968726443E-4	3.339762707913308E-4	0.02614898947252515	3.625551901911449E-4	3.3336868677266945E-4	4.450938108482265E-4	4.336576345151751E-4	0.5361629662944413	1.96172091220024E-4	4.3163931962431865E-4	1.508084979219573E-4
594	file:/home/ulrike/Git/johnson-topics/data/letters-leipzig-lemmata-NVAdj/uj1083.txt	2.017097255178078E-4	2.820032953273057E-4	2.3587219341404336E-4	2.1838784418399558E-4	1.8691479142171423E-4	0.22733161450166436	0.02500675390385532	1.697197117174759E-4	1.9608047285224055E-4	1.9937113262938846E-4	1.6014650217180252E-4	1.46313342818443E-4	1.738505116419535E-4	0.11582327453525967	2.1342898636711057E-4	2.0794517270089226E-4	0.6288732537523887	9.40673843628956E-5	2.0697736121750134E-4	7.231487848750457E-5
595	file:/home/ulrike/Git/johnson-topics/data/letters-leipzig-lemmata-NVAdj/uj0173.txt	0.0011077206926277975	0.06960407955138333	0.0012953292598535363	0.0011993112052479096	0.0010264719843553719	7.447354632268752E-4	0.023902833224152067	9.320424988614388E-4	0.001076806765965751	0.0010948779418507378	8.794697124904211E-4	0.18228460697507218	9.547274365445512E-4	8.778697433041679E-4	0.0011720788573704758	0.0011419636318552398	0.7086547119396817	5.165858408297359E-4	0.0011366487428286307	3.971285324980604E-4
596	file:/home/ulrike/Git/johnson-topics/data/letters-leipzig-lemmata-NVAdj/uj0516.txt	0.03206536546368966	7.17991228069052E-4	6.005396696521928E-4	5.560238445406461E-4	4.758922426115094E-4	3.452737484792944E-4	5.645470173358627E-4	4.321129088301006E-4	0.05308556967022827	0.011024874816144288	4.077391494019254E-4	3.7251939404174116E-4	0.010959898334282311	4.069973727769808E-4	5.433984019562511E-4	5.2943640160395E-4	0.8859612323842373	2.394991758573938E-4	5.269723163715675E-4	1.8411645988975167E-4
597	file:/home/ulrike/Git/johnson-topics/data/letters-leipzig-lemmata-NVAdj/uj0554.txt	3.9038667269165135E-4	5.457859201795837E-4	4.5650431842593866E-4	4.2266531089878503E-4	3.6175272814763216E-4	2.624621905680194E-4	4.291442587257624E-4	3.284735695191965E-4	3.7949188210973956E-4	3.8586058702995727E-4	0.28812177595896227	2.8317315353365146E-4	3.364682719755704E-4	3.0938182379909807E-4	4.130679947628617E-4	4.024546851402328E-4	0.7054485547700202	1.8205692906461E-4	4.005815939750753E-4	1.3995738047021262E-4
598	file:/home/ulrike/Git/johnson-topics/data/letters-leipzig-lemmata-NVAdj/uj0460.txt	3.6148663645401926E-4	5.053817927476057E-4	4.227096418449435E-4	0.3335230427647523	3.349724416167277E-4	2.430323089941286E-4	0.0226061528306847	3.0415691445318926E-4	3.5139837914960836E-4	3.572956135615937E-4	2.8700064045672567E-4	2.6221005471108736E-4	3.115597750080319E-4	2.8647851652835823E-4	3.824888770513261E-4	3.726612628792626E-4	0.5051662020636313	1.685793894472803E-4	0.13362359365677384	1.295964392540969E-4
599	file:/home/ulrike/Git/johnson-topics/data/letters-leipzig-lemmata-NVAdj/uj1060.txt	6.418129796179006E-4	8.972962249165622E-4	7.505133174687303E-4	6.948804904089056E-4	0.04002602048741275	4.314994653994095E-4	7.055321675805433E-4	5.400250959523897E-4	0.13206151139733527	6.343718943356883E-4	5.095644420238674E-4	4.6554920577624733E-4	5.531687408655364E-4	5.086374204402135E-4	6.791020776289253E-4	0.013805414320154783	0.8049071206044889	2.993096544444125E-4	6.585738817275188E-4	2.3009613202152826E-4
600	file:/home/ulrike/Git/johnson-topics/data/letters-leipzig-lemmata-NVAdj/uj0393.txt	3.4367712247262294E-4	0.02159509155311293	4.0188382833671407E-4	3.720936394092161E-4	3.1846921361119003E-4	2.3105873412723995E-4	0.2607913036667466	2.891718879702491E-4	3.3408588757898017E-4	0.014416098325441227	0.00731106373182	2.492916417892481E-4	2.9621002868413974E-4	2.723644591028068E-4	3.636446368592253E-4	3.543012038832304E-4	0.691424052737128	1.6027391784592974E-4	3.5265222704359666E-4	1.2321155703694033E-4
601	file:/home/ulrike/Git/johnson-topics/data/letters-leipzig-lemmata-NVAdj/uj0237.txt	2.2086962780981306E-4	0.01840164697973169	2.582771030812029E-4	2.391319592512565E-4	2.0466935993038247E-4	0.31677348930324606	2.4279756285723304E-4	1.8584096261495457E-4	2.1470566651394846E-4	2.1830889783242655E-4	1.7535841783993057E-4	0.009206639729657285	1.9036413689192132E-4	1.7503939825220705E-4	2.3370207193389717E-4	2.2769736452414428E-4	0.6524226373371551	1.030026099135271E-4	2.266376230487252E-4	7.918388791440253E-5
602	file:/home/ulrike/Git/johnson-topics/data/letters-leipzig-lemmata-NVAdj/uj0725.txt	0.0010831493012233232	0.001514313062953819	0.001266596346896909	0.0011727081587976254	0.0010037028467368531	7.282157875707948E-4	0.0011906843559947975	9.113679902081786E-4	0.0010529211053568804	0.0010705914275440315	8.59961370109709E-4	7.856794937706356E-4	9.335497320166383E-4	8.583968913402839E-4	0.001146079877164519	0.0011166326657057986	0.8482089412345276	0.13359675322873785	0.001111435671216516	3.8831945212713595E-4
603	file:/home/ulrike/Git/johnson-topics/data/letters-leipzig-lemmata-NVAdj/uj1155.txt	1.828288262296963E-4	2.5560657199469495E-4	0.06760889535045458	1.9794580113822392E-4	1.6941876170261083E-4	1.2291826946953064E-4	2.009800707720783E-4	1.5383321553629856E-4	1.7772649586484141E-4	1.8070913571045517E-4	1.4515609964615837E-4	1.32617783602494E-4	1.5757735479206926E-4	0.20607436977971635	1.9345111377610662E-4	0.018909342222720935	0.7047982115920771	8.526227193763921E-5	1.8760338853455446E-4	6.554589432350572E-5
604	file:/home/ulrike/Git/johnson-topics/data/letters-leipzig-lemmata-NVAdj/uj0773.txt	1.544861167437787E-4	2.1598162355447898E-4	0.4715777246655048	1.672596098449024E-4	1.4315492331659887E-4	1.0386308613804801E-4	1.6982349729391337E-4	1.2998549837296607E-4	1.5017476595372331E-4	1.5269502742942318E-4	1.2265353674499298E-4	1.1205895056273314E-4	1.331492091843305E-4	1.2243040014734796E-4	1.6346170329553542E-4	1.5926174181095276E-4	0.5259358857310613	7.204464179980867E-5	1.585205111269821E-4	5.538476011334674E-5
605	file:/home/ulrike/Git/johnson-topics/data/letters-leipzig-lemmata-NVAdj/uj0067.txt	0.009225568851929456	3.073996485151736E-4	2.5711412083261314E-4	2.3805518465388822E-4	0.04523221659631495	1.4782496606468838E-4	2.4170428260809285E-4	1.850041492156883E-4	0.2253560830356427	2.17325886292265E-4	1.7456880573473162E-4	1.594898744118133E-4	1.895069563314602E-4	0.013682791871995566	2.3264974728771156E-4	2.266720781560027E-4	0.703519040695555	1.0253880493252503E-4	2.2561710853418314E-4	7.882733499151404E-5
606	file:/home/ulrike/Git/johnson-topics/data/letters-leipzig-lemmata-NVAdj/uj0829.txt	4.92827900507306E-4	6.890054092113084E-4	5.76295454122928E-4	5.33576764676195E-4	4.566801327682733E-4	3.3133480056669895E-4	5.417558508961481E-4	0.020600025435162157	0.05094246729478619	0.05095050720929745	3.912784286246543E-4	3.574805199516919E-4	4.24760791452571E-4	0.02057592383124371	5.214610202293863E-4	5.080626758066874E-4	0.8501943444433682	2.2983042301392083E-4	5.056980674556424E-4	1.7668354685898118E-4
607	file:/home/ulrike/Git/johnson-topics/data/letters-leipzig-lemmata-NVAdj/uj0679.txt	4.280285774443397E-4	5.984117474935847E-4	5.005214257592945E-4	4.634195898945847E-4	3.9663368769235984E-4	2.87769347470752E-4	4.7052325150935407E-4	3.601456825356754E-4	0.017947375110041557	0.15820469247346275	0.12305887405900166	3.1047730508252183E-4	3.689112510319016E-4	3.392130705047383E-4	4.5289688033429303E-4	4.412602130566212E-4	0.6945785762060789	1.996112413984991E-4	4.3920651449842475E-4	1.5345236570823756E-4
608	file:/home/ulrike/Git/johnson-topics/data/letters-leipzig-lemmata-NVAdj/uj0281.txt	4.5178996246686805E-4	0.009883889723643657	5.283071460037285E-4	4.891456555891103E-4	4.1865223099251834E-4	3.037444449835424E-4	4.96643666664624E-4	3.8013864720646136E-4	4.391815478554039E-4	4.465519760952541E-4	3.5869654782218853E-4	0.02808448705235675	0.17618229314311817	3.580439916106668E-4	0.018982554826728348	4.6575613311916587E-4	0.6406145172379553	2.1069236964936074E-4	4.635884264672743E-4	0.12044132526967175
609	file:/home/ulrike/Git/johnson-topics/data/letters-leipzig-lemmata-NVAdj/uj0406.txt	6.174655218932498E-4	0.13995986991777973	7.220422646088518E-4	6.685198933172297E-4	5.721758776801643E-4	4.151303433566048E-4	6.787674944295339E-4	5.195390063725574E-4	6.002334849843176E-4	6.103067174546596E-4	4.902338907508975E-4	4.4788839185327223E-4	5.321840413338438E-4	4.893420361388298E-4	6.533400415672108E-4	0.013281699854717565	0.8375983480848905	2.8795521103240217E-4	6.335905918079755E-4	2.2136733403066322E-4
610	file:/home/ulrike/Git/johnson-topics/data/letters-leipzig-lemmata-NVAdj/uj1030.txt	4.3566637174434367E-4	6.090898799242545E-4	5.094527913132483E-4	0.02723787241249474	0.13423462880146048	2.9290433891209747E-4	4.7891932597208034E-4	0.16988573437553503	4.2350792931850555E-4	0.08072916584014496	3.45895297659196E-4	3.16017500097534E-4	3.754941485271166E-4	3.4526603003341564E-4	4.6097842767339953E-4	4.4913411428122024E-4	0.5820638649283287	2.0317312881001996E-4	4.470437692747064E-4	1.5619058849496473E-4
611	file:/home/ulrike/Git/johnson-topics/data/letters-leipzig-lemmata-NVAdj/uj0260.txt	0.0012494391956949077	0.001746797134310491	0.0014610498470983143	0.001352747527102786	0.026745203137514186	8.400147116257915E-4	0.0013734835099837432	0.0010512852543797329	0.02680197760193406	0.0012349533814384874	0.10334161593780408	9.063005013824656E-4	0.0010768724357710447	9.901817969987156E-4	0.0013220311533315707	0.0012880630750999851	0.824905303300835	5.826763025817703E-4	0.0012820682149201497	4.479359801926156E-4
612	file:/home/ulrike/Git/johnson-topics/data/letters-leipzig-lemmata-NVAdj/uj0425.txt	9.375695376409836E-4	0.0013107830994986585	0.0010963605386595278	0.0010150913128872576	8.688010165183931E-4	6.303405619931662E-4	0.0010306514345396103	0.1351930285900154	9.114041368137724E-4	9.26699494327518E-4	7.443789911993208E-4	6.80080907476539E-4	0.02000866994912522	7.430247848726008E-4	9.920419828727076E-4	9.66552598905985E-4	0.8302091034509713	4.3723580426185504E-4	9.620541020552402E-4	3.361277053649447E-4
613	file:/home/ulrike/Git/johnson-topics/data/letters-leipzig-lemmata-NVAdj/uj0812.txt	2.975970564123468E-4	4.160600108524701E-4	0.29288514949680555	3.222035001959169E-4	2.757690120505324E-4	0.07333436600385194	3.271424900150713E-4	2.5039985797716945E-4	2.892918097576619E-4	2.9414675991348507E-4	2.36275804345658E-4	2.1586673634521952E-4	2.564943281123953E-4	2.3584596122423914E-4	3.1488733591239525E-4	3.067966660114227E-4	0.6291908625105423	1.3878446673279074E-4	3.053687832066653E-4	1.0669140973471783E-4
614	file:/home/ulrike/Git/johnson-topics/data/letters-leipzig-lemmata-NVAdj/uj0305.txt	2.122299731112304E-4	0.2089182354360727	0.01763330121015643	2.2977794541144777E-4	1.966634035899251E-4	1.4268505444334708E-4	2.333001633028217E-4	0.034948825533189024	2.063071246279321E-4	2.0976941001962313E-4	1.684990040144527E-4	1.5394437096406135E-4	1.8291775132026576E-4	1.681924633678464E-4	0.013263405715939591	2.1879063241809005E-4	0.722520322470526	9.897350463757687E-5	2.1777234435801004E-4	7.608648852972662E-5
615	file:/home/ulrike/Git/johnson-topics/data/letters-leipzig-lemmata-NVAdj/uj0722.txt	0.0019468453444925911	0.002721816219967365	0.0022765718433484534	0.002107817838985902	0.0018040488160004059	0.00130889020951868	0.002140128136177129	0.0016380867594637714	0.0018925133864434755	0.0019242739059276183	0.001545688842665254	0.0014121750925593646	0.0016779560745468934	0.0015428768589383821	0.0020599563428184754	0.0020070281209455076	0.7670414285041646	9.079118463196289E-4	0.0019976870776420713	0.2000462987790744
616	file:/home/ulrike/Git/johnson-topics/data/letters-leipzig-lemmata-NVAdj/uj1203.txt	4.3181370346842275E-4	6.03703599481784E-4	0.0447207573037033	4.6751768437288614E-4	4.001411836223661E-4	2.903141384109938E-4	4.7468416481766197E-4	3.6333050912731624E-4	4.197627801178603E-4	4.2680731890535354E-4	3.4283648952868507E-4	3.1322290616918726E-4	3.721735929652261E-4	3.4221278661842133E-4	4.569019207879349E-4	4.4516234857711745E-4	0.9394862193375524	2.0137643593066848E-4	0.009286252426014597	1.5480936982783958E-4
617	file:/home/ulrike/Git/johnson-topics/data/letters-leipzig-lemmata-NVAdj/uj0301.txt	0.001037137846985314	0.0014499860619398067	0.001212792185469249	0.0011228923044900834	9.610662244826228E-4	6.972816704113532E-4	0.0011401048849136702	0.9354178655953171	0.0010081937245603031	0.0010251134233386896	8.234307891615701E-4	7.523043569981321E-4	8.938931669197706E-4	8.219327683986493E-4	0.0010973951743615891	0.0010691988606516278	0.04754969491586683	4.8366951191483544E-4	0.001064222630994902	3.718239028237323E-4
618	file:/home/ulrike/Git/johnson-topics/data/letters-leipzig-lemmata-NVAdj/uj0496.txt	3.485839313261485E-4	0.00762603294205433	4.0762167644479817E-4	3.774061616715588E-4	3.2301611957245954E-4	2.3435764746235804E-4	3.831913415006065E-4	2.933005048821768E-4	3.38855758727855E-4	3.445425004991325E-4	2.7675659749113124E-4	2.5285087327443036E-4	0.028855199007719833	2.762531099670138E-4	3.6883652950206496E-4	0.07888494935554907	0.8297921960779145	0.05013339199231595	3.5768717687506487E-4	1.2497069524950404E-4
619	file:/home/ulrike/Git/johnson-topics/data/letters-leipzig-lemmata-NVAdj/uj0273.txt	4.2430923295155637E-4	5.932118623580027E-4	0.009185649188422141	4.593927160119723E-4	3.931871483730015E-4	2.852687823353636E-4	4.664346505222964E-4	3.570162048990731E-4	4.124677420443344E-4	4.193898541158364E-4	0.00902635538202169	3.077794196710202E-4	3.657056051891781E-4	0.2001942372245288	4.4896144329472027E-4	4.3742589257008785E-4	0.7754378219421106	1.9787672410101866E-4	4.3539003957834377E-4	1.5211894490089505E-4
620	file:/home/ulrike/Git/johnson-topics/data/letters-leipzig-lemmata-NVAdj/uj0805.txt	5.082156728698843E-4	7.105185142579483E-4	5.942893689408671E-4	5.502368559257904E-4	4.7093924820860544E-4	3.4168020609603756E-4	5.586713211873055E-4	4.2761556126437195E-4	4.940325469752764E-4	5.023234951114457E-4	4.0349547920938314E-4	3.6864228424995975E-4	4.38023275903416E-4	0.22937450566882853	5.377428165055057E-4	5.239261299520149E-4	0.7622544471379157	2.3700651476459645E-4	5.214876904420703E-4	1.8220021139132663E-4
621	file:/home/ulrike/Git/johnson-topics/data/letters-leipzig-lemmata-NVAdj/uj0266.txt	6.5914014055539E-4	0.014420126613933397	7.707750844483444E-4	7.136403261741541E-4	6.107937610510169E-4	4.431487478521691E-4	7.245795689302663E-4	5.546042678373534E-4	6.407450612716386E-4	6.514981667178991E-4	5.233212611835951E-4	4.78117736281205E-4	5.681027545158551E-4	5.223692126019176E-4	6.974359402427121E-4	6.795161215455636E-4	0.9751220334279649	3.0739018057492204E-4	6.763535402889791E-4	2.3630808602876009E-4
622	file:/home/ulrike/Git/johnson-topics/data/letters-leipzig-lemmata-NVAdj/uj1055.txt	1.9683125913102134E-4	0.3791825782999605	2.3016748798055934E-4	2.1310600785012814E-4	1.8239414907388884E-4	1.323322927178762E-4	2.1637266511031445E-4	1.6561494231846297E-4	1.9133815319730452E-4	1.945492264643228E-4	0.004187203004866603	0.03239021257785831	1.6964583645738475E-4	1.5598896732503789E-4	2.082670828779011E-4	2.0291589841720756E-4	0.5814161524427962	9.179231026059707E-5	2.019714940143545E-4	7.056590132212395E-5
623	file:/home/ulrike/Git/johnson-topics/data/letters-leipzig-lemmata-NVAdj/uj1005.txt	3.669191875934423E-4	5.12976852031032E-4	4.290622743211428E-4	3.972574458795772E-4	3.4000652790337727E-4	2.46684685912108E-4	4.033469218771673E-4	3.087278939183907E-4	3.566793203311877E-4	3.626651805021735E-4	0.10548983052834648	2.6615064168675575E-4	3.162420073232328E-4	2.907838186735575E-4	3.8823705741346823E-4	3.782617503222641E-4	0.8884670097265982	1.711128611219422E-4	3.765012571069875E-4	1.3154406113755364E-4
624	file:/home/ulrike/Git/johnson-topics/data/letters-leipzig-lemmata-NVAdj/uj0652.txt	7.740790016619735E-4	0.0010822127131052768	9.051805089172228E-4	8.380827645622545E-4	7.173021269457975E-4	5.204236841593695E-4	8.509295593340832E-4	6.513144801093053E-4	0.19098189904075463	7.651044435750278E-4	6.145764375147182E-4	5.614904588659882E-4	6.671667920064958E-4	6.13458373585221E-4	8.190527068968439E-4	7.980080844962657E-4	0.7964069180781936	3.609919491470176E-4	7.942940218999429E-4	2.775147742688913E-4
625	file:/home/ulrike/Git/johnson-topics/data/letters-leipzig-lemmata-NVAdj/uj1204.txt	4.64688208061959E-4	6.496642917777607E-4	5.433898965845305E-4	5.031103766358351E-4	4.3060442060025055E-4	3.1241610831167494E-4	5.108224499888696E-4	3.909913045011974E-4	4.517198331996397E-4	4.5930068132810255E-4	3.689370501623908E-4	3.370689485364201E-4	4.005076231112215E-4	3.682658639878773E-4	4.916864220047586E-4	4.790531018246878E-4	0.9919776472443785	2.1670746992717718E-4	4.768235088647836E-4	1.6659519621234182E-4
626	file:/home/ulrike/Git/johnson-topics/data/letters-leipzig-lemmata-NVAdj/uj0995.txt	0.0014760487614263154	0.12297629376197318	0.0017260390298482163	0.0015980940239289118	0.0013677840553400688	9.923673588497673E-4	0.001622590871757806	0.001241955833448869	0.06189119651823996	0.0014589356691965258	0.001171902076464711	0.0010706753375074138	0.0012721837369204186	0.03139794053640423	0.001561806651468747	0.001521677816088424	0.7629203788619702	6.883557340779143E-4	0.0015145956739770997	5.291776911111414E-4
627	file:/home/ulrike/Git/johnson-topics/data/letters-leipzig-lemmata-NVAdj/uj1192.txt	0.11032762408591999	7.495229643726819E-4	6.269133323977226E-4	5.80442523431386E-4	4.967918136875031E-4	0.04427704081093975	5.893400050294716E-4	4.5108984024926107E-4	5.211528365199853E-4	5.298989225118076E-4	4.2564566808486867E-4	3.888791806821742E-4	0.11025357842434327	4.2487131514976935E-4	5.672626142870605E-4	5.526874502968637E-4	0.7272449236654961	2.500171662768335E-4	5.501151508095716E-4	1.9220222951400558E-4
628	file:/home/ulrike/Git/johnson-topics/data/letters-leipzig-lemmata-NVAdj/uj0450.txt	5.361145558155055E-4	7.495229643726819E-4	6.269133323977226E-4	0.26408006539568213	0.08832999943777108	3.604369988979581E-4	5.893400050294716E-4	4.5108984024926107E-4	5.211528365199853E-4	0.011509049875522254	4.2564566808486867E-4	3.888791806821742E-4	4.620688942387947E-4	4.2487131514976935E-4	5.672626142870605E-4	0.011531838403307312	0.6174534141353916	2.500171662768335E-4	5.501151508095716E-4	1.9220222951400558E-4
629	file:/home/ulrike/Git/johnson-topics/data/letters-leipzig-lemmata-NVAdj/uj1033.txt	7.389371068330184E-4	0.016165859101354985	8.640868244518226E-4	8.000352057123533E-4	0.2125436163582265	4.967973174242436E-4	8.122987774413253E-4	6.217458896793434E-4	7.183150784818911E-4	7.303699787057417E-4	5.866756929070931E-4	5.359997290947822E-4	6.368785330720391E-4	5.856083872140783E-4	7.81869080906032E-4	7.617798492414488E-4	0.7602513731065995	3.446035171087026E-4	7.582343988886669E-4	2.6491606665649014E-4
630	file:/home/ulrike/Git/johnson-topics/data/letters-leipzig-lemmata-NVAdj/uj0711.txt	8.865052572582171E-4	0.001239391919403149	0.0010366477816862432	9.598048457673818E-4	0.27314411177099307	5.960093621173281E-4	9.745174927707127E-4	7.459105717964421E-4	8.617649425825143E-4	8.762272457005275E-4	7.038367423403372E-4	6.43040623264952E-4	7.640652534327915E-4	0.018857398264882957	9.380108865848015E-4	9.139097698317682E-4	0.4400501607381021	0.25458120958076097	9.096562814793428E-4	3.1782066924434073E-4
631	file:/home/ulrike/Git/johnson-topics/data/letters-leipzig-lemmata-NVAdj/uj0882.txt	0.05334585598361403	0.2522343254166858	1.5990834425086154E-4	1.4805491932945534E-4	1.2671792456593113E-4	9.193756253369397E-5	1.503244221089077E-4	1.1506060843651475E-4	1.3293175130096104E-4	0.008536600728172881	1.0857050010514402E-4	0.025303506653481512	1.1786106306744822E-4	1.0837298397441517E-4	1.446930870956677E-4	0.14016494354617887	0.5187572172621085	6.377250096231327E-5	1.403192409018085E-4	4.9025501125265835E-5
632	file:/home/ulrike/Git/johnson-topics/data/letters-leipzig-lemmata-NVAdj/uj0562.txt	0.007764412570982248	5.053817927476057E-4	4.227096418449435E-4	0.007794301645510232	3.349724416167277E-4	2.430323089941286E-4	3.97375027100014E-4	3.0415691445318926E-4	3.5139837914960836E-4	3.572956135615937E-4	0.015092852509513182	0.45924361799546126	3.115597750080319E-4	2.8647851652835823E-4	3.824888770513261E-4	3.726612628792626E-4	0.48295742426004656	1.685793894472803E-4	0.022579704638850433	1.295964392540969E-4
633	file:/home/ulrike/Git/johnson-topics/data/letters-leipzig-lemmata-NVAdj/uj0062.txt	1.6058261401034833E-4	2.2450492264039623E-4	0.0034763692220368676	1.738601884322855E-4	0.08894072380863098	0.0033965514559622383	1.76525254764902E-4	1.3511512589049117E-4	1.5610112405917733E-4	0.003447310455832592	1.2749382250828352E-4	0.03300237727166496	0.19087660124215255	1.2726188025427088E-4	1.699124048105645E-4	1.65546699929422E-4	0.6749459281304131	7.488774492817577E-5	1.6477621800311336E-4	5.7570413075293114E-5
634	file:/home/ulrike/Git/johnson-topics/data/letters-leipzig-lemmata-NVAdj/uj0409.txt	2.8050180660181106E-4	3.921597414497984E-4	3.2800885634009673E-4	3.0369475084173587E-4	2.5992765861833865E-4	1.8858512282551263E-4	0.20136334384070306	2.3601581743507764E-4	2.726736488942132E-4	2.772497099147335E-4	2.2270310995086657E-4	2.034664262477522E-4	2.4176019509734506E-4	0.005966726353624788	2.9679885837672454E-4	2.8917295121487014E-4	0.7883580093692306	1.308120924182691E-4	2.878270921153932E-4	1.005625980991416E-4
635	file:/home/ulrike/Git/johnson-topics/data/letters-leipzig-lemmata-NVAdj/uj0566.txt	8.580531771584992E-5	1.1996140637422995E-4	1.0033769291128999E-4	9.290002406866059E-5	7.95116994114202E-5	5.7688064745680734E-5	9.432406903650024E-5	7.219708295758305E-5	8.341068943388763E-5	8.481050348325045E-5	6.812473451469951E-5	0.40246490093061094	7.395428429743176E-5	6.800079906303223E-5	9.079057510980025E-5	0.0018456746740227294	0.5943587839692247	4.001533283155772E-5	8.804611772518637E-5	3.076203246162073E-5
636	file:/home/ulrike/Git/johnson-topics/data/letters-leipzig-lemmata-NVAdj/uj0661.txt	1.341188939224821E-4	0.03864041204365337	0.04959628331438133	0.00289184442846474	1.2428158840074657E-4	0.01107671424942141	1.4743421673860235E-4	1.1284840110687081E-4	0.013863556345381169	1.3256393919372711E-4	1.0648307453544326E-4	9.72852630409141E-5	1.1559501292969587E-4	1.0628935593923173E-4	0.19789970891362157	0.0028849009876102433	0.6818214292753335	6.254638199792073E-5	1.3762139967333695E-4	4.808291465364448E-5
637	file:/home/ulrike/Git/johnson-topics/data/letters-leipzig-lemmata-NVAdj/uj0397.txt	2.3926805954541992E-4	3.3451228534055736E-4	0.019879782775653453	0.4216588624327443	2.2171830995755407E-4	1.60863122217423E-4	2.6302259076214284E-4	2.0132150784996943E-4	2.3259064050415386E-4	2.3649402085669334E-4	1.8996576748725333E-4	1.735568750188101E-4	2.0622146237503206E-4	1.896201735798044E-4	2.5316944578508205E-4	0.010046660146245508	0.545069491229222	1.115827234668274E-4	2.455165285719993E-4	8.577990281604194E-5
638	file:/home/ulrike/Git/johnson-topics/data/letters-leipzig-lemmata-NVAdj/uj1135.txt	0.0021155368443426543	0.0029576578916036874	0.002473833695635424	0.00229045738643384	0.0019603671909728957	0.0014223037650470554	0.0023255673269091145	0.0017800247480770858	0.002056497096063039	0.002091009621341044	0.0016796206775222585	0.0015345381426540444	0.001823348685058343	0.0016765650392319763	0.002238448756753013	0.002180934376479017	0.9634774833137831	9.865811723246774E-4	0.0021707839444845486	7.584403252830353E-4
639	file:/home/ulrike/Git/johnson-topics/data/letters-leipzig-lemmata-NVAdj/uj0640.txt	2.140909724856898E-4	2.9931308262804584E-4	0.004634743755119294	2.3179281921276116E-4	1.983879030359486E-4	0.14921331084218414	0.004619739293650128	1.8013736342315076E-4	2.0811618780713665E-4	2.116088332410671E-4	1.699765358468842E-4	1.5529427632316682E-4	0.008953308460009798	1.6966730721072008E-4	2.265295792291172E-4	2.2070916081489778E-4	0.5929397545949636	9.984138219284589E-5	2.1968194360397707E-4	0.23683399570701763
640	file:/home/ulrike/Git/johnson-topics/data/letters-leipzig-lemmata-NVAdj/uj0304.txt	0.0016232526331901589	0.002269412595417655	0.0018981740125459741	0.0017574692653929383	0.001504190869223609	0.0010913344941181082	0.0017844091428429803	0.1010941398010477	0.034820726664370354	0.0016044328809231747	0.0012887739085422616	0.0011774519963834078	0.001399056491102821	0.00128642931553078	0.0017175630140299442	0.001673432197081174	0.8390051509581843	7.570042989865675E-4	0.0016656437647940689	5.819516962919315E-4
641	file:/home/ulrike/Git/johnson-topics/data/letters-leipzig-lemmata-NVAdj/uj0481.txt	4.3566637174434367E-4	0.018453212217753805	0.009431513960228025	4.7168890575041044E-4	4.037112677388468E-4	2.9290433891209747E-4	0.04508922517054596	3.665721661542831E-4	4.2350792931850555E-4	0.01827473765774152	3.45895297659196E-4	3.16017500097534E-4	3.754941485271166E-4	3.4526603003341564E-4	4.6097842767339953E-4	4.4913411428122024E-4	0.9032580670092607	2.0317312881001996E-4	4.470437692747064E-4	1.5619058849496473E-4
642	file:/home/ulrike/Git/johnson-topics/data/letters-leipzig-lemmata-NVAdj/uj1072.txt	6.869591114866663E-4	9.604134490642348E-4	8.0330560163207E-4	7.437594742395373E-4	6.365722758739286E-4	4.618518147361606E-4	7.551604070938827E-4	5.780113083983016E-4	6.677876689617959E-4	6.789946085920561E-4	5.454080042854772E-4	4.982966672686689E-4	5.92079497914517E-4	5.444157745493086E-4	0.07106843999287382	7.081950595581714E-4	0.7911839814042027	3.203635650979284E-4	0.12731972285924592	2.462814549249716E-4
643	file:/home/ulrike/Git/johnson-topics/data/letters-leipzig-lemmata-NVAdj/uj1173.txt	5.607403684166791E-4	0.023750882988798818	0.25329195681484173	6.071044908275719E-4	5.196113808359013E-4	3.7699326265373107E-4	6.164106681271266E-4	4.7181013920733384E-4	5.45091399555621E-4	5.542392270638636E-4	4.451972179225987E-4	4.067419037216746E-4	4.8329350355955325E-4	4.4438729596580414E-4	5.933191775412249E-4	5.78074519963957E-4	0.7147162293352048	2.6150142055984636E-4	5.753840648242191E-4	2.010308204078676E-4
644	file:/home/ulrike/Git/johnson-topics/data/letters-leipzig-lemmata-NVAdj/uj0636.txt	7.740790016619735E-4	0.0010822127131052768	9.051805089172228E-4	8.380827645622545E-4	7.173021269457975E-4	5.204236841593695E-4	0.2227852561553456	6.513144801093053E-4	7.524762441733138E-4	7.651044435750278E-4	6.145764375147182E-4	5.614904588659882E-4	6.671667920064958E-4	6.13458373585221E-4	8.190527068968439E-4	7.980080844962657E-4	0.7488495623790483	0.016213443848862127	7.942940218999429E-4	2.775147742688913E-4
645	file:/home/ulrike/Git/johnson-topics/data/letters-leipzig-lemmata-NVAdj/uj0362.txt	4.435816978271942E-4	6.201560198102908E-4	5.187086926831826E-4	4.802587007605895E-4	4.1104602326445604E-4	2.982259186895046E-4	0.30026490153694124	3.7323216659542504E-4	4.3120235692788725E-4	4.384388768684692E-4	3.5217963413560377E-4	3.2175900718504246E-4	3.8231624639961106E-4	3.515389337741925E-4	4.6935363128984E-4	4.572941266210166E-4	0.6925647478743289	2.0686444324258767E-4	4.551658035573808E-4	1.5902830909768193E-4
646	file:/home/ulrike/Git/johnson-topics/data/letters-leipzig-lemmata-NVAdj/uj0051.txt	0.0011886121872184926	0.0016617570263473445	0.0013899209024164675	0.0012868911128162417	0.0011014302780142252	7.991198988486422E-4	0.0013066175965468498	0.0010001050630590014	0.001155440765731259	0.0011748315923513783	9.436931398977695E-4	8.621786677872663E-4	0.0010244465722281358	9.41976332685797E-4	0.5611173254650305	0.0012253557229877537	0.41962020643976156	5.543096109346148E-4	0.0012196527132734953	4.261289120632109E-4
647	file:/home/ulrike/Git/johnson-topics/data/letters-leipzig-lemmata-NVAdj/uj0944.txt	0.049948002705785775	6.753727686113192E-4	5.648928893528508E-4	5.230194306290472E-4	4.476442732003321E-4	3.247790200256356E-4	5.310366856915344E-4	4.0646358921979543E-4	4.6959526365510405E-4	0.03015643163076056	3.8353660523596076E-4	3.5040742098200865E-4	0.0399882971938314	3.828388589219462E-4	5.111434079426724E-4	4.980101627655057E-4	0.7641215281126708	2.2528300507785733E-4	0.10931852928420112	1.731876914388953E-4
648	file:/home/ulrike/Git/johnson-topics/data/letters-leipzig-lemmata-NVAdj/uj0160.txt	2.922536164098538E-4	0.006393684578910679	3.4175100560380675E-4	3.1641824447919167E-4	2.7081750080844183E-4	0.006181581066199042	3.212685533278764E-4	0.006230998901315357	2.8409749282694996E-4	2.8886527096842095E-4	2.320334049087077E-4	2.1199078754350684E-4	0.030177364120242856	2.3161127974309618E-4	0.25766832034398024	3.0128804439547E-4	0.6897147017015905	1.3629255206063377E-4	2.99885799633608E-4	1.0477573505173661E-4
649	file:/home/ulrike/Git/johnson-topics/data/letters-leipzig-lemmata-NVAdj/uj0892.txt	6.418129796179006E-4	8.972962249165622E-4	7.505133174687303E-4	6.948804904089056E-4	5.947375066277499E-4	4.314994653994095E-4	7.055321675805433E-4	5.400250959523897E-4	6.239014613852769E-4	6.343718943356883E-4	0.013653325435618865	0.026753071192966243	5.531687408655364E-4	5.086374204402135E-4	6.791020776289253E-4	0.013805414320154783	0.9363447305404389	2.993096544444125E-4	6.585738817275188E-4	2.3009613202152826E-4
650	file:/home/ulrike/Git/johnson-topics/data/letters-leipzig-lemmata-NVAdj/uj0387.txt	7.619994421575611E-4	0.0010653247044700867	8.910551007919232E-4	8.250044216509801E-4	7.061085747289308E-4	5.123024344590013E-4	8.376507412496623E-4	0.9525506175165067	7.407337972814169E-4	7.53164932706742E-4	6.049859272037167E-4	5.527283591391268E-4	6.567556053626168E-4	6.038853107437119E-4	8.062713294289522E-4	7.855551099019694E-4	0.03493541490745136	3.5535864334622363E-4	7.818990055244318E-4	2.731841358948529E-4
651	file:/home/ulrike/Git/johnson-topics/data/letters-leipzig-lemmata-NVAdj/uj0151.txt	0.016511942028069743	5.501845205642798E-4	4.601833801173489E-4	0.008485276231765754	3.646681673892152E-4	0.2098038963682103	4.326028200988741E-4	3.311208052133204E-4	3.8255028482208465E-4	3.8897031643813E-4	3.1244360607621626E-4	2.854553039080307E-4	3.391799386123038E-4	3.1187519520877637E-4	4.163969942359001E-4	4.0569814977980826E-4	0.7594891364377688	1.83524163100176E-4	4.0380996298976376E-4	1.4108532563115558E-4
652	file:/home/ulrike/Git/johnson-topics/data/letters-leipzig-lemmata-NVAdj/uj0070.txt	3.8124282313309235E-4	5.330022246940473E-4	4.4581182530946303E-4	0.023835310797804966	0.1252735216082312	2.563146579977685E-4	4.1909260784933226E-4	3.207798824295792E-4	3.7060321627803823E-4	3.768227499182227E-4	3.0268597335172975E-4	2.7654051749338476E-4	3.2858732860483445E-4	3.0213531399007594E-4	4.033928909087131E-4	3.930281720123982E-4	0.8450754565418278	1.7779269238106185E-4	3.911989534100656E-4	1.366792223742767E-4
653	file:/home/ulrike/Git/johnson-topics/data/letters-leipzig-lemmata-NVAdj/uj0049.txt	0.0010831493012233232	0.02369625077342907	0.001266596346896909	0.0011727081587976254	0.0010037028467368531	7.282157875707948E-4	0.4004655631445494	0.04527524341115869	0.0010529211053568804	0.0010705914275440315	8.59961370109709E-4	7.856794937706356E-4	9.335497320166383E-4	8.583968913402839E-4	0.001146079877164519	0.0011166326657057986	0.5154798755773988	5.051269658863371E-4	0.001111435671216516	3.8831945212713595E-4
654	file:/home/ulrike/Git/johnson-topics/data/letters-leipzig-lemmata-NVAdj/uj0293.txt	3.562126053848012E-4	0.24852523574060956	4.165423771122351E-4	3.8566560319018035E-4	3.300852483258544E-4	2.3948650724324737E-4	3.9157739026448636E-4	2.99719314677775E-4	0.007641189986632439	3.520827288328415E-4	2.828133479208181E-4	2.583844527779892E-4	3.070141687044917E-4	2.8229884169540977E-4	3.769084267171528E-4	3.6722419583302545E-4	0.7385282184988506	1.6611984364969215E-4	3.6551507323551554E-4	1.2770564834190486E-4
655	file:/home/ulrike/Git/johnson-topics/data/letters-leipzig-lemmata-NVAdj/uj0635.txt	8.40716055844977E-4	0.0011753756422712887	9.831035148230925E-4	9.102296209839766E-4	7.790515098850646E-4	5.652246685097887E-4	0.05257554146973138	7.073832769737516E-4	8.17253612047577E-4	8.309689175533954E-4	6.674826179928566E-4	6.098267010975418E-4	7.246002446290119E-4	6.662683048607715E-4	0.1902778781592607	8.667050880978101E-4	0.7444462463403578	3.920681571610447E-4	8.626712981998309E-4	3.014047997182776E-4
656	file:/home/ulrike/Git/johnson-topics/data/letters-leipzig-lemmata-NVAdj/uj0577.txt	3.967302086626539E-4	0.24429514632115762	4.639222242291428E-4	4.2953335427971056E-4	0.016616997095719798	2.66727034793917E-4	4.361175809019688E-4	3.33811056809431E-4	3.856583846398299E-4	3.921305769779749E-4	3.149821113489356E-4	2.877745377793728E-4	0.016591301783162375	0.04906250742747148	0.03291851231793892	4.089943186637934E-4	0.6356648160365639	1.850152387587624E-4	4.0709079095452636E-4	1.4223159918597638E-4
657	file:/home/ulrike/Git/johnson-topics/data/letters-leipzig-lemmata-NVAdj/uj1172.txt	4.603077343169458E-4	0.09491048445642117	5.382675260702854E-4	4.983677088481406E-4	4.2654524430483116E-4	3.0947105712200495E-4	5.060070828422146E-4	0.019240694419228353	4.47461608361774E-4	4.549709941513706E-4	3.6545919332470775E-4	3.3389150255499307E-4	3.967321601292075E-4	3.647943342171705E-4	4.870514443466121E-4	4.745372146155801E-4	0.8789329382907678	2.1466463482636123E-4	4.7232863934722365E-4	1.6502475420328576E-4
658	file:/home/ulrike/Git/johnson-topics/data/letters-leipzig-lemmata-NVAdj/uj0408.txt	3.050331846209627E-4	4.264562009911597E-4	0.006603504253878126	3.3025447544952235E-4	2.8265971773926656E-4	2.0507789694652935E-4	3.3531687697831885E-4	2.5665665859806494E-4	2.965204127989494E-4	0.050275970873256935	2.4217968388966032E-4	2.2126064966812006E-4	2.62903412703554E-4	2.4173910017625107E-4	0.30016960069150345	3.144626670463113E-4	0.6386657944979646	1.4225230710873676E-4	3.129991053953615E-4	1.0935733328621307E-4
659	file:/home/ulrike/Git/johnson-topics/data/letters-leipzig-lemmata-NVAdj/uj0410.txt	2.3133332989281363E-4	3.2341901800393247E-4	2.705129848921201E-4	2.504608395728369E-4	2.1436557406840796E-4	1.555284971600943E-4	2.54300101207161E-4	1.9464518113473847E-4	0.009699880488893793	2.286512852925698E-4	1.8366602563652342E-4	1.6780129324478723E-4	1.9938264086404646E-4	1.83331892490826E-4	2.447737112586211E-4	2.3848453074111551E-4	0.57436863393002	1.0788236017432227E-4	0.41240001108960445	8.293522584676629E-5
660	file:/home/ulrike/Git/johnson-topics/data/letters-leipzig-lemmata-NVAdj/uj0040.txt	2.8542054016798146E-4	3.990364503984436E-4	3.3376064878388475E-4	3.0902018379680955E-4	0.07040640200026935	1.918920533047127E-4	0.24581046443901985	2.401544678681318E-4	2.774551119645386E-4	0.0996498262960453	2.2660831568011475E-4	2.0703430751204023E-4	2.4599957594481777E-4	2.2619606007052677E-4	3.020033685536269E-4	2.942437374561447E-4	0.5800661762085247	1.331059451304269E-4	2.928742780725622E-4	1.0232601143598945E-4
661	file:/home/ulrike/Git/johnson-topics/data/letters-leipzig-lemmata-NVAdj/uj0484.txt	1.9843098182234972E-4	2.774193987190523E-4	2.3203814691427808E-4	2.1483800162957822E-4	1.8387653586716138E-4	1.3340780771681945E-4	2.1813120825883822E-4	1.6696095810081148E-4	1.9289323132228286E-4	1.9613040220606916E-4	1.5754335880329348E-4	1.439350541707545E-4	1.7102461285331083E-4	0.2561697671568522	2.0995974886910308E-4	0.04084147148721481	0.6999248811566523	9.25383413649126E-5	2.036129933544628E-4	7.11394173077322E-5
662	file:/home/ulrike/Git/johnson-topics/data/letters-leipzig-lemmata-NVAdj/uj0471.txt	5.302923955554684E-4	0.01160130147721342	6.201051048448981E-4	5.74138965065922E-4	4.913966951931669E-4	3.5652268254809043E-4	5.829398207410349E-4	4.4619104145128644E-4	0.17427418549492543	5.241442635214511E-4	4.21023190917072E-4	3.846559845626817E-4	0.06561656048966807	0.022140093789343653	5.611021886577228E-4	5.466853097572456E-4	0.7193471032315066	2.4730200028472604E-4	5.441409452321541E-4	1.9011492900998408E-4
663	file:/home/ulrike/Git/johnson-topics/data/letters-leipzig-lemmata-NVAdj/uj1109.txt	2.0254641160886235E-4	2.831730368170936E-4	2.368505844310825E-4	2.1929371062754492E-4	1.8769010855525074E-4	1.3617466630205127E-4	2.226552178847146E-4	1.704237041591257E-4	1.9689380896650927E-4	0.48966077564369626	1.6081078521791846E-4	1.4692024632077848E-4	1.7457163852188022E-4	1.605182313101355E-4	2.143142836122623E-4	2.0880772324600915E-4	0.5070426718897629	9.44575731449004E-5	2.0783589730865557E-4	7.26148385060484E-5
664	file:/home/ulrike/Git/johnson-topics/data/letters-leipzig-lemmata-NVAdj/uj1092.txt	0.17364611802597207	3.4816015738199646E-4	2.912068807059732E-4	2.6962077203093103E-4	0.035930164734345224	1.6742622738402297E-4	2.73753732247948E-4	2.0953528742918192E-4	2.4208017927073556E-4	2.4614281486714834E-4	1.9771624064037036E-4	1.806378766022266E-4	2.1463515674152608E-4	1.9735654673829086E-4	2.6349858570698116E-4	2.567282909596515E-4	0.7509048697007961	0.03581553569138815	2.5553343471521506E-4	8.927966407643498E-5
665	file:/home/ulrike/Git/johnson-topics/data/letters-leipzig-lemmata-NVAdj/uj0457.txt	0.2036279513930624	0.0010653247044700867	8.910551007919232E-4	8.250044216509801E-4	7.061085747289308E-4	5.123024344590013E-4	0.01644272396824234	6.41150669953399E-4	7.407337972814169E-4	7.53164932706742E-4	6.049859272037167E-4	5.527283591391268E-4	6.567556053626168E-4	6.038853107437119E-4	8.062713294289522E-4	0.03199570156388733	0.7371637101221219	3.5535864334622363E-4	7.818990055244318E-4	2.731841358948529E-4
666	file:/home/ulrike/Git/johnson-topics/data/letters-leipzig-lemmata-NVAdj/uj0599.txt	1.8351594153879946E-4	2.5656720381817054E-4	2.145970282101171E-4	1.986897297250863E-4	1.7005547871937332E-4	1.2338022629801714E-4	2.017354028840869E-4	0.2745062113392686	0.041519076624289865	1.8138828470573153E-4	1.457016316628179E-4	1.3311619357017667E-4	1.581695689143083E-4	1.4543656497804577E-4	1.9417815023189846E-4	0.00394743280013555	0.5871832123945666	0.07900870325082451	0.011463039953881433	6.579223177677995E-5
667	file:/home/ulrike/Git/johnson-topics/data/letters-leipzig-lemmata-NVAdj/uj0568.txt	3.210789356039898E-4	4.488892028783966E-4	0.03982793051378929	0.05295092322021713	2.97528550615312E-4	2.1586567031819015E-4	3.5295565000259224E-4	0.10547675018635176	3.121183639237379E-4	3.173563936517008E-4	2.549191335520649E-4	0.07913784409530188	2.767329988125905E-4	2.5445537368304713E-4	3.39733503646756E-4	3.310044398870389E-4	0.7182896047408424	1.4973524736477546E-4	3.2946389006895365E-4	1.1510988948844697E-4
668	file:/home/ulrike/Git/johnson-topics/data/letters-leipzig-lemmata-NVAdj/uj0028.txt	0.0014760487614263154	0.002063612023254975	0.0017260390298482163	0.0015980940239289118	0.0013677840553400688	9.923673588497673E-4	0.001622590871757806	0.001241955833448869	0.001434855648880868	0.06191527653855563	0.001171902076464711	0.0010706753375074138	0.0012721837369204186	0.0011697701017246824	0.001561806651468747	0.001521677816088424	0.8838330606006884	6.883557340779143E-4	0.03174276610865665	5.291776911111414E-4
669	file:/home/ulrike/Git/johnson-topics/data/letters-leipzig-lemmata-NVAdj/uj0629.txt	0.00927497564065302	6.03703599481784E-4	5.049476177803145E-4	4.6751768437288614E-4	4.001411836223661E-4	2.903141384109938E-4	0.02700416997637145	3.6333050912731624E-4	0.026949248591671648	4.2680731890535354E-4	3.4283648952868507E-4	0.12411749002675353	3.721735929652261E-4	3.4221278661842133E-4	4.569019207879349E-4	4.4516234857711745E-4	0.8068387902797834	2.0137643593066848E-4	4.4309048883000077E-4	1.5480936982783958E-4
670	file:/home/ulrike/Git/johnson-topics/data/letters-leipzig-lemmata-NVAdj/uj0871.txt	3.9997991873172363E-4	5.591979011301362E-4	4.6772231983674656E-4	4.3305176259832433E-4	3.706423321468156E-4	2.6891185841394023E-4	4.3968992216313193E-4	3.3654538136751585E-4	3.888174028048694E-4	0.30347100947451894	3.175622036042694E-4	2.90131766426508E-4	3.447365432653773E-4	3.169844807637105E-4	4.232186048687793E-4	0.008603578726501769	0.6818278666404289	1.865307419173256E-4	4.1042536698000716E-4	1.433966515311775E-4
671	file:/home/ulrike/Git/johnson-topics/data/letters-leipzig-lemmata-NVAdj/uj0863.txt	0.055820340479232865	1.810425687335155E-4	1.514269815142553E-4	1.4020224921611747E-4	1.1999694519172452E-4	8.706129531561553E-5	0.0027942963977987084	1.0895792029089948E-4	0.0027778262151246466	1.2799375957873757E-4	1.0281204016860753E-4	9.393132584884912E-5	1.1160984188771504E-4	0.3581152023942894	1.370187248671869E-4	1.3349818546556103E-4	0.5787570904927151	6.039007763840323E-5	1.3287686266577058E-4	4.642524245624371E-5
672	file:/home/ulrike/Git/johnson-topics/data/letters-leipzig-lemmata-NVAdj/uj0279.txt	2.4950536072517963E-5	0.0015677770661856995	2.9176271273848203E-5	2.7013540225313336E-5	2.3120472916626553E-5	1.6774579696299907E-5	2.7427625112879785E-5	2.0993523136049196E-5	2.4254224224722826E-5	2.4661263227236686E-5	1.9809362533550092E-5	1.8098266350374656E-5	2.1504483488900076E-5	1.9773324487892727E-5	2.6400153039737327E-5	0.001558616427771712	0.6296306926453373	1.1635689160593462E-5	2.5602117617258516E-5	0.3668817184281415
673	file:/home/ulrike/Git/johnson-topics/data/letters-leipzig-lemmata-NVAdj/uj1031.txt	0.02901389617333813	6.496642917777607E-4	5.433898965845305E-4	5.031103766358351E-4	0.18124225486734932	3.1241610831167494E-4	5.108224499888696E-4	0.05748940723505353	4.517198331996397E-4	4.5930068132810255E-4	3.689370501623908E-4	3.370689485364201E-4	4.005076231112215E-4	3.682658639878773E-4	4.916864220047586E-4	4.790531018246878E-4	0.725518372901801	2.1670746992717718E-4	4.768235088647836E-4	1.6659519621234182E-4
674	file:/home/ulrike/Git/johnson-topics/data/letters-leipzig-lemmata-NVAdj/uj0224.txt	7.279216310876566E-4	0.0010176817115772824	8.51205718105127E-4	7.881089290069782E-4	6.745302909754414E-4	4.893914654919976E-4	8.001896853438379E-4	6.124774056578895E-4	0.35848016363333807	0.03053386193260839	5.779300069673128E-4	5.280094793688359E-4	6.273844638624629E-4	5.768786118029014E-4	7.702136100721455E-4	7.504238523981062E-4	0.5998462629579815	3.3946644705311113E-4	7.469312547468685E-4	2.609669125541632E-4
675	file:/home/ulrike/Git/johnson-topics/data/letters-leipzig-lemmata-NVAdj/uj0344.txt	4.978525664590243E-4	6.960302185142113E-4	5.821711201383479E-4	5.390168889048288E-4	4.6133625128669503E-4	3.347129508080167E-4	5.472793656471189E-4	0.7752829244567304	4.839586509346014E-4	4.920805370320168E-4	3.9526773888068557E-4	3.611252409489302E-4	4.2909147379470235E-4	0.07176360390480274	5.267776174244675E-4	5.132426691184236E-4	0.1451720157810612	2.3217367732236873E-4	5.108539522153699E-4	1.7848493797587473E-4
676	file:/home/ulrike/Git/johnson-topics/data/letters-leipzig-lemmata-NVAdj/uj0112.txt	0.0015220577835179257	0.0021279356239703776	0.06412062920726337	0.0016479072449910445	0.0014104184238401202	0.0010232998408445982	0.0016731676692290575	0.0012806680866421427	0.0014795806654066363	0.0015044112694534162	0.001208430726421483	0.0011040487100840218	0.0013118382057876932	0.001206232297187893	0.001610488780818467	0.0015691091138113217	0.9113824857099094	7.098120538172934E-4	0.0015618062185369778	5.456723684666465E-4
677	file:/home/ulrike/Git/johnson-topics/data/letters-leipzig-lemmata-NVAdj/uj0867.txt	3.87290374041697E-4	0.06399236598053559	4.528836166865711E-4	4.193129986323463E-4	0.09553524686613743	2.603805075005196E-4	0.008357104170436122	3.2586832620278006E-4	0.07969011810268366	3.8280018641111976E-4	3.074873983808538E-4	2.8092720428813994E-4	3.3379961976701177E-4	3.06928004059954E-4	4.0979180230038537E-4	3.992626706954883E-4	0.7474415674385849	1.8061296936232058E-4	3.9740443569743795E-4	1.388473275956788E-4
678	file:/home/ulrike/Git/johnson-topics/data/letters-leipzig-lemmata-NVAdj/uj0697.txt	1.1514346259756168E-4	1.6097803814145838E-4	1.3464467819017983E-4	0.2830889916511205	0.011896878280931663	0.059028314095551884	1.2657490472933579E-4	9.688236513159537E-5	1.1193007443749131E-4	1.1380850622851509E-4	0.007165525811087605	8.352113351545999E-5	9.924038037047935E-5	9.125130786704414E-5	1.2183325541646882E-4	1.1870288928192931E-4	0.6372326515147685	5.369718453205321E-5	1.1815042625589898E-4	4.128003984437574E-5
679	file:/home/ulrike/Git/johnson-topics/data/letters-leipzig-lemmata-NVAdj/uj1213.txt	0.0014327396627132926	0.002003063090756181	0.001675394907052441	0.060233680920514586	0.0013276515771869894	9.63250071516742E-4	0.0015749820460385913	0.0012055153111614645	0.0013927552071066605	0.0014161286898037	0.001137517018167204	0.001039260397097925	0.0012348562905085889	0.0011354475982064502	0.0015159813100526856	0.00147702990440107	0.8579003039955476	6.681585243271687E-4	0.060152632515561175	5.136509622794219E-4
680	file:/home/ulrike/Git/johnson-topics/data/letters-leipzig-lemmata-NVAdj/uj0742.txt	0.025584242302692642	8.524771987073661E-4	7.130259469528122E-4	6.601719225501789E-4	5.65030978106893E-4	4.0994650962854516E-4	6.702915593709594E-4	5.130513962342565E-4	5.927382232334808E-4	6.026856687960095E-4	4.841122207304303E-4	4.4229550039339425E-4	5.255385295635041E-4	4.832315029241696E-4	6.451816253069504E-4	0.27534796387658245	0.689779373736122	2.8435944416301185E-4	6.256787917380537E-4	2.1860306620297268E-4
681	file:/home/ulrike/Git/johnson-topics/data/letters-leipzig-lemmata-NVAdj/uj0319.txt	0.012473938267335201	8.119225023833732E-4	6.791053320746129E-4	6.287657196848755E-4	5.381508929086967E-4	3.904442212010355E-4	6.384039374145669E-4	4.886441234011174E-4	0.1313896401713562	5.740142458958939E-4	4.610816644548765E-4	0.10745997258033742	5.005372092873452E-4	4.6024284482868935E-4	6.144885523100205E-4	5.986999718634252E-4	0.7402169990471128	2.7083167952323404E-4	5.959135224337542E-4	2.0820351419290355E-4
682	file:/home/ulrike/Git/johnson-topics/data/letters-leipzig-lemmata-NVAdj/uj0138.txt	1.660430898151625E-4	2.3213902241947044E-4	0.0069949955315484055	1.7977215691159887E-4	1.538642195865666E-4	1.1163299397772174E-4	1.825278465680239E-4	1.3970960132817398E-4	1.6140921059321832E-4	1.6411801065491824E-4	1.3182914197832832E-4	0.22114743765238654	0.020545601894471	1.3158931272438137E-4	1.756901322508843E-4	0.08858197424264806	0.6604923243608789	7.743423927800026E-5	1.7037929376047272E-4	5.952804622012744E-5
683	file:/home/ulrike/Git/johnson-topics/data/letters-leipzig-lemmata-NVAdj/uj1018.txt	5.739215861957088E-4	8.023796480372265E-4	6.711235317788261E-4	6.213755812625638E-4	5.318257872832196E-4	3.858551719724716E-4	0.07115133308155401	0.0945101443101655	5.579047599835608E-4	0.11810132189781332	4.556623847173947E-4	4.1630310871918706E-4	4.946541925350881E-4	4.548334240783546E-4	6.072662192242203E-4	5.916632083647372E-4	0.6845033068434253	2.676484849912119E-4	0.024095720364019024	2.0575641387918347E-4
684	file:/home/ulrike/Git/johnson-topics/data/letters-leipzig-lemmata-NVAdj/uj1194.txt	3.3426657850070177E-4	0.007312809656418384	3.9087947223946483E-4	3.6190499627190186E-4	3.097489109130377E-4	0.013915698444056228	3.674525619904654E-4	2.812538026824969E-4	3.2493797015916196E-4	3.3039114095642234E-4	2.6538940153928093E-4	2.42465554734015E-4	0.08927938176622115	2.649065937077086E-4	3.5368734374440744E-4	0.03457201611384147	0.8504740906700871	1.5588530815148797E-4	3.4299592735884224E-4	1.1983778642630748E-4
685	file:/home/ulrike/Git/johnson-topics/data/letters-leipzig-lemmata-NVAdj/uj1131.txt	0.16807288016021985	0.08801936841191349	2.1787229707969567E-4	2.017222148060837E-4	1.7265093598267474E-4	0.04209690413705829	2.048143722923268E-4	1.5676804847734402E-4	1.8111716525143852E-4	1.8415670795538273E-4	1.4792539040921015E-4	1.351478681393618E-4	1.605836184913251E-4	1.476562781667328E-4	0.011643952913323019	1.920764452444356E-4	0.6839039315466012	0.003902492619013399	1.91182489462813E-4	6.679638011189853E-5
686	file:/home/ulrike/Git/johnson-topics/data/letters-leipzig-lemmata-NVAdj/uj0540.txt	8.865052572582171E-4	0.001239391919403149	0.0010366477816862432	0.0372694887910949	0.055286008099027936	5.960093621173281E-4	9.745174927707127E-4	7.459105717964421E-4	8.617649425825143E-4	8.762272457005275E-4	7.038367423403372E-4	6.43040623264952E-4	0.018918907226096553	0.03701224023754672	9.380108865848015E-4	9.139097698317682E-4	0.7849921582187135	4.1342196346836143E-4	0.05537418219947063	3.1782066924434073E-4
687	file:/home/ulrike/Git/johnson-topics/data/letters-leipzig-lemmata-NVAdj/uj1038.txt	3.5883024274391723E-4	5.016679818343617E-4	4.196033493279884E-4	3.8849967665017507E-4	0.1546515431471308	2.4124637991166945E-4	3.944549066416348E-4	3.0192180965827036E-4	0.09587964561291534	3.5467001768944097E-4	2.8489160897610696E-4	2.6028319747815437E-4	3.0927027010469534E-4	2.8437332188866073E-4	3.79678147843879E-4	3.6992275214364637E-4	0.7439553118309792	1.6734057953117002E-4	3.682010700154098E-4	1.2864409653553008E-4
688	file:/home/ulrike/Git/johnson-topics/data/letters-leipzig-lemmata-NVAdj/uj0404.txt	2.5030657452567616E-4	3.499448461254228E-4	2.9269962371801755E-4	0.29758229746154524	2.3194717581835218E-4	1.682844637359751E-4	2.7515700942959805E-4	2.1060937721486397E-4	2.4332109602065845E-4	2.4740455691791E-4	1.9872974532085072E-4	0.030937904657113862	2.1573538874699322E-4	1.9836820760739735E-4	0.005390906097840822	2.5804429476215454E-4	0.5907202330075354	1.1673053787576464E-4	0.07202163856143916	8.973731670588068E-5
689	file:/home/ulrike/Git/johnson-topics/data/letters-leipzig-lemmata-NVAdj/uj0174.txt	0.002316235498362648	0.0032382476433179463	0.002708523577927504	0.0025077505599262924	0.0021463450706138754	0.0015572361591653012	0.0025461913418449358	0.0019488937384785998	0.09712049503917584	0.0022893814046868466	0.0018389644441620737	0.0016801180887545358	0.0019963277697190225	0.09670451924591499	0.002450807928740231	0.002387837222456762	0.5805370310183068	0.19081797769339973	0.0023767238301411536	8.303927249048385E-4
690	file:/home/ulrike/Git/johnson-topics/data/letters-leipzig-lemmata-NVAdj/uj1048.txt	2.122299731112304E-4	2.967112846490324E-4	0.03501842822277507	2.2977794541144777E-4	1.966634035899251E-4	1.4268505444334708E-4	2.333001633028217E-4	0.013217416767415717	0.29575346633914484	2.0976941001962313E-4	1.684990040144527E-4	0.013192789630428043	1.8291775132026576E-4	1.681924633678464E-4	2.2456045647561057E-4	2.1879063241809005E-4	0.6225558421479688	0.01748410051725622	2.1777234435801004E-4	7.608648852972662E-5
691	file:/home/ulrike/Git/johnson-topics/data/letters-leipzig-lemmata-NVAdj/uj0454.txt	2.8050180660181106E-4	3.921597414497984E-4	3.2800885634009673E-4	3.0369475084173587E-4	0.034726498027208466	1.8858512282551263E-4	0.2702964845778833	2.3601581743507764E-4	2.726736488942132E-4	2.772497099147335E-4	2.2270310995086657E-4	2.034664262477522E-4	2.4176019509734506E-4	2.2229795885976743E-4	2.9679885837672454E-4	2.8917295121487014E-4	0.6907027266582252	1.308120924182691E-4	2.878270921153932E-4	1.005625980991416E-4
692	file:/home/ulrike/Git/johnson-topics/data/letters-leipzig-lemmata-NVAdj/uj1125.txt	0.23358117486120863	5.685115232396387E-4	4.75512386520358E-4	4.402643799249337E-4	3.768155002013159E-4	2.733906724884742E-4	4.470131001867043E-4	3.421506536663223E-4	3.952932825461992E-4	4.0192716957293924E-4	3.2285130493074735E-4	2.9496400493991777E-4	0.008678140140139947	3.2226395992921445E-4	4.3026744776946356E-4	0.07536816930097483	0.6765286067363835	1.896374718219123E-4	4.1726113436125155E-4	1.4578496919372645E-4
693	file:/home/ulrike/Git/johnson-topics/data/letters-leipzig-lemmata-NVAdj/uj0435.txt	0.0011077206926277975	0.16034463166815266	0.0012953292598535363	0.0011993112052479096	0.0010264719843553719	7.447354632268752E-4	0.0012176951949597393	9.320424988614388E-4	0.001076806765965751	0.0010948779418507378	8.794697124904211E-4	8.035027415335284E-4	0.023639865465736883	8.778697433041679E-4	0.13728290703252446	0.0011419636318552398	0.663284435881297	5.165858408297359E-4	0.0011366487428286307	3.971285324980604E-4
694	file:/home/ulrike/Git/johnson-topics/data/letters-leipzig-lemmata-NVAdj/uj0893.txt	4.280285774443397E-4	5.984117474935847E-4	5.005214257592945E-4	4.634195898945847E-4	0.009162279598602755	2.87769347470752E-4	0.009236169162419748	3.601456825356754E-4	4.160832882207678E-4	4.230660770756442E-4	3.3983130625613706E-4	0.035373060948724104	3.689112510319016E-4	3.392130705047383E-4	0.017984188702155086	0.15822288660944375	0.7559380975824517	1.996112413984991E-4	4.3920651449842475E-4	0.008919098276618633
695	file:/home/ulrike/Git/johnson-topics/data/letters-leipzig-lemmata-NVAdj/uj0043.txt	4.737041264758038E-4	6.622691312151229E-4	5.539327915612424E-4	0.010213912438627556	4.389590425971469E-4	3.184776310592748E-4	5.20733468717466E-4	3.9857734959712875E-4	4.6048413814946647E-4	4.6821207050999755E-4	0.0391802578909723	3.4360878769549685E-4	4.082783045949492E-4	0.05858165502946438	0.23332620232686596	4.883477290758591E-4	0.6522855733298004	2.2091204588722317E-4	4.8607487737197604E-4	1.6982748976128567E-4
696	file:/home/ulrike/Git/johnson-topics/data/letters-leipzig-lemmata-NVAdj/uj1063.txt	2.8376190650800554E-4	3.967175728299315E-4	0.14561162988814053	3.072244080682805E-4	0.09324202626134083	1.9077693167224096E-4	3.119337865285466E-4	2.3875888406128576E-4	2.7584276694001474E-4	2.8047201270213967E-4	0.011847676154104142	2.058311913277349E-4	2.44570025090623E-4	2.2488159125631283E-4	3.002483688881707E-4	2.9253383049957236E-4	0.7452198782745527	1.323324408801501E-4	2.911723293078854E-4	1.0173137530097646E-4
697	file:/home/ulrike/Git/johnson-topics/data/letters-leipzig-lemmata-NVAdj/uj0819.txt	0.40513620882451296	0.0016222682208259535	0.0013568918161328465	0.0012563103527680004	0.0010752566766066363	7.801301850856918E-4	0.0012755680704471895	9.763392815940038E-4	0.0011279836977206965	0.0011469137346049158	9.212678910301865E-4	8.416904705375276E-4	0.0010001023565477643	9.195918807969758E-4	0.0012277837448126216	0.001196237245934615	0.5759916457084511	5.411373937706239E-4	0.001190669758464537	4.160026893551332E-4
698	file:/home/ulrike/Git/johnson-topics/data/letters-leipzig-lemmata-NVAdj/uj0057.txt	0.0012494391956949077	0.001746797134310491	0.0014610498470983143	0.02694015489617838	0.0011577957684385934	8.400147116257915E-4	0.18048533509351292	0.0010512852543797329	0.0012145702328584635	0.0012349533814384874	9.919864615017021E-4	9.063005013824656E-4	0.256950946126527	9.901817969987156E-4	0.026909438522407167	0.0012880630750999851	0.4922690075028523	5.826763025817703E-4	0.0012820682149201497	4.479359801926156E-4
699	file:/home/ulrike/Git/johnson-topics/data/letters-leipzig-lemmata-NVAdj/uj0786.txt	0.0011334327714959942	0.0015846126198095143	0.0013253960522419924	0.0012271492554911468	0.001050298142694194	7.620220383480881E-4	0.0012459599688315309	9.536767884424937E-4	0.001101801280085225	0.0011202919186584946	8.998836983988184E-4	8.221534050072892E-4	9.768882820622336E-4	8.982465912100187E-4	0.024410983414754846	0.02438016916370119	0.469775106758051	0.4647625489995299	0.0011630322908796431	4.0634656030629624E-4
700	file:/home/ulrike/Git/johnson-topics/data/letters-leipzig-lemmata-NVAdj/uj0961.txt	3.84242804643212E-4	5.371963936643485E-4	4.493198972042465E-4	0.23648457616275845	3.5605949837475644E-4	2.5833158576167163E-4	0.03976715088050591	3.233040839560461E-4	3.735194752315527E-4	0.008248740040684753	3.0506779477453136E-4	2.787166015766502E-4	3.3117296655120444E-4	3.045128023007425E-4	4.065671702409627E-4	3.961208918682202E-4	0.7100841771914841	1.7919173455946733E-4	3.942772792323426E-4	1.3775474462692045E-4
701	file:/home/ulrike/Git/johnson-topics/data/letters-leipzig-lemmata-NVAdj/uj0738.txt	8.40716055844977E-4	0.32830065013200654	9.831035148230925E-4	9.102296209839766E-4	7.790515098850646E-4	5.652246685097887E-4	9.241823397731862E-4	7.073832769737516E-4	8.17253612047577E-4	8.309689175533954E-4	6.674826179928566E-4	6.098267010975418E-4	7.246002446290119E-4	6.662683048607715E-4	8.895613494139994E-4	8.667050880978101E-4	0.6583606477904275	3.920681571610447E-4	8.626712981998309E-4	3.014047997182776E-4
702	file:/home/ulrike/Git/johnson-topics/data/letters-leipzig-lemmata-NVAdj/uj1178.txt	4.3181370346842275E-4	6.03703599481784E-4	5.049476177803145E-4	4.6751768437288614E-4	4.001411836223661E-4	2.903141384109938E-4	4.7468416481766197E-4	3.6333050912731624E-4	4.197627801178603E-4	0.11538791250230511	3.4283648952868507E-4	3.1322290616918726E-4	3.721735929652261E-4	3.4221278661842133E-4	4.569019207879349E-4	0.20383788690382282	0.6741913612220145	2.0137643593066848E-4	4.4309048883000077E-4	1.5480936982783958E-4
703	file:/home/ulrike/Git/johnson-topics/data/letters-leipzig-lemmata-NVAdj/uj0997.txt	5.190193794712475E-4	7.256227976806375E-4	6.069228399672325E-4	5.619338536179509E-4	4.8095052833300843E-4	3.4894368279542697E-4	5.705476197017138E-4	4.3670586152211375E-4	0.06427887610310513	5.130019451275766E-4	4.120730320182882E-4	3.764789238746346E-4	4.473348245432E-4	4.113233710073954E-4	5.491742144860312E-4	0.032422234489253944	0.874120050942607	0.021500158611567528	5.325735351031441E-4	1.8607344421679722E-4
704	file:/home/ulrike/Git/johnson-topics/data/letters-leipzig-lemmata-NVAdj/uj0943.txt	7.502910946834651E-4	0.001048955674359832	8.773637748388521E-4	8.123279839766886E-4	0.0467911489499676	5.044307555802246E-4	8.24779989123236E-4	6.312991997137245E-4	7.293522027492465E-4	7.415923300910943E-4	5.956901389645771E-4	5.442355239353845E-4	6.466643606612122E-4	0.015959903081454584	7.938827312737799E-4	0.4002711976615471	0.5260881146187412	3.498984523749019E-4	7.698848953560451E-4	2.689865806073962E-4
705	file:/home/ulrike/Git/johnson-topics/data/letters-leipzig-lemmata-NVAdj/uj0757.txt	7.172297510167826E-4	0.0010027337689062453	8.387030130542775E-4	7.765330040833886E-4	6.646226351684489E-4	4.8220317126734146E-4	7.884363154970549E-4	6.034811968797146E-4	6.972135248414169E-4	7.089142947799312E-4	5.694412383142629E-4	5.20253954888459E-4	6.181692967902548E-4	5.684052862834594E-4	7.58900535702393E-4	0.8085920311660627	0.17976515363296228	3.3448028592673504E-4	7.359601569584869E-4	2.571337706164436E-4
706	file:/home/ulrike/Git/johnson-topics/data/letters-leipzig-lemmata-NVAdj/uj0177.txt	3.485839313261485E-4	4.8734297307564674E-4	4.0762167644479817E-4	0.4929470140212007	3.2301611957245954E-4	2.3435764746235804E-4	3.831913415006065E-4	2.933005048821768E-4	3.38855758727855E-4	3.445425004991325E-4	2.7675659749113124E-4	2.5285087327443036E-4	3.0043913180509646E-4	2.762531099670138E-4	3.6883652950206496E-4	3.59359696783547E-4	0.4942737675359164	1.6256220946516106E-4	0.007496377145853749	1.2497069524950404E-4
707	file:/home/ulrike/Git/johnson-topics/data/letters-leipzig-lemmata-NVAdj/uj0946.txt	5.739215861957088E-4	8.023796480372265E-4	0.035931339813999985	6.213755812625638E-4	5.318257872832196E-4	3.858551719724716E-4	0.024137711371925788	4.8290089090906416E-4	5.579047599835608E-4	5.672676237427722E-4	0.012209067812124446	0.176717384519825	4.946541925350881E-4	4.548334240783546E-4	6.072662192242203E-4	5.916632083647372E-4	0.7432703339804605	2.676484849912119E-4	5.889095092049161E-4	2.0575641387918347E-4
708	file:/home/ulrike/Git/johnson-topics/data/letters-leipzig-lemmata-NVAdj/uj1129.txt	0.0011886121872184926	0.0016617570263473445	0.0013899209024164675	0.0012868911128162417	0.0011014302780142252	7.991198988486422E-4	0.0013066175965468498	0.0010001050630590014	0.001155440765731259	0.0011748315923513783	9.436931398977695E-4	8.621786677872663E-4	0.0010244465722281358	0.19567576949685664	0.025599394263560563	0.0012253557229877537	0.7604043444770606	5.543096109346148E-4	0.0012196527132734953	4.261289120632109E-4
709	file:/home/ulrike/Git/johnson-topics/data/letters-leipzig-lemmata-NVAdj/uj0336.txt	4.435816978271942E-4	6.201560198102908E-4	5.187086926831826E-4	4.802587007605895E-4	4.1104602326445604E-4	2.982259186895046E-4	0.11858170089974716	3.7323216659542504E-4	0.00951536238878759	4.384388768684692E-4	3.5217963413560377E-4	0.35460400024971345	3.8231624639961106E-4	3.515389337741925E-4	4.6935363128984E-4	0.00954145415848072	0.5017973872052751	2.0686444324258767E-4	4.551658035573808E-4	1.5902830909768193E-4
