,segmentID,idno,filename,corpus,genre,sender,receiver,date,year,month,sender_norm,receiver_norm,tokens,0,1,2,3,4,5,6,7,8,9,10,11,12,13,14,15,16,17,18,19,20,21,22,23,24,25,26,27,28,29,30,31,32,33,34,35,36,37,38,39
0,uj0295,uj0295,0546_100995.xml,letters-leipzig,Brief,"Johnson, Uwe","Bierwisch, Manfred",1966-04-17,1966,4.0,JohnsonUwe,BierwischManfred,461,9.02067768675194e-05,0.00010347886796680713,9.783499789382629e-05,0.00012976353688820013,9.82837289382668e-05,0.000177841846093112,8.245660557224323e-05,0.00011369431728253928,0.1905425251129386,0.00012114807083170846,4.661942460504564e-05,0.0001055110746183628,4.257563345072312e-05,0.00012232055764626286,0.00010341382656090806,0.00016556647367746983,2.033249175137529e-05,7.1190550029984e-05,8.242664175796884e-05,0.011670697899058,8.25040087672365e-05,0.2546068524999566,0.00010271348704509732,0.00010366376858470112,0.00016910593517175214,0.00013252178948812936,8.388086564329187e-05,9.41845298964596e-05,0.00011514272684432044,9.216379072272606e-05,5.872600003144507e-05,0.0521749870574773,0.0001366109333950889,0.00010703253327130018,9.809166275377514e-05,0.2969168272477711,0.0001272031447900878,0.0001355035180341272,0.00011052910031755184,0.1905638669656087
1,uj0008,uj0008,0585_101037.xml,letters-leipzig,Brief,"Bierwisch, Manfred","Johnson, Uwe",1967-01-22,1967,1.0,BierwischManfred,JohnsonUwe,712,6.615472269926559e-05,7.588804359601203e-05,7.174901244342942e-05,9.516436677393132e-05,7.207809722887866e-05,0.000130423438472853,6.047099858545775e-05,8.33797226050422e-05,7.308620238242901e-05,8.884606356341763e-05,3.418917307815482e-05,7.737839800362725e-05,3.12235878776013e-05,8.97059273428242e-05,7.584034433969628e-05,0.00012142107871245873,1.4911189605774086e-05,0.0042844699933684,6.044902409647622e-05,0.4656431157580481,6.0505762550303145e-05,0.4872109448938398,7.532673806672368e-05,7.60236437086473e-05,0.00012401680490720855,9.7187179717917e-05,6.151550470044993e-05,6.907187768178058e-05,8.444193917282092e-05,6.758993315024927e-05,4.306774260456009e-05,0.0001730918989173684,0.0001001860251554343,7.849418640421815e-05,0.0043041983964257,0.0357619357094712,9.328665830086648e-05,9.937388266834689e-05,8.105845520282386e-05,8.873762452951785e-05
2,uj0495,uj0495,0294_060266.xml,letters-leipzig,Brief,"Baumgärtner, Klaus + Baumgärtner, Sabine","Johnson, Uwe",1962-05-04,1962,5.0,BaumgärtnerKlaus+BaumgärtnerSabine,JohnsonUwe,630,6.847309071484595e-05,7.854751227578802e-05,7.426343029314963e-05,9.849936713595524e-05,7.460404773431671e-05,0.00013499408008240256,6.259018257218599e-05,8.630173443047516e-05,7.564748156356808e-05,9.195964130467742e-05,3.538732012056417e-05,8.009009560749988e-05,3.231780707335189e-05,9.2849638695149e-05,7.849814141651335e-05,0.00012567623592298625,1.5433746781524514e-05,5.403847869880024e-05,6.256743799529033e-05,9.76966050287803e-05,6.262616482744066e-05,0.513046232317645,7.796653599990783e-05,7.868786444468195e-05,0.0001283629283910658,0.00010059306881833312,0.008824829684235,7.149247632477507e-05,8.740117598863821e-05,6.995859759017282e-05,4.45770358626024e-05,0.0001791578410879725,0.0132454345945159,0.45566148132952,7.445825641208305e-05,0.0063511452727313,9.65558550575102e-05,0.000102856403972376,8.389911906274006e-05,9.18474020645705e-05
3,uj0878,uj0878,0382_101344.xml,letters-leipzig,Brief,"Johnson, Uwe","Bierwisch, Manfred",1963-08-05,1963,8.0,JohnsonUwe,BierwischManfred,1431,2.7409430623624407e-05,3.144217043374543e-05,2.972727416335425e-05,3.942879665279249e-05,2.986362159597922e-05,0.0035610846747758,2.505453235748797e-05,3.454614619955656e-05,0.334953291747665,3.681097760010192e-05,1.4165364607826784e-05,3.205965871082343e-05,1.2936654116777876e-05,3.716723903761942e-05,3.1422407529398775e-05,5.030755927046947e-05,6.178050490410587e-06,2.1631328707933336e-05,2.50454278188148e-05,3.910745505634671e-05,2.506893587160992e-05,0.1948486607339603,3.120960857971688e-05,3.149835269448482e-05,5.138302862700129e-05,4.026689480800342e-05,2.5487295382207712e-05,2.8618075355990476e-05,3.498624707420082e-05,2.8004071484948357e-05,1.7843961169667297e-05,0.1105437037126681,4.150938578395781e-05,3.252195563398747e-05,0.0438678956344263,0.3111624874337848,3.865081863362933e-05,4.117289638081248e-05,3.358439146423378e-05,3.676604880204648e-05
4,uj0229,uj0229,0628_101073.xml,letters-leipzig,Brief,"Johnson, Uwe","Bierwisch, Manfred",1968-09-22,1968,9.0,JohnsonUwe,BierwischManfred,427,9.81355336238826e-05,0.00011257417989373242,0.3202966592637832,0.00014116914914439376,0.00010692241227138614,0.00019347331844740904,8.970415826440803e-05,0.0001236875197626361,0.00010841786011178268,0.00013179642363271782,5.0717055522042905e-05,0.00011478500807216644,4.6317833905070726e-05,0.00013307196659311256,0.00011250342165031436,0.00018011899780462492,2.2119623349971e-05,7.744786876079757e-05,8.967156077001421e-05,0.00014001863166463344,8.975572798009551e-05,0.2707073727058471,0.0063899812318951,0.0001127753324172403,0.00018396956152660232,0.00014416983933822531,9.125360418127988e-05,0.00010246291267093975,0.00012526323779832294,0.00010026455990837222,6.388774270414179e-05,0.0002567687562299414,0.0001486184000041681,0.00011644019587487402,0.00010671346436125434,0.3983533139243427,0.00013838371047160267,0.00014741364797593782,0.00012024409492604544,0.00013163556251769528
5,uj1147,uj1147,0445_101406.xml,letters-leipzig,Brief,"Baumgärtner, Klaus","Johnson, Uwe",1964-04-24,1964,4.0,BaumgärtnerKlaus,JohnsonUwe,134,0.0002682047730200213,0.0003076656461871593,0.1204000500397423,0.0003858158019378964,0.0002922193445639072,0.3093809015310886,0.00024516179326509026,0.0003380384447746456,0.0002963064089919059,0.0003602001087673419,0.00013860989859867606,0.0346306120968975,0.000126586809798172,0.0003636861723524356,0.0003074722636485982,0.0004922658810613176,6.045301167469842e-05,0.00021166530913751497,0.00024507270419345565,0.0003826714334495429,0.0002453027334870457,0.3451998427693426,0.0003053899987966921,0.0003082153967710468,0.0005027894858241978,0.00039401669923392056,0.0002493964346339764,0.0002800315158136744,0.00034234488794052944,0.000274023409657528,0.0001746054349324477,0.0007017499517272201,0.0004061746318360684,0.0003182314820309613,0.0002916482891598098,0.1793031041508677,0.00037820318783768304,0.0004028820401279995,0.00032862755207752216,0.00035976047475049606
6,uj0297,uj0297,0543_100992.xml,letters-leipzig,Brief,"Johnson, Uwe","Bierwisch, Manfred",1966-04-13,1966,4.0,JohnsonUwe,BierwischManfred,460,0.00010470944348079355,0.00012011530677722627,0.00011356406401097996,0.00015062579778920445,0.00011408493815777418,0.00020643372237271227,9.57132665704822e-05,0.1609033377090984,0.0604049422886402,0.0001406252114981346,5.411449311572527e-05,0.00012247423406530435,4.942057613935973e-05,0.00014198620061784195,0.00012003980857574524,0.013589798538356,2.3601374195988143e-05,8.263595190502015e-05,9.567848543289824e-05,0.00014939820936560303,9.5768290841821e-05,0.1146725584367724,0.0001192268745202934,0.0001203299341197747,0.00019629332713149016,0.00015382749842353933,9.736650687670045e-05,0.00010932670529224335,0.0001336543801629941,0.00010698108912404542,6.816745919407525e-05,0.0002739691992824668,0.006857380917963,0.0001242402997020589,0.00011386199323070802,0.6394000525064889,0.00014765376795956427,0.00015728860353674787,0.0001282990146037563,0.00014045357460770646
7,uj0952,uj0952,0196_060165.xml,letters-leipzig,Brief,"Baumgärtner, Klaus","Johnson, Uwe",1960-02-22,1960,2.0,BaumgärtnerKlaus,JohnsonUwe,244,0.00016405339012654104,0.00018819050725360723,0.00017792635581112708,0.00023599278103666384,0.00017874243473171205,0.0003234297773523795,0.0001499586411597451,0.00020676870226408816,0.00018124237821716491,0.00022032437492385744,8.478381467324379e-05,0.3045569580538096,7.74296260982034e-05,0.00022245670293163908,0.00018807222054049248,0.0003011053297910895,3.697742361897976e-05,0.1050829427747566,0.0001499041478557658,0.00023406945840331555,0.00015004485036831594,0.5365048962719702,0.00018679855712186636,0.00018852677437516236,0.000307542325741096,0.00024100904151683032,0.00015254885334990627,0.00017128747931744668,0.00020940283361378564,0.00016761248810809044,0.00010680128176931782,0.00042924090166506114,0.0002484457102899228,0.00019465333477967385,0.00017839313604497587,0.0467026313996324,0.00023133635700362893,0.0002464317236411061,0.00020101232129556248,0.0002200554630396043
8,uj1143,uj1143,0471_s000047.xml,letters-leipzig,Brief,"Johnson, Uwe","Baumgärtner, Klaus",1964-07-04,1964,7.0,JohnsonUwe,BaumgärtnerKlaus,131,0.0003377474555816545,0.0003874401189789474,0.0003663086383632257,0.000485853789850312,0.000367988753469465,0.0006658660590667941,0.129953481663415,0.0004256882654466904,0.0003731355508057369,0.0004535962163034412,0.00017454999045315,0.0003950489999257423,0.00015940944092124662,0.0004579861795863592,0.0003871965943778842,0.0870497399174411,7.612784308597397e-05,0.0002665479021537152,0.0003086174841029999,0.0004818941196162807,0.000308907157578026,0.3914916214451149,0.0003845744201053709,0.00038813241411904414,0.0006331575222102946,0.0004961810937384195,0.0003140623124647898,0.0003526407486479819,0.0004311113241249776,0.0003450748036267446,0.00021987879154842667,0.0008837063486290922,0.0005114914506544097,0.00040074556515783095,0.0003672696293928936,0.3770467277437989,0.0004762673048160575,0.0005073451244755445,0.0004138372270501137,0.0004530425898004344
9,uj0453,uj0453,0146_060124.xml,letters-leipzig,Brief,"Baumgärtner, Klaus","Johnson, Uwe",1958-11-21,1958,11.0,BaumgärtnerKlaus,JohnsonUwe,194,0.00018769211764892968,0.00021530719237566876,0.00020356406217505275,0.00026999737578398017,0.00020449773127299156,0.0964311489644432,0.00017156643271631455,0.0242518412629005,0.0002073578957988533,0.00025207128281371194,9.700045641300669e-05,0.00021953557945672924,8.858659049914658e-05,0.00025451086153252994,0.00021517186153211152,0.0003444921006525775,4.2305562468989335e-05,0.00014812529120005583,0.00017150408738097174,0.1323518309360525,0.00017166506395401723,0.4817267505850239,0.00021371467382005316,0.0002156919127895029,0.0003518566141211647,0.0002757364376313145,0.00017452987291560838,0.00019596857885741185,0.00023957603833935827,0.00019176405201469784,0.000122190457188609,0.0004910909415093961,0.00028424466845299246,0.2043525720141298,0.0002040981015539413,0.053432091713637,0.0002646699998196215,0.00028194048309759383,0.00022997652305989955,0.0002517636229660397
10,uj0605,uj0605,0993_101677.xml,letters-leipzig,Brief,"Johnson, Uwe","Bierwisch, Manfred",1976-07-03,1976,7.0,JohnsonUwe,BierwischManfred,350,0.00013442566523119207,0.00015420366569839571,0.00014579320015041267,0.00019337294130979536,0.00014646189679664578,0.00026501898523788,0.0001228764006614886,0.00016942667462952707,0.0001485103553247699,0.00018053421903040903,6.947202175765972e-05,0.00015723204937985493,6.344598541258392e-05,0.0173820972145013,0.00015410674133684368,0.00024672628971948507,3.029937244626785e-05,0.0001060877838480986,0.00012283174874279056,0.00019179696702335957,0.00012294704065376338,0.4482130577555855,0.0001530630990677178,0.00015447920362830715,0.00025200077665329777,0.00019748327485120644,0.00012499882554087562,0.00014035329190857545,0.00017158508695319985,0.00013734199700235348,8.751317688900256e-05,0.000351720825191454,0.0002035768956301242,0.00015949931907560327,0.00014617568077701534,0.5284629757257894,0.000189557458449268,0.00020192663107402388,0.0001647098849281904,0.0001803138721122416
11,uj0083,uj0083,0924_101596.xml,letters-leipzig,Brief,"Baumgärtner, Klaus + Baumgärtner, Sabine","Johnson, Uwe",1974-03-25,1974,3.0,BaumgärtnerKlaus+BaumgärtnerSabine,JohnsonUwe,402,0.0001130389289591307,0.00012967030650091818,0.0001225979218044646,0.00016260786314683628,0.0001231602307397319,0.0002228552277840937,0.0001033271191274321,0.00014247137854434726,0.00012488278541437765,0.00015181174461419166,0.0072901065228093,0.4846552659612906,5.335191182026571e-05,0.0001532809984589508,0.00012958880252620435,0.00020747284745055712,2.5478829534296227e-05,8.920952290778922e-05,0.00010328957120042788,0.0001612826218315008,0.00010338652050033726,0.44198883655163,0.0001287112007370254,0.0001299020071395666,0.0002119081787005956,0.0001660642544571327,0.00010511187231983405,0.000118023487300193,0.00014428639368227155,0.00011549128074280689,7.35900824320293e-05,0.00029576305465095167,0.00017118839771613982,0.00013412343667415418,0.00012291955086469227,0.0611066110651053,0.0001593994126230902,0.0001698006854991315,0.00013850501650293525,0.00015162645425623617
12,uj0760,uj0760,0804_101254.xml,letters-leipzig,Brief,"Baumgärtner, Klaus","Johnson, Uwe",1971-10-17,1971,10.0,BaumgärtnerKlaus,JohnsonUwe,214,0.00016234947599203073,0.5714348844360736,0.00017607835235118857,0.0002335416799960782,0.00017688595519940107,0.00032007052602129053,0.00014840111986703084,0.00020462113241447776,0.00017935993342417235,0.00021803601126175733,8.390322122687849e-05,0.0313489105499619,7.662541574792164e-05,0.00022014619218785371,0.00018611883868937376,0.0002979779477417964,3.659336355954694e-05,0.00012812505772073462,0.00014834719254898338,0.00023163833364373,0.000148486433677531,0.34397847135131,0.00018485840397086727,0.0001865686713737937,0.00030434808686931027,0.00023850583989406255,0.00015096442923513638,0.00016950842947977788,0.00020722790478283723,0.00016587160797518053,0.00010569200744435452,0.0004247826601200806,0.00024586526890376845,0.00019263159924464576,0.00017654028444726006,0.0462175620347185,0.00022893361916187776,0.00024387220020315745,0.0001989245391704748,0.00021776989238751247
13,uj0899,uj0899,0357_101318.xml,letters-leipzig,Brief,"Baumgärtner, Klaus + Baumgärtner, Sabine","Johnson, Uwe",1963-02-19,1963,2.0,BaumgärtnerKlaus+BaumgärtnerSabine,JohnsonUwe,265,0.00016405339012654104,0.00018819050725360723,0.00017792635581112708,0.00023599278103666384,0.00017874243473171205,0.0003234297773523795,0.0001499586411597451,0.00020676870226408816,0.0211719369782286,0.00022032437492385744,8.478381467324379e-05,0.0001918863536434527,7.74296260982034e-05,0.00022245670293163908,0.00018807222054049248,0.0003011053297910895,3.697742361897976e-05,0.2520178049748369,0.0001499041478557658,0.00023406945840331555,0.00015004485036831594,0.6099723273720103,0.00018679855712186636,0.00018852677437516236,0.000307542325741096,0.00024100904151683032,0.00015254885334990627,0.00017128747931744668,0.00020940283361378564,0.00016761248810809044,0.00010680128176931782,0.0109245882016707,0.0002484457102899228,0.063166737134814,0.00017839313604497587,0.0362072840996267,0.00023133635700362893,0.0002464317236411061,0.00020101232129556248,0.0002200554630396043
14,uj0104,uj0104,0907_101576.xml,letters-leipzig,Brief + Umschlag,"Klemm, Ine","Johnson, Uwe",0000-00-00,0,0.0,KlemmIne,JohnsonUwe,1643,3.337970490640606e-05,3.829084905509673e-05,3.6202417075724783e-05,4.801710824122442e-05,3.636846346786854e-05,6.580778682866386e-05,3.051186681492486e-05,4.207092739828234e-05,3.6877123336236656e-05,4.482908041689364e-05,1.725083957392992e-05,3.904283754967944e-05,1.5754493510788146e-05,4.526294209819455e-05,3.826678142945928e-05,0.3267886443410944,7.5237426526123716e-06,2.6343026928182383e-05,3.05007791415473e-05,4.762577257975801e-05,3.0529407677323925e-05,0.478598711828421,3.80076309844058e-05,3.835926883769664e-05,6.25751901350485e-05,4.903775947209792e-05,3.103889352547236e-05,3.48516145223719e-05,4.260689027640265e-05,3.41038694010591e-05,2.1730701610834914e-05,8.733702254057465e-05,5.0550887661287054e-05,3.96058311808224e-05,3.629739217163714e-05,0.1931532001001147,4.706967240937777e-05,5.014110472433532e-05,4.089968492709641e-05,4.477436530655504e-05
15,uj0736,uj0736,0809_101259.xml,letters-leipzig,Brief,"Johnson, Uwe","Baumgärtner, Klaus + Baumgärtner, Sabine",1971-11-27,1971,11.0,JohnsonUwe,BaumgärtnerKlaus+BaumgärtnerSabine,149,0.0003452064905572825,0.0003959965991260696,0.1107976577742215,0.0004965837016576232,0.0003761156569809644,0.0006805714791716157,0.00031554786038596766,0.0004350894425931268,0.0003813761195446399,0.000463613730828882,0.00017840486622576945,0.0004037735195596751,0.00016292994292837253,0.000468100644922614,0.0666497032986313,0.0006335956489841466,7.780909999794535e-05,0.0002724345197787713,0.00031543319379961394,0.0004925365834849635,0.00031572926461249115,0.3780529257463215,0.0003930676122905132,0.0003967041833633249,0.0006471405856655477,0.0005071390804568286,0.0003209982693002518,0.0003604286968161392,0.00044063226763438063,0.0003526956605330598,0.00022473473811280285,0.0009032226956915952,0.0005227875612752744,0.0004095958914517544,0.0003753806512995124,0.3191197178615085,0.1109100448395427,0.0005185496649262202,0.0004229766781392943,0.0004630478776772917
16,uj0396,uj0396,0095_060079.xml,letters-leipzig,Brief,"Johnson, Uwe","Baumgärtner, Klaus",1958-03-18,1958,3.0,JohnsonUwe,BaumgärtnerKlaus,172,0.00020226442757573693,0.00023202352109565023,0.00021936866090371785,0.00029095981943176347,0.00022037481954269156,0.0003987624926657551,0.00018488675357952324,0.0002549289177856355,0.00022345704562571727,0.2331899462928668,0.00010453151702225412,0.00023658019775971275,9.546440331453244e-05,0.0132141767375299,0.00023187768324189103,0.0003712382726332039,4.5590142427105295e-05,0.0001596256550853588,0.0001848195677875833,0.00028858851975196054,0.00018499304249077275,0.7391061417601197,0.000230307360299501,0.0002324381109849626,0.0003791745627649173,0.00029714445879708875,0.00018808027360089276,0.0002111834685544191,0.00025817658654270844,0.00020665250462412207,0.0001316772552201663,0.0005292189646334578,0.00030631326385073424,0.0002399916594503181,0.0002199441627981332,0.0058209059271122,0.0002852188290086748,0.0003038301828467155,0.0002478317703227965,0.00027131040835113126
17,uj0630,uj0630,0061_060055.xml,letters-leipzig,Brief,"Bierwisch, Manfred","Johnson, Uwe",1957-09-12,1957,9.0,BierwischManfred,JohnsonUwe,635,7.227222096584538e-05,8.290560721370202e-05,7.838382914800256e-05,0.0001039644618393461,7.874334525448834e-05,0.0001424840310688811,6.606290818662964e-05,9.109006115219344e-05,7.984467249828021e-05,9.706188879349872e-05,3.73507343168316e-05,8.453377854705088e-05,3.411091378456558e-05,9.800126639996688e-05,8.28534970838171e-05,0.00013264919982372688,1.6290065865004153e-05,5.703672541147695e-05,6.603890165983178e-05,0.00010311715963950288,6.61008868651947e-05,0.6663498500822224,8.229239631073304e-05,8.305374661937862e-05,0.00013548495953156518,0.00010617432952672026,6.720400248289112e-05,7.545913281258314e-05,9.22505036326052e-05,7.384014903830536e-05,0.0046706796148725,0.0140599860146228,0.00010945048595606424,8.57527467861775e-05,0.1757765023613203,0.0020799000814324,0.1341871624324886,0.00010856324255321064,8.855414015110975e-05,9.694342212173965e-05
18,uj1016,uj1016,0651_101099.xml,letters-leipzig,Brief,"Bierwisch, Manfred","Johnson, Uwe",1969-02-06,1969,2.0,BierwischManfred,JohnsonUwe,664,6.425122689726998e-05,7.370448713151985e-05,6.968454994686278e-05,9.242616509667208e-05,7.000416584661432e-05,0.0001266707136863932,5.873104280825397e-05,8.098060511993453e-05,7.098326439489967e-05,0.0453016207333065,3.320543458190546e-05,7.515195898679972e-05,3.032517932832149e-05,0.1932799030019311,7.365816034462806e-05,0.00011792738235681652,1.448214409459599e-05,5.070661364650679e-05,5.87097005998689e-05,0.0453070039715113,5.876480649589399e-05,0.6951584038648766,7.315933226653848e-05,7.383618556889113e-05,0.00012044842070294067,9.439077484986512e-05,5.974549493883018e-05,6.708444543448793e-05,8.20122581134879e-05,6.564514147462651e-05,4.182853754248343e-05,0.0001681114577711414,9.730333333056004e-05,7.623564236979278e-05,6.98673636192474e-05,0.018291004924938,9.060248466650448e-05,9.651455893802002e-05,7.872612845577913e-05,8.618434202935743e-05
19,uj0650,uj0650,0077_060066.xml,letters-leipzig,Brief,"Bierwisch, Manfred","Johnson, Uwe",1957-12-13,1957,12.0,BierwischManfred,JohnsonUwe,565,7.765815904346971e-05,8.908397645119734e-05,8.422522220935233e-05,0.00011171219874651652,8.461153051153327e-05,0.00015310235935783682,0.193830618990861,9.787835992447804e-05,8.579493189472468e-05,0.00010429522569324746,4.013422068954626e-05,9.083348389216804e-05,3.665295921999886e-05,0.00010530460847670242,8.902798292145248e-05,0.0001425346076159496,1.7504049396391644e-05,6.128726963318909e-05,7.09603144834707e-05,0.00011080175309929609,7.102691900830867e-05,0.4725666070994498,8.842506727152153e-05,8.924315564028129e-05,0.2733963460155587,0.00011408675226151406,7.221224204027815e-05,8.108256891691802e-05,9.912528198526818e-05,7.934293371889253e-05,5.055665670359274e-05,0.00020319030398430505,0.0001176070574858618,9.214329322302792e-05,8.444618255409509e-05,0.0568850532053313,0.0001095079814618122,0.00011665369409992632,9.515345464563096e-05,0.00010416793053732351
20,uj0078,uj0078,1096_101812.xml,letters-leipzig,Brief,"Johnson, Uwe","Klemm, Erika",1981-05-20,1981,5.0,JohnsonUwe,KlemmErika,1426,3.16238746605107e-05,3.62766841276216e-05,3.4298107284661375e-05,4.549132524803226e-05,3.4455419349214006e-05,6.234618335274376e-05,2.8906889815799423e-05,3.985792380805002e-05,3.493732282820546e-05,4.247099320454829e-05,1.6343415557572547e-05,3.698911672597767e-05,1.4925779886968922e-05,4.288203301056004e-05,3.625388250074476e-05,5.80427944925756e-05,7.127980768292821e-06,2.495733812180645e-05,2.889638537323016e-05,0.0263459858880172,2.892350799847961e-05,0.2268315209171851,0.1011931826465007,3.634150491124762e-05,5.928362683963166e-05,4.645828845779524e-05,2.9406194009285477e-05,3.3018359283350224e-05,0.0809661051202577,3.230994684948636e-05,0.1375943446535475,0.024360464771851,4.789182348557254e-05,3.752249591779053e-05,3.438808652616228e-05,0.401492503949302,4.4593726180598765e-05,4.750359584028587e-05,3.874829071783231e-05,4.241915620370494e-05
21,uj0346,uj0346,0536_s000163.xml,letters-leipzig,Brief,"Johnson, Uwe","Bierwisch, Manfred",1966-02-25,1966,2.0,JohnsonUwe,BierwischManfred,511,7.433438891134322e-05,8.527118119791547e-05,8.062038169549903e-05,0.000106930915309447,8.099015599774491e-05,0.00014654957655356216,0.0238457322992614,9.368916495378082e-05,8.212290778763902e-05,0.2711665734982881,3.841647556595381e-05,8.694580969957245e-05,3.508421212877192e-05,0.00010079756997950834,8.521758419191067e-05,0.00013643412471211103,1.6754875873717395e-05,5.8664173762833054e-05,6.792321217829706e-05,0.00010605943674677286,6.798696602867856e-05,0.2240740204888966,8.464047333897872e-05,8.542354751581047e-05,0.00013935079811946608,0.00010920383790571692,6.912155722076015e-05,7.761223400141628e-05,0.0048504395978494,7.594705521058885e-05,4.839283119444677e-05,0.00019449375655336863,0.0001125734740245286,8.819955917546906e-05,0.0048363887640488,0.4681838207334433,0.00010482103855078476,0.00011166091460286768,9.108088565332756e-05,9.970954186947498e-05
22,uj1206,uj1206,0956_101633.xml,letters-leipzig,Brief,"Johnson, Uwe","Klemm, Erika",1975-09-24,1975,9.0,JohnsonUwe,KlemmErika,571,7.294677869049997e-05,8.367941237723241e-05,7.911542998623857e-05,0.00010493482126494656,7.94783016609292e-05,0.00014381391553227484,6.66795108651539e-05,9.194025647715114e-05,8.058990821798618e-05,9.796782258078556e-05,3.769934995390808e-05,8.532278035924233e-05,3.442929033479336e-05,9.891596793248613e-05,0.0047504110632637,0.00013388729021605937,1.6442110310539643e-05,0.0047243533289847,6.665528027179386e-05,0.0001040796107119853,6.671784402031668e-05,0.2712258267739181,8.306047802829884e-05,8.382893445219868e-05,0.00013674951768136552,0.00010716531490374525,6.783125564318854e-05,7.616343579724608e-05,9.311153002693804e-05,7.452934112701913e-05,4.7489475585227394e-05,0.1541947432788234,0.2801175268929586,8.65531259219218e-05,7.932298506565146e-05,0.2821063678146998,0.00010286432986476933,0.0001095765250135964,8.938066628370646e-05,9.784825019223126e-05
23,uj0989,uj0989,0731_101174.xml,letters-leipzig,Brief,"Doherty, Monika","Johnson, Uwe",1969-12-26,1969,12.0,DohertyMonika,JohnsonUwe,349,0.00014046562229190203,0.0001611322795000871,0.00015234391847594606,0.00020206149241501492,0.0900161956579087,0.0002769267060466761,0.0001283974310576824,0.0001770392822215464,0.0001551831597158785,0.00018864590610338816,7.259350921777614e-05,0.0001642967332345969,6.629671355967824e-05,0.00019047164576236424,0.00016103100017416942,0.00025781209088023086,3.166077101719678e-05,0.00011085447522363598,0.0001283507728578836,0.00020041470711936832,0.00012847124501617397,0.630105652442746,0.0990094087623238,0.00016142019778357463,0.000263323568827201,0.00020635650972237668,0.00013061521983290014,0.00014665958658079535,0.00017929467541365578,0.00014351298944713468,9.144528189102596e-05,0.1531348842915811,0.0002127239264894758,0.00016666587493212271,0.00015274358456008217,0.004042417063417,0.0091843898736136,0.00021099951294523017,0.0091584258594421,0.00018841565865081088
24,uj0772,uj0772,0815_s000080.xml,letters-leipzig,Brief,"Johnson, Uwe","Baumgärtner, Klaus + Baumgärtner, Sabine",1971-12-21,1971,12.0,JohnsonUwe,BaumgärtnerKlaus+BaumgärtnerSabine,320,0.00015587364968473733,0.00017880728450058442,0.00016905490605218925,0.0002242261257207916,0.00016983029508672393,0.0003073034929284356,0.00014248166820145296,0.0001964591663580989,0.0001722055908046762,0.0101813857763394,8.055647382305964e-05,0.0001823188551241175,7.356896681221922e-05,0.00021136495963930792,0.00017869489559068022,0.0102581389738836,3.513372061975144e-05,0.00012301438141986286,0.00014242989194636864,0.00022239870040425275,0.00014256357899870015,0.3202857468307112,0.0001774847373283117,0.000179126785264728,0.00029220819337424627,0.0002289922742789515,0.00014494273180536198,0.000162747045494855,0.0001989619593019669,0.1497399576852212,0.00010147614485473704,0.00040783884980915154,0.0002360581490058579,0.00018494787393304876,0.0001694984125142903,0.5030881812748568,0.0002198018720802601,0.00023414458020288927,0.00019098979989241505,0.0002090834461304963
25,uj0991,uj0991,0699_101144.xml,letters-leipzig,Brief,"Baumgärtner, Sabine","Johnson, Uwe",1969-08-29,1969,8.0,BaumgärtnerSabine,JohnsonUwe,666,6.532530149157768e-05,7.493658994009373e-05,7.084945228924703e-05,9.3971234359526e-05,7.117441114250214e-05,0.000128788242050963,5.97128376162878e-05,8.23343413019697e-05,7.216987708059186e-05,8.773214748407617e-05,3.376052302767779e-05,7.640825888577652e-05,3.083211913721343e-05,0.4598004461991923,7.48894887177983e-05,0.0042990975226845,1.472423912988581e-05,5.155426571653135e-05,5.96911386345784e-05,9.32053761788926e-05,5.974716572457558e-05,0.4184145091587578,7.438232183294227e-05,7.50704899532562e-05,0.00012246193227071763,9.596868609139454e-05,6.0744248135259234e-05,6.820588236252682e-05,8.338324022722004e-05,6.674251785329652e-05,4.252777663348569e-05,0.00017092174256294336,9.892993321539816e-05,0.0042567088304232,7.10353220203325e-05,0.1105391448999649,9.211706783729806e-05,9.8127973042966e-05,8.004217701338495e-05,8.762506801500846e-05
26,uj1210,uj1210,0963_101646.xml,letters-leipzig,Brief,"Johnson, Uwe","Klemm, Erika",1975-11-03,1975,11.0,JohnsonUwe,KlemmErika,1077,5.137058807980207e-05,5.892872449144244e-05,5.571467633715776e-05,7.389721075005125e-05,5.597021786566652e-05,0.00010127665056050064,4.69570520797048e-05,6.474617698305814e-05,5.675303355094389e-05,6.899091021174979e-05,0.0065994352167329,6.00860172627319e-05,2.424579842206132e-05,6.965861322998235e-05,5.889168497637941e-05,9.428612144741384e-05,1.157886463374973e-05,4.054130463097895e-05,4.693998840872751e-05,7.329495428545711e-05,0.003333427335351,0.2534451024303283,5.849285847983406e-05,5.90340209426335e-05,9.630175957085692e-05,7.546796921245705e-05,4.77681339071356e-05,5.363582268221971e-05,6.557101136416436e-05,5.248506036351899e-05,3.3443043438081845e-05,0.00013440964267443875,0.417456094251429,6.095245134290397e-05,0.0033423041290896,0.3136904907869129,7.243912908077628e-05,7.716599184691165e-05,6.294366211069584e-05,6.890670493184015e-05
27,uj0411,uj0411,0088_060074.xml,letters-leipzig,Brief,"Baumgärtner, Klaus + Baumann, Sabine","Johnson, Uwe",1958-02-13,1958,2.0,BaumgärtnerKlaus+BaumannSabine,JohnsonUwe,212,0.00016234947599203073,0.0001862358968365793,0.00017607835235118857,0.0002335416799960782,0.00017688595519940107,0.6442730925157066,0.00014840111986703084,0.00020462113241447776,0.00017935993342417235,0.00021803601126175733,8.390322122687849e-05,0.00018989335691269008,7.662541574792164e-05,0.00022014619218785371,0.00018611883868937376,0.0002979779477417964,3.659336355954694e-05,0.00012812505772073462,0.00014834719254898338,0.00023163833364373,0.000148486433677531,0.34397847135131,0.00018485840397086727,0.0001865686713737937,0.00030434808686931027,0.00023850583989406255,0.00015096442923513638,0.00016950842947977788,0.00020722790478283723,0.00016587160797518053,0.00010569200744435452,0.0004247826601200806,0.00024586526890376845,0.00019263159924464576,0.00017654028444726006,0.0046722057773194,0.00022893361916187776,0.00024387220020315745,0.0001989245391704748,0.00021776989238751247
28,uj1117,uj1117,0465_101424.xml,letters-leipzig,Brief,"Bierwisch, Manfred","Johnson, Uwe",1964-06-15,1964,6.0,BierwischManfred,JohnsonUwe,387,0.00012995525243294836,0.00014907552265005285,0.00014094475259593422,0.00018694219856302448,0.0001415912113009206,0.0002562056067706997,0.00011879006615702836,0.0001637922805327965,0.00014357154701034753,0.0001745304363309785,6.716168455641786e-05,0.00015200319546544117,6.133604796352761e-05,0.00017621956463431538,0.00014898182157109047,0.0002385212467217195,2.929174713803825e-05,0.00010255976569891406,0.00011874689916688524,0.00018541863432497985,0.00011885835697048385,0.4665630908706965,0.0001479728863034041,0.0001493418973871606,0.0002436203271671021,0.4657700079561754,0.0333764913452674,0.00013568575203555614,0.000165878913452893,0.00013277459969708648,8.460286935727696e-05,0.0003400241207292478,0.00019680681375560684,0.0001541950656350089,0.00014131451358090222,0.0286816794303919,0.0001832536020629391,0.00019521142981906227,0.0001592323507362348,0.00017431741719267614
29,uj0593,uj0593,0983_101668.xml,letters-leipzig,Brief,"Klemm, Erika","Johnson, Uwe",1976-03-17,1976,3.0,KlemmErika,JohnsonUwe,301,0.00018546511936391548,0.00021275253662252357,0.00020114874062062115,0.00026679381188177126,0.00020207133157896663,0.00036564280821161233,0.00016953076837296742,0.00023375549884431732,0.00020489755977562215,0.00024908041499486475,9.584952981692332e-05,0.00021693075318552583,8.753549582565654e-05,0.0002514910477052354,0.00021261881150199985,0.00034040464441326314,4.180359991326164e-05,0.00014636775991103937,0.00016946916277542836,0.00026461946326578647,0.000169628229334582,0.6658536513079967,0.00021117891356522,0.000213132692264472,0.0003476817767010638,0.0002724647788029484,0.00017245904685996222,0.00019364337897955424,0.0002367334286805435,0.0001894887395491904,0.00012074064703135394,0.0004852640655690165,0.3087752091440214,0.00022005887194193264,0.0002016764435331956,0.017202610599397,0.00026152964612189463,0.00027859521223486724,0.0002272478132511803,0.0002487764055826062
30,uj1207,uj1207,0959_101643.xml,letters-leipzig,Brief,"Klemm, Erika","Johnson, Uwe",1975-10-27,1975,10.0,KlemmErika,JohnsonUwe,217,0.0002728870931431387,0.00031303687440995654,0.00029596344210502896,0.0003925513759282057,0.00029732091118410165,0.000537994440160883,0.00024944182894491384,0.0003439399214505937,0.00030147932760110564,0.0003664884838720776,0.00014102975082637447,0.0003191845607043425,0.00012879676288798882,0.00037003540717078174,0.000312840115798175,0.0005008598610075488,6.150840062203218e-05,0.0002153605630481024,0.0002493511845558695,0.0003893521130407641,0.0002495852297018925,0.7702184501622982,0.00031072149875720103,0.0003135962225419884,0.0005115671869092965,0.00040089544452578593,0.00025375039870169727,0.0002849203072652104,0.00034832154652046697,0.0002788073115650041,0.00017765369739393953,0.0007140011055130766,0.1924513146715266,0.00032378716866302514,0.0177547443445792,0.0078533339596481,0.0003848058607770917,0.00040991555658071794,0.00033436473334680746,0.0003660411747226057
31,uj0019,uj0019,0596_101045.xml,letters-leipzig,Brief,"Johnson, Uwe","Bierwisch, Manfred",1967-05-01,1967,5.0,JohnsonUwe,BierwischManfred,407,9.81355336238826e-05,0.00011257417989373242,0.00010643423985209607,0.00014116914914439376,0.00010692241227138614,0.00019347331844740904,8.970415826440803e-05,0.0001236875197626361,0.00010841786011178268,0.00013179642363271782,0.0188854361745768,0.00011478500807216644,4.6317833905070726e-05,0.00013307196659311256,0.00011250342165031436,0.0315713175295625,2.2119623349971e-05,7.744786876079757e-05,0.3705058142355139,0.0440876965761257,0.0126462351406832,0.302098571237605,0.00011174152554351836,0.0001127753324172403,0.00018396956152660232,0.00014416983933822531,9.125360418127988e-05,0.00010246291267093975,0.00012526323779832294,0.00010026455990837222,6.388774270414179e-05,0.0002567687562299414,0.0001486184000041681,0.00011644019587487402,0.00010671346436125434,0.2162843624401466,0.00013838371047160267,0.00014741364797593782,0.00012024409492604544,0.00013163556251769528
32,uj0948,uj0948,0209_060181.xml,letters-leipzig,Brief,"Baumgärtner, Klaus + Baumgärtner, Sabine","Johnson, Uwe + Schmidt, Elisabeth",1960-08-06,1960,8.0,BaumgärtnerKlaus+BaumgärtnerSabine,JohnsonUwe+SchmidtElisabeth,284,0.00012679281927135006,0.0001454478018185738,0.0001375148923077352,0.00018239300030462524,0.0001381456195789551,0.0002499708983470665,0.00011589933540586252,0.0244945916923545,0.00014007776424414684,0.00017028327564121658,6.552731938491695e-05,0.00014830423034468284,5.984344840752794e-05,0.00017193129937001213,0.00014535638093524678,0.00023271688340237057,2.8578938761491265e-05,0.00010006399582413086,0.00011585721887515494,0.000180906511675146,0.0001159659643770372,0.471432568417809,0.00014437199789064264,0.00014570769438365487,0.0002376918788200821,0.0001862699443165056,0.00011790124652667648,0.00013238386839668556,0.0001618422857145568,0.00012954355832523696,8.254407669893583e-05,0.0003317497067674705,0.00019201756220480585,0.4949577430850115,0.0001378756552385358,0.0036489316587095,0.00017879416500828684,0.0001904610015937672,0.0001553574656743375,0.00017007544027790146
33,uj0121,uj0121,0908_101578.xml,letters-leipzig,Brief + Postkarte,"Klemm, Ine","Johnson, Uwe",1974-01-23,1974,1.0,KlemmIne,JohnsonUwe,97,0.0005527186867894556,0.0006340399912200731,0.0359597433142783,0.000795092499617134,0.0006022081209187925,0.00108967990036,0.0005052315173164845,0.0006966325139420414,0.0006106307781967772,0.0007423034603654963,0.00028564846280256466,0.0006464918117011694,0.00026087117872167486,0.0007494875699736936,0.0359939261435709,0.0010144657317905,0.0001245820827462032,0.0004362016767562825,0.0005050479217968124,0.0007886125581824784,0.1773069453518188,0.3577879373226371,0.0006293503176430821,0.0006351729219183844,0.0010361528663606,0.0008119929788029214,0.0005139583024146018,0.0005770913393425727,0.0007055072687966207,0.0005647097828649444,0.00035982837149195707,0.001446172293676,0.0008370481501418454,0.0006558141559624107,0.0006010312850650427,0.3695093683367916,0.00077940435946539,0.0008302627490301291,0.0006772384658999425,0.0007413974588289731
34,uj0491,uj0491,0296_s000019.xml,letters-leipzig,Brief,"Johnson, Uwe","Baumgärtner, Klaus + Baumgärtner, Sabine",1962-05-14,1962,5.0,JohnsonUwe,BaumgärtnerKlaus+BaumgärtnerSabine,556,7.541024199659083e-05,8.650532416617071e-05,8.178721292464105e-05,0.00010847854295297586,8.216233902744307e-05,0.00014867061119696153,6.893132419033622e-05,9.504514270036611e-05,8.33114853088481e-05,0.00010127626389153004,3.897248314693042e-05,0.0435076672810228,3.559199134664157e-05,0.00010225642876931091,8.645095144242459e-05,0.0049627935447704,1.6997371778582888e-05,5.9513229405323376e-05,6.890627531303412e-05,0.00010759445134653943,6.897095188273348e-05,0.3238047741345529,0.0290321742154404,8.665989570530445e-05,0.00014136764373135846,0.0001107843619088384,7.01219641882778e-05,7.873552784463292e-05,9.625597097022552e-05,7.704624866412264e-05,4.909322811042206e-05,0.0580899261496456,0.00011420276729134728,8.947608501022879e-05,0.1496379302025212,0.3881209912591243,0.00010633812962229704,0.00011327700025631056,9.239911337097364e-05,0.00010115265346048896
35,uj1053,uj1053,0682_s000224.xml,letters-leipzig,Brief,"Johnson, Uwe","Bierwisch, Manfred",1969-07-19,1969,7.0,JohnsonUwe,BierwischManfred,435,0.0069908373793993,0.00012342243910340504,0.00011669082110181028,0.00015477297485090092,0.00011722603646601424,0.0002121174578997621,9.834853801433304e-05,0.00013560672074329797,0.00011886559378002616,0.0001444970426185742,5.560442636652829e-05,0.0001258463146890717,5.078127186843932e-05,0.0758615902059085,0.0001233448622114608,0.00019747624241094172,2.4251190357142e-05,8.491116590714982e-05,9.83127992483874e-05,0.0001535115872599172,9.840507726782817e-05,0.2554947351406729,0.00012250954565900694,0.00012364297577626006,0.00020169786736026987,0.00015806282784442007,0.00010004729695265848,0.0001123367952706769,0.00013733428352445508,0.0001099265972996864,7.004431247733174e-05,0.000281512387737247,0.00016294007597013078,0.00012766100537549036,0.00011699695320075422,0.4023245772969614,0.00015171911618372383,0.0001616192274951135,0.2548118954667124,0.00014432068005309318
36,uj0976,uj0976,1129_101863.xml,letters-leipzig,Brief,"Klemm, Eberhardt","Johnson, Uwe",1983-04-22,1983,4.0,KlemmEberhardt,JohnsonUwe,132,0.0003697006189514188,0.0004240945399468714,0.0004009638802368281,0.0005318188008795451,0.0004028029454449335,0.0007288614321365951,0.0003379375605167835,0.00046596121633238905,0.00040843666415810734,0.0004965094455933261,0.00019106358446834424,0.0004324232718116706,0.00017449063790515084,0.0005013147287007112,0.000423827976293304,0.0006785524316655213,8.333004510678479e-05,0.00029176511259492447,0.00033781475776217834,0.2843475060328491,0.00033813183628117564,0.4758326785043144,0.0004209577268346451,0.00042485233082748686,0.0006930584494020007,0.0005431231366382187,0.00034377470322489496,0.00038600291693724313,0.0004718973325542564,0.0003777211830231068,0.0002406807926643008,0.0009673108669222478,0.0005598819554973005,0.0004386587701326673,0.0240536842468842,0.1998528484019951,0.0005213253703824037,0.0005553433591900061,0.0004529889906115881,0.0004959034423283213
37,uj0633,uj0633,0048_110110.xml,letters-leipzig,Brief,"Bierwisch, Manfred","Johnson, Uwe",1957-07-13,1957,7.0,BierwischManfred,JohnsonUwe,872,5.120231457671636e-05,5.873569296750615e-05,5.5532172999917854e-05,7.365514728560626e-05,5.578687745667421e-05,0.0033766228593202,4.6803235899213445e-05,6.453408935822074e-05,5.65671288898658e-05,6.876491820783565e-05,2.646167535193854e-05,5.988919482037322e-05,2.4166376994585108e-05,6.943043404600858e-05,5.869877478196621e-05,9.397727047760064e-05,0.0098385748113571,4.040850437299238e-05,4.678622812332706e-05,0.0066244107805225,4.683014245087476e-05,0.5375988802799154,0.0033339792131642,5.884064450143294e-05,9.598630601967055e-05,7.522076044913869e-05,0.4160587123842465,5.346012900007614e-05,6.535622184752538e-05,5.2313136208138205e-05,3.333349479782818e-05,0.00013396935997052673,7.754180150552294e-05,6.075279074152642e-05,5.567785867184017e-05,0.0211276034582672,7.220184182231694e-05,7.691322090827666e-05,6.273747894409561e-05,6.868098875730539e-05
38,uj0999,uj0999,0664_101112.xml,letters-leipzig,Brief,"Johnson, Uwe","Zeibig, Brigitte",1969-05-02,1969,5.0,JohnsonUwe,ZeibigBrigitte,168,0.00025507471135127155,0.0166110576580897,0.00027664477896677394,0.000366928049810366,0.0002779136408595242,0.0005028774902909936,0.0002331598090045357,0.00032148965044737977,0.0002818006215702217,0.0003425663821637796,0.00013182420087970258,0.0002983501665530848,0.00012038970673999408,0.0003458817842452092,0.0002924198477736772,0.0004681668268089386,5.749351262323604e-05,0.00020130315737259063,0.00023307508132062516,0.00036393761501862977,0.00023329384944694944,0.605714175826203,0.00029043952095071944,0.0002931266005453364,0.00047817524469442543,0.00037472746921312456,0.0002371871419736032,0.0002663224716739098,0.00032558527013050334,0.00026060849452767744,0.00016605756271322077,0.000667395529028215,0.0003862902058273964,0.00030265234472868737,0.00027737054167927634,0.2521175253104265,0.1145888653782145,0.000383158804137276,0.00031253947140601966,0.0003421482705892373
39,uj0942,uj0942,0222_060193.xml,letters-leipzig,Brief,"Johnson, Uwe","Baumgärtner, Klaus",1960-10-26,1960,10.0,JohnsonUwe,BaumgärtnerKlaus,445,8.670419014862176e-05,9.946094690573876e-05,9.403621939662358e-05,0.00012472502363359956,9.44675269231069e-05,0.000170936528002601,7.925494576804828e-05,0.00010927974645364469,9.5788777128033e-05,0.00011644408252118052,4.480926595472502e-05,0.00010141424618165183,4.092248882621041e-05,0.00011757104352395728,9.939843095493732e-05,0.1221913184102335,1.9543013199502708e-05,6.842633337459629e-05,7.92261454013725e-05,0.00012370852448542378,7.930050837182454e-05,0.3279246299289502,9.872528451676422e-05,9.963866812457828e-05,0.00016253981870924703,0.00012737617764005984,8.062390406929267e-05,9.052749330789548e-05,0.0001106719165590259,0.3051690367695386,5.644576217230718e-05,0.0556960319897376,0.00013130654654543375,0.0001028766289973164,9.428291836530704e-05,0.1855435042282635,0.0001222640475180712,0.0001302421303744476,0.00010623742986586809,0.00011630195935549938
40,uj0698,uj0698,0260_s000005.xml,letters-leipzig,Brief,"Johnson, Uwe","Baumgärtner, Klaus",1961-08-04,1961,8.0,JohnsonUwe,BaumgärtnerKlaus,506,7.883313436449342e-05,9.043182547463636e-05,8.549955781970761e-05,0.00011340241492214048,8.589171100318575e-05,0.00015541881259406747,7.206013663322943e-05,9.935926880501385e-05,8.709301736168486e-05,0.00010587322236223323,4.074145525986796e-05,9.220780312932844e-05,3.72075219736933e-05,0.00010689787720305648,9.037498475746912e-05,0.00014469116976477406,1.7768887326006068e-05,6.221455184279715e-05,0.4842350727850129,0.0152425731577155,7.210156303787416e-05,0.1872014154457943,8.97629469364997e-05,9.059341305996738e-05,0.00014778436135465313,0.00011581289565731602,7.330482011987985e-05,8.230935588452118e-05,0.00010062505691499592,8.054339984074759e-05,5.132158372055869e-05,0.00020626459257926417,0.0001193864634340089,9.35374299997484e-05,8.57238613154495e-05,0.3099139788551652,0.00011116484762059828,0.00011841867556950944,9.659313545053108e-05,0.00010574400121851176
41,uj1201,uj1201,0974_101658.xml,letters-leipzig,Brief,"Klemm, Erika","Johnson, Uwe",1975-12-15,1975,12.0,KlemmErika,JohnsonUwe,276,0.00018769211764892968,0.00021530719237566876,0.00020356406217505275,0.00026999737578398017,0.00020449773127299156,0.0003700333152223525,0.00017156643271631455,0.000236562350595333,0.0002073578957988533,0.00025207128281371194,9.700045641300669e-05,0.00021953557945672924,8.858659049914658e-05,0.00025451086153252994,0.00021517186153211152,0.0003444921006525775,4.2305562468989335e-05,0.00014812529120005583,0.00017150408738097174,0.0002677969183737626,0.00017166506395401723,0.5897955056903975,0.00021371467382005316,0.0002156919127895029,0.0003518566141211647,0.0002757364376313145,0.00017452987291560838,0.00019596857885741185,0.00023957603833935827,0.00019176405201469784,0.000122190457188609,0.0004910909415093961,0.3244905099845735,0.000222701259535339,0.0002040981015539413,0.0774473706259422,0.0002646699998196215,0.00028194048309759383,0.00022997652305989955,0.0002517636229660397
42,uj0716,uj0716,1120_101850.xml,letters-leipzig,Brief,"Menzhausen, Joachim","Johnson, Uwe",1982-08-07,1982,8.0,MenzhausenJoachim,JohnsonUwe,598,7.577581367939728e-05,8.692468228106147e-05,8.21836987105143e-05,0.00010900442222939438,0.2376234036806304,0.0001493913324687696,6.926548755482294e-05,9.550589991105271e-05,8.371536042017367e-05,0.00010176722815896804,3.916141287146059e-05,8.863178365341705e-05,3.576453321663866e-05,0.00010275214465289958,8.687004597073091e-05,0.00013907973099808407,1.7079771166780905e-05,5.980173599072771e-05,6.924031724626713e-05,0.00010811604474815152,6.930530735324999e-05,0.5047420813061283,8.628174430975558e-05,8.708000314782204e-05,0.00014205296187972871,0.00011132141927053584,7.046189950437401e-05,7.911721975608599e-05,0.092204396428787,7.741975133474583e-05,4.933122090211127e-05,0.00019826520234089327,0.00011475639630399172,8.990984469726974e-05,0.0485601223720629,0.1136794919599112,0.0001068536326622458,0.00011382614136115992,9.284704323395404e-05,0.00010164301849270252
43,uj0533,uj0533,0345_101307.xml,letters-leipzig,Brief,"Baumgärtner, Klaus","Johnson, Uwe",1962-12-16,1962,12.0,BaumgärtnerKlaus,JohnsonUwe,554,0.2593532065472311,9.89122886207101e-05,0.0442240673826641,0.00012403700064874076,9.39464139342908e-05,0.0001699935876303206,7.88177502256979e-05,0.0001086769245406938,9.526037570195504e-05,0.00011580173984694124,4.4562083761342e-05,0.00010085481287522824,4.069674733432847e-05,0.00011692248417362234,9.885011752781946e-05,0.00015825993414957153,1.9435207709610345e-05,6.804887190968902e-05,7.878910873102446e-05,0.00012302610883386234,7.886306149162925e-05,0.5191868489479986,9.818068437995608e-05,9.908902947266014e-05,0.0001616431972617718,0.0001266735300446802,8.01791569166148e-05,9.002811480033589e-05,0.00011006141499203744,8.809655195753768e-05,5.61343893568046e-05,0.00022560755360573348,0.00013058221778241755,0.0001023091287211659,9.376282373613735e-05,0.1624547121708234,0.0056379083371901,0.00012952367327029952,0.00010565139034091464,0.0056319791378062
44,uj0274,uj0274,0824_000030.xml,letters-leipzig,Brief,"Johnson, Uwe","Klemm, Eberhardt",1972-05-10,1972,5.0,JohnsonUwe,KlemmEberhardt,292,0.00015587364968473733,0.00017880728450058442,0.00016905490605218925,0.0002242261257207916,0.00016983029508672393,0.0003073034929284356,0.00014248166820145296,0.0001964591663580989,0.0001722055908046762,0.00020933895000523983,8.055647382305964e-05,0.0001823188551241175,0.0499338030984834,0.00021136495963930792,0.00017869489559068022,0.0002860921475494117,3.513372061975144e-05,0.00012301438141986286,0.00014242989194636864,0.00022239870040425275,0.00014256357899870015,0.2903696063517085,0.0001774847373283117,0.000179126785264728,0.00029220819337424627,0.0002289922742789515,0.00014494273180536198,0.000162747045494855,0.0001989619593019669,0.0001592552902076291,0.00010147614485473704,0.00040783884980915154,0.0002360581490058579,0.00018494787393304876,0.0001694984125142903,0.6526688836698704,0.0002198018720802601,0.00023414458020288927,0.00019098979989241505,0.0002090834461304963
45,uj0931,uj0931,1020_101703.xml,letters-leipzig,Brief,"Johnson, Uwe","Klemm, Erika",1977-06-13,1977,6.0,JohnsonUwe,KlemmErika,179,0.0002323273704518361,0.00026650961409882085,0.00025197383819860043,0.0003342057254749402,0.0002531295440913859,0.00045803131309960366,0.00021236682003523936,0.0002928194830457361,0.00025666988724312126,0.0003120166101597861,0.0001200682333032982,0.1340404388882664,0.00010965345740547512,0.0003150363475672642,0.00026634210009014264,0.000426416116396239,5.236629117420067e-05,0.00018335111688755416,0.0002122896482924855,0.0003314819750569108,0.00021248890686758435,0.1355278381038605,0.0002645383770908077,0.0002669858252643448,0.00043553199227981936,0.00034130959943913937,0.0002160349989530189,0.000242572065291978,0.00029654985892780666,0.0002373676556577438,0.00015124869370399517,0.000607877776236732,0.000351841181259187,0.0002756620718667258,0.00025263487802365574,0.7201191199002602,0.0003276114408309637,0.0003489890352481611,0.00028466747318659814,0.00031163578541179647
46,uj0670,uj0670,0231_060202.xml,letters-leipzig,Brief,"Baumgärtner, Klaus + Baumgärtner, Sabine","Johnson, Uwe",1961-05-02,1961,5.0,BaumgärtnerKlaus+BaumgärtnerSabine,JohnsonUwe,835,5.005457588020336e-05,5.7419087883485815e-05,5.4287377244484495e-05,7.200411132295668e-05,0.124942331370438,0.3427395556008003,4.575410588609522e-05,6.308750882347397e-05,5.529913381358342e-05,6.722350043713248e-05,2.5868516838948287e-05,5.854673311787812e-05,2.362466933428688e-05,6.78740982332808e-05,5.738299724706156e-05,9.187069871787672e-05,1.1282237172684942e-05,3.950271711473065e-05,4.573747935239853e-05,7.141728347003157e-05,4.578040930700382e-05,0.4743121753765452,5.699438789138603e-05,5.752168684921833e-05,9.383470020526834e-05,7.353463008057386e-05,4.654440941178429e-05,5.226177968166727e-05,6.389121258979148e-05,5.1140497602669005e-05,3.258629924259288e-05,0.00013096633520775217,7.580364324215238e-05,5.9390970881786816e-05,5.442979726162977e-05,0.055878774902189,7.058338280334384e-05,7.518915275550559e-05,6.133117079374976e-05,6.71414523288608e-05
47,uj0478,uj0478,0343_101305.xml,letters-leipzig,Brief,"Johnson, Uwe","Bierwisch, Manfred + Zeibig, Brigitte",1962-11-25,1962,11.0,JohnsonUwe,BierwischManfred+ZeibigBrigitte,486,9.179604060663572e-05,0.00010530195951641406,9.955865569392186e-05,0.00013204971195172974,0.00010001529248560566,0.00018097506520489096,8.390932672953545e-05,0.00011569738470247486,0.00010141413534723696,0.00012328245854317162,4.744076601237781e-05,0.2232688078111457,4.332573131213453e-05,0.0001244756022400986,0.00010523577221048924,0.00016848342517675023,2.069070975880726e-05,7.244478572778045e-05,8.387883501253396e-05,0.00013097351716895617,8.395756507440922e-05,0.3706732370487445,0.0001045230941073107,0.00010549011771491966,0.00017208524493284166,0.00013485655946872188,8.53586794262669e-05,9.584387372125885e-05,0.0001171713123558658,9.378753314809006e-05,5.976063518452664e-05,0.0061128510748715,0.00013901774594677233,0.00010891823332556171,9.981984247749096e-05,0.3961106210301025,0.00012944421084450797,0.00013789082013284434,0.00011247640291888318,0.0001231319889538052
48,uj0610,uj0610,0984_101669.xml,letters-leipzig,Brief,"Klemm, Erika","Johnson, Uwe",1976-03-26,1976,3.0,KlemmErika,JohnsonUwe,182,0.00037865647639104434,0.00043436806951644704,0.0004106770783375649,0.0005447019098608035,0.0004125606942036397,0.0007465178242139761,0.0003461239698986972,0.0004772489502769616,0.0004183308876184065,0.0005085371988190942,0.00019569202742106544,0.0004428985617554797,0.0001787176075057433,0.00051345888808936,0.0004340950484593548,0.0249196112751363,8.534868388139827e-05,0.0002988330119175378,0.00034599819229388327,0.0005402626320699267,0.0003463229519198838,0.8507288623984421,0.0004311552682949026,0.0004351442175940698,0.0007098475277859563,0.0005562800888707854,0.0003521025151776154,0.0003953536913697411,0.0004833288666655121,0.00038687133558892167,0.0002465111936889764,0.0009907436062250043,0.0490226872195102,0.00044928511266109536,0.0246363756354565,0.0351218597687553,0.0005339542799851176,0.000568796341684477,0.00046396247730237015,0.0005079165153545682
49,uj1032,uj1032,0693_s000228.xml,letters-leipzig,Brief + Umschlag,"Johnson, Uwe","Bierwisch, Manfred",1969-08-12,1969,8.0,JohnsonUwe,BierwischManfred,504,7.80459063811173e-05,8.952877291716399e-05,8.464575890603314e-05,0.00011226997796997804,8.503399604631075e-05,0.00015386679973293423,7.134054383128275e-05,9.83670667640618e-05,8.622330615488727e-05,0.00010481597195597144,4.0334610930734194e-05,9.128701565215642e-05,3.683596751596561e-05,0.0001058303945896079,8.947249981161729e-05,0.00014324628318624982,1.7591447148734748e-05,6.15932770884863e-05,0.0050643165451345,0.00011135498646588782,7.138155655169115e-05,0.1853320213901785,0.4544520418092447,8.968874688824556e-05,0.00014630858615299945,0.00011465638763524856,7.257279790384179e-05,8.148741433965799e-05,9.962021470910264e-05,7.97390931397388e-05,5.080908618786892e-05,0.00020420483356337497,0.0001181942697503604,9.260336486352756e-05,8.486782250620267e-05,0.281854167040416,0.00011005475502412663,0.0001172361462192031,0.0699976555153267,0.00010468804121508882
50,uj0815,uj0815,0526_100902.xml,letters-leipzig,Brief,"Bierwisch, Manfred","Johnson, Uwe",1965-02-11,1965,2.0,BierwischManfred,JohnsonUwe,1031,4.290942464254258e-05,4.922267307741605e-05,4.653800540611083e-05,6.172572505978658e-05,4.675145711788709e-05,8.459554324205946e-05,3.922283475750711e-05,0.4063346131191359,4.740533654407214e-05,5.7627533057490085e-05,2.217585813876016e-05,5.0189350096605735e-05,2.025231361325943e-05,5.818525983102712e-05,4.919173427878045e-05,7.875641245921689e-05,9.6717292524715e-06,3.386381431473885e-05,3.920858161516839e-05,6.12226652477626e-05,3.9245383438371374e-05,0.5603332024913908,4.885859782582848e-05,0.0137750042471514,8.044005820666598e-05,6.303776652930478e-05,3.990032465696109e-05,4.480155625137533e-05,5.477092001545868e-05,4.384033406487712e-05,2.7934695822333292e-05,0.00011227125577403216,6.498288438431786e-05,5.091307527205281e-05,0.0027917988195275,0.0149605707923789,6.050780157771091e-05,6.445611070245838e-05,5.25763170526463e-05,5.7557197088059975e-05
51,uj0975,uj0975,1135_101869.xml,letters-leipzig,Brief,"Menzhausen, Joachim + Menzhausen, Ingelore","Johnson, Uwe",1983-12-11,1983,12.0,MenzhausenJoachim+MenzhausenIngelore,JohnsonUwe,335,0.00012995525243294836,0.00014907552265005285,0.00014094475259593422,0.00018694219856302448,0.3992093844534857,0.0002562056067706997,0.00011879006615702836,0.0001637922805327965,0.00014357154701034753,0.0001745304363309785,6.716168455641786e-05,0.00015200319546544117,6.133604796352761e-05,0.00017621956463431538,0.00014898182157109047,0.0002385212467217195,2.929174713803825e-05,0.00010255976569891406,0.00011874689916688524,0.00018541863432497985,0.00011885835697048385,0.3002848436864528,0.0001479728863034041,0.0001493418973871606,0.0002436203271671021,0.0168187405587174,0.00012084190841867046,0.00013568575203555614,0.000165878913452893,0.00013277459969708648,8.460286935727696e-05,0.0003400241207292478,0.00019680681375560684,0.0001541950656350089,0.008455226872793,0.2697851378475452,0.0001832536020629391,0.00019521142981906227,0.0001592323507362348,0.00017431741719267614
52,uj0673,uj0673,0250_060219.xml,letters-leipzig,Brief,"Johnson, Uwe","Baumgärtner, Klaus + Baumgärtner, Sabine",1961-07-16,1961,7.0,JohnsonUwe,BaumgärtnerKlaus+BaumgärtnerSabine,2145,1.6929916602009832e-05,1.942080922945858e-05,1.8361573405209225e-05,0.0021905432543691,1.844579079355764e-05,0.0032826612253271,1.54753722957321e-05,0.007603000812179,0.0065172718741905,2.273694734362817e-05,8.74948643555068e-06,1.980221171742704e-05,7.990551803630847e-06,2.29569984825411e-05,1.940860232421502e-05,3.107334824261637e-05,3.815981477393656e-06,1.3360970391713554e-05,0.5783880302234803,2.4155407009809985e-05,1.5484268879401016e-05,0.1106038480269624,0.0032685612109235,1.945551119032348e-05,3.1737630794272425e-05,2.4871555351967974e-05,1.5742675984653818e-05,1.7676457265382075e-05,2.1609870460899323e-05,1.7297206982047303e-05,1.1021636260900274e-05,0.1256832798063941,2.5639001742610155e-05,2.008775753784212e-05,1.8409744006404543e-05,0.1618683285755325,2.387335749699077e-05,2.5431163148261523e-05,2.0743989702896796e-05,2.270919628179285e-05
53,uj0603,uj0603,0989_110141.xml,letters-leipzig,Brief,"Baumgärtner, Klaus + Baumgärtner, Sabine","Johnson, Uwe",1976-05-08,1976,5.0,BaumgärtnerKlaus+BaumgärtnerSabine,JohnsonUwe,418,0.00011998020346819792,0.00013763284826759733,0.00013012617633873766,0.0922816730851917,0.0001307230144465169,0.0002365398878040889,0.00010967202972326682,0.00015121998362462976,0.00013255134440551546,0.00016113390471222746,6.200651707020138e-05,0.00014033580004139994,5.662804216702356e-05,0.00016269337963705063,0.0001375463394554591,0.00022021293620221917,2.704338390150207e-05,0.3531794946348126,0.00010963217612625156,0.00017118635112178167,0.00010973507870004922,0.530535680065462,0.00013661484760394118,0.0001378787767280377,0.00022492062363988827,0.00017626160493580982,0.00011156637756552496,0.00012527084386497646,0.0001531464516790533,0.0001225831444964825,7.810895896429266e-05,0.0003139246965815361,0.00018170040160945977,0.0001423594275900925,0.00013046755537021585,0.018804386830412,0.00016918750146813734,0.00018022747546193624,0.00014701006294385964,0.000160937236404655
54,uj0927,uj0927,1004_000108.xml,letters-leipzig,Brief,"Johnson, Uwe","Baumgärtner, Klaus + Baumgärtner, Sabine",1977-01-03,1977,1.0,JohnsonUwe,BaumgärtnerKlaus+BaumgärtnerSabine,678,6.220566350106693e-05,7.135796071805207e-05,6.746600609119297e-05,8.948359747106921e-05,6.777544639404234e-05,0.0001226379039207199,5.686122526248967e-05,7.840242926812448e-05,6.87233734262592e-05,8.354246088437939e-05,3.21482746673662e-05,0.1831352485214509,2.9359717969638184e-05,0.0796767375922161,7.13131088349731e-05,0.00011417293363407324,1.4021076729986609e-05,4.909226948796573e-05,5.684056252502485e-05,8.875431317867047e-05,5.689391401713787e-05,0.3387386535890434,7.083016192377814e-05,7.148546627824679e-05,0.0040962330396222,9.13856600326673e-05,5.7843380326601696e-05,6.494868098823423e-05,7.94012375721193e-05,6.35552000832541e-05,4.049684429014423e-05,0.1314901971851576,9.420549152113004e-05,0.0597680984790644,6.764299953298256e-05,0.2007711642028217,8.771797747203215e-05,9.34418293031454e-05,7.621972827525958e-05,8.344049504161084e-05
55,uj0343,uj0343,0557_s000168.xml,letters-leipzig,Brief,"Johnson, Uwe","Bierwisch, Manfred",1966-07-20,1966,7.0,JohnsonUwe,BierwischManfred,793,4.957828947616815e-05,5.68727256296839e-05,5.377081428819933e-05,7.131896758425356e-05,5.40174400783092e-05,9.774315004658157e-05,4.5318739924459874e-05,6.24872096062958e-05,5.477294364760601e-05,6.658384584558245e-05,2.5622369056327287e-05,5.798964093410933e-05,2.339987252788344e-05,6.722825298124966e-05,5.6836978408005245e-05,9.09965176073772e-05,1.1174882828392604e-05,3.912683525471401e-05,0.3552847338579813,0.1142548407335079,4.5344793059324935e-05,0.2985227783373443,5.64520668032213e-05,5.697434833117709e-05,9.29418309490898e-05,7.283492293258088e-05,4.6101523441883416e-05,5.176449097877955e-05,6.328326585647641e-05,5.065387828214891e-05,3.227622946347388e-05,0.0286757458982258,7.508234565811168e-05,5.882584548703478e-05,5.391187913018557e-05,0.2012489786546144,6.991175778227678e-05,7.44737022585504e-05,6.0747583733447104e-05,6.650257845311467e-05
56,uj0622,uj0622,0064_060058.xml,letters-leipzig,Brief,"Bierwisch, Manfred","Johnson, Uwe",1957-10-06,1957,10.0,BierwischManfred,JohnsonUwe,628,7.294677869049997e-05,8.367941237723241e-05,7.911542998623857e-05,0.00010493482126494656,7.94783016609292e-05,0.00014381391553227484,6.66795108651539e-05,9.194025647715114e-05,8.058990821798618e-05,0.2194368274499069,3.769934995390808e-05,8.532278035924233e-05,3.442929033479336e-05,9.891596793248613e-05,8.362681587388095e-05,0.0094674557849958,1.6442110310539643e-05,5.756908159482292e-05,6.665528027179386e-05,0.0001040796107119853,6.671784402031668e-05,0.4858979021538543,8.306047802829884e-05,8.382893445219868e-05,0.00013674951768136552,0.00010716531490374525,0.2754081018516483,7.616343579724608e-05,0.0047598957774168,7.452934112701913e-05,4.7489475585227394e-05,0.00019086311495617283,0.0001104720495635221,8.65531259219218e-05,7.932298506565146e-05,0.0020993129713047,0.00010286432986476933,0.0001095765250135964,8.938066628370646e-05,9.784825019223126e-05
57,uj0628,uj0628,0046_060045.xml,letters-leipzig,Brief + Postkarte,"Baumgärtner, Klaus","Johnson, Uwe",1957-07-07,1957,7.0,BaumgärtnerKlaus,JohnsonUwe,133,0.0002933739909080085,0.00033653800217970146,0.00031818278824817644,0.0004220220255418236,0.0003196421688171683,0.4134888535149384,0.0002681685821563458,0.00036976108406717697,0.00032411277681134674,0.0003940024714872819,0.00015161750729996294,0.00034314722375284657,0.00013846613230865376,0.000397815678743074,0.0003363264719877859,0.0005384617301498402,6.612612108916786e-05,0.00023152867780550137,0.0002680711326732608,0.0191872402764841,0.0002683227486722096,0.5277437927783359,0.000334048800554677,0.0003371393431662283,0.0005499729045904016,0.0004309925220086472,0.0002728006161968494,0.00030631059413750266,0.0003744716580214279,0.0002997386675420872,0.0001909909831341328,0.0007676044748925795,0.0004442913949873785,0.0003480953708046949,0.00031901752369604226,0.0272115778044431,0.0004136950187004672,0.0004406898156457808,0.0003594670422517615,0.0003935215807685647
58,uj0416,uj0416,0086_100105.xml,letters-leipzig,Brief,"Baumgärtner, Klaus","Johnson, Uwe",1958-02-04,1958,2.0,BaumgärtnerKlaus,JohnsonUwe,646,6.372732650341345e-05,7.31035054584549e-05,6.911634658443909e-05,9.16725280591379e-05,6.943335635659045e-05,0.4322842473457212,5.82521536423234e-05,8.032029444625811e-05,7.040447139794772e-05,8.55860605294593e-05,3.2934679592534564e-05,7.453917472082414e-05,3.007790975603333e-05,8.64143735747396e-05,7.305755641721981e-05,0.00011696581002510078,1.4364057618096844e-05,5.029315516262429e-05,5.8230985456940215e-05,9.09254041543393e-05,5.828564202301434e-05,0.5508732142301186,7.256279575136808e-05,7.323413003519284e-05,0.00011946629198582588,9.362111851008296e-05,5.925833399512319e-05,6.65374431579249e-05,8.13435354072987e-05,6.510987519047738e-05,4.148747032320701e-05,0.00016674068769886069,9.650992817524775e-05,7.561402181883741e-05,6.9297669605834e-05,0.0140648932267658,8.986371780253383e-05,9.572758539864522e-05,7.80842006405994e-05,8.548160041781375e-05
59,uj1059,uj1059,0707_101152.xml,letters-leipzig,Brief,"Johnson, Uwe","Bierwisch, Manfred",1969-10-04,1969,10.0,JohnsonUwe,BierwischManfred,887,4.761497418390752e-05,5.462054845453196e-05,5.164147374247367e-05,0.3199170969736756,5.187833307653384e-05,9.387249167519052e-05,4.352410408567314e-05,6.001269716371328e-05,5.260391847546556e-05,6.394710536608295e-05,2.4607715474613576e-05,5.5693233574324e-05,2.2473230482416613e-05,6.456599378383421e-05,5.458621683366808e-05,8.739302792573125e-05,1.0732354080869954e-05,3.757740071784343e-05,4.350828790985276e-05,0.003114113652671,4.354912550849987e-05,0.3019320716437925,5.421654784511445e-05,5.471814686624044e-05,8.926130626941597e-05,6.995063790550468e-05,4.427588913851621e-05,4.971460144429736e-05,6.0777229345072784e-05,4.864796934712088e-05,3.099808099260717e-05,0.00012458318865397528,7.210906200982792e-05,5.6496324173469226e-05,5.177695237395531e-05,0.373003910791736,6.714323098127158e-05,7.152452107339148e-05,5.834196100277402e-05,6.386905618699202e-05
60,uj1021,uj1021,0697_s000229.xml,letters-leipzig,Brief + Umschlag,"Johnson, Uwe","Bierwisch, Manfred",1969-08-22,1969,8.0,JohnsonUwe,BierwischManfred,408,9.573143406198684e-05,0.00010981636601562623,0.0001038268406771976,0.0001377108229186255,0.3736949583962514,0.00018873365786839177,8.750660841044556e-05,0.00012065745408619122,0.00010576186670785034,0.00012856770807358894,4.947460188207498e-05,0.000111973033882714,4.5183151287193335e-05,0.0001298120031041154,0.00010974734118981668,0.00017570648800597415,2.1577742393692965e-05,7.555057039717729e-05,8.747480948125129e-05,0.00013658849052602888,8.75569147842393e-05,0.1905824080630927,0.00010900410982176431,0.00011001259075532552,0.00017946272158865116,0.00014063800296058867,8.901809639187467e-05,9.995280206811908e-05,0.00012219457057869204,9.780830399730508e-05,6.232263689003167e-05,0.0002504784999734584,0.00014497758390885805,0.00011358767331191812,0.00010409922481472542,0.3089768742214461,0.0001349936212202071,0.00014380234559208688,0.1226060378418883,0.00012841078769360769
61,uj0504,uj0504,0304_101272.xml,letters-leipzig,Brief,"Johnson, Uwe","Bierwisch, Manfred",1962-07-19,1962,7.0,JohnsonUwe,BierwischManfred,528,6.787839732454389e-05,0.3952484202983913,7.361844741483303e-05,9.764389351890132e-05,7.395610657065373e-05,0.0348740902167986,6.204658263409514e-05,8.555219807244597e-05,7.499047810703946e-05,9.116096564556068e-05,3.507997886932954e-05,7.93945077497122e-05,3.203712474902659e-05,9.204323334893948e-05,7.781637978776192e-05,0.00012458472937579838,1.529970365446908e-05,5.356915088303118e-05,6.202403559537695e-05,9.684810345452653e-05,6.208225238104699e-05,0.2219831756455749,7.728939139989285e-05,7.800445505869242e-05,0.00012724808773940184,9.971941126159174e-05,6.31183035663052e-05,7.087155936772215e-05,8.664209090685729e-05,6.935100247291812e-05,4.418988131312914e-05,0.00017760184320904655,0.0391855985327573,8.053936824183043e-05,7.381158145584243e-05,0.305930801560385,9.571726097334952e-05,0.00010196308919785612,8.317044958049686e-05,9.104970121079008e-05
62,uj0314,uj0314,0537_100976.xml,letters-leipzig,Brief,"Klemm, Eberhardt","Johnson, Uwe",1966-02-28,1966,2.0,KlemmEberhardt,JohnsonUwe,301,0.00016234947599203073,0.0001862358968365793,0.00017607835235118857,0.0002335416799960782,0.00017688595519940107,0.00032007052602129053,0.00014840111986703084,0.00020462113241447776,0.00017935993342417235,0.00021803601126175733,8.390322122687849e-05,0.00018989335691269008,7.662541574792164e-05,0.0936971977713357,0.00018611883868937376,0.0002979779477417964,3.659336355954694e-05,0.00012812505772073462,0.00014834719254898338,0.00023163833364373,0.000148486433677531,0.3647511494800095,0.00018485840397086727,0.0001865686713737937,0.00030434808686931027,0.00023850583989406255,0.00015096442923513638,0.00016950842947977788,0.0105935669691326,0.00016587160797518053,0.4363319327101345,0.0004247826601200806,0.00024586526890376845,0.00019263159924464576,0.00017654028444726006,0.0877629182921176,0.00022893361916187776,0.00024387220020315745,0.0001989245391704748,0.00021776989238751247
63,uj0157,uj0157,0163_060138.xml,letters-leipzig,Brief + Rundschreiben,"Klemm, Eberhardt","Johnson, Uwe",1959-03-09,1959,3.0,KlemmEberhardt,JohnsonUwe,864,5.537424287424606e-05,6.35214355963674e-05,6.0056895092598886e-05,7.965651647681998e-05,6.0332352687947374e-05,0.00010916981983767314,5.061673038433734e-05,6.979228121486975e-05,6.117617845484301e-05,7.436783500017615e-05,2.8617753902555432e-05,6.476892396255935e-05,2.6135436262041103e-05,7.508757659710006e-05,6.34815093432387e-05,0.0142719459781776,1.2481283286873094e-05,4.370096066619284e-05,5.059833682692751e-05,7.900732212282087e-05,5.064582926275562e-05,0.4715821418002903,6.305159962038174e-05,6.363493850688484e-05,0.00010380720219534676,8.134969469114987e-05,5.149102526360307e-05,5.7816022416395e-05,7.068140047664364e-05,5.657557346480282e-05,3.604948432588472e-05,0.0001448850884582608,8.385985252756463e-05,6.570288506721791e-05,6.0214451129801785e-05,0.1574670249219891,7.808479671454097e-05,0.3543409677135361,6.784928425770867e-05,7.427706703750912e-05
64,uj0006,uj0006,0599_s000067.xml,letters-leipzig,Brief,"Johnson, Uwe","Baumgärtner, Klaus + Baumgärtner, Sabine",1967-05-11,1967,5.0,JohnsonUwe,BaumgärtnerKlaus+BaumgärtnerSabine,1286,3.0874316590696966e-05,3.541684384473884e-05,3.348516379274141e-05,4.441307692102498e-05,3.3638747202006525e-05,6.0868436386067006e-05,2.8221730493380747e-05,3.89131999638953e-05,3.410922846770416e-05,4.1464333646501616e-05,1.59560392745899e-05,3.611239016306032e-05,1.4572004807771831e-05,4.18656308701474e-05,3.539458266850614e-05,5.666704767238037e-05,6.959031341199921e-06,2.436579219673897e-05,0.3140834792640127,4.405111383179991e-05,2.823795478716948e-05,0.183926478800668,3.515488333899932e-05,0.0020106704916804,5.787846945830165e-05,4.535712089382311e-05,2.870920003688993e-05,0.0039826164756479,3.940893495095841e-05,3.154412730155706e-05,2.0099655259148985e-05,0.1896990566386805,4.675667786672996e-05,3.663312704959636e-05,3.357301032067363e-05,0.3050678384597923,4.353675300193035e-05,4.637765210348885e-05,3.782986771271879e-05,4.14137253009927e-05
65,uj0775,uj0775,0784_s000078.xml,letters-leipzig,Brief,"Johnson, Uwe","Baumgärtner, Sabine + Baumgärtner, Klaus",1971-03-04,1971,3.0,JohnsonUwe,BaumgärtnerSabine+BaumgärtnerKlaus,398,0.00013442566523119207,0.00015420366569839571,0.00014579320015041267,0.00019337294130979536,0.00014646189679664578,0.00026501898523788,0.0001228764006614886,0.00016942667462952707,0.0001485103553247699,0.00018053421903040903,6.947202175765972e-05,0.00015723204937985493,6.344598541258392e-05,0.1033811760233833,0.00015410674133684368,0.00024672628971948507,3.029937244626785e-05,0.0001060877838480986,0.00012283174874279056,0.00019179696702335957,0.00012294704065376338,0.4396131498746974,0.0001530630990677178,0.00015447920362830715,0.00025200077665329777,0.00019748327485120644,0.00012499882554087562,0.0345399848154613,0.00017158508695319985,0.00013734199700235348,8.751317688900256e-05,0.000351720825191454,0.0002035768956301242,0.00015949931907560327,0.00014617568077701534,0.4166641732742428,0.000189557458449268,0.00020192663107402388,0.0001647098849281904,0.0001803138721122416
66,uj1198,uj1198,0945_101621.xml,letters-leipzig,Brief,"Johnson, Uwe","Klemm, Erika",1975-01-11,1975,1.0,JohnsonUwe,KlemmErika,975,4.690063595273924e-05,5.380110989266799e-05,5.0866728409931016e-05,6.746713068433218e-05,5.110003428878873e-05,9.24641803023939e-05,4.287113866757465e-05,5.911236350451636e-05,5.181473417535133e-05,0.0030634649843401,2.4238541023792e-05,5.4857702176031865e-05,2.213607839976628e-05,6.359734981030133e-05,0.1350752430098326,8.608192397041281e-05,0.1800392056318329,3.70136500402308e-05,4.2855559772132e-05,6.69172788673307e-05,4.289578470935311e-05,0.1773832805758455,5.340317025641424e-05,5.389724409531241e-05,8.792217368087382e-05,6.89012114213589e-05,4.3611645150722565e-05,4.896876379411215e-05,5.986542587883588e-05,4.791813372358093e-05,3.0533035810384776e-05,0.0511308271920021,7.102725401370571e-05,5.564874449986258e-05,5.100017453866258e-05,0.4454203702631467,6.613592229999765e-05,0.0060714059588752,5.7466692372686326e-05,6.29108679404378e-05
67,uj0209,uj0209,0614_101059.xml,letters-leipzig,Brief,"Klemm, Erika","Johnson, Uwe",1968-04-03,1968,4.0,KlemmErika,JohnsonUwe,91,0.00037865647639104434,0.00043436806951644704,0.0004106770783375649,0.0005447019098608035,0.0004125606942036397,0.0007465178242139761,0.0003461239698986972,0.0004772489502769616,0.0004183308876184065,0.0005085371988190942,0.00019569202742106544,0.0004428985617554797,0.0001787176075057433,0.00051345888808936,0.0004340950484593548,0.0006949901072651563,8.534868388139827e-05,0.0002988330119175378,0.00034599819229388327,0.2185618531429103,0.0003463229519198838,0.3904610602088902,0.0004311552682949026,0.0004351442175940698,0.0491590898635282,0.0005562800888707854,0.0003521025151776154,0.0003953536913697411,0.0004833288666655121,0.00038687133558892167,0.0002465111936889764,0.0009907436062250043,0.0005734448837679494,0.00044928511266109536,0.0004117544675854301,0.3258173137832093,0.0005339542799851176,0.000568796341684477,0.00046396247730237015,0.0005079165153545682
68,uj0276,uj0276,0836_s000085.xml,letters-leipzig,Brief,"Johnson, Uwe","Baumgärtner, Klaus + Baumgärtner, Sabine",1972-09-14,1972,9.0,JohnsonUwe,BaumgärtnerKlaus+BaumgärtnerSabine,554,0.0789132130379315,0.3574617308215134,8.909423581598086e-05,0.0001181702192949358,8.950287638788258e-05,0.00016195312224531616,7.508977788716591e-05,0.00010353665388637688,9.075468955184126e-05,0.0001103244751233597,4.245435783496223e-05,9.608451745915732e-05,3.8771846561391455e-05,0.0001113922097683832,9.417464147389628e-05,0.0001507744546082494,1.8515948830391177e-05,6.483025286231464e-05,7.506249109621809e-05,0.0001172071412873828,7.513294599187365e-05,0.2581368209384542,9.35368716030306e-05,9.440225320883298e-05,0.00015399769397884147,0.0001206820444379672,7.638679189406559e-05,8.576990747134253e-05,0.00010485565982324517,8.392970492273526e-05,5.347930912217082e-05,0.0002149366233038961,0.0001244058565642526,9.747004614446656e-05,8.932796975629101e-05,0.3019221476102676,0.00011583857742565144,0.00012339737976719848,0.0001006542233374094,0.00011018982110473412
69,uj0985,uj0985,0677_s000219.xml,letters-leipzig,Brief + Photographie + Umschlag,"Johnson, Uwe","Bierwisch, Manfred",1969-07-08,1969,7.0,JohnsonUwe,BierwischManfred,147,0.00031087829587013736,0.000356617709325064,0.000337167322432541,0.0004472021794230713,0.00033871377766843283,0.020501392739362,0.0002841689938792728,0.0003918230629038378,0.0003434511267102891,0.00041751082475131895,0.00016066384122057463,0.0003636212733878775,0.0001467277829047257,0.0004215515489130324,0.00035639355807912614,0.0005705893168721879,7.007156896586937e-05,0.00024534295142683533,0.0002840657300243512,0.0004435575167787786,0.0002843323588169199,0.4399008945247005,0.00035397998824805336,0.0003572549296203933,0.0005827873112563178,0.0004567079050195494,0.00028907740053273024,0.00032458676796026995,0.0003968146955940273,0.0003176227240985664,0.0002023865550573608,0.0008134039773543626,0.00047080026186354013,0.0003688646540925965,0.0003380518627857324,0.526047644768602,0.00043837833758035127,0.000466983792500692,0.00038091482196779737,0.0004170012414488869
70,uj0428,uj0428,0098_060085.xml,letters-leipzig,Brief,"Baumgärtner, Klaus","Johnson, Uwe",1958-03-20,1958,3.0,BaumgärtnerKlaus,JohnsonUwe,157,0.0003697006189514188,0.0004240945399468714,0.0004009638802368281,0.0005318188008795451,0.0004028029454449335,0.1662905406483063,0.0003379375605167835,0.00046596121633238905,0.00040843666415810734,0.0004965094455933261,0.00019106358446834424,0.0004324232718116706,0.00017449063790515084,0.0005013147287007112,0.000423827976293304,0.0006785524316655213,8.333004510678479e-05,0.00029176511259492447,0.00033781475776217834,0.0005274845194151774,0.00033813183628117564,0.5704393523421257,0.0004209577268346451,0.00042485233082748686,0.0006930584494020007,0.0005431231366382187,0.1895571223788475,0.00038600291693724313,0.0004718973325542564,0.0003777211830231068,0.0002406807926643008,0.0009673108669222478,0.0005598819554973005,0.0004386587701326673,0.000402015787431401,0.0579428376452781,0.0005213253703824037,0.0005553433591900061,0.0004529889906115881,0.0004959034423283213
71,uj0859,uj0859,0354_101316.xml,letters-leipzig,Brief,"Baumgärtner, Klaus","Johnson, Uwe",1963-02-08,1963,2.0,BaumgärtnerKlaus,JohnsonUwe,580,7.61449470449911e-05,8.734812610786534e-05,8.258404736833688e-05,0.00010953542502947498,8.296282824049407e-05,0.00015011907556603356,6.960290659790687e-05,9.597114617574336e-05,8.412317039598657e-05,0.00010226297578097857,3.935218329585766e-05,8.90635434328236e-05,3.593875612331712e-05,0.0001032526901849896,8.729322364288548e-05,0.00013975724228692906,1.7162973353708793e-05,6.009305343098652e-05,6.957761367501994e-05,0.0001086427199171102,6.96429203740096e-05,0.658213893906402,8.670205613644368e-05,8.750420360278351e-05,0.00014274495692887578,0.0001118637090614693,7.08051467338954e-05,7.950263040609304e-05,9.719377127344816e-05,7.779689295798915e-05,0.3118183833851977,0.0001992310290059804,0.0001153154191997449,9.034783040750623e-05,8.280070217907044e-05,0.0265482905035064,0.00010737415813251552,0.0001143806326244405,9.329933717697116e-05,0.0001021381610412744
72,uj0507,uj0507,0339_101301.xml,letters-leipzig,Brief,"Baumgärtner, Klaus","Johnson, Uwe",1962-11-18,1962,11.0,BaumgärtnerKlaus,JohnsonUwe,230,0.0001811659899807136,0.0117979500567199,0.0001964860608447041,0.00026060946239410946,0.00019738726590627664,0.00035716711345062306,0.0001656010013624984,0.00022833698598856715,0.0002001479814031558,0.2668162777804624,9.362771295230054e-05,0.1277033232097691,8.550640041694625e-05,0.00024566142024477305,0.000207690252519671,0.00033251397680959414,4.0834581666989255e-05,0.00014297491742106,0.00016554082379862655,0.00025848551574080296,0.00016569620315384293,0.5229275706747544,0.0002062837317890745,0.00020819222139330403,0.0003396224232908602,0.0002661489748369156,0.00016846140159762127,0.0001891546754255453,0.0002312458866418184,0.00018509634161056044,0.00011794184763888824,0.0004740155191574067,0.000274361371175673,0.0002149578504364091,0.0001970015314674289,0.0052137204624131,0.0002554673213565847,0.0002721373032380377,0.00022198015022878984,0.0581936555985407
73,uj1174,uj1174,0469_101428.xml,letters-leipzig,Brief,"Bierwisch, Manfred","Johnson, Uwe",1964-06-27,1964,6.0,BierwischManfred,JohnsonUwe,1128,4.078231548600922e-05,4.678260310481117e-05,4.423101997690066e-05,5.86658528740813e-05,4.44338904447106e-05,8.040196674619349e-05,3.7278477506089415e-05,5.140098867729839e-05,4.5055355711854985e-05,5.477081674735144e-05,2.1076554866952257e-05,4.770135993965771e-05,1.9248364432243405e-05,5.530089584822175e-05,4.675319800657865e-05,7.485229378428068e-05,9.192281578124294e-06,3.2185114819136415e-05,3.726493092157175e-05,5.81877307800844e-05,3.729990840208628e-05,0.4882023631468259,4.64365758183914e-05,4.68661963291161e-05,7.645247772082013e-05,0.5088259313847289,3.7922382826384106e-05,4.258065020746715e-05,5.205581193728764e-05,4.166707779794442e-05,2.654991502502222e-05,0.00010670573681958615,6.17615480568485e-05,4.838920855744102e-05,4.434705768111861e-05,0.0011736617495183,5.75083043844988e-05,6.126088763871694e-05,4.996999999407158e-05,5.470396747777469e-05
74,uj0352,uj0352,0861_101521.xml,letters-leipzig,Brief,"Johnson, Uwe","Bierwisch, Manfred",1973-01-11,1973,1.0,JohnsonUwe,BierwischManfred,361,0.0001172795750252372,0.0676613859301233,0.00012719717269617207,0.0902045094874159,0.00012778057660461572,0.000231215623213491,0.00010720342745133957,0.00014781618052115382,0.0076325512030869,0.037672424201209,6.061081545603384e-05,0.00013717698848580938,5.5353404377415386e-05,0.0001590313224323745,0.00013445031572970338,0.00021525617415460983,2.6434665715941897e-05,9.255621077772588e-05,0.00010716447091696084,0.0001673331260436238,0.0001072650572618339,0.3460252594263034,0.00013353979078202356,0.0001347752701882187,0.0002198578964894768,0.00017229414122153363,0.00010905513551206892,0.00012245112866,0.00014969928580178766,0.00011982392658314972,7.63508082850022e-05,0.00030685858117225005,0.00017761051629088757,0.0301510888675487,0.00012753086764397985,0.4160392426873791,0.00016537926839759235,0.00017617074416488923,0.0001437010207359685,0.00015731470814080598
75,uj0615,uj0615,0037_060036.xml,letters-leipzig,Brief,"Baumgärtner, Klaus","Johnson, Uwe",1957-03-15,1957,3.0,BaumgärtnerKlaus,JohnsonUwe,498,8.391148958852962e-05,9.625735730234324e-05,9.100735767578006e-05,0.00012070769018337072,9.142477299280132e-05,0.2471051029483628,7.67021818121529e-05,0.0001057598980056666,9.27034663595747e-05,0.00011269347422971394,4.336598089647611e-05,9.814774174135492e-05,3.960439500318496e-05,0.00011378413635675856,9.619685496046336e-05,0.00015401203672979228,1.8913542076889297e-05,6.622235385281393e-05,7.667430909153445e-05,0.00011972393198734012,7.674627686621943e-05,0.6072480363484696,9.55453902476104e-05,9.642935420559268e-05,0.00015730448876765475,0.00012327345178531125,7.802704662024459e-05,8.761164597881787e-05,0.00010710722697676842,8.573192873332863e-05,5.46276711277657e-05,0.0002195519606346233,0.00012707722538514576,9.956302190487111e-05,9.12461105884905e-05,0.0024148630233845,0.1289564158266542,0.0108625545806941,0.0001028155729823588,0.00011255592878333008
76,uj1214,uj1214,0966_101649.xml,letters-leipzig,Brief + Postkarte,"Baumgärtner, Klaus + Baumgärtner, Sabine","Johnson, Uwe",1975-11-15,1975,11.0,BaumgärtnerKlaus+BaumgärtnerSabine,JohnsonUwe,191,0.00020491602159133525,0.0002350652431986874,0.4459466736919045,0.0527329423115704,0.00022326383250306076,0.00040399008632555306,0.0001873105342473883,0.0002582709191494207,0.0002263864651584849,0.0002752030563597017,0.000105901877338696,0.00023968165580701977,9.671589792268197e-05,0.0002778665073968632,0.000234917493477454,0.0003761050363734897,4.618780831565964e-05,0.0001617182743206507,0.00018724246768048476,0.0002923717830826228,0.0001874182165575877,0.4603855600123951,0.0002333265843204413,0.00023548526817158123,0.0003841453676342911,0.00030103988657031663,0.0001905459198537193,0.00021395198711264413,0.000261561163356582,0.00020936162432024137,0.00013340348373259945,0.0005361567828963244,0.00031032889045922856,0.0002431378401980608,0.00022282753004580677,0.0190067573735874,0.00028895791723689115,0.0134173552929392,0.00025108073133358526,0.00027486716355408963
77,uj0103,uj0103,0943_101619.xml,letters-leipzig,Brief,"Johnson, Uwe","Klemm, Erika",1974-12-28,1974,12.0,JohnsonUwe,KlemmErika,2001,2.3709275668494308e-05,2.7197612991892076e-05,2.5714220324022025e-05,3.4106079106668016e-05,2.5832161441120983e-05,4.6742622903022254e-05,2.1672278514858978e-05,2.9882565412483814e-05,2.6193457536291834e-05,3.184165433904874e-05,1.2253101461444651e-05,2.773174301393957e-05,1.119026158895417e-05,3.2149822018565446e-05,2.7180517994422072e-05,4.351625567605302e-05,5.344040311613451e-06,1.8711192598439653e-05,2.1664403049651364e-05,3.382811724023944e-05,2.1684737616676944e-05,0.1821961810350337,2.6996445985438952e-05,2.7246210889668223e-05,4.444654130646862e-05,3.483103762448654e-05,2.204662039715142e-05,2.4754758573208192e-05,0.0682865101880913,0.2487803235780896,1.5435103348148535e-05,0.0273645334004171,0.1122795118661386,2.8131631845725296e-05,2.5781680199324745e-05,0.3601652224894402,3.343312476574601e-05,3.561473289130121e-05,2.905064341970831e-05,3.1802790735014865e-05
78,uj0793,uj0793,0567_100945.xml,letters-leipzig,Brief,"Klemm, Eberhardt","Johnson, Uwe",1965-08-07,1965,8.0,KlemmEberhardt,JohnsonUwe,214,0.0002394452089414204,0.0002746746976418729,0.00025969358762119413,0.00034444482202046804,0.000260884700998988,0.0004720640674129447,0.000218873125007476,0.0003017906248568349,0.00026453351002240583,0.4751967331970319,0.00012374677660502155,0.0002800689946469476,0.00011301292210444172,0.00032468814983219445,0.00027450205148859977,0.0157580337338582,5.397064283604576e-05,0.00018896846466002012,0.000218793588945788,0.00034163762376965094,0.00021899895222715732,0.3694583208904975,0.00027264306763487544,0.00027516549853979263,0.0004488754324955183,0.00035176633813087323,0.00022265368631497085,0.0002500037715927693,0.0922169560565265,0.000244639913904102,0.0001558825161049112,0.0006265013926631818,0.000362620577149206,0.000284107560237018,0.0002603748797940498,0.0375280271533859,0.0003376485075727759,0.00035968104963588133,0.0002933888610000083,0.00032118340429037267
79,uj1078,uj1078,0423_101384.xml,letters-leipzig,Brief,"Baumgärtner, Klaus","Johnson, Uwe",1964-02-12,1964,2.0,BaumgärtnerKlaus,JohnsonUwe,439,0.00010909425139763164,0.00012514524992831197,0.00011831966761644644,0.0001569333968812319,0.00011886235386544094,0.0002150783315891508,9.972135099012352e-05,0.00013749960771039925,0.00012052479718874868,0.0001465140264911887,5.638058918062351e-05,0.00012760295954875828,5.1490109949367146e-05,0.00014793200832968474,0.3909673109002063,0.0002002327444745777,2.458970427379826e-05,8.609641128751171e-05,9.968511335919605e-05,0.00015565440202035515,9.97786794553589e-05,0.5801100835271968,0.00012421961372239158,0.00012536886499574454,0.0071838390888663,0.00016026917178644522,0.0001014438223125917,0.00011390486545575506,0.0001392512849385054,0.00011146102437104266,7.102203663053868e-05,0.0002854419210738293,0.00016521449971942413,0.00012944298087019866,0.00011863007290669778,0.017098241584488,0.0001538369104649375,0.00016387521398075083,0.00013367165833345256,0.00014633520214210396
80,uj0444,uj0444,0137_060115.xml,letters-leipzig,Brief,"Baumgärtner, Klaus","Johnson, Uwe",1958-09-10,1958,9.0,BaumgärtnerKlaus,JohnsonUwe,249,0.00016757081799086132,0.0001922254530325626,0.00018174123047628508,0.0002410526434580165,0.00018257480674168283,0.0217711152077922,0.0001531738670231304,0.0109315774050761,0.0001851283508925543,0.00022504829495347925,8.660164332003374e-05,0.00019600054114404436,7.908977542002871e-05,0.00022722634167481287,0.00019210463016350272,0.0003075612541477004,3.7770247345986255e-05,0.00013224570388169115,0.0001531182053417973,0.00023908808334327636,0.00015326192462186347,0.6230505920705189,0.000190803658444847,0.00019256892997369108,0.0003141362641241138,0.00024617645632935285,0.00015581961530751766,0.00017496001148575873,0.0002138925875972456,0.00017120622570549512,0.00010909118144253246,0.00043844414889364965,0.0002537725728647868,0.0001988268484334226,0.000182218018828831,0.0477039708836592,0.2789660574733449,0.0109720908314126,0.00020532217639487703,0.0002247736173965144
81,uj1051,uj1051,0670_s000216.xml,letters-leipzig,Brief,"Johnson, Uwe","Bierwisch, Manfred",1969-06-10,1969,6.0,JohnsonUwe,BierwischManfred,273,0.00014989462481408968,0.0001719485678204768,0.0001625702725696513,0.1344691510120422,0.0001633159191151169,0.0002955158993821743,0.0001370163349683448,0.0001889233561419557,0.00016560010288309233,0.00020130909511310055,7.746647649859903e-05,0.00017532544109050848,7.074699733137515e-05,0.0289718700591372,0.00017184048994126226,0.00027511818197566265,3.378605608627354e-05,0.0001182957772975863,0.0001369665447546311,0.00021386789764441373,0.0001370951038189262,0.3175897155951379,0.0097602143072353,0.00017225581312631252,0.00028099962759596834,0.00022020855422191047,0.00013938299672482305,0.00015650436987517047,0.000191330146578102,0.00015314655186179915,9.758370764619632e-05,0.0003921949059407864,0.00022700339506457476,0.00017785361560102372,0.00016299676694425354,0.4742011116852234,0.00021137067885138003,0.0289937758955932,0.0001836637844567953,0.0002010633918943674
82,uj0248,uj0248,0829_s000082.xml,letters-leipzig,Brief,"Johnson, Uwe","Baumgärtner, Klaus + Baumgärtner, Sabine",1972-06-04,1972,6.0,JohnsonUwe,BaumgärtnerKlaus+BaumgärtnerSabine,361,0.00012280813966191877,0.00014087685771090516,0.00013319325334962438,0.000176660990610437,0.00013380415894552242,0.0159554640186818,0.00011225700202142984,0.00015478424216515903,0.00013567558268429177,0.00016493183460398713,6.346801212355717e-05,0.00014364351812104996,0.1886181493289142,0.00016652806638915585,0.00014078830988404744,0.0002254033602439392,2.768079709072055e-05,9.691931487066676e-05,0.00011221620907420352,0.0001752212174098407,0.00011232153706406534,0.3466235574142853,0.00013983486274786656,0.00014112858271089326,0.0002302220079842989,0.000180416095074622,0.00011419599968650678,0.00012822348057622875,0.00015675611711655116,0.0001254724320709414,7.99499889486061e-05,0.00032132390900078386,0.00018598308431270428,0.00014571484261825685,0.00013354267869283555,0.3570846075909593,0.0158865241350293,0.0630378709620857,0.00015047509355576653,0.0080214049709228
83,uj0553,uj0553,0745_s000072.xml,letters-leipzig,Brief,"Johnson, Uwe","Baumgärtner, Klaus",1970-05-27,1970,5.0,JohnsonUwe,BaumgärtnerKlaus,204,0.00018546511936391548,0.00021275253662252357,0.00020114874062062115,0.00026679381188177126,0.00020207133157896663,0.00036564280821161233,0.00016953076837296742,0.00023375549884431732,0.00020489755977562215,0.00024908041499486475,9.584952981692332e-05,0.00021693075318552583,8.753549582565654e-05,0.0002514910477052354,0.00021261881150199985,0.0122055714554122,4.180359991326164e-05,0.00014636775991103937,0.00016946916277542836,0.0358601198962628,0.000169628229334582,0.3573593142220218,0.00021117891356522,0.000213132692264472,0.4630891874056633,0.0002724647788029484,0.00017245904685996222,0.00019364337897955424,0.0002367334286805435,0.0001894887395491904,0.00012074064703135394,0.0004852640655690165,0.0002808720580466606,0.00022005887194193264,0.0002016764435331956,0.1239891118983883,0.00026152964612189463,0.00027859521223486724,0.0002272478132511803,0.0002487764055826062
84,uj0559,uj0559,0737_101185.xml,letters-leipzig,Brief,"Johnson, Uwe","Zeibig, Brigitte",1970-02-12,1970,2.0,JohnsonUwe,ZeibigBrigitte,405,0.00010401268260917206,0.00011931603172558744,0.00011280838244497408,0.0001496234988688063,0.0001133257905746407,0.0002050600646055514,9.507636834216122e-05,0.00013109492821523596,0.00011491079791946124,0.00013968945879352425,5.375440275388904e-05,0.0001216592621655237,0.0798998690857629,0.000141041391576632,0.0001192410359066129,0.00019090597929938069,2.344432518961769e-05,8.208607315519013e-05,9.504181864631677e-05,0.0068026355262339,9.513102646926333e-05,0.2137229723992687,0.0001184335113025173,0.00011952923088812366,0.00019498714590122972,0.0001528038946460959,9.671860760474418e-05,0.00010859922009187648,0.0001327650129834667,0.00010626921219654784,6.771385714343499e-05,0.1333567750874468,0.00015751887108253875,0.00012341357599278044,0.0001131043291747192,0.5286776334157023,0.0334178284812699,0.00015624196876481823,0.00012744528326614403,0.00013951896401468984
85,uj0395,uj0395,0105_060089.xml,letters-leipzig,Brief,"Menzhausen, Joachim","Johnson, Uwe",1958-05-07,1958,5.0,MenzhausenJoachim,JohnsonUwe,379,0.00012995525243294836,0.00014907552265005285,0.00014094475259593422,0.00018694219856302448,0.0001415912113009206,0.0002562056067706997,0.00011879006615702836,0.0001637922805327965,0.00014357154701034753,0.0001745304363309785,6.716168455641786e-05,0.00015200319546544117,6.133604796352761e-05,0.00017621956463431538,0.00014898182157109047,0.0002385212467217195,2.929174713803825e-05,0.00010255976569891406,0.00011874689916688524,0.00018541863432497985,0.00011885835697048385,0.5413883021036062,0.0001479728863034041,0.2745084497513892,0.0002436203271671021,0.00019091584029311387,0.00012084190841867046,0.00013568575203555614,0.000165878913452893,0.00013277459969708648,8.460286935727696e-05,0.0003400241207292478,0.00019680681375560684,0.0001541950656350089,0.00014131451358090222,0.0037399423527553,0.1747754131455188,0.00019521142981906227,0.0001592323507362348,0.00017431741719267614
86,uj1057,uj1057,0660_101109.xml,letters-leipzig,Brief,"Bierwisch, Manfred","Johnson, Uwe",1969-03-23,1969,3.0,BierwischManfred,JohnsonUwe,457,8.968918096629172e-05,0.00010288511836413637,9.727363215540916e-05,0.00012901896893937763,9.771978843376868e-05,0.000176821410447354,8.198347924453927e-05,0.00011304195263032752,9.908652571057436e-05,0.0001204529374162199,4.635192781676551e-05,0.00010490566445237498,4.233133946160709e-05,0.3845597572323351,0.0001028204501581927,0.0001646164726782984,2.021582629942468e-05,7.078206700707566e-05,0.0058198363520709,0.00012796747447415578,0.0058199132751574,0.5629916121491219,0.00010212412910834916,0.00010306895804398026,0.00016813562515783026,0.00013176139500952882,8.33995670784162e-05,9.364411011508266e-05,0.00011448205138799274,9.1634965705624e-05,5.838903713389677e-05,0.00023466912130177024,0.0001358270758885511,0.00010641839315408258,9.752882430250748e-05,0.0370084334198102,0.0001264732680706999,0.0001347260147469917,0.00010989489730889354,0.00012030592133424703
87,uj0390,uj0390,0892_101554.xml,letters-leipzig,Brief + Postkarte,"Klemm, Ine","Johnson, Uwe",1973-11-30,1973,11.0,KlemmIne,JohnsonUwe,98,0.0004696788054523325,0.0005387824815821523,0.0005093965945561823,0.0006756386284195535,0.0005117329984078768,0.0009259675240932636,0.00042932605899114113,0.0005919711687117058,0.0005188902444059031,0.0006307805595876414,0.0002427329344837397,0.0005493635534891638,0.0002216781638244326,0.0006368853360311815,0.0005384438310850563,0.4215311448041846,0.00010586500005072137,0.00037066718996826153,0.0004291700466716248,0.0006701322266546544,0.00042957287277578353,0.4242254182478311,0.0005347973796917189,0.0005397452019492417,0.0008804823360778641,0.0006899999971687457,0.0004367417409615325,0.0004903897360042668,0.0005995125896160598,0.0305276606110032,0.000305768130749989,0.001228900870563,0.0908546676234733,0.0005572853184326804,0.0005107329691502931,0.0135167422925752,0.0006623074581473121,0.0007055249360957195,0.0005754908623008462,0.0006300106747808078
88,uj1175,uj1175,0483_101441.xml,letters-leipzig,Brief,"Johnson, Uwe","Bierwisch, Manfred",1964-07-27,1964,7.0,JohnsonUwe,BierwischManfred,178,0.00026368042507025945,0.00030247563252757727,0.00028597822388974853,0.0003793074728249274,0.0002872898946604942,0.000519843577184679,0.0002410261574811736,0.0003323360721906845,0.0002913080143737619,0.0003541238909384972,0.00013627168737491533,0.0003084159081068698,0.0001244514161326219,0.0003575511480957396,0.00030228551216023703,0.0004839618449152077,5.943322945252696e-05,0.00020809472574838,0.00024093857125363107,0.00037621614670775696,0.0002411647201816664,0.1538175975158627,0.0003002383730468013,0.00030301610936551645,0.0173633140181184,0.3715055040353843,0.000245189364659014,0.00027530766246768745,0.00033656986994057183,0.00026940090709088563,0.00017166001478701682,0.0006899121275170391,0.0003993228694975376,0.00031286323322217164,0.0002867284723934869,0.4461825364538677,0.0003718232759583405,0.000396085820539048,0.0003230839318997925,0.0003536916731105594
89,uj1195,uj1195,1087_101788.xml,letters-leipzig,Brief,"Johnson, Uwe","Menzhausen, Joachim + Menzhausen, Ingelore",1980-10-29,1980,10.0,JohnsonUwe,MenzhausenJoachim+MenzhausenIngelore,1040,3.954423767924533e-05,4.536236734927688e-05,4.288824569958633e-05,5.6884863011374914e-05,4.30849573845795e-05,7.796110752909532e-05,3.6146769923520456e-05,4.984054703565308e-05,4.368755608307135e-05,5.310807318154064e-05,2.043670853863951e-05,4.6253232377749e-05,1.86640186800205e-05,5.362206003353308e-05,4.533385493698171e-05,7.257991266478585e-05,8.913220429198002e-06,3.12080325742749e-05,0.0050958341118241,5.642125584490105e-05,3.616755021602911e-05,0.2811127986330821,4.5026844829414514e-05,4.5443422833520345e-05,7.413151789276106e-05,5.809400715972627e-05,3.677112743547681e-05,4.128797819041292e-05,0.3744683108064397,4.04021401974289e-05,2.5743907318686275e-05,0.00010346634241452744,5.988657845178039e-05,4.6920199147654325e-05,4.300076070763982e-05,0.3300185625083185,0.0076453131714663,5.9401117184188144e-05,4.845300059716691e-05,5.304325333565097e-05
90,uj0668,uj0668,0248_060216.xml,letters-leipzig,Brief,"Baumgärtner, Klaus + Baumgärtner, Sabine","Johnson, Uwe",0000-00-00,0,0.0,BaumgärtnerKlaus+BaumgärtnerSabine,JohnsonUwe,374,0.3693865068245043,0.00014087685771090516,0.00013319325334962438,0.000176660990610437,0.00013380415894552242,0.00024211513847581455,0.00011225700202142984,0.00015478424216515903,0.00013567558268429177,0.023734955154913,6.346801212355717e-05,0.00014364351812104996,5.7962766441483744e-05,0.00016652806638915585,0.00014078830988404744,0.0002254033602439392,2.768079709072055e-05,9.691931487066676e-05,0.00011221620907420352,0.0001752212174098407,0.00011232153706406534,0.535183743976758,0.00013983486274786656,0.00014112858271089326,0.0002302220079842989,0.000180416095074622,0.00011419599968650678,0.0079848979206792,0.00015675611711655116,0.0001254724320709414,7.99499889486061e-05,0.00032132390900078386,0.00018598308431270428,0.00014571484261825685,0.00013354267869283555,0.0585309788670441,0.00017317525482324616,0.00018447544126153453,0.00015047509355576653,0.00016473053081981882
91,uj0477,uj0477,0335_101296.xml,letters-leipzig,Brief,"Baumgärtner, Klaus","Johnson, Uwe",1962-11-08,1962,11.0,BaumgärtnerKlaus,JohnsonUwe,1256,3.5502515545187114e-05,4.072598807055637e-05,3.850474048851171e-05,5.107079695728045e-05,3.868134674176755e-05,0.0273253563080137,3.245229485841432e-05,4.4746463701400446e-05,3.922235526579696e-05,4.768002380008364e-05,1.834792134496785e-05,4.1525799911121824e-05,1.6756413885071913e-05,4.814147728291208e-05,4.070038984385768e-05,6.516169305249478e-05,8.002221446574122e-06,2.80183340639896e-05,3.244050205504621e-05,5.065457397257902e-05,3.247095124683192e-05,0.5203920041730249,4.042475850649713e-05,4.079875906724919e-05,6.655471241407664e-05,0.0068659972121632,3.3012838279526186e-05,3.70680325013274e-05,4.531651159323959e-05,3.627273389495323e-05,2.311268400693464e-05,9.28912945489234e-05,5.376571422815139e-05,0.4088725758852722,3.8605755606185416e-05,0.0350909202802981,5.00631081403027e-05,5.332987079783726e-05,4.350073507207151e-05,4.762182903590583e-05
92,uj0683,uj0683,0268_060244.xml,letters-leipzig,Brief,"Baumgärtner, Klaus","Johnson, Uwe",1961-12-13,1961,12.0,BaumgärtnerKlaus,JohnsonUwe,161,0.00026368042507025945,0.00030247563252757727,0.00028597822388974853,0.0003793074728249274,0.0002872898946604942,0.2872929471274686,0.0002410261574811736,0.0003323360721906845,0.0002913080143737619,0.0003541238909384972,0.00013627168737491533,0.0003084159081068698,0.0001244514161326219,0.0003575511480957396,0.00030228551216023703,0.0004839618449152077,5.943322945252696e-05,0.00020809472574838,0.00024093857125363107,0.00037621614670775696,0.0002411647201816664,0.6936257924340443,0.0003002383730468013,0.00030301610936551645,0.0004943079269252415,0.00038737002913451175,0.000245189364659014,0.00027530766246768745,0.00033656986994057183,0.00026940090709088563,0.00017166001478701682,0.0006899121275170391,0.0003993228694975376,0.00031286323322217164,0.0002867284723934869,0.0075883780828451,0.0003718232759583405,0.000396085820539048,0.0003230839318997925,0.0003536916731105594
93,uj0360,uj0360,0890_s000244.xml,letters-leipzig,Brief + Postkarte,"Johnson, Uwe","Bierwisch, Manfred",1973-11-27,1973,11.0,JohnsonUwe,BierwischManfred,84,0.00037865647639104434,0.00043436806951644704,0.0004106770783375649,0.0005447019098608035,0.0004125606942036397,0.0007465178242139761,0.2668169568164814,0.0004772489502769616,0.0004183308876184065,0.0005085371988190942,0.00019569202742106544,0.0004428985617554797,0.0001787176075057433,0.00051345888808936,0.0004340950484593548,0.0006949901072651563,8.534868388139827e-05,0.0002988330119175378,0.00034599819229388327,0.0005402626320699267,0.0003463229519198838,0.1239902273623074,0.0004311552682949026,0.0004351442175940698,0.4367530285494668,0.0005562800888707854,0.0003521025151776154,0.0003953536913697411,0.0004833288666655121,0.00038687133558892167,0.0002465111936889764,0.0009907436062250043,0.0005734448837679494,0.00044928511266109536,0.0004117544675854301,0.1562449656081111,0.0005339542799851176,0.000568796341684477,0.00046396247730237015,0.0005079165153545682
94,uj0252,uj0252,0842_101502.xml,letters-leipzig,Brief,"Johnson, Uwe","Klemm, Erika",1972-10-18,1972,10.0,JohnsonUwe,KlemmErika,338,0.00015904567145121182,0.00018244600470497565,0.0001724951657934055,0.0104037666484318,0.00017328633395994873,0.0003135571052000041,0.00014538116374654804,0.00020045710156505484,0.0001757099668390209,0.00021359898823062668,8.219579444533284e-05,0.0001860290356328956,7.506609198082461e-05,0.00021566622706970377,0.0001823313286858054,0.000291914109895707,3.58486902555333e-05,0.0001255177185537685,0.00014532833384699949,0.0002269245039633838,0.00014546474142483831,0.1945288394811225,0.00018109654375717948,0.0001827720072953119,0.0002981546169782357,0.0002336522567701324,0.00014789230988420198,0.0001660589405571905,0.00020301082623286064,0.00016249612820678117,0.0001035411798424221,0.0004161383520754106,0.00024086192173020685,0.0001887115548564464,0.0001729476975920801,0.767700441434375,0.00022427483029969356,0.0205888644741458,0.00019487643373757528,0.0002133382848635139
95,uj0865,uj0865,0406_101370.xml,letters-leipzig,Brief,"Baumgärtner, Klaus","Johnson, Uwe",1963-11-08,1963,11.0,BaumgärtnerKlaus,JohnsonUwe,1234,3.479132783225912e-05,3.99101635615644e-05,3.773341209376581e-05,5.004774485159996e-05,3.7906480563982535e-05,6.859078868106085e-05,0.547574152984113,4.385010087491537e-05,3.843665158512037e-05,4.672489578850445e-05,1.7980375101612166e-05,4.069395354156788e-05,1.642074877839429e-05,4.717710541798797e-05,3.9885078119495805e-05,6.385637159172292e-05,7.841920648685903e-06,2.745706975308016e-05,3.179065271033149e-05,4.963985966122133e-05,3.182049194277392e-05,0.4498713805042265,3.961496823934521e-05,3.9981476806942686e-05,6.522148593760055e-05,5.111155927642143e-05,3.2351523874258334e-05,3.6325484294460026e-05,4.440872954616603e-05,3.5546117139372524e-05,2.264968986057344e-05,9.103049267878308e-05,5.268867743938664e-05,4.128075609250384e-05,3.783240367284214e-05,0.0010012489532548,4.906024209451357e-05,5.226156484089216e-05,4.262932672785949e-05,4.666786678400887e-05
96,uj0449,uj0449,0104_060088.xml,letters-leipzig,Brief + Postkarte,"Baumgärtner, Klaus","Johnson, Uwe",1958-05-05,1958,5.0,BaumgärtnerKlaus,JohnsonUwe,369,0.0001321526637620567,0.0001515962383289593,0.0085978201583618,0.00019010320127218976,0.00014398537487638168,0.00026053778336502007,0.00012079868552617365,0.00016656184164037054,0.00014599919605131977,0.00017748156874685216,6.829732042925355e-05,0.0001545734151181541,6.237317823840688e-05,0.00017919925849422906,0.0001515009528599195,0.0002425543987487973,2.978704083187116e-05,0.00010429394717167733,0.00012075478862606991,0.0001885538751102935,0.00012086813106792482,0.6435420423338035,0.0001504749575215854,0.00015186711719232702,0.0002477396994656114,0.0001941440332480911,0.00012288522235649892,0.0085924722334433,0.00016868375740384945,0.00013501968332495093,0.3044477516513733,0.00034577358326402346,0.0002001346170886458,0.0001568023475861082,0.00014370399847894686,0.0122576731526047,0.00018635223435162465,0.0001985122568300919,0.00016192480806225855,0.0170862492939725
97,uj0363,uj0363,0882_101544.xml,letters-leipzig,Brief,"Baumgärtner, Klaus + Baumgärtner, Sabine","Johnson, Uwe",1973-08-08,1973,8.0,BaumgärtnerKlaus+BaumgärtnerSabine,JohnsonUwe,325,0.00014989462481408968,0.0001719485678204768,0.0001625702725696513,0.0002156252263061367,0.0001633159191151169,0.0002955158993821743,0.0001370163349683448,0.0001889233561419557,0.00016560010288309233,0.00020130909511310055,7.746647649859903e-05,0.00017532544109050848,7.074699733137515e-05,0.0002032573907652688,0.1440149038318013,0.3646775453146879,3.378605608627354e-05,0.0001182957772975863,0.0001369665447546311,0.00021386789764441373,0.0001370951038189262,0.3943060160441299,0.0001706767511113171,0.0097617933692503,0.00028099962759596834,0.00022020855422191047,0.00013938299672482305,0.00015650436987517047,0.000191330146578102,0.00015314655186179915,9.758370764619632e-05,0.0003921949059407864,0.0673537662879326,0.00017785361560102372,0.00016299676694425354,0.0139033089912711,0.00021137067885138003,0.00022516322722121527,0.0001836637844567953,0.0002010633918943674
98,uj0465,uj0465,0331_s000028.xml,letters-leipzig,Brief,"Johnson, Uwe","Baumgärtner, Klaus + Baumgärtner, Sabine",1962-10-24,1962,10.0,JohnsonUwe,BaumgärtnerKlaus+BaumgärtnerSabine,299,0.00015744368548894371,0.00018060831911603505,0.0001707577099315846,0.000226484641167964,0.00017154090906454754,0.00031039880434015376,0.00014391681340381258,0.0001984379993800408,0.00017394012992526963,0.0002114475145213588,8.13678781137696e-05,0.0001841552600001548,7.430998950724992e-05,0.00021349393111755031,0.0001804947981699406,0.00028897380789330785,3.5487604675328256e-05,0.00012425344256747898,0.0001438645156329079,0.000224638809127888,0.00014399954924675985,0.514889135096616,0.0001792724506003703,0.00018093103804848475,0.0607300924773312,0.0908837103264131,0.00014640266604667963,0.00016438631351079307,0.0002009660016812333,0.00016085938755276068,0.00010249826232627251,0.0004119468026147848,0.0103109260123582,0.0001868107595751957,0.00017120568360816548,0.3167782188060024,0.00022201582427612885,0.0002365029991853339,0.00019291354277439527,0.00021118943708634856
99,uj0804,uj0804,0546_100928.xml,letters-leipzig,Brief,"Bierwisch, Manfred","Johnson, Uwe",1965-05-13,1965,5.0,BierwischManfred,JohnsonUwe,327,0.00012185079761479249,0.00013977866226779398,0.0001321549548933806,0.00017528384252510695,0.00013276109821850905,0.00024022774727400337,0.00011138191061124068,0.0625170040154692,0.00013461793340770794,0.0079590744181589,6.297325178584118e-05,0.00014252375537508703,5.7510921851744384e-05,0.00016522990878804026,0.00013969080470917146,0.00022364624451106407,2.746501342177262e-05,9.616378730091616e-05,0.00011134143566250952,0.1638778495477327,0.0001114459425755786,0.6245568970485629,0.00013874479010177646,0.0001400284249635939,0.085978138605131,0.00017900967434169045,0.0001133057929590498,0.00012722392362729656,0.0001555341360453204,0.0468970641077975,7.932674454234369e-05,0.0003188190515077848,0.0001845332665143324,0.00014457893301069434,0.0001325016563163833,0.0035067067331635,0.0001718252795413104,0.0001830373761864668,0.0001493020757533409,0.00016344638577834686
100,uj0820,uj0820,0537_s000060.xml,letters-leipzig,Brief,"Johnson, Uwe","Baumgärtner, Klaus + Baumgärtner, Sabine",1965-03-19,1965,3.0,JohnsonUwe,BaumgärtnerKlaus+BaumgärtnerSabine,125,0.0002989855483208857,0.0385982915180016,0.0003242688798560853,0.00043009431858490136,0.0003257561749577349,0.000589447308893854,0.00027329801912668743,0.00037683374768629545,0.0003303122952134201,0.0004015388160784412,0.00015451759515157433,0.0194773689925276,0.0001411146651550188,0.0004054249610591381,0.00034275960977613767,0.0005487612420596075,6.739095892920354e-05,0.00023595727921018591,0.00027319870566320153,0.00042658908366298936,0.0002734551344869673,0.4995829793138603,0.00034043837182244185,0.0003435880292766143,0.000560492598309957,0.0004392363996417215,0.000278018653130931,0.0003121695984747825,0.0003816344238889088,0.000305471966313958,0.00019464419337230656,0.000782286950895,0.0004527896489167826,0.00035475362006660654,0.000325119581838257,0.4294128930483857,0.00042160803560313775,0.0004491191797966813,0.0003663428049578884,0.0004010487270464412
101,uj0021,uj0021,0586_101039.xml,letters-leipzig,Brief,"Bierwisch, Manfred","Johnson, Uwe",1967,1967,,BierwischManfred,JohnsonUwe,272,0.00015744368548894371,0.00018060831911603505,0.0001707577099315846,0.000226484641167964,0.2116938344783703,0.00031039880434015376,0.00014391681340381258,0.0001984379993800408,0.3224936255688675,0.0002114475145213588,0.0101538580480807,0.0001841552600001548,7.430998950724992e-05,0.00021349393111755031,0.0001804947981699406,0.00028897380789330785,3.5487604675328256e-05,0.00012425344256747898,0.0001438645156329079,0.000224638809127888,0.00014399954924675985,0.3033668415273102,0.0001792724506003703,0.00018093103804848475,0.0002951514575295922,0.00023129879671062464,0.00014640266604667963,0.00016438631351079307,0.0002009660016812333,0.00016085938755276068,0.00010249826232627251,0.0004119468026147848,0.00023843584239126,0.0001868107595751957,0.00017120568360816548,0.1455458859165643,0.00022201582427612885,0.0002365029991853339,0.00019291354277439527,0.00021118943708634856
102,uj0136,uj0136,1047a_002768.xml,letters-leipzig,Brief,"Klemm, Eberhardt","Johnson, Uwe",1979-01-01,1979,1.0,KlemmEberhardt,JohnsonUwe,170,0.00030481596388154506,0.4293641862203011,0.0003305923370718883,0.0004384814417141346,0.0003321086354098236,0.0006009419205273067,0.000278627510911031,0.0003841822545242705,0.00033675360301811213,0.0004093690880585432,0.00015753079025825054,0.0003565304185206312,0.00014386649427912762,0.00041333101543171257,0.0003494436484316098,0.0005594624485318254,6.870512711490758e-05,0.00024055860191653092,0.0002785262607694476,0.0004349078523973455,0.0002787876901245524,0.4898245170717458,0.0003470771448055053,0.0003502882226592077,0.0005714225739732405,0.0004478017993864963,0.0002834402003945748,0.0003182571117165889,0.0003890765470818904,0.00031142887130734126,0.00019843988363293385,0.0007975420628461094,0.00046161934596928553,0.0003616715498403116,0.0003314596283042836,0.067274185518798,0.000429829670612203,0.0004578773002783668,0.0003734867314873061,0.0004088694419668983
103,uj0821,uj0821,0528_100904.xml,letters-leipzig,Brief,"Baumgärtner, Klaus + Baumgärtner, Sabine","Johnson, Uwe",1965-02-19,1965,2.0,BaumgärtnerKlaus+BaumgärtnerSabine,JohnsonUwe,809,6.005470955416753e-05,6.889053767952836e-05,6.51331594673337e-05,8.638942426672982e-05,6.543189991098565e-05,0.00011839731763594828,0.042317023066556,7.569142185835895e-05,6.634704942301281e-05,8.06537209231078e-05,3.1036648259256414e-05,7.02434690717281e-05,2.8344514567048268e-05,8.143429814301632e-05,6.884723668955951e-05,0.0001102250499783498,1.353625447048886e-05,4.739475185252442e-05,5.487512360152414e-05,8.568535724296644e-05,5.492663030015575e-05,0.5306523296532502,6.838098916723546e-05,0.3343240259560204,0.00011258142872724866,8.82257171098834e-05,5.584326586414004e-05,6.270287869540672e-05,7.665569326422011e-05,6.135758171908839e-05,3.909654016733133e-05,0.0078411546645269,9.094804416983706e-05,7.125637254388095e-05,6.530403281135781e-05,0.082410540421111,8.468485606092037e-05,9.021078794399884e-05,7.358419452900417e-05,8.055528086592868e-05
104,uj0264,uj0264,0827_s000081.xml,letters-leipzig,Brief,"Johnson, Uwe","Baumgärtner, Klaus + Baumgärtner, Sabine",1972-05-27,1972,5.0,JohnsonUwe,BaumgärtnerKlaus+BaumgärtnerSabine,1091,4.314630985451549e-05,4.949441112664303e-05,0.0028070884238399,6.206648729528092e-05,4.700955260440714e-05,8.506256029856387e-05,3.943936782927657e-05,5.4380506792459694e-05,4.76670418288537e-05,0.024900587182802,2.229828189297365e-05,5.046642477042061e-05,0.2236041377256833,5.8506476620196224e-05,4.94633015276778e-05,7.919119408621476e-05,9.725122875275866e-06,3.405076244790502e-05,3.942503600122551e-05,6.156065029779712e-05,3.946204099209534e-05,0.2763560465483092,4.912832596595356e-05,4.958284992945784e-05,8.088413454649427e-05,6.338577200388267e-05,4.012059787066392e-05,4.504888714051525e-05,5.507328764461932e-05,4.40823584433076e-05,2.8088911741013108e-05,0.00011289105900942972,6.534162805124477e-05,5.119414533366475e-05,4.69176864786412e-05,0.4704915896438472,6.084184016065987e-05,6.481194626944388e-05,5.286656918521446e-05,5.7874946602213405e-05
105,uj0658,uj0658,0247_060217.xml,letters-leipzig,Brief,"Baumgärtner, Klaus + Baumgärtner, Sabine","Johnson, Uwe",1961-07-07,1961,7.0,BaumgärtnerKlaus+BaumgärtnerSabine,JohnsonUwe,658,6.245420747235284e-05,7.164307287571637e-05,6.773556786639077e-05,8.984113097250076e-05,6.804624454415228e-05,0.1399663271488598,5.708841542402021e-05,0.0240518355579252,0.0080600379157659,8.387625645588463e-05,3.22767237410696e-05,0.004068570039276,2.947702530934501e-05,8.468802179456114e-05,7.15980417860425e-05,0.00011462911387139662,1.4077098222179446e-05,4.928841863148813e-05,5.7067670128175045e-05,8.910893281014183e-05,5.712123478724067e-05,0.5598456894569287,7.111316525081535e-05,7.177108788692421e-05,0.00011707964220397366,9.17507932630638e-05,5.807449470831275e-05,6.520818474069112e-05,7.971848680314554e-05,6.380913615491566e-05,4.065865024056621e-05,0.00016340960895432584,9.458189144457432e-05,0.1678859425264373,6.791326848901307e-05,0.0537391102010014,8.806845640348335e-05,0.04004901496164,7.652426572232885e-05,8.377388320655418e-05
106,uj0300,uj0300,0561_s000170.xml,letters-leipzig,Brief,"Johnson, Uwe","Bierwisch, Manfred",1966-08-19,1966,8.0,JohnsonUwe,BierwischManfred,800,5.205488985332723e-05,5.971370734229917e-05,5.645684521732846e-05,7.48815871075161e-05,5.671579078553589e-05,0.00010262574532826108,4.75825616410853e-05,6.560865345830606e-05,5.750903426971147e-05,6.990993029658269e-05,2.6902291569569945e-05,6.088641627924846e-05,2.456877395107368e-05,7.058652771094042e-05,5.9676174428059774e-05,9.554209617024638e-05,1.1733105375396954e-05,4.108135074874786e-05,0.4629483713322774,0.0766693687139309,4.760991621664778e-05,0.2201887779853768,5.927203520901861e-05,5.982040643556596e-05,9.758458438036777e-05,7.647326946512695e-05,4.8404447797485866e-05,5.435029938879171e-05,6.644447536458872e-05,5.318420789584893e-05,3.3888534424114695e-05,0.0001362000982697323,7.883295842711921e-05,6.176439202946689e-05,5.66049567171272e-05,0.2379438071802787,7.340408249780915e-05,7.819391126637867e-05,6.378212748990479e-05,6.982460332769621e-05
107,uj1058,uj1058,0718_101161.xml,letters-leipzig,Brief,"Baumgärtner, Klaus + Baumgärtner, Sabine","Johnson, Uwe",1969-11-10,1969,11.0,BaumgärtnerKlaus+BaumgärtnerSabine,JohnsonUwe,1485,2.9421490478889032e-05,3.3750263942174615e-05,3.1909481293880234e-05,0.0094535508316094,0.2748399035849667,5.8004202824594606e-05,2.6893724839854985e-05,3.7082095044196914e-05,3.2504179895181745e-05,3.951318222737982e-05,1.5205209683558817e-05,3.441308053673814e-05,1.3886302534041154e-05,3.989559595336515e-05,3.372905029092973e-05,0.0019362460477551,6.631566199884648e-06,2.321923210902597e-05,2.688395195906932e-05,4.197823852649367e-05,2.690918568103116e-05,0.5216047869577259,3.3500630286225685e-05,0.1261442612489645,0.0358178200499941,4.322278993956869e-05,2.735825594910148e-05,3.0718858891022994e-05,3.755450265714224e-05,3.0059782484295435e-05,1.9153843101232967e-05,7.698047014906032e-05,4.455648916598165e-05,3.4909313556316715e-05,3.199319410344377e-05,0.0290803950387173,4.148808153097719e-05,4.419529889147976e-05,3.6049740225270585e-05,3.946495531517696e-05
108,uj0486,uj0486,0338_s000030.xml,letters-leipzig,Brief,"Johnson, Uwe","Baumgärtner, Klaus",1962-11-16,1962,11.0,JohnsonUwe,BaumgärtnerKlaus,389,0.00015587364968473733,0.00017880728450058442,0.00016905490605218925,0.0002242261257207916,0.00016983029508672393,0.0003073034929284356,0.00014248166820145296,0.0001964591663580989,0.0001722055908046762,0.00020933895000523983,8.055647382305964e-05,0.0001823188551241175,7.356896681221922e-05,0.00021136495963930792,0.00017869489559068022,0.0002860921475494117,3.513372061975144e-05,0.00012301438141986286,0.00014242989194636864,0.00022239870040425275,0.00014256357899870015,0.4997825897047275,0.0001774847373283117,0.000179126785264728,0.00029220819337424627,0.0002289922742789515,0.00014494273180536198,0.000162747045494855,0.0001989619593019669,0.0001592552902076291,0.00010147614485473704,0.00040783884980915154,0.0002360581490058579,0.3492065867956315,0.0001694984125142903,0.1440944955268241,0.0002198018720802601,0.00023414458020288927,0.00019098979989241505,0.0002090834461304963
109,uj0955,uj0955,0200_060169.xml,letters-leipzig,Brief,"Baumgärtner, Klaus + Baumgärtner, Sabine","Johnson, Uwe",1960-07-14,1960,7.0,BaumgärtnerKlaus+BaumgärtnerSabine,JohnsonUwe,1409,3.168798399891159e-05,3.635022585025257e-05,3.4367637947492146e-05,4.558354730481498e-05,3.452526892212424e-05,6.24725743345407e-05,2.896549116054965e-05,3.993872558053359e-05,3.500814933748238e-05,4.255709230862084e-05,1.6376547663295038e-05,3.706410272395523e-05,1.4956038098018117e-05,4.296896539298012e-05,3.63273779988941e-05,5.8160461451283365e-05,7.142430930902407e-06,0.5494083739229304,2.8954965422902823e-05,4.521204497387702e-05,2.8982143032355804e-05,0.3894709553957384,3.6081361589246645e-05,3.6415178041481165e-05,5.940380926937802e-05,4.6552470785806624e-05,2.9465807565911973e-05,3.308529558358107e-05,4.0447525258466856e-05,3.2375447024228554e-05,2.0629365264313836e-05,8.291068421779786e-05,4.798891194014785e-05,3.759856320601071e-05,3.445779959895085e-05,0.0597020406684915,4.468412858425612e-05,4.759989726234998e-05,3.882684299230069e-05,4.250515022148227e-05
110,uj0144,uj0144,1051_101740.xml,letters-leipzig,Brief,"Johnson, Uwe","Bierwisch, Manfred",1979-04-07,1979,4.0,JohnsonUwe,BierwischManfred,125,0.00037865647639104434,0.00043436806951644704,0.0004106770783375649,0.0005447019098608035,0.0004125606942036397,0.0007465178242139761,0.0003461239698986972,0.0004772489502769616,0.0004183308876184065,0.0005085371988190942,0.00019569202742106544,0.0004428985617554797,0.0001787176075057433,0.0489627012238316,0.0004340950484593548,0.0006949901072651563,8.534868388139827e-05,0.0002988330119175378,0.00034599819229388327,0.0005402626320699267,0.0003463229519198838,0.2693379543695344,0.0004311552682949026,0.0004351442175940698,0.0007098475277859563,0.0005562800888707854,0.0003521025151776154,0.0003953536913697411,0.2427295405453771,0.00038687133558892167,0.0002465111936889764,0.0009907436062250043,0.0005734448837679494,0.00044928511266109536,0.0004117544675854301,0.4227157984546938,0.0005339542799851176,0.000568796341684477,0.00046396247730237015,0.0005079165153545682
111,uj1046,uj1046,0721_101164.xml,letters-leipzig,Brief,"Johnson, Uwe","Baumgärtner, Sabine",1969-11-22,1969,11.0,JohnsonUwe,BaumgärtnerSabine,126,0.00032375635161165355,0.0003713905088421407,0.00035113439453177115,0.0004657274179837702,0.000352744911289468,0.0627754079877028,0.0002959406234584459,0.0004080542353977679,0.000357678503831879,0.00043480610636235776,0.00016731930070543028,0.0003786841937965968,0.00015280594465541116,0.0004390142165129997,0.0003711570721868383,0.0005942258367766305,7.297426620471076e-05,0.0002555062218970991,0.00029583308192413204,0.0004619317760999624,0.00029611075574782254,0.2302875532153155,0.0003686435208284813,0.000372054125829011,0.0006069291300307693,0.0004756269158883227,0.00030105235963128434,0.00033803269373341256,0.00041325264522511815,0.00033078016609452423,0.00021077036753956404,0.0008470990339083144,0.0419150532209496,0.0003841447802370857,0.00035205557674811394,0.5892637872095943,0.0004565380506971242,0.0626234537432247,0.0003966941233060939,0.0004342754136989287
112,uj0165,uj0165,0187_060157.xml,letters-leipzig,Brief,"Baumgärtner, Klaus","Johnson, Uwe",1959-10-08,1959,10.0,BaumgärtnerKlaus,JohnsonUwe,97,0.00048422881219752333,0.0005554732256613136,0.0005251770040631256,0.0006965689886714891,0.0005275857865093128,0.0009546527310154908,0.0004426259928644429,0.0006103096255416214,0.0005349647541953085,0.0316289530075997,0.00025025246866969703,0.0005663820846982343,0.0002285454500239892,0.0006566151723099178,0.0005551240842351832,0.0008887586905617639,0.00010914455290032077,0.0003821499523404431,0.0004424651474967351,0.0006908920061141614,0.0004428804526024254,0.62323913162609,0.0005513646707670125,0.0005564657697881135,0.0009077584741114222,0.000711375252974292,0.000450271402515617,0.0005055813390397984,0.0006180846693468875,0.0004947340372755966,0.0003152404090670661,0.0012669705380641,0.0007333257246099185,0.0005745492550805826,0.0005265547777136398,0.0449141042035921,0.0006828248369848627,0.0007273811332669054,0.2794010043459795,0.0006495275434604046
113,uj1054,uj1054,0653_101100.xml,letters-leipzig,Brief,"Johnson, Uwe","Zeibig, Brigitte",1969-02-11,1969,2.0,JohnsonUwe,ZeibigBrigitte,357,0.00014847085794582822,0.0286656707103441,0.0001610261066722018,0.00021357712048808737,0.0001617646707298985,0.00029270895585697005,0.0571264256673284,0.0476793878562613,0.00016402715828846084,0.0001993969703770921,7.67306649057787e-05,0.000173660120839715,7.007501038751826e-05,0.00020132676023692405,0.000170208271330971,0.0002725049851859906,3.346514086116443e-05,0.0001171721505592664,0.00013566557463162796,0.00021183648372794732,0.00013579291258384793,0.2955762013988788,0.00016905558621820507,0.0001706196495887683,0.0002783305661785816,0.0002181169138845884,0.00013805907404926395,0.0001550178206620631,0.000189512806403727,0.00015169189672123123,9.665681350305353e-05,0.0003884696615321095,0.00022484721425904773,0.0001761642816065105,0.00016144855001054564,0.5646814532433397,0.00020936298464724307,0.0002230245251612448,0.0001819192628534795,0.00019915360095853815
114,uj0413,uj0413,0091_060077.xml,letters-leipzig,Brief,"Baumgärtner, Klaus + Baumann, Sabine + Krienke, Gisela","Johnson, Uwe",1958-03-06,1958,3.0,BaumgärtnerKlaus+BaumannSabine+KrienkeGisela,JohnsonUwe,240,0.0001750784446122429,0.0002008376740970507,0.0001898837299668635,0.0002518524549340129,0.00019075465270723877,0.5155763208601337,0.00016003647123757976,0.0002206643993090627,0.00019342260255401727,0.00023513106825820475,9.048163155808325e-05,0.0002047818963832273,8.26332116253403e-05,0.0002374066973733213,0.000200711438036129,0.00032134083156475817,3.946245675255702e-05,0.00013817066968975728,0.0001599783157621268,0.00024979987720383364,0.0001601284740552978,0.4717541099144628,0.0001993521792599429,0.00020119653973567413,0.0003282104198008389,0.0002572058285031905,0.0001628007562128509,0.00018279869399418533,0.00022347555498986672,0.0001788767284413768,0.00011397876191612416,0.0004580876345774306,0.00026514227163847214,0.00020773482989607544,0.00019038187972929724,0.0050385288612917,0.00024688310028349336,0.0002629929369025507,0.000214521166147056,0.00023484408440254363
115,uj0956,uj0956,0218_060189.xml,letters-leipzig,Brief,"Bierwisch, Manfred","Johnson, Uwe + Schmidt, Elisabeth",1960-09-16,1960,9.0,BierwischManfred,JohnsonUwe+SchmidtElisabeth,1017,4.1321364358442905e-05,4.7400962046735705e-05,4.481565282967038e-05,5.944128118081839e-05,4.502120478075609e-05,8.146469673097954e-05,3.777121365964587e-05,5.2080392106414127e-05,4.565088439638753e-05,5.549476159104381e-05,2.1355138684482556e-05,4.8331862744184526e-05,1.95027837563976e-05,5.603184712443812e-05,4.737116828040385e-05,7.584166979402033e-05,9.313782502256e-06,3.261052837512629e-05,3.775748802028489e-05,5.8956839407014616e-05,3.779292782303904e-05,0.3889135906031268,4.705036107154047e-05,4.748566018214653e-05,7.746300449986748e-05,6.0704764531317486e-05,3.842362993457182e-05,4.314346894907839e-05,5.274387063120956e-05,4.22178212031906e-05,0.4917257613811863,0.0371177077957697,0.0027061201553206,4.9028803146419066e-05,4.493322428676314e-05,0.0778519004392974,5.826843254947933e-05,6.207061636579881e-05,5.063048902789205e-05,5.542702872712086e-05
116,uj0211,uj0211,0633_s000200.xml,letters-leipzig,Brief + Umschlag,"Johnson, Uwe","Bierwisch, Manfred",1968-10-21,1968,10.0,JohnsonUwe,BierwischManfred,207,0.00021043339239797996,0.1348665633617456,0.0002282284238165712,0.0003027109738888875,0.00022927521873858232,0.0004148675330530311,0.00019235387671230595,0.0002652248723759876,0.00023248192838378563,0.0002826129079528903,0.00010875328896507755,0.0002461350924898537,9.931997674283994e-05,0.0945229663577499,0.00024124265492855572,0.0003862316771886112,4.743141661551205e-05,0.00016607254432213044,0.00019228397745078813,0.00030024390322305663,0.0675050489478371,0.2977687371022122,0.00023960891048872447,0.0002418257169755108,0.00039448849464033896,0.0003091453956901019,0.00019567637518542975,0.0002197126515963276,0.00026860370651962304,0.00021499869313060447,0.00013699537704057527,0.0005505928223956478,0.000318684506322652,0.0002496843347624279,0.0002288271688229216,0.3964689880992225,0.0002967381189240544,0.000316101139758707,0.0002578410885102127,0.0002822679712221353
117,uj0370,uj0370,0886_000036.xml,letters-leipzig,Brief,"Johnson, Uwe","Klemm, Eberhardt",1973-10-22,1973,10.0,JohnsonUwe,KlemmEberhardt,403,0.0001130389289591307,0.00012967030650091818,0.0001225979218044646,0.00016260786314683628,0.0001231602307397319,0.0002228552277840937,0.0001033271191274321,0.00014247137854434726,0.00012488278541437765,0.00015181174461419166,5.841922313425208e-05,0.3255581453684383,5.335191182026571e-05,0.0001532809984589508,0.00012958880252620435,0.00020747284745055712,2.5478829534296227e-05,8.920952290778922e-05,0.00010328957120042788,0.0001612826218315008,0.00010338652050033726,0.2684283413594275,0.0001287112007370254,0.0001299020071395666,0.0002119081787005956,0.0001660642544571327,0.00010511187231983405,0.000118023487300193,0.00014428639368227155,0.00011549128074280689,7.35900824320293e-05,0.00029576305465095167,0.00017118839771613982,0.00013412343667415418,0.00012291955086469227,0.4009959141498352,0.0001593994126230902,0.0001698006854991315,0.00013850501650293525,0.00015162645425623617
118,uj0064,uj0064,1108_101826.xml,letters-leipzig,Brief,"Klemm, Ine","Johnson, Uwe",1981-12-30,1981,12.0,KlemmIne,JohnsonUwe,239,0.00019231050813967103,0.0002206050850219435,0.0002085730009668481,0.0002766409862267918,0.0248157334026564,0.00037913843037416166,0.00017578803131785794,0.00024238325199568085,0.00021246018643382192,0.0002582738001603026,9.938726940817643e-05,0.00022493751665709057,9.076637019524287e-05,0.0002607734076501608,0.0002204664242000749,0.4063553307593774,4.334654175922091e-05,0.00015177009229711742,0.0001757241519004903,0.0002743863839131764,0.0001758890894958925,0.5181864209243978,0.0002189733806302592,0.00022099927194467055,0.0003605144696620199,0.0002825212645993245,0.00017882439053052186,0.0002007906216390488,0.00024547109515440024,0.00019648263735213469,0.00012519710047554104,0.0005031748252801493,0.0002912388506822253,0.00022818109210474895,0.0002091201810275087,0.0178375470117784,0.00027118252376395573,0.024895081726612,0.00023563537224599191,0.00025795856997173027
119,uj0932,uj0932,1010_101692.xml,letters-leipzig,Brief,"Johnson, Uwe","Klemm, Erika",1977-01-26,1977,1.0,JohnsonUwe,KlemmErika,190,0.0002431702250337996,0.0002789477740312847,0.0002637336049481363,0.0003498033026124803,0.0002649432483124759,0.0004794079030049,0.00022227810402729688,0.00030648553998623265,0.000268648821354645,0.00032657860827709834,0.0001256718881421103,0.00028442598937091195,0.00011477104854742612,0.0003297392785997182,0.0002787724420456156,0.1871286622247063,5.481025668327668e-05,0.00019190822100312145,0.0002221973306340664,0.0003469524331656304,0.00022240588872368133,0.0796255534225886,0.0002768845382364609,0.0002794462102510845,0.0004558585256921273,0.00035723871853926705,0.00022611747900565571,0.00025389304578812973,0.0003103900146976692,0.00024844574330515703,0.00015830755890939433,0.0006362477884248078,0.000368261815457044,0.0002885273823688877,0.0002644254958893645,0.7226137772294156,0.0003429012588382401,0.0003652765581196,0.0002979530710478159,0.0003261800102148598
120,uj0539,uj0539,0312_101279.xml,letters-leipzig,Brief,"Johnson, Uwe","Baumgärtner, Klaus",1962-08-04,1962,8.0,JohnsonUwe,BaumgärtnerKlaus,410,0.0001075924064826179,0.00012342243910340504,0.00011669082110181028,0.00015477297485090092,0.00011722603646601424,0.0002121174578997621,9.834853801433304e-05,0.00013560672074329797,0.00011886559378002616,0.0001444970426185742,5.560442636652829e-05,0.0001258463146890717,5.078127186843932e-05,0.00014589550382434718,0.0001233448622114608,0.00019747624241094172,2.4251190357142e-05,8.491116590714982e-05,9.83127992483874e-05,0.0001535115872599172,9.840507726782817e-05,0.3725098996802575,0.00012250954565900694,0.00012364297577626006,0.00020169786736026987,0.00015806282784442007,0.00010004729695265848,0.0001123367952706769,0.1033860088772756,0.0001099265972996864,7.004431247733174e-05,0.000281512387737247,0.00016294007597013078,0.00012766100537549036,0.00011699695320075422,0.5193397418365461,0.00015171911618372383,0.0001616192274951135,0.0001318314687929622,0.00014432068005309318
121,uj0047,uj0047,0021_060023.xml,letters-leipzig,Brief + Postkarte,"Bierwisch, Manfred","Johnson, Uwe",1955-10-04,1955,10.0,BierwischManfred,JohnsonUwe,146,0.00031087829587013736,0.000356617709325064,0.000337167322432541,0.0004472021794230713,0.00033871377766843283,0.0006128937533043936,0.0002841689938792728,0.0003918230629038378,0.0003434511267102891,0.00041751082475131895,0.00016066384122057463,0.0003636212733878775,0.0001467277829047257,0.0004215515489130324,0.00035639355807912614,0.0005705893168721879,7.007156896586937e-05,0.00024534295142683533,0.0002840657300243512,0.0004435575167787786,0.0002843323588169199,0.5990088864131616,0.00035397998824805336,0.0003572549296203933,0.0602482842694292,0.0004567079050195494,0.00028907740053273024,0.00032458676796026995,0.0003968146955940273,0.0003176227240985664,0.0002023865550573608,0.0008134039773543626,0.00047080026186354013,0.0003688646540925965,0.0003380518627857324,0.0089466711311035,0.2987658631284449,0.000466983792500692,0.00038091482196779737,0.0203055002275065
122,uj0137,uj0137,1054_101744.xml,letters-leipzig,Brief + Postkarte,"Klemm, Eberhardt","Johnson, Uwe",1979-05-20,1979,5.0,KlemmEberhardt,JohnsonUwe,73,0.0005338418857374141,0.0006123858531216834,0.0005789855438850288,0.0007679379935510847,0.0005816411251536609,0.0010524644575296,0.0004879765283581733,0.0006728406760932937,0.0005897761264692797,0.000716951839230785,0.00027589281434698873,0.0006244124110893613,0.0002519617398721496,0.4447081805067722,0.0006120009393936699,0.0009798190512081088,0.00012032727601204102,0.00042130423893212615,0.0004877992031097653,0.0007616793592084715,0.0004882570595098666,0.516331723959488,0.0006078563442672315,0.0006134800912483323,0.0010007655129288,0.0007842612767945251,0.0004964052707266736,0.0005573821479184449,0.0006814123346607751,0.0005454234542531821,0.0003475392834913533,0.001396781695299,0.0008084607479445575,0.0006334163727046671,0.0005805044813484399,0.0153632719014129,0.0007527856447659059,0.0008019070861785618,0.0006541089859472359,0.0007160767800364813
123,uj0782,uj0782,0540_100920.xml,letters-leipzig,Brief,"Klemm, Eberhardt","Johnson, Uwe",1965-04-20,1965,4.0,KlemmEberhardt,JohnsonUwe,205,0.00025097912015051543,0.00028790558911801617,0.0002722028493200865,0.0003610364924538846,0.00027345133781096016,0.0004948030692188952,0.0002294160930670749,0.000316327671917516,0.0002772759074582013,0.00033706598640509253,0.00012970757381655906,0.00029355972570379105,0.00011845667691914712,0.0003403281549396929,0.00028772462671815263,0.000460649735341082,5.657037162210396e-05,0.00019807094577602732,0.0002293327258079389,0.00035809407339195,0.00022954798129748143,0.8850044417546711,0.0002857760968893688,0.00028842003155799467,0.00047049745368874267,0.0003687106809652399,0.0323462540759423,0.0002620462815107494,0.0003203575305385296,0.0002564240504823405,0.00016339126980999884,0.0006566795343236372,0.0003800877612199173,0.0002977928262237266,0.00027291695886884164,0.0232792887812877,0.0485232257759988,0.0003770066386858142,0.0003075212008679548,0.0003366545882129807
124,uj0806,uj0806,0536_s000156.xml,letters-leipzig,Brief,"Johnson, Uwe","Bierwisch, Manfred",1965-03-19,1965,3.0,JohnsonUwe,BierwischManfred,384,0.00012185079761479249,0.00013977866226779398,0.0001321549548933806,0.00017528384252510695,0.00013276109821850905,0.00024022774727400337,0.2495650874416733,0.00015357763270372417,0.00013461793340770794,0.0001636461203132996,6.297325178584118e-05,0.00014252375537508703,5.7510921851744384e-05,0.00016522990878804026,0.00013969080470917146,0.00022364624451106407,2.746501342177262e-05,9.616378730091616e-05,0.00011134143566250952,0.00017385529297326104,0.0001114459425755786,0.5855797555593344,0.00013874479010177646,0.0001400284249635939,0.00022842732882847125,0.00017900967434169045,0.0001133057929590498,0.00012722392362729656,0.0001555341360453204,0.00012449432072337606,7.932674454234369e-05,0.0003188190515077848,0.0001845332665143324,0.00014457893301069434,0.0001325016563163833,0.1594152726900773,0.0001718252795413104,0.0001830373761864668,0.0001493020757533409,0.00016344638577834686
125,uj0076,uj0076,1103_101822.xml,letters-leipzig,Brief + Postkarte,"Klemm, Ine","Johnson, Uwe",0000-00-00,0,0.0,KlemmIne,JohnsonUwe,87,0.0004559776827745678,0.0005230655175823009,0.0004945368539150685,0.0298271896694435,0.0004968051019219063,0.0008989558844451649,0.00041680207678305775,0.0005747026236761092,0.0005037535620340985,0.0006123798957098322,0.0002356521088754974,0.0005333379262867636,0.00021521153241104552,0.0006183065881308397,0.0005227367459469968,0.5259195911518534,0.00010277678458062026,0.0003598543608956649,0.0004166506155395196,0.0006505836250547237,0.0004170416906985498,0.4118502281584212,0.0005191966661363209,0.0005240001541829935,0.000854797556687852,0.0006698718276641379,0.0004240014339646016,0.0004760844493809108,0.0005820240518284469,0.0004658700065427188,0.00029684848902521133,0.0011930522834202,0.0006905416534574429,0.0005410286033633048,0.0004958342447780746,0.0131224418851383,0.0006429871149060718,0.000684943884556977,0.0005587030685729116,0.0006116324694130776
126,uj0759,uj0759,0774_101223.xml,letters-leipzig,Brief,"Johnson, Uwe","Bierwisch, Manfred",1971-01-07,1971,1.0,JohnsonUwe,BierwischManfred,183,0.0002323273704518361,0.00026650961409882085,0.00025197383819860043,0.2975979731256251,0.0002531295440913859,0.00045803131309960366,0.00021236682003523936,0.0002928194830457361,0.00025666988724312126,0.0003120166101597861,0.0001200682333032982,0.0002717435581988751,0.00010965345740547512,0.0003150363475672642,0.00026634210009014264,0.000426416116396239,5.236629117420067e-05,0.00018335111688755416,0.0002122896482924855,0.0003314819750569108,0.00021248890686758435,0.4922443589840408,0.0151277267470983,0.0002669858252643448,0.00043553199227981936,0.00034130959943913937,0.0002160349989530189,0.000242572065291978,0.00029654985892780666,0.0002373676556577438,0.00015124869370399517,0.000607877776236732,0.000351841181259187,0.0002756620718667258,0.00025263487802365574,0.1850443385799899,0.0003276114408309637,0.0003489890352481611,0.00028466747318659814,0.00031163578541179647
127,uj0632,uj0632,0049_060047.xml,letters-leipzig,Brief,"Bierwisch, Manfred","Johnson, Uwe",1957-07-18,1957,7.0,BierwischManfred,JohnsonUwe,269,0.0001947059958430325,0.00022335301998182243,0.0251238783950025,0.00028008692419015456,0.00021213961946779563,0.00038386111275183737,0.00017797770920646412,0.00024540246350561424,0.0002151066656563014,0.00026149094995814466,0.00010062527238597033,0.0002277394179176571,9.18969882035087e-05,0.0002640216934429265,0.00022321263195171684,0.00035736544697672755,4.388648161363618e-05,0.00015366059424291718,0.00017791303408448169,0.0002778042377527413,0.00017808002620090527,0.6741173782589412,0.0002217009905031545,0.0002237521170362701,0.00036500516539837583,0.0002860404493897588,0.0001810518903833425,0.0002032917406352989,0.0002485287699307883,0.0001989300945725131,0.00012675659983720804,0.0005094425488604139,0.00029486662480803503,0.0002310233964882387,0.00021172505596139585,0.0305160914734025,0.2618579874863749,0.0002924763342095295,0.0002385705297792575,0.0002611717931508568
128,uj0216,uj0216,0619_101065.xml,letters-leipzig,Brief,"Klemm, Ine","Johnson, Uwe",1968-07-24,1968,7.0,KlemmIne,JohnsonUwe,143,0.0003171866624853686,0.0003638542236838736,0.0003440091480242151,0.0004562768409108891,0.0003455869840503121,0.0006253306411263865,0.00028993537325630304,0.000399773967042005,0.00035042046374823984,0.0004259829869554604,0.00016392404441164613,0.0003709999046146331,0.00014970519451402547,0.0004301057058068699,0.0003636255239433787,0.447007882834657,7.149346670596062e-05,0.00025032146972362205,0.00028983001396318714,0.000452558220488088,0.0002901020532080005,0.4082432418542687,0.00036116297776513686,0.000364504374503112,0.0005946132768092346,0.00046597545743221785,0.00029494338168022176,0.0003311733079598385,0.0004048668903318813,0.0003240679491771907,0.0002064933988102256,0.0008299096342741434,0.00048035377747989816,0.0003763496844093754,0.0003449116375392104,0.1308806854268559,0.000447273944981608,0.0004764598640232148,0.0003886443752305063,0.0004254630631489293
129,uj0464,uj0464,0271_s000008.xml,letters-leipzig,Brief,"Johnson, Uwe","Baumgärtner, Sabine + Baumgärtner, Klaus",1962-01-17,1962,1.0,JohnsonUwe,BaumgärtnerSabine+BaumgärtnerKlaus,346,0.0001278297222181009,0.0001466372639282643,0.00013863947962959968,0.00018388459770398463,0.0001392753649450202,0.0002520151431441108,0.00011684715219154036,0.00016111331654547432,0.00014122331055626237,0.0001716758405459916,6.606319729151586e-05,0.0001495170521302046,6.033284400858876e-05,0.00017333734169938046,0.0001465450954112475,0.0002346200260530768,2.881265535512093e-05,0.00010088231229291808,0.00011680469123474424,0.00018238595267283317,0.0573624324000847,0.5652451541935852,0.00014555266214987596,0.0083248304353103,0.00023963570664080303,0.00018779324709707987,0.00011886543480367564,0.00013346649455825887,0.00016316582078484477,0.0001306029566265915,8.321911647530347e-05,0.0003344627330295866,0.0001935878686087669,0.0001516730723730844,0.0001390031928548111,0.3471518808148071,0.00018025633138036025,0.0165478808854193,0.00015662796833279416,0.00017146630551938402
130,uj0441,uj0441,0110_110114.xml,letters-leipzig,Brief,"Baumgärtner, Klaus","Johnson, Uwe",1958-06-06,1958,6.0,BaumgärtnerKlaus,JohnsonUwe,745,6.270474553587968e-05,7.193047251570604e-05,6.800729236169638e-05,9.020153299968004e-05,6.831921533392515e-05,0.3009897367900514,5.731742835411754e-05,7.903145951603313e-05,6.92747476761004e-05,8.42127301014375e-05,3.2406203374073646e-05,7.334310475229807e-05,2.9595273817146576e-05,8.502775187589666e-05,0.0121065298587978,0.0001150889540867392,1.4133569180204543e-05,4.948614149849753e-05,5.729659983751818e-05,8.946639758910136e-05,5.735037937379543e-05,0.4537797360422312,7.139843914082654e-05,7.205900106530158e-05,0.00011754931283183622,9.211885599256616e-05,5.830746334298739e-05,0.1725620423420825,8.003828135533471e-05,6.406510958015927e-05,4.0821754375726296e-05,0.0001640651344768812,9.496131126088884e-05,7.440070464654893e-05,6.818570583893138e-05,0.057966235431101,8.842174726118728e-05,9.41915221073133e-05,7.683124650269298e-05,8.410994617688305e-05
131,uj0199,uj0199,0188_060158.xml,letters-leipzig,Brief,"Bierwisch, Manfred + Baumgärtner, Klaus","Johnson, Uwe",1959-10-14,1959,10.0,BierwischManfred+BaumgärtnerKlaus,JohnsonUwe,358,0.000123780643882893,0.000141992446133127,0.00013424799614960805,0.00017805994966578218,0.00013486373944007795,0.0002440324217664636,0.00011314595293787796,0.00015600996164320265,0.00013674998277867352,0.0001662379117562586,6.397060836723385e-05,0.00014478101542434658,5.8421767246958575e-05,0.00016784678392628294,0.0001419031971057168,0.0002271883047912832,2.789999829419749e-05,9.768680832073551e-05,0.00011310483695576592,0.00017660877505874264,0.000113210999026455,0.5631784772444497,0.3960854714676756,0.0001422461645158476,0.0002320451108758682,0.00018184479039135565,0.00011510030531330992,0.0001292388682893858,0.00015799745165658285,0.00012646603453199008,8.058310416339077e-05,0.00032386843787862095,0.00018745586400810416,0.0001468687425136136,0.00013460018855387986,0.0352378075284692,0.0001745466107182831,0.00018593628209657043,0.0001516666893574563,0.00016603501386944908
132,uj0954,uj0954,0217_101920.xml,letters-leipzig,Brief,"Bierwisch, Manfred","Johnson, Uwe",1960-08-28,1960,8.0,BierwischManfred,JohnsonUwe,170,0.0002470129717687747,0.00028335590273099824,0.00026790130865929915,0.00035533114015431254,0.0002691300676579157,0.0004869838434957117,0.0002257906987883892,0.0003113288398101954,0.0002728941987686437,0.0003317394328825578,0.00012765784360918746,0.0002889206886781369,0.00011658474128885444,0.0003349500503381413,0.0002831778000261124,0.0004533702245942253,5.5676406866275175e-05,0.0001949408895363357,0.00022570864895725165,0.0003524352192655881,0.00022592050282832087,0.6813865492194693,0.00028126006223462053,0.00028386221559011923,0.0478711699692869,0.00036288405574731817,0.00022969074626750504,0.00025790524206997144,0.0003152950157741068,0.0002523718574861661,0.2213986449317491,0.0006463022229727248,0.0003740813473868552,0.00029308689476969607,0.000268604133347268,0.0387141156540951,0.00034832002543532805,0.0003710489149156754,0.0003026615348031366,0.0003313345358937051
133,uj0158,uj0158,0155_060130.xml,letters-leipzig,Brief,"Bierwisch, Manfred","Johnson, Uwe",1959-01-30,1959,1.0,BierwischManfred,JohnsonUwe,166,0.00026368042507025945,0.00030247563252757727,0.00028597822388974853,0.0003793074728249274,0.0002872898946604942,0.000519843577184679,0.0002410261574811736,0.0003323360721906845,0.0002913080143737619,0.0003541238909384972,0.00013627168737491533,0.0003084159081068698,0.0001244514161326219,0.0003575511480957396,0.00030228551216023703,0.0004839618449152077,5.943322945252696e-05,0.00020809472574838,0.00024093857125363107,0.00037621614670775696,0.0002411647201816664,0.5418047376133057,0.0003002383730468013,0.00030301610936551645,0.3378744297507887,0.00038737002913451175,0.0845902198206248,0.00027530766246768745,0.00033656986994057183,0.00026940090709088563,0.00017166001478701682,0.0006899121275170391,0.0003993228694975376,0.00031286323322217164,0.0002867284723934869,0.0244573841740383,0.0003718232759583405,0.000396085820539048,0.0003230839318997925,0.0003536916731105594
134,uj0233,uj0233,0638_s000204.xml,letters-leipzig,Brief + Umschlag,"Johnson, Uwe","Bierwisch, Manfred",1968-11-24,1968,11.0,JohnsonUwe,BierwischManfred,288,0.00016938670708306435,0.00019430851324310985,0.0001837106779133886,0.0002436648218262452,0.0001845532872673993,0.0003339443635762148,0.00015483374287545828,0.00021349067871951388,0.00018713450302019775,0.0002274870414424246,8.754010612255036e-05,0.0001981245102754045,7.994683551087252e-05,0.00022968869067003592,0.00019418638107131667,0.0003108941562203128,3.817954641719522e-05,0.05431641519956,0.00015477747801368363,0.00024167897266293376,0.0001549227547145235,0.4347444581985469,0.0110294185930822,0.00019465571228835104,0.00031754041660321373,0.0002488441591380247,0.00015750816193622495,0.00017685597392264337,0.00021621044473596357,0.0001730615100652863,0.00011027335318825872,0.0004431953696435516,0.1519681845361447,0.0002009814449773569,0.00018419263300546024,0.3408076938274877,0.00023885701911561643,0.0002544431307160017,0.00020754715986737624,0.0002272093873291264
135,uj1041,uj1041,0690_101135.xml,letters-leipzig,Brief,"Bierwisch, Manfred + Doherty, Monika","Johnson, Uwe",1969-08-03,1969,8.0,BierwischManfred+DohertyMonika,JohnsonUwe,828,5.761958334772496e-05,6.609713221766317e-05,6.249210991926706e-05,8.288646583843783e-05,6.27787368969034e-05,0.00011359648830735492,5.26691610356281e-05,7.262225099168544e-05,6.365677850222193e-05,7.738333645326342e-05,2.977815985597663e-05,6.739520432050622e-05,2.7195188048886422e-05,7.813226246615648e-05,6.605558701631142e-05,0.00010575559354768268,1.2987380148343788e-05,4.547296748056228e-05,5.2650021647724526e-05,8.221094765078381e-05,5.269943982885973e-05,0.5902321202308637,6.560824511469104e-05,6.621523749682015e-05,0.0001080164247585725,8.464829982801834e-05,5.357890722901164e-05,6.016037329884239e-05,7.354742267351218e-05,5.886962604804602e-05,3.751123553011831e-05,0.00015075995619880382,8.726024070818003e-05,6.836703611305314e-05,6.26560546117149e-05,0.023775560118036,8.12510152545343e-05,8.655287908960459e-05,0.3834378930136355,7.728888798916299e-05
136,uj0459,uj0459,0113_060096.xml,letters-leipzig,Brief,"Johnson, Uwe","Baumgärtner, Klaus",1958-06-13,1958,6.0,JohnsonUwe,BaumgärtnerKlaus,697,5.982486173925033e-05,6.86268724370909e-05,6.488387486512083e-05,8.605878541180784e-05,6.518147193735843e-05,0.00011794417474419665,0.0345004486695616,7.540172754377023e-05,6.60931188911812e-05,8.034503436618762e-05,3.091786147571016e-05,6.997462574539783e-05,2.823603140583593e-05,8.11226240773778e-05,6.858373717330743e-05,0.0001098031848644438,1.3484447067950366e-05,4.721335758332027e-05,5.46650996525823e-05,8.535741306874757e-05,5.4716409219261697e-05,0.3640471559013676,6.811927412342546e-05,6.874949796795602e-05,0.00011215054502827958,8.788805019836635e-05,5.562953653746441e-05,0.421066241426611,7.636230838685505e-05,6.112274741231325e-05,3.894690570244098e-05,0.00015653000267251997,9.059995807669604e-05,7.098365252492284e-05,6.505409422438599e-05,0.1777778069153755,8.436074111195666e-05,8.986552355682893e-05,7.330256522048711e-05,8.024697106933604e-05
137,uj0350,uj0350,0548_100997.xml,letters-leipzig,Brief,"Bierwisch, Manfred","Johnson, Uwe",1966-04-20,1966,4.0,BierwischManfred,JohnsonUwe,296,0.00014046562229190203,0.0001611322795000871,0.00015234391847594606,0.00020206149241501492,0.00015304266071669372,0.0002769267060466761,0.0091147127307768,0.2967254441729552,0.0001551831597158785,0.0451202224046993,7.259350921777614e-05,0.0001642967332345969,6.629671355967824e-05,0.00019047164576236424,0.00016103100017416942,0.0721483344886338,3.166077101719678e-05,0.00011085447522363598,0.0001283507728578836,0.00020041470711936832,0.00012847124501617397,0.4234204005492043,0.00015994046541259116,0.00016142019778357463,0.000263323568827201,0.00020635650972237668,0.0270895611189905,0.00014665958658079535,0.00017929467541365578,0.00014351298944713468,9.144528189102596e-05,0.000367524196354693,0.0002127239264894758,0.00016666587493212271,0.00015274358456008217,0.0759329394611706,0.0001980745738944607,0.00021099951294523017,0.00017211055972291632,0.0451199921572468
138,uj0438,uj0438,0109_060091.xml,letters-leipzig,Brief,"Bierwisch, Manfred","Johnson, Uwe",1958-05-31,1958,5.0,BierwischManfred,JohnsonUwe,508,8.302014319948463e-05,9.52348674350893e-05,9.004063571626522e-05,0.00011942547764844254,9.045361705603995e-05,0.00016367346270662595,7.588741600206674e-05,0.00010463646778585552,9.171872755447482e-05,0.0904024010591216,4.290532752625216e-05,9.710517134219904e-05,3.918369892628889e-05,0.00011257546899106732,0.026651323439172,0.00015237605012674514,1.8712633744586374e-05,6.551890958945724e-05,7.585983935829067e-05,0.0001184521693838817,7.593104265821292e-05,0.7017109327925939,9.453046322146996e-05,9.540503730822176e-05,0.0001556335282265993,0.00012196398455200676,7.719820748756035e-05,8.668099482884493e-05,0.0107284288573677,0.0531971181075937,5.4047390910593554e-05,0.00021721977885261656,0.00012572735272131465,9.850541774967752e-05,9.027685248586032e-05,0.0077004409253073,0.0107395284405661,0.0851043831438849,0.0001017234187354874,0.0107338196805607
139,uj0053,uj0053,0005_060001.xml,letters-leipzig,Brief,"Bierwisch, Manfred","Johnson, Uwe",1955-06-15,1955,6.0,BierwischManfred,JohnsonUwe,993,4.5534387034248e-05,5.22338452551787e-05,4.938494439430942e-05,6.550176513099381e-05,4.961145390680255e-05,8.977063289581662e-05,4.162227187399675e-05,5.739037826770871e-05,5.030533407680424e-05,6.115286830173604e-05,2.353245506596124e-05,5.325965825303595e-05,2.1491238675123862e-05,6.174471372910212e-05,5.220101379115456e-05,8.357429623494383e-05,1.026339240717444e-05,3.593541606089121e-05,4.160714680287048e-05,6.496793088891531e-05,4.164619995903024e-05,0.6033505168955595,5.184749788386151e-05,5.232717900005268e-05,8.536093816108385e-05,6.689407007508744e-05,4.2341206876050965e-05,4.754226883909754e-05,5.812150339888492e-05,4.652224437056805e-05,2.964358673774898e-05,0.00011913939317115272,6.89581795329798e-05,5.402765695075243e-05,4.951450314229757e-05,0.0100496337587396,0.3845896077175457,6.839918073704945e-05,5.579264670766445e-05,6.107822956488185e-05
140,uj0320,uj0320,0529_s000162.xml,letters-leipzig,Brief,"Johnson, Uwe","Bierwisch, Manfred",1966-01-15,1966,1.0,JohnsonUwe,BierwischManfred,505,7.883313436449342e-05,9.043182547463636e-05,8.549955781970761e-05,0.2169780968927555,8.589171100318575e-05,0.00015541881259406747,7.206013663322943e-05,9.935926880501385e-05,8.709301736168486e-05,0.00010587322236223323,4.074145525986796e-05,9.220780312932844e-05,3.72075219736933e-05,0.00010689787720305648,9.037498475746912e-05,0.00014469116976477406,1.7768887326006068e-05,6.221455184279715e-05,7.203395078025038e-05,0.00011247819414581844,7.210156303787416e-05,0.3082421751543525,8.97629469364997e-05,0.0051339584009165,0.00014778436135465313,0.00011581289565731602,7.330482011987985e-05,8.230935588452118e-05,0.00010062505691499592,8.054339984074759e-05,5.132158372055869e-05,0.00020626459257926417,0.0001193864634340089,9.35374299997484e-05,8.57238613154495e-05,0.1434829342558977,0.00011116484762059828,0.0606387985298485,9.659313545053108e-05,0.2623607233697612
141,uj0913,uj0913,1008_101691.xml,letters-leipzig,Brief,"Johnson, Uwe","Klemm, Erika",1977-01-12,1977,1.0,JohnsonUwe,KlemmErika,421,0.00010197694796703784,0.00011698078016729005,0.00011060049849942428,0.00014669507002451748,0.00011110777992504614,0.00020104663213977835,9.321553510695168e-05,0.00012852914027398427,0.00011266176553021968,0.4307206208685248,5.270232240072183e-05,0.00011927814893669324,4.813089778658734e-05,0.00013828093160574335,0.00011690725216534387,0.00018716957037595547,2.2985473213563035e-05,8.047948577981514e-05,0.1305730802706155,0.00014549951672352505,9.32691234660214e-05,0.0986320758162596,0.00011611553242051829,0.00011718980659905958,0.0001911708604471422,0.00014981321914402348,9.48256324876636e-05,0.0001064737178078858,0.00013016653816853095,0.00010418931279164828,6.638856256126004e-05,0.0002668197046135938,0.00015443591413336072,0.00012099812736040366,0.00011089065296427577,0.3356585047623657,0.00014380059822504418,0.0001531840033283827,0.0001249509261203298,0.00013678830097288945
142,uj0398,uj0398,0101_060084.xml,letters-leipzig,Brief,"Baumgärtner, Klaus","Johnson, Uwe",1958-03-20,1958,3.0,BaumgärtnerKlaus,JohnsonUwe,301,0.0001310447469744289,0.00015032531413716025,0.0001421263788536557,0.0001885094496059315,0.0588280691368516,0.2266159040711508,0.00011978595609789066,0.00016516545162235444,0.0085283881781006,0.0001759936319628975,6.77247421270121e-05,0.00015327753142837307,6.185026565154858e-05,0.00017769692126420785,0.00015023082750461578,0.2182144584694666,2.9537317809633745e-05,0.00010341958708214088,0.00011974242721240856,0.0001869731123949607,0.00011985481943509642,0.4453237363082033,0.00014921343371412043,0.0001505939220569723,0.00024566274570481534,0.0001925164048104183,0.00012185500021095614,0.00013682328886790307,0.00016726957806529024,0.0001338877305548937,8.531214707120317e-05,0.0003428747513622603,0.0001984567659145128,0.000155487777389151,0.00014249923977161782,0.0373057485132379,0.0001847899293403397,0.00019684800689648524,0.0001605672931391496,0.00017577882695458166
143,uj0692,uj0692,0241_060211.xml,letters-leipzig,Brief,"Bierwisch, Manfred","Johnson, Uwe",1961-06-15,1961,6.0,BierwischManfred,JohnsonUwe,887,0.2336623434569593,5.04695872424017e-05,4.771691127454654e-05,6.328936791193332e-05,4.793577016854827e-05,8.673852684226497e-05,4.021643191898403e-05,5.54519524401545e-05,4.86062137402323e-05,5.908736005935869e-05,2.273761941471612e-05,5.146075223009927e-05,2.0765347447858128e-05,5.965921522882866e-05,5.0437864698718246e-05,8.075147855659034e-05,9.916734561017938e-06,3.472165618129252e-05,4.020181771447686e-05,6.277356453345448e-05,0.0338163861126809,0.4422377174056675,5.009628919652152e-05,5.055976853302974e-05,8.247777460318126e-05,6.463464616017782e-05,4.091108406704112e-05,4.593647419895164e-05,5.615838298174577e-05,0.2224045824279897,2.8642340607504747e-05,0.0001151153235662301,6.662903795450272e-05,5.220281089124312e-05,4.78420940272744e-05,0.0660037734574804,6.204059185833476e-05,6.608891998383107e-05,5.390818609544723e-05,5.901524233141961e-05
144,uj0693,uj0693,0256_060225.xml,letters-leipzig,Brief,"Johnson, Uwe","Bierwisch, Manfred + Baumgärtner, Klaus",1961-07-26,1961,7.0,JohnsonUwe,BierwischManfred+BaumgärtnerKlaus,559,6.700547672811152e-05,7.686396876350214e-05,7.267170940158085e-05,9.638818670895757e-05,7.3005026238736e-05,0.00013210069235903624,6.124865955319824e-05,8.445199125096736e-05,0.0086474027107241,8.998862970895629e-05,3.4628848063588235e-05,7.83734892255569e-05,3.1625125244822234e-05,9.08595513923906e-05,7.681565609165341e-05,0.00012298256166766715,1.5102948472176813e-05,5.2880248124829455e-05,0.3429962910038375,9.560263055647536e-05,6.128387058488851e-05,0.3005755354378833,7.629544480866576e-05,7.70013127023894e-05,0.00012561166906980263,9.843701315872908e-05,6.230659808464123e-05,0.0043566484540301,8.552786799276952e-05,6.845914407867238e-05,0.0214770631341559,0.103055837252385,0.00010147442394326554,7.950362673741923e-05,7.286235972628413e-05,0.2162627454401686,9.448633078302348e-05,0.0001006518372510678,8.210087219925389e-05,8.987879614204042e-05
145,uj0219,uj0219,0639_101087.xml,letters-leipzig,Brief,"Bierwisch, Manfred","Johnson, Uwe",1968-11-30,1968,11.0,BierwischManfred,JohnsonUwe,673,6.346856718509764e-05,7.280667497337389e-05,6.883570561441958e-05,0.0853599908721494,6.91514281957057e-05,0.00012512770713069007,5.801562579165157e-05,7.999416081131384e-05,7.011860010811195e-05,8.523854570504953e-05,3.280095116380695e-05,7.423651482440515e-05,2.9955780995078352e-05,0.1706234446404399,7.27609125042616e-05,0.00011649088043164404,1.430573359979194e-05,5.0088944139506375e-05,5.799454355786121e-05,9.055620938519572e-05,0.1178100502449698,0.5648780963558855,7.22681607714634e-05,7.293676916027301e-05,0.0001189812094008172,9.32409780250693e-05,5.901772063582454e-05,6.626727360306214e-05,8.101324699059786e-05,6.484550215234261e-05,4.131901402465345e-05,0.0042264774882886,9.611805792749784e-05,7.530699759838922e-05,6.901629238930949e-05,0.0546119223075481,8.949883391934345e-05,9.533889178633052e-05,7.776714647188398e-05,8.51345097446867e-05
146,uj0639,uj0639,0070_110111.xml,letters-leipzig,Brief,"Bierwisch, Manfred","Johnson, Uwe",1957-11-09,1957,11.0,BierwischManfred,JohnsonUwe,372,0.0001075924064826179,0.00012342243910340504,0.00011669082110181028,0.00015477297485090092,0.00011722603646601424,0.0002121174578997621,9.834853801433304e-05,0.0758513014228274,0.00011886559378002616,0.3993727054717897,5.560442636652829e-05,0.0001258463146890717,5.078127186843932e-05,0.00014589550382434718,0.0070065898351282,0.00019747624241094172,2.4251190357142e-05,8.491116590714982e-05,9.83127992483874e-05,0.0001535115872599172,9.840507726782817e-05,0.4964083091927589,0.00012250954565900694,0.00012364297577626006,0.00020169786736026987,0.00015806282784442007,0.00010004729695265848,0.0001123367952706769,0.0139038242293579,0.0001099265972996864,7.004431247733174e-05,0.000281512387737247,0.00016294007597013078,0.00012766100537549036,0.00011699695320075422,0.0030963688677903,0.00015171911618372383,0.0001616192274951135,0.0001318314687929622,0.00014432068005309318
147,uj0653,uj0653,0073_s000003.xml,letters-leipzig,Brief,"Johnson, Uwe","Baumgärtner, Klaus",1957-11-22,1957,11.0,JohnsonUwe,BaumgärtnerKlaus,432,8.25815337061262e-05,9.473172548247436e-05,8.9564935770551e-05,0.00011879453260032805,8.997573525988288e-05,0.1322420477300045,7.548648991591234e-05,0.0001040836555844589,9.12341619650433e-05,0.00011090733803197478,4.2678651405934605e-05,9.659214825691544e-05,3.89766848009016e-05,0.00011198071370017224,9.46721820729871e-05,0.00015157102161715246,1.8613771727613054e-05,6.517276208075713e-05,7.545905896422123e-05,0.00011782636648836232,7.55298860850368e-05,0.3915798405149188,0.0053772006020339,9.490099631931316e-05,0.0001548112899078695,0.00012131962814149332,7.679035626773123e-05,8.622304443559723e-05,0.0687866139006692,8.437311978490225e-05,5.3761849380176296e-05,0.2960735674895056,0.00012506311379864877,9.798499692519844e-05,8.979990456689957e-05,0.0921904711386681,0.0106827896908279,0.00012404930904767923,0.00010118599666615838,0.00011077197261333696
148,uj0246,uj0246,0832_000031.xml,letters-leipzig,Brief,"Johnson, Uwe","Klemm, Eberhardt",1972-07-19,1972,7.0,JohnsonUwe,KlemmEberhardt,518,7.843754519532191e-05,8.997803341125386e-05,8.50705161570224e-05,0.0001128333551294184,8.546070149343609e-05,0.00015463891211892666,7.169853475337364e-05,9.886067832129249e-05,8.665597962804038e-05,0.00010534194448765148,4.053701231126501e-05,9.17450991086763e-05,3.7020812504088175e-05,0.4316592715759201,8.992147792405064e-05,0.00014396510121383895,1.7679722034900213e-05,6.19023556695475e-05,7.167248030249992e-05,0.00011191377214571974,7.173975327795465e-05,0.1912800851493345,8.931251134381077e-05,9.013881014085593e-05,0.0001470427709917161,0.00011523173993463988,7.293697234722359e-05,8.18963228372894e-05,0.00010012011463426924,8.013922846176966e-05,5.106404908327392e-05,0.00020522954507714837,0.0001187873753441986,9.306805383554626e-05,0.0101214078828842,0.3535213266645141,0.00011060701606834789,0.0101539386326937,9.610842558191324e-05,0.000105213371783007
149,uj1211,uj1211,0960_101640.xml,letters-leipzig,Brief,"Johnson, Uwe","Klemm, Erika",1975-10-28,1975,10.0,JohnsonUwe,KlemmErika,1078,4.099623849146615e-05,4.702800052621833e-05,4.446303310845348e-05,5.8973583698458416e-05,4.466696773016629e-05,8.082371401988359e-05,3.747402118358603e-05,5.167061176883368e-05,4.529169288376269e-05,5.5058116219936405e-05,2.118711160969932e-05,4.795157668583965e-05,1.9349331430325903e-05,5.559097584253621e-05,4.699844118399758e-05,7.524493033423753e-05,9.240499549045375e-06,3.23539413413933e-05,3.746040354066868e-05,5.849295362240841e-05,3.749556449501656e-05,0.1288247877180701,4.668015815901664e-05,4.711203223748914e-05,7.685350801087998e-05,6.0227125675381896e-05,3.812130409928465e-05,4.2804006349906304e-05,5.232886989411076e-05,4.1885641810431695e-05,0.0026494314530479,0.00010726546011258488,0.4826466633544596,4.864303340291457e-05,4.457967948665515e-05,0.3788547051770752,5.780996330616754e-05,6.158223067783715e-05,5.023211685658964e-05,0.0053004754580017
150,uj0936,uj0936,1015_000247.xml,letters-leipzig,Brief,"Johnson, Uwe","Bierwisch, Manfred",1977-06-09,1977,6.0,JohnsonUwe,BierwischManfred,262,0.00015282568001008347,0.00017531086812830294,0.000165749188709709,0.00021984158456938863,0.00016650941570583563,0.00030129444823579187,0.00013969556673561523,0.00019261758323883292,0.00016883826464249229,0.1566380835631942,7.898126409514001e-05,0.00017875377313200495,7.213039152837369e-05,0.176194174712142,0.00017520067688291642,0.0002804978717263276,3.444671216628063e-05,0.00012060894531906976,0.00013964480291884677,0.0002180498929189234,0.0001397758758405524,0.2260293743827592,0.00017401418218198174,0.00017562412134103478,0.00028649432375041015,0.0002245145353593591,0.00014210850644400197,0.00015956467271849983,0.00019507143630729368,0.00015614119557994308,9.949186968800048e-05,0.00039986392621636855,0.000231442243231662,0.00018133138383174047,0.00016618402279999008,0.434588428008288,0.00021550384324801173,0.0002295660925535246,0.00018725516533796865,0.00020499500652209035
151,uj0027,uj0027,1033_002776.xml,letters-leipzig,Brief,"Bierwisch, Manfred","Johnson, Uwe",1978-02-10,1978,2.0,BierwischManfred,JohnsonUwe,1375,3.0874316590696966e-05,3.541684384473884e-05,3.348516379274141e-05,4.441307692102498e-05,3.3638747202006525e-05,6.0868436386067006e-05,2.8221730493380747e-05,3.89131999638953e-05,3.410922846770416e-05,4.1464333646501616e-05,1.59560392745899e-05,3.611239016306032e-05,1.4572004807771831e-05,4.18656308701474e-05,3.539458266850614e-05,5.666704767238037e-05,6.959031341199921e-06,2.436579219673897e-05,2.821147503009631e-05,4.405111383179991e-05,0.7209727206150303,0.2708348547925878,3.515488333899932e-05,3.548012822771883e-05,5.787846945830165e-05,4.535712089382311e-05,2.870920003688993e-05,3.223574874246831e-05,3.940893495095841e-05,3.154412730155706e-05,2.0099655259148985e-05,8.07817472193724e-05,4.675667786672996e-05,3.663312704959636e-05,3.357301032067363e-05,0.0068140935784315,4.353675300193035e-05,4.637765210348885e-05,3.782986771271879e-05,4.14137253009927e-05
152,uj1077,uj1077,0520_101474.xml,letters-leipzig,Brief,"Johnson, Uwe","Bierwisch, Manfred",1964-11-29,1964,11.0,JohnsonUwe,BierwischManfred,133,0.0003530024262493544,0.0004049395480726037,0.0003828536261675975,0.0005077982492103189,0.0003846096266913004,0.0232793394541406,0.00032267400341812386,0.00044491524079663,0.0003899888883765996,0.0004740837043964959,0.00018243385438877733,0.000412892097798361,0.0001666094547339936,0.0004786719482586054,0.0004046850242453889,0.0232313027500668,7.956629389908758e-05,0.0002785870170654448,0.0454893534635579,0.0005036597333557635,0.00032285950436855885,0.1833400603456191,0.00040194441476055424,0.00040566311196656087,0.0006617552193053552,0.0005185920043337678,0.0003282475010881341,0.0003685684016560448,0.00045058324166382,0.0003606607271340665,0.00022981001222851735,0.0009236205336345148,0.0005345938810282365,0.0004188459586342684,0.0003838580220837487,0.7102442976623561,0.0004977787733552985,0.0005302602785777309,0.00043252892895791824,0.00047350507235777097
153,uj0613,uj0613,0034_060033.xml,letters-leipzig,Brief,"Johnson, Uwe","Baumann, Sabine",1957-01-08,1957,1.0,JohnsonUwe,BaumannSabine,375,0.00010833812433230346,0.00012427787415593365,0.00011749959963028516,0.00015584569897492077,0.0001180385245467109,0.00021358763390713056,9.903018705152244e-05,0.0001365466044720994,0.00011968944555445002,0.00014549854474525868,5.598981799981e-05,0.00012671854950794758,5.113323444739835e-05,0.00014690669861910493,0.00012419975958224272,0.0001988449408504405,2.441927420354583e-05,8.54996811576643e-05,9.89942005818906e-05,0.00015457556876656542,9.90871181758932e-05,0.3265750811554837,0.0001233586534905113,0.5892554553243243,0.00020309582568141184,0.00015915835378299458,0.00010074072000721618,0.0139750202288407,0.00013828614090868888,0.0001106884933148556,7.052978627414414e-05,0.0002834635367012511,0.00016406940588338704,0.0001285458177291641,0.00011780785351624,0.0516344965671323,0.00015277067415863537,0.0001627394026704403,0.0139946500190175,0.00014532095981922833
154,uj1024,uj1024,0720_s000069.xml,letters-leipzig,Brief,"Johnson, Uwe","Baumgärtner, Klaus + Baumgärtner, Sabine",1969-11-21,1969,11.0,JohnsonUwe,BaumgärtnerKlaus+BaumgärtnerSabine,1078,4.5270633874767845e-05,5.19312861868533e-05,4.909888728531719e-05,0.2114875428148319,4.932408476522432e-05,8.92506459233996e-05,4.138117923112771e-05,5.705795052292576e-05,0.0434929770542968,0.0029569961873008,2.3396145788989894e-05,5.295115727054759e-05,2.136675292993436e-05,6.138706395301094e-05,5.189864489563989e-05,8.309020089252236e-05,1.0203942783479258e-05,3.57272639336612e-05,4.1366141770389045e-05,6.459161096560217e-05,4.140496871523916e-05,0.4521495977600823,5.1547176692149335e-05,5.202407930580257e-05,8.486649388275764e-05,6.650659319262671e-05,4.209594987761237e-05,4.7266885234927466e-05,5.7784840688488456e-05,4.6252769151112135e-05,2.9471879371741735e-05,0.00011844929073617747,6.855874651304824e-05,5.371470741638508e-05,4.922769557785078e-05,0.2880263862045621,6.383740995389256e-05,6.80029856589938e-05,5.5469473655310896e-05,6.072444032838517e-05
155,uj0014,uj0014,0602_101050.xml,letters-leipzig,Brief,"Bierwisch, Manfred","Johnson, Uwe",1967-07-19,1967,7.0,BierwischManfred,JohnsonUwe,733,5.657680939396501e-05,6.490093530178374e-05,6.136115511617426e-05,8.138642292466085e-05,6.164259484445268e-05,0.00011154066887300312,5.171597765415699e-05,7.130796533743943e-05,6.250474603781148e-05,7.598288676202677e-05,2.9239247776357455e-05,6.617551546490243e-05,2.670302146042215e-05,7.671825904033579e-05,6.486014196726885e-05,0.00010384167518852984,1.2752340237268022e-05,4.4650017654584826e-05,5.169718464250324e-05,0.1955343874274585,5.174570847506569e-05,0.5252576736033019,6.442089586322861e-05,6.501690316338662e-05,0.0073450861944782,0.0073221409756259,5.2609259659848165e-05,5.907161724266058e-05,7.22163936678479e-05,5.78042293696281e-05,3.68323736378324e-05,0.00014803156861839778,8.568104313467126e-05,6.71297594718073e-05,6.152213280946644e-05,0.0450623542672205,7.97805700082945e-05,0.2172557245913582,6.932277217194547e-05,7.589014758481483e-05
156,uj0724,uj0724,1124_101855.xml,letters-leipzig,Brief,"Johnson, Uwe","Menzhausen, Joachim",1982-09-07,1982,9.0,JohnsonUwe,MenzhausenJoachim,1403,3.156002420313705e-05,3.620343937509162e-05,3.4228857394801714e-05,4.539947559473069e-05,3.438585183707118e-05,6.222030275255454e-05,2.8848525110152107e-05,3.9777448322600224e-05,3.486678232467958e-05,4.238524177875575e-05,1.6310417243178716e-05,3.691443353025434e-05,1.4895643862124648e-05,4.279545167129565e-05,3.6180683786036544e-05,5.792560268684714e-05,7.113588957134576e-06,2.4906947792632272e-05,2.8838041876668366e-05,4.502947343377508e-05,0.0424290965564251,0.2405069452572092,3.593566081950421e-05,3.62681292817544e-05,5.9163929720631695e-05,4.636448644907013e-05,2.9346821179192147e-05,3.295169327975004e-05,0.3816423672135761,3.224471117213168e-05,2.054606146795144e-05,0.0182541036440162,4.7795127085563385e-05,3.744673579820141e-05,3.431865496293762e-05,0.3158814041468094,4.450368883244984e-05,4.740768329465835e-05,3.8670055646660905e-05,4.233350943985684e-05
157,uj0170,uj0170,0179_060153.xml,letters-leipzig,Brief,"Baumgärtner, Klaus","Johnson, Uwe",1959,1959,,BaumgärtnerKlaus,JohnsonUwe,420,0.0787488276179178,0.00010848751610616533,0.0001025704679447956,0.00013604443182222765,0.00010304091874666074,0.0001864498570719335,8.644772117093422e-05,0.00011919741991500578,0.00010448207889389964,0.0787812665515208,4.887592681553476e-05,0.0001106180868804071,4.46364055818346e-05,0.0001282411928976722,0.00010841932652592848,0.00017358032449182897,2.1316637586945395e-05,7.46363590434914e-05,8.641630702959728e-05,0.00013493568038620789,8.649741880467685e-05,0.3879370363096874,0.00010768508874391416,0.00010868136639807468,0.4055492186429008,0.00013893619106968754,8.794091915843849e-05,9.874330773865196e-05,0.00012071593629182255,9.662475949818322e-05,6.156849219017062e-05,0.00024744754617223464,0.00014322326024799554,0.00011221318811565016,0.0001028395560559694,0.0450739789041769,0.00013336011004291365,0.0001420622430841135,0.0001158789981616993,0.00012685693311080193
158,uj0080,uj0080,1101_101818.xml,letters-leipzig,Brief,"Johnson, Uwe","Menzhausen, Joachim + Menzhausen, Ingelore",1981-06-29,1981,6.0,JohnsonUwe,MenzhausenJoachim+MenzhausenIngelore,1530,2.9147179734683812e-05,3.3435593955426544e-05,3.161197381147694e-05,4.192856971537033e-05,0.2014189735338763,5.7463401669219365e-05,2.6642981673713747e-05,3.673636078931404e-05,3.220112775092599e-05,3.914478177429992e-05,1.506344418098898e-05,3.4092230791236624e-05,1.3756833838867304e-05,0.0019042200797787,3.341457808928247e-05,5.349704239408012e-05,6.569736910140072e-06,2.300274801063297e-05,2.6633299910208607e-05,4.158685516476734e-05,2.6658298366011667e-05,0.2500900216778183,0.0018978847374604,3.34953381534786e-05,5.464069616290228e-05,4.2819803024835177e-05,2.710318173540929e-05,0.0205420933989215,0.221936081878933,2.9779520635908437e-05,1.897526258508749e-05,7.626274410214205e-05,4.41410675301858e-05,3.458383719106603e-05,3.169490612614653e-05,0.3010549461488706,4.110126813929755e-05,4.378324480679657e-05,3.571363111221615e-05,3.909700450485688e-05
159,uj0545,uj0545,0736_101184.xml,letters-leipzig,Brief,"Bierwisch, Manfred","Johnson, Uwe",1970-02-09,1970,2.0,BierwischManfred,JohnsonUwe,1106,4.462442808048701e-05,5.119000436316085e-05,4.8398035922283865e-05,0.2512915559912785,4.862001886985694e-05,8.797665703474051e-05,4.079049260925929e-05,5.624348924677707e-05,4.930003254214878e-05,5.993078969952544e-05,2.306218260626735e-05,5.2195317519402085e-05,2.106175787317227e-05,6.051080769094799e-05,5.1157829002943086e-05,8.190414793348409e-05,1.0058288826668426e-05,3.5217282893157134e-05,4.0775669797475786e-05,6.366961209579686e-05,4.081394251556588e-05,0.6226965837043488,5.081137775570346e-05,5.128147292696251e-05,8.365508561666081e-05,6.555725932648646e-05,4.1495060417970176e-05,4.659218438578734e-05,5.6960003577132944e-05,4.559254408093389e-05,2.905118945449761e-05,0.00011675851215742129,6.758011963170351e-05,0.1113923475743325,4.8525005568925794e-05,0.0127036583301013,6.292617676201365e-05,6.703229186480483e-05,5.467768674592219e-05,5.9857642542800494e-05
160,uj0890,uj0890,0401_101365.xml,letters-leipzig,Brief,"Bierwisch, Manfred","Johnson, Uwe",1963-09-27,1963,9.0,BierwischManfred,JohnsonUwe,866,0.0718608979658462,5.5984867042820913e-05,5.293138064650526e-05,7.020558402342009e-05,0.2779347539677577,9.621724999317178e-05,4.461125436011862e-05,6.15117014870032e-05,5.391786543908232e-05,6.554438380774571e-05,2.5222369933187683e-05,0.0031793492875217,2.3034569519712914e-05,6.617873089437352e-05,5.5949677882627306e-05,8.95759414236648e-05,1.1000428103979014e-05,3.85160135247363e-05,4.459504312596804e-05,6.9633414026751e-05,4.4636900771035626e-05,0.6248225261322435,5.557077525788972e-05,5.6084903279323335e-05,9.149088584714014e-05,7.169787330056107e-05,4.53818175898752e-05,5.095637870173909e-05,6.2295330244576e-05,4.986310414054095e-05,3.1772354764953214e-05,0.0001276950424320533,0.0031961751524821,5.790749611188405e-05,5.307024327943831e-05,0.0014045241743564,0.0156801450511405,7.331106911034728e-05,5.979923347852687e-05,6.546438510692994e-05
161,uj0939,uj0939,1014_101696.xml,letters-leipzig,Brief,"Johnson, Uwe","Klemm, Erika",1977-05-04,1977,5.0,JohnsonUwe,KlemmErika,528,8.767686276252603e-05,0.00010057672849648276,0.0113133795832197,0.00012612422492420632,9.552729088819172e-05,0.00017285414327839117,8.014405060984322e-05,0.0001105056781698358,9.686336325901596e-05,0.00011775038582584686,4.531194922491766e-05,0.00010255194044707952,4.138156910947965e-05,0.00011888998940221156,0.00010051351122371324,0.00016092304253386732,1.976225235853e-05,6.919395971917396e-05,8.011492715234695e-05,0.3142371725973225,8.019012434805066e-05,0.1801564890952771,9.983281323463542e-05,0.00010075644344321682,0.00016436323727825103,0.00012880512034100567,8.152836628017109e-05,9.154305683942791e-05,0.0225484903428215,8.957899075296861e-05,5.70789870134809e-05,0.0170568366071064,0.00013277958125842933,0.00010403072869497756,9.534061133834226e-05,0.4512547630787368,0.000123635640868774,0.00013170322415981858,0.00010742923199705666,0.00011760666828149932
162,uj0357,uj0357,0888_101552.xml,letters-leipzig,Brief,"Johnson, Uwe","Baumgärtner, Klaus + Baumgärtner, Sabine",1973-11-06,1973,11.0,JohnsonUwe,BaumgärtnerKlaus+BaumgärtnerSabine,134,0.00031087829587013736,0.000356617709325064,0.000337167322432541,0.0601126991375959,0.00033871377766843283,0.0006128937533043936,0.0002841689938792728,0.0003918230629038378,0.0003434511267102891,0.00041751082475131895,0.00016066384122057463,0.0401406192455031,0.0001467277829047257,0.0004215515489130324,0.00035639355807912614,0.0005705893168721879,7.007156896586937e-05,0.00024534295142683533,0.0002840657300243512,0.0004435575167787786,0.0002843323588169199,0.3205699006083547,0.00035397998824805336,0.0003572549296203933,0.0005827873112563178,0.0004567079050195494,0.00028907740053273024,0.00032458676796026995,0.0003968146955940273,0.0003176227240985664,0.0002023865550573608,0.0008134039773543626,0.00047080026186354013,0.0003688646540925965,0.0003380518627857324,0.5658246427407173,0.00043837833758035127,0.000466983792500692,0.00038091482196779737,0.0004170012414488869
163,uj1153,uj1153,0502_s000058.xml,letters-leipzig,Brief,"Johnson, Uwe","Baumgärtner, Klaus",1964-09-09,1964,9.0,JohnsonUwe,BaumgärtnerKlaus,210,0.0002682047730200213,0.0003076656461871593,0.00029088516755303845,0.0003858158019378964,0.0002922193445639072,0.0005287632883160824,0.00024516179326509026,0.0003380384447746456,0.0002963064089919059,0.0003602001087673419,0.00013860989859867606,0.0003137078477005861,0.000126586809798172,0.0003636861723524356,0.0003074722636485982,0.0004922658810613176,6.045301167469842e-05,0.00021166530913751497,0.00024507270419345565,0.0003826714334495429,0.0002453027334870457,0.396675199143138,0.0003053899987966921,0.0003082153967710468,0.0005027894858241978,0.4636722240633926,0.0002493964346339764,0.0002800315158136744,0.00034234488794052944,0.000274023409657528,0.0001746054349324477,0.0007017499517272201,0.0004061746318360684,0.0003182314820309613,0.0002916482891598098,0.1278277477770723,0.00037820318783768304,0.0004028820401279995,0.00032862755207752216,0.00035976047475049606
164,uj0624,uj0624,0069_060062.xml,letters-leipzig,Brief,"Bierwisch, Manfred","Johnson, Uwe",1957-10-31,1957,10.0,BierwischManfred,JohnsonUwe,363,0.00012679281927135006,0.0001454478018185738,0.0001375148923077352,0.00018239300030462524,0.0001381456195789551,0.0002499708983470665,0.00011589933540586252,0.00015980643055849104,0.00014007776424414684,0.00017028327564121658,6.552731938491695e-05,0.00014830423034468284,5.984344840752794e-05,0.00017193129937001213,0.00014535638093524678,0.1624646186287096,2.8578938761491265e-05,0.00010006399582413086,0.00011585721887515494,0.000180906511675146,0.0001159659643770372,0.6579992554249123,0.00014437199789064264,0.00014570769438365487,0.0002376918788200821,0.0001862699443165056,0.1461266128173032,0.00013238386839668556,0.0001618422857145568,0.00012954355832523696,8.254407669893583e-05,0.0003317497067674705,0.00019201756220480585,0.00015044276182435242,0.0001378756552385358,0.0279837169205056,0.00017879416500828684,0.0001904610015937672,0.0001553574656743375,0.00017007544027790146
165,uj0714,uj0714,1111_101829.xml,letters-leipzig,Brief,"Johnson, Uwe","Bierwisch, Manfred",1982-01-21,1982,1.0,JohnsonUwe,BierwischManfred,356,0.00013677822551019003,0.00015690235733718368,0.0001483447016886939,0.0001967571276552825,0.00014902510107908616,0.0002696570365860262,0.00012502683926207347,0.0001723917815103495,0.0001511094093250313,0.00018369371712149464,7.068783957494682e-05,0.0001599837402368079,6.455634261176032e-05,0.0001854715288502561,0.1926658980712803,0.0002510442037724328,0.0437828965307327,0.00010794440777433116,0.00012498140589788193,0.0001951535725158852,0.00012509871551261522,0.298549716010713,0.00015574182984749667,0.00015718271740867168,0.0002564109985883098,0.00020093939543191816,0.0001271864083315809,0.00014280959055513852,0.0001745879678341705,0.0001397455954984465,8.904472983675185e-05,0.0003578762304202004,0.0002071396596124148,0.0001622906890267145,0.00014873387604248092,0.4589577943022251,0.00019287487069021613,0.00020546051406221383,0.00016759244408959728,0.00018346951395008577
166,uj0461,uj0461,0108_000002.xml,letters-leipzig,Brief,"Johnson, Uwe","Klemm, Eberhardt",1958-05-25,1958,5.0,JohnsonUwe,KlemmEberhardt,93,0.0004083315044065081,0.00046840917388306526,0.0526890351637039,0.0005873897956966793,0.00044489277069486254,0.0008050218740026692,0.0003732494494401063,0.0005146505975557838,0.0004511151699001386,0.0005483908829966164,0.00021102826688399715,0.0004776081944900574,0.00019272357423351851,0.0005536982814151069,0.00046811475636764413,0.0007494559679844249,9.203739711668405e-05,0.0264453391472852,0.0003731138147374233,0.0005826026149884451,0.0003734640255351341,0.6039228124205583,0.0004649445878058487,0.00046924614811152303,0.0007654777535634814,0.0005998753480329119,0.0003796965288910385,0.0004263372677744877,0.0005212069924952402,0.0004171901560443392,0.00026583009362848576,0.0010683874499302,0.0006183853352117655,0.0004844952546669066,0.0004440233606928371,0.299105202076387,0.0005757998820161564,0.0006133724903230887,0.0005003228735203217,0.0005477215570280083
167,uj1101,uj1101,0457_101416.xml,letters-leipzig,Brief,"Johnson, Uwe","Bierwisch, Manfred",1964-06-01,1964,6.0,JohnsonUwe,BierwischManfred,393,0.00010909425139763164,0.00012514524992831197,0.00011831966761644644,0.0001569333968812319,0.00011886235386544094,0.0002150783315891508,9.972135099012352e-05,0.00013749960771039925,0.00012052479718874868,0.0001465140264911887,5.638058918062351e-05,0.00012760295954875828,5.1490109949367146e-05,0.014106583590831,0.0001250665901675622,0.0002002327444745777,2.458970427379826e-05,8.609641128751171e-05,9.968511335919605e-05,0.00015565440202035515,9.97786794553589e-05,0.440523567702183,0.00012421961372239158,0.00012536886499574454,0.00020451329761568543,0.0908915044580454,0.0001014438223125917,0.00011390486545575506,0.0001392512849385054,0.00011146102437104266,7.102203663053868e-05,0.0002854419210738293,0.00016521449971942413,0.00012944298087019866,0.00011863007290669778,0.3451265537732706,0.0001538369104649375,0.00016387521398075083,0.00013367165833345256,0.1048362220709024
168,uj0282,uj0282,0855_s000091.xml,letters-leipzig,Brief,"Johnson, Uwe","Baumgärtner, Klaus + Baumgärtner, Sabine",1972-12-12,1972,12.0,JohnsonUwe,BaumgärtnerKlaus+BaumgärtnerSabine,2467,1.678448312662123e-05,1.925397817839693e-05,1.8203841533475982e-05,2.414468148606383e-05,1.8287335467139805e-05,3.309045693253015e-05,1.5342433827763887e-05,2.115473378263024e-05,1.854310744001233e-05,2.2541629590466942e-05,8.674325508884538e-06,1.963210429527326e-05,7.921910371638396e-06,2.275979041871576e-05,1.9241876134429134e-05,3.0806418101546e-05,3.7832009586632792e-06,1.3246195321976917e-05,1.5336858557783492e-05,2.394790422799204e-05,1.5351253986893182e-05,0.2664271450843706,0.0129045981407445,1.928838203816128e-05,3.146499425060135e-05,2.4657900623584538e-05,0.0236389994945743,0.3683276825324034,2.1424234663765328e-05,1.7148618363151417e-05,1.0926956830187571e-05,0.1052753898015593,2.5418754400784524e-05,1.991519718446476e-05,1.825159833358132e-05,0.2227576789025697,2.366827761198001e-05,2.521270120738065e-05,2.056579210235105e-05,2.251411691925476e-05
169,uj0546,uj0546,0761_000029.xml,letters-leipzig,Brief,"Johnson, Uwe","Klemm, Eberhardt",1970-08-09,1970,8.0,JohnsonUwe,KlemmEberhardt,323,0.00016579344996397913,0.0001901865814780199,0.0001798135615892573,0.0002384958781070168,0.0001806382963879853,0.010933528253594,0.00015154920267485667,0.00020896182923434712,0.00018316475594391715,0.00022266128241304705,8.568308844420281e-05,0.00019392162848336835,7.825089643280244e-05,0.0002248162273159975,0.00019006704013701457,0.00030429905404636933,3.7369630873469846e-05,0.00013084301761095475,0.0001514941313784958,0.00023655215542910896,0.00015163632627587827,0.3512754022160739,0.0001887798673934092,0.00019052641527328047,0.0003108043250751031,0.00024356534439651728,0.00015416688838567515,0.00017310426873695453,0.0002116238999406444,0.0001693902981160701,0.00010793408750317284,0.00043379371738558336,0.0002510808914460441,0.000196717958069764,0.00018028529280605867,0.4184313694433581,0.000233790064930364,0.0002490455431095595,0.2123365036719159,0.00022238951826972605
170,uj0475,uj0475,0344_101306.xml,letters-leipzig,Brief,"Johnson, Uwe","Bierwisch, Manfred",1962-12-10,1962,12.0,JohnsonUwe,BierwischManfred,1705,2.4489332294240283e-05,2.809243907242866e-05,2.656024144335549e-05,3.5228199974355504e-05,2.6682062929940525e-05,4.828049749733978e-05,2.238531609082308e-05,3.0865728857467114e-05,2.705524599360568e-05,3.288927358263845e-05,1.265623958825123e-05,2.8644142455574727e-05,1.1558431322114506e-05,3.3207580257694665e-05,2.8074781634071387e-05,4.494797986882828e-05,5.519864074077317e-06,1.9326807768050982e-05,2.237718151568305e-05,3.494109291097347e-05,2.2398185108366008e-05,0.2868933151924671,0.0047280139353356,2.814263588502143e-05,0.0392136528881233,0.0204032038982836,2.277197415981221e-05,0.0219595058611482,3.1258943029266056e-05,0.3149336825060353,1.594293221665322e-05,6.407562237541573e-05,3.708713091314619e-05,2.905718799181477e-05,2.662992080960503e-05,0.3093465938245011,3.453310482661171e-05,0.0016034962504491,3.000643587826241e-05,3.284913133086136e-05
171,uj0228,uj0228,0634_s000201.xml,letters-leipzig,Brief,"Johnson, Uwe","Bierwisch, Manfred",1968-10-23,1968,10.0,JohnsonUwe,BierwischManfred,341,0.00011554570007441128,0.00013254589796165824,0.0001253166748217015,0.00016621388364090306,0.00012589145361854452,0.00022779730440356,0.00010561851944446314,0.00014563084882399135,0.00012765220796778602,0.00015517834849007231,5.971473807303056e-05,0.00013514894784775195,5.4535053174554304e-05,0.6136975328335967,0.00013246258654050564,0.00021207380170572444,2.604385252695766e-05,9.11878489348702e-05,0.00010558013884804388,0.0001648592535417154,0.00010567923811263268,0.1487160614228998,0.00013156552290012117,0.00013278273683430892,0.00021660749163950733,0.00016974692449113704,0.00010744285163670004,0.00012064079685552126,0.00014748611405596235,0.00011805243564137728,7.522202900751768e-05,0.0003023219480268276,0.00017498470164981504,0.00013709778153068138,0.00012564543638438145,0.232479066699915,0.00016293428195558995,0.00017356621528328187,0.0001415765280422612,0.00015498894910063942
172,uj0288,uj0288,0563_000025.xml,letters-leipzig,Brief,"Johnson, Uwe","Klemm, Eberhardt",1966-09-09,1966,9.0,JohnsonUwe,KlemmEberhardt,477,8.622590219991739e-05,9.89122886207101e-05,9.351748563759728e-05,0.00012403700064874076,9.39464139342908e-05,0.0001699935876303206,7.88177502256979e-05,0.0001086769245406938,9.526037570195504e-05,0.00011580173984694124,4.4562083761342e-05,0.00010085481287522824,4.069674733432847e-05,0.00011692248417362234,9.885011752781946e-05,0.0056745786712778,1.9435207709610345e-05,0.0111006863461663,0.4744822005017669,0.00012302610883386234,7.886306149162925e-05,0.254403549565839,9.818068437995608e-05,9.908902947266014e-05,0.0001616431972617718,0.0001266735300446802,8.01791569166148e-05,9.002811480033589e-05,0.00011006141499203744,8.809655195753768e-05,5.61343893568046e-05,0.00022560755360573348,0.00013058221778241755,0.0001023091287211659,9.376282373613735e-05,0.2507158119648766,0.00012158960006187012,0.00012952367327029952,0.00010565139034091464,0.0001156604006779419
173,uj0550,uj0550,0749_101200.xml,letters-leipzig,Brief,"Baumgärtner, Klaus","Johnson, Uwe",1970-06-26,1970,6.0,BaumgärtnerKlaus,JohnsonUwe,349,0.0001013159631371574,0.00011622254487372982,0.00010988361833049665,0.0001457442353718095,0.00011038761170589244,0.00019974350651587848,9.261133919951187e-05,0.00012769605187888794,0.0519655979117951,0.0001360677534964967,5.236072132027367e-05,0.00011850502276891598,4.781892734699599e-05,0.000137384634943848,0.00011614949345884405,0.0001859563918184472,2.2836488081092703e-05,7.99578412289875e-05,9.257768526786848e-05,0.00014455643129856926,9.266458021446995e-05,0.2794806038263351,0.00011536290541045848,0.000116430216457142,0.6029888034951686,0.00014884217355829203,9.421100039867008e-05,0.00010578358622761204,0.0001293228366379138,0.00010351398805832512,6.595825126438982e-05,0.0326736317489734,0.00015343490558715605,0.00012021385279420442,0.0130735884888401,0.0029157410297237,0.0131062851214355,0.00015219110930283147,0.00012414103066560653,0.00013590167910735345
174,uj0184,uj0184,0173_060150.xml,letters-leipzig,Brief,"Baumgärtner, Klaus","Johnson, Uwe",1959-04-16,1959,4.0,BaumgärtnerKlaus,JohnsonUwe,248,0.00015433461765060113,0.0001770418152289026,0.0001673857277371345,0.00022201220957093228,0.00016815346090061286,0.0595457910344274,0.00014107486306099006,0.0001945194096959797,0.00017050530392975037,0.00020727202367932057,7.976109247398943e-05,0.000180518714054536,7.284257722121836e-05,0.0100828649842074,0.0001769305360006731,0.00028326739185347526,3.478682477416399e-05,0.00012179978822821352,0.00014102359802326255,0.00022020282749715987,0.0001411559651048581,0.5837102254406317,0.00017573232634113725,0.1186604016198904,0.0002893230503680383,0.00022673129914686335,0.00014351162713940443,0.0001611401483895123,0.00019699749109608635,0.00015768286925174,0.1185835176698306,0.0497717467918436,0.00023372740834524144,0.00018312177501765128,0.00016782485519961694,0.0538094834016339,0.00021763163918343104,0.000231832733330243,0.0001891040454956828,0.00020701904254430165
175,uj1028,uj1028,0648_101097.xml,letters-leipzig,Brief,"Doherty, Monika","Johnson, Uwe",1969-01-17,1969,1.0,DohertyMonika,JohnsonUwe,237,0.00019231050813967103,0.0002206050850219435,0.0002085730009668481,0.0002766409862267918,0.0002095296441168538,0.00037913843037416166,0.00017578803131785794,0.00024238325199568085,0.00021246018643382192,0.0002582738001603026,9.938726940817643e-05,0.00022493751665709057,9.076637019524287e-05,0.3939600335442833,0.0002204664242000749,0.0003529687434744421,4.334654175922091e-05,0.00015177009229711742,0.0001757241519004903,0.0002743863839131764,0.0001758890894958925,0.5181864209243978,0.0002189733806302592,0.00022099927194467055,0.0003605144696620199,0.0002825212645993245,0.00017882439053052186,0.0002007906216390488,0.00024547109515440024,0.00019648263735213469,0.00012519710047554104,0.0005031748252801493,0.0002912388506822253,0.0248343848506443,0.0002091201810275087,0.0547468526495877,0.00027118252376395573,0.0002888779680724743,0.00023563537224599191,0.00025795856997173027
176,uj0750,uj0750,0802_101252.xml,letters-leipzig,Brief,"Johnson, Uwe","Bierwisch, Manfred",1971-08-17,1971,8.0,JohnsonUwe,BierwischManfred,428,0.00010685688437045344,0.0001225786998836443,0.0001158931005003952,0.00015371491741831897,0.00011642465703078356,0.00021066738269685648,9.767620874153928e-05,0.00013467968746162375,0.00011805300601980263,0.00014350923340914357,5.52243039539544e-05,0.00012498600539574648,5.04341214554675e-05,0.0138172777421001,0.00012250165332205773,0.00019612625733607625,2.408540461689211e-05,8.433069706054526e-05,9.764071429258098e-05,0.0001524621529123234,9.773236148196614e-05,0.2810928838526385,0.00012167204715210276,0.00012279772892594498,0.00020031902245597023,0.00015698228035234776,9.93633546413314e-05,0.00011156883961625415,0.00013639544029571084,0.00010917511821605812,6.956547626255892e-05,0.0002795879156225498,0.0001618261866841508,0.00012678829051219757,0.00011619713982220572,0.5431341960039496,0.00015068193550862473,0.1505566900517259,0.0069671200476659,0.00014333407649163446
177,uj0958,uj0958,0210_060182.xml,letters-leipzig,Brief,"Baumgärtner, Klaus","Johnson, Uwe + Schmidt, Elisabeth",1960-08-08,1960,8.0,BaumgärtnerKlaus,JohnsonUwe+SchmidtElisabeth,554,6.938492924749667e-05,7.959350928847128e-05,7.525237728825632e-05,9.98110578667024e-05,7.559753064425515e-05,0.1510598759807532,6.342367993062476e-05,0.1154992212777235,7.665485961336145e-05,0.1776497539138796,3.5858563958344963e-05,8.115663480554376e-05,3.274817499559123e-05,0.0444832285108684,7.954348097016553e-05,0.00012734983402344757,1.5639274016700373e-05,5.475809521689482e-05,6.340063247005019e-05,9.899760558307666e-05,6.346014135231533e-05,0.3245661103629064,7.900479630099574e-05,7.97357304910893e-05,0.0001300723044839063,0.0001019326408357279,0.0178201761542184,7.244452323878147e-05,8.856507496316118e-05,7.089021823569882e-05,4.517065678063788e-05,0.0534485145408721,0.00010507791406818036,8.232690498537837e-05,7.544979785649173e-05,0.0552637784995037,0.0533648125654451,0.00010422611624171812,8.501638204617173e-05,0.0045319847520301
178,uj0197,uj0197,0184_060155.xml,letters-leipzig,Brief,"Baumgärtner, Klaus","Johnson, Uwe",1959-09-19,1959,9.0,BaumgärtnerKlaus,JohnsonUwe,1232,3.5502515545187114e-05,4.072598807055637e-05,3.850474048851171e-05,5.107079695728045e-05,3.868134674176755e-05,6.999288883559362e-05,3.245229485841432e-05,4.4746463701400446e-05,3.922235526579696e-05,4.768002380008364e-05,1.834792134496785e-05,4.1525799911121824e-05,1.6756413885071913e-05,4.814147728291208e-05,4.070038984385768e-05,0.0386769265368882,8.002221446574122e-06,2.80183340639896e-05,3.244050205504621e-05,5.065457397257902e-05,3.247095124683192e-05,0.4431684744853534,4.042475850649713e-05,4.079875906724919e-05,0.5111046188220049,5.215635736867123e-05,3.3012838279526186e-05,3.70680325013274e-05,4.531651159323959e-05,0.0045788333037579,2.311268400693464e-05,9.28912945489234e-05,5.376571422815139e-05,4.2124597599643577e-05,3.8605755606185416e-05,0.0010217160063253,5.00631081403027e-05,5.332987079783726e-05,4.350073507207151e-05,4.762182903590583e-05
179,uj0972,uj0972,1130_101864.xml,letters-leipzig,Brief,"Klemm, Ine","Johnson, Uwe",0000-00-00,0,0.0,KlemmIne,JohnsonUwe,369,0.00011554570007441128,0.00013254589796165824,0.0001253166748217015,0.00016621388364090306,0.00012589145361854452,0.00022779730440356,0.00010561851944446314,0.00014563084882399135,0.00012765220796778602,0.00015517834849007231,5.971473807303056e-05,0.00013514894784775195,5.4535053174554304e-05,0.00015668018476579546,0.00013246258654050564,0.5028720494658081,2.604385252695766e-05,9.11878489348702e-05,0.00010558013884804388,0.0001648592535417154,0.00010567923811263268,0.4443984000488424,0.00013156552290012117,0.00013278273683430892,0.00021660749163950733,0.00016974692449113704,0.00010744285163670004,0.00012064079685552126,0.00014748611405596235,0.00011805243564137728,7.522202900751768e-05,0.0003023219480268276,0.00017498470164981504,0.00013709778153068138,0.00012564543638438145,0.0476776050587009,0.00016293428195558995,0.00017356621528328187,0.0001415765280422612,0.00015498894910063942
180,uj0164,uj0164,0165_060140.xml,letters-leipzig,Brief,"Johnson, Uwe","Baumgärtner, Klaus",1959-03-21,1959,3.0,JohnsonUwe,BaumgärtnerKlaus,1149,0.0050863769429914,0.2044460138983279,4.278001865917336e-05,5.674131597960444e-05,4.297623394886907e-05,7.776437530567233e-05,3.605555476968288e-05,4.971477609748005e-05,4.3577312009884834e-05,5.29740567514275e-05,2.038513719444389e-05,4.613651390703231e-05,1.861692065884938e-05,5.348674657494757e-05,4.521945648420499e-05,7.23967597049711e-05,8.89072821829347e-06,3.112928015744061e-05,3.604245258169951e-05,5.6278878710167006e-05,3.607628262382479e-05,0.4343348610369201,4.49132211062817e-05,4.532874788985496e-05,0.1792400479815847,5.794740889350976e-05,3.66783367365318e-05,4.1183789371045405e-05,5.034811784034356e-05,4.030018676033693e-05,2.567894343750346e-05,0.000103205248591751,5.973545669241315e-05,4.680179760880596e-05,0.0202306222251844,0.1550666007667543,5.562174093907636e-05,5.925122046994388e-05,4.833073108559745e-05,5.290940047623106e-05
181,uj1168,uj1168,0464_101423.xml,letters-leipzig,Brief,"Bierwisch, Manfred","Johnson, Uwe",1964-06-14,1964,6.0,BierwischManfred,JohnsonUwe,1646,2.998589871789125e-05,3.439771336528019e-05,3.252161799570627e-05,4.313507709204016e-05,3.267078199554554e-05,5.911692857159399e-05,0.0403128364711807,3.77934607711449e-05,3.3127725019383203e-05,4.027118480424898e-05,1.549689937981383e-05,3.5073245126235005e-05,1.4152690926740496e-05,4.066093457793755e-05,3.4376092761180536e-05,5.503643609905583e-05,6.758783092699416e-06,2.366465909767709e-05,2.739968123503942e-05,4.278352960106223e-05,2.7425399029029704e-05,0.5028357065932345,3.414329085295939e-05,3.44591767208459e-05,5.621299885375104e-05,0.4527755153741214,2.788308405301701e-05,3.130815524442428e-05,3.827493083281644e-05,3.063643542133561e-05,1.952128155111873e-05,7.845722781453514e-05,4.5411240206019466e-05,3.5578997650099614e-05,3.2606936713014743e-05,0.0027813086411395,4.228396966088961e-05,4.504312102467234e-05,3.674130173578046e-05,4.022203272931146e-05
182,uj0586,uj0586,0980_101664.xml,letters-leipzig,Brief,"Klemm, Erika","Johnson, Uwe",1976-02-28,1976,2.0,KlemmErika,JohnsonUwe,147,0.0003979361829530993,0.0004564843924696954,0.0004315871486936138,0.0005724360003641492,0.0004335666709113234,0.0007845275916194218,0.0003637472484897358,0.000501548599938536,0.00043963066000312,0.0005344299237041068,0.00020565589995579915,0.0004654492240042445,0.00018781720897835852,0.0005396022061395146,0.0004561974702483707,0.0007303762848879728,8.969430500050365e-05,0.00031404841991936825,0.0003636150667812975,0.0005677706919135798,0.00036395636189707006,0.6394642070522378,0.00045310800797767855,0.00045730005897132056,0.0007459901871429299,0.0005846036949581849,0.0003700301979075825,0.0004154835548029026,0.0005079380818863773,0.0004065693106467203,0.0002590625793773522,0.0010411883950961,0.3060991718541537,0.0004721609530992773,0.000432719394387485,0.0369101274796605,0.0005611411432174135,0.0005977572264044893,0.00048758563173366014,0.000533777637465536
183,uj0645,uj0645,0039_060038.xml,letters-leipzig,Brief,"Johnson, Uwe","Bierwisch, Manfred",1957-05-27,1957,5.0,JohnsonUwe,BierwischManfred,950,0.002950011991923,5.208212631298877e-05,4.924150039766301e-05,6.531150805785094e-05,4.946735198839174e-05,8.950988422996336e-05,4.150137541252786e-05,5.722368160886386e-05,5.015921670720685e-05,6.097524307722321e-05,2.3464102464840307e-05,5.3104959724293294e-05,2.142881501126738e-05,6.156536942452268e-05,5.204939021155891e-05,8.333154550967962e-05,1.0233581256345136e-05,3.583103769691517e-05,4.148629427383239e-05,6.4779224395978e-05,4.152523399580953e-05,0.3692292298709354,5.169690113005744e-05,5.2175188959746695e-05,8.511299793805661e-05,6.669976889926954e-05,0.441542917629014,4.740417709604591e-05,5.795268310677188e-05,4.638711540064976e-05,2.95574836832908e-05,0.00011879333971449502,6.875788292446907e-05,5.3870727685416445e-05,4.937068282803372e-05,0.1842970353645044,6.402283272456995e-05,6.820050780195564e-05,5.5630590835669765e-05,6.0900821136780367e-05
184,uj1126,uj1126,0510_101461.xml,letters-leipzig,Brief,"Johnson, Uwe","Bierwisch, Manfred",1964-09-30,1964,9.0,JohnsonUwe,BierwischManfred,156,0.0002879691956475304,0.0003303380013087245,0.0003123209433703573,0.0004142471623496021,0.0003137534379391345,0.0005677286690679394,0.0002632281432395836,0.0003629490181833196,0.0003181416844369049,0.0003867438093137191,0.00014882427541759984,0.0003368254619536993,0.0001359151866937331,0.0003904867662912246,0.00033013036811318266,0.0005285417116844839,6.490788717296291e-05,0.00022726325162850832,0.00026313248905710684,0.0004108710805065582,0.0002633794695634737,0.6101356540255549,0.00032789465795867416,0.0003309282638594846,0.000539840817083525,0.0004230523963927256,0.0002677748418502116,0.0739922069783319,0.0003675728097759056,0.0002942166165766985,0.00018747237823925952,0.0007534629860203703,0.0004361062657655724,0.0003416824498620557,0.0003131403005831641,0.3030535351979993,0.000406073562996656,0.0004325710379055613,0.0003528446223151911,0.0003862717779893513
185,uj0380,uj0380,0876_101537.xml,letters-leipzig,Brief,"Johnson, Uwe","Klemm, Ine",1973-06-16,1973,6.0,JohnsonUwe,KlemmIne,1101,4.198733614356474e-05,4.8164918024493895e-05,4.553794166934848e-05,6.0399289628809775e-05,4.574680647812719e-05,8.277765409210922e-05,3.837996806496824e-05,5.2919765932507725e-05,4.638663456935201e-05,5.638916442636904e-05,2.1699317054486527e-05,4.911082194385653e-05,1.981710793021785e-05,5.693490610694025e-05,4.813464407537869e-05,0.3251009640705514,9.463891688038403e-06,3.3136108595744345e-05,3.836602121102034e-05,5.99070401613856e-05,3.840203219309228e-05,0.4408461821173478,4.780866645278664e-05,4.825098123023364e-05,7.871146703707159e-05,6.168313639846185e-05,3.904289925966997e-05,0.0537667974964947,5.359393766611676e-05,4.289824108252352e-05,2.7334402018470915e-05,0.00010985863815966322,6.35864552590068e-05,4.981899485622248e-05,4.5657408012400965e-05,0.1784941043434935,5.920753832789973e-05,6.307100151344694e-05,5.144649492902845e-05,5.632033991949096e-05
186,uj0452,uj0452,0089_060075.xml,letters-leipzig,Brief,"Bierwisch, Manfred","Johnson, Uwe",1958-02-18,1958,2.0,BierwischManfred,JohnsonUwe,468,0.00010197694796703784,0.00011698078016729005,0.00011060049849942428,0.00014669507002451748,0.00011110777992504614,0.00020104663213977835,9.321553510695168e-05,0.00012852914027398427,0.00011266176553021968,0.0001369554588305055,5.270232240072183e-05,0.00011927814893669324,4.813089778658734e-05,0.00013828093160574335,0.00011690725216534387,0.00018716957037595547,2.2985473213563035e-05,8.047948577981514e-05,9.318166161722885e-05,0.00014549951672352505,0.5154888686290092,0.4770237817823546,0.00011611553242051829,0.00011718980659905958,0.0001911708604471422,0.00014981321914402348,9.48256324876636e-05,0.0001064737178078858,0.00013016653816853095,0.00010418931279164828,6.638856256126004e-05,0.0002668197046135938,0.00015443591413336072,0.00012099812736040366,0.00011089065296427577,0.0029347633094201,0.00014380059822504418,0.0001531840033283827,0.0001249509261203298,0.00013678830097288945
187,uj0242,uj0242,0849_000032.xml,letters-leipzig,Brief,"Johnson, Uwe","Klemm, Eberhardt",1972-11-09,1972,11.0,JohnsonUwe,KlemmEberhardt,163,0.00025097912015051543,0.00028790558911801617,0.0002722028493200865,0.0003610364924538846,0.00027345133781096016,0.0004948030692188952,0.0002294160930670749,0.000316327671917516,0.0002772759074582013,0.0645628166154589,0.00012970757381655906,0.00029355972570379105,0.00011845667691914712,0.0003403281549396929,0.00028772462671815263,0.000460649735341082,5.657037162210396e-05,0.00019807094577602732,0.0002293327258079389,0.00035809407339195,0.00022954798129748143,0.387254874379504,0.0002857760968893688,0.00028842003155799467,0.00047049745368874267,0.0003687106809652399,0.00023337876141539952,0.0002620462815107494,0.0003203575305385296,0.0002564240504823405,0.00016339126980999884,0.0006566795343236372,0.0003800877612199173,0.0002977928262237266,0.00027291695886884164,0.456803105527401,0.0003539128042085068,0.0003770066386858142,0.0003075212008679548,0.0806188428745302
188,uj0581,uj0581,0732_101175.xml,letters-leipzig,Brief,"Johnson, Uwe","Doherty, Monika",1970-01-03,1970,1.0,JohnsonUwe,DohertyMonika,196,0.0001996805796852073,0.00022905951258104493,0.00021656631321204504,0.00028724292306655293,0.00021755961857321797,0.0003936684598798321,0.00018252489858628943,0.0002516723019073503,0.00022060247043973803,0.0002681718364347245,0.0001031961683255552,0.0002335579795068584,9.424488340150887e-05,0.0002707672384093158,0.00022891553774806163,0.0003664958508483945,4.500774642820869e-05,0.0001575865006126215,0.00018245857106621104,0.0002849019158002451,0.0001826298296988276,0.3336516412598996,0.0002273652750588301,0.00022946880624885276,0.0003743307580193905,0.0002933485561153978,0.00018567762265520464,0.23015135100572,0.0002548784829833333,0.0257532198588185,0.00012999513047777205,0.0005224584021273076,0.00030240023331873123,0.00023692586112657077,0.00021713446329787151,0.3889846550315806,0.0002815752715205571,0.0002999488726903176,0.0130192694467052,0.0002678445254240194
189,uj0433,uj0433,0114_060097.xml,letters-leipzig,Brief,"Baumgärtner, Klaus","Johnson, Uwe",1958-06-16,1958,6.0,BaumgärtnerKlaus,JohnsonUwe,565,7.227222096584538e-05,8.290560721370202e-05,7.838382914800256e-05,0.0001039644618393461,7.874334525448834e-05,0.1758403969274772,6.606290818662964e-05,9.109006115219344e-05,7.984467249828021e-05,9.706188879349872e-05,3.73507343168316e-05,8.453377854705088e-05,3.411091378456558e-05,9.800126639996688e-05,8.28534970838171e-05,0.00013264919982372688,1.6290065865004153e-05,5.703672541147695e-05,6.603890165983178e-05,0.00010311715963950288,6.61008868651947e-05,0.3380721707231435,8.229239631073304e-05,8.305374661937862e-05,0.00013548495953156518,0.00010617432952672026,6.720400248289112e-05,0.411578465653348,9.22505036326052e-05,7.384014903830536e-05,4.705032812497111e-05,0.0001890981543800304,0.00010945048595606424,8.57527467861775e-05,7.858946491192787e-05,0.0714343393826462,0.00010191311680852052,0.00010856324255321064,8.855414015110975e-05,9.694342212173965e-05
190,uj0361,uj0361,0862_101524.xml,letters-leipzig,Brief,"Bierwisch, Manfred","Johnson, Uwe",1973-02-02,1973,2.0,BierwischManfred,JohnsonUwe,490,9.752325922552013e-05,0.00011187182178021002,0.00010577018925019718,0.0001402883850351263,0.00010625531592791656,0.0001922662249994273,8.914448780149035e-05,0.00012291582475114452,0.0001077414335655522,0.00013097413660776187,5.040062829624833e-05,0.00011406885644835426,4.602885372795801e-05,0.00013224172136718878,0.00011180150500237856,0.00017899522288903572,2.1981617486258934e-05,7.696466613786473e-05,8.911209368512414e-05,0.00013914504571369165,0.2059784837422976,0.5996890853155874,0.0001110443624182178,0.00011207171929917712,0.0001828217626769785,0.0001432703537147901,9.068426661785829e-05,0.0001018236394546702,0.0001244817117727566,9.963900236740788e-05,6.348914264784785e-05,0.00025516675815713823,0.00014769115950230362,0.1748096550562914,0.00010604767165828316,0.0152847306341276,0.00013752032490733904,0.0001464939240055072,0.00011949388368085412,0.000130814279116389
191,uj0482,uj0482,0277_s000011.xml,letters-leipzig,Brief,"Johnson, Uwe","Baumgärtner, Klaus",1962-01-31,1962,1.0,JohnsonUwe,BaumgärtnerKlaus,182,0.0002358325947311123,0.0002705305607835912,0.00025577547729811083,0.000339248032891968,0.0002569486198293226,0.0004649418311165857,0.00021557089079217377,0.0606469804576905,0.00026054237768096306,0.0003167241407247062,0.00012187975506126415,0.0304507150114301,0.000111307846901025,0.045582096747853,0.0002703605194180665,0.00043284964216360703,5.3156364228798025e-05,0.00018611741508693007,0.00021549255472570785,0.00033648318806445344,0.00021569481960176008,0.499671064133296,0.0002685295828638324,0.00027101395675448777,0.0004421030532390671,0.00034645908609831936,0.0002192944131237677,0.0002462318557466368,0.0003010240358769456,0.00024094892491632595,0.00015353064865553177,0.0006170490931416384,0.00035714956248263216,0.00027982110567020585,0.000256446490519068,0.3537979766215258,0.00033255425740197727,0.00035425438490185857,0.00028896237540407374,0.0003163375703077917
192,uj0523,uj0523,0302_101270.xml,letters-leipzig,Brief,"Bierwisch, Manfred + Klemm, Eberhardt","Johnson, Uwe + Baumgärtner, Klaus + Baumgärtner, Sabine",1962-07-10,1962,7.0,BierwischManfred+KlemmEberhardt,JohnsonUwe+BaumgärtnerKlaus+BaumgärtnerSabine,188,0.0002593061874152672,0.0002974578148372153,0.00028123408440683845,0.0003730150791820977,0.2325308114958513,0.0005112198071440278,0.00023702773517276252,0.00032682289478776834,0.0002864754581256627,0.0003482492718503992,0.0001340110540872306,0.0003032995462143242,0.00012238687125592365,0.00035161967367867075,0.0168864342412787,0.00047593332279399406,5.8447281898173e-05,0.00020464260834174536,0.00023694160192745968,0.0003699750355789857,0.0002371639992339767,0.6489407940441042,0.0002952576696195181,0.00029798932561657984,0.0004861077719590873,0.0003809438844276981,0.00024112187822649135,0.0002707405386717016,0.00033098645737501033,0.00026493177142496724,0.00016881231875369234,0.0006784670625069357,0.00039269843716893286,0.0003076730939266271,0.000281971886915563,0.0904083102032971,0.000365655038880195,0.0003895150881445263,0.00031772423976389566,0.0003478242241546304
193,uj0564,uj0564,0748_101199.xml,letters-leipzig,Brief,"Johnson, Uwe","Zeibig, Brigitte",1970-06-24,1970,6.0,JohnsonUwe,ZeibigBrigitte,592,8.391148958852962e-05,9.625735730234324e-05,9.100735767578006e-05,0.00012070769018337072,9.142477299280132e-05,0.00016543074406442237,7.67021818121529e-05,0.0001057598980056666,0.0376704796713615,0.00011269347422971394,0.0590941571601852,9.814774174135492e-05,3.960439500318496e-05,0.00011378413635675856,9.619685496046336e-05,0.00015401203672979228,1.8913542076889297e-05,6.622235385281393e-05,7.667430909153445e-05,0.0108562314191307,7.674627686621943e-05,0.3388353491698843,9.55453902476104e-05,9.642935420559268e-05,0.00015730448876765475,0.00012327345178531125,7.802704662024459e-05,8.761164597881787e-05,0.00010710722697676842,8.573192873332863e-05,5.46276711277657e-05,0.0002195519606346233,0.00012707722538514576,9.956302190487111e-05,9.12461105884905e-05,0.5285037298934117,0.00011832598093331253,0.0054943008371224,0.0001028155729823588,0.0162173171594984
194,uj1099,uj1099,0505_101456.xml,letters-leipzig,Brief,"Johnson, Uwe","Bierwisch, Manfred",1964-08-30,1964,8.0,JohnsonUwe,BierwischManfred,431,0.00010197694796703784,0.00011698078016729005,0.00011060049849942428,0.00014669507002451748,0.00011110777992504614,0.00020104663213977835,9.321553510695168e-05,0.00012852914027398427,0.00011266176553021968,0.0001369554588305055,5.270232240072183e-05,0.00011927814893669324,4.813089778658734e-05,0.00013828093160574335,0.00011690725216534387,0.00018716957037595547,2.2985473213563035e-05,8.047948577981514e-05,9.318166161722885e-05,0.00014549951672352505,9.32691234660214e-05,0.2617319490775075,0.00011611553242051829,0.00011718980659905958,0.0001911708604471422,0.4111614938374885,9.48256324876636e-05,0.0131544635787077,0.00013016653816853095,0.00010418931279164828,6.638856256126004e-05,0.0002668197046135938,0.00015443591413336072,0.00012099812736040366,0.00011089065296427577,0.3095625250405661,0.00014380059822504418,0.0001531840033283827,0.0001249509261203298,0.00013678830097288945
195,uj0182,uj0182,0164_060139.xml,letters-leipzig,Brief,"Baumgärtner, Klaus","Johnson, Uwe",1959-03-17,1959,3.0,BaumgärtnerKlaus,JohnsonUwe,130,0.00033060394451601776,0.0003792455856628301,0.0003585610453959312,0.0004755777629943876,0.0003602056253096633,0.0006517826915015703,0.0003021999011628659,0.00041668476657652655,0.0003652435655602143,0.0004440024516815455,0.0001708581794040882,0.0003866935353447338,0.000156037859325682,0.0004482995652604287,0.00037900721171694936,0.0006067939813188026,7.451770485843006e-05,0.0002609102937658794,0.00030209008507658226,0.0004717018415722736,0.00030237363182692074,0.3832113970239389,0.0003764404976133349,0.000379923238448374,0.5716819474302547,0.0004856866397459358,0.0003074197528620002,0.0003451822377146486,0.0004219931251170697,0.0003377763158441057,0.00021522825590539717,0.0008650155606575477,0.0005006731757056441,0.0003922696156520687,0.0003595017110317555,0.0306648006894187,0.00046619403644370126,0.0004966145461961423,0.0004050843829888201,0.00044346053462885455
196,uj0886,uj0886,0399_101363.xml,letters-leipzig,Brief,"Bierwisch, Manfred","Johnson, Uwe",1963-09-22,1963,9.0,BierwischManfred,JohnsonUwe,124,0.00026368042507025945,0.00030247563252757727,0.00028597822388974853,0.0003793074728249274,0.0002872898946604942,0.000519843577184679,0.0002410261574811736,0.0003323360721906845,0.0002913080143737619,0.0003541238909384972,0.00013627168737491533,0.0003084159081068698,0.0001244514161326219,0.0003575511480957396,0.00030228551216023703,0.0004839618449152077,5.943322945252696e-05,0.00020809472574838,0.00024093857125363107,0.00037621614670775696,0.0002411647201816664,0.3899836827925672,0.0003002383730468013,0.0171720222005586,0.5571715089363001,0.00038737002913451175,0.000245189364659014,0.00027530766246768745,0.00033656986994057183,0.00026940090709088563,0.00017166001478701682,0.0006899121275170391,0.0003993228694975376,0.00031286323322217164,0.0002867284723934869,0.0244573841740383,0.0003718232759583405,0.000396085820539048,0.0003230839318997925,0.0003536916731105594
197,uj1221,uj1221,0975_101659.xml,letters-leipzig,Brief,"Johnson, Uwe","Klemm, Erika",1975-12-15,1975,12.0,JohnsonUwe,KlemmErika,1527,3.1307180073412145e-05,3.591339437820175e-05,3.395463182375142e-05,4.503575626350231e-05,3.411036850009296e-05,6.17218228337994e-05,2.861740424096728e-05,3.9458770040255776e-05,3.458744599792496e-05,4.2045671076852936e-05,1.6179745820788248e-05,3.66186923812562e-05,1.47763069413172e-05,4.2452594559895295e-05,3.5890821096266395e-05,5.746152989318019e-05,7.056598214747611e-06,2.4707404994496343e-05,2.860700499423937e-05,4.466871838653397e-05,2.8633856002278837e-05,0.2746320082661485,3.5647761138961706e-05,0.0380907524439774,5.868993603086034e-05,4.599303590293297e-05,2.911170819532734e-05,3.268769974930616e-05,3.996145532117797e-05,3.198638165115058e-05,2.0381456048205845e-05,0.008093445875128,0.2964740796853252,3.714673009278774e-05,3.4043709975836794e-05,0.3814487285130623,4.414714612513246e-05,4.702787514407651e-05,3.8360249275681584e-05,4.199435319321944e-05
198,uj0348,uj0348,0527_100963.xml,letters-leipzig,Brief,"Bierwisch, Manfred","Johnson, Uwe",1966-01-10,1966,1.0,BierwischManfred,JohnsonUwe,476,0.00010001937037129058,0.00011473518487390524,0.00010847738085119915,0.00014387907103443793,0.00010897492436277932,0.00019718728558525616,9.142614400691655e-05,0.00012606185947752096,0.0001104990792320322,0.0001343264241009258,5.1690634096333175e-05,0.0001169884527193074,4.720696380887426e-05,0.00013562645273549945,0.00011466306833574712,0.0001835766117232603,2.2544237735471808e-05,7.893457939243481e-05,9.13929207620372e-05,0.1793079451930348,9.147870366907783e-05,0.6214369064316881,0.00011388654666132352,0.00011494019877668751,0.00018750109192757424,0.0385394885186893,9.300533351460142e-05,0.00010442981897906416,0.0001276678254308536,0.0001021892660310494,6.511414941912722e-05,0.00026169776003427274,0.00015147131976656384,0.0001186754139632086,0.1536789665869716,0.0028784267841772,0.00014104016231327918,0.00015024344098639689,0.00012255233370883604,0.00013416247505160952
199,uj0462,uj0462,0286_s000015.xml,letters-leipzig,Brief,"Johnson, Uwe","Baumgärtner, Klaus + Baumgärtner, Sabine",1962-03-26,1962,3.0,JohnsonUwe,BaumgärtnerKlaus+BaumgärtnerSabine,315,0.00014570295299474583,0.0001671401768124366,0.00015802413736941694,0.00020959545582058343,0.00015874893256270298,0.0002872520562380679,0.00013318479323835342,0.00018364028005474924,0.00016096924113340367,0.00019567966269009164,0.3263234091775861,0.00017042261878087196,6.876861955175216e-05,0.00019757347596178045,0.0188097842059914,0.0002674247431228233,3.2841258637003754e-05,0.00011498773955666884,0.00013313639536433142,0.0002078872693148104,0.00013326135938705917,0.3273513466102846,0.0001659039253429629,0.00016743883027255606,0.00027314171927069646,0.00021405061498789684,0.0001354852733728899,0.0001521278623277947,0.0001859797667055945,0.00014886394275246672,9.485486478158412e-05,0.00038122751910512666,0.00022065544406121016,0.00017288009510682415,0.00015843870520260153,0.3211198750382712,0.0002054598830568291,0.00021886673489891707,0.00017852778768241847,0.00019544083034654276
200,uj0617,uj0617,0055_060050.xml,letters-leipzig,Brief,"Johnson, Uwe","Baumgärtner, Klaus",1957-08-22,1957,8.0,JohnsonUwe,BaumgärtnerKlaus,770,2.5953129035037643e-05,2.977160370873608e-05,2.8147822288453447e-05,3.733388924701679e-05,2.827692539026913e-05,5.116635955480808e-05,2.372334982493073e-05,3.271066087770523e-05,2.867241466243971e-05,3.485515860143016e-05,1.3412738868731404e-05,3.035628396542173e-05,1.2249311493723784e-05,3.519249136784416e-05,2.9752890835285366e-05,4.763464791052456e-05,5.849801981089146e-06,2.0482025798537827e-05,2.3714729023198875e-05,3.702962098141865e-05,2.3736988060095043e-05,0.0018568690559324,2.9551398193010105e-05,2.9824800926966243e-05,4.865297606795961e-05,3.812745806881743e-05,2.41331195416524e-05,2.709755677333508e-05,3.31273785740674e-05,2.6516175791293304e-05,1.6895886422880352e-05,0.9962817693995052,3.930393375219119e-05,3.079401840303665e-05,2.8221666587743685e-05,0.0007468971407272877,3.659724629390262e-05,3.898532250416233e-05,3.180000552376377e-05,3.48126169335884e-05
201,uj0306,uj0306,0532_100970.xml,letters-leipzig,Brief,"Klemm, Eberhardt","Johnson, Uwe",1966-02-01,1966,2.0,KlemmEberhardt,JohnsonUwe,986,4.895716393726968e-05,5.616021411045647e-05,5.309716406035471e-05,7.042547100253415e-05,5.33407000791472e-05,0.2412639076014477,4.475097877224605e-05,6.170435884337005e-05,5.408673856672018e-05,6.574967170263124e-05,2.530136750592856e-05,5.726313650331324e-05,0.0939844271023868,6.638600559225384e-05,5.612491473626436e-05,8.98564972147024e-05,1.1034881928961633e-05,3.863664737429797e-05,4.4734716763796606e-05,6.985150894425262e-05,4.477670550885082e-05,0.5296861333838522,5.574482537182948e-05,5.62605636648545e-05,9.177743932839436e-05,7.192243419537114e-05,4.552395543995296e-05,5.111597632257193e-05,6.249044196070136e-05,5.001927757732991e-05,3.1871867178471135e-05,0.0001280949889251821,7.414170081333395e-05,5.808886493838443e-05,5.323646161716585e-05,0.1110304636580662,0.0219933439814084,7.354068260543506e-05,5.9986527309720456e-05,6.566942244236356e-05
202,uj0534,uj0534,0288_060263.xml,letters-leipzig,Brief,"Johnson, Uwe + Baumgärtner, Klaus","Bierwisch, Manfred",1962-04-11,1962,4.0,JohnsonUwe+BaumgärtnerKlaus,BierwischManfred,5518,7.729422385269585e-06,0.0158325879001644,8.383051130337305e-06,0.0677564254715067,8.421500922030427e-06,1.5238486441529468e-05,7.065344257443791e-06,0.0009987245446934046,8.539286474181856e-06,1.0380645924131251e-05,0.3565322140413428,9.040780419931764e-06,3.64811897385888e-06,1.048111116793616e-05,8.861076448171848e-06,1.4186663711222505e-05,1.7422018871397803e-06,6.100005455571759e-06,7.0627767898449805e-06,1.1028249462537707e-05,0.0079189300313309,0.3610371668824197,8.801067432011717e-06,8.882492882067527e-06,0.0010034725227787,1.1355209905236673e-05,7.187382845429002e-06,8.070258566015943e-06,9.866074382399618e-06,7.89711030435944e-06,5.0319729293402495e-06,2.022380781917449e-05,1.170559068092341e-05,0.0257227181797588,8.40504361452632e-06,0.1629100767839998,1.0899478608587936e-05,1.1610701124084684e-05,9.470752995341845e-06,1.036797606381195e-05
203,uj0446,uj0446,0099_060082.xml,letters-leipzig,Brief,"Johnson, Uwe","Baumgärtner, Klaus",1958-03-20,1958,3.0,JohnsonUwe,BaumgärtnerKlaus,509,7.80459063811173e-05,0.0450265461038949,8.464575890603314e-05,0.2347833604841873,8.503399604631075e-05,0.00015386679973293423,7.134054383128275e-05,9.83670667640618e-05,8.622330615488727e-05,0.00010481597195597144,4.0334610930734194e-05,9.128701565215642e-05,3.683596751596561e-05,0.0001058303945896079,8.947249981161729e-05,0.00014324628318624982,1.7591447148734748e-05,0.0599776163850588,7.13146194703324e-05,0.00011135498646588782,7.138155655169115e-05,0.449961123450381,8.886657380268523e-05,8.968874688824556e-05,0.00014630858615299945,0.00011465638763524856,7.257279790384179e-05,8.148741433965799e-05,9.962021470910264e-05,0.0350307525727891,5.080908618786892e-05,0.00020420483356337497,0.0001181942697503604,9.260336486352756e-05,8.486782250620267e-05,0.1620221208244752,0.00011005475502412663,0.0001172361462192031,0.0100816324073563,0.00010468804121508882
204,uj0230,uj0230,0622_101069.xml,letters-leipzig,Brief,"Johnson, Uwe","Klemm, Ine",1968-07-31,1968,7.0,JohnsonUwe,KlemmIne,345,0.0001310447469744289,0.00015032531413716025,0.0001421263788536557,0.0001885094496059315,0.00014277825721823405,0.0002583535354218899,0.00011978595609789066,0.00016516545162235444,0.00014477519529582482,0.0001759936319628975,6.77247421270121e-05,0.00015327753142837307,6.185026565154858e-05,0.00017769692126420785,0.00015023082750461578,0.2433652974178809,2.9537317809633745e-05,0.00010341958708214088,0.00011974242721240856,0.0001869731123949607,0.00011985481943509642,0.4034056713941794,0.00014921343371412043,0.0001505939220569723,0.00024566274570481534,0.0001925164048104183,0.00012185500021095614,0.00013682328886790307,0.00016726957806529024,0.0001338877305548937,8.531214707120317e-05,0.0003428747513622603,0.0001984567659145128,0.000155487777389151,0.00014249923977161782,0.3474994288770147,0.0001847899293403397,0.00019684800689648524,0.0001605672931391496,0.00017577882695458166
205,uj0456,uj0456,0134_060112.xml,letters-leipzig,Brief + Postkarte,"Baumgärtner, Klaus + Baumann, Sabine","Johnson, Uwe + Schmidt, Elisabeth",1958-08-28,1958,8.0,BaumgärtnerKlaus+BaumannSabine,JohnsonUwe+SchmidtElisabeth,167,0.0002162560950661816,0.00024807377766346376,0.00023454351590900357,0.0003110870019292626,0.2907711532012748,0.0004263469387886452,0.0001976763182621406,0.0141075890831087,0.00023891471516388377,0.0002904328214868286,0.00011176249800085196,0.00025294566301503087,0.00010206816554974058,0.00029324366817525986,0.0002479178514576311,0.000396918727336322,4.87438463251534e-05,0.00017066778006832176,0.0417026807599666,0.0003085516672926575,0.0140328153847497,0.5135333945747977,0.0002462389012260737,0.00024851704686107407,0.0004054040113467987,0.00031769946450890737,0.000201090750436965,0.0002257921118383984,0.0002760359847375342,0.00022094771790222363,0.0001407860460895104,0.0005658277537890105,0.0003275025228177244,0.0002565931130017664,0.00023515882822012588,0.0062235678346036,0.0003049488777638325,0.0003248476743695907,0.00026497556454052373,0.1109702817405582
206,uj0993,uj0993,0728_101171.xml,letters-leipzig,Brief,"Baumgärtner, Klaus","Johnson, Uwe",1969-12-11,1969,12.0,BaumgärtnerKlaus,JohnsonUwe,576,8.00442108763364e-05,0.0052126649287159,8.68130474720364e-05,0.1537404598072463,8.721122512115814e-05,0.000157806439002031,7.316716275391106e-05,0.0001008856787042737,8.843098658646017e-05,0.00010749970307836444,4.136734715064823e-05,9.362434841169978e-05,3.777912370295952e-05,0.00010854009921148148,0.0052126072147814,0.00014691399242158987,1.804186241770561e-05,6.317032485675947e-05,7.314057461994014e-05,0.0103558938268925,7.320922557300309e-05,0.4256361197996921,9.114193303853608e-05,0.3892761171090707,0.00015005470326477952,0.00011759207491778534,7.443096772986307e-05,8.357383595905143e-05,0.0001021709125239986,8.178075035988464e-05,5.211001316834868e-05,0.0002094333388851337,0.00012122054174210228,9.49744017168323e-05,8.704079683730266e-05,0.0074244116368845,0.0001128726210965765,0.0001202378862060255,9.807705053893196e-05,0.00010736849677074892
207,uj0957,uj0957,0201_060170.xml,letters-leipzig,Brief,"Bierwisch, Manfred + Baumgärtner, Klaus + Baumgärtner, Sabine","Johnson, Uwe",1960-07-19,1960,7.0,BierwischManfred+BaumgärtnerKlaus+BaumgärtnerSabine,JohnsonUwe,144,0.00025507471135127155,0.0329295115529794,0.00027664477896677394,0.000366928049810366,0.0002779136408595242,0.0005028774902909936,0.0002331598090045357,0.00032148965044737977,0.0002818006215702217,0.0003425663821637796,0.00013182420087970258,0.0002983501665530848,0.00012038970673999408,0.0003458817842452092,0.0166108737426633,0.0004681668268089386,5.749351262323604e-05,0.00020130315737259063,0.00023307508132062516,0.00036393761501862977,0.00023329384944694944,0.4914849985619753,0.00029043952095071944,0.0002931266005453364,0.3921210687220466,0.00037472746921312456,0.0002371871419736032,0.0002663224716739098,0.00032558527013050334,0.00026060849452767744,0.00016605756271322077,0.000667395529028215,0.0003862902058273964,0.00030265234472868737,0.00027737054167927634,0.0399776246768607,0.00035968811398679444,0.000383158804137276,0.0166309933662957,0.0003421482705892373
208,uj0114,uj0114,0900_000038.xml,letters-leipzig,Brief,"Johnson, Uwe","Klemm, Eberhardt",1973-01-09,1973,1.0,JohnsonUwe,KlemmEberhardt,739,5.637276746862551e-05,6.466687276030852e-05,0.4652943096104129,8.109290615325001e-05,6.1420283373203e-05,0.00011113840205954562,5.152946611763873e-05,7.105079610687753e-05,6.227932525390682e-05,7.570885762051368e-05,2.9133797637410545e-05,6.593685620273425e-05,2.660671811688741e-05,0.0217151936592866,6.4626226545269e-05,0.00010346717447767484,1.2706349449125874e-05,4.44889892108413e-05,5.151074088220499e-05,8.043200533618518e-05,5.155908971557029e-05,0.1158335226391422,6.418856456415342e-05,6.47824223886103e-05,0.00010567908412249416,8.281661625392128e-05,5.2419526538686574e-05,5.88585778958996e-05,7.19559482280484e-05,5.759576080486306e-05,3.6699539204212166e-05,0.1335864688679943,8.537203799292567e-05,0.0036733463390143,6.130025577956848e-05,0.2576809008830503,7.949284467907308e-05,8.467998279704652e-05,6.907276245850722e-05,7.561645290331242e-05
209,uj0731,uj0731,1123_101854.xml,letters-leipzig,Brief,"Menzhausen, Joachim","Johnson, Uwe",1982-09-01,1982,9.0,MenzhausenJoachim,JohnsonUwe,793,5.347968344022802e-05,6.13481303045051e-05,5.800212465656944e-05,7.693116987271569e-05,0.1026994602904447,0.00010543471301999226,0.0034702580142889,6.740442689968655e-05,5.908311315926858e-05,7.182343391992935e-05,2.763863377698331e-05,6.255293743967121e-05,2.5241245483760392e-05,7.251855047167467e-05,6.130957007744924e-05,9.815717741018344e-05,1.2054252021569871e-05,4.220578776615318e-05,4.886717895631286e-05,7.630418687952334e-05,4.8913046498730746e-05,0.3835987228998402,6.0894369170080095e-05,6.14577498570072e-05,0.0001002555705335858,7.856641814357497e-05,4.97293251912073e-05,5.583792059466655e-05,0.4345826431541861,5.463991202946473e-05,3.4816096976892994e-05,0.00013992802905772855,8.099069411573285e-05,6.345494425060055e-05,5.815429011394361e-05,0.0733879099004531,7.541322450713626e-05,8.033415560501701e-05,6.552790711718982e-05,7.173577146789418e-05
210,uj0880,uj0880,0407_s000040.xml,letters-leipzig,Brief,"Johnson, Uwe","Baumgärtner, Klaus",1963-11-15,1963,11.0,JohnsonUwe,BaumgärtnerKlaus,121,0.0003697006189514188,0.0004240945399468714,0.0004009638802368281,0.0005318188008795451,0.0004028029454449335,0.0007288614321365951,0.3551129644523091,0.00046596121633238905,0.00040843666415810734,0.0004965094455933261,0.00019106358446834424,0.0004324232718116706,0.00017449063790515084,0.0005013147287007112,0.000423827976293304,0.0006785524316655213,8.333004510678479e-05,0.00029176511259492447,0.00033781475776217834,0.0005274845194151774,0.00033813183628117564,0.4758326785043144,0.0004209577268346451,0.00042485233082748686,0.0006930584494020007,0.0005431231366382187,0.00034377470322489496,0.00038600291693724313,0.0004718973325542564,0.0003777211830231068,0.0002406807926643008,0.0009673108669222478,0.0005598819554973005,0.0004386587701326673,0.000402015787431401,0.1525495114830894,0.0005213253703824037,0.0005553433591900061,0.0004529889906115881,0.0004959034423283213
211,uj0399,uj0399,0132_000000.xml,letters-leipzig,Brief + Rundschreiben,"Baumgärtner, Klaus + Baumann, Sabine","Johnson, Uwe",1958-08-27,1958,8.0,BaumgärtnerKlaus+BaumannSabine,JohnsonUwe,74,0.0005162118881522927,0.0005921619602422696,0.0005598646880413304,0.0007425770293151537,0.0005624325693886863,0.1000919726379082,0.00047186122297207214,0.0006506202774853603,0.0005702989142774098,0.0006932746802592157,0.1323658022702708,0.0006037913440773209,0.0002436407650963449,0.0006999842829453164,0.0005917897581958918,0.0009474607669142614,0.00011635349717940748,0.0004073907695820867,0.00047168975384658137,0.0007365250848395111,0.00047213248965115854,0.4662552399932261,0.000587782037308854,0.0005932200614226695,0.000967715476864592,0.0007583612401256291,0.0004800116081873173,0.0005389747389377538,0.0006589088591271028,0.0005274109782031444,0.00033606188373613594,0.0013506533217619,0.0007817615296652732,0.0006124979520645667,0.0005613334629668677,0.080905413982283,0.1988764562060024,0.0007754243009746789,0.0006325071968206175,0.0006924285196805782
212,uj0255,uj0255,0845_s000088.xml,letters-leipzig,Brief,"Johnson, Uwe","Baumgärtner, Klaus + Baumgärtner, Sabine",1972-10-19,1972,10.0,JohnsonUwe,BaumgärtnerKlaus+BaumgärtnerSabine,385,0.000106131350315561,0.00012174641826048088,0.0001151062125835755,0.00015267122792663091,0.00011563415996545492,0.00020923699885867772,9.701300939586974e-05,0.00013376524287219592,0.00011725145283345996,0.00014253483820154166,5.484934343164103e-05,0.00012413737871311547,5.009168518792983e-05,0.00014391430893730025,0.00012166989482760592,0.0001947946044473152,2.3921870171934525e-05,8.375811071806755e-05,9.697775594618476e-05,0.0069412005920146,9.706878087190085e-05,0.401400252011273,0.00012084592149574084,0.0001219639601451676,0.00019895890164119232,0.00015591640620599476,9.868869995693398e-05,0.2513324353488977,0.0001354693461329472,0.00010843384387814976,6.909314242678733e-05,0.00027768957696785627,0.00016072742351035574,0.00012592742672162246,0.00011540818754721858,0.335753229088187,0.00014965883927750494,0.00015942451155960874,0.00013004125713408232,0.0001423608705598509
213,uj1212,uj1212,0976_s000103.xml,letters-leipzig,Brief,"Johnson, Uwe","Baumgärtner, Klaus + Baumgärtner, Sabine",1975-12-19,1975,12.0,JohnsonUwe,BaumgärtnerKlaus+BaumgärtnerSabine,1081,4.1321364358442905e-05,4.7400962046735705e-05,0.3886455280127557,5.944128118081839e-05,4.502120478075609e-05,8.146469673097954e-05,3.777121365964587e-05,5.2080392106414127e-05,0.0026891931453482,5.549476159104381e-05,2.1355138684482556e-05,0.0872852264741561,1.95027837563976e-05,5.603184712443812e-05,4.737116828040385e-05,7.584166979402033e-05,9.313782502256e-06,3.261052837512629e-05,3.775748802028489e-05,5.8956839407014616e-05,3.779292782303904e-05,0.232944597206966,4.705036107154047e-05,4.748566018214653e-05,7.746300449986748e-05,6.0704764531317486e-05,3.842362993457182e-05,4.314346894907839e-05,5.274387063120956e-05,4.22178212031906e-05,2.690084413698886e-05,0.00010811614244342907,6.257789436879894e-05,0.0026925710640982,4.493322428676314e-05,0.2840481967935439,5.826843254947933e-05,6.207061636579881e-05,5.063048902789205e-05,5.542702872712086e-05
214,uj0567,uj0567,0755_101206.xml,letters-leipzig,Brief,"Klemm, Eberhardt","Johnson, Uwe",1970-07-13,1970,7.0,KlemmEberhardt,JohnsonUwe,297,0.00016579344996397913,0.0001901865814780199,0.0001798135615892573,0.0002384958781070168,0.0001806382963879853,0.0003268602896104213,0.00015154920267485667,0.00020896182923434712,0.00018316475594391715,0.00022266128241304705,8.568308844420281e-05,0.00019392162848336835,7.825089643280244e-05,0.0002248162273159975,0.00019006704013701457,0.00030429905404636933,3.7369630873469846e-05,0.00013084301761095475,0.0001514941313784958,0.00023655215542910896,0.00015163632627587827,0.60583543335168,0.0001887798673934092,0.00019052641527328047,0.0003108043250751031,0.00024356534439651728,0.00015416688838567515,0.00017310426873695453,0.0002116238999406444,0.0001693902981160701,0.00010793408750317284,0.00043379371738558336,0.0002510808914460441,0.000196717958069764,0.00018028529280605867,0.1108379984878342,0.000233790064930364,0.0002490455431095595,0.2759765114558174,0.00022238951826972605
215,uj0541,uj0541,0274_s000010.xml,letters-leipzig,Brief,"Johnson, Uwe","Baumgärtner, Klaus",1962-01-22,1962,1.0,JohnsonUwe,BaumgärtnerKlaus,286,0.00016405339012654104,0.00018819050725360723,0.00017792635581112708,0.00023599278103666384,0.00017874243473171205,0.0003234297773523795,0.0001499586411597451,0.00020676870226408816,0.00018124237821716491,0.00022032437492385744,8.478381467324379e-05,0.0001918863536434527,7.74296260982034e-05,0.00022245670293163908,0.00018807222054049248,0.0003011053297910895,3.697742361897976e-05,0.00012946977469934702,0.0001499041478557658,0.00023406945840331555,0.00015004485036831594,0.3370932975718613,0.00018679855712186636,0.00018852677437516236,0.000307542325741096,0.00024100904151683032,0.00015254885334990627,0.00017128747931744668,0.00020940283361378564,0.00016761248810809044,0.00010680128176931782,0.00042924090166506114,0.0002484457102899228,0.0526713898348083,0.00017839313604497587,0.6029560382999363,0.00023133635700362893,0.0002464317236411061,0.00020101232129556248,0.0002200554630396043
216,uj0662,uj0662,0236_060209.xml,letters-leipzig,Brief,"Johnson, Uwe","Baumgärtner, Klaus",1961-05-22,1961,5.0,JohnsonUwe,BaumgärtnerKlaus,545,7.227222096584538e-05,0.0047065348939612,7.838382914800256e-05,0.0463402573293152,0.0370677776392352,0.2220766897949531,6.606290818662964e-05,9.109006115219344e-05,7.984467249828021e-05,9.706188879349872e-05,3.73507343168316e-05,8.453377854705088e-05,3.411091378456558e-05,9.800126639996688e-05,8.28534970838171e-05,0.00013264919982372688,1.6290065865004153e-05,5.703672541147695e-05,0.3052255718270007,0.00010311715963950288,6.61008868651947e-05,0.3010831364291628,8.229239631073304e-05,8.305374661937862e-05,0.00013548495953156518,0.00010617432952672026,6.720400248289112e-05,7.545913281258314e-05,0.0093395090771277,7.384014903830536e-05,4.705032812497111e-05,0.0001890981543800304,0.00010945048595606424,8.57527467861775e-05,7.858946491192787e-05,0.0714343393826462,0.00010191311680852052,0.00010856324255321064,8.855414015110975e-05,9.694342212173965e-05
217,uj0963,uj0963,0203_060172.xml,letters-leipzig,Brief,"Baumgärtner, Klaus","Johnson, Uwe",1960-07-25,1960,7.0,BaumgärtnerKlaus,JohnsonUwe,531,6.559945465193185e-05,7.525107915773462e-05,7.114678886192192e-05,9.436560698841268e-05,7.147311148227141e-05,0.1008510353035847,5.996343673749249e-05,8.267987694219212e-05,7.247275512986605e-05,8.810033630139865e-05,3.390220708993108e-05,7.672892431207229e-05,3.0961513456242697e-05,8.895298283519852e-05,0.0294523681968212,0.00012040193385732396,1.4786032900432575e-05,0.5875950589565964,5.99416466908469e-05,9.359653470182324e-05,5.999790891184903e-05,0.210333596444753,7.469448493268109e-05,7.538554111414024e-05,0.00012297587288772997,9.637144150141566e-05,0.0126512124971976,6.849212456543259e-05,8.373317782118296e-05,6.702261869908957e-05,4.270625456011891e-05,0.012761852377678,0.0084928206637908,7.783534737000654e-05,7.133343863952885e-05,0.0144780799075898,9.250365901550198e-05,9.853979041410124e-05,8.037809304115373e-05,0.0210716816764173
218,uj0186,uj0186,0153_060129.xml,letters-leipzig,Brief,"Bierwisch, Manfred","Johnson, Uwe",1959-01-26,1959,1.0,BierwischManfred,JohnsonUwe,709,6.671947115124376e-05,7.653588328750809e-05,7.236151812790777e-05,9.597676423591415e-05,7.269341223845988e-05,0.0001315368349466626,0.1025023723190503,8.409151712773452e-05,7.371012336603096e-05,8.960452304770704e-05,3.4481038598596586e-05,7.803896052593958e-05,3.1490136843413464e-05,9.04717272968264e-05,7.648777683303526e-05,0.0001224576240026885,1.5038483182157066e-05,5.265453454724801e-05,6.096506424280511e-05,9.519456114427896e-05,0.2348225297912268,0.5980799347010357,7.59697860152297e-05,7.667264098875646e-05,0.00012507550934633097,9.80168454932136e-05,6.204064915929928e-05,6.966152925017034e-05,8.516280160688589e-05,6.81669336811023e-05,4.343540253832911e-05,0.00017456954674015387,0.00010104129142075576,7.916427416896604e-05,7.255135468247224e-05,0.0616775738349592,9.40830261747842e-05,0.00010022221585022916,8.175043357152837e-05,8.949515829340469e-05
219,uj0964,uj0964,0205_060174.xml,letters-leipzig,Brief,"Baumgärtner, Klaus + Baumgärtner, Sabine","Johnson, Uwe",1960-07-30,1960,7.0,BaumgärtnerKlaus+BaumgärtnerSabine,JohnsonUwe,385,0.0001278297222181009,0.0001466372639282643,0.00013863947962959968,0.00018388459770398463,0.0001392753649450202,0.0002520151431441108,0.00011684715219154036,0.00016111331654547432,0.00014122331055626237,0.0001716758405459916,0.0654895124247599,0.0001495170521302046,6.033284400858876e-05,0.00017333734169938046,0.0001465450954112475,0.0002346200260530768,2.881265535512093e-05,0.3108622661427678,0.00011680469123474424,0.00018238595267283317,0.00011691432604985412,0.4998217049661168,0.00014555266214987596,0.00014689928187684994,0.00023963570664080303,0.00018779324709707987,0.00011886543480367564,0.00013346649455825887,0.0083410969742183,0.0001306029566265915,8.321911647530347e-05,0.0003344627330295866,0.0001935878686087669,0.0001516730723730844,0.0001390031928548111,0.1099918773652342,0.00018025633138036025,0.00019201857855221505,0.00015662796833279416,0.00017146630551938402
220,uj0090,uj0090,0939_101615.xml,letters-leipzig,Brief,"Klemm, Ine","Johnson, Uwe",1974-10-08,1974,10.0,KlemmIne,JohnsonUwe,452,0.000123780643882893,0.000141992446133127,0.00013424799614960805,0.00017805994966578218,0.00013486373944007795,0.0002440324217664636,0.00011314595293787796,0.00015600996164320265,0.00013674998277867352,0.0001662379117562586,6.397060836723385e-05,0.00014478101542434658,5.8421767246958575e-05,0.00016784678392628294,0.0001419031971057168,0.2061183435241251,2.789999829419749e-05,9.768680832073551e-05,0.00011310483695576592,0.00017660877505874264,0.000113210999026455,0.7294751795369886,0.00014094219972598558,0.0001422461645158476,0.0002320451108758682,0.00018184479039135565,0.00011510030531330992,0.0001292388682893858,0.00015799745165658285,0.00012646603453199008,8.058310416339077e-05,0.00032386843787862095,0.00018745586400810416,0.0001468687425136136,0.00013460018855387986,0.0589944792845461,0.0001745466107182831,0.00018593628209657043,0.0001516666893574563,0.00016603501386944908
221,uj1199,uj1199,0947_101622.xml,letters-leipzig,Brief,"Johnson, Uwe","Klemm, Erika",1975-01-22,1975,1.0,JohnsonUwe,KlemmErika,307,0.00012090826589737264,0.00013869745619294826,0.0001311327191834842,0.0001739279992777495,0.00013173417391140673,0.00023836955450348205,0.00011052035709207708,0.0001523896898035298,0.00013357664623967982,0.0001623802963560729,6.248614551884032e-05,0.000141421315649157,5.706606741497095e-05,0.0001639518340216244,0.00013861027822393237,0.00022191631181419416,2.725256798213572e-05,9.54199479385768e-05,0.00011048019522232192,0.00017251049974189756,0.00011058389376086916,0.3335260714527999,0.0001376715811621757,0.0001389452869419146,0.000226660413824542,0.00017762501130218027,0.0851988555001517,0.00012623983008354804,0.0001543310593381195,0.00012353134101198045,7.871314188865254e-05,0.0312568715419701,0.3327936807972479,0.0001434605962193006,0.0001314767388260304,0.2123280824327734,0.00017049618872703282,0.00018162155835099855,0.00014814720484048068,0.00016218210679364343
222,uj0855,uj0855,0375_101336.xml,letters-leipzig,Brief,"Bierwisch, Manfred","Johnson, Uwe",1963-07-08,1963,7.0,BierwischManfred,JohnsonUwe,1003,4.607122203445198e-05,5.284966459863728e-05,4.996717616156815e-05,6.627400875581764e-05,5.0196356144492646e-05,9.082899825149148e-05,4.211298436153197e-05,5.806699138881825e-05,5.089841692667485e-05,6.187383990595563e-05,2.3809894740522665e-05,5.388757158428664e-05,0.002969159935723,6.247266299044666e-05,5.281644606277263e-05,8.455960888014513e-05,1.0384394327346442e-05,3.635908244458206e-05,4.209768097094013e-05,6.573388078883977e-05,4.213719455058335e-05,0.5780422465803466,5.2458762322671776e-05,5.294409871675029e-05,8.636731470944173e-05,6.768272850361521e-05,4.2840395363750287e-05,4.810277608569205e-05,5.8806736237652006e-05,4.707072587417059e-05,0.4156155535644573,0.00012054400626299546,6.977117311288264e-05,5.466462472652074e-05,5.009826236331231e-05,0.001325869568979,6.496634211542066e-05,6.920558391048648e-05,5.645042311484794e-05,6.179832120367478e-05
223,uj0429,uj0429,0103_060087.xml,letters-leipzig,Brief,"Johnson, Uwe","Baumgärtner, Klaus",1958-04-26,1958,4.0,JohnsonUwe,BaumgärtnerKlaus,715,5.914575484092032e-05,6.784784878157503e-05,6.414734015814003e-05,8.50818819449885e-05,6.444155903243779e-05,0.00011660532162597748,5.406421055651751e-05,7.45457985565181e-05,6.534285734997149e-05,7.943299102002068e-05,3.056689479732015e-05,6.918030295600501e-05,2.7915507744740945e-05,8.020175385687154e-05,6.780520317132931e-05,0.00010855674487056532,1.3331377244505992e-05,4.667741122429813e-05,5.404456422311869e-05,8.438847128846829e-05,5.409529134498051e-05,0.386401671883518,6.734601251242368e-05,6.79690823185182e-05,0.00011087745878008844,0.0341416401255211,5.499805322241467e-05,0.4768282502565408,0.0038593565579352,6.042890745671913e-05,3.850479666010978e-05,0.00015475313931638147,8.95715051103279e-05,7.017787568404283e-05,6.431562725817808e-05,0.0962986646049089,8.340311313636577e-05,8.884540758505324e-05,7.247046504909868e-05,7.933604089684688e-05
224,uj0497,uj0497,0278_060255.xml,letters-leipzig,Brief,"Baumgärtner, Klaus","Johnson, Uwe",1962-02-01,1962,2.0,BaumgärtnerKlaus,JohnsonUwe,831,6.505343027562667e-05,7.462471840852703e-05,7.055459063069313e-05,9.358014433519548e-05,7.087819706832135e-05,0.0001282522504035138,5.946432438481472e-05,8.199168176618208e-05,7.186952007053712e-05,0.00424917278225,0.2913600231428683,7.609026255391645e-05,3.070380184622839e-05,8.821257276272478e-05,7.45778132123698e-05,0.00011939975493389833,1.4662959706679298e-05,5.133970687657527e-05,5.9442715710052365e-05,9.281747350754877e-05,5.949850962618373e-05,0.6747051062981234,7.407275705757591e-05,7.475806115584359e-05,0.00012195226949574456,9.556928306094314e-05,6.0491442373548485e-05,6.792202272851806e-05,0.0208920650099906,6.646474845812968e-05,4.235078428777828e-05,0.0001702103994704198,9.85182060496125e-05,7.718747617614209e-05,7.073968680806137e-05,0.0060339584770696,9.173369449387771e-05,9.77195834796444e-05,7.970905702013395e-05,8.726038950231762e-05
225,uj0981,uj0981,0649_s000208.xml,letters-leipzig,Brief + Umschlag,"Johnson, Uwe","Bierwisch, Manfred",1969-01-31,1969,1.0,JohnsonUwe,BierwischManfred,373,0.00011554570007441128,0.00013254589796165824,0.0075173751404702,0.00016621388364090306,0.00012589145361854452,0.00022779730440356,0.00010561851944446314,0.00014563084882399135,0.0518720614675077,0.1479963476614613,5.971473807303056e-05,0.00013514894784775195,5.4535053174554304e-05,0.00015668018476579546,0.00013246258654050564,0.00021207380170572444,2.604385252695766e-05,9.11878489348702e-05,0.00010558013884804388,0.0001648592535417154,0.00010567923811263268,0.4517904585144909,0.00013156552290012117,0.00013278273683430892,0.00021660749163950733,0.00016974692449113704,0.00010744285163670004,0.00012064079685552126,0.00014748611405596235,0.00011805243564137728,7.522202900751768e-05,0.0150864388793239,0.00017498470164981504,0.00013709778153068138,0.00012564543638438145,0.2842234759594549,0.00016293428195558995,0.00017356621528328187,0.0001415765280422612,0.0371152812773434
226,uj0131,uj0131,1064_101757.xml,letters-leipzig,Brief,"Klemm, Ine","Johnson, Uwe",1979-10-28,1979,10.0,KlemmIne,JohnsonUwe,366,0.0001310447469744289,0.00015032531413716025,0.0001421263788536557,0.1007918652432632,0.00014277825721823405,0.0002583535354218899,0.00011978595609789066,0.00016516545162235444,0.00014477519529582482,0.0001759936319628975,6.77247421270121e-05,0.00015327753142837307,6.185026565154858e-05,0.00017769692126420785,0.00015023082750461578,0.3104342012803192,2.9537317809633745e-05,0.0168706455526916,0.00011974242721240856,0.0001869731123949607,0.00011985481943509642,0.5459270921018606,0.00014921343371412043,0.0001505939220569723,0.0086292757285095,0.0001925164048104183,0.00012185500021095614,0.00013682328886790307,0.00016726957806529024,0.0001338877305548937,8.531214707120317e-05,0.0003428747513622603,0.0001984567659145128,0.000155487777389151,0.00014249923977161782,0.0121549095648236,0.0001847899293403397,0.00019684800689648524,0.0001605672931391496,0.00017577882695458166
227,uj1159,uj1159,0519_101472.xml,letters-leipzig,Brief,"Johnson, Uwe","Bierwisch, Manfred",1964-11-23,1964,11.0,JohnsonUwe,BierwischManfred,986,0.0028034398111805,4.949441112664303e-05,4.679492251388516e-05,6.206648729528092e-05,4.700955260440714e-05,8.506256029856387e-05,3.943936782927657e-05,5.4380506792459694e-05,4.76670418288537e-05,5.794567086748217e-05,2.229828189297365e-05,0.0414548689446612,2.0364118272566427e-05,5.8506476620196224e-05,4.94633015276778e-05,7.919119408621476e-05,9.725122875275866e-06,3.405076244790502e-05,3.942503600122551e-05,6.156065029779712e-05,3.946204099209534e-05,0.2653148725430049,4.912832596595356e-05,4.958284992945784e-05,8.088413454649427e-05,0.2070853983714582,4.012059787066392e-05,4.504888714051525e-05,5.507328764461932e-05,0.0469690718809863,2.8088911741013108e-05,0.00011289105900942972,6.534162805124477e-05,5.119414533366475e-05,4.69176864786412e-05,0.3517989690868267,6.084184016065987e-05,0.0028251054475955,5.286656918521446e-05,0.0801063864850579
228,uj0181,uj0181,0151_060127.xml,letters-leipzig,Brief,"Baumgärtner, Klaus + Baumann, Sabine","Johnson, Uwe",1959-01-12,1959,1.0,BaumgärtnerKlaus+BaumannSabine,JohnsonUwe,381,0.0001013159631371574,0.00011622254487372982,0.00010988361833049665,0.0001457442353718095,0.3954945938123179,0.00019974350651587848,9.261133919951187e-05,0.00012769605187888794,0.00011193152482967336,0.0001360677534964967,5.236072132027367e-05,0.00011850502276891598,4.781892734699599e-05,0.000137384634943848,0.00011614949345884405,0.0001859563918184472,2.2836488081092703e-05,7.99578412289875e-05,9.257768526786848e-05,0.00014455643129856926,9.266458021446995e-05,0.5063403942693092,0.00011536290541045848,0.000116430216457142,0.0001899317466945753,0.0131122587702996,9.421100039867008e-05,0.00010578358622761204,0.0001293228366379138,0.00010351398805832512,0.0519196246382299,0.00026509025712003105,0.00015343490558715605,0.00012021385279420442,0.0065918801904694,0.0223608659248358,0.00014286852469421824,0.00015219110930283147,0.00012414103066560653,0.00013590167910735345
229,uj1100,uj1100,0447_101408.xml,letters-leipzig,Brief,"Bierwisch, Manfred","Johnson, Uwe",1964-04-28,1964,4.0,BierwischManfred,JohnsonUwe,593,7.398256063617538e-05,8.486758855335674e-05,8.023880151100153e-05,0.00010642480609073385,8.060682565350484e-05,0.0001458559502858207,6.762630296126039e-05,0.4497328624728854,8.17342160741287e-05,9.935888197652452e-05,3.823464852016324e-05,8.653429095693295e-05,3.491815684776853e-05,0.0001003204901823058,8.481424522458604e-05,0.0001357883753695188,1.6675574231965396e-05,5.838651337749324e-05,6.76017283141726e-05,0.00010555745227844831,6.766518041448199e-05,0.450199799930831,8.423986586536704e-05,8.501923371406455e-05,0.00013869124401989438,0.00010868697083389773,6.879440153131339e-05,7.724489152614271e-05,9.443363421669684e-05,7.558759410745547e-05,4.816378557264261e-05,0.0001935732081517305,0.00011204065830120386,8.77821063756313e-05,8.044930369524685e-05,0.0210613158114388,0.0711000538749501,0.0048441810153655,9.06497953952454e-05,9.923761176219244e-05
230,uj0451,uj0451,0080_060069.xml,letters-leipzig,Brief,"Bierwisch, Manfred","Johnson, Uwe",1958-01-12,1958,1.0,BierwischManfred,JohnsonUwe,266,0.0001731391686580432,0.0001986130731592459,0.0001877804616151596,0.3436240265790837,0.00018864173748248816,0.0003413423076893028,0.00015826380938218477,0.0112948319207891,0.0223445036061948,0.00023252661270818927,8.94794016561329e-05,0.00020251360682656052,8.171791562372098e-05,0.00023477703556314404,0.000198488235366158,0.0003177814639387992,3.90253464409857e-05,0.00013664020682838983,0.0001582062980723537,0.00024703294095250743,0.00015835479312041237,0.6105246253639984,0.00019714403257168364,0.00019896796378252515,0.00032457496041320713,0.00025435685940479035,0.00016099747544605895,0.00018077390383508177,0.00022100020303490096,0.00017689538037194113,0.00011271626342430278,0.0004530135757084492,0.00026220539364090275,0.00020543383184140656,0.00018827309356608875,0.0049827190333778,0.0002441484720376324,0.0002600798662513404,0.00021214499848062947,0.0002322428076612717
231,uj0606,uj0606,0999_s000105.xml,letters-leipzig,Brief,"Johnson, Uwe","Baumgärtner, Klaus + Baumgärtner, Sabine",1976-10-02,1976,10.0,JohnsonUwe,BaumgärtnerKlaus+BaumgärtnerSabine,469,4.776046100959472e-05,5.478744070530271e-05,5.1799263476005455e-05,6.870399940259406e-05,5.203684653013976e-05,9.415931763839324e-05,4.365709132031589e-05,6.019606504243045e-05,5.2764648944165255e-05,6.414249476891373e-05,2.4682903973046603e-05,5.5863403398079206e-05,2.254189709458772e-05,6.476327419076394e-05,5.475300418469614e-05,8.766005598650471e-05,1.0765146624689174e-05,3.769221789125822e-05,4.3641226818412086e-05,6.814406720266789e-05,4.368218919571755e-05,0.1928571708362667,5.438220567819944e-05,5.48853373274661e-05,8.953404282610657e-05,7.016437101022841e-05,4.441117344089473e-05,0.0031053512157749,6.096293324018203e-05,4.879661247373698e-05,3.109279515518532e-05,0.0215133568355638,7.23293901464047e-05,5.666894782827257e-05,0.5928159693084929,0.1877590510990409,6.73483860970576e-05,7.174306315407335e-05,5.852022397269345e-05,6.40642071117493e-05
232,uj1000,uj1000,0657_101105.xml,letters-leipzig,Brief,"Johnson, Uwe","Doherty, Monika",1969-03-01,1969,3.0,JohnsonUwe,DohertyMonika,82,0.0004696788054523325,0.0005387824815821523,0.0005093965945561823,0.0006756386284195535,0.0005117329984078768,0.0009259675240932636,0.00042932605899114113,0.0005919711687117058,0.0005188902444059031,0.0006307805595876414,0.0002427329344837397,0.0005493635534891638,0.0002216781638244326,0.0006368853360311815,0.0005384438310850563,0.0008620534540768976,0.00010586500005072137,0.00037066718996826153,0.0004291700466716248,0.0006701322266546544,0.00042957287277578353,0.0636519113763101,0.0005347973796917189,0.0005397452019492417,0.0008804823360778641,0.0006899999971687457,0.0004367417409615325,0.0305381819752976,0.0005995125896160598,0.09062324508959,0.000305768130749989,0.0613244853491498,0.0007112909055931103,0.0005572853184326804,0.0005107329691502931,0.7046159637963236,0.0006623074581473121,0.0307533171753891,0.0005754908623008462,0.0006300106747808078
233,uj0402,uj0402,0138_060116.xml,letters-leipzig,Brief,"Bierwisch, Manfred","Johnson, Uwe",1958-09-27,1958,9.0,BierwischManfred,JohnsonUwe,532,8.346343668210952e-05,9.574338253065088e-05,0.1335802582256811,0.00012006316067163018,9.093660223741263e-05,0.0001645474118050051,7.629262364963882e-05,0.00010519518356767371,0.0962048189710592,0.00011209173734110908,4.3134424361421095e-05,0.1442665394278218,3.939292379256529e-05,0.0001131765757801422,9.568320324643872e-05,0.0001531896756798474,1.88125515267298e-05,6.586875366934407e-05,7.626489975790596e-05,0.00011908465534050653,7.633648325421886e-05,0.5773076337644625,9.503521708770818e-05,9.59144610410464e-05,0.00015646454737547013,0.0001226152221599323,7.761041422354888e-05,8.714383575628996e-05,0.0001065353183551856,8.527415542921581e-05,5.433598179011031e-05,0.0002183796432969745,0.00012639868517029776,9.90313962412678e-05,9.0758893816995e-05,0.023760326535797,0.0214760520583606,0.00012537405381697755,0.00010226658003126367,0.0001119549263309427
234,uj0118,uj0118,0914_101584.xml,letters-leipzig,Brief,"Johnson, Uwe","Klemm, Erika",1974-01-30,1974,1.0,JohnsonUwe,KlemmErika,362,0.00014847085794582822,0.0001703153226376596,0.1996285138206177,0.00021357712048808737,0.0001617646707298985,0.00029270895585697005,0.0001357148919153968,0.00018712887675052128,0.00016402715828846084,0.0001993969703770921,7.67306649057787e-05,0.000173660120839715,7.007501038751826e-05,0.00020132676023692405,0.000170208271330971,0.0002725049851859906,3.346514086116443e-05,0.0001171721505592664,0.00013566557463162796,0.00021183648372794732,0.00013579291258384793,0.2955762013988788,0.00016905558621820507,0.0001706196495887683,0.0192752341579829,0.0002181169138845884,0.00013805907404926395,0.0001550178206620631,0.000189512806403727,0.00015169189672123123,9.665681350305353e-05,0.0003884696615321095,0.0192217508060633,0.0001761642816065105,0.00016144855001054564,0.4601984834884159,0.00020936298464724307,0.0002230245251612448,0.0001819192628534795,0.00019915360095853815
235,uj0916,uj0916,1023_101706.xml,letters-leipzig,Brief,"Bierwisch, Manfred","Johnson, Uwe",1977-07-07,1977,7.0,BierwischManfred,JohnsonUwe,362,0.00010909425139763164,0.00012514524992831197,0.00011831966761644644,0.0001569333968812319,0.00011886235386544094,0.1258429425741016,9.972135099012352e-05,0.00013749960771039925,0.1187690632484505,0.0420224687739953,5.638058918062351e-05,0.00012760295954875828,5.1490109949367146e-05,0.00014793200832968474,0.0001250665901675622,0.0002002327444745777,2.458970427379826e-05,8.609641128751171e-05,9.968511335919605e-05,0.00015565440202035515,9.97786794553589e-05,0.5033374998234392,0.00012421961372239158,0.00012536886499574454,0.0420804680451198,0.00016026917178644522,0.0001014438223125917,0.00011390486545575506,0.0001392512849385054,0.1117806736843821,7.102203663053868e-05,0.0002854419210738293,0.00016521449971942413,0.00012944298087019866,0.00011863007290669778,0.0519948705407415,0.0001538369104649375,0.00016387521398075083,0.00013367165833345256,0.00014633520214210396
236,uj0272,uj0272,0837_s000086.xml,letters-leipzig,Brief,"Johnson, Uwe","Baumgärtner, Klaus + Baumgärtner, Sabine",1972-09-17,1972,9.0,JohnsonUwe,BaumgärtnerKlaus+BaumgärtnerSabine,3471,1.2623198919663931e-05,1.4480445701380334e-05,1.3690663635309998e-05,1.8158623947561767e-05,1.3753457379107324e-05,2.488652269186596e-05,1.15386689395559e-05,1.5909957465841383e-05,1.39458172192816e-05,1.695300785536475e-05,6.5237478906272895e-06,1.4764825098353208e-05,0.4191356117863787,1.711708127428914e-05,1.447134405033826e-05,2.316875299432785e-05,2.8452528382316245e-06,9.962139269742066e-06,1.1534475915471543e-05,1.801063258835413e-05,1.1545302365342816e-05,0.3029349259965576,1.4373341158245537e-05,1.4506320002193372e-05,2.366405199582564e-05,0.0024412593659928,0.0274691719495003,1.3179830799010988e-05,1.611264248187248e-05,1.289705611798832e-05,0.0024309326592631,3.302823112643112e-05,1.911682300077937e-05,1.4977732330947033e-05,1.3726580355708735e-05,0.2450574701821131,1.7800332254973367e-05,1.896185543765891e-05,1.546702884384205e-05,1.693231624878368e-05
237,uj0146,uj0146,1065_101758.xml,letters-leipzig,Brief,"Johnson, Uwe","Bierwisch, Manfred",1979-11-04,1979,11.0,JohnsonUwe,BierwischManfred,430,0.00010332513325816654,0.00011852732348232702,0.0001120626913600757,0.00014863445083195323,0.00011257667929506188,0.0002037045672681117,9.444789022093786e-05,0.00013022835857628932,0.00011415120935246004,0.00013876607719883274,5.33990729633288e-05,0.00012085506459415618,4.876721187264598e-05,0.0067503544180599,0.00011845282340411572,0.00018964404393844437,2.3289352448173728e-05,8.154346407225254e-05,9.441356890705952e-05,0.0001474230917296764,9.450218704440974e-05,0.2784126645627685,0.00011765063673577508,0.3504617423816739,0.00019369823302776263,0.00015179382341286171,9.607927387908044e-05,0.00010788135260282768,0.00013188740367445564,0.00010556674663134224,6.72662519344819e-05,0.00027034719203417854,0.00015647763269826528,0.0001225977819766032,0.00011235668180932824,0.3599268109334411,0.00014570171269500434,0.0001552091710181461,0.00012660283867573188,0.0001385967094323164
238,uj1181,uj1181,1086_101787.xml,letters-leipzig,Brief,"Bierwisch, Manfred","Johnson, Uwe",1980-10-14,1980,10.0,BierwischManfred,JohnsonUwe,519,9.28870302501864e-05,0.00010655346607942907,0.000100741903485113,0.00013361911371700337,0.0001012039673737315,0.0001831259414363128,8.490658331984436e-05,0.00011707244018049048,0.00010261943538678446,0.00012474766210329488,4.800459626104185e-05,0.00010864605432249326,4.384065465576054e-05,0.3329040336216876,0.00010648649214191512,0.00017048583912361595,2.0936617424490824e-05,7.330578703498217e-05,8.487572921087865e-05,0.0001325301284330852,8.495539497413684e-05,0.5890074278724904,0.0001057653439083844,0.00010674386052521248,0.0180015275360169,0.00013645932042412865,8.637316147392164e-05,9.698297158361384e-05,0.0001185638853629008,9.490219154383936e-05,6.047088623291025e-05,0.0002430362005126853,0.00014066996231792942,0.00011021271905464918,0.00010100619445568216,0.056155358564576,0.0001309826464079122,0.00013952964306803274,0.00011381317724942507,0.0001245954041931841
239,uj0915,uj0915,1019_101702.xml,letters-leipzig,Brief,"Bierwisch, Manfred","Johnson, Uwe",1977-06-12,1977,6.0,BierwischManfred,JohnsonUwe,410,0.00010685688437045344,0.0001225786998836443,0.0001158931005003952,0.00015371491741831897,0.00011642465703078356,0.00021066738269685648,9.767620874153928e-05,0.2940908412515378,0.00011805300601980263,0.0069796990372248,5.52243039539544e-05,0.00012498600539574648,5.04341214554675e-05,0.0069810879382844,0.00012250165332205773,0.00019612625733607625,2.408540461689211e-05,8.433069706054526e-05,9.764071429258098e-05,0.0001524621529123234,9.773236148196614e-05,0.5887214250243461,0.00012167204715210276,0.00012279772892594498,0.00020031902245597023,0.00015698228035234776,9.93633546413314e-05,0.00011156883961625415,0.00013639544029571084,0.00010917511821605812,6.956547626255892e-05,0.0002795879156225498,0.0001618261866841508,0.00012678829051219757,0.00011619713982220572,0.0987818587559276,0.00015068193550862473,0.00016051436778001085,0.0001309302438501777,0.00014333407649163446
240,uj1215,uj1215,0955_101632.xml,letters-leipzig,Brief,"Johnson, Uwe","Klemm, Erika",1975-09-23,1975,9.0,JohnsonUwe,KlemmErika,1149,0.0280329775519119,5.0187066291315725e-05,4.7449799378199504e-05,6.293508380950485e-05,4.766743313392954e-05,8.625297797138606e-05,3.999130654713454e-05,5.514154097854055e-05,4.833412366609273e-05,5.875659814761663e-05,2.261033773453072e-05,5.11726828905618e-05,2.0649106241398035e-05,5.932525216020798e-05,5.015552132553021e-05,8.029944425692721e-05,9.861222213227383e-06,3.4527289714998584e-05,3.99767741506861e-05,6.24221678186395e-05,4.001429701210861e-05,0.3194084610635859,4.981585791021632e-05,5.027674276101317e-05,8.201607676498755e-05,6.427283139798104e-05,4.068207013980083e-05,4.567932891424995e-05,0.0588332216118785,4.469927402128229e-05,2.848200521044879e-05,0.0392993893223368,0.1596048523877668,5.191058762197959e-05,4.7574281377220185e-05,0.3931082554178024,6.169329821129998e-05,6.571896442147627e-05,5.360641639929624e-05,5.86848841235753e-05
241,uj0302,uj0302,0582_101034.xml,letters-leipzig,Brief,"Johnson, Uwe","Bierwisch, Manfred",1966-11-29,1966,11.0,JohnsonUwe,BierwischManfred,560,7.000643436452524e-05,8.030645623302453e-05,7.592643919277146e-05,0.00010070510047614168,7.627468420828827e-05,0.00013801705324277387,6.399178804927775e-05,8.823432159813148e-05,7.734148404335652e-05,9.401892810697068e-05,3.617976167708749e-05,8.188358321292122e-05,3.3041511870815344e-05,9.49288555434306e-05,8.025597979354664e-05,0.0001284905510978426,1.577936047255479e-05,0.0045339237342288,6.396853414452521e-05,0.300171119517083,6.402857606869495e-05,0.0990609299798262,7.971246993709215e-05,8.044995136077492e-05,0.00013123740767990568,0.00010284568720701792,6.509710821084736e-05,7.309343421097538e-05,8.935838336423027e-05,7.152520675350218e-05,4.557526617684507e-05,0.3629558570672072,0.00010601913375361254,8.306433591270591e-05,7.61256281261936e-05,0.2304271264338742,9.871806660143408e-05,0.00010515970607563122,8.577790356166507e-05,9.390417545138527e-05
242,uj0424,uj0424,0112_060095.xml,letters-leipzig,Brief,"Baumgärtner, Klaus","Johnson, Uwe",1958-06-10,1958,6.0,BaumgärtnerKlaus,JohnsonUwe,512,9.073038153301369e-05,0.00010407951040110071,9.840288051999596e-05,0.0001305167485169172,9.885421622094436e-05,0.0756372918632779,8.293522441749756e-05,0.00011435425522774214,0.0001002368199334989,0.00012185127404221973,4.689002676015545e-05,0.00010612351298330544,4.2822763445666986e-05,0.00012303056654906964,0.00010401409146277272,0.00016652750322621734,2.0450511571081072e-05,7.160377512713549e-05,8.290508667845283e-05,0.00012945304726575638,8.29829027640362e-05,0.6275723113687526,0.00010330968683067424,0.00010426548427346122,0.00017008750950234532,0.00013329101137660832,8.436775159711582e-05,9.473122340423891e-05,0.00011581107207365905,9.26987548627588e-05,5.906687472700636e-05,0.00023739339216096532,0.0001374038906934995,0.00010765380293336592,0.0059031547071367,0.1070919879183654,0.0001279414946390737,0.1800755938777125,0.00011117066578091108,0.0001217025512524119
243,uj1007,uj1007,0672_s000217.xml,letters-leipzig,Brief,"Johnson, Uwe","Bierwisch, Manfred",1969-06-21,1969,6.0,JohnsonUwe,BierwischManfred,831,5.347968344022802e-05,0.2737711938173039,0.0616427174042314,0.0377120349518351,5.826815781992841e-05,0.0411619115660699,4.888494320150266e-05,6.740442689968655e-05,5.908311315926858e-05,7.182343391992935e-05,2.763863377698331e-05,6.255293743967121e-05,2.5241245483760392e-05,7.251855047167467e-05,6.130957007744924e-05,9.815717741018344e-05,1.2054252021569871e-05,4.220578776615318e-05,4.886717895631286e-05,7.630418687952334e-05,4.8913046498730746e-05,0.243322426985253,6.0894369170080095e-05,6.14577498570072e-05,0.0001002555705335858,7.856641814357497e-05,4.97293251912073e-05,5.583792059466655e-05,6.826312607446824e-05,5.463991202946473e-05,3.4816096976892994e-05,0.00013992802905772855,8.099069411573285e-05,6.345494425060055e-05,5.815429011394361e-05,0.3402550094452777,7.541322450713626e-05,8.033415560501701e-05,6.552790711718982e-05,7.173577146789418e-05
244,uj0626,uj0626,0063_060057.xml,letters-leipzig,Brief + Postkarte,"Bierwisch, Manfred","Johnson, Uwe",1957-09-21,1957,9.0,BierwischManfred,JohnsonUwe,112,0.0002989855483208857,0.000342975186045256,0.0003242688798560853,0.00043009431858490136,0.0003257561749577349,0.0579724218068284,0.00027329801912668743,0.00037683374768629545,0.0003303122952134201,0.0004015388160784412,0.00015451759515157433,0.0003497108265493954,0.0001411146651550188,0.0004054249610591381,0.00034275960977613767,0.0005487612420596075,6.739095892920354e-05,0.00023595727921018591,0.00027319870566320153,0.00042658908366298936,0.0002734551344869673,0.3656893721520128,0.00034043837182244185,0.0003435880292766143,0.000560492598309957,0.0004392363996417215,0.000278018653130931,0.0003121695984747825,0.0003816344238889088,0.000305471966313958,0.00019464419337230656,0.000782286950895,0.0004527896489167826,0.00035475362006660654,0.5550272063952062,0.0086044133968652,0.00042160803560313775,0.0004491191797966813,0.0003663428049578884,0.0004010487270464412
245,uj0774,uj0774,0786_101235.xml,letters-leipzig,Brief,"Johnson, Uwe","Bierwisch, Manfred",1971-03-13,1971,3.0,JohnsonUwe,BierwischManfred,191,0.00019231050813967103,0.0125237069642917,0.0002085730009668481,0.0002766409862267918,0.0002095296441168538,0.00037913843037416166,0.00017578803131785794,0.00024238325199568085,0.00021246018643382192,0.0002582738001603026,9.938726940817643e-05,0.172468363826434,9.076637019524287e-05,0.0002607734076501608,0.0002204664242000749,0.0003529687434744421,4.334654175922091e-05,0.00015177009229711742,0.0493881316689796,0.0002743863839131764,0.0001758890894958925,0.3951554021316999,0.0002189733806302592,0.00022099927194467055,0.0003605144696620199,0.0002825212645993245,0.00017882439053052186,0.0002007906216390488,0.0494578786122335,0.00019648263735213469,0.00012519710047554104,0.0005031748252801493,0.0002912388506822253,0.00022818109210474895,0.0002091201810275087,0.3131119921142532,0.00027118252376395573,0.0002888779680724743,0.00023563537224599191,0.00025795856997173027
246,uj0903,uj0903,0410_101374.xml,letters-leipzig,Brief,"Johnson, Uwe","Bierwisch, Manfred",1963-12-13,1963,12.0,JohnsonUwe,BierwischManfred,440,0.0001006634917473556,0.00011547407559966876,0.00010917597152984892,0.00014480564740537117,0.00010967671920488404,0.00019845716506222352,9.201492529465556e-05,0.00012687369360619573,0.00011121068958015416,0.2963736419838829,5.202352003872819e-05,0.00011774185441409458,4.7510975065649286e-05,0.0001364998825225748,0.00011540149463343412,0.0001847588389190284,2.2689421867091545e-05,7.94429154248316e-05,9.19814880931983e-05,0.00014362549275035173,9.20678234392707e-05,0.2197210613145496,0.00011461997218558416,0.00011568040978507912,0.000188708592643663,0.00014788363497428598,9.360428472957532e-05,0.00010510234349559844,0.00012849000192617126,0.00010284736146207089,6.553348234803345e-05,0.00026338308479367345,0.00015244678996358907,0.00011943967963158164,0.00010946238882474068,0.4794544710852306,0.00014194845620767605,0.00015121100368543862,0.0001233415666097779,0.00013502647687171432
247,uj0261,uj0261,0844_101504.xml,letters-leipzig,Brief,"Johnson, Uwe","Bierwisch, Manfred",1972-10-19,1972,10.0,JohnsonUwe,BierwischManfred,147,0.1724479090421247,0.000342975186045256,0.0003242688798560853,0.00043009431858490136,0.0003257561749577349,0.000589447308893854,0.00027329801912668743,0.00037683374768629545,0.0003303122952134201,0.0004015388160784412,0.00015451759515157433,0.0003497108265493954,0.0001411146651550188,0.0004054249610591381,0.0385980759417325,0.0005487612420596075,6.739095892920354e-05,0.00023595727921018591,0.00027319870566320153,0.00042658908366298936,0.0194011133004651,0.1552851323262526,0.00034043837182244185,0.0003435880292766143,0.0196881507642881,0.0004392363996417215,0.000278018653130931,0.0003121695984747825,0.0003816344238889088,0.000305471966313958,0.00019464419337230656,0.000782286950895,0.0004527896489167826,0.00035475362006660654,0.000325119581838257,0.5633065002102332,0.00042160803560313775,0.0004491191797966813,0.019494000970936,0.0004010487270464412
248,uj0256,uj0256,0823_101484.xml,letters-leipzig,Brief,"Johnson, Uwe","Bierwisch, Manfred",1972-05-10,1972,5.0,JohnsonUwe,BierwischManfred,459,0.1562709246702683,0.00012174641826048088,0.0001151062125835755,0.00015267122792663091,0.00011563415996545492,0.00020923699885867772,9.701300939586974e-05,0.00013376524287219592,0.00011725145283345996,0.00014253483820154166,5.484934343164103e-05,0.00012413737871311547,5.009168518792983e-05,0.00014391430893730025,0.00012166989482760592,0.0001947946044473152,2.3921870171934525e-05,8.375811071806755e-05,9.697775594618476e-05,0.0001514269694080335,9.706878087190085e-05,0.3267127421626,0.00012084592149574084,0.0001219639601451676,0.00019895890164119232,0.00015591640620599476,9.868869995693398e-05,0.00011081131245192288,0.0001354693461329472,0.00010843384387814976,6.909314242678733e-05,0.00027768957696785627,0.00016072742351035574,0.00012592742672162246,0.00011540818754721858,0.4851282487855332,0.00014965883927750494,0.00015942451155960874,0.00013004125713408232,0.0273014553609864
249,uj0715,uj0715,1112_101830.xml,letters-leipzig,Brief,"Johnson, Uwe","Klemm, Ine",1982-01-22,1982,1.0,JohnsonUwe,KlemmIne,952,4.850143802154956e-05,5.563743740232607e-05,5.260290026385391e-05,6.976990377433902e-05,5.284416928704761e-05,9.562014712698186e-05,4.433440683179449e-05,6.112997354045812e-05,5.358326315108507e-05,6.51376299311068e-05,2.506584551183624e-05,5.67300930583658e-05,2.2891622101421e-05,6.576804040071832e-05,5.5602466618238745e-05,8.902005304222043e-05,1.0932161892352012e-05,3.827699170618025e-05,4.431829620095959e-05,6.920128453748672e-05,4.435989408678605e-05,0.1741290206541157,5.5225915378967416e-05,5.573685283618092e-05,0.0093995896922282,0.0124828083702118,4.510018811742877e-05,5.064015474215152e-05,0.319659461267153,4.9553664799866e-05,3.157518259367309e-05,0.0125384580333588,0.0279994512758868,5.754813506275053e-05,5.27409011461535e-05,0.442006026057676,6.83932588816849e-05,7.285611691110709e-05,5.942813272779327e-05,6.50581276844461e-05
250,uj0247,uj0247,0821_101482.xml,letters-leipzig,Brief,"Bierwisch, Manfred","Johnson, Uwe",1972-05-06,1972,5.0,BierwischManfred,JohnsonUwe,791,6.028633033680613e-05,0.0154964747173844,6.538436696602188e-05,8.67226135571103e-05,6.568425960066565e-05,0.00011885395591755408,5.510679279984214e-05,7.598335077617427e-05,6.660293868843769e-05,8.096478858294014e-05,3.115635132357319e-05,0.0039273440063235,2.8453834530399507e-05,8.174837635619121e-05,6.911276875128995e-05,0.00011065016921598989,1.3588461497676658e-05,4.757754533530935e-05,5.508676760364042e-05,8.601583106679508e-05,5.513847295483295e-05,0.8181043571680784,6.864472299171146e-05,6.927980816822386e-05,0.0001130156361162438,8.856598866889262e-05,5.605864382601131e-05,6.294471301522844e-05,7.695134121255542e-05,6.159422745768393e-05,3.924732886149446e-05,0.00015773742177402206,9.129881528048688e-05,7.153119623213333e-05,6.555589933942053e-05,0.0287327691521852,8.501147112215509e-05,9.05587155829992e-05,0.1273492454614988,0.0039376955890188
251,uj0681,uj0681,0246_060215.xml,letters-leipzig,Brief,"Johnson, Uwe","Baumgärtner, Klaus + Baumgärtner, Sabine",1961-07-07,1961,7.0,JohnsonUwe,BaumgärtnerKlaus+BaumgärtnerSabine,1708,2.2514045687027124e-05,2.582652924699945e-05,2.441791724369786e-05,3.238672635761923e-05,2.452991272326764e-05,4.4386237786612034e-05,2.0579737460047765e-05,2.8376128075318923e-05,2.487299519052453e-05,3.023645557812165e-05,1.1635399156344746e-05,2.633373275196227e-05,1.062613907679528e-05,3.052908793487998e-05,2.5810296041082885e-05,4.132251790892564e-05,5.074637007526125e-06,1.7767925554125e-05,0.6985856752975568,3.2122777081077635e-05,2.059156847468824e-05,0.216221535265812,2.563550345450649e-05,2.5872677231700626e-05,4.2205906059538507e-05,3.307513832851105e-05,2.0935208051319315e-05,2.3506823796778167e-05,2.87376259602878e-05,2.3002482375226017e-05,1.4656990235512764e-05,0.0418287794831341,3.4095717667880674e-05,2.6713462422089623e-05,2.4481976337524365e-05,0.0424177969562638,3.174769693349666e-05,3.381932601642168e-05,2.758614486304056e-05,3.0199551162777412e-05
252,uj0608,uj0608,0987_101671.xml,letters-leipzig,Brief,"Klemm, Eberhardt","Johnson, Uwe",1976-04-23,1976,4.0,KlemmEberhardt,JohnsonUwe,674,6.587591860793716e-05,7.556821915757154e-05,7.144663163973473e-05,9.476330372472372e-05,7.177432952216581e-05,0.00012987377872419596,6.021614812090386e-05,8.302832505022524e-05,7.277818609254884e-05,8.847162852674591e-05,3.404508538578163e-05,7.705229257889555e-05,3.109199842047665e-05,8.932786847508039e-05,7.552072092617541e-05,0.00012090935873031266,1.484834752135386e-05,5.198880884877433e-05,6.019426624174946e-05,0.3920354796034533,6.025076557564032e-05,0.4935864803155181,7.500927920811885e-05,7.570324779375518e-05,0.00012349414543270977,9.677759167605938e-05,6.125625224362103e-05,6.878077946070632e-05,8.40860649863609e-05,6.730508047267749e-05,4.288623685028437e-05,0.0844608545910433,9.976379870556698e-05,7.816337857339285e-05,7.163406803875762e-05,0.0271823705100724,9.28935087124558e-05,9.895507893176292e-05,8.071684045447029e-05,8.836364650097914e-05
253,uj0366,uj0366,0895_101560.xml,letters-leipzig,Brief,"Baumgärtner, Klaus","Johnson, Uwe",1973-12-19,1973,12.0,BaumgärtnerKlaus,JohnsonUwe,368,0.00011222733595899964,0.00012873930411041388,0.00012171769747747108,0.00016144037682410266,0.0001222759691664554,0.0002212551795124263,0.00010258525464428708,0.0001414484674586679,0.00012398615630250927,0.0001507217718906257,5.799978681257571e-05,0.1006479843285037,5.296885760544213e-05,0.00015218047683734765,0.00012865838531512426,0.1438012928577166,2.5295897513513865e-05,8.856901945465432e-05,0.00010254797630259304,0.00016012465043061677,0.2585742015395073,0.3741975710325487,0.00012778708450097718,0.00012896934119281504,0.00021038672767405487,0.00016487195205538112,0.0001043571937273264,0.00011717610634014758,0.00014325045121355774,0.00011466208043199252,7.306172289845218e-05,0.0002936395452806631,0.0001699593051674984,0.00013316046185335044,0.11499828471064,0.0032297560816676,0.00015825496222267391,0.0001685815563987631,0.00013751058296652532,0.00015053781187398618
254,uj0221,uj0221,0616_s000192.xml,letters-leipzig,Brief,"Johnson, Uwe","Bierwisch, Manfred",1968-04-25,1968,4.0,JohnsonUwe,BierwischManfred,208,8.302014319948463e-05,9.52348674350893e-05,9.004063571626522e-05,0.00011942547764844254,9.045361705603995e-05,0.00016367346270662595,7.588741600206674e-05,0.00010463646778585552,9.171872755447482e-05,0.00011149639237815638,4.290532752625216e-05,9.710517134219904e-05,3.918369892628889e-05,0.00011257546899106732,9.517500777687796e-05,0.00015237605012674514,1.8712633744586374e-05,6.551890958945724e-05,7.585983935829067e-05,0.0001184521693838817,7.593104265821292e-05,0.0271847626351568,9.453046322146996e-05,9.540503730822176e-05,0.0267117819596217,0.00012196398455200676,7.719820748756035e-05,8.668099482884493e-05,0.00010596948480970036,8.48212448034278e-05,5.4047390910593554e-05,0.9190599555051252,0.00012572735272131465,9.850541774967752e-05,9.027685248586032e-05,0.0236341299841444,0.00011706906800813034,0.00012470816342045567,0.0001017234187354874,0.0001113603080026886
255,uj0949,uj0949,0202_060171.xml,letters-leipzig,Brief,"Johnson, Uwe","Baumgärtner, Klaus + Baumgärtner, Sabine + Bierwisch, Manfred",1960-07-23,1960,7.0,JohnsonUwe,BaumgärtnerKlaus+BaumgärtnerSabine+BierwischManfred,421,8.867160641963694e-05,0.00010171782843519549,9.617000771514132e-05,0.00012755517567675774,9.661110209787646e-05,0.0001748152714165778,8.105333024745122e-05,0.00011175942766509222,9.796233296632988e-05,0.00011908633063194552,4.582603894782325e-05,0.00010371545028388164,4.185106644430611e-05,0.0001202388636562112,0.00010165389392666812,0.00016274880557784306,1.99864663023742e-05,6.997900437488278e-05,8.102387636783782e-05,0.0001265156110116771,0.0227722324734012,0.2162371653019045,0.4482508332700216,0.00010189958234976804,0.0001662280312796924,0.0001302664873701803,8.245335176296003e-05,9.258166465766392e-05,0.0001131831876868622,9.059531512925546e-05,5.772658044345755e-05,0.00023200666723373415,0.00013428604079734338,0.00010521101622185043,9.642230456282232e-05,0.3088821423459685,0.0001250383572259977,0.00013319747181793657,0.00010864807746837344,0.00011894098253067396
256,uj1156,uj1156,0433_101395.xml,letters-leipzig,Brief,"Johnson, Uwe","Bierwisch, Manfred",1964-03-12,1964,3.0,JohnsonUwe,BierwischManfred,467,9.233831299335836e-05,0.00010592401624714204,0.00010014678465335476,0.0001328297773226639,0.00010060611896359443,0.00018204415031899173,8.440500944714741e-05,0.00011638085096665754,0.2009523007401695,0.00012401073257975798,4.772101576218698e-05,0.00010800424281519828,4.358167206480613e-05,0.00012521092460770187,0.0001058574379488812,0.00016947871765875732,2.081293725892324e-05,7.287274325843862e-05,8.437433760455396e-05,0.00013174722506837438,8.445353275335757e-05,0.2960672396529195,0.0001051405497985871,0.00010611328596412612,0.00017310181466583663,0.00013565320590232658,8.58629239940509e-05,9.641005812106632e-05,0.00011786348564337082,9.43415700009755e-05,6.0113662853905565e-05,0.00024160049784358248,0.0296766459614942,0.00010956165269259264,0.00010040951436164664,0.4693389263918696,0.0001302088845787802,0.0001387053910407662,0.00011314084167961544,0.00012385937411214784
257,uj0303,uj0303,0579_101032.xml,letters-leipzig,Brief,"Johnson, Uwe","Bierwisch, Manfred",1966-11-19,1966,11.0,JohnsonUwe,BierwischManfred,532,7.328880171585761e-05,8.407175712905267e-05,7.948637575248237e-05,0.00010542682551350532,7.985094881097941e-05,0.00014448821083854973,6.699214876973129e-05,9.237133356152648e-05,8.096776731905709e-05,9.842716090481145e-05,3.787610958547398e-05,8.572283031339054e-05,3.459071775150198e-05,9.937975179266164e-05,0.0797913279337821,0.0001345150428992988,1.6519201861566656e-05,5.7839003746391306e-05,6.696780456723049e-05,0.00010456760516455454,6.703066165622608e-05,0.1224602263125278,8.34499208041536e-05,8.422198026297391e-05,0.0048260559268477,0.00010766777719028836,6.814929369346796e-05,7.652054065095773e-05,9.354809882088864e-05,7.487878425785741e-05,4.771213783850141e-05,0.5300109297278152,0.0094883204889353,8.695894455453856e-05,7.969490398818074e-05,0.2506084134792588,0.00010334662627227769,0.00011009029265715938,8.979974230652221e-05,9.830702788135568e-05
258,uj1190,uj1190,1071_101765.xml,letters-leipzig,Brief,"Klemm, Ine","Johnson, Uwe",1980-04-25,1980,4.0,KlemmIne,JohnsonUwe,318,0.00014989462481408968,0.0001719485678204768,0.0001625702725696513,0.0002156252263061367,0.0001633159191151169,0.0002955158993821743,0.0001370163349683448,0.0001889233561419557,0.00016560010288309233,0.00020130909511310055,7.746647649859903e-05,0.00017532544109050848,7.074699733137515e-05,0.0002032573907652688,0.00017184048994126226,0.4318043082075559,3.378605608627354e-05,0.0001182957772975863,0.0001369665447546311,0.00021386789764441373,0.0001370951038189262,0.547738616942114,0.0001706767511113171,0.00017225581312631252,0.00028099962759596834,0.00022020855422191047,0.00013938299672482305,0.00015650436987517047,0.000191330146578102,0.00015314655186179915,9.758370764619632e-05,0.0003921949059407864,0.00022700339506457476,0.00017785361560102372,0.0097525343230682,0.0043137714351471,0.00021137067885138003,0.00022516322722121527,0.0001836637844567953,0.0002010633918943674
259,uj0204,uj0204,0642_101092.xml,letters-leipzig,Brief,"Doherty, Monika","Johnson, Uwe",1968-12-12,1968,12.0,DohertyMonika,JohnsonUwe,254,0.0001513459626064722,0.0001736134404277062,0.0001641443408912532,0.0002177129932311833,0.0001648972070752651,0.00029837719873533787,0.00013834298017233353,0.00019075258522186856,0.00016720350719485303,0.00020325824771313765,7.821653691687335e-05,0.00017702300989216752,7.143199715076132e-05,0.6198780043859762,0.00017350431609662042,0.0002777819827314808,3.411318576230015e-05,0.0001194411628141396,0.0001382927078704933,0.0002159386494329699,0.0001384225116934233,0.301299967840152,0.0001723293094967572,0.00017392366060154965,0.0002837203747854106,0.0002223406987023717,0.00014073255686424208,0.00015801970577833952,0.0001931826791348584,0.0001546293760709112,9.8528550885261e-05,0.0003959922888668102,0.0486411371875168,0.0001795756631671308,0.00016457496474951683,0.0237203133834285,0.00021341725160073,0.00022734334476396417,0.000185442088327296,0.00020301016550071144
260,uj0770,uj0770,0798_101248.xml,letters-leipzig,Brief,"Johnson, Uwe","Bierwisch, Manfred",1971-07-18,1971,7.0,JohnsonUwe,BierwischManfred,128,0.0002879691956475304,0.0003303380013087245,0.0003123209433703573,0.0004142471623496021,0.0003137534379391345,0.0005677286690679394,0.0002632281432395836,0.0003629490181833196,0.0003181416844369049,0.0003867438093137191,0.00014882427541759984,0.0003368254619536993,0.0001359151866937331,0.0003904867662912246,0.00033013036811318266,0.0005285417116844839,6.490788717296291e-05,0.00022726325162850832,0.00026313248905710684,0.0004108710805065582,0.0002633794695634737,0.204832186726017,0.00032789465795867416,0.0003309282638594846,0.000539840817083525,0.0372688221508961,0.0002677748418502116,0.0003006674693250249,0.0003675728097759056,0.0002942166165766985,0.00018747237823925952,0.2586738512675445,0.0004361062657655724,0.0003416824498620557,0.0003131403005831641,0.4872823839705166,0.000406073562996656,0.0004325710379055613,0.0003528446223151911,0.0003862717779893513
261,uj1157,uj1157,0484_101442.xml,letters-leipzig,Brief,"Johnson, Uwe","Baumgärtner, Klaus",1964-07-27,1964,7.0,JohnsonUwe,BaumgärtnerKlaus,126,0.0003530024262493544,0.0004049395480726037,0.0003828536261675975,0.0005077982492103189,0.0003846096266913004,0.0006959410959969394,0.00032267400341812386,0.00044491524079663,0.0003899888883765996,0.0004740837043964959,0.00018243385438877733,0.000412892097798361,0.0001666094547339936,0.0004786719482586054,0.0004046850242453889,0.0006479043919231422,7.956629389908758e-05,0.0002785870170654448,0.0003225567472705722,0.0005036597333557635,0.00032285950436855885,0.2059234587037628,0.00040194441476055424,0.00040566311196656087,0.0006617552193053552,0.2263525755857707,0.0003282475010881341,0.0003685684016560448,0.00045058324166382,0.0003606607271340665,0.00022981001222851735,0.0009236205336345148,0.0005345938810282365,0.0004188459586342684,0.0003838580220837487,0.5521605091553503,0.0004977787733552985,0.0005302602785777309,0.00043252892895791824,0.00047350507235777097
262,uj0254,uj0254,0846_101506.xml,letters-leipzig,Brief,"Baumgärtner, Klaus","Johnson, Uwe",1972-10-23,1972,10.0,BaumgärtnerKlaus,JohnsonUwe,186,0.00026368042507025945,0.00030247563252757727,0.00028597822388974853,0.0003793074728249274,0.0002872898946604942,0.000519843577184679,0.0002410261574811736,0.0003323360721906845,0.0002913080143737619,0.0003541238909384972,0.00013627168737491533,0.118391458546459,0.0001244514161326219,0.0003575511480957396,0.0171712916033534,0.0173529679361083,5.943322945252696e-05,0.00020809472574838,0.00024093857125363107,0.00037621614670775696,0.0002411647201816664,0.659887780251658,0.0003002383730468013,0.00030301610936551645,0.0342323201093115,0.00038737002913451175,0.000245189364659014,0.00027530766246768745,0.00033656986994057183,0.00026940090709088563,0.00017166001478701682,0.0006899121275170391,0.0003993228694975376,0.00031286323322217164,0.0002867284723934869,0.1425404268123906,0.0003718232759583405,0.000396085820539048,0.0003230839318997925,0.0003536916731105594
263,uj1148,uj1148,0427_101390.xml,letters-leipzig,Brief,"Johnson, Uwe","Bierwisch, Manfred",1964-02-19,1964,2.0,JohnsonUwe,BierwischManfred,328,0.0001310447469744289,0.00015032531413716025,0.0001421263788536557,0.0001885094496059315,0.00014277825721823405,0.0002583535354218899,0.00011978595609789066,0.00016516545162235444,0.3354892945074869,0.0001759936319628975,6.77247421270121e-05,0.00015327753142837307,6.185026565154858e-05,0.00017769692126420785,0.00015023082750461578,0.00024052091654241047,2.9537317809633745e-05,0.00010341958708214088,0.00011974242721240856,0.0001869731123949607,0.00011985481943509642,0.2860350896349125,0.00014921343371412043,0.0169178198876665,0.00024566274570481534,0.0001925164048104183,0.00012185500021095614,0.00013682328886790307,0.00016726957806529024,0.0001338877305548937,8.531214707120317e-05,0.0003428747513622603,0.0001984567659145128,0.000155487777389151,0.00014249923977161782,0.3558830418598195,0.0001847899293403397,0.00019684800689648524,0.0001605672931391496,0.00017577882695458166
264,uj0110,uj0110,0936_101611.xml,letters-leipzig,Brief,"Johnson, Uwe","Klemm, Ine",1974-08-30,1974,8.0,JohnsonUwe,KlemmIne,346,0.0079794825797649,0.00014087685771090516,0.00013319325334962438,0.000176660990610437,0.00013380415894552242,0.00024211513847581455,0.00011225700202142984,0.00015478424216515903,0.00013567558268429177,0.00016493183460398713,6.346801212355717e-05,0.00014364351812104996,5.7962766441483744e-05,0.00016652806638915585,0.00014078830988404744,0.0002254033602439392,2.768079709072055e-05,9.691931487066676e-05,0.00011221620907420352,0.3851522687824584,0.00011232153706406534,0.1344933475315034,0.00013983486274786656,0.00014112858271089326,0.0002302220079842989,0.000180416095074622,0.00011419599968650678,0.00012822348057622875,0.00015675611711655116,0.0001254724320709414,7.99499889486061e-05,0.0238913472293098,0.00018598308431270428,0.00014571484261825685,0.00013354267869283555,0.4435080264320926,0.00017317525482324616,0.00018447544126153453,0.00015047509355576653,0.00016473053081981882
265,uj0521,uj0521,0336_101297.xml,letters-leipzig,Brief + Postkarte,"Bierwisch, Manfred","Johnson, Uwe",1962-11-12,1962,11.0,BierwischManfred,JohnsonUwe,112,0.00030481596388154506,0.0003496634285802836,0.0003305923370718883,0.0004384814417141346,0.0003321086354098236,0.0006009419205273067,0.000278627510911031,0.0003841822545242705,0.00033675360301811213,0.0784120095956441,0.00015753079025825054,0.0003565304185206312,0.00014386649427912762,0.00041333101543171257,0.0393507639022244,0.0005594624485318254,0.0585706855078041,0.00024055860191653092,0.0002785262607694476,0.0004349078523973455,0.0002787876901245524,0.7823344189751917,0.0003470771448055053,0.0003502882226592077,0.0005714225739732405,0.0004478017993864963,0.0197841003272909,0.0003182571117165889,0.0003890765470818904,0.00031142887130734126,0.00019843988363293385,0.0007975420628461094,0.00046161934596928553,0.0003616715498403116,0.0003314596283042836,0.0087722051381088,0.000429829670612203,0.0004578773002783668,0.0003734867314873061,0.0004088694419668983
266,uj0691,uj0691,0251_060220.xml,letters-leipzig,Brief,"Klemm, Eberhardt","Johnson, Uwe",1961-07-18,1961,7.0,KlemmEberhardt,JohnsonUwe,497,0.0114342378797611,0.00010171782843519549,0.2723897605679105,0.00012755517567675774,9.661110209787646e-05,0.0001748152714165778,8.105333024745122e-05,0.00011175942766509222,9.796233296632988e-05,0.00011908633063194552,4.582603894782325e-05,0.00010371545028388164,4.185106644430611e-05,0.0001202388636562112,0.00010165389392666812,0.00016274880557784306,1.99864663023742e-05,6.997900437488278e-05,8.102387636783782e-05,0.0001265156110116771,8.109992671830896e-05,0.5906408523221731,0.0001009654730334431,0.00010189958234976804,0.0001662280312796924,0.0001302664873701803,8.245335176296003e-05,9.258166465766392e-05,0.0001131831876868622,9.059531512925546e-05,5.772658044345755e-05,0.0966693199906362,0.00013428604079734338,0.00010521101622185043,9.642230456282232e-05,0.0252429855124317,0.0001250383572259977,0.00013319747181793657,0.00010864807746837344,0.00011894098253067396
267,uj0267,uj0267,0820_101481.xml,letters-leipzig,Brief,"Johnson, Uwe","Bierwisch, Manfred",1972-05-04,1972,5.0,JohnsonUwe,BierwischManfred,130,0.0003171866624853686,0.0003638542236838736,0.0003440091480242151,0.0004562768409108891,0.0003455869840503121,0.0006253306411263865,0.00028993537325630304,0.000399773967042005,0.00035042046374823984,0.0004259829869554604,0.00016392404441164613,0.0003709999046146331,0.00014970519451402547,0.0004301057058068699,0.0206557034818926,0.0005821677597721315,7.149346670596062e-05,0.00025032146972362205,0.00028983001396318714,0.000452558220488088,0.0002901020532080005,0.3879511638963194,0.00036116297776513686,0.000364504374503112,0.0005946132768092346,0.00046597545743221785,0.00029494338168022176,0.0003311733079598385,0.0004048668903318813,0.0003240679491771907,0.0002064933988102256,0.0008299096342741434,0.00048035377747989816,0.0003763496844093754,0.0003449116375392104,0.5773064005017408,0.000447273944981608,0.0004764598640232148,0.0003886443752305063,0.0004254630631489293
268,uj0055,uj0055,0006_060002.xml,letters-leipzig,Brief,"Bierwisch, Manfred","Johnson, Uwe",1955-06-23,1955,6.0,BierwischManfred,JohnsonUwe,1596,2.784893450231956e-05,3.1946338362294606e-05,3.02039441269604e-05,4.006102828500482e-05,3.0342477859122615e-05,5.490392291581791e-05,2.545627598730705e-05,3.510008566138501e-05,3.0766856546647313e-05,3.740123310945426e-05,1.4392502952061664e-05,3.257372792103552e-05,1.3144090372559156e-05,3.77632071166989e-05,3.192625856434903e-05,5.111422934438192e-05,6.277114100691116e-06,2.197818205921281e-05,2.5447025459462645e-05,3.973453405040454e-05,2.5470910458445596e-05,0.5525195650428623,3.171004743274144e-05,0.0018136443818622,5.220694360322872e-05,4.091256515023495e-05,2.589597826700556e-05,2.9076959573341085e-05,3.5547243451733914e-05,2.84531102922807e-05,1.813008495870343e-05,7.286592338607782e-05,4.21749791815302e-05,3.304343766840702e-05,3.0283182551411156e-05,0.0008014559448305005,0.4436678697076242,4.18330942486545e-05,3.41229094113897e-05,3.735558388851658e-05
269,uj0832,uj0832,0532_100910.xml,letters-leipzig,Brief,"Bierwisch, Manfred","Johnson, Uwe",1965-03-08,1965,3.0,BierwischManfred,JohnsonUwe,275,0.0001811659899807136,0.00020782087785735208,0.0001964860608447041,0.00026060946239410946,0.00019738726590627664,0.00035716711345062306,0.0001656010013624984,0.3131618248152779,0.0002001479814031558,0.0002433066666234344,9.362771295230054e-05,0.00021190224228094943,8.550640041694625e-05,0.00024566142024477305,0.000207690252519671,0.00033251397680959414,4.0834581666989255e-05,0.00014297491742106,0.00016554082379862655,0.00025848551574080296,0.00016569620315384293,0.6504189916422426,0.0002062837317890745,0.00020819222139330403,0.0003396224232908602,0.0002661489748369156,0.00016846140159762127,0.0001891546754255453,0.0002312458866418184,0.00018509634161056044,0.00011794184763888824,0.0004740155191574067,0.000274361371175673,0.0002149578504364091,0.0001970015314674289,0.0283939788201382,0.0002554673213565847,0.0002721373032380377,0.00022198015022878984,0.0002430097042278952
270,uj0560,uj0560,0750_s000073.xml,letters-leipzig,Brief,"Johnson, Uwe","Baumgärtner, Klaus",1970-06-29,1970,6.0,JohnsonUwe,BaumgärtnerKlaus,105,0.0003452064905572825,0.0003959965991260696,0.0003743984371175064,0.0004965837016576232,0.0003761156569809644,0.0006805714791716157,0.00031554786038596766,0.0004350894425931268,0.0003813761195446399,0.000463613730828882,0.00017840486622576945,0.0004037735195596751,0.00016292994292837253,0.000468100644922614,0.00039574769636897074,0.0006335956489841466,7.780909999794535e-05,0.0002724345197787713,0.00031543319379961394,0.0004925365834849635,0.00031572926461249115,0.4663915332160047,0.0003930676122905132,0.0003967041833633249,0.4644248298015025,0.0005071390804568286,0.0003209982693002518,0.0003604286968161392,0.00044063226763438063,0.0003526956605330598,0.00022473473811280285,0.0009032226956915952,0.0005227875612752744,0.0004095958914517544,0.0003753806512995124,0.0541038954524588,0.0004867855024387549,0.0005185496649262202,0.0004229766781392943,0.0004630478776772917
271,uj0036,uj0036,1039_101724.xml,letters-leipzig,Brief,"Johnson, Uwe","Bierwisch, Manfred",1978-09-01,1978,9.0,JohnsonUwe,BierwischManfred,104,0.0003880570104609986,0.00044515170083131927,0.00042087255658068544,0.0005582246915399095,0.0004228029351359726,0.0007650508922529455,0.00035471685124189206,0.0004890971432873866,0.00042871637950026167,0.0005211621545808467,0.000200550282028311,0.0004538939712596247,0.0001831544547881953,0.0005262060298179493,0.0004448719017474164,0.0007122439470618386,8.746755219787272e-05,0.00030625184689041907,0.0003545879510794752,0.0005536752041402684,0.00035492077319514403,0.623588854484115,0.00044185913853548653,0.0004459471175783084,0.0007274702182335733,0.0005700903106784448,0.0003608438200183268,0.0004051687508685923,0.0004953279998148667,0.0500485201110336,0.0002526310860436108,0.0010153398289376,0.0005876812391539182,0.0004604390748194824,0.0004219766931178818,0.3090800394823486,0.0005472102407668747,0.0005829172922617184,0.00047548082004043846,0.0005205260620148826
272,uj1040,uj1040,0665_s000215.xml,letters-leipzig,Brief,"Johnson, Uwe","Bierwisch, Manfred",1969-05-08,1969,5.0,JohnsonUwe,BierwischManfred,394,0.00010986100715834463,0.0001260248181922589,0.0001191512631000608,0.00015803638429409166,0.00011969776355376677,0.0002165899836481529,0.00010042223045314002,0.0001384660070848581,0.0001213718911590479,0.0001475437826185571,5.677685333746775e-05,0.1055541868872256,5.1852001964002485e-05,0.00014897173057102636,0.0914948744131857,0.0002016400561187968,2.4762530038351545e-05,8.670152950855162e-05,0.0001003857381304033,0.00015674840017241578,0.00010047996184456456,0.3663075638261676,0.00012509267626413845,0.0001262500049111666,0.0002059506946103052,0.0493600495776157,0.00010215680795711868,0.0001147054320359602,0.0001402299957646526,0.00011224441470954884,7.152120643120535e-05,0.00028744811511731395,0.00016637568986272014,0.00013035275521664278,0.00011946385003637876,0.3826941297393743,0.0001549181345972646,0.00016502699111609992,0.00013461115342836515,0.00014736370142414768
273,uj0124,uj0124,0909_101579.xml,letters-leipzig,Brief,"Johnson, Uwe","Klemm, Ine",1974-01-23,1974,1.0,JohnsonUwe,KlemmIne,453,0.000123780643882893,0.000141992446133127,0.00013424799614960805,0.00017805994966578218,0.00013486373944007795,0.0319195947632024,0.00011314595293787796,0.00015600996164320265,0.00013674998277867352,0.0001662379117562586,6.397060836723385e-05,0.0080636716007833,5.8421767246958575e-05,0.00016784678392628294,0.0001419031971057168,0.1269294376705352,2.789999829419749e-05,9.768680832073551e-05,0.00011310483695576592,0.00017660877505874264,0.000113210999026455,0.4998273525615778,0.00014094219972598558,0.0001422461645158476,0.0002320451108758682,0.00018184479039135565,0.00011510030531330992,0.0318048012097253,0.00015799745165658285,0.00012646603453199008,8.058310416339077e-05,0.00032386843787862095,0.00018745586400810416,0.0001468687425136136,0.00013460018855387986,0.241128962747803,0.0001745466107182831,0.0556181703796095,0.0001516666893574563,0.00016603501386944908
274,uj0868,uj0868,0370_101330.xml,letters-leipzig,Brief,"Johnson, Uwe","Bierwisch, Manfred",1963-06-11,1963,6.0,JohnsonUwe,BierwischManfred,236,0.00018546511936391548,0.00021275253662252357,0.00020114874062062115,0.00026679381188177126,0.00020207133157896663,0.00036564280821161233,0.1662818661223594,0.00023375549884431732,0.00020489755977562215,0.00024908041499486475,9.584952981692332e-05,0.00021693075318552583,8.753549582565654e-05,0.0002514910477052354,0.00021261881150199985,0.00034040464441326314,4.180359991326164e-05,0.00014636775991103937,0.00016946916277542836,0.00026461946326578647,0.000169628229334582,0.4641458155210131,0.00021117891356522,0.000213132692264472,0.0003476817767010638,0.0002724647788029484,0.00017245904685996222,0.00019364337897955424,0.0002367334286805435,0.0001894887395491904,0.0831769083240245,0.0004852640655690165,0.0002808720580466606,0.00022005887194193264,0.0002016764435331956,0.2782362804413757,0.00026152964612189463,0.00027859521223486724,0.0002272478132511803,0.0002487764055826062
275,uj0682,uj0682,0244_060213.xml,letters-leipzig,Brief,"Baumgärtner, Klaus","Johnson, Uwe",1961-06-25,1961,6.0,BaumgärtnerKlaus,JohnsonUwe,601,0.4544515375518783,8.066774083945558e-05,7.626801887376093e-05,0.0001011581549912799,7.661783058228444e-05,0.0001386379676636132,6.427967583619637e-05,8.86312722749213e-05,7.768942976197119e-05,9.444190270990464e-05,3.6342528054430144e-05,8.225196303593822e-05,3.319015981485481e-05,9.535592374968345e-05,8.061703731536425e-05,0.00012906860746293475,1.585034903693022e-05,5.54971363030291e-05,6.425631731622084e-05,0.00010033372397187404,6.431662935843539e-05,0.5223960363749066,8.007108230376545e-05,8.081188152651946e-05,0.00013182782166910084,0.0091009562168131,6.538996863855086e-05,7.342226870138023e-05,8.976039099698378e-05,7.184698606470545e-05,4.578030127459503e-05,0.0001839938385762956,0.00010649609516878432,8.343802773421524e-05,7.646810392312184e-05,0.0110214053009442,9.9162181801042e-05,0.00010563280107700568,8.616380324622882e-05,9.432663380232711e-05
276,uj1025,uj1025,0676_101124.xml,letters-leipzig,Brief + Umschlag,"Bierwisch, Manfred","Johnson, Uwe",1969-06-29,1969,6.0,BierwischManfred,JohnsonUwe,765,5.1035139893859546e-05,5.854392193282947e-05,5.535086140323796e-05,7.341466448731802e-05,5.560473425429187e-05,0.00010061531749076668,4.6650424133128137e-05,0.003329306312505,5.638243817987621e-05,6.854040192398982e-05,2.637527843372516e-05,5.969365762184199e-05,2.408747418631821e-05,0.0065991695965578,5.850712428453496e-05,9.36704362940736e-05,1.150325504308996e-05,4.027657129615555e-05,4.663347188733963e-05,0.1372020992263007,4.6677242835357685e-05,0.4705439705979121,5.8110902111392807e-05,0.0065886143824953,9.567291236940124e-05,7.497516595060305e-05,4.745620962392288e-05,5.328558259167732e-05,6.514283489909536e-05,0.0294369886673324,3.322466150645447e-05,0.0458432929141522,7.728862884756802e-05,6.055443391705779e-05,5.54960714139289e-05,0.0014687246386314,7.196610404155239e-05,7.666210055523926e-05,0.2971759788942015,6.84567465016825e-05
277,uj0024,uj0024,1044_002771.xml,letters-leipzig,Brief,"Bierwisch, Manfred","Johnson, Uwe",1978-11-10,1978,11.0,BierwischManfred,JohnsonUwe,1337,3.234366938470655e-05,3.710238199439779e-05,3.5078770531604686e-05,4.6526758643267024e-05,3.523966319452905e-05,6.37652521522761e-05,0.0558977621289158,4.076513469167586e-05,3.573253533518747e-05,4.3437680467515645e-05,1.671540995800479e-05,3.783103035477376e-05,1.5265507315453973e-05,0.0807423652668687,3.707906137701441e-05,5.936391335298867e-05,7.290221575476181e-06,2.5525395025108077e-05,2.955409939351604e-05,4.614756921398942e-05,0.2897165307296623,0.5651344510215549,3.6827954414289264e-05,3.716867817149072e-05,6.06329884307857e-05,4.7515731016181285e-05,3.0075511843794676e-05,3.376989403577688e-05,4.128446241434462e-05,3.3045357343329155e-05,2.105622654152545e-05,8.462626587075937e-05,4.89818949030412e-05,3.837654985299702e-05,3.517079780118611e-05,0.0071383860177054,4.560872921807005e-05,4.858483076273726e-05,3.9630245112406566e-05,4.3384663598609775e-05
278,uj0101,uj0101,0905_s000094.xml,letters-leipzig,Brief,"Johnson, Uwe","Baumgärtner, Klaus + Baumgärtner, Sabine",1974-01-13,1974,1.0,JohnsonUwe,BaumgärtnerKlaus+BaumgärtnerSabine,10202,4.370758822098041e-06,0.0285262680372732,4.7403664669494965e-06,6.287389299738561e-06,4.7621086823278175e-06,8.616911553011644e-06,0.004198297332105,5.50879277080125e-06,4.8287129142511055e-06,5.869947001271338e-06,2.258835405159078e-06,5.112292847959013e-06,0.1512765582730227,5.926757113177159e-06,5.0106755885073136e-06,8.022137034474051e-06,0.338620973875382,3.4493719363295668e-06,3.993790534924631e-06,6.236147570683381e-06,3.997539172776891e-06,0.2528097005737378,4.976742271926352e-06,5.022785945882246e-06,8.193633379746764e-06,6.421033991449704e-06,4.064251558993987e-06,4.563491560669345e-06,5.578972075394558e-06,4.465581360599497e-06,2.845431259570806e-06,1.1435962745486483e-05,6.619163915018753e-06,5.1860115757609136e-06,4.752802563658634e-06,0.2241015163199369,6.163331476818118e-06,6.565506688513934e-06,0.000284975568886902,5.862782571511246e-06
279,uj0162,uj0162,0191_000008.xml,letters-leipzig,Postkarte,"Johnson, Uwe","Klemm, Eberhardt",1959-12-25,1959,12.0,JohnsonUwe,KlemmEberhardt,95,0.0004308413145309429,0.00049423084439065,0.0004672748607525685,0.0006197704291464066,0.0004694180686109042,0.0008493997614158746,0.00039382531523855416,0.0005430213872362065,0.0004759834857394061,0.0005786216501968272,0.0002226614770751911,0.0005039369730825181,0.0002033477142170456,0.2210894717133635,0.0004939201967232618,0.0007907707118969082,9.7111079433837e-05,0.0003400169169345759,0.0003936822034948623,0.0006147193488183517,0.0003940517201224562,0.4167096000296909,0.0004905752684585817,0.0280582702188525,0.0008076757194349541,0.0006329442639427344,0.1657795653639894,0.0004498396692375405,0.000549939212052112,0.0004401883109674834,0.0002804843264475653,0.0011272837103894,0.0006524746384595852,0.0005112036914910332,0.0004685007312413975,0.150214831357381,0.0006075416062622298,0.0006471854539169514,0.0005279038286078385,0.0005779154267556947
280,uj0073,uj0073,1091_101804.xml,letters-leipzig,Brief,"Johnson, Uwe","Klemm, Erika",1981-03-19,1981,3.0,JohnsonUwe,KlemmErika,1230,3.8285114790982245e-05,0.1641468577795422,4.152264669029901e-05,5.5073599545018496e-05,0.0049403083124979,7.54787581238432e-05,3.499582536070817e-05,4.825358071087094e-05,4.22965063366416e-05,5.1417065985073057e-05,1.9785985981019735e-05,4.478048926874374e-05,1.806974010781483e-05,5.1914687049087495e-05,4.389038560455074e-05,7.026890517981082e-05,8.629415745907129e-06,3.021434170000239e-05,3.498310826661716e-05,5.462475403356008e-05,3.501594399064705e-05,0.183987208944973,4.359315096557397e-05,4.399646476405847e-05,7.177110594911525e-05,5.624424349304363e-05,3.5600302786970624e-05,3.99733330891131e-05,0.2204856530992564,3.911570094754304e-05,2.4924198940408594e-05,0.007448064710559,0.0172030629993351,4.542621923715828e-05,4.163157912273017e-05,0.4003373058104804,5.398693057412602e-05,5.750973399855997e-05,4.691021495664519e-05,5.13543100593994e-05
281,uj0598,uj0598,0988_000040.xml,letters-leipzig,Brief,"Johnson, Uwe","Klemm, Eberhardt",1976-04-30,1976,4.0,JohnsonUwe,KlemmEberhardt,909,3.658267928209113e-05,4.196507591511797e-05,3.967624689406918e-05,5.2624625525226e-05,3.985822639109517e-05,7.212242188981158e-05,3.34396556565741e-05,4.6107874483220304e-05,4.041569509491855e-05,4.9130688123236166e-05,1.890615669759171e-05,4.2789222024206616e-05,1.7266227636612214e-05,4.960618132439906e-05,4.193869886258725e-05,6.714423701563988e-05,8.245688966791483e-06,2.8870791642266388e-05,3.342750405726269e-05,0.2949405757699888,3.3458879665452416e-05,0.1219769640992132,4.165468144410542e-05,4.20400609687732e-05,6.857963897958327e-05,5.374321410300432e-05,3.40172536065594e-05,3.819582707845678e-05,4.669526607737484e-05,3.7376331518671736e-05,2.381588722347958e-05,0.451789823431949,5.540153563140029e-05,4.3406238127366056e-05,3.978033539584862e-05,0.115731616163737,5.158627778446585e-05,5.495243166838407e-05,0.0140871280555722,4.907072278384764e-05
282,uj0520,uj0520,0299_060271.xml,letters-leipzig,Brief,"Bierwisch, Manfred","Johnson, Uwe",1962-06-11,1962,6.0,BierwischManfred,JohnsonUwe,232,0.00019716191437828688,0.00022617027694046596,0.00021383466018602348,0.00028361979263430626,0.0002148154365183028,0.0003887029339689436,0.3155170108718608,0.00024849784049239376,0.00021781990745943505,0.0002647892586107514,0.00010189450639439268,0.0002306120025817828,9.305612824789128e-05,0.00026735192355642777,0.00022602811812993948,0.0003618730658679154,4.444004250001442e-05,0.0001555987877736578,0.00018015713507469293,0.0002813083135965031,0.00018032623354142277,0.5943260379085296,0.0002244974096350024,0.0002265744079942475,0.0003696091476603712,0.00028964841245451785,0.00018333558324811568,0.00020585595521805297,0.00025166358049465533,0.00020143929365683096,0.0127418269704359,0.0005158683879465515,0.0002985859165851498,0.000233937403522569,0.0002143956439269177,0.0687414199139105,0.0002780236298497269,0.00029616547612423204,0.0002415797323644859,0.0002644660761281612
283,uj1228,uj1228,0952_s000101.xml,letters-leipzig,Brief,"Johnson, Uwe","Baumgärtner, Klaus",1975-06-06,1975,6.0,JohnsonUwe,BaumgärtnerKlaus,447,0.00010541560224006024,0.00012092536242438765,0.00011432993818501264,0.00015164161568436774,0.00011485432509845912,0.00020782590799050952,9.635875526109078e-05,0.0068768466335993,0.00011646071097004552,0.0001415735856043474,5.447944036447991e-05,0.00012330019827917735,4.975386768946921e-05,0.0001429437532122235,0.00012084935506428144,0.00019348091284877668,0.1214154635651999,8.319324740128333e-05,9.632373956008882e-05,0.0001504057484246911,9.641415061520769e-05,0.2233496443000135,0.000120030938594972,0.00012114143721019316,0.00019761712609108376,0.0001548649085349567,9.802314499265787e-05,0.1080138000238785,0.00013455574309769228,0.00010770256782405102,6.862717941420686e-05,0.00027581684304229707,0.00015964348041799253,0.0068690616755515,0.0001146298766344831,0.529064436388927,0.00014864954253459103,0.00015834935528394504,0.0001291642610414794,0.00014140079119756197
284,uj0807,uj0807,0553_100931.xml,letters-leipzig,Brief,"Bierwisch, Manfred","Johnson, Uwe",1965-06-07,1965,6.0,BierwischManfred,JohnsonUwe,1165,4.210042411082974e-05,4.829464458428924e-05,4.56605927763206e-05,6.056196803415126e-05,4.587002013797424e-05,8.300060599847055e-05,0.2182024868182027,0.1050949898997293,4.651157153114867e-05,5.654104202962888e-05,2.175776162092294e-05,0.0485301327580057,1.9870482987050143e-05,0.037764446879462,4.826428909584145e-05,0.0162375681182551,9.489381570743916e-06,3.3225356819336144e-05,3.846935559108114e-05,6.00683927504984e-05,3.850546356451133e-05,0.4878210565264599,4.793743349074088e-05,4.8380939591183504e-05,7.892346714532405e-05,6.184927269455789e-05,3.914805673139694e-05,4.395688207709168e-05,5.3738286653813065e-05,0.0754577310341866,2.740802402559477e-05,0.00011015452952160858,6.37577179213067e-05,4.995317647803844e-05,4.578038088796174e-05,0.0092917434703409,5.936700689083433e-05,6.32408758615155e-05,5.158506003148076e-05,5.647203215201057e-05
285,uj1002,uj1002,0673_101122.xml,letters-leipzig,Brief,"Doherty, Monika","Johnson, Uwe",1969-06-25,1969,6.0,DohertyMonika,JohnsonUwe,591,6.847309071484595e-05,7.854751227578802e-05,7.426343029314963e-05,9.849936713595524e-05,7.460404773431671e-05,0.00013499408008240256,6.259018257218599e-05,8.630173443047516e-05,7.564748156356808e-05,9.195964130467742e-05,3.538732012056417e-05,8.009009560749988e-05,3.231780707335189e-05,9.2849638695149e-05,7.849814141651335e-05,0.00012567623592298625,1.5433746781524514e-05,5.403847869880024e-05,6.256743799529033e-05,9.76966050287803e-05,6.262616482744066e-05,0.5918966578385689,7.796653599990783e-05,7.868786444468195e-05,0.0307924172976392,0.00010059306881833312,6.367129302123432e-05,7.149247632477507e-05,8.740117598863821e-05,6.995859759017282e-05,4.45770358626024e-05,0.3593866518808527,0.00010369700769532586,8.124498640372541e-05,7.445825641208305e-05,0.0151123036639451,9.65558550575102e-05,0.000102856403972376,8.389911906274006e-05,9.18474020645705e-05
286,uj0231,uj0231,0635_s000202.xml,letters-leipzig,Brief + Umschlag,"Johnson, Uwe","Bierwisch, Manfred",1968-10-26,1968,10.0,JohnsonUwe,BierwischManfred,857,4.704178375413525e-05,5.39630247200419e-05,5.101981219511688e-05,6.767017349961908e-05,5.125382020969588e-05,9.274245191838471e-05,4.300015966789475e-05,5.929026258785483e-05,5.197067099071005e-05,6.317730827103664e-05,2.431148708742326e-05,5.502279682548579e-05,2.2202697087001243e-05,0.5778891703754448,5.392910638421818e-05,8.634098814004593e-05,1.0603157693525044e-05,3.7125042886376506e-05,4.298453388765415e-05,6.71186668996176e-05,4.302487988211329e-05,0.1779171168351858,5.356388748158929e-05,5.405944823926097e-05,8.818677609525296e-05,6.910857011294351e-05,4.374289471063237e-05,4.911613564112898e-05,6.004559130880889e-05,4.806234369184018e-05,3.062492520137137e-05,0.00012308345264296414,7.124101104577095e-05,5.581621979688239e-05,5.115365993093313e-05,0.2391048695497866,6.633495883407253e-05,7.066350682995272e-05,0.003067146834781,6.310019865021016e-05
287,uj0680,uj0680,0239_060210.xml,letters-leipzig,Brief,"Baumgärtner, Klaus + Baumgärtner, Sabine","Johnson, Uwe",1961-06-01,1961,6.0,BaumgärtnerKlaus+BaumgärtnerSabine,JohnsonUwe,1291,0.1830827582298453,3.772689566853032e-05,3.5669222429600136e-05,4.7309905045839546e-05,3.583282326549515e-05,0.1746986227223617,3.0062483449307125e-05,4.1451300449083296e-05,3.633399151478311e-05,4.416883097501296e-05,1.699676661292472e-05,3.846780876341196e-05,1.552245895975839e-05,4.459630267618784e-05,3.770318251450476e-05,0.0232045995922248,7.4129318387155695e-06,2.5955042863708346e-05,3.005155907685145e-05,4.692433303488009e-05,3.0079765967245375e-05,0.4841739669607317,3.744784887620079e-05,3.779430775427687e-05,6.165357331895442e-05,4.831552397180578e-05,3.058174803115916e-05,3.433831469951038e-05,4.197936958528749e-05,3.360158248085863e-05,2.1410648567658448e-05,0.0085021366934667,4.980636658134182e-05,3.9022510539640925e-05,3.576279871800885e-05,0.125083744331028,4.637642319148646e-05,4.940261898914617e-05,4.029730821325165e-05,4.4114921717052486e-05
288,uj0970,uj0970,0212_060186.xml,letters-leipzig,Brief,"Johnson, Uwe","Baumgärtner, Klaus + Baumgärtner, Sabine",1960-08-10,1960,8.0,JohnsonUwe,BaumgärtnerKlaus+BaumgärtnerSabine,852,4.338582507653233e-05,0.1471574454621696,4.70546920351482e-05,6.24110328319551e-05,4.727051358732603e-05,8.553476239612285e-05,3.965830495214258e-05,5.4682385660008346e-05,4.793165268769703e-05,0.111082928696287,2.242206485277249e-05,5.074657565641854e-05,2.047716423931717e-05,5.883125970788925e-05,4.973788384275956e-05,7.963080286150273e-05,9.77910929896927e-06,0.3553131561237515,3.964389356477372e-05,6.190238781540397e-05,3.968110397897254e-05,0.2084997500252031,4.940104875362018e-05,4.985809588558076e-05,8.133314122884713e-05,6.373764119745706e-05,4.034331666026244e-05,4.529896401247613e-05,5.53790123001432e-05,4.432706988920359e-05,2.8244839836707627e-05,0.00011351774358925898,6.570435465758509e-05,5.147833596611746e-05,4.717813749128492e-05,0.176112428988438,6.1179587395664e-05,6.517173248876165e-05,5.316004383225522e-05,5.819622391958732e-05
289,uj0077,uj0077,1089_101797.xml,letters-leipzig,Brief,"Menzhausen, Joachim","Johnson, Uwe",1981-01-03,1981,1.0,MenzhausenJoachim,JohnsonUwe,991,4.279195479036484e-05,4.908791992753427e-05,4.6410601865717446e-05,6.155674326012972e-05,0.4627050064100343,0.0055596110878833,3.9115457400683065e-05,5.393388672140465e-05,4.727555857751448e-05,5.746977056484365e-05,2.211514898688558e-05,5.005195054893387e-05,2.019687040221138e-05,5.802597049242112e-05,4.905706582768297e-05,7.854080704836128e-05,9.64525169852955e-06,3.37711079385787e-05,3.910124327808273e-05,6.105506063650309e-05,3.913794435174718e-05,0.4109675484548447,4.872484137693586e-05,4.917563239389642e-05,8.021984360753249e-05,6.286519285399917e-05,3.979109258782144e-05,4.467890645511205e-05,5.462097785399991e-05,4.372031573312539e-05,2.7858221140693624e-05,0.00011196389933825022,6.480498570853042e-05,5.07736944372841e-05,4.653235758590394e-05,0.0340829793550711,6.034215399408223e-05,6.427965413471724e-05,0.0849187629814976,5.739962714882112e-05
290,uj1113,uj1113,0473_101432.xml,letters-leipzig,Brief,"Bierwisch, Manfred","Johnson, Uwe",1964-07-09,1964,7.0,BierwischManfred,JohnsonUwe,696,6.505343027562667e-05,7.462471840852703e-05,7.055459063069313e-05,9.358014433519548e-05,7.087819706832135e-05,0.0001282522504035138,5.946432438481472e-05,8.199168176618208e-05,7.186952007053712e-05,8.73670233274343e-05,3.362001828851696e-05,7.609026255391645e-05,3.070380184622839e-05,8.821257276272478e-05,7.45778132123698e-05,0.00011939975493389833,1.4662959706679298e-05,0.0375075915371796,5.9442715710052365e-05,9.281747350754877e-05,5.949850962618373e-05,0.5373655162536787,7.407275705757591e-05,7.475806115584359e-05,0.00012195226949574456,0.3746580875860921,6.0491442373548485e-05,6.792202272851806e-05,8.303621537784477e-05,6.646474845812968e-05,4.235078428777828e-05,0.0001702103994704198,9.85182060496125e-05,7.718747617614209e-05,7.073968680806137e-05,0.0476520160662953,9.173369449387771e-05,9.77195834796444e-05,7.970905702013395e-05,8.726038950231762e-05
291,uj1154,uj1154,0468_101426.xml,letters-leipzig,Brief,"Johnson, Uwe","Bierwisch, Manfred",1964-06-20,1964,6.0,JohnsonUwe,BierwischManfred,449,9.233831299335836e-05,0.00010592401624714204,0.00010014678465335476,0.0001328297773226639,0.00010060611896359443,0.00018204415031899173,8.440500944714741e-05,0.00011638085096665754,0.00010201322529554772,0.00012401073257975798,4.772101576218698e-05,0.00010800424281519828,4.358167206480613e-05,0.00012521092460770187,0.0001058574379488812,0.00016947871765875732,2.081293725892324e-05,7.287274325843862e-05,8.437433760455396e-05,0.00013174722506837438,8.445353275335757e-05,0.2783451554604306,0.0001051405497985871,0.00010611328596412612,0.00017310181466583663,0.4963540105955908,8.58629239940509e-05,9.641005812106632e-05,0.00011786348564337082,9.43415700009755e-05,6.0113662853905565e-05,0.00024160049784358248,0.00013983897401274525,0.00010956165269259264,0.00010040951436164664,0.2212297476970252,0.0001302088845787802,0.0001387053910407662,0.00011314084167961544,0.00012385937411214784
292,uj0190,uj0190,0149_060126.xml,letters-leipzig,Brief,"Baumgärtner, Klaus","Johnson, Uwe",1959-01-08,1959,1.0,BaumgärtnerKlaus,JohnsonUwe,110,0.0004696788054523325,0.0005387824815821523,0.0005093965945561823,0.0006756386284195535,0.0005117329984078768,0.0009259675240932636,0.00042932605899114113,0.0005919711687117058,0.0005188902444059031,0.0006307805595876414,0.0002427329344837397,0.0005493635534891638,0.0002216781638244326,0.0006368853360311815,0.0005384438310850563,0.0008620534540768976,0.00010586500005072137,0.00037066718996826153,0.0004291700466716248,0.0006701322266546544,0.00042957287277578353,0.6045121716835916,0.0005347973796917189,0.0005397452019492417,0.0008804823360778641,0.3011679223901028,0.0004367417409615325,0.0004903897360042668,0.0005995125896160598,0.0605754528502966,0.000305768130749989,0.001228900870563,0.0007112909055931103,0.0005572853184326804,0.0005107329691502931,0.0135167422925752,0.0006623074581473121,0.0007055249360957195,0.0005754908623008462,0.0006300106747808078
293,uj0771,uj0771,0795_101245.xml,letters-leipzig,Brief,"Bierwisch, Manfred","Johnson, Uwe",1971-07-09,1971,7.0,BierwischManfred,JohnsonUwe,162,0.0002777358060839787,0.00031859897676675625,0.00030122218027113745,0.00039952630799437445,0.0003026037691347506,0.0005475536339434185,0.0002538739617001175,0.00035005111538358874,0.0003068360731338395,0.0003730003252125814,0.000143535595899511,0.0003248558963918523,0.0001310852497627628,0.0003766102709602424,0.00031839872210825384,0.0005097592400937586,6.260129429696311e-05,0.00021918713299309505,0.0002537817067232761,0.0003962701999583228,0.0002540199104306852,0.6417582325815532,0.00031624246105214915,0.0003191682635092771,0.0005206568159229162,0.0004080186356866679,0.1957084789376774,0.00028998282878292943,0.0003545105940519357,0.0002837612161414912,0.00018081028414056971,0.0007266876212445459,0.00042060861748881935,0.0003295402844175723,0.0003020124204753299,0.1323702862145353,0.0003916431689669748,0.0181854008235204,0.0003403057934052573,0.00037254506818387256
294,uj1052,uj1052,0694_101139.xml,letters-leipzig,Brief,"Bierwisch, Manfred","Johnson, Uwe",1969-08-15,1969,8.0,BierwischManfred,JohnsonUwe,584,7.727424546826273e-05,0.0989613389740734,8.380884347234294e-05,0.00011115993443658094,8.419324200736934e-05,0.00015234547721077498,7.06351806453193e-05,9.739448506114308e-05,8.537079308633615e-05,0.0198783187074423,3.993581176068606e-05,9.038443632293544e-05,3.647176037638233e-05,0.00010478402095281542,8.858786108959565e-05,0.0001418299685738377,1.7417515769183113e-05,6.098428775608353e-05,7.060951260551334e-05,0.00011025398970011811,7.067578786190648e-05,0.5641594710159927,8.798792603443496e-05,8.880197007309013e-05,0.00014486199372574306,0.00011352274902625896,7.185525108972166e-05,8.068172630999456e-05,9.863524279467826e-05,7.895069123302082e-05,5.030672305766735e-05,0.0002021858053326393,0.00011702565114729929,9.168777043484548e-05,8.402871146984266e-05,0.0219983908897298,0.00010896661399708551,0.00011607700084174678,0.2917691344697024,0.0001036529623340197
295,uj0003,uj0003,0606_s000188.xml,letters-leipzig,Brief,"Johnson, Uwe","Bierwisch, Manfred",1967-10-15,1967,10.0,JohnsonUwe,BierwischManfred,736,0.0038285202487166,6.759208970384971e-05,6.39055305082837e-05,8.47611574998047e-05,6.419864029586328e-05,0.0001161657665029708,5.386041024629106e-05,7.426479090440385e-05,6.509654108155792e-05,7.91335606196605e-05,3.0451669908651125e-05,6.89195210624221e-05,2.7810277517943128e-05,7.989942553008224e-05,6.754960485038762e-05,0.00010814752964196846,1.328112331884595e-05,4.650145617399483e-05,5.384083797166052e-05,8.40703607223268e-05,5.389137387269314e-05,0.298244351786745,0.3845660320005158,6.771286623916122e-05,0.00011045949539425704,8.656283991886727e-05,5.479073270125656e-05,6.152105563735461e-05,7.521088773510391e-05,6.020111480129045e-05,3.835964907682391e-05,0.0680069238743995,8.923385659311055e-05,6.991333334284856e-05,6.407318323369865e-05,0.24294995793735,8.308871697380138e-05,8.85104961632153e-05,7.219728056888101e-05,7.903697595942376e-05
296,uj1219,uj1219,0953_101629.xml,letters-leipzig,Brief,"Johnson, Uwe","Klemm, Erika",1975-09-14,1975,9.0,JohnsonUwe,KlemmErika,491,0.00010833812433230346,0.00012427787415593365,0.00011749959963028516,0.00015584569897492077,0.0001180385245467109,0.00021358763390713056,0.0070299826033452,0.0001365466044720994,0.00011968944555445002,0.00014549854474525868,5.598981799981e-05,0.00012671854950794758,5.113323444739835e-05,0.0070778591149128,0.00012419975958224272,0.0001988449408504405,2.441927420354583e-05,8.54996811576643e-05,9.89942005818906e-05,0.00015457556876656542,9.90871181758932e-05,0.4721250818976519,0.0001233586534905113,0.0001244999393579743,0.00020309582568141184,0.00015915835378299458,0.00010074072000721618,0.00011311539625329688,0.00013828614090868888,0.0001106884933148556,7.052978627414414e-05,0.0002834635367012511,0.00016406940588338704,0.0001285458177291641,0.2773559045052651,0.231839259390769,0.00015277067415863537,0.0001627394026704403,0.00013274518643013633,0.00014532095981922833
297,uj0937,uj0937,1016_101697.xml,letters-leipzig,Brief,"Johnson, Uwe","Klemm, Erika",1977-06-09,1977,6.0,JohnsonUwe,KlemmErika,191,0.0002682047730200213,0.0003076656461871593,0.00029088516755303845,0.0003858158019378964,0.0002922193445639072,0.0005287632883160824,0.00024516179326509026,0.0003380384447746456,0.0002963064089919059,0.0003602001087673419,0.00013860989859867606,0.1547397769690868,0.000126586809798172,0.0003636861723524356,0.0003074722636485982,0.0004922658810613176,6.045301167469842e-05,0.00021166530913751497,0.00024507270419345565,0.0003826714334495429,0.0002453027334870457,0.3451998427693426,0.0003053899987966921,0.0003082153967710468,0.0005027894858241978,0.00039401669923392056,0.0002493964346339764,0.0002800315158136744,0.00034234488794052944,0.000274023409657528,0.0001746054349324477,0.0007017499517272201,0.2063076001270177,0.0003182314820309613,0.0002916482891598098,0.2822538168984586,0.00037820318783768304,0.0004028820401279995,0.00032862755207752216,0.00035976047475049606
298,uj1227,uj1227,0957_101635.xml,letters-leipzig,Brief,"Johnson, Uwe","Klemm, Erika",1975-09-29,1975,9.0,JohnsonUwe,KlemmErika,531,9.28870302501864e-05,0.00010655346607942907,0.000100741903485113,0.00013361911371700337,0.0001012039673737315,0.0001831259414363128,8.490658331984436e-05,0.00011707244018049048,0.00010261943538678446,0.00012474766210329488,4.800459626104185e-05,0.0238785088139979,4.384065465576054e-05,0.00012595498623118616,0.00010648649214191512,0.00017048583912361595,2.0936617424490824e-05,7.330578703498217e-05,8.487572921087865e-05,0.0001325301284330852,8.495539497413684e-05,0.3037690747563848,0.0001057653439083844,0.00010674386052521248,0.00017413046626035104,0.00013645932042412865,8.637316147392164e-05,9.698297158361384e-05,0.0001185638853629008,0.0654620247806513,6.047088623291025e-05,0.0002430362005126853,0.2734940916985857,0.00011021271905464918,0.00010100619445568216,0.3295087803008438,0.0001309826464079122,0.00013952964306803274,0.00011381317724942507,0.0001245954041931841
299,uj0665,uj0665,0235_060205.xml,letters-leipzig,Brief,"Baumgärtner, Klaus","Johnson, Uwe",1961-05-20,1961,5.0,BaumgärtnerKlaus,JohnsonUwe,453,0.3578919564458333,0.00010347886796680713,9.783499789382629e-05,0.00012976353688820013,9.82837289382668e-05,0.000177841846093112,8.245660557224323e-05,0.00011369431728253928,9.96583536503786e-05,0.00012114807083170846,4.661942460504564e-05,0.0001055110746183628,4.257563345072312e-05,0.00012232055764626286,0.00010341382656090806,0.00016556647367746983,2.033249175137529e-05,7.1190550029984e-05,8.242664175796884e-05,0.000128705974252665,8.25040087672365e-05,0.514301670808077,0.00010271348704509732,0.00010366376858470112,0.00016910593517175214,0.00013252178948812936,0.1212747960760994,9.41845298964596e-05,0.00011514272684432044,9.216379072272606e-05,5.872600003144507e-05,0.00023602339585330332,0.0001366109333950889,0.00010703253327130018,9.809166275377514e-05,0.0025960331652347,0.0001272031447900878,0.0001355035180341272,0.00011052910031755184,0.00012100020632052012
300,uj0207,uj0207,0623_s000194.xml,letters-leipzig,Brief,"Johnson, Uwe","Bierwisch, Manfred",1968-08-05,1968,8.0,JohnsonUwe,BierwischManfred,775,2.573944576241319e-05,0.0115563285586199,2.79160691624343e-05,3.702650328121161e-05,2.804410930289128e-05,5.07450849122326e-05,2.352802528347132e-05,3.244133993930816e-05,2.843634234180184e-05,3.4568181091021185e-05,1.3302306021406582e-05,3.0106347624655603e-05,1.2148457644315432e-05,3.490273645169758e-05,2.9507922489652023e-05,4.7242451368747547e-05,5.801638045640877e-06,2.0313388471736065e-05,2.3519475460507533e-05,0.0165035848506556,2.354155122918032e-05,0.0018415806544387,2.9308088822953575e-05,2.957924051462278e-05,4.825239519252508e-05,3.7813538309623946e-05,2.3934421189891597e-05,2.6874450934974085e-05,3.285462661966455e-05,2.629785671258339e-05,1.6756775323796386e-05,0.9683187210032872,3.898032756274696e-05,3.054047800639565e-05,2.7989305469851355e-05,0.0007407476153606552,3.62959254263276e-05,3.866433957814356e-05,3.15381824025278e-05,3.452598968702604e-05
301,uj1119,uj1119,0477_101436.xml,letters-leipzig,Brief,"Baumgärtner, Klaus","Johnson, Uwe",1964-07-16,1964,7.0,BaumgärtnerKlaus,JohnsonUwe,137,0.0003697006189514188,0.0004240945399468714,0.0004009638802368281,0.0005318188008795451,0.0004028029454449335,0.0007288614321365951,0.0003379375605167835,0.00046596121633238905,0.00040843666415810734,0.0004965094455933261,0.00019106358446834424,0.0004324232718116706,0.00017449063790515084,0.0005013147287007112,0.000423827976293304,0.0006785524316655213,8.333004510678479e-05,0.00029176511259492447,0.00033781475776217834,0.0005274845194151774,0.00033813183628117564,0.665046026179937,0.0004209577268346451,0.00042485233082748686,0.0006930584494020007,0.2843631446500721,0.00034377470322489496,0.00038600291693724313,0.0004718973325542564,0.0003777211830231068,0.0002406807926643008,0.0009673108669222478,0.0005598819554973005,0.0004386587701326673,0.000402015787431401,0.0342911691858253,0.0005213253703824037,0.0005553433591900061,0.0004529889906115881,0.0004959034423283213
302,uj1209,uj1209,0970_101653.xml,letters-leipzig,Brief,"Johnson, Uwe","Klemm, Erika",1975-11-29,1975,11.0,JohnsonUwe,KlemmErika,1013,5.137058807980207e-05,5.892872449144244e-05,5.571467633715776e-05,7.389721075005125e-05,5.597021786566652e-05,0.00010127665056050064,0.0033334003403725,6.474617698305814e-05,5.675303355094389e-05,6.899091021174979e-05,2.6548640147295904e-05,6.00860172627319e-05,2.424579842206132e-05,6.965861322998235e-05,5.889168497637941e-05,9.428612144741384e-05,1.157886463374973e-05,4.054130463097895e-05,4.693998840872751e-05,7.329495428545711e-05,4.698404705822224e-05,0.4341994832864344,5.849285847983406e-05,5.90340209426335e-05,9.630175957085692e-05,7.546796921245705e-05,4.77681339071356e-05,5.363582268221971e-05,6.557101136416436e-05,5.248506036351899e-05,3.3443043438081845e-05,0.00013440964267443875,0.1578270744762948,6.095245134290397e-05,5.586084079677876e-05,0.4024244595708195,7.243912908077628e-05,7.716599184691165e-05,6.294366211069584e-05,6.890670493184015e-05
303,uj0808,uj0808,0524_100900.xml,letters-leipzig,Brief,"Bierwisch, Manfred","Johnson, Uwe",1965-01-05,1965,1.0,BierwischManfred,JohnsonUwe,344,0.0096469226538479,0.0001703153226376596,0.0001610261066722018,0.00021357712048808737,0.0001617646707298985,0.00029270895585697005,0.0001357148919153968,0.00018712887675052128,0.00016402715828846084,0.0286947523580835,7.67306649057787e-05,0.000173660120839715,7.007501038751826e-05,0.00020132676023692405,0.000170208271330971,0.0002725049851859906,3.346514086116443e-05,0.0001171721505592664,0.00013566557463162796,0.00021183648372794732,0.00013579291258384793,0.704009628622672,0.00016905558621820507,0.0001706196495887683,0.0002783305661785816,0.0097165687097867,0.00013805907404926395,0.0001550178206620631,0.000189512806403727,0.00015169189672123123,9.665681350305353e-05,0.0003884696615321095,0.00022484721425904773,0.2376374591791607,0.00016144855001054564,0.0042727972851118,0.00020936298464724307,0.0002230245251612448,0.0001819192628534795,0.00019915360095853815
304,uj1020,uj1020,0684_101132.xml,letters-leipzig,Brief,"Bierwisch, Manfred","Johnson, Uwe",1969-07-26,1969,7.0,BierwischManfred,JohnsonUwe,571,7.689410907703568e-05,8.820751208408238e-05,8.33965613320589e-05,0.00011061310365137304,8.377906888942499e-05,0.00015159604174782437,7.028770390838746e-05,9.691537086401042e-05,8.495082722315138e-05,0.00010326910345867905,3.973935490405244e-05,8.993980676701175e-05,3.629234428131519e-05,0.00010426855529744876,8.815206945401179e-05,0.00014113226221520818,1.7331833514396728e-05,6.0684286805848816e-05,0.0049895776329458,0.000109711615542868,7.032811136526585e-05,0.4974330914817153,8.755508566864945e-05,8.836512516787135e-05,0.0001441493718788759,0.00011296429481068542,7.15017724413772e-05,8.02848274455463e-05,9.815002491883148e-05,7.856230787620722e-05,5.00592484166441e-05,0.0346363994852292,0.00011644996505112896,9.123672936726144e-05,8.361534772951699e-05,0.0071322274526687,0.0001084305728470481,0.00011550598145570096,0.4526712405892691,0.00010314306071281487
305,uj0097,uj0097,0902_101571.xml,letters-leipzig,Brief,"Johnson, Uwe","Klemm, Ine",1974-01-11,1974,1.0,JohnsonUwe,KlemmIne,271,0.000189973247916222,0.000217923944530453,0.00020603809331379795,0.0002732788091958102,0.00020698310982933545,0.0003745305429473818,0.00017365157825904095,0.00023943742891404095,0.00020987803557986188,0.0002551348501064902,9.817935875497264e-05,0.0002222037216319004,8.966323428896097e-05,0.0002576040784287367,0.00021778696893331103,0.2555737582230539,4.281972630405962e-05,0.00014992554306646585,0.00017358847520497638,0.0002710516083609715,0.0001737514082189087,0.3903528512341033,0.00021631207118080588,0.0002183133406727697,0.00035613292994237603,0.0002790876211629141,0.00017665103485166338,0.00019835029771843532,0.0002424877437387086,0.00019409467084253564,0.0001236755080994234,0.0004970594521996826,0.00028769925740774755,0.00022540787604142157,0.00020657862318044045,0.3457672875863687,0.00026788668656702166,0.0002853670679623451,0.0002327715600283664,0.00025482345109172164
306,uj0792,uj0792,0561_100936.xml,letters-leipzig,Brief,"Bierwisch, Manfred","Johnson, Uwe",1965-07-08,1965,7.0,BierwischManfred,JohnsonUwe,383,0.00012090826589737264,0.00013869745619294826,0.0001311327191834842,0.0001739279992777495,0.00013173417391140673,0.00023836955450348205,0.00011052035709207708,0.0001523896898035298,0.2863333736699737,0.0001623802963560729,6.248614551884032e-05,0.000141421315649157,5.706606741497095e-05,0.0001639518340216244,0.00013861027822393237,0.00022191631181419416,2.725256798213572e-05,9.54199479385768e-05,0.00011048019522232192,0.00017251049974189756,0.00011058389376086916,0.5810502202300833,0.0001376715811621757,0.0001389452869419146,0.000226660413824542,0.00017762501130218027,0.00011242935796049594,0.00012623983008354804,0.0001543310593381195,0.0155937906395922,7.871314188865254e-05,0.0003163529448097084,0.00018310587777323705,0.0001434605962193006,0.0001314767388260304,0.1117713969920019,0.00017049618872703282,0.00018162155835099855,0.00014814720484048068,0.00016218210679364343
307,uj1166,uj1166,0435_101397.xml,letters-leipzig,Brief,"Bierwisch, Manfred","Johnson, Uwe",1964-03-18,1964,3.0,BierwischManfred,JohnsonUwe,405,0.00011142731397648931,0.0001278215751772506,0.0001208500226564445,0.00016028953554982333,0.00012140431465884368,0.00021967794339752047,0.0001018539670475929,0.00014044014018802265,0.00012310231058237914,0.0001496473390911208,5.758633046493574e-05,0.0001303318447655385,5.2591264658851175e-05,0.0001510956455372154,0.0001277412332183839,0.00020451487224218024,2.5115573585255135e-05,8.793764776675295e-05,0.00010181695444768602,0.00015898318842234928,0.0001019125215251546,0.6923163486481808,0.0001268761435452101,0.00012804997242100514,0.00020888696823016025,0.00016369664850908756,0.00010361327471417753,0.00011634080663267408,0.0001422292783504931,0.00011384470216918254,7.254089627542522e-05,0.0002915463111398769,0.00016874773599761405,0.00013221121632619274,0.0001211670661971782,0.0174639003345503,0.00015712682844370112,0.2853107366116721,0.00013653032723594984,0.00014946469044889785
308,uj1034,uj1034,0705_101150.xml,letters-leipzig,Brief,"Bierwisch, Manfred","Johnson, Uwe",1969-09-22,1969,9.0,BierwischManfred,JohnsonUwe,770,5.3116222612856986e-05,6.093119361446163e-05,5.760792822792908e-05,0.1597880762685328,0.0680202840433425,0.00010471815328061564,4.85527093369948e-05,6.694633015727011e-05,5.868157007204136e-05,7.133530453998747e-05,2.7450794955700557e-05,6.212781258975092e-05,2.5069699891542057e-05,7.202569691199268e-05,6.0892895452009145e-05,9.74900775580726e-05,1.1972328417478322e-05,4.191894705292276e-05,4.8535065821899846e-05,7.578560522175973e-05,4.858062163743672e-05,0.496527793672182,6.0480516350148365e-05,6.104006816604589e-05,9.957420949569898e-05,0.030661117812306,4.939135270304176e-05,5.54584326188131e-05,6.77991934053512e-05,0.0068505097550064,3.45794783845785e-05,0.00013897704442315117,8.0440261824458e-05,6.302368914483908e-05,5.775905953215431e-05,0.0287135802359283,0.0204636242650375,7.978818530781085e-05,0.186961715261092,7.124823786311955e-05
309,uj0156,uj0156,0177_000005.xml,letters-leipzig,Postkarte,"Johnson, Uwe","Klemm, Eberhardt",1959-04-23,1959,4.0,JohnsonUwe,KlemmEberhardt,177,0.0002394452089414204,0.0002746746976418729,0.00025969358762119413,0.1382114259738148,0.000260884700998988,0.0004720640674129447,0.000218873125007476,0.0309388975474778,0.00026453351002240583,0.00032157589640688524,0.00012374677660502155,0.0002800689946469476,0.00011301292210444172,0.00032468814983219445,0.00027450205148859977,0.00043948027254779934,5.397064283604576e-05,0.00018896846466002012,0.000218793588945788,0.00034163762376965094,0.00021899895222715732,0.4460510881970499,0.00027264306763487544,0.00027516549853979263,0.0004488754324955183,0.00035176633813087323,0.0155412071476254,0.0002500037715927693,0.000305635288663666,0.000244639913904102,0.0001558825161049112,0.0006265013926631818,0.000362620577149206,0.000284107560237018,0.1228088025702779,0.2366692221504222,0.0003376485075727759,0.00035968104963588133,0.0002933888610000083,0.00032118340429037267
310,uj0107,uj0107,0910_s000098.xml,letters-leipzig,Brief,"Johnson, Uwe","Baumgärtner, Klaus + Baumgärtner, Sabine",1974-01-25,1974,1.0,JohnsonUwe,BaumgärtnerKlaus+BaumgärtnerSabine,419,9.573143406198684e-05,0.00010981636601562623,0.34919673429166,0.0001377108229186255,0.0001043030539716324,0.00018873365786839177,8.750660841044556e-05,0.00012065745408619122,0.00010576186670785034,0.00012856770807358894,4.947460188207498e-05,0.000111973033882714,4.5183151287193335e-05,0.0001298120031041154,0.00010974734118981668,0.00017570648800597415,2.1577742393692965e-05,7.555057039717729e-05,8.747480948125129e-05,0.00013658849052602888,8.75569147842393e-05,0.2885733996282809,0.00010900410982176431,0.00011001259075532552,0.00017946272158865116,0.00014063800296058867,8.901809639187467e-05,9.995280206811908e-05,0.00012219457057869204,9.780830399730508e-05,6.232263689003167e-05,0.0002504784999734584,0.00014497758390885805,0.0062380246461361,0.00010409922481472542,0.3518479330312159,0.0001349936212202071,0.00014380234559208688,0.00011729838540312998,0.00012841078769360769
311,uj0069,uj0069,1107_101825.xml,letters-leipzig,Brief,"Johnson, Uwe","Klemm, Ine",1981-08-03,1981,8.0,JohnsonUwe,KlemmIne,478,9.073038153301369e-05,0.00010407951040110071,9.840288051999596e-05,0.0001305167485169172,9.885421622094436e-05,0.0640283045193833,8.293522441749756e-05,0.00011435425522774214,0.0001002368199334989,0.00012185127404221973,4.689002676015545e-05,0.00010612351298330544,4.2822763445666986e-05,0.00012303056654906964,0.00010401409146277272,0.1917148186774862,2.0450511571081072e-05,7.160377512713549e-05,8.290508667845283e-05,0.00012945304726575638,8.29829027640362e-05,0.1748218049568652,0.00010330968683067424,0.00010426548427346122,0.00017008750950234532,0.00013329101137660832,8.436775159711582e-05,9.473122340423891e-05,0.2148820769341228,9.26987548627588e-05,5.906687472700636e-05,0.00023739339216096532,0.0001374038906934995,0.00010765380293336592,9.86610351895002e-05,0.350880722140151,0.0001279414946390737,0.0001362900473470829,0.00011117066578091108,0.0001217025512524119
312,uj0016,uj0016,0609_101054.xml,letters-leipzig,Brief,"Bierwisch, Manfred","Johnson, Uwe",1967-11-03,1967,11.0,BierwischManfred,JohnsonUwe,611,7.36340471127749e-05,8.446779835881768e-05,7.986081638602658e-05,0.0001059234651824312,8.022710685792567e-05,0.0001451688590212588,6.730773219381315e-05,9.28064720407019e-05,8.134918642144535e-05,9.889082688704118e-05,3.8054534558749125e-05,8.61266493400839e-05,3.4753666057384665e-05,9.984790519468097e-05,8.441470631725982e-05,0.00013514870995742816,1.659701973100822e-05,5.81114689707941e-05,6.728327331180255e-05,0.1885351552918996,6.734642650497956e-05,0.6459306200023895,0.1602494238631613,8.461872915672418e-05,0.00013803790391240782,0.00010817497342765322,6.847032814075028e-05,7.688100996974656e-05,9.39887807498072e-05,7.52315196688144e-05,4.793689790525334e-05,0.00019266133270123535,0.00011151286250374982,8.736858660933211e-05,8.007032694660702e-05,0.0021190916584455,0.00010383346663768258,0.00011060890076501902,9.022276665607951e-05,9.877012794665958e-05
313,uj0767,uj0767,0777_101226.xml,letters-leipzig,Brief,"Johnson, Uwe","Bierwisch, Manfred",1971-01-26,1971,1.0,JohnsonUwe,BierwischManfred,1428,3.582801742367744e-05,4.109938092502799e-05,3.885776801817621e-05,0.3301145626184719,3.9035993471263536e-05,7.063461284999347e-05,3.2749831040724864e-05,4.51567179542876e-05,3.958196218721588e-05,4.811717415619396e-05,1.851614274484523e-05,4.190652577432663e-05,1.6910043680386283e-05,4.8582858437127545e-05,4.107354800310424e-05,6.575912264779209e-05,8.075589152297402e-06,2.8275217843348567e-05,3.2737930116014084e-05,5.111899624601527e-05,3.27686584786972e-05,0.4976579232729258,4.0795389562615806e-05,4.117281911658741e-05,6.71649137922182e-05,5.263454861900974e-05,3.331551375784845e-05,3.74078876925959e-05,4.5731992283092506e-05,0.0092050226192104,2.3324590739336045e-05,9.374296070290588e-05,5.425866073379723e-05,4.251081348994806e-05,3.895970928460456e-05,0.1614783866557464,5.052210760815708e-05,5.381882130902703e-05,4.389956796501531e-05,4.805844583813223e-05
314,uj0938,uj0938,1024_101707.xml,letters-leipzig,Brief,"Klemm, Eberhardt","Johnson, Uwe",1977-08-03,1977,8.0,KlemmEberhardt,JohnsonUwe,301,0.0467525756648823,0.0001671401768124366,0.3450488822053378,0.00020959545582058343,0.00015874893256270298,0.0002872520562380679,0.00013318479323835342,0.00018364028005474924,0.00016096924113340367,0.00019567966269009164,7.530019437283384e-05,0.00017042261878087196,6.876861955175216e-05,0.00019757347596178045,0.0001670351212363978,0.0002674247431228233,3.2841258637003754e-05,0.00011498773955666884,0.00013313639536433142,0.0002078872693148104,0.00013326135938705917,0.2900658484407745,0.0001659039253429629,0.00016743883027255606,0.00027314171927069646,0.00021405061498789684,0.0001354852733728899,0.0001521278623277947,0.0001859797667055945,0.00014886394275246672,9.485486478158412e-05,0.158844594739523,0.00022065544406121016,0.00017288009510682415,0.00015843870520260153,0.1533351332754758,0.0002054598830568291,0.00021886673489891707,0.00017852778768241847,0.00019544083034654276
315,uj1200,uj1200,0968_101651.xml,letters-leipzig,Brief,"Johnson, Uwe","Klemm, Erika",1975-11-19,1975,11.0,JohnsonUwe,KlemmErika,1066,4.593583006506081e-05,5.2694352456790425e-05,4.982033494297899e-05,6.607924577431505e-05,5.004884142240471e-05,9.05620742063272e-05,4.198922467733293e-05,5.789634680910918e-05,5.07488390209392e-05,6.169200793648025e-05,2.3739923326751497e-05,5.3729209289554186e-05,2.1680711039892373e-05,6.228907122747883e-05,0.0029914148267891,8.43111090255359e-05,1.0353877151182487e-05,3.625223206032815e-05,4.197396625963522e-05,6.554070511034202e-05,4.201336371860418e-05,0.4411608574686343,5.2304598946293806e-05,5.278850905629932e-05,8.611350245282752e-05,6.748382564188908e-05,4.271449799785326e-05,4.796141387952886e-05,5.863391773010885e-05,4.693239660927698e-05,2.9904932329053723e-05,0.0647727688525688,0.3086386936337792,5.450397886407284e-05,4.995103591467649e-05,0.1805859424750934,6.47754220439589e-05,6.900220575195835e-05,5.628452923096596e-05,6.161671116505724e-05
316,uj0222,uj0222,0621_101068.xml,letters-leipzig,Brief,"Bierwisch, Manfred","Johnson, Uwe",1968-07-27,1968,7.0,BierwischManfred,JohnsonUwe,1363,3.2144132193708226e-05,3.687348696723029e-05,0.018542705915604,4.623972198655657e-05,3.502225980340707e-05,6.337186638189777e-05,2.938244909970843e-05,0.1912882303871181,3.551209127724137e-05,4.316970120267475e-05,1.6612287893846457e-05,3.7597640090985904e-05,1.5171330108388828e-05,4.3587503195730846e-05,3.685031022129296e-05,5.899768067925487e-05,7.245246148673997e-06,2.5367921685832568e-05,2.937177184417941e-05,0.1110929242071121,2.9399340675033266e-05,0.5349144258827827,3.6600752408028455e-05,3.693937414456522e-05,0.0638094978411443,4.722259311081784e-05,2.9889967554438768e-05,3.3561558063872714e-05,4.102976695712697e-05,3.284149124200975e-05,2.0926324759289603e-05,8.410418264094151e-05,4.867971182039599e-05,0.0123767021647069,3.495381926003959e-05,0.0132636284924435,4.532735614302e-05,4.8285097280422185e-05,0.0103215210638043,0.0432280853084431
317,uj1012,uj1012,0719_s000068.xml,letters-leipzig,Brief,"Johnson, Uwe","Baumgärtner, Klaus + Baumgärtner, Sabine",1969-11-20,1969,11.0,JohnsonUwe,BaumgärtnerKlaus+BaumgärtnerSabine,431,0.0001006634917473556,0.00011547407559966876,0.00010917597152984892,0.00014480564740537117,0.00010967671920488404,0.00019845716506222352,9.201492529465556e-05,0.0645265368462443,0.00011121068958015416,0.0194550904275388,5.202352003872819e-05,0.00011774185441409458,4.7510975065649286e-05,0.0001364998825225748,0.00011540149463343412,0.0001847588389190284,2.2689421867091545e-05,7.94429154248316e-05,9.19814880931983e-05,0.00014362549275035173,9.20678234392707e-05,0.4708797476098384,0.00011461997218558416,0.2190745351287548,0.000188708592643663,0.00014788363497428598,9.360428472957532e-05,0.00010510234349559844,0.00012849000192617126,0.00010284736146207089,6.553348234803345e-05,0.00026338308479367345,0.00015244678996358907,0.00011943967963158164,0.00010946238882474068,0.221855818474678,0.00014194845620767605,0.00015121100368543862,0.0001233415666097779,0.00013502647687171432
318,uj0419,uj0419,0117_060099.xml,letters-leipzig,Brief + Postkarte,"Klemm, Eberhardt + Ziegner, Uta + Schmidt, Elisabeth","Johnson, Uwe",1958-07-15,1958,7.0,KlemmEberhardt+ZiegnerUta+SchmidtElisabeth,JohnsonUwe,139,0.00030481596388154506,0.1953562646975443,0.0003305923370718883,0.0004384814417141346,0.0003321086354098236,0.0006009419205273067,0.000278627510911031,0.0003841822545242705,0.0393380738568109,0.0004093690880585432,0.00015753079025825054,0.0003565304185206312,0.00014386649427912762,0.00041333101543171257,0.0003494436484316098,0.0005594624485318254,6.870512711490758e-05,0.00024055860191653092,0.0197791863876658,0.0004349078523973455,0.0002787876901245524,0.4118218765641602,0.0003470771448055053,0.0003502882226592077,0.0005714225739732405,0.0004478017993864963,0.0002834402003945748,0.0003182571117165889,0.0003890765470818904,0.00031142887130734126,0.00019843988363293385,0.0007975420628461094,0.00046161934596928553,0.0003616715498403116,0.2148387210241646,0.1062755057725908,0.000429829670612203,0.0004578773002783668,0.0003734867314873061,0.0004088694419668983
319,uj0333,uj0333,0550_s000166.xml,letters-leipzig,Brief,"Johnson, Uwe","Bierwisch, Manfred + Zeibig, Brigitte",1966-05-20,1966,5.0,JohnsonUwe,BierwischManfred+ZeibigBrigitte,1434,2.871876549422761e-05,3.2944147279658773e-05,3.114733126722249e-05,4.1312290661563605e-05,3.129019194890047e-05,5.661878686242713e-05,2.6251374908972448e-05,3.61963984242434e-05,3.172782564029914e-05,3.8569419694527066e-05,1.484203703092521e-05,3.359113266466538e-05,0.0036881317636057,3.8942699563751465e-05,3.292344031119926e-05,5.271072635964606e-05,6.473172890088227e-06,2.2664646523384988e-05,2.62418354510144e-05,0.4887597341487511,2.626646647180135e-05,0.1159666331950663,3.27004760615127e-05,3.300301333905511e-05,5.383757035252508e-05,4.219042434887567e-05,2.6704810808176666e-05,2.998514658441841e-05,3.665752269881403e-05,2.9341812053791268e-05,1.869635832121548e-05,0.0221226046024901,4.349226850087979e-05,3.407551328195584e-05,3.122904461714414e-05,0.3664469131736932,0.0018777857149967,4.3139705166277206e-05,3.518870114348005e-05,3.852234467013092e-05
320,uj0268,uj0268,857a_000055.xml,letters-leipzig,Brief,"Klemm, Eberhardt","Johnson, Uwe",1972,1972,,KlemmEberhardt,JohnsonUwe,82,0.0003979361829530993,0.0004564843924696954,0.0004315871486936138,0.0005724360003641492,0.0004335666709113234,0.0007845275916194218,0.0003637472484897358,0.000501548599938536,0.1531878953600466,0.0005344299237041068,0.00020565589995579915,0.0004654492240042445,0.0256458613256522,0.0005396022061395146,0.0004561974702483707,0.0007303762848879728,8.969430500050365e-05,0.00031404841991936825,0.0258216591834552,0.0005677706919135798,0.00036395636189707006,0.1812194129521074,0.00045310800797767855,0.00045730005897132056,0.0007459901871429299,0.0005846036949581849,0.0003700301979075825,0.0004154835548029026,0.0005079380818863773,0.0004065693106467203,0.0002590625793773522,0.0010411883950961,0.0006026424540668402,0.0004721609530992773,0.000432719394387485,0.5715290539298127,0.0005611411432174135,0.0260558013430784,0.00048758563173366014,0.000533777637465536
321,uj0195,uj0195,0175_060148.xml,letters-leipzig,Brief,"Bierwisch, Manfred","Johnson, Uwe",1959-04-18,1959,4.0,BierwischManfred,JohnsonUwe,333,0.00013921459603758525,0.00015969719019650212,0.00015098710078212738,0.00020026187605427792,0.0001516796198283744,0.0091807409727001,0.0001272538875014791,0.00017546252068736622,0.00015380105494273364,0.00018696577271947533,7.194697105105163e-05,0.00016283346041793696,6.570625642230323e-05,0.00018877525182864813,0.00015959681289268545,0.1160371644410769,3.137879130480769e-05,0.00010986717415558473,0.00012720764485270252,0.00019862975749065053,0.00012732704405214016,0.5977749126998058,0.00015851599073975634,0.00015998254419895158,0.1338551881394905,0.00020451864073208812,0.0001294519240274343,0.0001453533951421632,0.0001776978267147224,0.00014223482248567875,9.063084454605526e-05,0.0003642509227149628,0.0269296713083524,0.00016518150187459644,0.00015138320732795046,0.1108817820059473,0.00019631046614901085,0.00020912029206516324,0.00017057769477457274,0.00018673757591533045
322,uj0191,uj0191,0193_060161.xml,letters-leipzig,Brief,"Johnson, Uwe","Baumgärtner, Klaus",1959-12-28,1959,12.0,JohnsonUwe,BaumgärtnerKlaus,478,8.917749098667677e-05,0.00010229814361923136,9.67186717653329e-05,0.00012828289673005123,9.71622826564504e-05,0.00017581261827272928,0.0970690181428639,0.00011239703165085304,9.852122249590886e-05,0.00011976573567764866,4.608748324559044e-05,0.0001043071621946132,4.208983293882677e-05,0.00012092484407247006,0.00010223384435492176,0.00016367731147020687,2.010049203462701e-05,7.037824489571568e-05,8.148612950919013e-05,0.00012723740119553292,8.156261373810526e-05,0.4342664237408117,0.00010154149591916566,0.00010248093446664065,0.0001671763866668255,0.00013100967685578848,8.292376027185957e-05,0.3252865002279694,0.00011382891443312396,9.111217473765262e-05,5.805591908221103e-05,0.0002333302994215672,0.00013505216242692977,0.00010581126055640468,9.697240800366789e-05,0.1394899444504601,0.00012575171945955523,0.00013395738300125864,0.0001092679307432728,0.00011961955834406416
323,uj0674,uj0674,0232_060203.xml,letters-leipzig,Brief,"Bierwisch, Manfred","Johnson, Uwe",1960-05-17,1960,5.0,BierwischManfred,JohnsonUwe,505,0.1402124407332319,0.00010468716639598028,9.897739417816896e-05,0.00013127875522085775,0.268665027578247,0.00017991846354648898,8.341943198255775e-05,0.00011502189911328051,0.00010082204083149814,0.00012256268839140448,4.7163788673053245e-05,0.00010674310264714482,4.30727791194993e-05,0.00012374886605901988,0.00010462136551686584,0.00016749975449121431,2.0569909480493123e-05,7.202182535666032e-05,8.3389118287864e-05,0.00013020884367489892,8.346738869352171e-05,0.5319838156370928,0.00010391284830107182,0.00010487422605494752,0.0001710805454457786,0.0001340692152883525,8.486032280383005e-05,9.528430052366446e-05,0.00011648722141321476,9.323996565336634e-05,5.941172973630016e-05,0.0177539269647217,0.0001382061071679805,0.00010828232701531002,9.923705605338477e-05,0.0318182590664545,0.00012868846602577286,0.005975468287154,0.00011181972265345194,0.00012241309730105936
324,uj0009,uj0009,0590_110142.xml,letters-leipzig,Brief,"Baumgärtner, Klaus + Baumgärtner, Sabine","Johnson, Uwe",1967-02-24,1967,2.0,BaumgärtnerKlaus+BaumgärtnerSabine,JohnsonUwe,421,9.28870302501864e-05,0.00010655346607942907,0.000100741903485113,0.00013361911371700337,0.0001012039673737315,0.0001831259414363128,8.490658331984436e-05,0.00011707244018049048,0.00010261943538678446,0.00012474766210329488,4.800459626104185e-05,0.00010864605432249326,4.384065465576054e-05,0.00012595498623118616,0.00010648649214191512,0.00017048583912361595,2.0936617424490824e-05,7.330578703498217e-05,8.487572921087865e-05,0.0001325301284330852,8.495539497413684e-05,0.4939279768337885,0.0001057653439083844,0.00010674386052521248,0.00017413046626035104,0.00013645932042412865,8.637316147392164e-05,9.698297158361384e-05,0.0001185638853629008,9.490219154383936e-05,6.047088623291025e-05,0.0180704332702692,0.00014066996231792942,0.00011021271905464918,0.00010100619445568216,0.056155358564576,0.0001309826464079122,0.00013952964306803274,0.00011381317724942507,0.4279821250783515
325,uj0768,uj0768,0793_101243.xml,letters-leipzig,Brief,"Bierwisch, Manfred","Johnson, Uwe",1971-06-11,1971,6.0,BierwischManfred,JohnsonUwe,1504,2.9092930250933357e-05,3.3373362764365084e-05,3.155313678932879e-05,4.185053117846354e-05,3.16978587429411e-05,5.735644930183848e-05,2.6593393068074072e-05,3.6667986125767456e-05,3.2141194180248774e-05,3.907192449541014e-05,1.5035407709612982e-05,0.0130626095770311,1.3731229264407864e-05,0.3443662283422954,3.335238601349388e-05,5.339747231702728e-05,6.557509146116394e-06,2.295993470190884e-05,2.658372932451723e-05,4.1509452635808106e-05,2.6608681252548683e-05,0.5399757769178095,3.3126516856064865e-05,3.3432995764972615e-05,0.0056382164830223,4.2740105701473576e-05,2.7052736593528503e-05,3.037581048948077e-05,3.7135118195207984e-05,2.972409422294019e-05,1.893994533626134e-05,7.612080191306599e-05,4.4058911035200544e-05,3.4519468860036976e-05,3.1635914748232305e-05,0.0957597737710343,4.1024769397452114e-05,4.370175430070612e-05,3.5647159979560164e-05,3.902423615025501e-05
326,uj0290,uj0290,0555_s000167.xml,letters-leipzig,Brief,"Johnson, Uwe","Bierwisch, Manfred",1966-07-01,1966,7.0,JohnsonUwe,BierwischManfred,1181,3.510386199679572e-05,4.026868076692576e-05,0.0067754014169786,5.049732901807815e-05,0.0022840233456962,6.920694696448988e-05,3.208789187738374e-05,4.4244010952388185e-05,3.878193207710555e-05,4.714463045165748e-05,1.814189470608172e-05,4.105951161492237e-05,1.6568258095235093e-05,4.760090232790052e-05,4.0243369979687336e-05,6.443000010748347e-05,7.91236544832436e-06,2.7703719504342176e-05,0.4110091477732033,0.1437797720019892,3.210633877542218e-05,0.2136145533739386,3.9970833674016775e-05,4.03406346267029e-05,6.580737741939801e-05,5.157069979999201e-05,3.2642141022711985e-05,3.665179994817962e-05,4.480765784386594e-05,3.586543165580133e-05,2.285315441161664e-05,9.184822918811916e-05,5.3161985381625865e-05,4.1651585475015865e-05,3.81722561421503e-05,0.1941470091392536,4.950095541965304e-05,0.0270020472026551,4.301227046251327e-05,4.708708914960429e-05
327,uj1146,uj1146,0420_101381.xml,letters-leipzig,Brief,"Johnson, Uwe","Bierwisch, Manfred",1964-01-31,1964,1.0,JohnsonUwe,BierwischManfred,700,5.982486173925033e-05,6.86268724370909e-05,6.488387486512083e-05,8.605878541180784e-05,6.518147193735843e-05,0.00011794417474419665,5.468497156363372e-05,7.540172754377023e-05,6.60931188911812e-05,0.6315860128309966,3.091786147571016e-05,6.997462574539783e-05,2.823603140583593e-05,8.11226240773778e-05,6.858373717330743e-05,0.0001098031848644438,1.3484447067950366e-05,4.721335758332027e-05,5.46650996525823e-05,8.535741306874757e-05,5.4716409219261697e-05,0.1650271878684902,6.811927412342546e-05,6.874949796795602e-05,0.00011215054502827958,8.788805019836635e-05,5.562953653746441e-05,6.24628955239927e-05,7.636230838685505e-05,6.112274741231325e-05,3.894690570244098e-05,0.00015653000267251997,9.059995807669604e-05,7.098365252492284e-05,0.0038923611717797,0.1969143423031522,8.436074111195666e-05,8.986552355682893e-05,7.330256522048711e-05,8.024697106933604e-05
328,uj0032,uj0032,1034_101717.xml,letters-leipzig,Brief,"Johnson, Uwe","Bierwisch, Manfred",1978-03-06,1978,3.0,JohnsonUwe,BierwischManfred,452,9.573143406198684e-05,0.00010981636601562623,0.0001038268406771976,0.0001377108229186255,0.0001043030539716324,0.00018873365786839177,8.750660841044556e-05,0.00012065745408619122,0.00010576186670785034,0.00012856770807358894,4.947460188207498e-05,0.000111973033882714,4.5183151287193335e-05,0.0001298120031041154,0.00010974734118981668,0.00017570648800597415,2.1577742393692965e-05,7.555057039717729e-05,8.747480948125129e-05,0.00013658849052602888,8.75569147842393e-05,0.2334534668728625,0.00010900410982176431,0.00011001259075532552,0.00017946272158865116,0.00014063800296058867,8.901809639187467e-05,9.995280206811908e-05,0.1471086819183609,9.780830399730508e-05,6.232263689003167e-05,0.0002504784999734584,0.00014497758390885805,0.0062380246461361,0.0735973428987058,0.5355810422159437,0.0001349936212202071,0.00014380234559208688,0.00011729838540312998,0.00012841078769360769
329,uj1110,uj1110,0430_101393.xml,letters-leipzig,Brief,"Klemm, Eberhardt","Johnson, Uwe",1964-02-27,1964,2.0,KlemmEberhardt,JohnsonUwe,362,0.00014046562229190203,0.0001611322795000871,0.00015234391847594606,0.00020206149241501492,0.00015304266071669372,0.0002769267060466761,0.0001283974310576824,0.0001770392822215464,0.0001551831597158785,0.00018864590610338816,7.259350921777614e-05,0.0001642967332345969,6.629671355967824e-05,0.00019047164576236424,0.00016103100017416942,0.00025781209088023086,3.166077101719678e-05,0.00011085447522363598,0.0001283507728578836,0.00020041470711936832,0.00012847124501617397,0.6211193371430267,0.00015994046541259116,0.00016142019778357463,0.000263323568827201,0.00020635650972237668,0.00013061521983290014,0.00014665958658079535,0.0271382405745712,0.00014351298944713468,9.144528189102596e-05,0.000367524196354693,0.0091990392262086,0.00016666587493212271,0.00015274358456008217,0.0399876782622938,0.0001980745738944607,0.2967594044036789,0.00017211055972291632,0.00018841565865081088
330,uj1134,uj1134,0472_s000048.xml,letters-leipzig,Brief,"Johnson, Uwe","Baumgärtner, Klaus",1964-07-09,1964,7.0,JohnsonUwe,BaumgärtnerKlaus,178,0.00025097912015051543,0.00028790558911801617,0.0002722028493200865,0.0003610364924538846,0.00027345133781096016,0.0004948030692188952,0.0002294160930670749,0.000316327671917516,0.0002772759074582013,0.00033706598640509253,0.00012970757381655906,0.00029355972570379105,0.00011845667691914712,0.0003403281549396929,0.00028772462671815263,0.000460649735341082,5.657037162210396e-05,0.00019807094577602732,0.0002293327258079389,0.00035809407339195,0.00022954798129748143,0.4193677496940309,0.0002857760968893688,0.00028842003155799467,0.00047049745368874267,0.0003687106809652399,0.00023337876141539952,0.080544234567828,0.0003203575305385296,0.0002564240504823405,0.00016339126980999884,0.0006566795343236372,0.0003800877612199173,0.0002977928262237266,0.00027291695886884164,0.4086337925556106,0.0003539128042085068,0.0003770066386858142,0.0805897094871852,0.0003366545882129807
331,uj1073,uj1073,0448_101409.xml,letters-leipzig,Brief,"Johnson, Uwe","Bierwisch, Manfred",1964-04-29,1964,4.0,JohnsonUwe,BierwischManfred,128,0.00031087829587013736,0.000356617709325064,0.000337167322432541,0.0004472021794230713,0.00033871377766843283,0.0006128937533043936,0.0002841689938792728,0.0003918230629038378,0.179339942001229,0.00041751082475131895,0.00016066384122057463,0.0003636212733878775,0.0001467277829047257,0.0004215515489130324,0.00035639355807912614,0.0005705893168721879,7.007156896586937e-05,0.00024534295142683533,0.0002840657300243512,0.0004435575167787786,0.0002843323588169199,0.3802353975665276,0.00035397998824805336,0.0003572549296203933,0.0005827873112563178,0.0004567079050195494,0.00028907740053273024,0.00032458676796026995,0.0003968146955940273,0.0003176227240985664,0.0002023865550573608,0.0008134039773543626,0.00047080026186354013,0.0003688646540925965,0.0003380518627857324,0.4266051498383139,0.00043837833758035127,0.000466983792500692,0.00038091482196779737,0.0004170012414488869
332,uj0265,uj0265,0843_101503.xml,letters-leipzig,Brief,"Johnson, Uwe","Klemm, Eberhardt + Klemm, Erika",1972-10-19,1972,10.0,JohnsonUwe,KlemmEberhardt+KlemmErika,140,0.0002879691956475304,0.0003303380013087245,0.0003123209433703573,0.0004142471623496021,0.0003137534379391345,0.0005677286690679394,0.0002632281432395836,0.0003629490181833196,0.0003181416844369049,0.0003867438093137191,0.00014882427541759984,0.0003368254619536993,0.0001359151866937331,0.0003904867662912246,0.00033013036811318266,0.0005285417116844839,6.490788717296291e-05,0.0186501481288802,0.0186860173663088,0.0004108710805065582,0.0002633794695634737,0.481175459884793,0.00032789465795867416,0.0003309282638594846,0.000539840817083525,0.0004230523963927256,0.0002677748418502116,0.0003006674693250249,0.0003675728097759056,0.0002942166165766985,0.00018747237823925952,0.0007534629860203703,0.0004361062657655724,0.0003416824498620557,0.0003131403005831641,0.4688594990932648,0.000406073562996656,0.0004325710379055613,0.0003528446223151911,0.0003862717779893513
333,uj0614,uj0614,0072_060063.xml,letters-leipzig,Brief,"Baumgärtner, Klaus","Johnson, Uwe",1957-11-22,1957,11.0,BaumgärtnerKlaus,JohnsonUwe,281,0.0001731391686580432,0.0001986130731592459,0.0001877804616151596,0.0002490627830761128,0.0112652534728375,0.4434058117218927,0.00015826380938218477,0.0002182201854341009,0.0001912801354846845,0.00023252661270818927,8.94794016561329e-05,0.00020251360682656052,8.171791562372098e-05,0.00023477703556314404,0.000198488235366158,0.0003177814639387992,3.90253464409857e-05,0.00013664020682838983,0.0001582062980723537,0.00024703294095250743,0.00015835479312041237,0.5108351197458026,0.00019714403257168364,0.00019896796378252515,0.00032457496041320713,0.00025435685940479035,0.00016099747544605895,0.00018077390383508177,0.00022100020303490096,0.00017689538037194113,0.00011271626342430278,0.0004530135757084492,0.00026220539364090275,0.00020543383184140656,0.00018827309356608875,0.0271359425040879,0.0002441484720376324,0.0002600798662513404,0.00021214499848062947,0.0002322428076612717
334,uj1136,uj1136,0495_s000055.xml,letters-leipzig,Brief,"Johnson, Uwe","Baumgärtner, Klaus",1964-08-12,1964,8.0,JohnsonUwe,BaumgärtnerKlaus,350,0.00011906627967705138,0.00013658445919307506,0.00012913496774791022,0.00017127827987585523,0.00012972725956779868,0.00023473809530190676,0.0001088366262626118,0.0001500680974239369,0.0001315416626105286,0.00015990650131716754,6.153419555783112e-05,0.00013926682180415753,5.61966900482033e-05,0.00016145409727200824,0.0001364986093434929,0.00021853551079622884,2.6837386651737087e-05,9.396626544679566e-05,0.00010879707624193184,0.00016988237534505088,0.00010889919497716576,0.3665313841454527,0.0001355742129338875,0.00013682851434554944,0.00022320733842181063,0.1449033952500513,0.0001107165443113565,0.00012431661974103127,0.00015197989101593305,0.00012164939335329009,7.751398051088408e-05,0.00031153344168663693,0.00018031633727974908,0.00014127503479855106,0.1220060853510818,0.3614391185342012,0.00016789875150533738,0.0001788546308352258,0.00014589024492239782,0.00015971133108877867
335,uj0902,uj0902,0351_101311.xml,letters-leipzig,Brief,"Johnson, Uwe","Bierwisch, Manfred",1963-01-06,1963,1.0,JohnsonUwe,BierwischManfred,510,8.670419014862176e-05,9.946094690573876e-05,9.403621939662358e-05,0.00012472502363359956,0.0278290540317679,0.0057178538289715,7.925494576804828e-05,0.00010927974645364469,9.5788777128033e-05,0.00011644408252118052,4.480926595472502e-05,0.00010141424618165183,4.092248882621041e-05,0.00011757104352395728,9.939843095493732e-05,0.000159137788916356,1.9543013199502708e-05,6.842633337459629e-05,7.92261454013725e-05,0.00012370852448542378,7.930050837182454e-05,0.1892516974047262,9.872528451676422e-05,9.963866812457828e-05,0.00016253981870924703,0.0777842183912055,8.062390406929267e-05,9.052749330789548e-05,0.0001106719165590259,8.858521624574666e-05,5.644576217230718e-05,0.0002268589800480584,0.00013130654654543375,0.033384380434811,0.0666572905299928,0.5960153844999666,0.0001222640475180712,0.0001302421303744476,0.00010623742986586809,0.00011630195935549938
336,uj0494,uj0494,0283_060258.xml,letters-leipzig,Brief,"Baumgärtner, Klaus","Johnson, Uwe",1962-03-06,1962,3.0,BaumgärtnerKlaus,JohnsonUwe,185,0.00022892481776285716,0.0002626064450390278,0.0002482835529814622,0.0003293111123793098,0.0588314599527609,0.2201339642854018,0.0002092565997751146,0.00028853099255283805,0.00025291082599553544,0.0003074469679611913,0.00011830977286321935,0.0002677637353615397,0.00010804752666375826,0.00031042247977606765,0.0002624413843583392,0.0150656804401001,5.159936016430672e-05,0.00018066584638076996,0.000209180558251845,0.0003266272526736444,0.0002093768985836082,0.5289717178098491,0.00026066407780115487,0.0002630756818494482,0.00042915340439072993,0.0149818203514376,0.00021287105634405475,0.00023901947382836688,0.0002922067351798437,0.00023389128542437808,0.00014903357953786734,0.0005989750965477986,0.0003466882879300079,0.00027162486040061446,0.00024893491154154263,0.1530432511690904,0.0003228134043931056,0.0003438779130502108,0.00028049837303076135,0.00030707172058563
337,uj1102,uj1102,0444_101405.xml,letters-leipzig,Brief,"Johnson, Uwe","Bierwisch, Manfred",1964-04-22,1964,4.0,JohnsonUwe,BierwischManfred,253,0.00014847085794582822,0.0001703153226376596,0.0001610261066722018,0.0477058360999989,0.0001617646707298985,0.00029270895585697005,0.0001357148919153968,0.00018712887675052128,0.00016402715828846084,0.0001993969703770921,7.67306649057787e-05,0.000173660120839715,7.007501038751826e-05,0.00020132676023692405,0.000170208271330971,0.0002725049851859906,3.346514086116443e-05,0.0001171721505592664,0.00013566557463162796,0.00021183648372794732,0.00013579291258384793,0.2005916834398572,0.00016905558621820507,0.0001706196495887683,0.0002783305661785816,0.0002181169138845884,0.00013805907404926395,0.1426317947591945,0.000189512806403727,0.00015169189672123123,9.665681350305353e-05,0.0003884696615321095,0.00022484721425904773,0.0001761642816065105,0.00016144855001054564,0.5266876460597311,0.00020936298464724307,0.0002230245251612448,0.0001819192628534795,0.0761867679681758
338,uj0960,uj0960,0223_060194.xml,letters-leipzig,Brief + Postkarte,"Baumgärtner, Klaus","Johnson, Uwe",1960-11-01,1960,11.0,BaumgärtnerKlaus,JohnsonUwe,87,0.0004997091169018261,0.0005732311421084898,0.0005419663809894901,0.0007188375937618529,0.0005444521697708933,0.000985172011964197,0.00045677629756954793,0.0006298206061552641,0.0325210542465027,0.0006711113908723527,0.0002582527866401003,0.0005844887463204475,0.0002358518165929206,0.000677606494355991,0.0005728708389845726,0.0009171714057739288,0.00011263379371613292,0.0003943668992794692,0.0004566103101383369,0.0007129791238217534,0.00045703889212763977,0.4833185193997794,0.0005689912408753174,0.0005742554168657856,0.0009367785931608964,0.0007341171993387937,0.0004646661232240827,0.0005217442624016426,0.0006378442102365051,0.0005105501833860681,0.0642632927475173,0.0013074743029921,0.0007567694053214131,0.224375827489324,0.0005433882006682172,0.1742259114701558,0.0007046540554657317,0.0007506347714137811,0.0006122865823346428,0.000670292281190432
339,uj0414,uj0414,0096_060080.xml,letters-leipzig,Brief,"Baumgärtner, Klaus","Johnson, Uwe",1958-03-19,1958,3.0,BaumgärtnerKlaus,JohnsonUwe,468,9.752325922552013e-05,0.00011187182178021002,0.00010577018925019718,0.0500528430532842,0.00010625531592791656,0.2060815542315268,8.914448780149035e-05,0.043796401159469,0.0001077414335655522,0.00013097413660776187,5.040062829624833e-05,0.00011406885644835426,4.602885372795801e-05,0.00013224172136718878,0.00011180150500237856,0.00017899522288903572,2.1981617486258934e-05,7.696466613786473e-05,8.911209368512414e-05,0.00013914504571369165,8.919573577014613e-05,0.6932751253185544,0.0001110443624182178,0.00011207171929917712,0.0001828217626769785,0.0001432703537147901,9.068426661785829e-05,0.0001018236394546702,0.0001244817117727566,9.963900236740788e-05,6.348914264784785e-05,0.00025516675815713823,0.00014769115950230362,0.00011571371741960072,0.00010604767165828316,0.0028065919670653,0.00013752032490733904,0.0001464939240055072,0.00011949388368085412,0.000130814279116389
340,uj0002,uj0002,0587_s000182.xml,letters-leipzig,Brief,"Johnson, Uwe","Bierwisch, Manfred",1967-01-29,1967,1.0,JohnsonUwe,BierwischManfred,1367,3.2957426724127215e-05,3.780644123357052e-05,3.574442947758087e-05,4.74096559811387e-05,3.590837525892399e-05,6.497526920516418e-05,3.0125868925109244e-05,4.153869876419629e-05,3.641060020028436e-05,4.426195908838708e-05,1.7032603576982413e-05,3.8548916512399005e-05,1.5555187408439027e-05,4.469033209557736e-05,3.77826780813619e-05,6.049041007430247e-05,7.428561692199829e-06,2.600976797463122e-05,3.0114921519075952e-05,0.2952311063578361,0.0168978050785584,0.2616983072556461,0.0400982237964381,0.0274478245678031,6.178356727259142e-05,4.84173952121092e-05,3.064622835438609e-05,3.441071558479125e-05,4.206788131185604e-05,3.367242999739348e-05,2.145579201527087e-05,8.623214401551009e-05,4.991138120027896e-05,3.910478785387942e-05,3.5838203067638806e-05,0.2982410124988804,4.647420591974807e-05,4.950678232334902e-05,4.038227338450734e-05,0.0590810245535306
341,uj0895,uj0895,0392_101357.xml,letters-leipzig,Brief,"Johnson, Uwe","Bierwisch, Manfred",1963-08-27,1963,8.0,JohnsonUwe,BierwischManfred,1100,3.905028086739304e-05,4.479573484682048e-05,4.2352518059985776e-05,5.617430017782963e-05,4.254677257087532e-05,7.698727613459719e-05,3.569525171813724e-05,4.921797648784286e-05,0.0025413911002931,5.2444687159912e-05,2.018142857910702e-05,4.567547186081869e-05,1.843088182609214e-05,5.295225367555092e-05,0.0200307616284504,7.167329910062474e-05,8.801883197658599e-06,3.081820535343908e-05,3.568228046027939e-05,5.57164840426499e-05,3.571577243889436e-05,0.1926608747206627,4.44644034213866e-05,4.487577784704783e-05,7.320552284556616e-05,5.73683406088345e-05,3.6311810226644245e-05,4.07722398863852e-05,4.9844989248554166e-05,0.3447982948272054,2.5422333832129137e-05,0.00010217391884961644,5.913852045140303e-05,4.633410738453977e-05,4.246362761536334e-05,0.4383174358971364,5.506591304735073e-05,5.865912320006425e-05,4.784776223364638e-05,5.2380676994681245e-05
342,uj0318,uj0318,0567_101019.xml,letters-leipzig,Brief,"Bierwisch, Manfred","Johnson, Uwe",1966-09-28,1966,9.0,BierwischManfred,JohnsonUwe,910,4.634441450933763e-05,5.316305178549725e-05,5.0263470809633226e-05,6.666699942706695e-05,5.049400978074958e-05,9.136759474900034e-05,4.23627053351572e-05,5.84113162056163e-05,5.120023363293808e-05,6.224073851875878e-05,2.395108231453722e-05,5.420711333717698e-05,2.187355399623417e-05,6.284311249582976e-05,5.3129636270832726e-05,8.506102924203729e-05,1.0445971560621364e-05,3.6574684012740565e-05,4.2347311198738246e-05,0.3914319817083564,4.238705908544208e-05,0.4747337701424804,5.2769831542794734e-05,5.325804587769608e-05,8.687945437956066e-05,6.808407258111958e-05,4.309442972875477e-05,4.838801524079615e-05,5.915544758289694e-05,4.734984519265996e-05,0.0059599566549652,0.1216818662278251,7.018490121942449e-05,5.4988774238043695e-05,5.039533432446561e-05,0.0042986245553636,6.535157860368892e-05,6.961595819424813e-05,5.6785162028166863e-05,6.216477200675495e-05
343,uj0115,uj0115,0935_101610.xml,letters-leipzig,Brief,"Klemm, Ine","Johnson, Uwe",0000-00-00,0,0.0,KlemmIne,JohnsonUwe,384,0.0001146978468843581,0.00013157330043234402,0.00012439712400807523,0.00016499423659747944,0.0001249676851833524,0.0002261257694948642,0.00010484351008814772,0.00014456223632118028,0.0001267155194395836,0.00015403967818291452,5.927656225916813e-05,0.00013415724961500722,5.413488494004632e-05,0.0001555304942590414,0.00013149060033514502,0.3450879116683473,2.5852747505896424e-05,9.05187291964141e-05,0.00010480541112151728,0.0955552691705634,0.00010490378321384818,0.4778265704320114,0.00013060011918349608,0.00013180840142471375,0.00021501806552795403,0.00016850135264087485,0.00010665445566480388,0.0001197555567782303,0.00014640388795658898,0.00011718618848473162,7.467006353225357e-05,0.00030010356492912195,0.00017370069594983004,0.00013609178311321414,0.00012472347317860646,0.0766790230994551,0.00016173870002881893,0.00017229261817652136,0.00014053766540297666,0.00015385166857152116
344,uj0848,uj0848,0400_101364.xml,letters-leipzig,Brief,"Johnson, Uwe","Bierwisch, Manfred",1963-09-24,1963,9.0,JohnsonUwe,BierwischManfred,367,0.00010401268260917206,0.00011931603172558744,0.00011280838244497408,0.0001496234988688063,0.3394791295942703,0.0002050600646055514,9.507636834216122e-05,0.00013109492821523596,0.00011491079791946124,0.00013968945879352425,5.375440275388904e-05,0.0001216592621655237,4.909172018747786e-05,0.000141041391576632,0.0001192410359066129,0.0068451374264306,2.344432518961769e-05,8.208607315519013e-05,9.504181864631677e-05,0.0001484040791026973,9.513102646926333e-05,0.2869195183177129,0.0001184335113025173,0.00011952923088812366,0.00019498714590122972,0.0001528038946460959,9.671860760474418e-05,0.00010859922009187648,0.0001327650129834667,0.00010626921219654784,6.771385714343499e-05,0.000272146144821056,0.00015751887108253875,0.00012341357599278044,0.0001131043291747192,0.36232184723742,0.00014667124561352032,0.00015624196876481823,0.00012744528326614403,0.00013951896401468984
345,uj0887,uj0887,0366_101327.xml,letters-leipzig,Brief,"Johnson, Uwe","Bierwisch, Manfred",1963-06-07,1963,6.0,JohnsonUwe,BierwischManfred,445,8.436437898182289e-05,0.1674108272078984,9.1498545082953e-05,0.00012135917703983158,9.191821328537296e-05,0.00016632361141404012,7.711616093176471e-05,0.0001063307082281691,9.320380805105994e-05,0.00011330170654000037,4.360003695809627e-05,9.867746742526678e-05,3.981814893024183e-05,0.00011439825521859388,0.0594662177804652,0.00015484327471896927,1.9015622764983767e-05,6.657977095750269e-05,7.708813777573401e-05,0.00012037010927708096,7.716049397686659e-05,0.2111306622923973,0.1889990211179048,9.694980536116127e-05,0.00015815349686928225,0.00012393878664066873,7.844817633653959e-05,8.808450595767581e-05,0.00010768530904015087,8.619464345070873e-05,5.492250909280953e-05,0.0002207369324988548,0.00012776309007171352,0.00010010038617770252,9.173858659943288e-05,0.3694393618233916,0.00011896461316327884,0.0001267273983815019,0.00010337049201308289,0.0001131634187295604
346,uj0026,uj0026,1046_101732.xml,letters-leipzig,Brief,"Johnson, Uwe","Bierwisch, Manfred",1978-11-21,1978,11.0,JohnsonUwe,BierwischManfred,1623,2.82006383895635e-05,3.234978831777831e-05,3.058538940482789e-05,4.0566958570188704e-05,3.0725672677968484e-05,5.559730395389054e-05,2.5777763016505417e-05,3.554336425678967e-05,3.115541083926599e-05,3.787357287064751e-05,1.4574265713397772e-05,3.298510117234969e-05,1.3310086945172365e-05,3.82401182436447e-05,3.232945493228553e-05,5.1759750384061207e-05,6.356387705564687e-06,2.2255744278483225e-05,2.5768395663846706e-05,4.0236341043494e-05,2.579258230621885e-05,0.2491850276227381,0.2327663362065902,3.240759235029455e-05,0.0217025616778511,4.142924948511535e-05,2.62230182914536e-05,2.944417217568777e-05,0.1281300273647448,2.881244430892476e-05,1.835904960205479e-05,0.0054862099996633,4.270760652931405e-05,3.346074287894977e-05,3.0665628530468705e-05,0.3616398344119991,3.976652323482134e-05,4.236140393538484e-05,3.45538472586908e-05,3.782734714620115e-05
347,uj1144,uj1144,0482_s000052.xml,letters-leipzig,Brief,"Johnson, Uwe","Baumgärtner, Klaus",1964-07-23,1964,7.0,JohnsonUwe,BaumgärtnerKlaus,246,0.00015282568001008347,0.00017531086812830294,0.0099428015667688,0.00021984158456938863,0.00016650941570583563,0.00030129444823579187,0.00013969556673561523,0.00019261758323883292,0.00016883826464249229,0.00020524551424730157,0.0098560336421543,0.00017875377313200495,7.213039152837369e-05,0.00020723190707674813,0.0099522530549421,0.0002804978717263276,3.444671216628063e-05,0.00012060894531906976,0.00013964480291884677,0.0393262594051556,0.0001397758758405524,0.0695965363338122,0.00017401418218198174,0.00017562412134103478,0.00028649432375041015,0.4304148191699635,0.00014210850644400197,0.00015956467271849983,0.00019507143630729368,0.00015614119557994308,9.949186968800048e-05,0.00039986392621636855,0.000231442243231662,0.00018133138383174047,0.00016618402279999008,0.4248113756302289,0.00021550384324801173,0.0002295660925535246,0.00018725516533796865,0.00020499500652209035
348,uj0998,uj0998,0711_101156.xml,letters-leipzig,Brief,"Bierwisch, Manfred","Johnson, Uwe",1969-11-05,1969,11.0,BierwischManfred,JohnsonUwe,697,6.195908990920586e-05,7.107510884103882e-05,0.0555610248949912,8.912889838421334e-05,6.750679504757644e-05,0.00012215178631074493,5.663583619401115e-05,0.3726794969031604,6.845096464421589e-05,8.321131154051263e-05,3.202084389803227e-05,7.247094271306316e-05,2.9243340606093505e-05,8.401664145565886e-05,0.0119625646448166,0.00011372036985201524,1.3965499358787713e-05,4.889767535394364e-05,5.661525536042948e-05,8.840250486151857e-05,5.666839537551129e-05,0.5157689593109933,7.05494021592376e-05,7.120210898898987e-05,0.00011615147115692589,0.004054868158156,5.761409814794168e-05,6.4691234500944e-05,7.908650339448232e-05,6.330327713791474e-05,4.033632108705216e-05,0.0318728720418451,9.383207557939662e-05,7.351596612199098e-05,6.737487318530977e-05,0.0017831016457697,8.737027702871645e-05,9.307144039987536e-05,0.0040397623417974,8.310974987451327e-05
349,uj0384,uj0384,0879_101541.xml,letters-leipzig,Brief,"Klemm, Ine","Johnson, Uwe",1973-07-17,1973,7.0,KlemmIne,JohnsonUwe,522,9.691857750078552e-05,0.0001111781734476945,0.00010511437338668696,0.00013941854307847977,0.00010559649209237456,0.0001910741004389466,8.859175768292717e-05,0.0001221536993515429,0.00010707339522894223,0.0001301620465745887,5.008812501151492e-05,0.0001133615856556894,4.574345712738485e-05,0.00013142177182086292,0.0001111082926609367,0.4528059687370745,2.1845323001439572e-05,7.648745559923572e-05,8.855956442254457e-05,0.0001382822929006846,8.864268789446202e-05,0.5401673199529132,0.00011035584465207312,0.00011137683152514273,0.00018168819741621448,0.00014238202240515594,9.012198927827536e-05,0.00010119229371814368,0.00012370987727121883,9.902120222125984e-05,6.30954855389376e-05,0.0002535846260930263,0.00014677541749608756,0.0001149962478561304,0.00010539013529709438,0.0027891900171638,0.00013666764598836714,0.00014558560531995193,0.00011875297563232096,0.0001300031802611601
350,uj0664,uj0664,0264_060234.xml,letters-leipzig,Brief + Postkarte,"Bierwisch, Manfred + Zeibig, Brigitte","Johnson, Uwe",1961-09-18,1961,9.0,BierwischManfred+ZeibigBrigitte,JohnsonUwe,366,0.2454657643252246,0.0001466372639282643,0.00013863947962959968,0.0492514715183052,0.0001392753649450202,0.0002520151431441108,0.00011684715219154036,0.00016111331654547432,0.0737426036914582,0.0001716758405459916,6.606319729151586e-05,0.0001495170521302046,6.033284400858876e-05,0.00017333734169938046,0.0001465450954112475,0.0002346200260530768,2.881265535512093e-05,0.00010088231229291808,0.00011680469123474424,0.00018238595267283317,0.00011691432604985412,0.6143127411141865,0.00014555266214987596,0.00014689928187684994,0.00023963570664080303,0.00018779324709707987,0.00011886543480367564,0.00013346649455825887,0.00016316582078484477,0.0001306029566265915,8.321911647530347e-05,0.0003344627330295866,0.0001935878686087669,0.0001516730723730844,0.0001390031928548111,0.0118567035240316,0.00018025633138036025,0.00019201857855221505,0.00015662796833279416,0.00017146630551938402
351,uj0287,uj0287,0570_101023.xml,letters-leipzig,Brief,"Johnson, Uwe","Klemm, Erika",1966-10-10,1966,10.0,JohnsonUwe,KlemmErika,432,0.00010909425139763164,0.00012514524992831197,0.00011831966761644644,0.0001569333968812319,0.00011886235386544094,0.0002150783315891508,9.972135099012352e-05,0.00013749960771039925,0.00012052479718874868,0.0001465140264911887,5.638058918062351e-05,0.00012760295954875828,0.0209894674837014,0.00014793200832968474,0.0001250665901675622,0.0002002327444745777,2.458970427379826e-05,8.609641128751171e-05,0.2653140651808855,0.00015565440202035515,9.97786794553589e-05,0.3567716582071747,0.00012421961372239158,0.00012536886499574454,0.00020451329761568543,0.00016026917178644522,0.0001014438223125917,0.00011390486545575506,0.0001392512849385054,0.00011146102437104266,7.102203663053868e-05,0.0002854419210738293,0.00016521449971942413,0.00012944298087019866,0.00011863007290669778,0.3521058795645213,0.0001538369104649375,0.00016387521398075083,0.00013367165833345256,0.00014633520214210396
352,uj0476,uj0476,0273_060250.xml,letters-leipzig,Brief,"Baumgärtner, Klaus + Baumgärtner, Sabine","Johnson, Uwe",1962-01-21,1962,1.0,BaumgärtnerKlaus+BaumgärtnerSabine,JohnsonUwe,451,0.00010001937037129058,0.00011473518487390524,0.00010847738085119915,0.00014387907103443793,0.00010897492436277932,0.00019718728558525616,9.142614400691655e-05,0.00012606185947752096,0.0001104990792320322,0.0001343264241009258,5.1690634096333175e-05,0.0001169884527193074,4.720696380887426e-05,0.00013562645273549945,0.00011466306833574712,0.0001835766117232603,2.2544237735471808e-05,7.893457939243481e-05,9.13929207620372e-05,0.00014270646790407918,9.147870366907783e-05,0.583044355276303,0.00011388654666132352,0.0065136987246742,0.00018750109192757424,0.00014693736330415356,9.300533351460142e-05,0.4032262169505233,0.0001276678254308536,0.0001021892660310494,6.511414941912722e-05,0.00026169776003427274,0.00015147131976656384,0.0001186754139632086,0.00010876196543098326,0.0028784267841772,0.00014104016231327918,0.00015024344098639689,0.00012255233370883604,0.00013416247505160952
353,uj0866,uj0866,0390_101355.xml,letters-leipzig,Brief,"Johnson, Uwe","Bierwisch, Manfred",1963-08-19,1963,8.0,JohnsonUwe,BierwischManfred,879,4.850143802154956e-05,5.563743740232607e-05,5.260290026385391e-05,6.976990377433902e-05,5.284416928704761e-05,9.562014712698186e-05,4.433440683179449e-05,6.112997354045812e-05,0.316548246931538,6.51376299311068e-05,2.506584551183624e-05,5.67300930583658e-05,2.2891622101421e-05,6.576804040071832e-05,0.1024509348299199,8.902005304222043e-05,1.0932161892352012e-05,3.827699170618025e-05,4.431829620095959e-05,6.920128453748672e-05,4.435989408678605e-05,0.3199647970503332,5.5225915378967416e-05,5.573685283618092e-05,9.092311374625948e-05,7.125293223593362e-05,4.510018811742877e-05,5.064015474215152e-05,6.19087392721472e-05,4.9553664799866e-05,3.157518259367309e-05,0.00012690259538290324,7.345154044090107e-05,5.754813506275053e-05,5.27409011461535e-05,0.2589355833475306,6.83932588816849e-05,7.285611691110709e-05,5.942813272779327e-05,6.50581276844461e-05
354,uj0604,uj0604,0985_101670.xml,letters-leipzig,Brief,"Johnson, Uwe","Klemm, Erika",1976-03-29,1976,3.0,JohnsonUwe,KlemmErika,395,0.000124768673355677,0.0001431258440319532,0.0001353195770745182,0.00017948124198317126,0.00013594023528948335,0.0002459803129508739,0.0001140490952444782,0.00015725524875204348,0.00013784153481095944,0.0001675648393853041,6.448122815782524e-05,0.00014593667196200513,5.888809563305691e-05,0.00016918655373381495,0.00014303588260988474,0.00022900174455023283,2.8122698869510138e-05,9.846655418968094e-05,0.00011400765107048688,0.0001780184839553566,0.00011411466053743636,0.408031824914109,0.00014206721445300568,0.00014338158762016676,0.00023389731814647908,0.00018329629368575492,0.000116019047455931,0.00013027046585499527,0.00015925860310938317,0.0001274754990613711,8.122632655603869e-05,0.00032645358812417413,0.2476340509649374,0.00014804106349759123,0.00013567458071376664,0.3388388777712473,0.00017593985921299428,0.0001874204440867528,0.0001528773080327519,0.00016736032194728003
355,uj0298,uj0298,0559_s000169.xml,letters-leipzig,Brief,"Johnson, Uwe","Bierwisch, Manfred",1966-08-08,1966,8.0,JohnsonUwe,BierwischManfred,436,0.0063365925927566,0.00011187182178021002,0.00010577018925019718,0.0001402883850351263,0.00010625531592791656,0.0001922662249994273,8.914448780149035e-05,0.00012291582475114452,0.0001077414335655522,0.00013097413660776187,5.040062829624833e-05,0.00011406885644835426,4.602885372795801e-05,0.00013224172136718878,0.00011180150500237856,0.00017899522288903572,2.1981617486258934e-05,7.696466613786473e-05,0.5054537281097071,0.0250954223798382,8.919573577014613e-05,0.3376481733072797,0.0001110443624182178,0.00011207171929917712,0.0189000297632703,0.0001432703537147901,9.068426661785829e-05,0.0001018236394546702,0.0001244817117727566,9.963900236740788e-05,6.348914264784785e-05,0.00025516675815713823,0.00014769115950230362,0.00011571371741960072,0.00010604767165828316,0.1026317013035635,0.00013752032490733904,0.0001464939240055072,0.00011949388368085412,0.000130814279116389
356,uj1039,uj1039,0654_s000213.xml,letters-leipzig,Brief,"Johnson, Uwe","Bierwisch, Manfred",1969-02-12,1969,2.0,JohnsonUwe,BierwischManfred,833,5.1035139893859546e-05,5.854392193282947e-05,5.535086140323796e-05,7.341466448731802e-05,5.560473425429187e-05,0.00010061531749076668,4.6650424133128137e-05,6.432338665833107e-05,5.638243817987621e-05,0.2808570720247451,2.637527843372516e-05,5.969365762184199e-05,2.408747418631821e-05,6.920374486431424e-05,5.850712428453496e-05,9.36704362940736e-05,1.150325504308996e-05,4.027657129615555e-05,4.663347188733963e-05,7.281634073687164e-05,4.6677242835357685e-05,0.1864904560492441,5.8110902111392807e-05,5.864853080178994e-05,9.567291236940124e-05,7.497516595060305e-05,4.745620962392288e-05,5.328558259167732e-05,6.514283489909536e-05,5.2142334711621134e-05,3.322466150645447e-05,0.00013353195229763633,0.0784368788491697,6.055443391705779e-05,5.54960714139289e-05,0.4291814879245567,7.196610404155239e-05,7.666210055523926e-05,0.0229174131230738,6.84567465016825e-05
357,uj0620,uj0620,0042_060043.xml,letters-leipzig,Brief,"Baumgärtner, Klaus + Baumann, Sabine","Johnson, Uwe",1957-06-08,1957,6.0,BaumgärtnerKlaus+BaumannSabine,JohnsonUwe,131,0.0002989855483208857,0.000342975186045256,0.0003242688798560853,0.00043009431858490136,0.0003257561749577349,0.3066319779645451,0.00027329801912668743,0.00037683374768629545,0.0003303122952134201,0.0004015388160784412,0.00015451759515157433,0.0003497108265493954,0.0001411146651550188,0.0004054249610591381,0.00034275960977613767,0.0005487612420596075,6.739095892920354e-05,0.00023595727921018591,0.00027319870566320153,0.00042658908366298936,0.0002734551344869673,0.4039446884839693,0.2298723363635609,0.0003435880292766143,0.000560492598309957,0.0004392363996417215,0.000278018653130931,0.0003121695984747825,0.0003816344238889088,0.000305471966313958,0.00019464419337230656,0.000782286950895,0.0004527896489167826,0.00035475362006660654,0.000325119581838257,0.0468597297288216,0.00042160803560313775,0.0004491191797966813,0.0003663428049578884,0.0004010487270464412
358,uj0035,uj0035,1037_101721.xml,letters-leipzig,Brief,"Johnson, Uwe","Klemm, Erika",1978-06-05,1978,6.0,JohnsonUwe,KlemmErika,1126,4.22141229016389e-05,4.842507183788024e-05,4.5783906360350784e-05,6.072552511653074e-05,4.599389931340368e-05,8.322476213793391e-05,3.858727029778154e-05,5.320560216924446e-05,4.663718331662152e-05,5.6693739971410536e-05,2.1816521864774653e-05,4.937608488068401e-05,1.992414633928798e-05,5.724242937379148e-05,4.8394634369680366e-05,0.0162814202147534,9.515009132292466e-06,3.3315087100547005e-05,3.8573248112505616e-05,6.023061685550034e-05,3.860945360117476e-05,0.3216977807252881,4.806689603981268e-05,4.851159989795969e-05,7.913661233258551e-05,6.201630634484334e-05,3.925378219157689e-05,4.407559452347344e-05,5.3883415315619656e-05,0.2917140493444496,2.74820436882465e-05,0.0109130786634012,6.392990562690607e-05,5.008808285683591e-05,4.590401797855355e-05,0.3577015465584211,5.952733679344238e-05,6.341166775416336e-05,5.172437356746693e-05,5.662454372180656e-05
359,uj0345,uj0345,0577_101030.xml,letters-leipzig,Brief,"Bierwisch, Manfred","Johnson, Uwe",1966-11-16,1966,11.0,BierwischManfred,JohnsonUwe,633,6.171446335844478e-05,7.079449047259232e-05,6.693326823503986e-05,8.877700013947129e-05,6.724026507675823e-05,0.00012166950727471826,0.0040046069327719,7.778333315579436e-05,6.818070690799476e-05,8.28827770808185e-05,3.1894419371676034e-05,0.0316577424604134,2.9127882203530088e-05,8.368492739665725e-05,7.0749992757448e-05,0.00011327137968981406,1.3910360848154284e-05,4.870461781098104e-05,5.639172730894301e-05,0.3633219664161257,5.644465751689861e-05,0.4189759300951029,7.027085938312903e-05,0.0040191156950858,0.00011569288253342318,9.066404327439744e-05,5.738662647064955e-05,6.44358209113701e-05,7.877425448047313e-05,6.305334347425355e-05,4.0177065437681314e-05,0.0751771735019405,9.34616082753517e-05,7.322571077375e-05,6.710886406768975e-05,0.1004809292604565,8.702532216349983e-05,9.270397623161932e-05,7.561786761993859e-05,8.278161640005115e-05
360,uj1050,uj1050,0647_s000207.xml,letters-leipzig,Brief,"Johnson, Uwe","Bierwisch, Manfred",1969-01-14,1969,1.0,JohnsonUwe,BierwischManfred,131,0.00032375635161165355,0.0003713905088421407,0.00035113439453177115,0.0004657274179837702,0.000352744911289468,0.0006382827239193706,0.0002959406234584459,0.0004080542353977679,0.000357678503831879,0.00043480610636235776,0.00016731930070543028,0.0003786841937965968,0.00015280594465541116,0.0004390142165129997,0.0003711570721868383,0.0005942258367766305,7.297426620471076e-05,0.0002555062218970991,0.00029583308192413204,0.0004619317760999624,0.00029611075574782254,0.043876177423965,0.1660676442242511,0.000372054125829011,0.0006069291300307693,0.0004756269158883227,0.00030105235963128434,0.00033803269373341256,0.00041325264522511815,0.00033078016609452423,0.00021077036753956404,0.0008470990339083144,0.0004903030450939648,0.0003841447802370857,0.00035205557674811394,0.7756751630009447,0.0004565380506971242,0.00048632847944120674,0.0003966941233060939,0.0004342754136989287
361,uj0704,uj0704,0027_060028.xml,letters-leipzig,Brief,"Menzhausen, Joachim","Johnson, Uwe",1956-10-17,1956,10.0,MenzhausenJoachim,JohnsonUwe,311,0.0001379856570497265,0.00015828743785105848,0.0089773132827881,0.0001984940324928284,0.00015034064386050712,0.00027203747696399893,0.00012613053357050957,0.000173913597379623,0.00015244335166899142,0.00018531530262488796,0.0795202432495882,0.0001613960221483066,6.512622399350667e-05,0.0001871088082694365,0.00015818794664385573,0.265083031675965,3.110179003393557e-05,0.00010889730420193984,0.00012608469913606967,0.0001968763217154012,0.0972304525354908,0.4953937100938746,0.00015711666562038057,0.0001585702728456673,0.0002586745074591461,0.0002027132199034296,0.00012830916657944596,0.00014407026492886562,0.00017612917088750922,0.0001409792219684986,8.983078635147383e-05,0.0003610354397625352,0.00020896821790209843,0.00016372333589556397,0.00015004684798857346,0.0481093421275722,0.0001945775042869507,0.00020727424942749395,0.00016907189304448013,0.00018508912026432515
362,uj0418,uj0418,0094_060078.xml,letters-leipzig,Brief,"Baumgärtner, Klaus","Johnson, Uwe",1958-03-17,1958,3.0,BaumgärtnerKlaus,JohnsonUwe,683,6.671947115124376e-05,7.653588328750809e-05,7.236151812790777e-05,9.597676423591415e-05,0.0128778665488293,0.3757499488416129,6.098722632321064e-05,8.409151712773452e-05,7.371012336603096e-05,8.960452304770704e-05,3.4481038598596586e-05,7.803896052593958e-05,3.1490136843413464e-05,9.04717272968264e-05,7.648777683303526e-05,0.0001224576240026885,1.5038483182157066e-05,5.265453454724801e-05,6.096506424280511e-05,9.519456114427896e-05,6.102228706044855e-05,0.5255172869270206,7.59697860152297e-05,7.667264098875646e-05,0.0641509411923008,9.80168454932136e-05,6.204064915929928e-05,6.966152925017034e-05,8.516280160688589e-05,6.81669336811023e-05,4.343540253832911e-05,0.00017456954674015387,0.00010104129142075576,7.916427416896604e-05,7.255135468247224e-05,0.0189936633796562,9.40830261747842e-05,0.00010022221585022916,8.175043357152837e-05,8.949515829340469e-05
363,uj1139,uj1139,0443_s000045.xml,letters-leipzig,Brief,"Johnson, Uwe","Baumgärtner, Klaus",1964-04-19,1964,4.0,JohnsonUwe,BaumgärtnerKlaus,367,0.0001106386173082066,0.000126916837847782,0.0001199946308603976,0.00015915498587670273,0.000120544999513665,0.000218123035037355,0.00010113303174371608,0.000139446087054131,0.00012223097680658055,0.00014858811623501348,5.717872711028693e-05,0.0001294093394293746,5.2219017013844106e-05,0.00015002617138429474,0.00012683706455949542,0.00020306729002382296,2.4937802368290504e-05,8.731521393670575e-05,0.0001010962811236882,0.0001578578852399704,0.00010119117176525516,0.2131815434801698,0.00012597809810080692,0.00012714361846686195,0.0143636622367282,0.0001625379828580838,0.00010287988680738314,0.3894124967482242,0.00014122256146964862,0.00011303889492050902,0.0142282812395729,0.00028948270935284413,0.0001675533181083912,0.0001312754085596331,0.00012030943032671764,0.3641685066575242,0.00015601466481282038,0.00016619507310089456,0.00013556394825428234,0.000148406760403058
364,uj0166,uj0166,0161_060136.xml,letters-leipzig,Brief,"Baumgärtner, Klaus + Baumgärtner, Sabine","Johnson, Uwe",1959-02-17,1959,2.0,BaumgärtnerKlaus+BaumgärtnerSabine,JohnsonUwe,755,5.120231457671636e-05,0.3014211078705216,5.5532172999917854e-05,7.365514728560626e-05,5.578687745667421e-05,0.1933659444495173,4.6803235899213445e-05,6.453408935822074e-05,5.65671288898658e-05,6.876491820783565e-05,2.646167535193854e-05,5.988919482037322e-05,2.4166376994585108e-05,6.943043404600858e-05,5.869877478196621e-05,0.0066453331873809,1.154093600208506e-05,4.040850437299238e-05,4.678622812332706e-05,7.305486361923851e-05,4.683014245087476e-05,0.3869176941911384,5.830125471258484e-05,5.884064450143294e-05,9.598630601967055e-05,7.522076044913869e-05,0.0098746455362388,0.0590156633811302,6.535622184752538e-05,5.2313136208138205e-05,3.333349479782818e-05,0.00013396935997052673,0.0033532197599571,6.075279074152642e-05,5.567785867184017e-05,0.0309546373336223,7.220184182231694e-05,0.0066282691378116,6.273747894409561e-05,6.868098875730539e-05
365,uj0023,uj0023,0584_s000159.xml,letters-leipzig,Brief,"Johnson, Uwe","Bierwisch, Manfred",1967-01-10,1967,1.0,JohnsonUwe,BierwischManfred,589,6.787839732454389e-05,7.786532185780892e-05,0.0044161520185855,9.764389351890132e-05,7.395610657065373e-05,0.00013382164743306826,6.204658263409514e-05,8.555219807244597e-05,7.499047810703946e-05,9.116096564556068e-05,3.507997886932954e-05,7.93945077497122e-05,3.203712474902659e-05,9.204323334893948e-05,7.781637978776192e-05,0.00012458472937579838,1.529970365446908e-05,5.356915088303118e-05,0.1954760347382767,0.3301293995124275,6.208225238104699e-05,0.2393533099302577,7.728939139989285e-05,7.800445505869242e-05,0.00012724808773940184,9.971941126159174e-05,6.31183035663052e-05,7.087155936772215e-05,8.664209090685729e-05,6.935100247291812e-05,4.418988131312914e-05,0.0088626689855504,0.00010279639222103206,8.053936824183043e-05,7.381158145584243e-05,0.219080130136971,9.571726097334952e-05,0.00010196308919785612,8.317044958049686e-05,9.104970121079008e-05
366,uj0655,uj0655,0050_060048.xml,letters-leipzig,Brief,"Bierwisch, Manfred","Johnson, Uwe + Schmidt, Elisabeth",1957-08-04,1957,8.0,BierwischManfred,JohnsonUwe+SchmidtElisabeth,820,6.295730178649654e-05,7.222018727793677e-05,6.828120570950904e-05,9.056483821333816e-05,6.85943850156193e-05,0.0001241197520137005,5.75482860775068e-05,7.93497749629035e-05,6.955376596069726e-05,0.0041122574484025,3.253672601874652e-05,7.363850918120592e-05,2.9714474865286714e-05,8.537021862268967e-05,7.217479344432469e-05,0.0001155524985040422,1.4190495035009964e-05,4.968545710447832e-05,5.752737366977585e-05,8.982674189379788e-05,5.7581369814189e-05,0.5482446544835127,7.168601102928886e-05,7.23492335026828e-05,0.000118022766849673,9.24898836186536e-05,0.4189399178677252,0.0040934389976958,8.03606519840992e-05,6.432314497656581e-05,4.0986172381742056e-05,0.00016472594052698662,9.534378745979131e-05,7.470036877640386e-05,6.846033778369368e-05,0.0219503565503468,8.877788402197675e-05,9.457089782218172e-05,7.714070013943305e-05,8.444871627258279e-05
367,uj0153,uj0153,1056_101746.xml,letters-leipzig,Brief,"Johnson, Uwe","Bierwisch, Hedwig + Bierwisch, Wilhelm",1979-06-01,1979,6.0,JohnsonUwe,BierwischHedwig+BierwischWilhelm,451,0.00010001937037129058,0.00011473518487390524,0.00010847738085119915,0.00014387907103443793,0.00010897492436277932,0.00019718728558525616,9.142614400691655e-05,0.00012606185947752096,0.0001104990792320322,0.0001343264241009258,5.1690634096333175e-05,0.0001169884527193074,4.720696380887426e-05,0.00013562645273549945,0.00011466306833574712,0.0001835766117232603,2.2544237735471808e-05,7.893457939243481e-05,9.13929207620372e-05,0.00014270646790407918,9.147870366907783e-05,0.1543275340411686,0.00011388654666132352,0.00011494019877668751,0.2305428080242386,0.00014693736330415356,9.300533351460142e-05,0.00010442981897906416,0.0001276678254308536,0.0001021892660310494,0.0768502164601894,0.00026169776003427274,0.00015147131976656384,0.0001186754139632086,0.00010876196543098326,0.5019815918041844,0.00014104016231327918,0.00015024344098639689,0.00012255233370883604,0.0321279551045392
368,uj1043,uj1043,0674_101123.xml,letters-leipzig,Brief,"Johnson, Uwe","Doherty, Monika",1969-06-25,1969,6.0,JohnsonUwe,DohertyMonika,457,9.514870183455504e-05,0.00010914789660216993,0.2496766140401945,0.00013687255557867452,0.00010366814495178558,0.00018758480654365573,8.697394198448351e-05,0.0122942361254553,0.00010511807766647754,0.00012778509630520144,4.917344223437375e-05,0.00011129143649428966,4.490811437115879e-05,0.00012902181711706268,0.00010907929194128198,0.0001746369351038037,2.1446395297399764e-05,7.509068224651215e-05,8.694233662034988e-05,0.00013575705499907083,8.70239421355037e-05,0.2685553384656597,0.0001083405847389318,0.0001093429268911565,0.00017837030390456415,0.00013978191741742513,8.84762293019219e-05,9.934437371271089e-05,0.00012145075309605322,9.72129295374096e-05,6.194326924167038e-05,0.0611205194590428,0.00014409508265703116,0.0001128962473604904,0.00010346555653486944,0.4044905886702229,0.00013417189391241605,0.00014292699819989666,0.0001165843717662314,0.00012762913112414158
369,uj0226,uj0226,0644_101094.xml,letters-leipzig,Brief,"Johnson, Uwe","Doherty, Monika",1968-12-24,1968,12.0,JohnsonUwe,DohertyMonika,245,0.0106594006901322,0.00018819050725360723,0.00017792635581112708,0.00023599278103666384,0.00017874243473171205,0.0003234297773523795,0.0001499586411597451,0.00020676870226408816,0.00018124237821716491,0.00022032437492385744,8.478381467324379e-05,0.0001918863536434527,7.74296260982034e-05,0.0946805824029832,0.00018807222054049248,0.0003011053297910895,3.697742361897976e-05,0.00012946977469934702,0.0001499041478557658,0.00023406945840331555,0.00015004485036831594,0.3161026029718499,0.00018679855712186636,0.2310861673745012,0.0108028896257468,0.00024100904151683032,0.00015254885334990627,0.00017128747931744668,0.00020940283361378564,0.00016761248810809044,0.00010680128176931782,0.00042924090166506114,0.0317344876103071,0.00019465333477967385,0.00017839313604497587,0.29859096659977,0.00023133635700362893,0.0002464317236411061,0.00020101232129556248,0.0002200554630396043
370,uj0556,uj0556,0759_101209.xml,letters-leipzig,Brief,"Zeibig, Brigitte","Johnson, Uwe",1970-07-27,1970,7.0,ZeibigBrigitte,JohnsonUwe,243,0.0002358325947311123,0.0002705305607835912,0.00025577547729811083,0.000339248032891968,0.0002569486198293226,0.0004649418311165857,0.00021557089079217377,0.0002972373781883568,0.00026054237768096306,0.0003167241407247062,0.00012187975506126415,0.0002758434716790781,0.000111307846901025,0.2718936332959864,0.0002703605194180665,0.00043284964216360703,5.3156364228798025e-05,0.00018611741508693007,0.00021549255472570785,0.00033648318806445344,0.00021569481960176008,0.6958077291416783,0.0002685295828638324,0.00027101395675448777,0.0004421030532390671,0.00034645908609831936,0.0002192944131237677,0.0002462318557466368,0.0003010240358769456,0.00024094892491632595,0.00015353064865553177,0.0006170490931416384,0.00035714956248263216,0.00027982110567020585,0.000256446490519068,0.0218743896842635,0.00033255425740197727,0.00035425438490185857,0.00028896237540407374,0.0003163375703077917
371,uj0188,uj0188,0159_060135.xml,letters-leipzig,Brief,"Bierwisch, Manfred","Johnson, Uwe",1959-02-15,1959,2.0,BierwischManfred,JohnsonUwe,367,0.00013327947403210275,0.00015288883579454637,0.00014455008275454878,0.00019172413144086063,0.0001452130777052801,0.0002627592796381434,0.00012182868519159118,0.00016798204452100318,0.00014724406988772838,0.00017899487955508466,6.887966300098464e-05,0.00015589139772003967,6.290500813735614e-05,0.0001807272153216412,0.00015279273786632458,0.0258243627912962,0.1535084824206809,0.00010518321786385409,0.00012178441400105356,0.00019016159482537848,0.00012189872286631516,0.708715315634885,0.00015175799429657889,0.000153162024328234,0.00024985207185152555,0.0001957994178941849,0.00012393301304528526,0.0257188967913693,0.0257498622860125,0.00013617093946688427,0.0086133470664595,0.0003487218494104709,0.0002018410809275682,0.00015813933535916954,0.00014492930212946058,0.0379419294173498,0.0001879411816004786,0.0087267849651654,0.00016330547290476454,0.00017877641144255986
372,uj0059,uj0059,0011_060005.xml,letters-leipzig,Brief,"Bierwisch, Manfred","Johnson, Uwe",1955-07-19,1955,7.0,BierwischManfred,JohnsonUwe,290,0.00015433461765060113,0.0001770418152289026,0.0001673857277371345,0.00022201220957093228,0.00016815346090061286,0.0003042693051694694,0.00014107486306099006,0.0001945194096959797,0.00017050530392975037,0.00020727202367932057,7.976109247398943e-05,0.000180518714054536,7.284257722121836e-05,0.0002092780293310953,0.0001769305360006731,0.00028326739185347526,3.478682477416399e-05,0.00012179978822821352,0.00014102359802326255,0.00022020282749715987,0.0100147429199811,0.3664913124333523,0.00017573232634113725,0.00017735816137446925,0.0002893230503680383,0.00022673129914686335,0.00014351162713940443,0.0001611401483895123,0.00019699749109608635,0.00015768286925174,0.00010047421131466816,0.0004038120174619841,0.00023372740834524144,0.00018312177501765128,0.00016782485519961694,0.0044415486272522,0.612380022841516,0.000231832733330243,0.0001891040454956828,0.00020701904254430165
373,uj0277,uj0277,0817_101477.xml,letters-leipzig,Brief,"Baumgärtner, Klaus + Baumgärtner, Sabine","Johnson, Uwe",0000-00-00,0,0.0,BaumgärtnerKlaus+BaumgärtnerSabine,JohnsonUwe,295,0.00013677822551019003,0.00015690235733718368,0.0001483447016886939,0.0001967571276552825,0.00014902510107908616,0.0002696570365860262,0.00012502683926207347,0.0001723917815103495,0.0001511094093250313,0.00018369371712149464,7.068783957494682e-05,0.6301897470169825,6.455634261176032e-05,0.0001854715288502561,0.00015680373671917152,0.0002510442037724328,3.082963651431663e-05,0.00010794440777433116,0.00012498140589788193,0.0001951535725158852,0.00012509871551261522,0.2897993026318693,0.00015574182984749667,0.00015718271740867168,0.0002564109985883098,0.00020093939543191816,0.0001271864083315809,0.00014280959055513852,0.0001745879678341705,0.0001397455954984465,8.904472983675185e-05,0.0003578762304202004,0.0002071396596124148,0.0001622906890267145,0.00014873387604248092,0.0739396056331028,0.00019287487069021613,0.00020546051406221383,0.00016759244408959728,0.00018346951395008577
374,uj0779,uj0779,1139_101876.xml,letters-leipzig,Brief,"Johnson, Uwe","Klemm, Ine",1984-01-12,1984,1.0,JohnsonUwe,KlemmIne,457,9.34423079592209e-05,0.00010719044160092986,0.00010134413754535068,0.00013441788740099517,0.00010180896364713076,0.0001842206664259228,0.0120413935310747,0.0001177722980207014,0.00010323289331337022,0.00012549340234101758,4.829156724249278e-05,0.00010929553931493344,4.4102733637231415e-05,0.0001267079438400961,0.00010712306729390806,0.1735332059693049,2.106177630756729e-05,7.374400827398743e-05,8.53831154449084e-05,0.00013332239217427876,0.0060634529459869,0.3175409825300505,0.00010639760804367336,0.00010738197422274692,0.00017517141639211567,0.00013727507283452895,8.688949934257915e-05,9.756273478770442e-05,0.1914149426922531,9.546951586630806e-05,6.0832380567267325e-05,0.0002444890684132915,0.0061195005744398,0.00011087156955270356,0.00010161000844461664,0.2836546628834634,0.00013176565931751608,0.0061183534383732,0.00011449355124944186,0.00012534023423469017
375,uj1015,uj1015,0646_101096.xml,letters-leipzig,Brief,"Bierwisch, Manfred","Johnson, Uwe",1969-01-10,1969,1.0,BierwischManfred,JohnsonUwe,670,6.758490759441069e-05,7.752865108773286e-05,7.330013910001972e-05,9.722170500108764e-05,7.363633829952993e-05,0.00013324303508010824,6.177830825652107e-05,8.518229111361586e-05,7.466623746421808e-05,9.076680773581989e-05,3.492830154727652e-05,0.0216978387703212,3.1898603990325126e-05,9.164526072759124e-05,7.747992063132875e-05,0.0001240460552166488,1.5233551445907072e-05,5.333753086464809e-05,6.175585870573084e-05,9.642935573997933e-05,0.4237900497091194,0.5366576723824886,7.695521081345889e-05,7.766718271039429e-05,0.00012669789786452836,9.928824870835296e-05,6.28453953273029e-05,7.056512793072901e-05,8.626747151570035e-05,6.905114555521679e-05,4.3998814981978165e-05,0.0001768339359058531,0.00010235192554826476,8.019113554362196e-05,7.349243807626906e-05,0.0019450053275054,0.0130665759298498,0.00010152222552529258,8.281084072459345e-05,9.065602438148462e-05
376,uj0015,uj0015,0600_101048.xml,letters-leipzig,Brief,"Johnson, Uwe","Menzhausen, Joachim",1967-06-09,1967,6.0,JohnsonUwe,MenzhausenJoachim,354,0.00012090826589737264,0.00013869745619294826,0.0001311327191834842,0.0001739279992777495,0.00013173417391140673,0.00023836955450348205,0.00011052035709207708,0.0001523896898035298,0.0078687062955297,0.0001623802963560729,6.248614551884032e-05,0.000141421315649157,5.706606741497095e-05,0.0001639518340216244,0.00013861027822393237,0.00022191631181419416,2.725256798213572e-05,9.54199479385768e-05,0.3636615737118575,0.00017251049974189756,0.00011058389376086916,0.2871152935570592,0.0001376715811621757,0.0001389452869419146,0.000226660413824542,0.00017762501130218027,0.00011242935796049594,0.00012623983008354804,0.0233597200072084,0.00012353134101198045,7.871314188865254e-05,0.0003163529448097084,0.00018310587777323705,0.0001434605962193006,0.0001314767388260304,0.2896793789256745,0.00017049618872703282,0.00018162155835099855,0.0233535361527108,0.00016218210679364343
377,uj0130,uj0130,1049_101738.xml,letters-leipzig,Brief,"Bierwisch, Manfred","Johnson, Uwe",1979-03-25,1979,3.0,BierwischManfred,JohnsonUwe,464,8.867160641963694e-05,0.00010171782843519549,9.617000771514132e-05,0.00012755517567675774,9.661110209787646e-05,0.0058475984080873,8.105333024745122e-05,0.1249129884344212,9.796233296632988e-05,0.00011908633063194552,4.582603894782325e-05,0.00010371545028388164,4.185106644430611e-05,0.0114658051369976,0.00010165389392666812,0.00016274880557784306,1.99864663023742e-05,6.997900437488278e-05,8.102387636783782e-05,0.0001265156110116771,8.109992671830896e-05,0.505549105272112,0.0001009654730334431,0.00010189958234976804,0.2667870354548043,0.0001302664873701803,8.245335176296003e-05,9.258166465766392e-05,0.0001131831876868622,9.059531512925546e-05,5.772658044345755e-05,0.00023200666723373415,0.00013428604079734338,0.00010521101622185043,9.642230456282232e-05,0.0706252506057976,0.0001250383572259977,0.0114787637451594,0.00010864807746837344,0.00011894098253067396
378,uj0167,uj0167,0170_060149.xml,letters-leipzig,Brief,"Bierwisch, Manfred","Johnson, Uwe",1959-04-09,1959,4.0,BierwischManfred,JohnsonUwe,446,9.752325922552013e-05,0.00011187182178021002,0.00010577018925019718,0.0562919123868153,0.00010625531592791656,0.0001922662249994273,0.2933254031637649,0.00012291582475114452,0.0001077414335655522,0.00013097413660776187,5.040062829624833e-05,0.00011406885644835426,4.602885372795801e-05,0.00013224172136718878,0.00011180150500237856,0.00017899522288903572,2.1981617486258934e-05,7.696466613786473e-05,8.911209368512414e-05,0.00013914504571369165,8.919573577014613e-05,0.4686686293114336,0.0001110443624182178,0.00011207171929917712,0.0001828217626769785,0.0001432703537147901,9.068426661785829e-05,0.0001018236394546702,0.0001244817117727566,9.963900236740788e-05,6.348914264784785e-05,0.00025516675815713823,0.00014769115950230362,0.00011571371741960072,0.00010604767165828316,0.1775005333059371,0.00013752032490733904,0.0001464939240055072,0.00011949388368085412,0.000130814279116389
379,uj0656,uj0656,0038_100103.xml,letters-leipzig,Brief,"Bierwisch, Manfred","Johnson, Uwe",1957-05-13,1957,5.0,BierwischManfred,JohnsonUwe,328,0.0001146978468843581,0.00013157330043234402,0.00012439712400807523,0.00016499423659747944,0.0001249676851833524,0.0002261257694948642,0.00010484351008814772,0.00014456223632118028,0.0001267155194395836,0.00015403967818291452,5.927656225916813e-05,0.00013415724961500722,5.413488494004632e-05,0.0001555304942590414,0.00013149060033514502,0.00021051764298076007,2.5852747505896424e-05,9.05187291964141e-05,0.00010480541112151728,0.00016364954652591895,0.00010490378321384818,0.4925022042203249,0.4917643320276846,0.00013180840142471375,0.00021501806552795403,0.00016850135264087485,0.00010665445566480388,0.0001197555567782303,0.00014640388795658898,0.0074550030826414,7.467006353225357e-05,0.00030010356492912195,0.00017370069594983004,0.00013609178311321414,0.00012472347317860646,0.0033008541578878,0.00016173870002881893,0.00017229261817652136,0.00014053766540297666,0.00015385166857152116
380,uj0013,uj0013,0592_101041.xml,letters-leipzig,Brief,"Bierwisch, Manfred","Johnson, Uwe",1967-03-16,1967,3.0,BierwischManfred,JohnsonUwe,888,4.607122203445198e-05,5.284966459863728e-05,4.996717616156815e-05,6.627400875581764e-05,5.0196356144492646e-05,9.082899825149148e-05,4.211298436153197e-05,5.806699138881825e-05,5.089841692667485e-05,6.187383990595563e-05,2.3809894740522665e-05,5.388757158428664e-05,2.174461309981672e-05,6.247266299044666e-05,0.1415287519319768,8.455960888014513e-05,1.0384394327346442e-05,3.635908244458206e-05,4.209768097094013e-05,0.2063848064644134,4.213719455058335e-05,0.5574103393219842,5.2458762322671776e-05,5.294409871675029e-05,8.636731470944173e-05,6.768272850361521e-05,4.2840395363750287e-05,4.810277608569205e-05,5.8806736237652006e-05,4.707072587417059e-05,2.9993074584822387e-05,0.0413843585229879,6.977117311288264e-05,5.466462472652074e-05,5.009826236331231e-05,0.0514319300535736,6.496634211542066e-05,6.920558391048648e-05,5.645042311484794e-05,6.179832120367478e-05
381,uj0740,uj0740,0780_101229.xml,letters-leipzig,Brief + Umschlag,"Baumgärtner, Klaus","Johnson, Uwe",1971-02-01,1971,2.0,BaumgärtnerKlaus,JohnsonUwe,182,0.00021928997748007204,0.00025155403412130016,0.0002378339547194824,0.0003154512783860916,0.00023892480647194544,0.0425196841248015,0.00020044954278297824,0.0002763874859769814,0.0002422664780473,0.00029450733799585847,0.00011333042734459362,0.0423438501819581,0.00010350009195340868,0.0002973576183859551,0.0002513959204082271,0.0004024871472517973,4.942767952812512e-05,0.0001730620986025973,0.0002003767016463628,0.00031288037523908235,0.00020056477853270277,0.2822427986446114,0.0002496934159846837,0.0002520035219950724,0.6176923115476575,0.000322156507987756,0.0002039118764318649,0.00022895977616292095,0.0002799085263157952,0.0002240474196494861,0.00014276115023268576,0.0005737658184756325,0.00033209709456460344,0.0002601928882257814,0.00023845789932001692,0.0063108790061074,0.0003092270417485294,0.0003294050009326247,0.00026869293817165387,0.0002941478837901483
382,uj0244,uj0244,0839_101499.xml,letters-leipzig,Brief,"Baumgärtner, Klaus","Johnson, Uwe",1972-10-03,1972,10.0,BaumgärtnerKlaus,JohnsonUwe,378,0.0001075924064826179,0.0138899123849368,0.00011669082110181028,0.00015477297485090092,0.00011722603646601424,0.0208618523766499,9.834853801433304e-05,0.00013560672074329797,0.00011886559378002616,0.0001444970426185742,5.560442636652829e-05,0.0001258463146890717,5.078127186843932e-05,0.00014589550382434718,0.0001233448622114608,0.00019747624241094172,2.4251190357142e-05,8.491116590714982e-05,9.83127992483874e-05,0.0001535115872599172,9.840507726782817e-05,0.4619920843281752,0.00012250954565900694,0.00012364297577626006,0.2273487819736128,0.0965234924486788,0.00010004729695265848,0.0001123367952706769,0.00013733428352445508,0.0001099265972996864,7.004431247733174e-05,0.000281512387737247,0.055228899859304,0.00012766100537549036,0.00011699695320075422,0.0581623286511242,0.00015171911618372383,0.0001616192274951135,0.0001318314687929622,0.0620935254363037
383,uj0401,uj0401,0128_060108.xml,letters-leipzig,Brief,"Baumgärtner, Klaus + Bierwisch, Manfred","Johnson, Uwe",1958-08-12,1958,8.0,BaumgärtnerKlaus+BierwischManfred,JohnsonUwe,145,0.0002879691956475304,0.0003303380013087245,0.0003123209433703573,0.0004142471623496021,0.0003137534379391345,0.0005677286690679394,0.0002632281432395836,0.0003629490181833196,0.0003181416844369049,0.0003867438093137191,0.00014882427541759984,0.0003368254619536993,0.0001359151866937331,0.0003904867662912246,0.4240564825449028,0.0005285417116844839,6.490788717296291e-05,0.00022726325162850832,0.00026313248905710684,0.0004108710805065582,0.0002633794695634737,0.5364441145165482,0.00032789465795867416,0.0003309282638594846,0.0189627256943352,0.0004230523963927256,0.0002677748418502116,0.0003006674693250249,0.0003675728097759056,0.0002942166165766985,0.00018747237823925952,0.0007534629860203703,0.0004361062657655724,0.0003416824498620557,0.0003131403005831641,0.0082873771619717,0.000406073562996656,0.0004325710379055613,0.0003528446223151911,0.0003862717779893513
384,uj1089,uj1089,0437_101398.xml,letters-leipzig,Brief,"Johnson, Uwe","Bierwisch, Manfred",1964-03-20,1964,3.0,JohnsonUwe,BierwischManfred,444,9.126010020716744e-05,0.00010468716639598028,9.897739417816896e-05,0.00013127875522085775,9.943136494958732e-05,0.00017991846354648898,8.341943198255775e-05,0.00011502189911328051,0.286181565833257,0.00012256268839140448,4.7163788673053245e-05,0.00010674310264714482,4.30727791194993e-05,0.00012374886605901988,0.00010462136551686584,0.00016749975449121431,2.0569909480493123e-05,7.202182535666032e-05,8.3389118287864e-05,0.00013020884367489892,8.346738869352171e-05,0.2984485145820515,0.00010391284830107182,0.00010487422605494752,0.0001710805454457786,0.0001340692152883525,8.486032280383005e-05,9.528430052366446e-05,0.00011648722141321476,9.323996565336634e-05,5.941172973630016e-05,0.00023877938559363504,0.0001382061071679805,0.00010828232701531002,9.923705605338477e-05,0.4113131232808965,0.00012868846602577286,0.00013708576077803308,0.00011181972265345194,0.00012241309730105936
385,uj1122,uj1122,0507_s000057.xml,letters-leipzig,Brief,"Johnson, Uwe","Baumgärtner, Klaus",1964-09-12,1964,9.0,JohnsonUwe,BaumgärtnerKlaus,168,0.00025507471135127155,0.00029260376320011953,0.00027664477896677394,0.000366928049810366,0.0002779136408595242,0.0005028774902909936,0.0002331598090045357,0.00032148965044737977,0.0002818006215702217,0.0003425663821637796,0.00013182420087970258,0.0002983501665530848,0.00012038970673999408,0.0003458817842452092,0.0002924198477736772,0.0004681668268089386,5.749351262323604e-05,0.00020130315737259063,0.00023307508132062516,0.00036393761501862977,0.00023329384944694944,0.4751665446670857,0.00029043952095071944,0.0002931266005453364,0.1473442602987015,0.1635592664181099,0.0002371871419736032,0.0002663224716739098,0.00032558527013050334,0.00026060849452767744,0.00016605756271322077,0.000667395529028215,0.0003862902058273964,0.00030265234472868737,0.00027737054167927634,0.1868437097308678,0.00035968811398679444,0.000383158804137276,0.0166309933662957,0.0003421482705892373
386,uj0501,uj0501,0292_060265.xml,letters-leipzig,Brief,"Bierwisch, Manfred","Johnson, Uwe",1962-04-24,1962,4.0,BierwischManfred,JohnsonUwe,199,0.00021330501476364075,0.00024468850596226385,0.00023134288126480584,0.00030684183730863554,0.00023240396099055493,0.00042052891061828215,0.00019497878185779712,0.00026884419185169134,0.0002356544301314942,0.0002864695085525096,0.0819876143195172,0.0002494939084482597,0.00010067531993871568,0.0002892419977819607,0.00024453470756122,0.00039150228329300695,4.80786766118271e-05,0.00016833880837444255,0.00019490792873491525,0.0003043411004303232,0.00019509087254054853,0.6156954359643764,0.0002428786686698298,0.0002451257262066764,0.0003998717751705631,0.0003133640647064044,0.00019834661990757543,0.00022271090086253449,0.0139184986273769,0.00021793261463776744,0.00013886484739515588,0.0005581063384072769,0.00032303334823180566,0.0138993210775308,0.1230480152342022,0.0743697870648446,0.0003007874753942236,0.0685515621936322,0.00026135964717675713,0.0002861198647359661
387,uj0666,uj0666,0252_060221.xml,letters-leipzig,Brief,"Baumgärtner, Klaus","Johnson, Uwe",1961-07-10,1961,7.0,BaumgärtnerKlaus,JohnsonUwe,326,0.00012679281927135006,0.0001454478018185738,0.0001375148923077352,0.00018239300030462524,0.0001381456195789551,0.243597823516308,0.00011589933540586252,0.00015980643055849104,0.00014007776424414684,0.00017028327564121658,6.552731938491695e-05,0.00014830423034468284,5.984344840752794e-05,0.00017193129937001213,0.00014535638093524678,0.00023271688340237057,2.8578938761491265e-05,0.00010006399582413086,0.00011585721887515494,0.0245156917734712,0.0001159659643770372,0.6742224455994431,0.00014437199789064264,0.00014570769438365487,0.0164608820533508,0.0001862699443165056,0.00011790124652667648,0.00013238386839668556,0.0001618422857145568,0.00012954355832523696,8.254407669893583e-05,0.0003317497067674705,0.00019201756220480585,0.00015044276182435242,0.0001378756552385358,0.0036489316587095,0.00017879416500828684,0.0001904610015937672,0.0001553574656743375,0.0326164557893393
388,uj0152,uj0152,1067_101760.xml,letters-leipzig,Brief,"Johnson, Uwe","Klemm, Ine",1979-11-22,1979,11.0,JohnsonUwe,KlemmIne,469,9.514870183455504e-05,0.00010914789660216993,0.00010319483044223286,0.00013687255557867452,0.00010366814495178558,0.00018758480654365573,8.697394198448351e-05,0.00011992299327230258,0.00010511807766647754,0.00012778509630520144,4.917344223437375e-05,0.00011129143649428966,4.490811437115879e-05,0.00012902181711706268,0.00010907929194128198,0.1767021773517578,2.1446395297399764e-05,7.509068224651215e-05,8.694233662034988e-05,0.00013575705499907083,8.70239421355037e-05,0.4146470960518561,0.0001083405847389318,0.0001093429268911565,0.0245269965682706,0.00013978191741742513,8.84762293019219e-05,9.934437371271089e-05,0.00012145075309605322,9.72129295374096e-05,6.194326924167038e-05,0.1159049285538665,0.00014409508265703116,0.0001128962473604904,0.00010346555653486944,0.264485987650118,0.00013417189391241605,0.00014292699819989666,0.0001165843717662314,0.00012762913112414158
389,uj0595,uj0595,0982_101666.xml,letters-leipzig,Brief,"Johnson, Uwe","Klemm, Erika",1976-03-04,1976,3.0,JohnsonUwe,KlemmErika,527,9.34423079592209e-05,0.00010719044160092986,0.00010134413754535068,0.00013441788740099517,0.00010180896364713076,0.0001842206664259228,8.541415399941936e-05,0.0001177722980207014,0.00010323289331337022,0.00012549340234101758,4.829156724249278e-05,0.00010929553931493344,4.4102733637231415e-05,0.0001267079438400961,0.00010712306729390806,0.0001715050017119386,2.106177630756729e-05,7.374400827398743e-05,8.53831154449084e-05,0.00013332239217427876,8.546325744927787e-05,0.4131888175466535,0.00010639760804367336,0.00010738197422274692,0.00017517141639211567,0.00013727507283452895,8.688949934257915e-05,9.756273478770442e-05,0.0001192726590470332,9.546951586630806e-05,6.0832380567267325e-05,0.0002444890684132915,0.3647988818867012,0.00011087156955270356,0.00010161000844461664,0.2178967763095488,0.00013176565931751608,0.00014036374983553878,0.00011449355124944186,0.00012534023423469017
390,uj0217,uj0217,0627_101072.xml,letters-leipzig,Brief,"Bierwisch, Manfred","Johnson, Uwe",1968-09-06,1968,9.0,BierwischManfred,JohnsonUwe,798,5.7197894846063095e-05,6.561340083625406e-05,0.1976613383902906,8.227986184103425e-05,6.231929116751451e-05,0.00011276513323386724,5.228370216365279e-05,0.1574196843956167,6.319090683173053e-05,7.681700706824087e-05,2.9560228609647856e-05,6.690197300785335e-05,2.699616026294183e-05,0.0330107777234754,6.557215968315624e-05,0.0037642279854947,1.2892332101185629e-05,4.514017389878165e-05,5.226470284722039e-05,8.160928742832353e-05,5.2313759361756376e-05,0.563957032570789,6.512809164998933e-05,6.57306417627845e-05,0.00010722590733958264,8.402880186137589e-05,5.3186790386136655e-05,5.9720090044402494e-05,7.300916639558806e-05,5.843878911797344e-05,3.723670982571116e-05,0.00014965662055584325,8.66216272712028e-05,6.786669245649468e-05,6.219750673173788e-05,0.0418977906716789,8.065638029033436e-05,8.591944247348824e-05,7.008377947787703e-05,7.672324982453804e-05
391,uj0588,uj0588,0977_101661.xml,letters-leipzig,Brief,"Klemm, Erika","Johnson, Uwe",1976-01-15,1976,1.0,KlemmErika,JohnsonUwe,236,0.0002431702250337996,0.0469495340285736,0.0002637336049481363,0.0003498033026124803,0.0002649432483124759,0.0004794079030049,0.00022227810402729688,0.00030648553998623265,0.000268648821354645,0.00032657860827709834,0.0001256718881421103,0.00028442598937091195,0.00011477104854742612,0.0003297392785997182,0.0002787724420456156,0.0160031792913842,5.481025668327668e-05,0.00019190822100312145,0.0002221973306340664,0.0003469524331656304,0.00022240588872368133,0.8885823818346563,0.0002768845382364609,0.0002794462102510845,0.0004558585256921273,0.00035723871853926705,0.0157829795638531,0.00025389304578812973,0.0003103900146976692,0.00024844574330515703,0.00015830755890939433,0.0006362477884248078,0.000368261815457044,0.0002885273823688877,0.0002644254958893645,0.0225549834112801,0.0003429012588382401,0.0003652765581196,0.0002979530710478159,0.0003261800102148598
392,uj0427,uj0427,0131_060110.xml,letters-leipzig,Brief,"Johnson, Uwe","Bierwisch, Manfred",1958-08-18,1958,8.0,JohnsonUwe,BierwischManfred,1189,4.1321364358442905e-05,4.7400962046735705e-05,4.481565282967038e-05,5.944128118081839e-05,4.502120478075609e-05,8.146469673097954e-05,3.777121365964587e-05,5.2080392106414127e-05,4.565088439638753e-05,5.549476159104381e-05,2.1355138684482556e-05,4.8331862744184526e-05,1.95027837563976e-05,5.603184712443812e-05,4.737116828040385e-05,7.584166979402033e-05,9.313782502256e-06,3.261052837512629e-05,3.775748802028489e-05,5.8956839407014616e-05,3.779292782303904e-05,0.4920117387802501,4.705036107154047e-05,4.748566018214653e-05,7.746300449986748e-05,6.0704764531317486e-05,3.842362993457182e-05,4.314346894907839e-05,5.274387063120956e-05,4.22178212031906e-05,2.690084413698886e-05,0.00010811614244342907,6.257789436879894e-05,4.9028803146419066e-05,4.493322428676314e-05,0.1783065063554688,5.826843254947933e-05,0.3278613109743987,5.063048902789205e-05,5.542702872712086e-05
393,uj1104,uj1104,0414_101378.xml,letters-leipzig,Brief,"Baumgärtner, Klaus","Johnson, Uwe",1964-01-04,1964,1.0,BaumgärtnerKlaus,JohnsonUwe,1683,2.7124054601967024e-05,3.111480713919666e-05,2.9417765682424904e-05,3.901827980251492e-05,2.955269352015131e-05,5.3474828737408095e-05,2.47936745940836e-05,3.418646555162925e-05,2.996602605505932e-05,3.642771643407895e-05,1.4017880500892302e-05,3.1725866375469235e-05,1.2801962851713007e-05,3.678026862009449e-05,3.109524999830041e-05,4.978377709779181e-05,6.113727101327407e-06,2.1406111970869396e-05,2.4784664848223203e-05,3.870028388616173e-05,2.480792814458118e-05,0.4236104360956409,3.0884666626114706e-05,3.1170404452722895e-05,5.084804909781536e-05,3.984765201516335e-05,2.5221931863393427e-05,2.832011540911202e-05,3.4621984272106994e-05,2.771250430063423e-05,1.7658176987604815e-05,7.096929630762368e-05,4.107720667235462e-05,3.218335004809304e-05,2.9494941609970607e-05,0.0163979945079096,3.824840177911943e-05,4.074422066220268e-05,3.3234724221690384e-05,0.5587922377366098
394,uj1150,uj1150,0491_s000054.xml,letters-leipzig,Brief,"Johnson, Uwe","Baumgärtner, Klaus + Baumgärtner, Sabine",1964-08-05,1964,8.0,JohnsonUwe,BaumgärtnerKlaus+BaumgärtnerSabine,352,0.0001146978468843581,0.00013157330043234402,0.00012439712400807523,0.00016499423659747944,0.0001249676851833524,0.0002261257694948642,0.00010484351008814772,0.00014456223632118028,0.0001267155194395836,0.0148296734664963,5.927656225916813e-05,0.00013415724961500722,5.413488494004632e-05,0.0001555304942590414,0.00013149060033514502,0.00021051764298076007,2.5852747505896424e-05,9.05187291964141e-05,0.00010480541112151728,0.00016364954652591895,0.00010490378321384818,0.1989895284540555,0.00013060011918349608,0.00013180840142471375,0.00021501806552795403,0.132249205447462,0.00010665445566480388,0.0001197555567782303,0.00014640388795658898,0.0147928199767982,7.467006353225357e-05,0.00030010356492912195,0.00017370069594983004,0.0955277114071507,0.00012472347317860646,0.5389614874313294,0.00016173870002881893,0.00017229261817652136,0.00014053766540297666,0.00015385166857152116
395,uj1151,uj1151,0413_101377.xml,letters-leipzig,Brief,"Johnson, Uwe","Bierwisch, Manfred",1964-01-03,1964,1.0,JohnsonUwe,BierwischManfred,1013,4.078231548600922e-05,4.678260310481117e-05,4.423101997690066e-05,5.86658528740813e-05,4.44338904447106e-05,8.040196674619349e-05,3.7278477506089415e-05,5.140098867729839e-05,0.4566299437809696,5.477081674735144e-05,2.1076554866952257e-05,4.770135993965771e-05,1.9248364432243405e-05,5.530089584822175e-05,0.0183101487350168,7.485229378428068e-05,9.192281578124294e-06,3.2185114819136415e-05,3.726493092157175e-05,5.81877307800844e-05,3.729990840208628e-05,0.2064242605758096,4.64365758183914e-05,4.68661963291161e-05,7.645247772082013e-05,5.9912853727305686e-05,3.7922382826384106e-05,4.258065020746715e-05,5.205581193728764e-05,4.166707779794442e-05,2.654991502502222e-05,0.00010670573681958615,6.17615480568485e-05,4.838920855744102e-05,4.434705768111861e-05,0.2986061033522578,5.75083043844988e-05,6.126088763871694e-05,4.996999999407158e-05,0.018318099504488
396,uj0442,uj0442,0127_060107.xml,letters-leipzig,Brief,"Bierwisch, Manfred","Johnson, Uwe",1958-08-12,1958,8.0,BierwischManfred,JohnsonUwe,666,6.847309071484595e-05,7.854751227578802e-05,7.426343029314963e-05,9.849936713595524e-05,7.460404773431671e-05,0.00013499408008240256,6.259018257218599e-05,8.630173443047516e-05,7.564748156356808e-05,9.195964130467742e-05,3.538732012056417e-05,8.009009560749988e-05,3.231780707335189e-05,9.2849638695149e-05,7.849814141651335e-05,0.00012567623592298625,1.5433746781524514e-05,5.403847869880024e-05,6.256743799529033e-05,9.76966050287803e-05,6.262616482744066e-05,0.4298152276011142,7.796653599990783e-05,0.0044592670600515,0.0001283629283910658,0.00010059306881833312,6.367129302123432e-05,7.149247632477507e-05,8.740117598863821e-05,6.995859759017282e-05,4.45770358626024e-05,0.0001791578410879725,0.00010369700769532586,8.124498640372541e-05,7.445825641208305e-05,0.0895821499892621,9.65558550575102e-05,0.4732054095295162,8.389911906274006e-05,9.18474020645705e-05
397,uj0563,uj0563,0733_101178.xml,letters-leipzig,Brief,"Baumgärtner, Klaus","Johnson, Uwe",1970-01-11,1970,1.0,BaumgärtnerKlaus,JohnsonUwe,538,7.541024199659083e-05,8.650532416617071e-05,8.178721292464105e-05,0.1255424830286366,8.216233902744307e-05,0.00014867061119696153,6.893132419033622e-05,9.504514270036611e-05,8.33114853088481e-05,0.00010127626389153004,3.897248314693042e-05,8.820418982463409e-05,3.559199134664157e-05,0.00010225642876931091,8.645095144242459e-05,0.00013840875685955018,1.6997371778582888e-05,5.9513229405323376e-05,6.890627531303412e-05,0.00010759445134653943,6.897095188273348e-05,0.5553752439542765,8.586548797503316e-05,0.3040229015340926,0.00014136764373135846,0.0001107843619088384,7.01219641882778e-05,7.873552784463292e-05,9.625597097022552e-05,7.704624866412264e-05,4.909322811042206e-05,0.0001973086947147478,0.00011420276729134728,8.947608501022879e-05,8.200177728302834e-05,0.0069945930141624,0.00010633812962229704,0.00011327700025631056,9.239911337097364e-05,0.0049255374413713
398,uj1067,uj1067,0493_101451.xml,letters-leipzig,Brief,"Baumgärtner, Klaus","Johnson, Uwe",1964-08-11,1964,8.0,BaumgärtnerKlaus,JohnsonUwe,190,0.00025507471135127155,0.00029260376320011953,0.00027664477896677394,0.000366928049810366,0.0002779136408595242,0.0005028774902909936,0.0002331598090045357,0.00032148965044737977,0.0002818006215702217,0.0003425663821637796,0.00013182420087970258,0.0002983501665530848,0.00012038970673999408,0.0003458817842452092,0.0002924198477736772,0.0004681668268089386,5.749351262323604e-05,0.00020130315737259063,0.00023307508132062516,0.00036393761501862977,0.00023329384944694944,0.6383510836159824,0.00029043952095071944,0.016611580495435,0.00047817524469442543,0.00037472746921312456,0.0002371871419736032,0.1144954997359016,0.00032558527013050334,0.00026060849452767744,0.00016605756271322077,0.000667395529028215,0.0003862902058273964,0.081894921819177,0.00027737054167927634,0.1378883480461988,0.00035968811398679444,0.000383158804137276,0.00031253947140601966,0.0003421482705892373
399,uj0777,uj0777,1138_101875.xml,letters-leipzig,Brief + Postkarte,"Klemm, Ine","Johnson, Uwe",1984,1984,,KlemmIne,JohnsonUwe,120,0.0003880570104609986,0.00044515170083131927,0.00042087255658068544,0.0005582246915399095,0.0004228029351359726,0.0007650508922529455,0.00035471685124189206,0.0004890971432873866,0.00042871637950026167,0.0005211621545808467,0.000200550282028311,0.0004538939712596247,0.0001831544547881953,0.0005262060298179493,0.0004448719017474164,0.3731025761902993,8.746755219787272e-05,0.00030625184689041907,0.0003545879510794752,0.0005536752041402684,0.00035492077319514403,0.2511985222408776,0.00044185913853548653,0.0004459471175783084,0.0007274702182335733,0.0005700903106784448,0.0003608438200183268,0.0004051687508685923,0.0004953279998148667,0.0003964758119352779,0.0002526310860436108,0.0010153398289376,0.0005876812391539182,0.0004604390748194824,0.0004219766931178818,0.358732083781447,0.0005472102407668747,0.0005829172922617184,0.00047548082004043846,0.0005205260620148826
400,uj0528,uj0528,0310_101277.xml,letters-leipzig,Brief,"Klemm, Eberhardt","Johnson, Uwe",1962-08-02,1962,8.0,KlemmEberhardt,JohnsonUwe,253,0.0001811659899807136,0.00020782087785735208,0.0001964860608447041,0.00026060946239410946,0.00019738726590627664,0.00035716711345062306,0.0001656010013624984,0.00022833698598856715,0.0002001479814031558,0.0002433066666234344,9.362771295230054e-05,0.00021190224228094943,8.550640041694625e-05,0.00024566142024477305,0.000207690252519671,0.00033251397680959414,4.0834581666989255e-05,0.00014297491742106,0.00016554082379862655,0.00025848551574080296,0.00016569620315384293,0.6272387332845175,0.0002062837317890745,0.00020819222139330403,0.0003396224232908602,0.0002661489748369156,0.00016846140159762127,0.0001891546754255453,0.0002312458866418184,0.00018509634161056044,0.00011794184763888824,0.0004740155191574067,0.000274361371175673,0.0002149578504364091,0.0001970015314674289,0.0747544955355885,0.0002554673213565847,0.2900253667748022,0.00022198015022878984,0.0002430097042278952
401,uj0054,uj0054,0017_060010.xml,letters-leipzig,Brief,"Bierwisch, Manfred","Johnson, Uwe",1955-08-18,1955,8.0,BierwischManfred,JohnsonUwe,119,0.0003452064905572825,0.0003959965991260696,0.0003743984371175064,0.0004965837016576232,0.0003761156569809644,0.0006805714791716157,0.00031554786038596766,0.0004350894425931268,0.0003813761195446399,0.000463613730828882,0.00017840486622576945,0.0004037735195596751,0.00016292994292837253,0.000468100644922614,0.00039574769636897074,0.0006335956489841466,7.780909999794535e-05,0.0002724345197787713,0.00031543319379961394,0.0004925365834849635,0.00031572926461249115,0.4443068813485839,0.0003930676122905132,0.0003967041833633249,0.0006471405856655477,0.0005071390804568286,0.0003209982693002518,0.0003604286968161392,0.00044063226763438063,0.0003526956605330598,0.00022473473811280285,0.0009032226956915952,0.0005227875612752744,0.0004095958914517544,0.0003753806512995124,0.032019243585038,0.5084337784531173,0.0005185496649262202,0.0004229766781392943,0.0004630478776772917
402,uj1023,uj1023,0666_101115.xml,letters-leipzig,Brief,"Zeibig, Brigitte","Johnson, Uwe",1969-05-18,1969,5.0,ZeibigBrigitte,JohnsonUwe,801,6.758490759441069e-05,7.752865108773286e-05,7.330013910001972e-05,9.722170500108764e-05,0.3675930246061993,0.00013324303508010824,6.177830825652107e-05,8.518229111361586e-05,0.0130459387645665,9.076680773581989e-05,3.492830154727652e-05,7.905122515065332e-05,3.1898603990325126e-05,9.164526072759124e-05,7.747992063132875e-05,0.0130953185823189,1.5233551445907072e-05,5.333753086464809e-05,6.175585870573084e-05,9.642935573997933e-05,6.181382377613669e-05,0.4890963397831133,7.695521081345889e-05,7.766718271039429e-05,0.00012669789786452836,9.928824870835296e-05,6.28453953273029e-05,7.056512793072901e-05,8.626747151570035e-05,6.905114555521679e-05,4.3998814981978165e-05,0.0001768339359058531,0.00010235192554826476,8.019113554362196e-05,7.349243807626906e-05,0.1143627005623924,9.530340274747184e-05,0.00010152222552529258,8.281084072459345e-05,9.065602438148462e-05
403,uj0133,uj0133,1055_101745.xml,letters-leipzig,Brief,"Bierwisch, Hedwig","Johnson, Uwe",1979-05-21,1979,5.0,BierwischHedwig,JohnsonUwe,346,0.00015587364968473733,0.00017880728450058442,0.00016905490605218925,0.0002242261257207916,0.00016983029508672393,0.0003073034929284356,0.00014248166820145296,0.0001964591663580989,0.0001722055908046762,0.00020933895000523983,8.055647382305964e-05,0.0001823188551241175,7.356896681221922e-05,0.00021136495963930792,0.00017869489559068022,0.0002860921475494117,3.513372061975144e-05,0.00012301438141986286,0.00014242989194636864,0.00022239870040425275,0.00014256357899870015,0.639391245273407,0.0001774847373283117,0.000179126785264728,0.2196772383727275,0.0002289922742789515,0.00014494273180536198,0.000162747045494855,0.0001989619593019669,0.0001592552902076291,0.00010147614485473704,0.00040783884980915154,0.0002360581490058579,0.00018494787393304876,0.0101415452388485,0.1241504018741556,0.0002198018720802601,0.00023414458020288927,0.00019098979989241505,0.0002090834461304963
404,uj0324,uj0324,0535_000024.xml,letters-leipzig,Brief,"Johnson, Uwe","Klemm, Eberhardt",1966-02-24,1966,2.0,JohnsonUwe,KlemmEberhardt,365,0.00015433461765060113,0.0001770418152289026,0.0001673857277371345,0.00022201220957093228,0.00016815346090061286,0.0003042693051694694,0.00014107486306099006,0.0001945194096959797,0.00017050530392975037,0.00020727202367932057,7.976109247398943e-05,0.000180518714054536,7.284257722121836e-05,0.0002092780293310953,0.0001769305360006731,0.00028326739185347526,3.478682477416399e-05,0.00012179978822821352,0.00014102359802326255,0.00022020282749715987,0.0001411559651048581,0.0702837037870623,0.00017573232634113725,0.00017735816137446925,0.0002893230503680383,0.00022673129914686335,0.00014351162713940443,0.0001611401483895123,0.00019699749109608635,0.00015768286925174,0.7109987349624106,0.0004038120174619841,0.00023372740834524144,0.00018312177501765128,0.00016782485519961694,0.2117868746796552,0.00021763163918343104,0.000231832733330243,0.0001891040454956828,0.00020701904254430165
405,uj0202,uj0202,0640_s000205.xml,letters-leipzig,Brief,"Johnson, Uwe","Bierwisch, Manfred",1968-12-04,1968,12.0,JohnsonUwe,BierwischManfred,604,6.969429625169653e-05,7.994839335031842e-05,7.558790551856614e-05,0.2809987375858106,7.593459781192347e-05,0.00013740167577171088,6.370646747639683e-05,8.784091069411437e-05,7.699664110010704e-05,9.359972534288364e-05,3.6018446754609435e-05,8.151848838459947e-05,3.289418948175235e-05,9.45055956803725e-05,7.98981419704469e-05,0.0001279176494995815,1.5709004942463073e-05,5.500224546762888e-05,6.368331725397023e-05,9.943900680657507e-05,0.0981552763136127,0.2903436068001924,7.935705546468064e-05,8.009124867547378e-05,0.00013065225865556833,0.00010238712851868058,6.480685934026873e-05,7.276753207323781e-05,8.895996059920984e-05,7.120629688102573e-05,4.537205946155897e-05,0.0001823530896918068,0.00010554642559994092,8.269397645517152e-05,7.578620632708465e-05,0.31857384072092,0.009015690022864,0.00010469082985735174,8.539544510362212e-05,9.348548433565858e-05
406,uj0337,uj0337,0574_000026.xml,letters-leipzig,Brief,"Johnson, Uwe","Klemm, Eberhardt",1966-11-09,1966,11.0,JohnsonUwe,KlemmEberhardt,250,0.00015904567145121182,0.00018244600470497565,0.0001724951657934055,0.0002287891173029938,0.00017328633395994873,0.0003135571052000041,0.00014538116374654804,0.00020045710156505484,0.0001757099668390209,0.00021359898823062668,8.219579444533284e-05,0.0001860290356328956,7.506609198082461e-05,0.00021566622706970377,0.0001823313286858054,0.000291914109895707,3.58486902555333e-05,0.0001255177185537685,0.5190691824214196,0.0002269245039633838,0.00014546474142483831,0.2962786147924112,0.00018109654375717948,0.0001827720072953119,0.0002981546169782357,0.0002336522567701324,0.00014789230988420198,0.0001660589405571905,0.00020301082623286064,0.00016249612820678117,0.0001035411798424221,0.0004161383520754106,0.00024086192173020685,0.0001887115548564464,0.0001729476975920801,0.1775517446289002,0.00022427483029969356,0.00023890941188808927,0.00019487643373757528,0.0002133382848635139
407,uj1001,uj1001,0691_101136.xml,letters-leipzig,Brief,"Johnson, Uwe","Bierwisch, Manfred",1969-08-06,1969,8.0,JohnsonUwe,BierwischManfred,1784,2.536355348400031e-05,2.9095284115898294e-05,2.750839003295117e-05,3.648577770349304e-05,2.763456030796625e-05,0.0016726422466575,2.3184428023763626e-05,3.1967574913553e-05,2.802106527596084e-05,0.0113925309660688,1.310804254873175e-05,2.9666682229068584e-05,1.1971044678034997e-05,3.439302582122117e-05,2.907699634158154e-05,4.655253469972821e-05,5.716912408436701e-06,2.0016736945304327e-05,2.317600306022625e-05,3.618842148037391e-05,2.31977564400232e-05,0.4009836912565145,2.888008099460809e-05,2.9147272856368055e-05,4.754772956237841e-05,3.726131907377648e-05,2.3584889028375528e-05,0.1282149021516093,3.2374826061002e-05,2.5913809543568453e-05,1.6512063665532458e-05,0.0114248306064212,3.841106883526349e-05,3.0094472681820775e-05,2.7580556816078085e-05,0.2035597086740405,3.5765869020624816e-05,3.8099695458316365e-05,0.24180417387361,3.4021780969880025e-05
408,uj0311,uj0311,0542_100991.xml,letters-leipzig,Brief,"Bierwisch, Manfred","Johnson, Uwe",1966-04-07,1966,4.0,BierwischManfred,JohnsonUwe,529,7.765815904346971e-05,8.908397645119734e-05,8.422522220935233e-05,0.00011171219874651652,8.461153051153327e-05,0.00015310235935783682,7.098611004712205e-05,0.5565357984279027,8.579493189472468e-05,0.00010429522569324746,4.013422068954626e-05,9.083348389216804e-05,3.665295921999886e-05,0.00010530460847670242,8.902798292145248e-05,0.0001425346076159496,1.7504049396391644e-05,6.128726963318909e-05,7.09603144834707e-05,0.00011080175309929609,7.102691900830867e-05,0.3831390842313819,8.842506727152153e-05,8.924315564028129e-05,0.0001455816964622221,0.00011408675226151406,7.221224204027815e-05,8.108256891691802e-05,9.912528198526818e-05,7.934293371889253e-05,5.055665670359274e-05,0.00020319030398430505,0.0001176070574858618,9.214329322302792e-05,8.444618255409509e-05,0.032044074630868,0.0001095079814618122,0.00011665369409992632,9.515345464563096e-05,0.0249451465050006
409,uj0251,uj0251,0852_s000090.xml,letters-leipzig,Brief,"Johnson, Uwe","Baumgärtner, Klaus + Baumgärtner, Sabine",1972-12-01,1972,12.0,JohnsonUwe,BaumgärtnerKlaus+BaumgärtnerSabine,2563,1.680252551970474e-05,1.927467514237821e-05,1.8223409658517383e-05,2.417063568619984e-05,1.830699334355215e-05,3.312602734758469e-05,1.5358926097432842e-05,2.1177473953989937e-05,1.8563040257180336e-05,2.2565860598282075e-05,8.683649930100547e-06,0.0129189909692041,0.466533979466187,2.278425593738172e-05,1.9262560089381012e-05,3.083953330090543e-05,3.787267690912059e-06,0.006462929314991,1.53533448343449e-05,2.397364690343507e-05,1.536775573774645e-05,0.2613388154948597,1.913211010551617e-05,1.930911598439317e-05,3.1498817382976485e-05,2.4684406505970588e-05,1.562421842935639e-05,1.7543448752978097e-05,2.1447264533699423e-05,1.7167052181518834e-05,1.0938702705759047e-05,4.396331705650885e-05,2.5446078158992174e-05,1.993660492238717e-05,1.827121779454729e-05,0.2520206410774941,2.3693719704242462e-05,2.523980346977676e-05,2.05878991939061e-05,2.2538318352466672e-05
410,uj0785,uj0785,0548_100925.xml,letters-leipzig,Brief,"Johnson, Uwe","Jäckel, Ine",1965-05-21,1965,5.0,JohnsonUwe,JäckelIne,369,0.00012995525243294836,0.00014907552265005285,0.00014094475259593422,0.00018694219856302448,0.0001415912113009206,0.0002562056067706997,0.00011879006615702836,0.0001637922805327965,0.00014357154701034753,0.0001745304363309785,6.716168455641786e-05,0.00015200319546544117,6.133604796352761e-05,0.00017621956463431538,0.00014898182157109047,0.0002385212467217195,2.929174713803825e-05,0.00010255976569891406,0.00011874689916688524,0.0084993309935371,0.00011885835697048385,0.2836570189680285,0.0001479728863034041,0.0250910789750237,0.0002436203271671021,0.00019091584029311387,0.00012084190841867046,0.00013568575203555614,0.000165878913452893,0.1414692847063042,8.460286935727696e-05,0.0003400241207292478,0.00019680681375560684,0.0001541950656350089,0.00014131451358090222,0.5358303333423352,0.0001832536020629391,0.00019521142981906227,0.0001592323507362348,0.00017431741719267614
411,uj0647,uj0647,0068_060061.xml,letters-leipzig,Brief,"Baumgärtner, Klaus","Johnson, Uwe",1957-10-29,1957,10.0,BaumgärtnerKlaus,JohnsonUwe,333,0.00012995525243294836,0.00014907552265005285,0.00014094475259593422,0.00018694219856302448,0.0001415912113009206,0.3244987876160459,0.00011879006615702836,0.0001637922805327965,0.00014357154701034753,0.0001745304363309785,6.716168455641786e-05,0.00015200319546544117,6.133604796352761e-05,0.00017621956463431538,0.00014898182157109047,0.0002385212467217195,2.929174713803825e-05,0.00010255976569891406,0.0250604839768034,0.00018541863432497985,0.0084327707161826,0.5663300391812427,0.0001479728863034041,0.0001493418973871606,0.0002436203271671021,0.00019091584029311387,0.00012084190841867046,0.00013568575203555614,0.000165878913452893,0.00013277459969708648,8.460286935727696e-05,0.0003400241207292478,0.00019680681375560684,0.0001541950656350089,0.00014131451358090222,0.0120538547119675,0.0001832536020629391,0.00019521142981906227,0.0583566188652215,0.00017431741719267614
412,uj0644,uj0644,0053_060049.xml,letters-leipzig,Brief,"Baumgärtner, Klaus","Johnson, Uwe",1957-08-14,1957,8.0,BaumgärtnerKlaus,JohnsonUwe,282,0.00014046562229190203,0.0001611322795000871,0.00015234391847594606,0.00020206149241501492,0.00015304266071669372,0.4226337457928491,0.0001283974310576824,0.0001770392822215464,0.0001551831597158785,0.00018864590610338816,7.259350921777614e-05,0.0001642967332345969,6.629671355967824e-05,0.00019047164576236424,0.00016103100017416942,0.0092441273905994,3.166077101719678e-05,0.00011085447522363598,0.0001283507728578836,0.00020041470711936832,0.00012847124501617397,0.4953109229469579,0.00015994046541259116,0.00016142019778357463,0.000263323568827201,0.00020635650972237668,0.00013061521983290014,0.00014665958658079535,0.00017929467541365578,0.0360887741883239,9.144528189102596e-05,0.000367524196354693,0.0002127239264894758,0.00016666587493212271,0.00015274358456008217,0.0310013629625746,0.0001980745738944607,0.00021099951294523017,0.00017211055972291632,0.00018841565865081088
413,uj0654,uj0654,0074_060064.xml,letters-leipzig,Brief + Postkarte,"Baumgärtner, Klaus","Johnson, Uwe",1957-12-04,1957,12.0,BaumgärtnerKlaus,JohnsonUwe,177,0.00026368042507025945,0.00030247563252757727,0.00028597822388974853,0.0003793074728249274,0.0002872898946604942,0.000519843577184679,0.0002410261574811736,0.0003323360721906845,0.0002913080143737619,0.0003541238909384972,0.00013627168737491533,0.0003084159081068698,0.0001244514161326219,0.0003575511480957396,0.00030228551216023703,0.0004839618449152077,5.943322945252696e-05,0.00020809472574838,0.00024093857125363107,0.00037621614670775696,0.0002411647201816664,0.4574597071573399,0.0003002383730468013,0.00030301610936551645,0.0004943079269252415,0.00038737002913451175,0.000245189364659014,0.00027530766246768745,0.00033656986994057183,0.00026940090709088563,0.00017166001478701682,0.0175589182187102,0.0003993228694975376,0.00031286323322217164,0.438880886843416,0.0075883780828451,0.0003718232759583405,0.0678721101853117,0.0003230839318997925,0.0003536916731105594
414,uj0208,uj0208,0632_s00199.xml,letters-leipzig,Brief,"Johnson, Uwe","Bierwisch, Manfred",1968-10-19,1968,10.0,JohnsonUwe,BierwischManfred,327,0.00014046562229190203,0.3596137442682681,0.00015234391847594606,0.00020206149241501492,0.00015304266071669372,0.0002769267060466761,0.0001283974310576824,0.0001770392822215464,0.0001551831597158785,0.00018864590610338816,7.259350921777614e-05,0.0001642967332345969,6.629671355967824e-05,0.00019047164576236424,0.00016103100017416942,0.00025781209088023086,3.166077101719678e-05,0.00011085447522363598,0.0001283507728578836,0.00020041470711936832,0.00012847124501617397,0.2077488333559435,0.00015994046541259116,0.00016142019778357463,0.000263323568827201,0.00020635650972237668,0.00013061521983290014,0.00014665958658079535,0.00017929467541365578,0.00014351298944713468,9.144528189102596e-05,0.000367524196354693,0.0002127239264894758,0.00016666587493212271,0.00015274358456008217,0.4263992361502195,0.0001980745738944607,0.00021099951294523017,0.00017211055972291632,0.00018841565865081088
415,uj0796,uj0796,0557_100935.xml,letters-leipzig,Brief,"Bierwisch, Manfred","Johnson, Uwe",1965-06-20,1965,6.0,BierwischManfred,JohnsonUwe,345,0.00012577260284400802,0.00014427748130997677,0.0081827349469768,0.00018092540666476184,0.00013703405481314474,0.0002479595508723697,0.00011496677150690832,0.00015852057583432284,0.00013895065281142933,0.00016891312080035775,6.50000651755669e-05,0.00014711092607941402,5.936192848009818e-05,0.0001705478839920785,0.00014418679602892998,0.0002308443673661207,2.8348983287923967e-05,9.92588482383927e-05,0.00011492499385955971,0.0082257774232054,0.0001150328643596236,0.5320098803838338,0.00014321033365174749,0.00014453528269461273,0.00023577933234614443,0.00018477115551912828,0.00011695257459713136,0.00013131866456235532,0.00016054004983500584,0.0001285012085532289,8.187990010351042e-05,0.0003290803402958114,0.0001904725261970469,0.3059096409373337,0.0001367662626939638,0.1404071224177994,0.0001773555287723973,0.0001889284901809708,0.0001541074087744118,0.0001687069577482433
416,uj1045,uj1045,0668_101117.xml,letters-leipzig,Brief,"Johnson, Uwe","Zeibig, Brigitte",1969-06-04,1969,6.0,JohnsonUwe,ZeibigBrigitte,492,0.1205852251399158,0.00010288511836413637,9.727363215540916e-05,0.00012901896893937763,9.771978843376868e-05,0.000176821410447354,8.198347924453927e-05,0.00011304195263032752,9.908652571057436e-05,0.0001204529374162199,4.635192781676551e-05,0.2468338602470632,4.233133946160709e-05,0.00012161869663900648,0.0001028204501581927,0.0001646164726782984,2.021582629942468e-05,7.078206700707566e-05,8.195368735911536e-05,0.00012796747447415578,8.203061044556173e-05,0.2588838309193921,0.00010212412910834916,0.00010306895804398026,0.00016813562515783026,0.0632484707068402,8.33995670784162e-05,0.0287830574336744,0.00011448205138799274,9.1634965705624e-05,5.838903713389677e-05,0.00023466912130177024,0.0001358270758885511,0.00010641839315408258,9.752882430250748e-05,0.2779995053377092,0.0001264732680706999,0.0001347260147469917,0.00010989489730889354,0.00012030592133424703
417,uj1163,uj1163,0458_101417.xml,letters-leipzig,Brief,"Bierwisch, Manfred","Johnson, Uwe",1964-06-02,1964,6.0,BierwischManfred,JohnsonUwe,664,6.969429625169653e-05,0.0045386544489023,7.558790551856614e-05,0.00010025608603482373,7.593459781192347e-05,0.00013740167577171088,6.370646747639683e-05,8.784091069411437e-05,0.187342650974284,9.359972534288364e-05,3.6018446754609435e-05,8.151848838459947e-05,3.289418948175235e-05,9.45055956803725e-05,7.98981419704469e-05,0.0001279176494995815,1.5709004942463073e-05,5.500224546762888e-05,6.368331725397023e-05,9.943900680657507e-05,6.374309146884909e-05,0.3973525521334404,7.935705546468064e-05,8.009124867547378e-05,0.00013065225865556833,0.3790924018504384,6.480685934026873e-05,7.276753207323781e-05,8.895996059920984e-05,7.120629688102573e-05,4.537205946155897e-05,0.0001823530896918068,0.00010554642559994092,8.269397645517152e-05,7.578620632708465e-05,0.0287579471100401,9.827791176008588e-05,0.00010469082985735174,8.539544510362212e-05,9.348548433565858e-05
418,uj0258,uj0258,0834_s000083.xml,letters-leipzig,Brief,"Johnson, Uwe","Baumgärtner, Klaus + Baumgärtner, Sabine",1972-08-21,1972,8.0,JohnsonUwe,BaumgärtnerKlaus+BaumgärtnerSabine,546,7.032138098617218e-05,8.066774083945558e-05,7.626801887376093e-05,0.0001011581549912799,7.661783058228444e-05,0.0001386379676636132,6.427967583619637e-05,8.86312722749213e-05,7.768942976197119e-05,9.444190270990464e-05,3.6342528054430144e-05,8.225196303593822e-05,3.319015981485481e-05,9.535592374968345e-05,8.061703731536425e-05,0.00012906860746293475,1.585034903693022e-05,5.54971363030291e-05,6.425631731622084e-05,0.00010033372397187404,6.431662935843539e-05,0.099506587661403,8.007108230376545e-05,8.081188152651946e-05,0.00013182782166910084,0.00010330837184494915,6.538996863855086e-05,7.342226870138023e-05,8.976039099698378e-05,7.184698606470545e-05,0.859321149495734,0.0001839938385762956,0.00010649609516878432,8.343802773421524e-05,7.646810392312184e-05,0.0380143488358487,9.9162181801042e-05,0.00010563280107700568,8.616380324622882e-05,9.432663380232711e-05
419,uj0338,uj0338,0530_100968.xml,letters-leipzig,Brief,"Johnson, Uwe","Bierwisch, Manfred",1966-01-24,1966,1.0,JohnsonUwe,BierwischManfred,264,0.0001731391686580432,0.0001986130731592459,0.0112643921969702,0.0002490627830761128,0.00018864173748248816,0.0003413423076893028,0.00015826380938218477,0.0002182201854341009,0.0001912801354846845,0.00023252661270818927,8.94794016561329e-05,0.00020251360682656052,8.171791562372098e-05,0.00023477703556314404,0.000198488235366158,0.0003177814639387992,3.90253464409857e-05,0.00013664020682838983,0.0001582062980723537,0.00024703294095250743,0.00015835479312041237,0.2782262733033459,0.00019714403257168364,0.00019896796378252515,0.00032457496041320713,0.00025435685940479035,0.00016099747544605895,0.00018077390383508177,0.00022100020303490096,0.00017689538037194113,0.00011271626342430278,0.0004530135757084492,0.00026220539364090275,0.00020543383184140656,0.00018827309356608875,0.3040512358879651,0.0223973719427478,0.0002600798662513404,0.00021214499848062947,0.3768370418097341
420,uj0385,uj0385,0880_101542.xml,letters-leipzig,Brief,"Johnson, Uwe","Klemm, Ine",1973-07-24,1973,7.0,JohnsonUwe,KlemmIne,955,4.989480019869854e-05,5.7235804462606864e-05,5.411409033626844e-05,7.177427207738386e-05,5.4362290599960334e-05,9.836714807818996e-05,4.56080574315625e-05,6.288613163588506e-05,5.512261734857856e-05,6.700892104240965e-05,2.5785943770756608e-05,5.8359850220175074e-05,2.354925869346464e-05,6.765744211121711e-05,0.0064412587764945,0.328870613239238,1.1246223939100086e-05,3.937662327740789e-05,4.559148397025142e-05,7.118931739626129e-05,4.563427689117631e-05,0.4983343927228568,5.681246012539936e-05,5.733807592941679e-05,9.353517707655422e-05,7.329990537401662e-05,4.639583828510438e-05,5.209495854057365e-05,6.368726995609231e-05,5.097725562701992e-05,3.248228281497064e-05,0.0001305482868057022,7.556167577870709e-05,5.9201393152258536e-05,5.425605574452134e-05,0.1642294103126669,7.03580785650798e-05,7.494914676380501e-05,6.113539988891756e-05,6.692713483411783e-05
421,uj0709,uj0709,0026_060027.xml,letters-leipzig,Brief,"Bierwisch, Manfred","Johnson, Uwe",1956-06,1956,6.0,BierwischManfred,JohnsonUwe,206,0.0002358325947311123,0.0002705305607835912,0.00025577547729811083,0.000339248032891968,0.0002569486198293226,0.0457272491407432,0.00021557089079217377,0.0002972373781883568,0.00026054237768096306,0.0003167241407247062,0.00012187975506126415,0.0002758434716790781,0.000111307846901025,0.00031978943822636146,0.0002703605194180665,0.00043284964216360703,5.3156364228798025e-05,0.00018611741508693007,0.00021549255472570785,0.00033648318806445344,0.00021569481960176008,0.7108951649115539,0.0002685295828638324,0.00027101395675448777,0.0004421030532390671,0.00034645908609831936,0.0002192944131237677,0.0002462318557466368,0.0003010240358769456,0.00024094892491632595,0.00015353064865553177,0.0006170490931416384,0.00035714956248263216,0.00027982110567020585,0.0304313180302701,0.0067869539143879,0.1964692192657842,0.00035425438490185857,0.00028896237540407374,0.0003163375703077917
422,uj0483,uj0483,0279_060256.xml,letters-leipzig,Brief,"Baumgärtner, Klaus","Johnson, Uwe",1962-02-01,1962,2.0,BaumgärtnerKlaus,JohnsonUwe,128,0.00031087829587013736,0.000356617709325064,0.000337167322432541,0.0004472021794230713,0.00033871377766843283,0.0006128937533043936,0.0002841689938792728,0.0003918230629038378,0.0003434511267102891,0.00041751082475131895,0.00016066384122057463,0.0202521202594455,0.0001467277829047257,0.0004215515489130324,0.00035639355807912614,0.0005705893168721879,7.007156896586937e-05,0.00024534295142683533,0.0002840657300243512,0.0004435575167787786,0.0201728313448745,0.738228379315565,0.00035397998824805336,0.1196882488459662,0.0005827873112563178,0.0004567079050195494,0.00028907740053273024,0.00032458676796026995,0.0003968146955940273,0.0003176227240985664,0.0002023865550573608,0.0008134039773543626,0.00047080026186354013,0.0003688646540925965,0.0003380518627857324,0.0885006670753341,0.00043837833758035127,0.000466983792500692,0.00038091482196779737,0.0004170012414488869
423,uj0194,uj0194,0171_060147.xml,letters-leipzig,Brief,"Baumgärtner, Klaus","Johnson, Uwe",1959-04-10,1959,4.0,BaumgärtnerKlaus,JohnsonUwe,818,4.326573598438327e-05,4.9631408380657815e-05,4.6924447762096186e-05,6.223828322399781e-05,4.713967193450259e-05,0.0471401727954602,3.954853338897714e-05,5.453102843587186e-05,4.779898104560389e-05,5.810606064907948e-05,2.2360002061353244e-05,5.0606112493864806e-05,2.042048480406501e-05,5.866841867499789e-05,4.9600212672381766e-05,7.941039006986237e-05,9.75204137169883e-06,0.0221776155009986,3.953416189137464e-05,6.17310461031858e-05,3.957126930960988e-05,0.3048003199038023,4.926430992047436e-05,0.0747839329899688,0.0443680489930655,6.356121962535089e-05,4.023164903002914e-05,4.517357947838107e-05,5.522572685957581e-05,4.4204375493713074e-05,2.8166659989536287e-05,0.5038771571426797,6.5522489352796e-05,5.1335847339460935e-05,4.704755152938105e-05,0.001245131346381,6.101024634716626e-05,6.499134144688218e-05,5.301290034953573e-05,5.8035140623725625e-05
424,uj0058,uj0058,0003_060000.xml,letters-leipzig,Brief,"Bierwisch, Manfred","Johnson, Uwe",1955-06-03,1955,6.0,BierwischManfred,JohnsonUwe,428,0.00010401268260917206,0.00011931603172558744,0.00011280838244497408,0.0001496234988688063,0.0134217886848372,0.0002050600646055514,9.507636834216122e-05,0.00013109492821523596,0.0400402994807072,0.00013968945879352425,5.375440275388904e-05,0.0001216592621655237,4.909172018747786e-05,0.000141041391576632,0.0001192410359066129,0.00019090597929938069,2.344432518961769e-05,0.0266990118616803,9.504181864631677e-05,0.0001484040791026973,9.513102646926333e-05,0.4865464617316515,0.0001184335113025173,0.00011952923088812366,0.00019498714590122972,0.0001528038946460959,9.671860760474418e-05,0.00010859922009187648,0.0001327650129834667,0.0200689635535904,6.771385714343499e-05,0.000272146144821056,0.00015751887108253875,0.00012341357599278044,0.0001131043291747192,0.0229560434337243,0.3860920951792282,0.00015624196876481823,0.00012744528326614403,0.00013951896401468984
425,uj0667,uj0667,0245_060214.xml,letters-leipzig,Brief,"Johnson, Uwe","Baumgärtner, Sabine + Bierwisch, Manfred + Baumgärtner, Klaus",1961-07-04,1961,7.0,JohnsonUwe,BaumgärtnerSabine+BierwischManfred+BaumgärtnerKlaus,1306,0.5242459386320946,3.1332286624735215e-05,2.9623383558109818e-05,3.929100125568313e-05,2.975925448497711e-05,5.3848595419973305e-05,2.496697200747296e-05,3.4425414644493264e-05,3.01754760413933e-05,3.668233093302109e-05,1.4115859621445311e-05,3.194761690944282e-05,1.289144321655727e-05,3.70373473113325e-05,3.13125927876055e-05,5.013174487348645e-05,6.156459496189172e-06,2.1555731738653227e-05,0.1468061728969626,3.897078268090295e-05,2.498132518432578e-05,0.117282307088435,3.110053752574229e-05,3.1388272540224775e-05,5.120345568956959e-05,4.012617043314384e-05,2.5398222615940923e-05,2.8518061168570297e-05,3.4863977458635104e-05,2.7906203112628296e-05,1.7781600257742178e-05,0.0804516545073936,4.136431916302504e-05,3.240829820155754e-05,2.97010989131038e-05,0.1300933117112249,3.851574210696984e-05,4.102900571996132e-05,3.346702104080335e-05,3.663755915171724e-05
426,uj0514,uj0514,0330_101291.xml,letters-leipzig,Brief,"Johnson, Uwe","Bierwisch, Manfred",1962-10-23,1962,10.0,JohnsonUwe,BierwischManfred,413,0.00010833812433230346,0.00012427787415593365,0.00011749959963028516,0.00015584569897492077,0.0001180385245467109,0.00021358763390713056,9.903018705152244e-05,0.0001365466044720994,0.034774451527023,0.00014549854474525868,5.598981799981e-05,0.00012671854950794758,5.113323444739835e-05,0.00014690669861910493,0.00012419975958224272,0.0001988449408504405,2.441927420354583e-05,8.54996811576643e-05,9.89942005818906e-05,0.00015457556876656542,9.90871181758932e-05,0.1879560328296093,0.0001233586534905113,0.0001244999393579743,0.360612621472955,0.00015915835378299458,0.00010074072000721618,0.00011311539625329688,0.0070692385572024,0.0001106884933148556,7.052978627414414e-05,0.0002834635367012511,0.00016406940588338704,0.0001285458177291641,0.00011780785351624,0.4051130697981121,0.00015277067415863537,0.0001627394026704403,0.00013274518643013633,0.00014532095981922833
427,uj1116,uj1116,0516_101467.xml,letters-leipzig,Brief,"Johnson, Uwe","Bierwisch, Manfred",1964-11-11,1964,11.0,JohnsonUwe,BierwischManfred,124,0.00036115861512520233,0.0004142957541261215,0.0003916995327524447,0.000519531025314409,0.0003934961060056033,0.0007120209487212549,0.0003301294482578859,0.0004551950929105001,0.00039899965656558253,0.0004850374994655646,0.00018664902364286267,0.0004224320490411031,0.00017045899819393738,0.0004897317555835824,0.0004140353494769808,0.000662874347371221,8.140468840557115e-05,0.0002850238236157199,0.0003300094828845182,0.0005152968882559597,0.0003303192352434183,0.0951553991990855,0.00041123141768348455,0.0004150360361028566,0.0006770452007810634,0.1853721110989203,0.00033583172266231885,0.0465874684770583,0.0004609940540266392,0.0003689938625231367,0.00023511981671120013,0.0009449609635062724,0.0005469457753533447,0.0004285234749754551,0.0003927271354291989,0.6573390522615115,0.0005092800475448583,0.0005425120441856667,0.0004425225929571482,0.00048444549802242057
428,uj1216,uj1216,0962_000039.xml,letters-leipzig,Brief,"Johnson, Uwe","Klemm, Eberhardt",1975-11-02,1975,11.0,JohnsonUwe,KlemmEberhardt,662,7.09598527523688e-05,8.140015073025373e-05,7.69604821904899e-05,0.00010207660433025368,7.731346995864486e-05,0.00013989670898573688,6.486329290380987e-05,0.0091687765397166,7.83947985522213e-05,9.529937290716966e-05,3.667249424322733e-05,8.299875661957135e-05,3.3491504578853474e-05,9.622169265524208e-05,8.134898685159989e-05,0.00013024046530491317,1.5994259753735278e-05,5.600101370329256e-05,6.483972230387664e-05,0.00010124468802085938,6.490058193966196e-05,0.2229811393362909,8.079807492852365e-05,8.154560011970315e-05,0.00013302473135651827,0.00010424634373500222,6.598366643263153e-05,7.408889448316274e-05,9.057535615509994e-05,7.249930931896088e-05,4.619595622052892e-05,0.00018566438129655584,0.3632810851669655,8.419559000316303e-05,7.716238388015372e-05,0.4015331162123465,0.00010006250901968506,0.00010659187725165008,8.694611375932376e-05,9.518305743392497e-05
429,uj1138,uj1138,0454_101412.xml,letters-leipzig,Brief,"Johnson, Uwe","Bierwisch, Manfred",1964-05-17,1964,5.0,JohnsonUwe,BierwischManfred,737,6.270474553587968e-05,7.193047251570604e-05,6.800729236169638e-05,0.0161363943303546,6.831921533392515e-05,0.00012362183964600756,5.731742835411754e-05,7.903145951603313e-05,0.0040808229470148,8.42127301014375e-05,0.0602056291934551,7.334310475229807e-05,2.9595273817146576e-05,8.502775187589666e-05,7.188526078164547e-05,0.0001150889540867392,1.4133569180204543e-05,4.948614149849753e-05,5.729659983751818e-05,8.946639758910136e-05,5.735037937379543e-05,0.1569251692911646,0.1525102300140128,7.205900106530158e-05,0.00011754931283183622,9.211885599256616e-05,5.830746334298739e-05,6.546977051676978e-05,8.003828135533471e-05,6.406510958015927e-05,4.0821754375726296e-05,0.0001640651344768812,9.496131126088884e-05,7.440070464654893e-05,6.818570583893138e-05,0.595513694142492,0.0121230663452774,9.41915221073133e-05,7.683124650269298e-05,8.410994617688305e-05
430,uj0906,uj0906,0376_101337.xml,letters-leipzig,Brief,"Klemm, Eberhardt","Johnson, Uwe",1963-07-15,1963,7.0,KlemmEberhardt,JohnsonUwe,291,0.00015744368548894371,0.00018060831911603505,0.0001707577099315846,0.000226484641167964,0.00017154090906454754,0.00031039880434015376,0.00014391681340381258,0.0001984379993800408,0.00017394012992526963,0.0002114475145213588,8.13678781137696e-05,0.0001841552600001548,7.430998950724992e-05,0.00021349393111755031,0.0001804947981699406,0.00028897380789330785,3.5487604675328256e-05,0.00012425344256747898,0.0001438645156329079,0.000224638809127888,0.00014399954924675985,0.5451066056065168,0.0001792724506003703,0.00018093103804848475,0.0002951514575295922,0.00023129879671062464,0.00014640266604667963,0.00016438631351079307,0.0002009660016812333,0.00016085938755276068,0.2922047131913676,0.0004119468026147848,0.00023843584239126,0.0001868107595751957,0.00017120568360816548,0.1556183760865313,0.00022201582427612885,0.0002365029991853339,0.00019291354277439527,0.00021118943708634856
431,uj1047,uj1047,0675_s000218.xml,letters-leipzig,Brief,"Johnson, Uwe","Bierwisch, Manfred",1969-06-27,1969,6.0,JohnsonUwe,BierwischManfred,1868,2.2579088835558787e-05,2.5901142170914667e-05,2.4488460683122024e-05,3.248029171154168e-05,2.460077971798319e-05,4.451446976665016e-05,2.063919238605104e-05,2.8458106798237654e-05,2.4944853351562956e-05,3.032380879302483e-05,1.166901386096389e-05,2.640981098839252e-05,1.0656838025882355e-05,3.061728656557872e-05,2.588486206721535e-05,4.1441898792637774e-05,5.089297649740908e-06,1.7819257146721993e-05,2.0631692332863825e-05,3.2215579884713146e-05,2.065105758052988e-05,0.1778446576599676,2.5709564504308672e-05,2.594742347728824e-05,4.232783905438562e-05,0.0058111769589809,2.0995689932974543e-05,2.3574735084379517e-05,2.882064905172887e-05,2.306893661888028e-05,1.4699334326226986e-05,5.907752618263504e-05,3.419422030305315e-05,2.679063769872665e-05,2.455270484387131e-05,0.2389925551646972,3.183941612941059e-05,3.391703015524709e-05,0.5763837909221204,3.0286797760709032e-05
432,uj0326,uj0326,0554_101005.xml,letters-leipzig,Brief,"Bierwisch, Manfred","Johnson, Uwe",1966-06-19,1966,6.0,BierwischManfred,JohnsonUwe,1116,3.736981676260404e-05,4.286802465407295e-05,4.0529947651621255e-05,5.375693228792776e-05,4.071584274164384e-05,7.367425632536717e-05,3.41591657312673e-05,0.2630286364454492,4.128530631625318e-05,5.018781698378197e-05,1.93129542542816e-05,4.370990364398425e-05,0.0119713439431513,5.0673541215796335e-05,4.284108005517658e-05,6.858895748425043e-05,8.423108744833566e-06,2.9491994972357952e-05,3.414675266998936e-05,0.1960941005593784,3.417880337682316e-05,0.5142923245686394,4.2550951527295634e-05,4.2944623136470105e-05,7.005524452024416e-05,5.489958916830507e-05,3.474919166640905e-05,3.901767412964751e-05,4.769999276260749e-05,3.818054575337994e-05,2.4328325837412558e-05,0.0120514832373945,5.659359225571634e-05,4.434019587973999e-05,4.063627579146572e-05,0.0010754544953639,5.26962427602729e-05,5.61348250704082e-05,4.57887131015501e-05,5.012656138990441e-05
433,uj0129,uj0129,1057_101748.xml,letters-leipzig,Brief,"Baumgärtner, Klaus","Johnson, Uwe",1979-06-14,1979,6.0,BaumgärtnerKlaus,JohnsonUwe,208,0.00019716191437828688,0.00022617027694046596,0.00021383466018602348,0.1390318066208243,0.0002148154365183028,0.0003887029339689436,0.0001802226259744852,0.0254754409001633,0.0380582344969658,0.0002647892586107514,0.00010189450639439268,0.0002306120025817828,9.305612824789128e-05,0.00026735192355642777,0.00022602811812993948,0.0003618730658679154,4.444004250001442e-05,0.0506094849071154,0.00018015713507469293,0.0381217229031028,0.00018032623354142277,0.5817125663786941,0.0002244974096350024,0.0002265744079942475,0.0129830806774958,0.00028964841245451785,0.00018333558324811568,0.00020585595521805297,0.00025166358049465533,0.00020143929365683096,0.00012835544060047342,0.0005158683879465515,0.0129120574464206,0.000233937403522569,0.0002143956439269177,0.0056740622647332,0.0002780236298497269,0.0885904661849724,0.0002415797323644859,0.0002644660761281612
434,uj0086,uj0086,0901_101568.xml,letters-leipzig,Brief,"Johnson, Uwe","Bierwisch, Manfred",1974-01-09,1974,1.0,JohnsonUwe,BierwischManfred,338,0.00014435734412223956,0.0001655965889835805,0.0001565647387989425,0.0002076597812224211,0.0001572828402991853,0.00028459920049578546,0.00013195479318838253,0.00018194430900466272,0.0001594826436786663,0.00019387250446252765,7.46047753194315e-05,0.00016884871665195927,0.1385974678467895,0.0001957488278214256,0.0186360704136675,0.0002649549983463618,3.253796012384445e-05,0.00011392579455557836,0.00013190684228271194,0.00020596737031261796,0.00013203065222658082,0.2966222954694614,0.00016437175465364848,0.00016589248429269834,0.0002706191765675604,0.00021207379570748372,0.0001342340277241413,0.00015072291756108793,0.00018426218982028103,0.00014748914122616403,9.397885269653678e-05,0.00037770677280858514,0.0002186176272758065,0.2125829294629498,0.00015697547797839616,0.3273895291581133,0.00020356240166813453,0.0002168454373594837,0.00017687903197667075,0.0001936358778046832
435,uj0412,uj0412,0120_060103.xml,letters-leipzig,Brief,"Menzhausen, Joachim","Johnson, Uwe",1958-08-01,1958,8.0,MenzhausenJoachim,JohnsonUwe,393,0.0001379856570497265,0.1590561502415849,0.00014965423813628227,0.0001984940324928284,0.0707716130010755,0.00027203747696399893,0.00012613053357050957,0.000173913597379623,0.0354630795302765,0.00018531530262488796,7.13118477213175e-05,0.0001613960221483066,6.512622399350667e-05,0.0001871088082694365,0.00015818794664385573,0.0002532603364084719,3.110179003393557e-05,0.00010889730420193984,0.00012608469913606967,0.0001968763217154012,0.0001262030443200845,0.5042213691385266,0.00015711666562038057,0.0001585702728456673,0.0002586745074591461,0.0002027132199034296,0.00012830916657944596,0.00014407026492886562,0.00017612917088750922,0.0001409792219684986,0.0177451488756552,0.0003610354397625352,0.00020896821790209843,0.0178190414251993,0.00015004684798857346,0.0922476373508316,0.0972988269954576,0.00020727424942749395,0.00016907189304448013,0.00018508912026432515
436,uj0996,uj0996,0725_101168.xml,letters-leipzig,Brief,"Bierwisch, Manfred","Johnson, Uwe",1969-11-27,1969,11.0,BierwischManfred,JohnsonUwe,569,8.718781374109591e-05,0.0112557301531652,9.456074000132938e-05,0.00012542072200639686,9.49944532996106e-05,0.00017188998754839657,7.9697018539018e-05,0.2790027499757601,9.63230732495233e-05,0.00011709359098685812,4.505920564206893e-05,0.00010197992036628302,4.1150748625710194e-05,0.0001182268380171937,9.99528612100648e-05,0.00016002543678022733,1.965202133665401e-05,6.880800569181339e-05,7.966805752800921e-05,0.00012439855297111476,7.974283528449241e-05,0.6253801790149663,9.927596005717569e-05,0.0001001944383883354,0.00016344644260953974,0.00012808666377135658,8.107361269419817e-05,9.103244273947656e-05,0.00011128922870715312,0.0056669365455828,5.676060857401994e-05,0.0002281243670464007,0.0001320389557132816,0.00010345046014448504,9.480881502163492e-05,0.0750212951287752,0.0001229460189174899,0.0001309686023808778,0.00010683000708040503,0.00011695067507845204
437,uj0592,uj0592,0996_101681.xml,letters-leipzig,Brief,"Bierwisch, Manfred","Johnson, Uwe",1976-08-16,1976,8.0,BierwischManfred,JohnsonUwe,585,7.843754519532191e-05,8.997803341125386e-05,8.50705161570224e-05,0.0001128333551294184,8.546070149343609e-05,0.00015463891211892666,7.169853475337364e-05,9.886067832129249e-05,8.665597962804038e-05,0.0051233990388872,4.053701231126501e-05,9.17450991086763e-05,3.7020812504088175e-05,0.0051244185519516,8.992147792405064e-05,0.00014396510121383895,1.7679722034900213e-05,6.19023556695475e-05,7.167248030249992e-05,0.00011191377214571974,7.173975327795465e-05,0.6930857945892974,8.931251134381077e-05,9.013881014085593e-05,0.0001470427709917161,0.0252055172119327,0.1004340788603398,0.0101180105116365,0.00010012011463426924,8.013922846176966e-05,5.106404908327392e-05,0.00020522954507714837,0.0001187873753441986,9.306805383554626e-05,8.529369408501617e-05,0.0072753871509397,0.00011060701606834789,0.1506595372758833,9.610842558191324e-05,0.000105213371783007
438,uj0081,uj0081,1090_101802.xml,letters-leipzig,Brief,"Bierwisch, Manfred","Johnson, Uwe",1981-03-16,1981,3.0,BierwischManfred,JohnsonUwe,579,8.436437898182289e-05,9.677688015150776e-05,9.1498545082953e-05,0.070285315766095,9.191821328537296e-05,0.00016632361141404012,0.1997745310682426,0.0001063307082281691,9.320380805105994e-05,0.00011330170654000037,4.360003695809627e-05,9.867746742526678e-05,3.981814893024183e-05,0.00011439825521859388,9.671605126472872e-05,0.00015484327471896927,1.9015622764983767e-05,6.657977095750269e-05,7.708813777573401e-05,0.00012037010927708096,7.716049397686659e-05,0.6806894486960742,9.606107044865792e-05,0.032480314384925,0.00015815349686928225,0.00012393878664066873,7.844817633653959e-05,8.808450595767581e-05,0.00010768530904015087,8.619464345070873e-05,5.492250909280953e-05,0.0002207369324988548,0.00012776309007171352,0.00010010038617770252,9.173858659943288e-05,0.0078251240182611,0.0055161920430905,0.0001267273983815019,0.00010337049201308289,0.0001131634187295604
439,uj0544,uj0544,0768_s000074.xml,letters-leipzig,Brief,"Johnson, Uwe","Baumgärtner, Sabine + Baumgärtner, Klaus",1970-11-01,1970,11.0,JohnsonUwe,BaumgärtnerSabine+BaumgärtnerKlaus,299,0.00014707388375058715,0.0001687128121243454,0.0001595109991359924,0.0002115675562534373,0.00016024261398530967,0.00028995483384470724,0.00013443793962631583,0.00018536816615975804,0.00016248381361720347,0.00019752082831069628,7.600869993339218e-05,0.1789445480789138,6.941566900162603e-05,0.00019943246062315684,0.00016860676807197643,0.0002699409639521517,3.3150264670173384e-05,0.00011606966840891794,0.0001343890863728204,0.00020984329728400208,0.00013451522619204788,0.3210223415499653,0.00016746492866576908,0.0001690142756387939,0.0002757117315865421,0.0002160646343702236,0.0001367600651627115,0.00015355924557019943,0.00018772966522789892,0.0001502646155141404,9.574736180238872e-05,0.0003848145193695149,0.0002227316088093484,0.0095835868398782,0.00015992946767112717,0.4746865992986215,0.00020739307155428065,0.00022092606953926796,0.0095892876720456,0.00019727974877449596
440,uj0340,uj0340,0528_100966.xml,letters-leipzig,Brief,"Johnson, Uwe","Bierwisch, Manfred",1966-01-13,1966,1.0,JohnsonUwe,BierwischManfred,337,0.0001278297222181009,0.0083245684173618,0.00013863947962959968,0.00018388459770398463,0.0001392753649450202,0.0002520151431441108,0.00011684715219154036,0.00016111331654547432,0.0164970856174233,0.0001716758405459916,6.606319729151586e-05,0.0001495170521302046,6.033284400858876e-05,0.00017333734169938046,0.0165024074022783,0.0002346200260530768,2.881265535512093e-05,0.00010088231229291808,0.00011680469123474424,0.00018238595267283317,0.00011691432604985412,0.2953734261302781,0.00014555266214987596,0.00014689928187684994,0.00023963570664080303,0.00018779324709707987,0.00011886543480367564,0.00013346649455825887,0.00016316582078484477,0.0001306029566265915,8.321911647530347e-05,0.0003344627330295866,0.0001935878686087669,0.0001516730723730844,0.0001390031928548111,0.5188884350369116,0.00018025633138036025,0.00019201857855221505,0.00015662796833279416,0.1391962959138897
441,uj0843,uj0843,0547_100929.xml,letters-leipzig,Brief,"Klemm, Eberhardt","Johnson, Uwe",1965-05-14,1965,5.0,KlemmEberhardt,JohnsonUwe,493,8.767686276252603e-05,0.00010057672849648276,0.4768723497764153,0.00012612422492420632,9.552729088819172e-05,0.00017285414327839117,8.014405060984322e-05,0.0001105056781698358,9.686336325901596e-05,0.00011775038582584686,4.531194922491766e-05,0.00010255194044707952,4.138156910947965e-05,0.00011888998940221156,0.00010051351122371324,0.00016092304253386732,1.976225235853e-05,6.919395971917396e-05,8.011492715234695e-05,0.00012509632239538892,8.019012434805066e-05,0.4325679789590578,9.983281323463542e-05,0.00010075644344321682,0.00016436323727825103,0.00012880512034100567,8.152836628017109e-05,9.154305683942791e-05,0.00011191346604101452,8.957899075296861e-05,5.70789870134809e-05,0.00022940394952107647,0.00013277958125842933,0.00010403072869497756,9.534061133834226e-05,0.0866603888310535,0.000123635640868774,0.00013170322415981858,0.00010742923199705666,0.00011760666828149932
442,uj1097,uj1097,0456_101415.xml,letters-leipzig,Brief,"Johnson, Uwe","Bierwisch, Manfred",1964-05-27,1964,5.0,JohnsonUwe,BierwischManfred,1036,3.994849249230158e-05,4.582610002965664e-05,4.332668580527829e-05,5.746638843737808e-05,4.352540844433481e-05,7.87580922429105e-05,3.65162929330812e-05,5.035005947556778e-05,4.413416741897569e-05,5.36509890513552e-05,0.0383563334046674,4.672607223775034e-05,1.8854818144750853e-05,5.417023031387518e-05,4.579729613924535e-05,7.33218862302882e-05,9.004338945315603e-06,3.15270676123631e-05,3.650302331796858e-05,5.699804188434847e-05,3.653728565940464e-05,0.2737637225539233,0.0051569121841429,4.590798413196314e-05,7.488935328588188e-05,0.3604141529758667,3.7147033158274393e-05,4.17100590012815e-05,5.099149441553432e-05,4.0815165219306e-05,2.600708342350508e-05,0.00010452406332065962,0.017950486418168,4.7399857308948256e-05,4.3440351037390105e-05,0.3027237425744564,5.633250683711865e-05,6.0008365899346194e-05,4.894832835787128e-05,5.358550656189923e-05
443,uj0791,uj0791,0534_100912.xml,letters-leipzig,Brief,"Bierwisch, Manfred","Johnson, Uwe",1965-03-17,1965,3.0,BierwischManfred,JohnsonUwe,2425,1.6553409496144075e-05,1.8988906766590784e-05,1.7953227456173873e-05,2.3812279280669115e-05,1.803557192063873e-05,3.2634897356470285e-05,0.6089444826769748,2.086349448142252e-05,1.828782265559763e-05,2.223129675822864e-05,8.554905216215565e-06,1.936182718401567e-05,7.812848652187189e-06,2.2446454144892087e-05,1.8976971332652897e-05,3.0382303112778134e-05,3.731117258870556e-06,1.3063833647806324e-05,1.512571451716417e-05,2.3618211074468325e-05,1.5139911762985074e-05,0.3887811169304874,1.884845541406984e-05,1.9022836985033068e-05,3.1031812579198123e-05,2.43184328798326e-05,1.5392572111557318e-05,1.7283347723061076e-05,2.112928511741327e-05,1.6912531647048993e-05,1.0776524340502273e-05,4.331151225997332e-05,2.506881190822838e-05,1.964102270555073e-05,1.8000326783713798e-05,0.0004763854949923964,2.3342434105588866e-05,2.4865595469409804e-05,0.0010792902285825,2.220416285666776e-05
444,uj0657,uj0657,0040_060040.xml,letters-leipzig,Brief,"Bierwisch, Manfred","Johnson, Uwe + Baumgärtner, Klaus + Spott, Margot",1957-05-28,1957,5.0,BierwischManfred,JohnsonUwe+BaumgärtnerKlaus+SpottMargot,765,6.478381263113347e-05,7.431543201558774e-05,7.02621731139929e-05,9.31922961005968e-05,7.058443834632132e-05,0.0042722776197245,5.921787110780712e-05,8.165186257429363e-05,7.157165275393021e-05,8.700492572649116e-05,3.348067820913356e-05,7.577490212985065e-05,3.057654819187547e-05,8.784697073402003e-05,7.426872122068573e-05,0.00011890489585357084,1.4602188235587558e-05,5.112692653926813e-05,0.0042037532700641,9.2432786205605e-05,5.925191466649752e-05,0.5392829312038284,0.397951229893284,7.444822211629843e-05,0.008410560667519,9.517319072767763e-05,6.0240732147575e-05,6.764051603932909e-05,8.269206705694996e-05,6.618928152509958e-05,4.217525905177256e-05,0.0043140618708545,9.810989173717347e-05,7.686756828776768e-05,0.0042150034202224,0.0350208488192294,9.135349897574275e-05,9.731457910390265e-05,7.93786982964281e-05,8.689873385133207e-05
445,uj0973,uj0973,1134_101868.xml,letters-leipzig,Brief,"Johnson, Uwe","Menzhausen, Joachim",1983-12-10,1983,12.0,JohnsonUwe,MenzhausenJoachim,488,8.622590219991739e-05,9.89122886207101e-05,9.351748563759728e-05,0.00012403700064874076,9.39464139342908e-05,0.0001699935876303206,7.88177502256979e-05,0.0001086769245406938,9.526037570195504e-05,0.00011580173984694124,4.4562083761342e-05,0.00010085481287522824,4.069674733432847e-05,0.00011692248417362234,9.885011752781946e-05,0.00015825993414957153,1.9435207709610345e-05,6.804887190968902e-05,7.878910873102446e-05,0.00012302610883386234,7.886306149162925e-05,0.3812788805197905,9.818068437995608e-05,9.908902947266014e-05,0.0001616431972617718,0.0001266735300446802,8.01791569166148e-05,9.002811480033589e-05,0.3200565481684349,8.809655195753768e-05,5.61343893568046e-05,0.00022560755360573348,0.00013058221778241755,0.0001023091287211659,9.376282373613735e-05,0.2672647681762616,0.00012158960006187012,0.0277111173589119,0.00010565139034091464,0.0001156604006779419
446,uj1162,uj1162,0470_101429.xml,letters-leipzig,Brief,"Johnson, Uwe","Bierwisch, Manfred",1964-07-01,1964,7.0,JohnsonUwe,BierwischManfred,463,9.875554460524564e-05,0.00011328541287096936,0.00010710668127126892,0.0001420610424216511,0.0001075979379175416,0.00019469566449892067,9.027090061698972e-05,0.00012446896576571493,0.00010910283385536896,0.00013262910092033358,5.103748106215952e-05,0.0001155102088518692,4.661046558081171e-05,0.00013391270264001193,0.0001132142075836894,0.00018125697252659447,2.2259373029563695e-05,7.793717704029289e-05,9.023809717472217e-05,0.00014090325608171993,9.032279614524328e-05,0.291371391262823,0.00011244749788964904,0.00011348783625701704,0.00018513186374447373,0.455034242747218,9.183013578601128e-05,0.00010311026362214468,0.00012605463903830302,0.00010089802187560396,6.429137939503583e-05,0.0002583909968461044,0.0001495573569408914,0.00011717585397391874,0.00010738766989435768,0.249240351644021,0.0001392580056118624,0.0001483449934037638,0.00012100378569803369,0.00013246722350006353
447,uj1176,uj1176,0422_101386.xml,letters-leipzig,Brief,"Johnson, Uwe","Bierwisch, Manfred",1964-02-10,1964,2.0,JohnsonUwe,BierwischManfred,492,9.691857750078552e-05,0.0001111781734476945,0.00010511437338668696,0.00013941854307847977,0.00010559649209237456,0.0001910741004389466,8.859175768292717e-05,0.0001221536993515429,0.00010707339522894223,0.0001301620465745887,5.008812501151492e-05,0.0001133615856556894,4.574345712738485e-05,0.00013142177182086292,0.3039299587627698,0.00017788538364704008,2.1845323001439572e-05,7.648745559923572e-05,8.855956442254457e-05,0.0001382822929006846,8.864268789446202e-05,0.2301480847793327,0.00011035584465207312,0.00011137683152514273,0.00018168819741621448,0.00014238202240515594,9.012198927827536e-05,0.00010119229371814368,0.00012370987727121883,9.902120222125984e-05,6.30954855389376e-05,0.0002535846260930263,0.00014677541749608756,0.0001149962478561304,0.00010539013529709438,0.461617658074063,0.00013666764598836714,0.00014558560531995193,0.00011875297563232096,0.0001300031802611601
448,uj1161,uj1161,0475_s000049.xml,letters-leipzig,Brief,"Johnson, Uwe","Baumgärtner, Klaus",1964-07-13,1964,7.0,JohnsonUwe,BaumgärtnerKlaus,159,0.0002682047730200213,0.0003076656461871593,0.00029088516755303845,0.0003858158019378964,0.0346091235937608,0.0005287632883160824,0.00024516179326509026,0.0003380384447746456,0.0002963064089919059,0.0003602001087673419,0.00013860989859867606,0.0003137078477005861,0.000126586809798172,0.0003636861723524356,0.0003074722636485982,0.0004922658810613176,6.045301167469842e-05,0.00021166530913751497,0.00024507270419345565,0.0003826714334495429,0.0002453027334870457,0.2079322257725548,0.0003053899987966921,0.0003082153967710468,0.0005027894858241978,0.1719785379452186,0.0002493964346339764,0.0002800315158136744,0.00034234488794052944,0.000274023409657528,0.0001746054349324477,0.0007017499517272201,0.0004061746318360684,0.0003182314820309613,0.0002916482891598098,0.5739475030166327,0.00037820318783768304,0.0004028820401279995,0.00032862755207752216,0.00035976047475049606
449,uj0403,uj0403,0125_060104.xml,letters-leipzig,Brief,"Johnson, Uwe","Bierwisch, Manfred",1958-08-08,1958,8.0,JohnsonUwe,BierwischManfred,239,0.0001811659899807136,0.00020782087785735208,0.0001964860608447041,0.00026060946239410946,0.00019738726590627664,0.00035716711345062306,0.0001656010013624984,0.00022833698598856715,0.0002001479814031558,0.0002433066666234344,9.362771295230054e-05,0.00021190224228094943,8.550640041694625e-05,0.00024566142024477305,0.000207690252519671,0.00033251397680959414,4.0834581666989255e-05,0.00014297491742106,0.00016554082379862655,0.00025848551574080296,0.00016569620315384293,0.5113374414958918,0.0002062837317890745,0.00020819222139330403,0.0003396224232908602,0.0002661489748369156,0.00016846140159762127,0.0001891546754255453,0.0002312458866418184,0.0697258714147859,0.00011794184763888824,0.0004740155191574067,0.000274361371175673,0.0002149578504364091,0.0001970015314674289,0.086344624714451,0.0002554673213565847,0.3247957543113899,0.00022198015022878984,0.0002430097042278952
450,uj0879,uj0879,0373_101334.xml,letters-leipzig,Brief,"Johnson, Uwe","Baumgärtner, Sabine",1963-06-29,1963,6.0,JohnsonUwe,BaumgärtnerSabine,130,0.000282759941791998,0.00032436231178027724,0.0003066711756069785,0.0004067535878276442,0.00030807775689069527,0.0005574586721275086,0.0002584664456664384,0.0003563834076912608,0.0003123866216687087,0.199365588179565,0.0001461321005522547,0.0003307324167153767,0.0001334565323619124,0.0003834230083491192,0.0003241584345907276,0.0005189805919848196,6.373372803851135e-05,0.0725816395706236,0.0002583725218319516,0.0004034385780284971,0.0002586150345543524,0.3458438247746982,0.0003219631675874944,0.00032494189670469816,0.0005300753008398773,0.0004153995385165712,0.0002629308962185054,0.00029522850850043856,0.0003609235566423944,0.00028889434923898017,0.0001840810738084064,0.0007398331255205282,0.0004282172683287015,0.0003355015435491103,0.00030747571095764045,0.3699298987693256,0.0003987278457961981,0.000424745991403854,0.0003464617965234733,0.0003792842675917557
451,uj0377,uj0377,0893_000037.xml,letters-leipzig,Brief,"Johnson, Uwe","Klemm, Eberhardt",1973-12-13,1973,12.0,JohnsonUwe,KlemmEberhardt,414,0.0001172795750252372,0.00013453487731928426,0.00012719717269617207,0.0001687080836772425,0.0451456812784739,0.0302431494244597,0.00010720342745133957,0.00014781618052115382,0.00012956775277534206,0.00015750694965120768,6.061081545603384e-05,0.00013717698848580938,5.5353404377415386e-05,0.0001590313224323745,0.00013445031572970338,0.00021525617415460983,2.6434665715941897e-05,9.255621077772588e-05,0.00010716447091696084,0.0001673331260436238,0.0001072650572618339,0.1734566400691375,0.00013353979078202356,0.0001347752701882187,0.0002198578964894768,0.00017229414122153363,0.00010905513551206892,0.00012245112866,0.00014969928580178766,0.00011982392658314972,7.63508082850022e-05,0.00030685858117225005,0.00017761051629088757,0.075168989569418,0.00012753086764397985,0.5736018951439218,0.00016537926839759235,0.0977149555982151,0.0001437010207359685,0.00015731470814080598
452,uj0982,uj0982,0695_101140.xml,letters-leipzig,Brief,"Doherty, Monika","Johnson, Uwe",1969-08-16,1969,8.0,DohertyMonika,JohnsonUwe,385,0.0067135704779435,0.00011852732348232702,0.0001120626913600757,0.00014863445083195323,0.568593676322242,0.0002037045672681117,9.444789022093786e-05,0.0133507190479471,0.00011415120935246004,0.00013876607719883274,5.33990729633288e-05,0.00012085506459415618,4.876721187264598e-05,0.0001401090733745546,0.00011845282340411572,0.00018964404393844437,2.3289352448173728e-05,8.154346407225254e-05,9.441356890705952e-05,0.0001474230917296764,9.450218704440974e-05,0.3048536459415101,0.00011765063673577508,0.00011873911334609162,0.00019369823302776263,0.00015179382341286171,9.607927387908044e-05,0.00010788135260282768,0.00013188740367445564,0.00010556674663134224,6.72662519344819e-05,0.00027034719203417854,0.00015647763269826528,0.0001225977819766032,0.00011235668180932824,0.0624657704225967,0.00014570171269500434,0.0398166812391307,0.00012660283867573188,0.0001385967094323164
453,uj0492,uj0492,0276_060253.xml,letters-leipzig,Brief,"Baumgärtner, Klaus","Johnson, Uwe",1962-01-27,1962,1.0,BaumgärtnerKlaus,JohnsonUwe,589,7.689410907703568e-05,8.820751208408238e-05,8.33965613320589e-05,0.00011061310365137304,8.377906888942499e-05,0.00015159604174782437,7.028770390838746e-05,9.691537086401042e-05,8.495082722315138e-05,0.00010326910345867905,3.973935490405244e-05,8.993980676701175e-05,3.629234428131519e-05,0.00010426855529744876,8.815206945401179e-05,0.00014113226221520818,1.7331833514396728e-05,6.0684286805848816e-05,7.026216213776681e-05,0.000109711615542868,7.032811136526585e-05,0.7384795495513129,8.755508566864945e-05,0.2558927696071899,0.0001441493718788759,0.00011296429481068542,7.15017724413772e-05,8.02848274455463e-05,9.815002491883148e-05,7.856230787620722e-05,5.00592484166441e-05,0.00020119118957248865,0.00011644996505112896,9.123672936726144e-05,8.361534772951699e-05,0.0022129119818606,0.0001084305728470481,0.00011550598145570096,9.421727492255278e-05,0.00010314306071281487
454,uj0508,uj0508,0303_101271.xml,letters-leipzig,Brief,"Bierwisch, Manfred","Johnson, Uwe",1962-07-14,1962,7.0,BierwischManfred,JohnsonUwe,519,8.917749098667677e-05,0.00010229814361923136,9.67186717653329e-05,0.00012828289673005123,9.71622826564504e-05,0.00017581261827272928,8.151575142752232e-05,0.3823572593979004,9.852122249590886e-05,0.00011976573567764866,4.608748324559044e-05,0.0001043071621946132,4.208983293882677e-05,0.00012092484407247006,0.00010223384435492176,0.00016367731147020687,2.010049203462701e-05,7.037824489571568e-05,8.148612950919013e-05,0.00012723740119553292,8.156261373810526e-05,0.5084333373342631,0.00010154149591916566,0.00010248093446664065,0.0115774707856593,0.00013100967685578848,8.292376027185957e-05,9.310985668251028e-05,0.00011382891443312396,9.111217473765262e-05,5.805591908221103e-05,0.0686950966933767,0.00013505216242692977,0.00010581126055640468,9.697240800366789e-05,0.0196818532610386,0.00012575171945955523,0.00013395738300125864,0.0058144151302395,0.00011961955834406416
455,uj0392,uj0392,0081_060068.xml,letters-leipzig,Brief,"Johnson, Uwe","Bierwisch, Manfred",1958-01-13,1958,1.0,JohnsonUwe,BierwischManfred,990,4.926576905126747e-05,5.651422418546621e-05,5.343186597218932e-05,7.086940318240741e-05,5.3676937138339165e-05,9.712701885072067e-05,4.503306988608624e-05,6.209331684590912e-05,5.4427678334851735e-05,6.616412963481674e-05,2.5460856552587224e-05,5.762409893142936e-05,2.3252369695851464e-05,0.0095221657286714,5.647870229905075e-05,9.042291430948992e-05,1.110444112565045e-05,3.888019634667544e-05,4.501670536886039e-05,7.029182311172112e-05,4.505895879308334e-05,0.4699893075189662,5.60962170131162e-05,0.2049227757089651,9.23559652242705e-05,7.237580259375918e-05,4.58109190695492e-05,5.143818967055809e-05,6.288435509647377e-05,5.033457780343404e-05,3.207277385714511e-05,0.00012890244518858927,7.46090585234498e-05,5.845503240693472e-05,5.357204160148142e-05,0.3134447258387962,6.947106383178916e-05,7.400425175270032e-05,6.036465683377679e-05,6.608337451738492e-05
456,uj0619,uj0619,0067_060060.xml,letters-leipzig,Brief,"Bierwisch, Manfred","Johnson, Uwe",1957-10-24,1957,10.0,BierwischManfred,JohnsonUwe,185,0.0002431702250337996,0.0002789477740312847,0.0002637336049481363,0.0003498033026124803,0.0002649432483124759,0.0004794079030049,0.00022227810402729688,0.00030648553998623265,0.000268648821354645,0.00032657860827709834,0.0001256718881421103,0.00028442598937091195,0.00011477104854742612,0.0003297392785997182,0.0002787724420456156,0.0004463172065368366,5.481025668327668e-05,0.00019190822100312145,0.0002221973306340664,0.0003469524331656304,0.00022240588872368133,0.6552294505619445,0.0002768845382364609,0.0002794462102510845,0.0004558585256921273,0.00035723871853926705,0.2802496350062599,0.00025389304578812973,0.0314241141843925,0.00024844574330515703,0.00015830755890939433,0.0006362477884248078,0.000368261815457044,0.0002885273823688877,0.0002644254958893645,0.0069981213264326,0.0003429012588382401,0.015922138642967,0.0002979530710478159,0.0003261800102148598
457,uj1230,uj1230,0951_101627.xml,letters-leipzig,Brief,"Johnson, Uwe","Klemm, Erika",1975-02-11,1975,2.0,JohnsonUwe,KlemmErika,883,0.0044296478630489,0.0088011517611871,7.393953231615258e-05,9.806976476470888e-05,7.427866416340503e-05,0.0001344053069908194,6.231719715480113e-05,8.592533171001067e-05,7.531754708374887e-05,9.155856177379146e-05,3.523297926459842e-05,7.974078478463096e-05,3.2176853816941314e-05,9.244467746430428e-05,7.815577385952775e-05,0.0001251281023609979,1.536643290522918e-05,5.3802791310519806e-05,6.229455177777296e-05,9.727050388312368e-05,6.235302247440606e-05,0.262204610108021,7.76264870258145e-05,7.83446694157526e-05,0.00012780307689130122,0.00010015433482285829,6.33935923693663e-05,7.118066378984779e-05,8.701997808304545e-05,6.96534750265697e-05,4.438261430572808e-05,0.00017837644892681746,0.4580579534053487,8.089063855535048e-05,7.413350870614756e-05,0.2636503764595052,9.613472926252748e-05,0.00010240779850079552,8.353319528533056e-05,9.144681206214648e-05
458,uj0571,uj0571,0734_s000070.xml,letters-leipzig,Brief,"Johnson, Uwe","Baumgärtner, Klaus + Baumgärtner, Sabine",1970-01-16,1970,1.0,JohnsonUwe,BaumgärtnerKlaus+BaumgärtnerSabine,165,0.0002879691956475304,0.0003303380013087245,0.0003123209433703573,0.0004142471623496021,0.0003137534379391345,0.0005677286690679394,0.0002632281432395836,0.0003629490181833196,0.0003181416844369049,0.0003867438093137191,0.00014882427541759984,0.3319487532524847,0.0001359151866937331,0.0003904867662912246,0.00033013036811318266,0.0005285417116844839,6.490788717296291e-05,0.00022726325162850832,0.00026313248905710684,0.0004108710805065582,0.0002633794695634737,0.2785237262350239,0.00032789465795867416,0.0003309282638594846,0.0373856105715869,0.0004230523963927256,0.0002677748418502116,0.0003006674693250249,0.0003675728097759056,0.0002942166165766985,0.00018747237823925952,0.0007534629860203703,0.0004361062657655724,0.0003416824498620557,0.0003131403005831641,0.3398993049525028,0.000406073562996656,0.0004325710379055613,0.0003528446223151911,0.0003862717779893513
459,uj0966,uj0966,0213_060187.xml,letters-leipzig,Brief,"Baumgärtner, Klaus + Baumgärtner, Sabine","Johnson, Uwe + Schmidt, Elisabeth",1960-08-23,1960,8.0,BaumgärtnerKlaus+BaumgärtnerSabine,JohnsonUwe+SchmidtElisabeth,788,5.576937760080445e-05,0.0678532519490158,6.048544388331105e-05,8.022492254836016e-05,6.076286706511214e-05,0.00010994882438330547,5.0977916865299534e-05,7.029029893073002e-05,6.161271413083478e-05,7.489850255646704e-05,2.882196199238307e-05,6.523109644079163e-05,2.632193124463325e-05,7.56233800231443e-05,6.393449519972832e-05,0.00010235970632354087,1.2570346147197096e-05,0.2640654083748748,5.095939205673573e-05,7.957109572951394e-05,5.100722338497429e-05,0.4321329364421034,6.350151776430376e-05,6.40890191899125e-05,0.1642259560018169,8.193018279715241e-05,5.185845046224552e-05,5.822858098193741e-05,0.0179104692476034,5.697928054214682e-05,3.6306723114034445e-05,0.0001459189469245581,8.445825240046145e-05,6.617172202421415e-05,6.064412419523892e-05,0.0515549635713684,7.86419874443219e-05,8.37736046658782e-05,6.83334373041573e-05,7.480708689963306e-05
460,uj0924,uj0924,1032_101716.xml,letters-leipzig,Brief,"Klemm, Erika","Johnson, Uwe",1977-10-29,1977,10.0,KlemmErika,JohnsonUwe,127,0.0005338418857374141,0.0006123858531216834,0.0005789855438850288,0.0349205756792607,0.0347342788108633,0.0010524644575296,0.0004879765283581733,0.0006728406760932937,0.0005897761264692797,0.000716951839230785,0.00027589281434698873,0.0006244124110893613,0.0002519617398721496,0.0007238905925464391,0.0006120009393936699,0.0009798190512081088,0.00012032727601204102,0.00042130423893212615,0.0004877992031097653,0.0007616793592084715,0.0004882570595098666,0.7895528254451655,0.0006078563442672315,0.0006134800912483323,0.0010007655129288,0.0007842612767945251,0.0004964052707266736,0.0005573821479184449,0.0006814123346607751,0.0005454234542531821,0.0003475392834913533,0.001396781695299,0.0008084607479445575,0.0006334163727046671,0.0005805044813484399,0.1178211849585419,0.0007527856447659059,0.0008019070861785618,0.0006541089859472359,0.0007160767800364813
461,uj0687,uj0687,0266_060239.xml,letters-leipzig,Brief + Postkarte,"Baumgärtner, Klaus + Baumgärtner, Sabine","Johnson, Uwe",1961-11-05,1961,11.0,BaumgärtnerKlaus+BaumgärtnerSabine,JohnsonUwe,179,0.0001811659899807136,0.00020782087785735208,0.0001964860608447041,0.00026060946239410946,0.00019738726590627664,0.00035716711345062306,0.0233458593590876,0.00022833698598856715,0.0002001479814031558,0.0002433066666234344,9.362771295230054e-05,0.00021190224228094943,8.550640041694625e-05,0.00024566142024477305,0.000207690252519671,0.00033251397680959414,4.0834581666989255e-05,0.00014297491742106,0.00016554082379862655,0.00025848551574080296,0.00016569620315384293,0.5692880873902046,0.0002062837317890745,0.00020819222139330403,0.0003396224232908602,0.0002661489748369156,0.00016846140159762127,0.0001891546754255453,0.0002312458866418184,0.3826593592440753,0.00011794184763888824,0.0004740155191574067,0.000274361371175673,0.0118050870292989,0.0001970015314674289,0.0052137204624131,0.0002554673213565847,0.0002721373032380377,0.00022198015022878984,0.0002430097042278952
462,uj0594,uj0594,0990_s000104.xml,letters-leipzig,Brief,"Johnson, Uwe","Baumgärtner, Klaus + Baumgärtner, Sabine",1976-05-14,1976,5.0,JohnsonUwe,BaumgärtnerKlaus+BaumgärtnerSabine,965,4.704178375413525e-05,5.39630247200419e-05,5.101981219511688e-05,6.767017349961908e-05,5.125382020969588e-05,9.274245191838471e-05,4.300015966789475e-05,5.929026258785483e-05,5.197067099071005e-05,6.317730827103664e-05,2.431148708742326e-05,5.502279682548579e-05,2.2202697087001243e-05,6.378874649220095e-05,5.392910638421818e-05,8.634098814004593e-05,1.0603157693525044e-05,0.2438072079176007,4.298453388765415e-05,6.71186668996176e-05,4.302487988211329e-05,0.2260692319709318,5.356388748158929e-05,5.405944823926097e-05,8.818677609525296e-05,6.910857011294351e-05,4.374289471063237e-05,4.911613564112898e-05,0.006079059983277,4.806234369184018e-05,3.062492520137137e-05,0.00012308345264296414,7.124101104577095e-05,5.581621979688239e-05,5.115365993093313e-05,0.5189890387763106,6.633495883407253e-05,0.003080170702814,5.763963879691133e-05,6.310019865021016e-05
463,uj1114,uj1114,0455_101414.xml,letters-leipzig,Brief,"Bierwisch, Manfred","Johnson, Uwe",1964-05-25,1964,5.0,BierwischManfred,JohnsonUwe,601,6.907829661286652e-05,7.924176190301921e-05,7.491981465599115e-05,9.936996312219788e-05,0.0044945608024302,0.0001361872380457836,6.31433918293615e-05,8.706452048469668e-05,7.631609899465983e-05,9.277243530472072e-05,3.57000943013193e-05,8.079797950362115e-05,3.2603451072296464e-05,9.367029902142808e-05,0.1901089784240778,0.0001267870372381827,1.5570159414329907e-05,5.451610291127766e-05,6.312044622236859e-05,9.856010572610144e-05,6.317969211718745e-05,0.5617738136350063,7.865565061329487e-05,7.938335458785201e-05,0.00012949747629212354,0.00010148217018520988,6.423405777551599e-05,7.212436934850373e-05,8.81736795612101e-05,7.057693328141744e-05,4.497103421638887e-05,0.00018074134463617097,0.00010461354351997044,8.19630779115398e-05,7.51163627640306e-05,0.0240844699108159,0.0045167066328817,0.00010376551004139372,8.464066937345928e-05,0.2122189324721983
464,uj0712,uj0712,0024_060025.xml,letters-leipzig,Brief,"Bierwisch, Manfred","Johnson, Uwe",1956-02-20,1956,2.0,BierwischManfred,JohnsonUwe,274,0.0430490725243212,0.0001922254530325626,0.00018174123047628508,0.0002410526434580165,0.00018257480674168283,0.0003303643546270866,0.0001531738670231304,0.0002112019784935648,0.0001851283508925543,0.00022504829495347925,8.660164332003374e-05,0.00019600054114404436,7.908977542002871e-05,0.00022722634167481287,0.00019210463016350272,0.0003075612541477004,3.7770247345986255e-05,0.00013224570388169115,0.0001531182053417973,0.00023908808334327636,0.00015326192462186347,0.5372875886578582,0.000190803658444847,0.00019256892997369108,0.0003141362641241138,0.00024617645632935285,0.00015581961530751766,0.00017496001148575873,0.0216546434407624,0.1073749604915314,0.00010909118144253246,0.00043844414889364965,0.0002537725728647868,0.0001988268484334226,0.000182218018828831,0.2728318548418937,0.0002362963821974226,0.0002517154048300111,0.0109256976029774,0.0002247736173965144
465,uj1069,uj1069,0522_101476.xml,letters-leipzig,Brief,"Bierwisch, Manfred","Johnson, Uwe",1964-12-29,1964,12.0,BierwischManfred,JohnsonUwe,561,7.577581367939728e-05,8.692468228106147e-05,8.21836987105143e-05,0.00010900442222939438,8.256064333924908e-05,0.0001493913324687696,6.926548755482294e-05,0.0243343674343285,8.371536042017367e-05,0.00010176722815896804,3.916141287146059e-05,8.863178365341705e-05,3.576453321663866e-05,0.00010275214465289958,8.687004597073091e-05,0.00013907973099808407,1.7079771166780905e-05,5.980173599072771e-05,6.924031724626713e-05,0.00010811604474815152,6.930530735324999e-05,0.5968497551369146,8.628174430975558e-05,8.708000314782204e-05,0.00014205296187972871,0.00011132141927053584,7.046189950437401e-05,7.911721975608599e-05,9.672259800066716e-05,0.2618571243230434,4.933122090211127e-05,0.00019826520234089327,0.00011475639630399172,8.990984469726974e-05,8.239930322805624e-05,0.0652017688910763,0.0001068536326622458,0.00011382614136115992,0.0485705701120688,0.00010164301849270252
466,uj0227,uj0227,0630_s000198.xml,letters-leipzig,Brief,"Johnson, Uwe","Bierwisch, Manfred",1968-10-09,1968,10.0,JohnsonUwe,BierwischManfred,705,5.479192884937539e-05,6.285344591546673e-05,5.942533842496141e-05,7.881885072629886e-05,0.0105756705726234,0.00010802179299551024,5.0084446230803465e-05,6.905834749280638e-05,6.0532851433954485e-05,7.358578487954124e-05,2.8316810384544712e-05,6.408781572808953e-05,2.5860596728504503e-05,7.429795769350005e-05,6.281393952572487e-05,0.0001005656865326306,1.2350030452900523e-05,4.324140255802986e-05,5.006624609954072e-05,7.817648328238608e-05,5.0113239106211474e-05,0.235271598071129,6.238855072176546e-05,0.0175895868774119,0.00010271556849376797,8.049422352479582e-05,5.094954704901042e-05,0.6204995957558594,6.993811680072013e-05,5.598062628027024e-05,3.5670388933826886e-05,0.0001433614808272639,8.297798460999715e-05,6.501195532329357e-05,5.958123760718257e-05,0.1032312426244238,7.726365912609007e-05,0.0105982780097445,6.713578303855113e-05,7.349597143028924e-05
467,uj1124,uj1124,0466_101425.xml,letters-leipzig,Brief,"Johnson, Uwe","Bierwisch, Manfred",1964-06-17,1964,6.0,JohnsonUwe,BierwischManfred,957,4.607122203445198e-05,5.284966459863728e-05,4.996717616156815e-05,6.627400875581764e-05,5.0196356144492646e-05,9.082899825149148e-05,4.211298436153197e-05,5.806699138881825e-05,5.089841692667485e-05,6.187383990595563e-05,2.3809894740522665e-05,5.388757158428664e-05,2.174461309981672e-05,6.247266299044666e-05,5.281644606277263e-05,8.455960888014513e-05,1.0384394327346442e-05,3.635908244458206e-05,4.209768097094013e-05,6.573388078883977e-05,4.213719455058335e-05,0.3923550812550845,5.2458762322671776e-05,5.294409871675029e-05,8.636731470944173e-05,0.5070231182196956,4.2840395363750287e-05,4.810277608569205e-05,5.8806736237652006e-05,4.707072587417059e-05,2.9993074584822387e-05,0.00012054400626299546,6.977117311288264e-05,5.466462472652074e-05,5.009826236331231e-05,0.098590575215545,6.496634211542066e-05,6.920558391048648e-05,5.645042311484794e-05,6.179832120367478e-05
468,uj0941,uj0941,0216_060188.xml,letters-leipzig,Brief,"Baumgärtner, Klaus","Johnson, Uwe",1960-08-23,1960,8.0,BaumgärtnerKlaus,JohnsonUwe,394,9.514870183455504e-05,0.00010914789660216993,0.00010319483044223286,0.00013687255557867452,0.00010366814495178558,0.00018758480654365573,8.697394198448351e-05,0.00011992299327230258,0.00010511807766647754,0.00012778509630520144,4.917344223437375e-05,0.00011129143649428966,4.490811437115879e-05,0.00012902181711706268,0.00010907929194128198,0.0001746369351038037,2.1446395297399764e-05,7.509068224651215e-05,8.694233662034988e-05,0.00013575705499907083,8.70239421355037e-05,0.3416012172587579,0.0001083405847389318,0.0001093429268911565,0.00017837030390456415,0.00013978191741742513,8.84762293019219e-05,9.934437371271089e-05,0.00012145075309605322,0.0487944654582695,6.194326924167038e-05,0.0002489537981276802,0.00014409508265703116,0.0001128962473604904,0.00010346555653486944,0.0696969775351894,0.0123084850260954,0.5236383916820705,0.0001165843717662314,0.00012762913112414158
469,uj0061,uj0061,0007_s000152.xml,letters-leipzig,Brief,"Johnson, Uwe","Bierwisch, Manfred",1955-07-02,1955,7.0,JohnsonUwe,BierwischManfred,503,9.573143406198684e-05,0.00010981636601562623,0.0001038268406771976,0.0001377108229186255,0.0001043030539716324,0.00018873365786839177,8.750660841044556e-05,0.00012065745408619122,0.00010576186670785034,0.00012856770807358894,4.947460188207498e-05,0.000111973033882714,4.5183151287193335e-05,0.0001298120031041154,0.00010974734118981668,0.00017570648800597415,2.1577742393692965e-05,7.555057039717729e-05,8.747480948125129e-05,0.00013658849052602888,8.75569147842393e-05,0.5090531306499542,0.00010900410982176431,0.00011001259075532552,0.00017946272158865116,0.00014063800296058867,8.901809639187467e-05,9.995280206811908e-05,0.00012219457057869204,9.780830399730508e-05,6.232263689003167e-05,0.0002504784999734584,0.00014497758390885805,0.00011358767331191812,0.00010409922481472542,0.2048614456834337,0.2757346573983118,0.00014380234559208688,0.00011729838540312998,0.0062528477605178
470,uj1167,uj1167,0421_101382.xml,letters-leipzig,Brief,"Bierwisch, Manfred","Johnson, Uwe",1964-02-04,1964,2.0,BierwischManfred,JohnsonUwe,1863,2.621427931991679e-05,3.007117694244324e-05,2.843105641407404e-05,3.770955708265011e-05,2.8561458600550093e-05,5.168121498345129e-05,2.396206322078772e-05,3.303980802583004e-05,2.896092743664741e-05,3.520588450372821e-05,1.3547702963883476e-05,3.066174047491389e-05,1.237256873880744e-05,3.5546611641122646e-05,0.4796702360252515,4.811396590933531e-05,5.908664920189306e-06,2.0688123755549837e-05,2.3953355673260195e-05,3.74022271536921e-05,2.3975838689076928e-05,0.5184111360801651,2.9848755634814638e-05,3.0124909451376768e-05,4.914254087315951e-05,3.8511111096664174e-05,2.4375956196716864e-05,2.7370222726690136e-05,3.346071889462134e-05,2.678299166742343e-05,1.7065899277463863e-05,6.858889586555656e-05,3.9699424927162766e-05,3.1103879563425826e-05,2.850564376287365e-05,0.0007544127046815618,3.696550174712917e-05,3.937760769121329e-05,3.2119989310322915e-05,3.516291476539595e-05
471,uj0225,uj0225,0629_s000197.xml,letters-leipzig,Brief + Umschlag,"Johnson, Uwe","Bierwisch, Manfred",1968-09-26,1968,9.0,JohnsonUwe,BierwischManfred,461,9.457302104850454e-05,0.00010848751610616533,0.3691725343455626,0.00013604443182222765,0.00010304091874666074,0.0001864498570719335,8.644772117093422e-05,0.00011919741991500578,0.00010448207889389964,0.00012701195465147263,4.887592681553476e-05,0.0001106180868804071,4.46364055818346e-05,0.0001282411928976722,0.00010841932652592848,0.00017358032449182897,2.1316637586945395e-05,7.46363590434914e-05,8.641630702959728e-05,0.00013493568038620789,8.649741880467685e-05,0.2729808180527245,0.00010768508874391416,0.00010868136639807468,0.00017729110518950025,0.00013893619106968754,8.794091915843849e-05,9.874330773865196e-05,0.00012071593629182255,9.662475949818322e-05,6.156849219017062e-05,0.00024744754617223464,0.00014322326024799554,0.00011221318811565016,0.0001028395560559694,0.3536406700149721,0.00013336011004291365,0.0001420622430841135,0.0001158789981616993,0.00012685693311080193
472,uj0060,uj0060,0008_060003.xml,letters-leipzig,Brief,"Bierwisch, Manfred","Johnson, Uwe",1955-07-09,1955,7.0,BierwischManfred,JohnsonUwe,579,8.391148958852962e-05,9.625735730234324e-05,9.100735767578006e-05,0.00012070769018337072,9.142477299280132e-05,0.00016543074406442237,7.67021818121529e-05,0.0001057598980056666,9.27034663595747e-05,0.00011269347422971394,0.0054116197244681,9.814774174135492e-05,3.960439500318496e-05,0.00011378413635675856,9.619685496046336e-05,0.00015401203672979228,1.8913542076889297e-05,6.622235385281393e-05,7.667430909153445e-05,0.00011972393198734012,7.674627686621943e-05,0.7038766037327603,9.55453902476104e-05,9.642935420559268e-05,0.00015730448876765475,0.00012327345178531125,0.0108145345337636,0.0752431640559826,0.00010710722697676842,8.573192873332863e-05,5.46276711277657e-05,0.0002195519606346233,0.00012707722538514576,9.956302190487111e-05,9.12461105884905e-05,0.0024148630233845,0.1987437144930864,0.0001260470935507273,0.0001028155729823588,0.00011255592878333008
473,uj0795,uj0795,0554_100932.xml,letters-leipzig,Brief,"Zeibig, Brigitte","Johnson, Uwe",1965-06-13,1965,6.0,ZeibigBrigitte,JohnsonUwe,563,8.767686276252603e-05,0.00010057672849648276,9.509114482947066e-05,0.00012612422492420632,9.552729088819172e-05,0.00017285414327839117,8.014405060984322e-05,0.0001105056781698358,9.686336325901596e-05,0.00011775038582584686,4.531194922491766e-05,0.00010255194044707952,4.138156910947965e-05,0.00011888998940221156,0.00010051351122371324,0.4208467394821684,1.976225235853e-05,6.919395971917396e-05,8.011492715234695e-05,0.00012509632239538892,8.019012434805066e-05,0.4606137000550335,9.983281323463542e-05,0.00010075644344321682,0.00016436323727825103,0.0281745262163166,8.152836628017109e-05,9.154305683942791e-05,0.00011191346604101452,8.957899075296861e-05,5.70789870134809e-05,0.00022940394952107647,0.00013277958125842933,0.00010403072869497756,9.534061133834226e-05,0.0866603888310535,0.000123635640868774,0.00013170322415981858,0.00010742923199705666,0.00011760666828149932
474,uj0607,uj0607,0981_101665.xml,letters-leipzig,Brief,"Johnson, Uwe","Klemm, Erika",1976-03-03,1976,3.0,JohnsonUwe,KlemmErika,539,9.573143406198684e-05,0.00010981636601562623,0.0001038268406771976,0.0001377108229186255,0.0552242358093899,0.0308109185219896,8.750660841044556e-05,0.00012065745408619122,0.00010576186670785034,0.00012856770807358894,4.947460188207498e-05,0.000111973033882714,4.5183151287193335e-05,0.0001298120031041154,0.00010974734118981668,0.00017570648800597415,2.1577742393692965e-05,7.555057039717729e-05,8.747480948125129e-05,0.00013658849052602888,8.75569147842393e-05,0.3804399542206448,0.00010900410982176431,0.00011001259075532552,0.00017946272158865116,0.00014063800296058867,8.901809639187467e-05,9.995280206811908e-05,0.00012219457057869204,9.780830399730508e-05,6.232263689003167e-05,0.0002504784999734584,0.2696202043881762,0.00011358767331191812,0.00010409922481472542,0.2171103196290822,0.0246327415125172,0.00014380234559208688,0.0184906093038759,0.00012841078769360769
475,uj0904,uj0904,0403_101367.xml,letters-leipzig,Brief,"Bierwisch, Manfred","Johnson, Uwe",1963-10-02,1963,10.0,BierwischManfred,JohnsonUwe,348,0.00011816617387218686,0.00013555192114025755,0.1891207533127007,0.00016998346681558642,0.00012874655991292698,0.00023296354483491328,0.00010801385360735996,0.00014893362706018122,0.0984066964214757,0.00015869765553428467,6.106901526690827e-05,0.0001382140058845625,5.577185971787167e-05,0.1437946054230854,0.00013546672029010804,0.00021688344706861216,2.6634503958348644e-05,9.3255908314453e-05,0.00010797460257312092,0.00016859811490954385,0.00010807594932096582,0.5149545911079022,0.00013454931204353703,0.0001357941313080726,0.0002215199570612208,0.00017359663389266005,0.00010987956003252044,0.00012337682292052474,0.00015083096805892826,0.0001207297599741962,7.692799777920518e-05,0.0003091783411490864,0.00017895319918273593,0.00014020703738358589,0.0001284949632265168,0.0336394832072708,0.00016662948667847484,0.00017750254280595048,0.00014478735788600152,0.0152779115260995
476,uj1224,uj1224,0965_s000102.xml,letters-leipzig,Brief,"Johnson, Uwe","Baumgärtner, Klaus + Baumgärtner, Sabine",1975-11-10,1975,11.0,JohnsonUwe,BaumgärtnerKlaus+BaumgärtnerSabine,1027,4.462442808048701e-05,5.119000436316085e-05,4.8398035922283865e-05,0.0029190491783458,4.862001886985694e-05,0.0029428330571833,4.079049260925929e-05,5.624348924677707e-05,4.930003254214878e-05,5.993078969952544e-05,2.306218260626735e-05,5.2195317519402085e-05,2.106175787317227e-05,6.051080769094799e-05,5.1157829002943086e-05,8.190414793348409e-05,1.0058288826668426e-05,3.5217282893157134e-05,4.0775669797475786e-05,6.366961209579686e-05,4.081394251556588e-05,0.3486303692900782,5.081137775570346e-05,5.128147292696251e-05,0.1599556134939411,6.555725932648646e-05,4.1495060417970176e-05,0.0514340073870615,0.0571540880065501,4.559254408093389e-05,2.905118945449761e-05,0.00011675851215742129,6.758011963170351e-05,5.2947968535136186e-05,4.8525005568925794e-05,0.37527042114898,6.292617676201365e-05,6.703229186480483e-05,5.467768674592219e-05,5.9857642542800494e-05
477,uj0421,uj0421,0090_110113.xml,letters-leipzig,Brief,"Bierwisch, Manfred","Johnson, Uwe",1958-03-02,1958,3.0,BierwischManfred,JohnsonUwe,1140,3.8663912504760805e-05,4.435252024397429e-05,4.193347694958361e-05,5.5618504626565295e-05,4.212580948204843e-05,7.622555439629139e-05,3.5342078433496454e-05,4.8731007673143294e-05,4.2714993260048027e-05,5.1925792866282105e-05,1.99817510008031e-05,4.522355302993379e-05,1.8248524376290503e-05,5.2428337455337694e-05,4.432464256876857e-05,7.096415451567293e-05,8.714796264514434e-06,3.05132861754668e-05,3.532923551488608e-05,5.516521818148272e-05,3.536239611967604e-05,0.588993197701765,4.402446705310083e-05,4.443177128874701e-05,7.248121824725799e-05,5.680073107221599e-05,0.4056950801038577,0.0025139000998996,4.9351816691184266e-05,3.9502716584629886e-05,2.51708020818105e-05,0.00010116299731838084,5.855339653403881e-05,4.58756719314125e-05,4.204348717312462e-05,0.0011126968798309,5.452108401697315e-05,5.807874249905946e-05,4.73743504901404e-05,5.186241602563142e-05
478,uj1037,uj1037,0671_101120.xml,letters-leipzig,Brief,"Bierwisch, Manfred","Johnson, Uwe",1969-06-15,1969,6.0,BierwischManfred,JohnsonUwe,333,0.00012577260284400802,0.3139510127128045,0.00013640840257950952,0.00018092540666476184,0.00013703405481314474,0.0002479595508723697,0.00011496677150690832,0.00015852057583432284,0.00013895065281142933,0.00016891312080035775,6.50000651755669e-05,0.00014711092607941402,5.936192848009818e-05,0.0001705478839920785,0.00014418679602892998,0.0002308443673661207,2.8348983287923967e-05,9.92588482383927e-05,0.00011492499385955971,0.00017945087880819993,0.0001150328643596236,0.6366121254609987,0.00014321033365174749,0.00014453528269461273,0.00023577933234614443,0.00018477115551912828,0.00011695257459713136,0.00013131866456235532,0.00016054004983500584,0.0001285012085532289,8.187990010351042e-05,0.0003290803402958114,0.0001904725261970469,0.0001492322502364727,0.0162294193514885,0.0036195711630453,0.0001773555287723973,0.0001889284901809708,0.0242930870419663,0.0001687069577482433
479,uj0778,uj0778,1137_101874.xml,letters-leipzig,Brief + Postkarte,"Klemm, Ine","Johnson, Uwe",0000-00-00,0,0.0,KlemmIne,JohnsonUwe,120,0.0003979361829530993,0.0004564843924696954,0.0004315871486936138,0.0005724360003641492,0.0004335666709113234,0.0007845275916194218,0.0003637472484897358,0.000501548599938536,0.00043963066000312,0.0005344299237041068,0.00020565589995579915,0.0004654492240042445,0.00018781720897835852,0.0005396022061395146,0.0004561974702483707,0.3316849498016488,8.969430500050365e-05,0.00031404841991936825,0.0003636150667812975,0.0005677706919135798,0.00036395636189707006,0.6394642070522378,0.00045310800797767855,0.00045730005897132056,0.0007459901871429299,0.0005846036949581849,0.0003700301979075825,0.0004154835548029026,0.0005079380818863773,0.0004065693106467203,0.0002590625793773522,0.0010411883950961,0.0006026424540668402,0.0004721609530992773,0.000432719394387485,0.0114520833629866,0.0005611411432174135,0.0005977572264044893,0.00048758563173366014,0.000533777637465536
480,uj1197,uj1197,1081_101778.xml,letters-leipzig,Brief,"Johnson, Uwe","Bierwisch, Manfred",1980-09-13,1980,9.0,JohnsonUwe,BierwischManfred,500,8.302014319948463e-05,9.52348674350893e-05,9.004063571626522e-05,0.00011942547764844254,9.045361705603995e-05,0.00016367346270662595,0.0425657249062343,0.00010463646778585552,0.0160254077863915,0.0266676448237733,4.290532752625216e-05,9.710517134219904e-05,3.918369892628889e-05,0.00011257546899106732,9.517500777687796e-05,0.00015237605012674514,1.8712633744586374e-05,6.551890958945724e-05,7.585983935829067e-05,0.0001184521693838817,7.593104265821292e-05,0.3352360844393407,9.453046322146996e-05,9.540503730822176e-05,0.0001556335282265993,0.00012196398455200676,7.719820748756035e-05,8.668099482884493e-05,0.058529496033879,8.48212448034278e-05,5.4047390910593554e-05,0.00021721977885261656,0.0160594164115584,9.850541774967752e-05,0.0797587221466713,0.4219763564550718,0.00011706906800813034,0.00012470816342045567,0.0001017234187354874,0.0001113603080026886
481,uj0896,uj0896,0383_101349.xml,letters-leipzig,Brief,"Johnson, Uwe","Klemm, Eberhardt",1963-08-05,1963,8.0,JohnsonUwe,KlemmEberhardt,243,0.000160680592873387,0.0001843214715363628,0.00017426834226029104,0.00023114097149447337,0.0001750676432969226,0.00031678033802167804,0.030985591453966,0.000202517714762418,0.0001775161900845427,0.00021579469439745764,8.304073202788506e-05,0.0001879413344884863,7.583773927394864e-05,0.3291641854138317,0.0001842056166968031,0.0002949148619900518,3.621719944613817e-05,0.00012680798697197604,0.00014682224691038248,0.00022925719072788985,0.00014696005669973151,0.2890446601841488,0.00018295813870766717,0.0001846508252937805,0.00030121951881410667,0.0002360541019536415,0.00014941257952372388,0.0001677659553837081,0.0002050976906266735,0.00016416651884741727,0.00010460553884985096,0.000420416076204517,0.0002433378791833702,0.00019065142886138864,0.0001747255258921474,0.3438500516768517,0.00022658027955314364,0.00024136529837585785,0.0001968796800585064,0.0002155313111113264
482,uj1011,uj1011,0656_101104.xml,letters-leipzig,Brief,"Doherty, Monika","Johnson, Uwe",1969-02-18,1969,2.0,DohertyMonika,JohnsonUwe,134,0.00033060394451601776,0.0003792455856628301,0.0215090122111477,0.0004755777629943876,0.0003602056253096633,0.0006517826915015703,0.0003021999011628659,0.00041668476657652655,0.0003652435655602143,0.0004440024516815455,0.0001708581794040882,0.0003866935353447338,0.000156037859325682,0.0004482995652604287,0.00037900721171694936,0.0006067939813188026,7.451770485843006e-05,0.0002609102937658794,0.00030209008507658226,0.0004717018415722736,0.00030237363182692074,0.573565457515705,0.0638277939948686,0.000379923238448374,0.0006197659549565574,0.0004856866397459358,0.0003074197528620002,0.0003451822377146486,0.0004219931251170697,0.0003377763158441057,0.00021522825590539717,0.0008650155606575477,0.0005006731757056441,0.0003922696156520687,0.0003595017110317555,0.3267711170099436,0.00046619403644370126,0.0004966145461961423,0.0004050843829888201,0.00044346053462885455
483,uj0358,uj0358,0866_s000095.xml,letters-leipzig,Brief,"Johnson, Uwe","Baumgärtner, Klaus + Baumgärtner, Sabine",1973-03-23,1973,3.0,JohnsonUwe,BaumgärtnerKlaus+BaumgärtnerSabine,103,0.0003979361829530993,0.0004564843924696954,0.0004315871486936138,0.0005724360003641492,0.0004335666709113234,0.0007845275916194218,0.0003637472484897358,0.000501548599938536,0.00043963066000312,0.0005344299237041068,0.00020565589995579915,0.0004654492240042445,0.00018781720897835852,0.0005396022061395146,0.0004561974702483707,0.0007303762848879728,8.969430500050365e-05,0.00031404841991936825,0.0003636150667812975,0.0005677706919135798,0.00036395636189707006,0.1812194129521074,0.00045310800797767855,0.00045730005897132056,0.0007459901871429299,0.0005846036949581849,0.0003700301979075825,0.0004154835548029026,0.0005079380818863773,0.0004065693106467203,0.0002590625793773522,0.0010411883950961,0.0006026424540668402,0.0004721609530992773,0.000432719394387485,0.6479031862798343,0.1533094058432608,0.0005977572264044893,0.00048758563173366014,0.000533777637465536
484,uj0735,uj0735,0776_101225.xml,letters-leipzig,Brief,"Bierwisch, Manfred","Johnson, Uwe",1971-01-23,1971,1.0,BierwischManfred,JohnsonUwe,355,0.00014046562229190203,0.0001611322795000871,0.00015234391847594606,0.1170241603887646,0.00015304266071669372,0.0002769267060466761,0.0001283974310576824,0.0001770392822215464,0.0001551831597158785,0.00018864590610338816,7.259350921777614e-05,0.0001642967332345969,6.629671355967824e-05,0.00019047164576236424,0.0720515533979277,0.00025781209088023086,3.166077101719678e-05,0.00011085447522363598,0.0001283507728578836,0.00020041470711936832,0.00012847124501617397,0.8008456431374108,0.00015994046541259116,0.00016142019778357463,0.000263323568827201,0.00020635650972237668,0.00013061521983290014,0.00014665958658079535,0.00017929467541365578,0.00014351298944713468,9.144528189102596e-05,0.000367524196354693,0.0002127239264894758,0.00016666587493212271,0.00015274358456008217,0.004042417063417,0.0001980745738944607,0.00021099951294523017,0.00017211055972291632,0.00018841565865081088
485,uj1225,uj1225,0958_101637.xml,letters-leipzig,Brief,"Klemm, Erika","Johnson, Uwe",1975-10-01,1975,10.0,KlemmErika,JohnsonUwe,571,9.457302104850454e-05,0.00010848751610616533,0.0001025704679447956,0.00013604443182222765,0.00010304091874666074,0.0001864498570719335,8.644772117093422e-05,0.00011919741991500578,0.00010448207889389964,0.00012701195465147263,4.887592681553476e-05,0.0001106180868804071,4.46364055818346e-05,0.0001282411928976722,0.00010841932652592848,0.00017358032449182897,2.1316637586945395e-05,7.46363590434914e-05,8.641630702959728e-05,0.00013493568038620789,8.649741880467685e-05,0.6965037274204827,0.00010768508874391416,0.00010868136639807468,0.00017729110518950025,0.00013893619106968754,8.794091915843849e-05,9.874330773865196e-05,0.00012071593629182255,9.662475949818322e-05,6.156849219017062e-05,0.0062977748228544,0.00014322326024799554,0.00011221318811565016,0.2481662579000286,0.0087720152440833,0.00013336011004291365,0.0364440259031776,0.0001158789981616993,0.00012685693311080193
486,uj0962,uj0962,0207_060179.xml,letters-leipzig,Brief,"Bierwisch, Manfred","Johnson, Uwe",1960-08-08,1960,8.0,BierwischManfred,JohnsonUwe,737,0.1148790371883993,6.86268724370909e-05,6.488387486512083e-05,8.605878541180784e-05,0.0574747876352673,0.00011794417474419665,5.468497156363372e-05,7.540172754377023e-05,6.60931188911812e-05,0.1340360927488029,3.091786147571016e-05,6.997462574539783e-05,2.823603140583593e-05,8.11226240773778e-05,0.0038958908147286,0.1340655508993012,1.3484447067950366e-05,4.721335758332027e-05,5.46650996525823e-05,8.535741306874757e-05,5.4716409219261697e-05,0.505657517770915,6.811927412342546e-05,6.874949796795602e-05,0.00011215054502827958,8.788805019836635e-05,5.562953653746441e-05,6.24628955239927e-05,7.636230838685505e-05,6.112274741231325e-05,3.894690570244098e-05,0.00015653000267251997,0.0115725211907427,7.098365252492284e-05,6.505409422438599e-05,0.0361674450458281,8.436074111195666e-05,8.986552355682893e-05,7.330256522048711e-05,8.024697106933604e-05
487,uj0171,uj0171,0154_s000004.xml,letters-leipzig,Brief,"Johnson, Uwe","Baumgärtner, Klaus",1959-01-27,1959,1.0,JohnsonUwe,BaumgärtnerKlaus,338,0.00013327947403210275,0.00015288883579454637,0.00014455008275454878,0.00019172413144086063,0.0001452130777052801,0.0002627592796381434,0.00012182868519159118,0.00016798204452100318,0.00014724406988772838,0.00017899487955508466,6.887966300098464e-05,0.00015589139772003967,6.290500813735614e-05,0.0001807272153216412,0.00015279273786632458,0.00024462255825292273,0.4093058847511146,0.00010518321786385409,0.00012178441400105356,0.00019016159482537848,0.00012189872286631516,0.4443913332267702,0.00015175799429657889,0.000153162024328234,0.00024985207185152555,0.0001957994178941849,0.00012393301304528526,0.0001391565583259508,0.0001701220529691575,0.00013617093946688427,0.0256665072218217,0.0003487218494104709,0.0002018410809275682,0.00015813933535916954,0.00014492930212946058,0.1146811501164799,0.0001879411816004786,0.00020020488748435483,0.00016330547290476454,0.00017877641144255986
488,uj0201,uj0201,0613_101058.xml,letters-leipzig,Brief,"Johnson, Uwe","Klemm, Erika",1968-03-20,1968,3.0,JohnsonUwe,KlemmErika,349,0.00012280813966191877,0.00014087685771090516,0.00013319325334962438,0.000176660990610437,0.00013380415894552242,0.00024211513847581455,0.00011225700202142984,0.00015478424216515903,0.00013567558268429177,0.00016493183460398713,6.346801212355717e-05,0.00014364351812104996,5.7962766441483744e-05,0.00016652806638915585,0.00014078830988404744,0.0002254033602439392,2.768079709072055e-05,9.691931487066676e-05,0.00011221620907420352,0.2437321288606038,0.00011232153706406534,0.1030666497710913,0.00013983486274786656,0.00014112858271089326,0.0002302220079842989,0.000180416095074622,0.00011419599968650678,0.00012822348057622875,0.00015675611711655116,0.0001254724320709414,7.99499889486061e-05,0.00032132390900078386,0.00018598308431270428,0.00014571484261825685,0.00013354267869283555,0.4906480730727108,0.00017317525482324616,0.00018447544126153453,0.00015047509355576653,0.1572982193328804
489,uj0685,uj0685,0253_060222.xml,letters-leipzig,Brief,"Bierwisch, Manfred","Johnson, Uwe",1961-07-20,1961,7.0,BierwischManfred,JohnsonUwe,1188,0.0712543847448516,4.119380141564e-05,3.8947038694225e-05,5.165743957769475e-05,3.912567359714688e-05,7.079688670058143e-05,3.2825069524729444e-05,0.2872165282709825,3.967289660532598e-05,4.822771711544142e-05,1.855868117834133e-05,0.029907814652954,1.6948892309845815e-05,4.869447124553785e-05,4.1167909145932725e-05,6.591019569275951e-05,8.094141769698912e-06,2.8340176484594296e-05,3.281314125918956e-05,5.123643550170496e-05,3.2843940216295625e-05,0.5309644097218962,4.088911167254824e-05,4.126740832190803e-05,6.73192164597874e-05,5.275546965947052e-05,3.3392051824437463e-05,3.749382745687451e-05,4.58370555967203e-05,3.668939337413711e-05,2.337817595768641e-05,9.39583229818934e-05,5.438331296093859e-05,4.260847656359285e-05,3.904921415747513e-05,0.0768466670077524,5.063817558971176e-05,0.0023513126055528,4.400042152172638e-05,4.816885387669526e-05
490,uj0601,uj0601,0992_101676.xml,letters-leipzig,Brief,"Bierwisch, Manfred","Johnson, Uwe",1976-06-24,1976,6.0,BierwischManfred,JohnsonUwe,156,0.0003377474555816545,0.0003874401189789474,0.0003663086383632257,0.0437007711199767,0.0867978234137222,0.0006658660590667941,0.0003087296730358287,0.0004256882654466904,0.0003731355508057369,0.0004535962163034412,0.00017454999045315,0.0003950489999257423,0.00015940944092124662,0.0004579861795863592,0.0003871965943778842,0.0006199052571883578,7.612784308597397e-05,0.0002665479021537152,0.0003086174841029999,0.0004818941196162807,0.000308907157578026,0.7372109600861261,0.0003845744201053709,0.00038813241411904414,0.0006331575222102946,0.0004961810937384195,0.0003140623124647898,0.0003526407486479819,0.0004311113241249776,0.0003450748036267446,0.00021987879154842667,0.0008837063486290922,0.0005114914506544097,0.00040074556515783095,0.0003672696293928936,0.1177572237630405,0.0004762673048160575,0.0005073451244755445,0.0004138372270501137,0.0004530425898004344
491,uj0007,uj0007,0588_101040.xml,letters-leipzig,Brief,"Johnson, Uwe","Bierwisch, Manfred",1967-02-20,1967,2.0,JohnsonUwe,BierwischManfred,1042,4.5534387034248e-05,5.22338452551787e-05,4.938494439430942e-05,6.550176513099381e-05,4.961145390680255e-05,8.977063289581662e-05,4.162227187399675e-05,5.739037826770871e-05,5.030533407680424e-05,6.115286830173604e-05,2.353245506596124e-05,5.325965825303595e-05,2.1491238675123862e-05,6.174471372910212e-05,5.220101379115456e-05,8.357429623494383e-05,1.026339240717444e-05,3.593541606089121e-05,4.160714680287048e-05,6.496793088891531e-05,4.164619995903024e-05,0.3848701769059283,5.184749788386151e-05,5.232717900005268e-05,8.536093816108385e-05,6.689407007508744e-05,4.2341206876050965e-05,4.754226883909754e-05,5.812150339888492e-05,4.652224437056805e-05,2.964358673774898e-05,0.00011913939317115272,6.89581795329798e-05,5.402765695075243e-05,4.951450314229757e-05,0.3334005369433939,6.420933579471347e-05,6.839918073704945e-05,5.579264670766445e-05,0.2797159134162928
492,uj0042,uj0042,0010_060004.xml,letters-leipzig,Brief,"Bierwisch, Manfred","Johnson, Uwe",1955-07-17,1955,7.0,BierwischManfred,JohnsonUwe,660,8.00442108763364e-05,9.182108724430088e-05,8.68130474720364e-05,0.00011514456309632668,8.721122512115814e-05,0.000157806439002031,7.316716275391106e-05,0.0001008856787042737,8.843098658646017e-05,0.00010749970307836444,4.136734715064823e-05,9.362434841169978e-05,3.777912370295952e-05,0.00010854009921148148,9.176337330982426e-05,0.00014691399242158987,1.804186241770561e-05,6.317032485675947e-05,7.314057461994014e-05,0.00011420614394919284,7.320922557300309e-05,0.5587780596779555,9.114193303853608e-05,9.198515722400548e-05,0.00015005470326477952,0.00011759207491778534,7.443096772986307e-05,8.357383595905143e-05,0.0001021709125239986,8.178075035988464e-05,5.211001316834868e-05,0.0002094333388851337,0.00012122054174210228,9.49744017168323e-05,8.704079683730266e-05,0.0125452554783562,0.425142911463245,0.0001202378862060255,9.807705053893196e-05,0.00010736849677074892
493,uj0637,uj0637,0047_060046.xml,letters-leipzig,Brief + Postkarte,"Baumgärtner, Klaus","Johnson, Uwe",1957-07-08,1957,7.0,BaumgärtnerKlaus,JohnsonUwe,156,0.0002470129717687747,0.00028335590273099824,0.00026790130865929915,0.00035533114015431254,0.0002691300676579157,0.4113572501167064,0.0002257906987883892,0.0003113288398101954,0.0002728941987686437,0.0003317394328825578,0.00012765784360918746,0.0002889206886781369,0.00011658474128885444,0.0003349500503381413,0.0002831778000261124,0.0004533702245942253,5.5676406866275175e-05,0.0001949408895363357,0.00022570864895725165,0.0003524352192655881,0.00022592050282832087,0.3969379033380158,0.00028126006223462053,0.00028386221559011923,0.0636738725182566,0.00036288405574731817,0.00022969074626750504,0.00025790524206997144,0.0003152950157741068,0.0002523718574861661,0.00016080924617409298,0.0006463022229727248,0.0003740813473868552,0.00029308689476969607,0.000268604133347268,0.1019249258499737,0.00034832002543532805,0.0003710489149156754,0.0003026615348031366,0.0161340370848633
494,uj0971,uj0971,0225_060197.xml,letters-leipzig,Brief,"Baumgärtner, Klaus","Johnson, Uwe",1960-12-23,1960,12.0,BaumgärtnerKlaus,JohnsonUwe,79,0.0004559776827745678,0.0005230655175823009,0.0004945368539150685,0.0006559293981405806,0.0004968051019219063,0.0008989558844451649,0.00041680207678305775,0.0005747026236761092,0.0005037535620340985,0.0006123798957098322,0.0002356521088754974,0.0005333379262867636,0.00021521153241104552,0.0006183065881308397,0.0005227367459469968,0.0008369062684002446,0.00010277678458062026,0.0003598543608956649,0.0004166506155395196,0.0006505836250547237,0.0004170416906985498,0.616049050057542,0.0005191966661363209,0.0005240001541829935,0.000854797556687852,0.0006698718276641379,0.0004240014339646016,0.3505312077050163,0.0005820240518284469,0.0004658700065427188,0.00029684848902521133,0.0011930522834202,0.0006905416534574429,0.0005410286033633048,0.0004958342447780746,0.0131224418851383,0.0006429871149060718,0.000684943884556977,0.0005587030685729116,0.0006116324694130776
495,uj0572,uj0572,0758_101208.xml,letters-leipzig,Brief,"Johnson, Uwe","Bierwisch, Manfred",1970-07-26,1970,7.0,JohnsonUwe,BierwischManfred,514,0.000106131350315561,0.00012174641826048088,0.0001151062125835755,0.1970561062835193,0.00011563415996545492,0.00020923699885867772,9.701300939586974e-05,0.00013376524287219592,0.00011725145283345996,0.00014253483820154166,5.484934343164103e-05,0.00012413737871311547,5.009168518792983e-05,0.00014391430893730025,0.00012166989482760592,0.0001947946044473152,2.3921870171934525e-05,8.375811071806755e-05,0.0204662986237661,0.0001514269694080335,9.706878087190085e-05,0.3606616102756332,0.00012084592149574084,0.0069117375827518,0.00019895890164119232,0.00015591640620599476,9.868869995693398e-05,0.00011081131245192288,0.0001354693461329472,0.00010843384387814976,6.909314242678733e-05,0.00027768957696785627,0.00016072742351035574,0.00012592742672162246,0.00011540818754721858,0.4104407389368601,0.00014965883927750494,0.00015942451155960874,0.00013004125713408232,0.0001423608705598509
496,uj1121,uj1121,0498_101453.xml,letters-leipzig,Brief,"Bierwisch, Manfred","Johnson, Uwe",1964-08-14,1964,8.0,BierwischManfred,JohnsonUwe,1164,4.314630985451549e-05,4.949441112664303e-05,4.679492251388516e-05,6.206648729528092e-05,4.700955260440714e-05,8.506256029856387e-05,3.943936782927657e-05,0.0110955545120966,4.76670418288537e-05,5.794567086748217e-05,2.229828189297365e-05,5.046642477042061e-05,2.0364118272566427e-05,5.8506476620196224e-05,4.94633015276778e-05,7.919119408621476e-05,9.725122875275866e-06,3.405076244790502e-05,3.942503600122551e-05,6.156065029779712e-05,3.946204099209534e-05,0.5717074511901975,4.912832596595356e-05,0.0221319308605379,8.088413454649427e-05,0.3589015409443915,4.012059787066392e-05,4.504888714051525e-05,5.507328764461932e-05,4.40823584433076e-05,2.8088911741013108e-05,0.0056334780616615,6.534162805124477e-05,5.119414533366475e-05,0.0083277981904568,0.0205637489276997,6.084184016065987e-05,6.481194626944388e-05,5.286656918521446e-05,5.7874946602213405e-05
497,uj0621,uj0621,0043_060042.xml,letters-leipzig,Brief,"Johnson, Uwe","Bierwisch, Manfred",1957-06-11,1957,6.0,JohnsonUwe,BierwischManfred,892,5.07040442165825e-05,5.8164112265938815e-05,5.499176704232728e-05,7.293837936081404e-05,5.5243992867356825e-05,9.996256535256673e-05,4.634777474673e-05,6.390608212434359e-05,5.601665135937328e-05,6.809573907319601e-05,2.6204166123764872e-05,5.930638892735908e-05,2.393120423984214e-05,6.87547785085129e-05,5.812755334614216e-05,9.306273978123708e-05,1.1428626502298195e-05,4.0015272930374016e-05,4.633093248036572e-05,7.234393729674683e-05,4.637441945989248e-05,0.3863962431785644,0.0065453359336701,5.826804247418847e-05,9.505222458870948e-05,7.448875691163497e-05,0.2433322245313246,0.0973669703664188,6.472021411103599e-05,5.18040559949946e-05,3.300911312495383e-05,0.039058277841925,0.0098081902589301,6.016158084853298e-05,5.513603498825781e-05,0.2155500631925397,7.149921659873977e-05,7.616474735590235e-05,6.212695525027845e-05,6.801262637397645e-05
498,uj0524,uj0524,0323_s000034.xml,letters-leipzig,Brief,"Johnson, Uwe","Baumgärtner, Klaus",1962-09-19,1962,9.0,JohnsonUwe,BaumgärtnerKlaus,198,0.0002431702250337996,0.0002789477740312847,0.0002637336049481363,0.0003498033026124803,0.0002649432483124759,0.0004794079030049,0.00022227810402729688,0.00030648553998623265,0.000268648821354645,0.00032657860827709834,0.0001256718881421103,0.00028442598937091195,0.00011477104854742612,0.0003297392785997182,0.0002787724420456156,0.0004463172065368366,5.481025668327668e-05,0.00019190822100312145,0.0002221973306340664,0.0003469524331656304,0.00022240588872368133,0.3596490709498429,0.0002768845382364609,0.0002794462102510845,0.0004558585256921273,0.00035723871853926705,0.00022611747900565571,0.00025389304578812973,0.0003103900146976692,0.00024844574330515703,0.00015830755890939433,0.0006362477884248078,0.000368261815457044,0.0002885273823688877,0.0002644254958893645,0.6292726047203309,0.0003429012588382401,0.0003652765581196,0.0002979530710478159,0.0003261800102148598
499,uj0109,uj0109,0930_101603.xml,letters-leipzig,Brief,"Bierwisch, Manfred","Johnson, Uwe",1974-05-20,1974,5.0,BierwischManfred,JohnsonUwe,767,7.000643436452524e-05,8.030645623302453e-05,7.592643919277146e-05,0.00010070510047614168,7.627468420828827e-05,0.00013801705324277387,6.399178804927775e-05,8.823432159813148e-05,7.734148404335652e-05,9.401892810697068e-05,3.617976167708749e-05,8.188358321292122e-05,3.3041511870815344e-05,9.49288555434306e-05,8.025597979354664e-05,0.0001284905510978426,1.577936047255479e-05,5.524858265768537e-05,6.396853414452521e-05,9.98843618154566e-05,6.402857606869495e-05,0.7126394257450749,0.0448664639856486,8.044995136077492e-05,0.00013123740767990568,0.00010284568720701792,6.509710821084736e-05,7.309343421097538e-05,8.935838336423027e-05,7.152520675350218e-05,4.557526617684507e-05,0.0001831697899434217,0.00010601913375361254,0.2284954970660417,7.61256281261936e-05,0.0109720440068874,9.871806660143408e-05,0.00010515970607563122,8.577790356166507e-05,9.390417545138527e-05
500,uj0239,uj0239,0822_101483.xml,letters-leipzig,Brief,"Klemm, Eberhardt","Johnson, Uwe",1972-05-07,1972,5.0,KlemmEberhardt,JohnsonUwe,348,0.00014570295299474583,0.0001671401768124366,0.00015802413736941694,0.00020959545582058343,0.00015874893256270298,0.0002872520562380679,0.00013318479323835342,0.00018364028005474924,0.00016096924113340367,0.0188384287474451,7.530019437283384e-05,0.00017042261878087196,6.876861955175216e-05,0.00019757347596178045,0.0001670351212363978,0.0002674247431228233,3.2841258637003754e-05,0.00011498773955666884,0.00013313639536433142,0.0002078872693148104,0.00013326135938705917,0.4485292156611924,0.0001659039253429629,0.00016743883027255606,0.00027314171927069646,0.00021405061498789684,0.0001354852733728899,0.0001521278623277947,0.0001859797667055945,0.00014886394275246672,9.485486478158412e-05,0.00038122751910512666,0.00022065544406121016,0.00017288009510682415,0.0374439368747126,0.4889046168010666,0.0002054598830568291,0.00021886673489891707,0.00017852778768241847,0.00019544083034654276
501,uj0918,uj0918,1028_000042.xml,letters-leipzig,Brief,"Johnson, Uwe","Klemm, Eberhardt",1977-09-26,1977,9.0,JohnsonUwe,KlemmEberhardt,845,5.384815267923712e-05,6.177081229201531e-05,5.840175302678976e-05,7.746121731869134e-05,5.866961912989236e-05,0.00010616114679769104,4.922175517685013e-05,0.0207375446067808,5.949018942344311e-05,7.231828961721624e-05,2.782906097662144e-05,6.298392041813143e-05,2.541515493715942e-05,0.4858103988060669,6.173198638916248e-05,9.88334697540608e-05,1.2137304515217784e-05,4.249658108241048e-05,4.920386853793088e-05,0.0035217758762578,4.925005210275882e-05,0.2174393245155388,6.1313924792415e-05,6.188118711138685e-05,0.00010094632057929654,7.910773227340504e-05,5.007195486720603e-05,5.622263783279985e-05,6.873345163548534e-05,5.501637511806029e-05,3.50559761222638e-05,0.00014089211805501237,8.154871124500395e-05,6.38921419585024e-05,5.855496688771974e-05,0.2702554644894774,7.593281347359722e-05,8.088764925490563e-05,6.597938731520401e-05,7.22300231803608e-05
502,uj0342,uj0342,0534_100973.xml,letters-leipzig,Brief,"Bierwisch, Manfred","Johnson, Uwe",1966-02-06,1966,2.0,BierwischManfred,JohnsonUwe,414,0.00011640618137288252,0.000133532981568505,0.00012624992162362685,0.00016745169637064693,0.00012682898086020176,0.00022949373551397944,0.00010640507195741389,0.00014671537747207463,0.0001286028477371076,0.0001563339783985619,6.015944017204299e-05,0.00013615541664802893,5.4941181601121607e-05,0.00015784699901111277,0.00013344904971820785,0.00021365313819462844,2.6237803907451766e-05,9.186693468713744e-05,0.00010636640553655096,0.00016608697819491512,0.0001064662428040582,0.604097149273826,0.00013254530554807984,0.00013377158420580063,0.0002182205910066368,0.0001710110481573883,0.00010824299014837345,0.00012153922188959862,0.00014858445906445358,0.00011893158487014966,7.578221557570971e-05,0.0003045733722012187,0.0001762878316078426,0.00013811876350571873,0.000126581131509145,0.0256913415606323,0.00016414767113763945,0.00017485878162025085,0.00014263086372592922,0.3650644313864174
503,uj0063,uj0063,1104_101823.xml,letters-leipzig,Brief,"Klemm, Ine","Johnson, Uwe",1981-07-19,1981,7.0,KlemmIne,JohnsonUwe,162,0.00033060394451601776,0.0003792455856628301,0.0003585610453959312,0.0004755777629943876,0.0003602056253096633,0.0006517826915015703,0.0003021999011628659,0.00041668476657652655,0.0003652435655602143,0.0004440024516815455,0.0001708581794040882,0.0003866935353447338,0.000156037859325682,0.0004482995652604287,0.00037900721171694936,0.3601644637990991,7.451770485843006e-05,0.0002609102937658794,0.00030209008507658226,0.0004717018415722736,0.00030237363182692074,0.5101141040184497,0.0003764404976133349,0.000379923238448374,0.0006197659549565574,0.0004856866397459358,0.0003074197528620002,0.0426460845692182,0.0004219931251170697,0.0003377763158441057,0.00021522825590539717,0.0008650155606575477,0.0639520266729609,0.0003922696156520687,0.0003595017110317555,0.0095143495236669,0.00046619403644370126,0.0004966145461961423,0.0004050843829888201,0.00044346053462885455
504,uj0926,uj0926,1025_101708.xml,letters-leipzig,Brief + Postkarte,"Bierwisch, Manfred","Johnson, Uwe",1977-08-10,1977,8.0,BierwischManfred,JohnsonUwe,173,0.00030481596388154506,0.0003496634285802836,0.0003305923370718883,0.0004384814417141346,0.0003321086354098236,0.0006009419205273067,0.000278627510911031,0.0003841822545242705,0.00033675360301811213,0.0004093690880585432,0.039158851044051,0.0393578506723134,0.00014386649427912762,0.1759192721574993,0.0003494436484316098,0.0005594624485318254,6.870512711490758e-05,0.00024055860191653092,0.0002785262607694476,0.0004349078523973455,0.0002787876901245524,0.3923212164372638,0.0003470771448055053,0.0003502882226592077,0.0005714225739732405,0.0004478017993864963,0.0002834402003945748,0.0003182571117165889,0.0003890765470818904,0.00031142887130734126,0.00019843988363293385,0.0007975420628461094,0.00046161934596928553,0.0003616715498403116,0.0003314596283042836,0.3402834272953476,0.000429829670612203,0.0004578773002783668,0.0003734867314873061,0.0004088694419668983
505,uj0092,uj0092,0927_101599.xml,letters-leipzig,Brief,"Johnson, Uwe","Bierwisch, Manfred",1974-04-06,1974,4.0,JohnsonUwe,BierwischManfred,1110,4.143088866353375e-05,4.752660062400464e-05,4.493443891792207e-05,5.9598833215126e-05,4.514053569454664e-05,8.168062290954178e-05,3.787132811599889e-05,5.221843374281397e-05,4.577188430691626e-05,5.564185318140654e-05,2.1411741528092644e-05,0.2598022717208135,1.955447684232108e-05,5.618036228637774e-05,4.749672788783227e-05,7.60426918635983e-05,9.338469140080395e-06,3.269696418174557e-05,3.7857566096156856e-05,0.0027096622069157,3.789309983384828e-05,0.2945246575880857,4.717507036371032e-05,4.761152325598201e-05,7.766832399669002e-05,6.086566549028201e-05,3.852547365229485e-05,4.325782283185116e-05,5.288367085001584e-05,4.232972161116404e-05,2.6972146145192243e-05,0.00010840270958742514,6.274376015036746e-05,4.915875639644892e-05,4.505232200393455e-05,0.4252801827598645,0.0159617174729578,6.223513758211327e-05,5.0764687624992737e-05,5.557394078820211e-05
506,uj1189,uj1189,1088_101796.xml,letters-leipzig,Brief,"Johnson, Uwe","Menzhausen, Joachim + Menzhausen, Ingelore",1980-12-01,1980,12.0,JohnsonUwe,MenzhausenJoachim+MenzhausenIngelore,840,5.1882110925502815e-05,5.9515507512079686e-05,5.626945545985354e-05,7.463304253522556e-05,5.652754154420142e-05,0.0001022851132321226,4.742462712222165e-05,6.539088731121652e-05,5.731815211993966e-05,6.967788748878967e-05,2.6812998342622256e-05,6.068432403098051e-05,2.448722606127528e-05,7.035223916261944e-05,5.947809917589048e-05,9.522497589614908e-05,1.1694161226777602e-05,4.094499484143642e-05,4.740739353966922e-05,7.402478909936583e-05,4.74518909033506e-05,0.2559687830980031,5.907530136283738e-05,5.962185245312396e-05,9.726068474463828e-05,7.621944183159163e-05,4.8243785300342046e-05,5.416990161095008e-05,0.2589613326995387,5.300768057164697e-05,3.3776052683017227e-05,0.1860091594479595,7.857129858934715e-05,6.15593856321304e-05,5.641707535269266e-05,0.2968990567946658,7.316044201162924e-05,7.793437253353207e-05,6.35704238894723e-05,6.959284373445307e-05
507,uj0649,uj0649,0044_060044.xml,letters-leipzig,Brief,"Bierwisch, Manfred","Johnson, Uwe",1957-06-23,1957,6.0,BierwischManfred,JohnsonUwe,1415,3.261360468855057e-05,3.741203278379556e-05,3.537153257011355e-05,0.0021333767190763,3.553376801852512e-05,6.429742716648628e-05,2.9811586573393857e-05,4.110535425329564e-05,3.603075359447322e-05,4.38002046862681e-05,1.685491420572088e-05,3.814676233162784e-05,1.5392910898099998e-05,4.422410877419016e-05,3.738851753611639e-05,5.985935546865308e-05,7.351064646577968e-06,2.5738426056927213e-05,2.980075337407513e-05,4.6532709748579815e-05,2.9828724854088173e-05,0.5260352817099296,3.713531487319488e-05,3.7478882258614055e-05,6.113902205239989e-05,4.791229001932545e-05,0.4527925057048994,3.4051732391805775e-05,4.162901620548381e-05,3.332114882725162e-05,2.123195857865735e-05,8.533254370582188e-05,0.0021358523455267,3.869683465191202e-05,3.5464327885171845e-05,0.000938576926805356,4.598937267670127e-05,0.0146542218990002,3.996099305966603e-05,4.374674534670601e-05
508,uj0330,uj0330,0569_s000175.xml,letters-leipzig,Brief,"Johnson, Uwe","Bierwisch, Manfred",1966-10-07,1966,10.0,JohnsonUwe,BierwischManfred,422,0.00010401268260917206,0.00011931603172558744,0.00011280838244497408,0.0001496234988688063,0.0001133257905746407,0.0002050600646055514,9.507636834216122e-05,0.00013109492821523596,0.00011491079791946124,0.00013968945879352425,5.375440275388904e-05,0.0001216592621655237,4.909172018747786e-05,0.0201037357329704,0.0001192410359066129,0.00019090597929938069,2.344432518961769e-05,8.208607315519013e-05,0.2662642997038978,0.1265788015745971,9.513102646926333e-05,0.1871060466107436,0.0001184335113025173,0.00011952923088812366,0.00019498714590122972,0.0001528038946460959,0.006750950054736,0.00010859922009187648,0.0001327650129834667,0.00010626921219654784,6.771385714343499e-05,0.000272146144821056,0.00015751887108253875,0.00012341357599278044,0.0001131043291747192,0.3889387730259452,0.00014667124561352032,0.00015624196876481823,0.00012744528326614403,0.00013951896401468984
509,uj0888,uj0888,0377_101338.xml,letters-leipzig,Brief,"Johnson, Uwe","Bierwisch, Manfred",1963-07-16,1963,7.0,JohnsonUwe,BierwischManfred,1369,3.075283119903054e-05,3.527748435046704e-05,3.335340514388434e-05,4.42383187193653e-05,3.350638422752582e-05,6.062892903332086e-05,2.811068259463873e-05,3.876008287951481e-05,0.3974524740525592,4.130117826787372e-05,1.5893254866875995e-05,3.597029380766141e-05,1.451466634956704e-05,4.170089645250674e-05,3.525531076832588e-05,5.644407209781709e-05,6.931648689810016e-06,0.0118287797892109,2.8100467484926823e-05,4.38777798957603e-05,0.0019955451551194,0.2186162877730109,3.5016554616519585e-05,3.534051971973915e-05,5.765072713692785e-05,4.517864803336447e-05,2.859623402513496e-05,3.21089063377098e-05,3.925386723039495e-05,3.14200063141743e-05,2.002056639950266e-05,8.046388424185144e-05,4.657269797823674e-05,3.648898167962477e-05,3.3440906010081146e-05,0.3687922506545145,4.336544299172214e-05,4.6195163619450326e-05,3.768101336375634e-05,4.12507690579362e-05
510,uj0299,uj0299,0540_s000164.xml,letters-leipzig,Brief,"Johnson, Uwe","Bierwisch, Manfred",1966-04-01,1966,4.0,JohnsonUwe,BierwischManfred,369,0.000123780643882893,0.000141992446133127,0.00013424799614960805,0.00017805994966578218,0.00013486373944007795,0.0002440324217664636,0.00011314595293787796,0.174371602839541,0.0080556405681376,0.0001662379117562586,6.397060836723385e-05,0.00014478101542434658,5.8421767246958575e-05,0.00016784678392628294,0.0001419031971057168,0.0002271883047912832,2.789999829419749e-05,9.768680832073551e-05,0.0397075577637507,0.00017660877505874264,0.000113210999026455,0.270179525586167,0.00014094219972598558,0.0001422461645158476,0.0002320451108758682,0.00018184479039135565,0.00011510030531330992,0.0001292388682893858,0.00015799745165658285,0.00012646603453199008,8.058310416339077e-05,0.00032386843787862095,0.00018745586400810416,0.0001468687425136136,0.0397290531153488,0.4628578991378548,0.0001745466107182831,0.00018593628209657043,0.0001516666893574563,0.00016603501386944908
511,uj1186,uj1186,1079_101776.xml,letters-leipzig,Brief,"Johnson, Uwe","Menzhausen, Joachim + Menzhausen, Ingelore",1980-09-02,1980,9.0,JohnsonUwe,MenzhausenJoachim+MenzhausenIngelore,2070,2.1001574832699643e-05,2.409152909209478e-05,2.2777546220743345e-05,3.0211018785381168e-05,2.288201795708987e-05,4.140441515381075e-05,1.919721147912338e-05,2.6469848445740243e-05,2.320205249064484e-05,2.8205201025483533e-05,1.0853744790573505e-05,2.4564659177773788e-05,9.91228578400642e-06,2.8478174636018155e-05,2.4076386416559223e-05,3.854651288372984e-05,4.733728017783893e-06,1.657429425764241e-05,1.9190235425775623e-05,2.99648013546988e-05,1.9208247698147397e-05,0.1882601928316658,2.3913336219441587e-05,2.4134576901784468e-05,3.937055591043944e-05,0.0067487522028529,1.9528801915031358e-05,2.192765911155569e-05,0.2875528850709454,0.0779490858182827,1.367234843227839e-05,0.1720331648911818,3.180520178517717e-05,2.4918878992117117e-05,2.2837301889334157e-05,0.2666331990301107,2.961491871267232e-05,3.1547377845759903e-05,2.573293550792914e-05,2.817077581149564e-05
512,uj0669,uj0669,0258_060227.xml,letters-leipzig,Brief,"Baumgärtner, Klaus","Johnson, Uwe",1961-07-30,1961,7.0,BaumgärtnerKlaus,JohnsonUwe,633,6.295730178649654e-05,7.222018727793677e-05,6.828120570950904e-05,9.056483821333816e-05,6.85943850156193e-05,0.1209552857786741,5.75482860775068e-05,7.93497749629035e-05,6.955376596069726e-05,8.4551914180519e-05,0.2578056909162275,7.363850918120592e-05,2.9714474865286714e-05,8.537021862268967e-05,7.217479344432469e-05,0.0001155524985040422,1.4190495035009964e-05,4.968545710447832e-05,5.752737366977585e-05,8.982674189379788e-05,5.7581369814189e-05,0.5039398936070705,7.168601102928886e-05,7.23492335026828e-05,0.000118022766849673,9.24898836186536e-05,5.854230863578038e-05,6.573346347380442e-05,8.03606519840992e-05,6.432314497656581e-05,4.0986172381742056e-05,0.00016472594052698662,9.534378745979131e-05,7.470036877640386e-05,6.846033778369368e-05,0.1145875838374531,8.877788402197675e-05,9.457089782218172e-05,7.714070013943305e-05,8.444871627258279e-05
513,uj1115,uj1115,0486_101444.xml,letters-leipzig,Brief + Zeichnung,"Klemm, Eberhardt","Johnson, Uwe",1964-07-28,1964,7.0,KlemmEberhardt,JohnsonUwe,699,6.0519744680695134e-05,6.942399325935191e-05,6.563751969617992e-05,8.705838290698918e-05,6.59385734438349e-05,0.00011931413018897046,5.532015320531617e-05,7.627754025277409e-05,6.686080943870875e-05,8.127826500287844e-05,3.127698131152466e-05,7.078740110919879e-05,2.8564001015586693e-05,8.206488664176622e-05,6.938035696709789e-05,0.00011107858037494528,1.3641072791268778e-05,4.776175428394245e-05,5.530005047631379e-05,8.634886392283982e-05,5.535195601833825e-05,0.2985839458529943,6.89104990455704e-05,6.95480431209569e-05,0.00011345320580087873,8.89088951291223e-05,5.627568957244924e-05,6.318841998507798e-05,7.724927851807992e-05,6.183270566840044e-05,3.939928519163467e-05,0.00015834814358449604,9.165230259589456e-05,7.180814802440266e-05,0.6350348347660827,0.0636898767367247,8.534061533518247e-05,9.090933740826447e-05,7.415399555655494e-05,8.117906267268549e-05
514,uj0378,uj0378,0864_101526.xml,letters-leipzig,Brief,"Johnson, Uwe","Klemm, Ine",1973-03-04,1973,3.0,JohnsonUwe,KlemmIne,555,8.436437898182289e-05,9.677688015150776e-05,0.0108859534049375,0.00012135917703983158,9.191821328537296e-05,0.00016632361141404012,7.711616093176471e-05,0.0055035581381554,9.320380805105994e-05,0.00011330170654000037,4.360003695809627e-05,9.867746742526678e-05,3.981814893024183e-05,0.00011439825521859388,9.671605126472872e-05,0.4049469005192679,1.9015622764983767e-05,6.657977095750269e-05,7.708813777573401e-05,0.00012037010927708096,7.716049397686659e-05,0.2651029365916705,9.606107044865792e-05,9.694980536116127e-05,0.00015815349686928225,0.00012393878664066873,7.844817633653959e-05,8.808450595767581e-05,0.00010768530904015087,8.619464345070873e-05,5.492250909280953e-05,0.0002207369324988548,0.00012776309007171352,0.00010010038617770252,0.0054889660165267,0.3046726326642638,0.00011896461316327884,0.0001267273983815019,0.00010337049201308289,0.0001131634187295604
515,uj0678,uj0678,0254_060223.xml,letters-leipzig,Brief,"Johnson, Uwe","Baumgärtner, Klaus",1961-07-22,1961,7.0,JohnsonUwe,BaumgärtnerKlaus,413,0.00011142731397648931,0.0001278215751772506,0.0001208500226564445,0.00016028953554982333,0.00012140431465884368,0.00021967794339752047,0.0001018539670475929,0.00014044014018802265,0.0072516862306585,0.0001496473390911208,5.758633046493574e-05,0.0143874996849178,5.2591264658851175e-05,0.0001510956455372154,0.0001277412332183839,0.00020451487224218024,2.5115573585255135e-05,8.793764776675295e-05,0.3351452611980262,0.00015898318842234928,0.0001019125215251546,0.2147012260030795,0.0001268761435452101,0.00012804997242100514,0.00020888696823016025,0.00016369664850908756,0.00010361327471417753,0.00011634080663267408,0.0001422292783504931,0.00011384470216918254,7.254089627542522e-05,0.0002915463111398769,0.00016874773599761405,0.00013221121632619274,0.0001211670661971782,0.409536015938738,0.00015712682844370112,0.0072959637287027,0.00013653032723594984,0.007278048610525
516,uj0844,uj0844,0558_000054.xml,letters-leipzig,Postkarte,"Johnson, Uwe","Klemm, Eberhardt",1965-06,1965,6.0,JohnsonUwe,KlemmEberhardt,93,0.0004696788054523325,0.0005387824815821523,0.0005093965945561823,0.0006756386284195535,0.0005117329984078768,0.0009259675240932636,0.00042932605899114113,0.0005919711687117058,0.0005188902444059031,0.0006307805595876414,0.0002427329344837397,0.0005493635534891638,0.0002216781638244326,0.0006368853360311815,0.0005384438310850563,0.0008620534540768976,0.00010586500005072137,0.00037066718996826153,0.0004291700466716248,0.0006701322266546544,0.00042957287277578353,0.3641298337692443,0.0005347973796917189,0.0005397452019492417,0.1811672357718383,0.0006899999971687457,0.0004367417409615325,0.0004903897360042668,0.0005995125896160598,0.0004798683717098327,0.000305768130749989,0.001228900870563,0.0007112909055931103,0.0005572853184326804,0.0005107329691502931,0.434185833642683,0.0006623074581473121,0.0007055249360957195,0.0005754908623008462,0.0006300106747808078
517,uj1111,uj1111,0424_101387.xml,letters-leipzig,Brief,"Bierwisch, Manfred","Johnson, Uwe",1964-02-14,1964,2.0,BierwischManfred,JohnsonUwe,1690,2.9147179734683812e-05,3.3435593955426544e-05,3.161197381147694e-05,4.192856971537033e-05,3.1756965627602346e-05,5.7463401669219365e-05,2.6642981673713747e-05,3.673636078931404e-05,3.220112775092599e-05,3.914478177429992e-05,1.506344418098898e-05,3.4092230791236624e-05,1.3756833838867304e-05,3.952363007269942e-05,0.458748741205767,5.349704239408012e-05,6.569736910140072e-06,2.300274801063297e-05,2.6633299910208607e-05,4.158685516476734e-05,2.6658298366011667e-05,0.5092828281869534,3.3188287754437494e-05,0.0018981917878594,5.464069616290228e-05,4.2819803024835177e-05,2.710318173540929e-05,3.0432452155457443e-05,3.7204363918266e-05,2.9779520635908437e-05,1.897526258508749e-05,7.626274410214205e-05,4.41410675301858e-05,3.458383719106603e-05,3.169490612614653e-05,0.0232151751426756,0.0056351906172573,4.378324480679657e-05,3.571363111221615e-05,3.909700450485688e-05
518,uj0897,uj0897,0380_101341.xml,letters-leipzig,Brief,"Bierwisch, Manfred","Johnson, Uwe",1963-07-29,1963,7.0,BierwischManfred,JohnsonUwe,1375,0.0078849131569487,3.520821506341595e-05,3.328791389252155e-05,0.0020077066319972,3.344059259329127e-05,6.050988078580164e-05,2.805548571828253e-05,0.0569817841273905,0.2238791985553855,0.0059318856140984,1.586204758399231e-05,3.5899664151013506e-05,1.4486166001304374e-05,4.1619014441364455e-05,3.518608502032681e-05,5.633324104780134e-05,6.918038015135436e-06,2.422226146446206e-05,2.8045290666502196e-05,4.3791623453861855e-05,2.8071614440183045e-05,0.4950483026789653,3.494779767939859e-05,0.1551561301616151,5.7537526753162405e-05,4.5089937265098976e-05,2.8540083741753398e-05,3.204585872842147e-05,3.917679009615162e-05,3.1358311398094065e-05,1.9981254912689275e-05,0.025606523198515,4.648124991598409e-05,3.641733355072029e-05,3.337524294593949e-05,0.0146281747428812,4.328029255160432e-05,4.610445686674261e-05,3.760702461486655e-05,0.0118225008368427
519,uj0695,uj0695,0262_s000006.xml,letters-leipzig,Brief,"Johnson, Uwe","Baumgärtner, Klaus",1961-08-06,1961,8.0,JohnsonUwe,BaumgärtnerKlaus,554,7.61449470449911e-05,8.734812610786534e-05,8.258404736833688e-05,0.00010953542502947498,8.296282824049407e-05,0.00015011907556603356,6.960290659790687e-05,9.597114617574336e-05,8.412317039598657e-05,0.00010226297578097857,3.935218329585766e-05,8.90635434328236e-05,3.593875612331712e-05,0.0049746403753848,8.729322364288548e-05,0.00013975724228692906,1.7162973353708793e-05,6.009305343098652e-05,0.3800378170592671,0.0001086427199171102,6.96429203740096e-05,0.2587601037200103,8.670205613644368e-05,8.750420360278351e-05,0.00014274495692887578,0.0001118637090614693,7.08051467338954e-05,7.950263040609304e-05,9.719377127344816e-05,7.779689295798915e-05,4.9571532404109694e-05,0.0001992310290059804,0.0001153154191997449,9.034783040750623e-05,8.280070217907044e-05,0.3529312654118996,0.00010737415813251552,0.0001143806326244405,9.329933717697116e-05,0.0001021381610412744
520,uj0705,uj0705,0032_100107.xml,letters-leipzig,Brief,"Johnson, Uwe","Bierwisch, Manfred + Baumgärtner, Klaus",1956-12-01,1956,12.0,JohnsonUwe,BierwischManfred+BaumgärtnerKlaus,593,0.3620709767355211,0.00010468716639598028,9.897739417816896e-05,0.00013127875522085775,9.943136494958732e-05,0.00017991846354648898,8.341943198255775e-05,0.00011502189911328051,0.00010082204083149814,0.00012256268839140448,4.7163788673053245e-05,0.00010674310264714482,4.30727791194993e-05,0.00012374886605901988,0.00010462136551686584,0.00016749975449121431,2.0569909480493123e-05,7.202182535666032e-05,8.3389118287864e-05,0.00013020884367489892,8.346738869352171e-05,0.380185869951316,0.00010391284830107182,0.00010487422605494752,0.0001710805454457786,0.0001340692152883525,8.486032280383005e-05,9.528430052366446e-05,0.00011648722141321476,9.323996565336634e-05,5.941172973630016e-05,0.00023877938559363504,0.0001382061071679805,0.00010828232701531002,9.923705605338477e-05,0.2536767950687437,0.00012868846602577286,0.00013708576077803308,0.00011181972265345194,0.00012241309730105936
521,uj0426,uj0426,0121_060102.xml,letters-leipzig,Brief + Postkarte,"Klemm, Eberhardt","Johnson, Uwe",1958-08-04,1958,8.0,KlemmEberhardt,JohnsonUwe,129,0.0002728870931431387,0.00031303687440995654,0.00029596344210502896,0.0003925513759282057,0.00029732091118410165,0.000537994440160883,0.00024944182894491384,0.0003439399214505937,0.00030147932760110564,0.0003664884838720776,0.00014102975082637447,0.0003191845607043425,0.00012879676288798882,0.00037003540717078174,0.000312840115798175,0.0005008598610075488,6.150840062203218e-05,0.0002153605630481024,0.0002493511845558695,0.0003893521130407641,0.0002495852297018925,0.3512263431634098,0.00031072149875720103,0.0003135962225419884,0.0005115671869092965,0.00040089544452578593,0.00025375039870169727,0.0002849203072652104,0.00034832154652046697,0.0002788073115650041,0.00017765369739393953,0.0007140011055130766,0.0004132656303695056,0.00032378716866302514,0.4891208647183287,0.1475173696259442,0.0003848058607770917,0.00040991555658071794,0.00033436473334680746,0.0003660411747226057
522,uj1066,uj1066,0501_101454.xml,letters-leipzig,Brief,"Baumgärtner, Klaus","Johnson, Uwe",1964-08-22,1964,8.0,BaumgärtnerKlaus,JohnsonUwe,163,0.0860604653960123,0.0003076656461871593,0.00029088516755303845,0.0003858158019378964,0.0002922193445639072,0.0005287632883160824,0.00024516179326509026,0.0003380384447746456,0.0002963064089919059,0.0003602001087673419,0.00013860989859867606,0.0003137078477005861,0.000126586809798172,0.0003636861723524356,0.0003074722636485982,0.0004922658810613176,6.045301167469842e-05,0.00021166530913751497,0.00024507270419345565,0.0003826714334495429,0.0002453027334870457,0.7055273373859106,0.0003053899987966921,0.0003082153967710468,0.0348196937350211,0.00039401669923392056,0.1203585613068232,0.0002800315158136744,0.00034234488794052944,0.000274023409657528,0.0001746054349324477,0.0007017499517272201,0.0004061746318360684,0.0003182314820309613,0.0002916482891598098,0.0420354871540799,0.00037820318783768304,0.0004028820401279995,0.00032862755207752216,0.00035976047475049606
523,uj0921,uj0921,1021_000248.xml,letters-leipzig,Brief,"Johnson, Uwe","Bierwisch, Manfred",1977-06-21,1977,6.0,JohnsonUwe,BierwischManfred,427,0.00010541560224006024,0.00012092536242438765,0.00011432993818501264,0.00015164161568436774,0.00011485432509845912,0.00020782590799050952,9.635875526109078e-05,0.0136208301349174,0.00011646071097004552,0.0001415735856043474,5.447944036447991e-05,0.00012330019827917735,4.975386768946921e-05,0.0001429437532122235,0.00012084935506428144,0.00019348091284877668,2.3760541474174325e-05,8.319324740128333e-05,9.632373956008882e-05,0.0001504057484246911,9.641415061520769e-05,0.257069561806604,0.000120030938594972,0.0068651249385282,0.00019761712609108376,0.0001548649085349567,9.802314499265787e-05,0.00011006400278898772,0.0608304072549605,0.1552193230981403,6.862717941420686e-05,0.00027581684304229707,0.00015964348041799253,0.0001250781742334484,0.0001146298766344831,0.5020885023836545,0.00014864954253459103,0.00015834935528394504,0.0001291642610414794,0.00014140079119756197
524,uj0864,uj0864,0365_101333.xml,letters-leipzig,Brief + Postkarte,"Bierwisch, Manfred","Johnson, Uwe",1963-06-05,1963,6.0,BierwischManfred,JohnsonUwe,83,0.032468696327824,0.0005732311421084898,0.0005419663809894901,0.0007188375937618529,0.0005444521697708933,0.000985172011964197,0.00045677629756954793,0.0645677950279997,0.0005520670355804723,0.0006711113908723527,0.2879791376849403,0.0005844887463204475,0.0002358518165929206,0.000677606494355991,0.0005728708389845726,0.0009171714057739288,0.00011263379371613292,0.0003943668992794692,0.0004566103101383369,0.0007129791238217534,0.00045703889212763977,0.547256493821624,0.0005689912408753174,0.0005742554168657856,0.0009367785931608964,0.0007341171993387937,0.0004646661232240827,0.0005217442624016426,0.0006378442102365051,0.0005105501833860681,0.00032531832567289697,0.0013074743029921,0.0007567694053214131,0.0005929170128682985,0.0005433882006682172,0.0463499626264668,0.0007046540554657317,0.0007506347714137811,0.0006122865823346428,0.000670292281190432
525,uj0947,uj0947,0198_060167.xml,letters-leipzig,Brief,"Baumgärtner, Klaus","Johnson, Uwe",1960-06-20,1960,6.0,BaumgärtnerKlaus,JohnsonUwe,146,0.0002933739909080085,0.0191051956994895,0.00031818278824817644,0.0004220220255418236,0.0003196421688171683,0.0005783841741226248,0.0002681685821563458,0.00036976108406717697,0.00032411277681134674,0.0003940024714872819,0.00015161750729996294,0.00034314722375284657,0.00013846613230865376,0.000397815678743074,0.0003363264719877859,0.0005384617301498402,6.612612108916786e-05,0.00023152867780550137,0.0002680711326732608,0.0004185825791743096,0.0002683227486722096,0.415131846594477,0.000334048800554677,0.0003371393431662283,0.4134604422454062,0.0004309925220086472,0.0002728006161968494,0.00030631059413750266,0.0003744716580214279,0.0002997386675420872,0.0001909909831341328,0.0007676044748925795,0.0004442913949873785,0.0003480953708046949,0.00031901752369604226,0.1398235239883019,0.0004136950187004672,0.0004406898156457808,0.0003594670422517615,0.0003935215807685647
526,uj0235,uj0235,0618_101062.xml,letters-leipzig,Brief,"Johnson, Uwe","Klemm, Ine",1968-07-12,1968,7.0,JohnsonUwe,KlemmIne,352,0.00014303636198820355,0.00016408125121649482,0.00015513204949566545,0.0002057595324846752,0.00015584357980787477,0.0002819948961460358,0.0001307473040553415,0.000180279376866668,0.000158023253273077,0.0001920984200456036,7.392208351798573e-05,0.0001673036193837297,0.0092182889147017,0.0001939575735843593,0.00016397811832114637,0.1009210980018687,3.224021244593499e-05,0.0001128832848022378,0.00013069979193780523,0.1100134290245862,0.0001308224689242561,0.330511085908343,0.00016286762507466596,0.00016437443885307086,0.00026814280032534747,0.0002101331552992648,0.0001330056818198752,0.00014934368547214494,0.00018257604726750016,0.00014613950070937055,9.31188729972414e-05,0.00037425046165366366,0.0002166171057119563,0.0001697161200648176,0.0001555390300917155,0.4433537852572297,0.00020169964714462815,0.00021486113271366984,0.00017526045106866438,0.0001918639587059793
527,uj0050,uj0050,0014_100100.xml,letters-leipzig,Brief,"Bierwisch, Manfred","Johnson, Uwe",1955-08-05,1955,8.0,BierwischManfred,JohnsonUwe,516,0.00010332513325816654,0.00011852732348232702,0.0001120626913600757,0.00014863445083195323,0.00011257667929506188,0.0002037045672681117,9.444789022093786e-05,0.00013022835857628932,0.00011415120935246004,0.0067490114218842,5.33990729633288e-05,0.00012085506459415618,4.876721187264598e-05,0.0001401090733745546,0.00011845282340411572,0.00018964404393844437,2.3289352448173728e-05,8.154346407225254e-05,9.441356890705952e-05,0.0001474230917296764,9.450218704440974e-05,0.6485864038651525,0.00011765063673577508,0.00011873911334609162,0.00019369823302776263,0.00015179382341286171,9.607927387908044e-05,0.00010788135260282768,0.00013188740367445564,0.00010556674663134224,6.72662519344819e-05,0.00027034719203417854,0.00015647763269826528,0.0001225977819766032,0.00011235668180932824,0.0294145436991695,0.3108272329129102,0.0001552091710181461,0.00012660283867573188,0.0001385967094323164
528,uj0979,uj0979,0729_s000238.xml,letters-leipzig,Brief + Postkarte,"Johnson, Uwe","Bierwisch, Manfred",1969-12-16,1969,12.0,JohnsonUwe,BierwischManfred,71,0.0006437749485888753,0.000738493328535641,0.0006982149559759869,0.000926078030829092,0.0007014173961373199,0.2895685827097501,0.0005884646237947754,0.0008113975003331337,0.000711227623085883,0.0008645923929403469,0.000332706906515831,0.0007529964931321172,0.00030384775055350893,0.0008729600307716979,0.0007380291502422484,0.0423672179607412,0.00014510604731115818,0.0005080626342838427,0.0005882507822890274,0.0009185305676011236,0.0005888029242027875,0.499102072082454,0.000733031066379348,0.000739812901076777,0.0012068512865851,0.0009457627373154174,0.0005986290813428277,0.0006721628130113683,0.0008217343045462,0.0006577414878864014,0.0004191073992877213,0.0016844183420319,0.0009749455603791608,0.00076385462375254,0.0007000466853953943,0.1420838816058636,0.0009078053871478928,0.0009670423152813266,0.0007888084282072109,0.0008635371344398887
529,uj0980,uj0980,0698_101143.xml,letters-leipzig,Brief,"Johnson, Uwe","Klemm, Erika",1969-08-28,1969,8.0,JohnsonUwe,KlemmErika,295,0.00015433461765060113,0.0001770418152289026,0.2272598856898928,0.00022201220957093228,0.00016815346090061286,0.0003042693051694694,0.00014107486306099006,0.0001945194096959797,0.00017050530392975037,0.00020727202367932057,7.976109247398943e-05,0.000180518714054536,7.284257722121836e-05,0.0002092780293310953,0.0001769305360006731,0.00028326739185347526,3.478682477416399e-05,0.00012179978822821352,0.00014102359802326255,0.00022020282749715987,0.0001411559651048581,0.3467441385235996,0.00017573232634113725,0.00017735816137446925,0.0002893230503680383,0.00022673129914686335,0.00014351162713940443,0.0100347271032658,0.00019699749109608635,0.00015768286925174,0.00010047421131466816,0.0004038120174619841,0.00023372740834524144,0.00018312177501765128,0.00016782485519961694,0.4092586137771819,0.00021763163918343104,0.000231832733330243,0.0001891040454956828,0.00020701904254430165
530,uj0223,uj0223,0631_101076.xml,letters-leipzig,Brief,"Bierwisch, Manfred","Johnson, Uwe",1968-10-15,1968,10.0,BierwischManfred,JohnsonUwe,548,7.883313436449342e-05,9.043182547463636e-05,8.549955781970761e-05,0.00011340241492214048,8.589171100318575e-05,0.00015541881259406747,7.206013663322943e-05,0.1312268489530763,8.709301736168486e-05,0.0858430780159242,4.074145525986796e-05,9.220780312932844e-05,3.72075219736933e-05,0.00010689787720305648,9.037498475746912e-05,0.00014469116976477406,1.7768887326006068e-05,6.221455184279715e-05,7.203395078025038e-05,0.00011247819414581844,7.210156303787416e-05,0.6360608993650307,8.97629469364997e-05,9.059341305996738e-05,0.00014778436135465313,0.0354193678106534,7.330482011987985e-05,8.230935588452118e-05,0.00010062505691499592,0.0101672733755539,5.132158372055869e-05,0.00020626459257926417,0.0001193864634340089,9.35374299997484e-05,8.57238613154495e-05,0.0980926493651884,0.00011116484762059828,0.00011841867556950944,9.659313545053108e-05,0.00010574400121851176
531,uj0696,uj0696,0261_s000153.xml,letters-leipzig,Brief,"Johnson, Uwe","Bierwisch, Manfred",1961-08-05,1961,8.0,JohnsonUwe,BierwischManfred,952,4.704178375413525e-05,5.39630247200419e-05,5.101981219511688e-05,6.767017349961908e-05,5.125382020969588e-05,9.274245191838471e-05,4.300015966789475e-05,5.929026258785483e-05,5.197067099071005e-05,6.317730827103664e-05,2.431148708742326e-05,5.502279682548579e-05,2.2202697087001243e-05,0.0030732959424763,5.392910638421818e-05,8.634098814004593e-05,1.0603157693525044e-05,3.7125042886376506e-05,0.4875831502833164,6.71186668996176e-05,4.302487988211329e-05,0.2651928255187255,5.356388748158929e-05,5.405944823926097e-05,8.818677609525296e-05,6.910857011294351e-05,4.374289471063237e-05,4.911613564112898e-05,6.004559130880889e-05,4.806234369184018e-05,3.062492520137137e-05,0.00012308345264296414,7.124101104577095e-05,0.003065323415781,5.115365993093313e-05,0.2391048695497866,6.633495883407253e-05,7.066350682995272e-05,5.763963879691133e-05,6.310019865021016e-05
532,uj0178,uj0178,0168_060145.xml,letters-leipzig,Brief,"Baumgärtner, Klaus + Baumgärtner, Sabine","Johnson, Uwe",1959-04-01,1959,4.0,BaumgärtnerKlaus+BaumgärtnerSabine,JohnsonUwe,289,0.00012280813966191877,0.00014087685771090516,0.00013319325334962438,0.000176660990610437,0.00013380415894552242,0.2045156505811546,0.00011225700202142984,0.00015478424216515903,0.00013567558268429177,0.00016493183460398713,6.346801212355717e-05,0.00014364351812104996,5.7962766441483744e-05,0.00016652806638915585,0.00014078830988404744,0.0002254033602439392,2.768079709072055e-05,9.691931487066676e-05,0.00011221620907420352,0.0001752212174098407,0.00011232153706406534,0.275913487453358,0.00013983486274786656,0.4244015483482746,0.0159435708881903,0.000180416095074622,0.00011419599968650678,0.00012822348057622875,0.00015675611711655116,0.0001254724320709414,7.99499889486061e-05,0.00032132390900078386,0.00018598308431270428,0.00014571484261825685,0.00013354267869283555,0.034960955546735,0.0158865241350293,0.0237544987615706,0.00015047509355576653,0.00016473053081981882
533,uj0527,uj0527,0337_101298.xml,letters-leipzig,Brief,"Baumgärtner, Klaus","Johnson, Uwe",1962-11-12,1962,11.0,BaumgärtnerKlaus,JohnsonUwe,240,0.00022241019651327452,0.0002551333298746388,0.0002412180310953623,0.00031993975111147086,0.00024232440428861144,0.0431246854532549,0.00020330168625882415,0.0002803201303421929,0.00024571362362411426,0.00029869780493827034,0.00011494297599139037,0.0002601438567599069,0.00010497276736047593,0.0003015886412134345,0.00025497296640340257,0.00040821403031278245,5.013097289430144e-05,0.00017552455338594398,0.00020322780868496028,0.0003173322672642217,0.0002034185616675232,0.5139185207517564,0.0429394519965255,0.00025558921339236635,0.00041694078404272254,0.000326740387649948,0.00020681328453655843,0.00023221758420153164,0.00028389127063180287,0.0002272353310677987,0.0001447924608437619,0.000581929780403949,0.00033682241620145706,0.0002638951039470621,0.0002418508536384304,0.3478903209049425,0.0003136269514586408,0.0003340920174819126,0.0429587218578836,0.0002983332361538315
534,uj0271,uj0271,0841_s000087.xml,letters-leipzig,Brief,"Johnson, Uwe","Baumgärtner, Klaus + Baumgärtner, Sabine",1972-10-05,1972,10.0,JohnsonUwe,BaumgärtnerKlaus+BaumgärtnerSabine,452,9.81355336238826e-05,0.00011257417989373242,0.00010643423985209607,0.00014116914914439376,0.00010692241227138614,0.00019347331844740904,8.970415826440803e-05,0.0001236875197626361,0.00010841786011178268,0.00013179642363271782,5.0717055522042905e-05,0.00011478500807216644,4.6317833905070726e-05,0.00013307196659311256,0.00011250342165031436,0.00018011899780462492,2.2119623349971e-05,7.744786876079757e-05,8.967156077001421e-05,0.00014001863166463344,8.975572798009551e-05,0.2895420918249018,0.00011174152554351836,0.0001127753324172403,0.3580436328235673,0.0315353683710961,9.125360418127988e-05,0.00010246291267093975,0.00012526323779832294,0.00010026455990837222,6.388774270414179e-05,0.0002567687562299414,0.0001486184000041681,0.00011644019587487402,0.00010671346436125434,0.316736197741772,0.00013838371047160267,0.00014741364797593782,0.00012024409492604544,0.00013163556251769528
535,uj0193,uj0193,0166_060141.xml,letters-leipzig,Brief,"Menzhausen, Joachim","Johnson, Uwe",1959-03-24,1959,3.0,MenzhausenJoachim,JohnsonUwe,225,0.00019231050813967103,0.0125237069642917,0.0002085730009668481,0.0371859466240361,0.2585746691087823,0.00037913843037416166,0.00017578803131785794,0.00024238325199568085,0.00021246018643382192,0.0002582738001603026,9.938726940817643e-05,0.00022493751665709057,9.076637019524287e-05,0.0002607734076501608,0.0002204664242000749,0.0003529687434744421,4.334654175922091e-05,0.00015177009229711742,0.0001757241519004903,0.0002743863839131764,0.0001758890894958925,0.4812771152865884,0.0863406865355187,0.00022099927194467055,0.0003605144696620199,0.0002825212645993245,0.00017882439053052186,0.0002007906216390488,0.00024547109515440024,0.00019648263735213469,0.00012519710047554104,0.0005031748252801493,0.0002912388506822253,0.00022818109210474895,0.0002091201810275087,0.1162623620459366,0.00027118252376395573,0.0002888779680724743,0.00023563537224599191,0.00025795856997173027
536,uj0335,uj0335,0556_101007.xml,letters-leipzig,Brief,"Bierwisch, Manfred","Johnson, Uwe",1966-07-14,1966,7.0,BierwischManfred,JohnsonUwe,807,5.222882341056752e-05,5.991323168215114e-05,5.664548724398308e-05,7.513179262815226e-05,5.690529803972124e-05,0.00010296865376586755,4.7741551588661006e-05,6.582787487081703e-05,5.770119202726642e-05,7.014352377641076e-05,2.699218151619735e-05,6.108985904900367e-05,2.46508668008018e-05,7.082238193890244e-05,0.0735695548766541,0.0535574462835156,1.1772309776005008e-05,0.0033825676771221,4.772420283927888e-05,0.3275267272800131,4.776899756540881e-05,0.4414535434614441,5.947008376810354e-05,6.002028729433284e-05,9.79106485395835e-05,7.672879335211133e-05,4.856618395359707e-05,5.45319027105239e-05,6.666648954983994e-05,5.336191489886818e-05,3.400176784673176e-05,0.00013665519033995437,7.909636685859682e-05,6.197076842266911e-05,5.679409363600233e-05,0.0984022000084406,7.364935115980764e-05,7.845518441822694e-05,6.399524584158956e-05,7.005791170033706e-05
537,uj0672,uj0672,0242_060212.xml,letters-leipzig,Brief,"Baumgärtner, Klaus","Johnson, Uwe",1961-06-18,1961,6.0,BaumgärtnerKlaus,JohnsonUwe,2111,0.0956722542606782,2.4156441305433305e-05,2.2838918038777685e-05,3.0292419351076864e-05,0.0027173435613821,0.1064703116348838,0.0202272481123319,2.654116880248389e-05,2.326456809832616e-05,2.8281197116027364e-05,1.0882989119344598e-05,2.4630846192763175e-05,9.93899344573367e-06,2.855490622662821e-05,2.414125782947445e-05,0.0350658489441435,4.74648257403486e-06,1.661895203426899e-05,1.9241941593998183e-05,3.004553851217632e-05,1.9260002398634648e-05,0.555205826130653,2.397776830992361e-05,2.419960510313669e-05,3.947663593195843e-05,3.093631475063924e-05,1.958142031676536e-05,2.1986740993856426e-05,2.687929021077586e-05,0.1509079088597442,1.3709187206391982e-05,5.509806418126101e-05,3.1890897717372344e-05,2.498602041693535e-05,2.2898834713035376e-05,0.0006060263705539111,2.969471314639761e-05,3.163237909716105e-05,2.580227032653413e-05,0.032361045360568
538,uj1093,uj1093,0415_101380.xml,letters-leipzig,Brief,"Bierwisch, Manfred","Johnson, Uwe",1964-01-19,1964,1.0,BierwischManfred,JohnsonUwe,377,0.00011142731397648931,0.0072564054952533,0.0001208500226564445,0.00016028953554982333,0.00012140431465884368,0.00021967794339752047,0.0001018539670475929,0.00014044014018802265,0.235366371673095,0.2068785810212991,5.758633046493574e-05,0.0001303318447655385,5.2591264658851175e-05,0.0001510956455372154,0.0001277412332183839,0.00020451487224218024,2.5115573585255135e-05,8.793764776675295e-05,0.00010181695444768602,0.0144161510285746,0.0001019125215251546,0.4855874149659728,0.0001268761435452101,0.00012804997242100514,0.00020888696823016025,0.00016369664850908756,0.00010361327471417753,0.00011634080663267408,0.0001422292783504931,0.00011384470216918254,7.254089627542522e-05,0.0145487141512921,0.00016874773599761405,0.00013221121632619274,0.0001211670661971782,0.0317210681747026,0.00015712682844370112,0.00016737980862659748,0.00013653032723594984,0.00014946469044889785
539,uj0699,uj0699,0255_000009.xml,letters-leipzig,Brief,"Johnson, Uwe","Klemm, Eberhardt",1961-07-25,1961,7.0,JohnsonUwe,KlemmEberhardt,765,5.347968344022802e-05,6.13481303045051e-05,0.0924350750440188,7.693116987271569e-05,5.826815781992841e-05,0.00010543471301999226,4.888494320150266e-05,6.740442689968655e-05,5.908311315926858e-05,7.182343391992935e-05,2.763863377698331e-05,6.255293743967121e-05,2.5241245483760392e-05,7.251855047167467e-05,6.130957007744924e-05,9.815717741018344e-05,1.2054252021569871e-05,4.220578776615318e-05,0.4653556048468554,7.630418687952334e-05,4.8913046498730746e-05,0.250165173127428,6.0894369170080095e-05,6.14577498570072e-05,0.0001002555705335858,7.856641814357497e-05,4.97293251912073e-05,5.583792059466655e-05,6.826312607446824e-05,5.463991202946473e-05,3.4816096976892994e-05,0.0104040472423202,8.099069411573285e-05,6.345494425060055e-05,5.815429011394361e-05,0.1794504751041654,7.541322450713626e-05,8.033415560501701e-05,6.552790711718982e-05,7.173577146789418e-05
540,uj0717,uj0717,1122_101852.xml,letters-leipzig,Brief,"Johnson, Uwe","Menzhausen, Joachim",1982-08-15,1982,8.0,JohnsonUwe,MenzhausenJoachim,899,4.634441450933763e-05,5.316305178549725e-05,5.0263470809633226e-05,6.666699942706695e-05,5.049400978074958e-05,9.136759474900034e-05,4.23627053351572e-05,5.84113162056163e-05,5.120023363293808e-05,6.224073851875878e-05,2.395108231453722e-05,0.0326680286166487,0.005951659281871,6.284311249582976e-05,5.3129636270832726e-05,8.506102924203729e-05,1.0445971560621364e-05,3.6574684012740565e-05,4.2347311198738246e-05,6.612366861697926e-05,4.238705908544208e-05,0.2701561625307984,5.2769831542794734e-05,5.325804587769608e-05,0.0149113437740666,6.808407258111958e-05,4.309442972875477e-05,4.838801524079615e-05,0.3914250134873224,4.734984519265996e-05,3.0170927090430552e-05,0.00012125880639091462,7.018490121942449e-05,5.4988774238043695e-05,5.039533432446561e-05,0.2829985537654811,6.535157860368892e-05,6.961595819424813e-05,5.6785162028166863e-05,6.216477200675495e-05
541,uj0642,uj0642,0065_060059.xml,letters-leipzig,Brief,"Bierwisch, Manfred","Johnson, Uwe",1957-10-21,1957,10.0,BierwischManfred,JohnsonUwe,492,8.670419014862176e-05,9.946094690573876e-05,9.403621939662358e-05,0.00012472502363359956,9.44675269231069e-05,0.000170936528002601,7.925494576804828e-05,0.00010927974645364469,9.5788777128033e-05,0.3218376475387209,4.480926595472502e-05,0.00010141424618165183,4.092248882621041e-05,0.00011757104352395728,9.939843095493732e-05,0.000159137788916356,1.9543013199502708e-05,6.842633337459629e-05,7.92261454013725e-05,0.00012370852448542378,0.0278138870132166,0.5387074873657707,0.0722086501971132,9.963866812457828e-05,0.00016253981870924703,0.00012737617764005984,8.062390406929267e-05,9.052749330789548e-05,0.0001106719165590259,8.858521624574666e-05,5.644576217230718e-05,0.0002268589800480584,0.00013130654654543375,0.0001028766289973164,9.428291836530704e-05,0.0246829025001636,0.0001222640475180712,0.0001302421303744476,0.00010623742986586809,0.0112101365612934
542,uj0354,uj0354,0858_101519.xml,letters-leipzig,Brief,"Bierwisch, Manfred","Johnson, Uwe",1973-01-04,1973,1.0,BierwischManfred,JohnsonUwe,509,0.0001075924064826179,0.00012342243910340504,0.00011669082110181028,0.00015477297485090092,0.00011722603646601424,0.0002121174578997621,9.834853801433304e-05,0.00013560672074329797,0.00011886559378002616,0.0001444970426185742,5.560442636652829e-05,0.0001258463146890717,5.078127186843932e-05,0.00014589550382434718,0.0001233448622114608,0.00019747624241094172,2.4251190357142e-05,8.491116590714982e-05,9.83127992483874e-05,0.0001535115872599172,9.840507726782817e-05,0.709788903353178,0.00012250954565900694,0.00012364297577626006,0.00020169786736026987,0.00015806282784442007,0.00010004729695265848,0.0001123367952706769,0.00013733428352445508,0.0138764165431331,7.004431247733174e-05,0.000281512387737247,0.00016294007597013078,0.2548077250032949,0.00011699695320075422,0.0168628588136237,0.00015171911618372383,0.0001616192274951135,0.0001318314687929622,0.00014432068005309318
543,uj0308,uj0308,0571_101024.xml,letters-leipzig,Brief,"Klemm, Eberhardt","Johnson, Uwe",1966-10-31,1966,10.0,KlemmEberhardt,JohnsonUwe,422,0.00012185079761479249,0.00013977866226779398,0.0001321549548933806,0.00017528384252510695,0.00013276109821850905,0.00024022774727400337,0.00011138191061124068,0.00015357763270372417,0.00013461793340770794,0.0001636461203132996,6.297325178584118e-05,0.00014252375537508703,5.7510921851744384e-05,0.00016522990878804026,0.00013969080470917146,0.00022364624451106407,2.746501342177262e-05,9.616378730091616e-05,0.00011134143566250952,0.00017385529297326104,0.0001114459425755786,0.5933751838571801,0.00013874479010177646,0.0001400284249635939,0.00022842732882847125,0.00017900967434169045,0.0001133057929590498,0.00012722392362729656,0.0001555341360453204,0.00012449432072337606,7.932674454234369e-05,0.0003188190515077848,0.0001845332665143324,0.00014457893301069434,0.0001325016563163833,0.1750061292857687,0.0001718252795413104,0.2262504580137115,0.0001493020757533409,0.00016344638577834686
544,uj0509,uj0509,0272_060249.xml,letters-leipzig,Brief,"Baumgärtner, Klaus","Johnson, Uwe",1962-01-19,1962,1.0,BaumgärtnerKlaus,JohnsonUwe,450,0.0001026466139561154,0.00011774897387592222,0.00011132679393870362,0.00014765839262947052,0.00011183740659873091,0.00020236687259065077,9.382766632640109e-05,0.0001293731701803773,0.00011340159697398288,0.0001378548229968752,0.0066198853513228,0.00012006142909142828,4.844696554419334e-05,0.00013918899993569826,0.00011767496302757668,0.0001883986824249996,2.3136415068176603e-05,8.100798144005603e-05,9.379357039499456e-05,0.0001464549883248958,9.388160659148678e-05,0.7165624490635932,0.00011687804418828354,0.00011795937295018564,0.00019242624831563893,0.0001507970181258032,9.544833695407183e-05,0.00010717291335127104,0.00013102132059990558,0.1511421231584025,6.682452542637142e-05,0.0002685718661065343,0.00015545006959936505,0.00012179270233298988,0.0001116188538006136,0.121157100366095,0.0001447449133056587,0.00015418993770026563,0.00012577145847783447,0.0001376865674408647
545,uj0455,uj0455,0102_060086.xml,letters-leipzig,Brief + Postkarte,"Bierwisch, Manfred","Johnson, Uwe",1958-03-28,1958,3.0,BierwischManfred,JohnsonUwe,154,0.000282759941791998,0.00032436231178027724,0.0003066711756069785,0.0004067535878276442,0.00030807775689069527,0.0005574586721275086,0.0002584664456664384,0.0003563834076912608,0.0003123866216687087,0.0003797477600479613,0.0001461321005522547,0.0003307324167153767,0.0001334565323619124,0.0003834230083491192,0.0003241584345907276,0.0005189805919848196,6.373372803851135e-05,0.00022315214534471096,0.0002583725218319516,0.0004034385780284971,0.0002586150345543524,0.5448296651942153,0.0003219631675874944,0.00032494189670469816,0.0005300753008398773,0.0004153995385165712,0.0002629308962185054,0.00029522850850043856,0.0003609235566423944,0.00028889434923898017,0.0001840810738084064,0.0188294549818402,0.0004282172683287015,0.0003355015435491103,0.00030747571095764045,0.1528544364934888,0.0003987278457961981,0.2717690738361998,0.0003464617965234733,0.0003792842675917557
546,uj0987,uj0987,0726_s000236.xml,letters-leipzig,Brief,"Johnson, Uwe","Bierwisch, Manfred",1969-12-07,1969,12.0,JohnsonUwe,BierwischManfred,195,0.0002323273704518361,0.00026650961409882085,0.00025197383819860043,0.3273243498656401,0.0002531295440913859,0.00045803131309960366,0.00021236682003523936,0.0002928194830457361,0.00025666988724312126,0.0003120166101597861,0.0001200682333032982,0.0002717435581988751,0.00010965345740547512,0.0003150363475672642,0.00026634210009014264,0.000426416116396239,5.236629117420067e-05,0.00018335111688755416,0.0002122896482924855,0.0003314819750569108,0.00021248890686758435,0.4773811706140333,0.0002645383770908077,0.0002669858252643448,0.00043553199227981936,0.00034130959943913937,0.0002160349989530189,0.000242572065291978,0.00029654985892780666,0.0002373676556577438,0.00015124869370399517,0.000607877776236732,0.0300782179212742,0.0002756620718667258,0.00025263487802365574,0.1553179618399749,0.0003276114408309637,0.0003489890352481611,0.00028466747318659814,0.00031163578541179647
547,uj0953,uj0953,0211_060183.xml,letters-leipzig,Brief + Postkarte,"Baumgärtner, Klaus","Johnson, Uwe",0000-00-00,0,0.0,BaumgärtnerKlaus,JohnsonUwe,141,0.0003979361829530993,0.0004564843924696954,0.0004315871486936138,0.0005724360003641492,0.0004335666709113234,0.0007845275916194218,0.0003637472484897358,0.000501548599938536,0.00043963066000312,0.4587792240238345,0.00020565589995579915,0.0004654492240042445,0.00018781720897835852,0.0005396022061395146,0.0004561974702483707,0.0007303762848879728,8.969430500050365e-05,0.00031404841991936825,0.0003636150667812975,0.0005677706919135798,0.00036395636189707006,0.2575935453021291,0.00045310800797767855,0.00045730005897132056,0.0007459901871429299,0.0005846036949581849,0.0003700301979075825,0.0004154835548029026,0.0005079380818863773,0.0004065693106467203,0.0002590625793773522,0.0010411883950961,0.0006026424540668402,0.0004721609530992773,0.000432719394387485,0.0114520833629866,0.0005611411432174135,0.2551781983931436,0.00048758563173366014,0.000533777637465536
548,uj0811,uj0811,0549_000022.xml,letters-leipzig,Brief,"Johnson, Uwe","Klemm, Eberhardt",1965-05-24,1965,5.0,JohnsonUwe,KlemmEberhardt,154,0.0177308915514301,0.00031303687440995654,0.00029596344210502896,0.0003925513759282057,0.00029732091118410165,0.000537994440160883,0.00024944182894491384,0.0003439399214505937,0.00030147932760110564,0.0003664884838720776,0.00014102975082637447,0.0003191845607043425,0.00012879676288798882,0.00037003540717078174,0.000312840115798175,0.0005008598610075488,6.150840062203218e-05,0.0002153605630481024,0.0002493511845558695,0.0003893521130407641,0.0002495852297018925,0.1591882941222525,0.00031072149875720103,0.0003135962225419884,0.0005115671869092965,0.00040089544452578593,0.00025375039870169727,0.0002849203072652104,0.00034832154652046697,0.0002788073115650041,0.00017765369739393953,0.1752940456883832,0.0004132656303695056,0.00032378716866302514,0.0002967398862922135,0.6363414944579807,0.0003848058607770917,0.00040991555658071794,0.00033436473334680746,0.0003660411747226057
549,uj0638,uj0638,0041_060041.xml,letters-leipzig,Brief,"Bierwisch, Manfred","Johnson, Uwe",1957-05-29,1957,5.0,BierwischManfred,JohnsonUwe,969,4.634441450933763e-05,5.316305178549725e-05,5.0263470809633226e-05,6.666699942706695e-05,5.049400978074958e-05,9.136759474900034e-05,4.23627053351572e-05,5.84113162056163e-05,5.120023363293808e-05,6.224073851875878e-05,2.395108231453722e-05,5.420711333717698e-05,2.187355399623417e-05,6.284311249582976e-05,5.3129636270832726e-05,8.506102924203729e-05,1.0445971560621364e-05,3.6574684012740565e-05,4.2347311198738246e-05,6.612366861697926e-05,4.238705908544208e-05,0.4806635558703552,5.2769831542794734e-05,5.325804587769608e-05,8.687945437956066e-05,0.0623308342152669,0.4447770240203417,4.838801524079615e-05,5.915544758289694e-05,4.734984519265996e-05,3.0170927090430552e-05,0.00012125880639091462,7.018490121942449e-05,5.4988774238043695e-05,5.039533432446561e-05,0.007263517419301,6.535157860368892e-05,0.0030345088221316,5.6785162028166863e-05,6.216477200675495e-05
550,uj0737,uj0737,0775_101224.xml,letters-leipzig,Brief,"Johnson, Uwe","Baumgärtner, Klaus",1971-01-11,1971,1.0,JohnsonUwe,BaumgärtnerKlaus,137,0.0002682047730200213,0.0003076656461871593,0.00029088516755303845,0.0003858158019378964,0.0002922193445639072,0.0005287632883160824,0.00024516179326509026,0.0003380384447746456,0.0002963064089919059,0.0003602001087673419,0.0687724183969925,0.0003137078477005861,0.000126586809798172,0.0003636861723524356,0.017465924388247,0.0176507180056597,6.045301167469842e-05,0.00021166530913751497,0.00024507270419345565,0.0003826714334495429,0.0002453027334870457,0.4824674597661304,0.0003053899987966921,0.0003082153967710468,0.0005027894858241978,0.00039401669923392056,0.0002493964346339764,0.0002800315158136744,0.00034234488794052944,0.000274023409657528,0.0001746054349324477,0.0007017499517272201,0.0004061746318360684,0.0003182314820309613,0.0002916482891598098,0.3680460775214509,0.00037820318783768304,0.0004028820401279995,0.0346455318012744,0.00035976047475049606
551,uj0037,uj0037,1043_101726.xml,letters-leipzig,Brief,"Johnson, Uwe","Klemm, Erika",1978-10-24,1978,10.0,JohnsonUwe,KlemmErika,201,0.00026368042507025945,0.0171714817237207,0.00028597822388974853,0.0003793074728249274,0.0002872898946604942,0.000519843577184679,0.0002410261574811736,0.0003323360721906845,0.0002913080143737619,0.0003541238909384972,0.00013627168737491533,0.0003084159081068698,0.0001244514161326219,0.0003575511480957396,0.00030228551216023703,0.0004839618449152077,5.943322945252696e-05,0.00020809472574838,0.00024093857125363107,0.00037621614670775696,0.0002411647201816664,0.5418047376133057,0.0003002383730468013,0.00030301610936551645,0.0004943079269252415,0.00038737002913451175,0.000245189364659014,0.00027530766246768745,0.00033656986994057183,0.00026940090709088563,0.00017166001478701682,0.0006899121275170391,0.0003993228694975376,0.00031286323322217164,0.0002867284723934869,0.3618375059979018,0.067847847640731,0.000396085820539048,0.0003230839318997925,0.0003536916731105594
552,uj1231,uj1231,0948_s000100.xml,letters-leipzig,Brief,"Johnson, Uwe","Baumgärtner, Sabine",1975-02-01,1975,2.0,JohnsonUwe,BaumgärtnerSabine,424,9.752325922552013e-05,0.00011187182178021002,0.00010577018925019718,0.0001402883850351263,0.00010625531592791656,0.0001922662249994273,8.914448780149035e-05,0.00012291582475114452,0.0001077414335655522,0.00013097413660776187,5.040062829624833e-05,0.00011406885644835426,4.602885372795801e-05,0.00013224172136718878,0.00011180150500237856,0.00017899522288903572,2.1981617486258934e-05,7.696466613786473e-05,8.911209368512414e-05,0.00013914504571369165,8.919573577014613e-05,0.3064528266396241,0.0001110443624182178,0.00011207171929917712,0.0001828217626769785,0.0001432703537147901,9.068426661785829e-05,0.0001018236394546702,0.3245560870553918,9.963900236740788e-05,6.348914264784785e-05,0.00025516675815713823,0.00014769115950230362,0.00011571371741960072,0.00010604767165828316,0.3646726133118712,0.00013752032490733904,0.0001464939240055072,0.00011949388368085412,0.000130814279116389
553,uj0723,uj0723,1118_101848.xml,letters-leipzig,Brief,"Johnson, Uwe","Klemm, Erika",1982-07-07,1982,7.0,JohnsonUwe,KlemmErika,841,4.911098169345126e-05,5.633666301857164e-05,5.326398921889194e-05,7.064673970064584e-05,5.3508290399735234e-05,9.68218569724026e-05,4.489158118031233e-05,0.0063456672939381,5.4256672854093775e-05,6.595624957924052e-05,0.0063091499286052,5.7443050666236254e-05,2.3179313435135403e-05,6.659458275646912e-05,5.6301252737821714e-05,9.013881595354132e-05,1.106955225382392e-05,3.875803925911196e-05,4.487526807851005e-05,7.007097431985053e-05,4.491738874735294e-05,0.1480404329594074,5.591996917649135e-05,0.0031983218614216,9.206579344555015e-05,7.214840617898571e-05,4.566698645145631e-05,5.127657681799774e-05,0.4179333297434617,0.0126177145666199,3.197200490501492e-05,0.0252635737170858,7.437464547641135e-05,5.827137344470651e-05,5.340372443254239e-05,0.378439493907359,6.925279377080597e-05,7.377173893870067e-05,6.0174998052096965e-05,6.587574818506317e-05
554,uj0159,uj0159,0160_060134.xml,letters-leipzig,Brief,"Johnson, Uwe","Bierwisch, Manfred",1959-02-16,1959,2.0,JohnsonUwe,BierwischManfred,1083,3.974533718074662e-05,4.559305454913776e-05,4.3106350923928e-05,5.717414707059351e-05,4.330406297266853e-05,7.835757338052375e-05,0.5390920416170936,5.009400771037187e-05,4.390972614540453e-05,5.337815063578646e-05,2.054063801460472e-05,4.648845001045281e-05,1.875893326360679e-05,5.389475133257096e-05,4.556439713893049e-05,7.294901281976384e-05,8.958547998782778e-06,3.136673887794495e-05,3.631738970297576e-05,5.670818226175399e-05,3.635147780563045e-05,0.3435675532731627,4.525582575257248e-05,4.567452223547266e-05,7.450850862943147e-05,5.838944023836583e-05,3.695812447552333e-05,0.01784050727167,5.073218067705879e-05,4.060760250319368e-05,2.587482618910366e-05,0.00010399251338412596,6.0191127528461465e-05,4.715880859400325e-05,4.3219438119317966e-05,0.0977670123545696,5.604603174724206e-05,5.97031974809751e-05,4.869940499988591e-05,5.3313001153027776e-05
555,uj0648,uj0648,0045_110109.xml,letters-leipzig,Brief,"Johnson, Uwe","Bierwisch, Manfred",1957-07-07,1957,7.0,JohnsonUwe,BierwischManfred,1216,4.099623849146615e-05,4.702800052621833e-05,4.446303310845348e-05,5.8973583698458416e-05,0.0052901515094383,8.082371401988359e-05,3.747402118358603e-05,5.167061176883368e-05,4.529169288376269e-05,5.5058116219936405e-05,2.118711160969932e-05,4.795157668583965e-05,1.9349331430325903e-05,5.559097584253621e-05,4.699844118399758e-05,7.524493033423753e-05,9.240499549045375e-06,3.23539413413933e-05,3.746040354066868e-05,5.849295362240841e-05,3.749556449501656e-05,0.3386441693863993,4.668015815901664e-05,4.711203223748914e-05,7.685350801087998e-05,6.0227125675381896e-05,0.403940431015633,4.2804006349906304e-05,5.232886989411076e-05,4.1885641810431695e-05,2.668918219386964e-05,0.00010726546011258488,6.208551730245266e-05,4.864303340291457e-05,4.457967948665515e-05,0.2503403339052236,5.780996330616754e-05,6.158223067783715e-05,5.023211685658964e-05,5.499091629354946e-05
556,uj0730,uj0730,1114_101836.xml,letters-leipzig,Brief,"Klemm, Ine","Johnson, Uwe",1982-03-13,1982,3.0,KlemmIne,JohnsonUwe,503,0.0001013159631371574,0.00011622254487372982,0.00010988361833049665,0.0001457442353718095,0.00011038761170589244,0.00019974350651587848,9.261133919951187e-05,0.00012769605187888794,0.00011193152482967336,0.0001360677534964967,5.236072132027367e-05,0.00011850502276891598,4.781892734699599e-05,0.000137384634943848,0.00011614949345884405,0.466868953874508,2.2836488081092703e-05,7.99578412289875e-05,9.257768526786848e-05,0.00014455643129856926,9.266458021446995e-05,0.4933769776725679,0.00011536290541045848,0.000116430216457142,0.0001899317466945753,0.00014884217355829203,9.421100039867008e-05,0.00010578358622761204,0.0001293228366379138,0.00010351398805832512,6.595825126438982e-05,0.00026509025712003105,0.00015343490558715605,0.00012021385279420442,0.00011017189209874547,0.0353242825215772,0.00014286852469421824,0.00015219110930283147,0.00012414103066560653,0.00013590167910735345
557,uj0721,uj0721,1127_101859.xml,letters-leipzig,Brief,"Johnson, Uwe","Klemm, Eberhardt",1982-09-28,1982,9.0,JohnsonUwe,KlemmEberhardt,457,0.00010332513325816654,0.00011852732348232702,0.0001120626913600757,0.00014863445083195323,0.00011257667929506188,0.0002037045672681117,9.444789022093786e-05,0.00013022835857628932,0.0794370953455776,0.00013876607719883274,5.33990729633288e-05,0.00012085506459415618,4.876721187264598e-05,0.0001401090733745546,0.00011845282340411572,0.00018964404393844437,2.3289352448173728e-05,8.154346407225254e-05,9.441356890705952e-05,0.0001474230917296764,9.450218704440974e-05,0.4304483074905333,0.00011765063673577508,0.00011873911334609162,0.00019369823302776263,0.00015179382341286171,9.607927387908044e-05,0.00010788135260282768,0.2975929279145188,0.00010556674663134224,0.0529492290094179,0.00027034719203417854,0.00015647763269826528,0.0001225977819766032,0.00011235668180932824,0.1351784692141364,0.00014570171269500434,0.0001552091710181461,0.00012660283867573188,0.0001385967094323164
558,uj0701,uj0701,0259_060228.xml,letters-leipzig,Brief,"Bierwisch, Manfred","Johnson, Uwe",1961-08-01,1961,8.0,BierwischManfred,JohnsonUwe,531,7.80459063811173e-05,8.952877291716399e-05,8.464575890603314e-05,0.0051052719036341,8.503399604631075e-05,0.00015386679973293423,7.134054383128275e-05,9.83670667640618e-05,0.4194983850619476,0.00010481597195597144,4.0334610930734194e-05,9.128701565215642e-05,3.683596751596561e-05,0.0001058303945896079,8.947249981161729e-05,0.00014324628318624982,1.7591447148734748e-05,6.15932770884863e-05,0.0200433223221271,0.00011135498646588782,7.138155655169115e-05,0.4549541253760452,8.886657380268523e-05,8.968874688824556e-05,0.00014630858615299945,0.00011465638763524856,7.257279790384179e-05,8.148741433965799e-05,9.962021470910264e-05,7.97390931397388e-05,5.080908618786892e-05,0.0051972067592275,0.0001181942697503604,9.260336486352756e-05,8.486782250620267e-05,0.0921200938651764,0.00011005475502412663,0.0001172361462192031,9.56285560279102e-05,0.00010468804121508882
559,uj0505,uj0505,0333_101293.xml,letters-leipzig,Brief,"Johnson, Uwe","Bierwisch, Manfred",1962-11-01,1962,11.0,JohnsonUwe,BierwischManfred,1808,2.335502536221386e-05,2.679124196364182e-05,2.5330013292440187e-05,3.3596485766977026e-05,2.5446192201471745e-05,4.604422162281146e-05,2.134846384379815e-05,2.943607737557239e-05,0.0015199443457066,3.136589472665901e-05,1.2070022694876926e-05,0.4213754334952415,1.102306316203162e-05,3.166945794265769e-05,2.6774402389752627e-05,4.286606091190403e-05,5.264192747156653e-06,1.8431620763283265e-05,2.134070604924404e-05,3.332267704624946e-05,2.1360736788911175e-05,0.309464287150766,0.001520735336366,2.683911373969192e-05,4.3782446751617005e-05,0.022446444447688,2.171721252584653e-05,2.4384887265072427e-05,2.9811078492173115e-05,2.386170689778941e-05,1.5204480946814787e-05,6.110774143194731e-05,3.536931398052009e-05,2.771130524710383e-05,2.539646522124037e-05,0.2367466035106094,3.293358632122423e-05,0.0060116516208685,2.8616585480825305e-05,3.1327611800155086e-05
560,uj0686,uj0686,0226_060198.xml,letters-leipzig,Brief,"Baumgärtner, Klaus","Johnson, Uwe",1961-02-12,1961,2.0,BaumgärtnerKlaus,JohnsonUwe,381,0.00011906627967705138,0.1677169254156348,0.0077464231930407,0.00017127827987585523,0.00012972725956779868,0.00023473809530190676,0.0001088366262626118,0.0001500680974239369,0.0001315416626105286,0.00015990650131716754,6.153419555783112e-05,0.00013926682180415753,5.61966900482033e-05,0.0153960305478576,0.0001364986093434929,0.00021853551079622884,2.6837386651737087e-05,9.396626544679566e-05,0.00010879707624193184,0.00016988237534505088,0.00010889919497716576,0.6483710484812867,0.0001355742129338875,0.00013682851434554944,0.00022320733842181063,0.00017491896948796108,0.0001107165443113565,0.00012431661974103127,0.00015197989101593305,0.00012164939335329009,7.751398051088408e-05,0.00031153344168663693,0.00018031633727974908,0.00014127503479855106,0.00012947374639691155,0.0034265719454392,0.0077851869767981,0.1449073309113986,0.00014589024492239782,0.00015971133108877867
561,uj0860,uj0860,0388_101354.xml,letters-leipzig,Brief,"Bierwisch, Manfred","Johnson, Uwe",1963-08-14,1963,8.0,BierwischManfred,JohnsonUwe,552,7.468957945471723e-05,0.0813164430964881,8.100560847412497e-05,0.00010744186119154125,8.137714966162092e-05,0.00014724983150271324,6.827257781861702e-05,0.0096506973634165,8.25153140570352e-05,0.00010030841114586676,3.860004025291262e-05,8.73612611459833e-05,3.5251854327118765e-05,0.00010127920901866828,0.3441218036911954,0.00013708604519737996,1.6834935366408556e-05,5.894448762645087e-05,6.824776832242695e-05,0.00010656621846005172,6.83118268065734e-05,0.4879501234061945,8.50449092421589e-05,8.583172516687402e-05,0.00014001665528771008,0.00010972564444899154,0.0717436557797064,7.798308700728833e-05,9.533609495771984e-05,7.630995152551085e-05,4.8624065704598765e-05,0.0001954231022315236,0.0001131113816335622,8.862100138825494e-05,8.121812233523475e-05,0.0021494684999847,0.00010532190285040637,0.00011219446174722818,9.151609565155294e-05,0.00010018598200539152
562,uj0327,uj0327,0580_101033.xml,letters-leipzig,Brief,"Bierwisch, Manfred","Johnson, Uwe",1966-11-22,1966,11.0,BierwischManfred,JohnsonUwe,591,7.92327339608437e-05,0.0051598196671843,0.010223791847379,0.00011397724376274592,8.63270900265291e-05,0.00015620661959018004,7.242540438192055e-05,9.986291392870722e-05,8.753448572220626e-05,0.00010640988625694333,4.09479708222366e-05,9.267519797805362e-05,3.7396124277556256e-05,0.0051763691841672,9.083308917917422e-05,0.00014542459909622907,1.785895656225178e-05,6.252991301679979e-05,7.23990857947002e-05,0.1116294962198379,7.246704077408777e-05,0.5480443171042897,9.021794898167008e-05,9.105262467932756e-05,0.1674232052923482,0.00011639994305470664,7.367639708135135e-05,8.272657620250615e-05,0.00010113511822931638,8.095166865213635e-05,5.158172920765769e-05,0.0458276751757447,0.0102578505233272,9.401156463327348e-05,8.615838952056764e-05,0.0732452268384702,0.00011172833439041442,0.000119018931481435,9.70827592394036e-05,0.020381997806766
563,uj0912,uj0912,1029_101712.xml,letters-leipzig,Brief,"Johnson, Uwe","Bierwisch, Manfred",1977-09-27,1977,9.0,JohnsonUwe,BierwischManfred,482,9.126010020716744e-05,0.00010468716639598028,9.897739417816896e-05,0.00013127875522085775,9.943136494958732e-05,0.00017991846354648898,0.280325780698032,0.00011502189911328051,0.00010082204083149814,0.00012256268839140448,4.7163788673053245e-05,0.00010674310264714482,4.30727791194993e-05,0.00012374886605901988,0.00010462136551686584,0.00016749975449121431,2.0569909480493123e-05,7.202182535666032e-05,8.3389118287864e-05,0.00013020884367489892,8.346738869352171e-05,0.3451555747930598,0.00010391284830107182,0.00010487422605494752,0.0001710805454457786,0.0001340692152883525,8.486032280383005e-05,9.528430052366446e-05,0.0818538425906776,9.323996565336634e-05,5.941172973630016e-05,0.00023877938559363504,0.0001382061071679805,0.00010828232701531002,9.923705605338477e-05,0.2887070902269998,0.00012868846602577286,0.00013708576077803308,0.00011181972265345194,0.00012241309730105936
564,uj0634,uj0634,0062_060056.xml,letters-leipzig,Brief,"Bierwisch, Manfred","Johnson, Uwe",0000-00-00,0,0.0,BierwischManfred,JohnsonUwe,184,0.00022241019651327452,0.0002551333298746388,0.0002412180310953623,0.00031993975111147086,0.00024232440428861144,0.0004384796942245551,0.00020330168625882415,0.0002803201303421929,0.00024571362362411426,0.00029869780493827034,0.00011494297599139037,0.0002601438567599069,0.00010497276736047593,0.0003015886412134345,0.00025497296640340257,0.00040821403031278245,5.013097289430144e-05,0.00017552455338594398,0.00020322780868496028,0.0003173322672642217,0.0002034185616675232,0.7131208142938984,0.0002532462374951495,0.00025558921339236635,0.00041694078404272254,0.000326740387649948,0.2278665773326988,0.0144609528372116,0.00028389127063180287,0.0002272353310677987,0.0001447924608437619,0.000581929780403949,0.00033682241620145706,0.0002638951039470621,0.0002418508536384304,0.0348581453387194,0.0003136269514586408,0.0003340920174819126,0.00027251609885325175,0.0002983332361538315
565,uj1062,uj1062,0722_101165.xml,letters-leipzig,Brief,"Johnson, Uwe","Zeibig, Brigitte",1969-11-24,1969,11.0,JohnsonUwe,ZeibigBrigitte,148,0.0003452064905572825,0.0003959965991260696,0.0003743984371175064,0.0004965837016576232,0.0003761156569809644,0.0006805714791716157,0.00031554786038596766,0.0004350894425931268,0.0003813761195446399,0.000463613730828882,0.00017840486622576945,0.0004037735195596751,0.00016292994292837253,0.000468100644922614,0.00039574769636897074,0.0006335956489841466,7.780909999794535e-05,0.0002724345197787713,0.00031543319379961394,0.0004925365834849635,0.00031572926461249115,0.4884761850834255,0.0003930676122905132,0.0003967041833633249,0.0006471405856655477,0.0005071390804568286,0.0003209982693002518,0.0003604286968161392,0.00044063226763438063,0.0003526956605330598,0.00022473473811280285,0.0009032226956915952,0.0005227875612752744,0.0004095958914517544,0.0003753806512995124,0.4957969328008749,0.0004867855024387549,0.0005185496649262202,0.0004229766781392943,0.0004630478776772917
566,uj1218,uj1218,0969_101652.xml,letters-leipzig,Brief,"Klemm, Erika","Johnson, Uwe",1975-11-29,1975,11.0,KlemmErika,JohnsonUwe,165,0.0003697006189514188,0.0004240945399468714,0.0004009638802368281,0.0005318188008795451,0.0004028029454449335,0.0007288614321365951,0.0003379375605167835,0.00046596121633238905,0.00040843666415810734,0.0004965094455933261,0.00019106358446834424,0.0004324232718116706,0.00017449063790515084,0.0005013147287007112,0.000423827976293304,0.0006785524316655213,8.333004510678479e-05,0.00029176511259492447,0.00033781475776217834,0.0005274845194151774,0.00033813183628117564,0.7123493630988427,0.0004209577268346451,0.00042485233082748686,0.0006930584494020007,0.0005431231366382187,0.00034377470322489496,0.00038600291693724313,0.0004718973325542564,0.0003777211830231068,0.0002406807926643008,0.0009673108669222478,0.2370765665500255,0.0004386587701326673,0.000402015787431401,0.0342911691858253,0.0005213253703824037,0.0005553433591900061,0.0004529889906115881,0.0004959034423283213
567,uj0905,uj0905,0372_000013.xml,letters-leipzig,Brief,"Johnson, Uwe","Klemm, Eberhardt",1963-06-22,1963,6.0,JohnsonUwe,KlemmEberhardt,377,0.00010986100715834463,0.0001260248181922589,0.0001191512631000608,0.00015803638429409166,0.00011969776355376677,0.0002165899836481529,0.00010042223045314002,0.0001384660070848581,0.0001213718911590479,0.0001475437826185571,5.677685333746775e-05,0.00012849980152773136,5.1852001964002485e-05,0.00014897173057102636,0.00012594560558088755,0.0002016400561187968,2.4762530038351545e-05,8.670152950855162e-05,0.0001003857381304033,0.00015674840017241578,0.00010047996184456456,0.3100805307137954,0.00012509267626413845,0.0001262500049111666,0.0002059506946103052,0.00016139560429006134,0.00010215680795711868,0.0001147054320359602,0.0001402299957646526,0.00011224441470954884,7.152120643120535e-05,0.00028744811511731395,0.00016637568986272014,0.00013035275521664278,0.2671978711338044,0.4037792671565139,0.0001549181345972646,0.0142217852692091,0.00013461115342836515,0.00014736370142414768
568,uj0526,uj0526,0325_101288.xml,letters-leipzig,Brief,"Johnson, Uwe","Bierwisch, Manfred",1962-10-06,1962,10.0,JohnsonUwe,BierwischManfred,1014,4.593583006506081e-05,5.2694352456790425e-05,0.2469051223357047,6.607924577431505e-05,5.004884142240471e-05,9.05620742063272e-05,4.198922467733293e-05,5.789634680910918e-05,5.07488390209392e-05,6.169200793648025e-05,2.3739923326751497e-05,5.3729209289554186e-05,2.1680711039892373e-05,6.228907122747883e-05,5.266123154201748e-05,8.43111090255359e-05,1.0353877151182487e-05,3.625223206032815e-05,4.197396625963522e-05,6.554070511034202e-05,4.201336371860418e-05,0.3383044816349836,5.2304598946293806e-05,5.278850905629932e-05,8.611350245282752e-05,6.748382564188908e-05,4.271449799785326e-05,4.796141387952886e-05,5.863391773010885e-05,4.693239660927698e-05,2.9904932329053723e-05,0.0001201897571312046,6.956613282705253e-05,5.450397886407284e-05,4.995103591467649e-05,0.4127474764996193,6.47754220439589e-05,6.900220575195835e-05,5.628452923096596e-05,6.161671116505724e-05
569,uj0558,uj0558,0762_101212.xml,letters-leipzig,Brief,"Bierwisch, Manfred","Johnson, Uwe",1970-08-09,1970,8.0,BierwischManfred,JohnsonUwe,615,7.577581367939728e-05,8.692468228106147e-05,8.21836987105143e-05,0.339453065904074,8.256064333924908e-05,0.0001493913324687696,6.926548755482294e-05,9.550589991105271e-05,8.371536042017367e-05,0.00010176722815896804,3.916141287146059e-05,0.0146319487043038,3.576453321663866e-05,0.00010275214465289958,8.687004597073091e-05,0.00013907973099808407,1.7079771166780905e-05,5.980173599072771e-05,6.924031724626713e-05,0.00010811604474815152,6.930530735324999e-05,0.6404797058988662,8.628174430975558e-05,8.708000314782204e-05,0.00014205296187972871,0.00011132141927053584,7.046189950437401e-05,7.911721975608599e-05,9.672259800066716e-05,7.741975133474583e-05,4.933122090211127e-05,0.00019826520234089327,0.00011475639630399172,8.990984469726974e-05,8.239930322805624e-05,0.0021807289015909,0.0001068536326622458,0.00011382614136115992,9.284704323395404e-05,0.00010164301849270252
570,uj0684,uj0684,0265_060235.xml,letters-leipzig,Brief,"Bierwisch, Manfred + Baumgärtner, Klaus","Johnson, Uwe",1961-09-27,1961,9.0,BierwischManfred+BaumgärtnerKlaus,JohnsonUwe,511,8.129307835528622e-05,9.325370015266452e-05,8.816752383640276e-05,0.0105184218330367,8.857191394125849e-05,0.00016026856996042088,7.430873300727465e-05,0.00010245971937312608,8.98107063946784e-05,0.00010917693721811683,4.2012769648806e-05,9.508509619956768e-05,3.836856194539208e-05,0.0001102335658417744,0.0937065219167898,0.00014920617701969237,1.832335554489716e-05,6.415592223456591e-05,0.208103896910122,0.00011598801346246422,7.435145209977187e-05,0.3178607003162972,9.256394963279422e-05,9.342032998847468e-05,0.00015239588992798953,0.1509408977780346,0.010477073015152,8.487777342907779e-05,0.000103765005695121,8.305671171187253e-05,5.292304511733173e-05,0.0002127009641521953,0.0001231118514408921,9.645621333491564e-05,8.839882659763005e-05,0.0127409893285685,0.1925420277262678,0.00012211386429583846,9.960727037005284e-05,0.00010904368380067512
571,uj0296,uj0296,0538_100971.xml,letters-leipzig,Brief,"Bierwisch, Manfred","Johnson, Uwe",1966-03-02,1966,3.0,BierwischManfred,JohnsonUwe,459,8.968918096629172e-05,0.00010288511836413637,9.727363215540916e-05,0.00012901896893937763,9.771978843376868e-05,0.000176821410447354,8.198347924453927e-05,0.0230645726114778,9.908652571057436e-05,0.0001204529374162199,4.635192781676551e-05,0.00010490566445237498,4.233133946160709e-05,0.00012161869663900648,0.0001028204501581927,0.0001646164726782984,2.021582629942468e-05,7.078206700707566e-05,8.195368735911536e-05,0.00012796747447415578,0.4132095824697011,0.4482339588548842,0.00010212412910834916,0.00010306895804398026,0.00016813562515783026,0.00013176139500952882,8.33995670784162e-05,9.364411011508266e-05,0.00011448205138799274,9.1634965705624e-05,5.838903713389677e-05,0.00023466912130177024,0.0001358270758885511,0.0345337143814253,9.752882430250748e-05,0.0771736120727934,0.0001264732680706999,0.0001347260147469917,0.00010989489730889354,0.00012030592133424703
572,uj0389,uj0389,0869a_000034.xml,letters-leipzig,Postkarte,"Johnson, Uwe","Klemm, Eberhardt",1973-04-16,1973,4.0,JohnsonUwe,KlemmEberhardt,164,0.0002682047730200213,0.0003076656461871593,0.00029088516755303845,0.0003858158019378964,0.0002922193445639072,0.0005287632883160824,0.00024516179326509026,0.0003380384447746456,0.0002963064089919059,0.0003602001087673419,0.00013860989859867606,0.0003137078477005861,0.2403449165541768,0.0003636861723524356,0.1204166371358379,0.0004922658810613176,6.045301167469842e-05,0.00021166530913751497,0.00024507270419345565,0.0003826714334495429,0.0002453027334870457,0.1736153215233578,0.0003053899987966921,0.0003082153967710468,0.0005027894858241978,0.0175524688238323,0.0002493964346339764,0.0002800315158136744,0.00034234488794052944,0.000274023409657528,0.0001746054349324477,0.0007017499517272201,0.0004061746318360684,0.0003182314820309613,0.0002916482891598098,0.333729173272254,0.1033289159354285,0.0004028820401279995,0.00032862755207752216,0.00035976047475049606
573,uj0589,uj0589,0978_101662.xml,letters-leipzig,Brief,"Johnson, Uwe","Klemm, Erika",1976-01-31,1976,1.0,JohnsonUwe,KlemmErika,494,9.126010020716744e-05,0.00010468716639598028,9.897739417816896e-05,0.00013127875522085775,9.943136494958732e-05,0.00017991846354648898,8.341943198255775e-05,0.00011502189911328051,0.00010082204083149814,0.00012256268839140448,4.7163788673053245e-05,0.00010674310264714482,4.30727791194993e-05,0.00012374886605901988,0.00010462136551686584,0.00016749975449121431,2.0569909480493123e-05,7.202182535666032e-05,8.3389118287864e-05,0.00013020884367489892,8.346738869352171e-05,0.2225495417391631,0.00010391284830107182,0.00010487422605494752,0.0001710805454457786,0.0001340692152883525,8.486032280383005e-05,0.0117720493532757,0.00011648722141321476,9.323996565336634e-05,5.941172973630016e-05,0.00023877938559363504,0.2920573324259695,0.0059466648533913,9.923705605338477e-05,0.4638585660182808,0.00012868846602577286,0.00013708576077803308,0.00011181972265345194,0.00012241309730105936
574,uj0353,uj0353,0863_101525.xml,letters-leipzig,Brief,"Johnson, Uwe","Klemm, Erika",1973-02-05,1973,2.0,JohnsonUwe,KlemmErika,114,0.00032375635161165355,0.0003713905088421407,0.00035113439453177115,0.1040276028576229,0.000352744911289468,0.0006382827239193706,0.0002959406234584459,0.0004080542353977679,0.000357678503831879,0.00043480610636235776,0.0208796943886332,0.0003786841937965968,0.00015280594465541116,0.0004390142165129997,0.0003711570721868383,0.0005942258367766305,7.297426620471076e-05,0.0002555062218970991,0.00029583308192413204,0.0004619317760999624,0.00029611075574782254,0.2095751781273876,0.1246428940483954,0.000372054125829011,0.0006069291300307693,0.0004756269158883227,0.00030105235963128434,0.00033803269373341256,0.00041325264522511815,0.00033078016609452423,0.00021077036753956404,0.0008470990339083144,0.0004903030450939648,0.0003841447802370857,0.00035205557674811394,0.4028524114182438,0.0004565380506971242,0.00048632847944120674,0.0003966941233060939,0.1247085259412659
575,uj0088,uj0088,0897_101565.xml,letters-leipzig,Brief,"Klemm, Ine","Johnson, Uwe",1974-01-01,1974,1.0,KlemmIne,JohnsonUwe,79,0.0005729794015418836,0.0006572816577509448,0.0006214326737932759,0.0008242377822384071,0.3671889610823239,0.001129623716555,0.0005237515201695542,0.0007221686012674603,0.0006330143456639121,0.0007695136832685161,0.00029611932648537125,0.037326657731869,0.000270433794688055,0.0007769611369593377,0.0006568685248675671,0.0743645880899968,0.0001291488218525756,0.00045219128948065983,0.0005235611946866244,0.0008175203090391162,0.0005240526178835132,0.4075596471451793,0.0006524200773054211,0.0006584561176869341,0.0010741345705566,0.0008417577732955075,0.0005327981983847393,0.0005982454694488528,0.0740443043010484,0.0005854100488447165,0.00037301840861007294,0.0014991838618125,0.0008677313787161881,0.0006798539864623339,0.0006230629690211646,0.016489598465353,0.000807974570282131,0.0008606972487670159,0.0007020636359275253,0.00076857447091583
576,uj1105,uj1105,0515_101466.xml,letters-leipzig,Brief,"Baumgärtner, Klaus","Johnson, Uwe",1964-10-22,1964,10.0,BaumgärtnerKlaus,JohnsonUwe,190,0.00018546511936391548,0.00021275253662252357,0.00020114874062062115,0.00026679381188177126,0.00020207133157896663,0.0122308096192106,0.00016953076837296742,0.00023375549884431732,0.00020489755977562215,0.00024908041499486475,9.584952981692332e-05,0.00021693075318552583,8.753549582565654e-05,0.0002514910477052354,0.00021261881150199985,0.00034040464441326314,4.180359991326164e-05,0.00014636775991103937,0.00016946916277542836,0.00026461946326578647,0.0832257959063278,0.428550315088016,0.00021117891356522,0.000213132692264472,0.0003476817767010638,0.0002724647788029484,0.00017245904685996222,0.00019364337897955424,0.0002367334286805435,0.0001894887395491904,0.00012074064703135394,0.403900935639536,0.0002808720580466606,0.00022005887194193264,0.0002016764435331956,0.0646632778433931,0.00026152964612189463,0.00027859521223486724,0.0002272478132511803,0.0002487764055826062
577,uj1177,uj1177,1083_101780.xml,letters-leipzig,Brief,"Johnson, Uwe","Klemm, Erika",1980-09-26,1980,9.0,JohnsonUwe,KlemmErika,243,0.00017706165507092316,0.00020311267360740413,0.00019203464808838065,0.0002547053271066876,0.00019291543625274475,0.0116766290149982,0.00016184929293719898,0.0002231639871111897,0.00019561360744431007,0.000237794528027699,9.150656708582266e-05,0.0002071015742827829,8.356924375592422e-05,0.00024009593445350143,0.00020298500760074104,0.0003249808370455681,3.99094698450609e-05,0.00013973580535119452,0.00016179047870248296,0.0002526294986923321,0.00016194233792176245,0.579045911908897,0.0002016103517479648,0.00020347560431577025,0.0229870353624365,0.00026011934130170083,0.0001646448904985847,0.00018486935599124204,0.0002260069863085357,0.00018090296416357055,0.00011526986244651852,0.1137388122544247,0.0115956992456847,0.00021008795730815923,0.0001925384406689296,0.2543017814036238,0.00024967968182520187,0.0002659720034814167,0.0002169511661465041,0.00023750429334704184
578,uj0935,uj0935,1030_101713.xml,letters-leipzig,Brief,"Johnson, Uwe","Klemm, Erika",1977-11-29,1977,11.0,JohnsonUwe,KlemmErika,963,5.153997127246928e-05,5.912302897319494e-05,0.1880008361953365,7.41408705163479e-05,5.61547673238436e-05,0.00010161058799543774,4.711188261010763e-05,6.49596632322977e-05,5.6940164171319016e-05,6.921839253331733e-05,2.6636178437146437e-05,6.028413766234283e-05,2.432574359884447e-05,6.988829715509794e-05,5.908586732849411e-05,0.0066891562306315,1.1617043388022102e-05,4.067498064813144e-05,4.709476267543594e-05,7.353662824379261e-05,4.713896659861733e-05,0.2344971041345784,5.868572578947347e-05,5.92286726162276e-05,9.661929339916825e-05,7.571680820860518e-05,4.7925638801110654e-05,5.381267498675501e-05,6.578721732299097e-05,5.265811828292403e-05,3.35533145033313e-05,0.00013485282884871593,7.805315550769124e-05,6.11534286179415e-05,5.604502960817672e-05,0.4136432043684426,0.0594237109744492,7.742042969847094e-05,0.0956842599164005,6.913390960505513e-05
579,uj0079,uj0079,1106_101824.xml,letters-leipzig,Brief + Umschlag,"Bierwisch, Manfred","Johnson, Uwe",1981-07-30,1981,7.0,BierwischManfred,JohnsonUwe,193,0.0002728870931431387,0.00031303687440995654,0.2097920169415492,0.0003925513759282057,0.00029732091118410165,0.000537994440160883,0.00024944182894491384,0.0003439399214505937,0.00030147932760110564,0.0003664884838720776,0.00014102975082637447,0.0003191845607043425,0.00012879676288798882,0.0178280398654578,0.000312840115798175,0.0005008598610075488,6.150840062203218e-05,0.0002153605630481024,0.0002493511845558695,0.0003893521130407641,0.0002495852297018925,0.7003864323291501,0.00031072149875720103,0.0003135962225419884,0.0005115671869092965,0.00040089544452578593,0.00025375039870169727,0.0352009292238392,0.00034832154652046697,0.0002788073115650041,0.0176356581556809,0.0007140011055130766,0.0004132656303695056,0.00032378716866302514,0.0002967398862922135,0.0078533339596481,0.0003848058607770917,0.00040991555658071794,0.00033436473334680746,0.0003660411747226057
580,uj0854,uj0854,0408_101372.xml,letters-leipzig,Brief,"Johnson, Uwe","Bierwisch, Manfred",1963-11-22,1963,11.0,JohnsonUwe,BierwischManfred,435,0.0233087050693221,0.00010407951040110071,9.840288051999596e-05,0.0001305167485169172,9.885421622094436e-05,0.0001788741279633669,8.293522441749756e-05,0.00011435425522774214,0.0001002368199334989,0.00012185127404221973,4.689002676015545e-05,0.00010612351298330544,4.2822763445666986e-05,0.00012303056654906964,0.00010401409146277272,0.00016652750322621734,2.0450511571081072e-05,7.160377512713549e-05,8.290508667845283e-05,0.00012945304726575638,8.29829027640362e-05,0.0413184505020779,0.00010330968683067424,0.00010426548427346122,0.00017008750950234532,0.00013329101137660832,8.436775159711582e-05,9.473122340423891e-05,0.00011581107207365905,0.4006027621192247,5.906687472700636e-05,0.0118463807360555,0.0001374038906934995,0.00010765380293336592,9.86610351895002e-05,0.5192110386266219,0.0001279414946390737,0.0001362900473470829,0.00011117066578091108,0.0001217025512524119
581,uj1071,uj1071,0460_101419.xml,letters-leipzig,Brief,"Johnson, Uwe","Bierwisch, Manfred",1964-06-04,1964,6.0,JohnsonUwe,BierwischManfred,664,6.425122689726998e-05,7.370448713151985e-05,6.968454994686278e-05,9.242616509667208e-05,7.000416584661432e-05,0.0001266707136863932,5.873104280825397e-05,8.098060511993453e-05,7.098326439489967e-05,8.628966090437242e-05,3.320543458190546e-05,7.515195898679972e-05,3.032517932832149e-05,8.712478348575707e-05,7.365816034462806e-05,0.00011792738235681652,1.448214409459599e-05,5.070661364650679e-05,5.87097005998689e-05,9.167289910919938e-05,5.876480649589399e-05,0.2306736392120184,7.315933226653848e-05,7.383618556889113e-05,0.00012044842070294067,0.5673412715013492,5.974549493883018e-05,6.708444543448793e-05,8.20122581134879e-05,6.564514147462651e-05,4.182853754248343e-05,0.0001681114577711414,9.730333333056004e-05,7.623564236979278e-05,6.98673636192474e-05,0.1991523292145465,9.060248466650448e-05,9.651455893802002e-05,7.872612845577913e-05,8.618434202935743e-05
582,uj0928,uj0928,1012_101694.xml,letters-leipzig,Brief,"Johnson, Uwe","Klemm, Erika",1977-04-06,1977,4.0,JohnsonUwe,KlemmErika,501,9.457302104850454e-05,0.00010848751610616533,0.0001025704679447956,0.00013604443182222765,0.0061533681954289,0.0001864498570719335,8.644772117093422e-05,0.00011919741991500578,0.00010448207889389964,0.00012701195465147263,4.887592681553476e-05,0.0001106180868804071,4.46364055818346e-05,0.0001282411928976722,0.0303600557099372,0.00017358032449182897,2.1316637586945395e-05,7.46363590434914e-05,8.641630702959728e-05,0.00013493568038620789,8.649741880467685e-05,0.4423899817998278,0.00010768508874391416,0.00010868136639807468,0.00017729110518950025,0.00013893619106968754,8.794091915843849e-05,9.874330773865196e-05,0.1937311887901241,9.662475949818322e-05,6.156849219017062e-05,0.00024744754617223464,0.00014322326024799554,0.00011221318811565016,0.0001028395560559694,0.3233890336315608,0.00013336011004291365,0.0001420622430841135,0.0001158789981616993,0.00012685693311080193
583,uj1061,uj1061,0658_101107.xml,letters-leipzig,Brief,"Doherty, Monika","Johnson, Uwe",1969-03-09,1969,3.0,DohertyMonika,JohnsonUwe,359,0.00012280813966191877,0.00014087685771090516,0.00013319325334962438,0.0158900098708165,0.00013380415894552242,0.00024211513847581455,0.00011225700202142984,0.00015478424216515903,0.00013567558268429177,0.008021606274707,6.346801212355717e-05,0.00014364351812104996,5.7962766441483744e-05,0.00016652806638915585,0.00014078830988404744,0.023795426680553,2.768079709072055e-05,9.691931487066676e-05,0.00011221620907420352,0.0001752212174098407,0.00011232153706406534,0.275913487453358,0.2201267191856327,0.00014112858271089326,0.0002302220079842989,0.000180416095074622,0.00011419599968650678,0.00012822348057622875,0.00015675611711655116,0.0001254724320709414,7.99499889486061e-05,0.4481517669948735,0.00018598308431270428,0.00014571484261825685,0.00013354267869283555,0.0035342577863228,0.00017317525482324616,0.00018447544126153453,0.00015047509355576653,0.00016473053081981882
584,uj0643,uj0643,0057_060052.xml,letters-leipzig,Brief,"Bierwisch, Manfred","Johnson, Uwe",1957-09-05,1957,9.0,BierwischManfred,JohnsonUwe,472,0.00010197694796703784,0.00011698078016729005,0.00011060049849942428,0.00014669507002451748,0.00011110777992504614,0.0262970263539394,9.321553510695168e-05,0.00012852914027398427,0.00011266176553021968,0.3720046664944756,5.270232240072183e-05,0.00011927814893669324,4.813089778658734e-05,0.00013828093160574335,0.00011690725216534387,0.00018716957037595547,2.2985473213563035e-05,8.047948577981514e-05,9.318166161722885e-05,0.00014549951672352505,9.32691234660214e-05,0.5879316956000032,0.00011611553242051829,0.00011718980659905958,0.0001911708604471422,0.00014981321914402348,9.48256324876636e-05,0.0001064737178078858,0.00013016653816853095,0.00010418931279164828,6.638856256126004e-05,0.0002668197046135938,0.00015443591413336072,0.00012099812736040366,0.00011089065296427577,0.00945875823987,0.00014380059822504418,0.0001531840033283827,0.0001249509261203298,0.00013678830097288945
585,uj0102,uj0102,0917_101588.xml,letters-leipzig,Brief + Umschlag + Postkarte,"Bierwisch, Manfred","Johnson, Uwe",1974-02-05,1974,2.0,BierwischManfred,JohnsonUwe,176,0.0002682047730200213,0.0003076656461871593,0.00029088516755303845,0.0003858158019378964,0.0002922193445639072,0.0005287632883160824,0.00024516179326509026,0.0003380384447746456,0.0002963064089919059,0.0003602001087673419,0.00013860989859867606,0.2062151333428822,0.000126586809798172,0.0003636861723524356,0.0003074722636485982,0.0004922658810613176,6.045301167469842e-05,0.00021166530913751497,0.00024507270419345565,0.0003826714334495429,0.0002453027334870457,0.6197350767629182,0.0003053899987966921,0.0003082153967710468,0.0005027894858241978,0.00039401669923392056,0.0002493964346339764,0.0002800315158136744,0.00034234488794052944,0.000274023409657528,0.0001746054349324477,0.0007017499517272201,0.0004061746318360684,0.0003182314820309613,0.0002916482891598098,0.1621446520262693,0.00037820318783768304,0.0004028820401279995,0.00032862755207752216,0.00035976047475049606
586,uj0763,uj0763,0803_101253.xml,letters-leipzig,Brief,"Johnson, Uwe","Baumgärtner, Klaus",1971-10-13,1971,10.0,JohnsonUwe,BaumgärtnerKlaus,111,0.00030481596388154506,0.3318608855858191,0.0003305923370718883,0.0004384814417141346,0.0003321086354098236,0.0006009419205273067,0.000278627510911031,0.0003841822545242705,0.00033675360301811213,0.0004093690880585432,0.00015753079025825054,0.0003565304185206312,0.00014386649427912762,0.00041333101543171257,0.0003494436484316098,0.0005594624485318254,6.870512711490758e-05,0.00024055860191653092,0.0002785262607694476,0.0004349078523973455,0.0002787876901245524,0.2753172556758854,0.0003470771448055053,0.0003502882226592077,0.0005714225739732405,0.0004478017993864963,0.0002834402003945748,0.0003182571117165889,0.0003890765470818904,0.00031142887130734126,0.00019843988363293385,0.0007975420628461094,0.00046161934596928553,0.0003616715498403116,0.0003314596283042836,0.3792847475491404,0.000429829670612203,0.0004578773002783668,0.0003734867314873061,0.0004088694419668983
587,uj0646,uj0646,0075_060065.xml,letters-leipzig,Brief,"Bierwisch, Manfred","Johnson, Uwe",1957-12-06,1957,12.0,BierwischManfred,JohnsonUwe,346,0.0001288837244433971,0.00014784634112729038,0.00013978261220868945,0.00018540079262183804,0.00014042374062818512,0.0002540930990144132,0.00011781059916062068,0.00016244175402634477,0.00014238774775449106,0.0001730913698518939,6.660791221185837e-05,0.000150749874222989,6.083031009660077e-05,0.00017476657068234234,0.0001477534126475641,0.0002365545529007302,2.9050226104192696e-05,0.00010171412339134432,0.00011776778809790102,0.00018388979072117017,0.00011787832689165604,0.5534150823292787,0.00014675279641553605,0.00014811051950848963,0.0414684173358227,0.00018934167024078517,0.00011984552324179424,0.00013456697400721575,0.00016451118190442918,0.00013167982517113723,8.390528814516363e-05,0.00033722049905437985,0.0001951840704995592,0.00015292367163141638,0.00014014932438079748,0.0037091051773795,0.1485982432963832,0.2475544363184984,0.00015791942249777092,0.00017288010713331853
588,uj0965,uj0965,0208_060180.xml,letters-leipzig,Brief,"Johnson, Uwe","Baumgärtner, Sabine + Baumgärtner, Klaus",1960-08-04,1960,8.0,JohnsonUwe,BaumgärtnerSabine+BaumgärtnerKlaus,430,8.00442108763364e-05,9.182108724430088e-05,8.68130474720364e-05,0.00011514456309632668,8.721122512115814e-05,0.000157806439002031,7.316716275391106e-05,0.0001008856787042737,8.843098658646017e-05,0.00010749970307836444,4.136734715064823e-05,9.362434841169978e-05,3.777912370295952e-05,0.00010854009921148148,9.176337330982426e-05,0.00014691399242158987,1.804186241770561e-05,0.1639301732519501,7.314057461994014e-05,0.00011420614394919284,7.320922557300309e-05,0.2310440538237687,9.114193303853608e-05,0.1332339250354873,0.1486545261059431,0.00011759207491778534,7.443096772986307e-05,8.357383595905143e-05,0.0001021709125239986,8.178075035988464e-05,5.211001316834868e-05,0.0411761840706584,0.00012122054174210228,0.0052158182431885,8.704079683730266e-05,0.2737082913934112,0.0001128726210965765,0.0001202378862060255,9.807705053893196e-05,0.00010736849677074892
589,uj1094,uj1094,0512_101463.xml,letters-leipzig,Brief,"Baumgärtner, Klaus + Baumgärtner, Sabine","Johnson, Uwe",1964-10-06,1964,10.0,BaumgärtnerKlaus+BaumgärtnerSabine,JohnsonUwe,630,6.671947115124376e-05,7.653588328750809e-05,7.236151812790777e-05,9.597676423591415e-05,7.269341223845988e-05,0.0001315368349466626,6.098722632321064e-05,0.0086208736081883,7.371012336603096e-05,8.960452304770704e-05,3.4481038598596586e-05,0.0043464300060562,3.1490136843413464e-05,9.04717272968264e-05,0.0256868340500148,0.0001224576240026885,1.5038483182157066e-05,0.4738440605884103,6.096506424280511e-05,0.0043635856066745,6.102228706044855e-05,0.444417857061945,7.59697860152297e-05,7.667264098875646e-05,0.00012507550934633097,9.80168454932136e-05,6.204064915929928e-05,6.966152925017034e-05,8.516280160688589e-05,6.81669336811023e-05,4.343540253832911e-05,0.00017456954674015387,0.00010104129142075576,7.916427416896604e-05,7.255135468247224e-05,0.0317988365162471,9.40830261747842e-05,0.0043686132613805,8.175043357152837e-05,8.949515829340469e-05
590,uj0881,uj0881,0369_101329.xml,letters-leipzig,Brief,"Bierwisch, Manfred","Johnson, Uwe",1963-06-11,1963,6.0,BierwischManfred,JohnsonUwe,526,8.867160641963694e-05,0.00010171782843519549,9.617000771514132e-05,0.00012755517567675774,9.661110209787646e-05,0.0001748152714165778,8.105333024745122e-05,0.00011175942766509222,9.796233296632988e-05,0.00011908633063194552,4.582603894782325e-05,0.00010371545028388164,4.185106644430611e-05,0.0001202388636562112,0.3234502926841586,0.00016274880557784306,1.99864663023742e-05,6.997900437488278e-05,8.102387636783782e-05,0.0001265156110116771,8.109992671830896e-05,0.4091117919487095,0.0001009654730334431,0.00010189958234976804,0.0001662280312796924,0.0001302664873701803,8.245335176296003e-05,9.258166465766392e-05,0.0001131831876868622,9.059531512925546e-05,5.772658044345755e-05,0.00023200666723373415,0.00013428604079734338,0.00010521101622185043,0.017114771714575,0.2464815278425904,0.0001250383572259977,0.00013319747181793657,0.00010864807746837344,0.00011894098253067396
591,uj0056,uj0056,0001_s000151.xml,letters-leipzig,Brief + Postkarte,"Johnson, Uwe + Ebel, Gertrud","Bierwisch, Manfred",1955-05-27,1955,5.0,JohnsonUwe+EbelGertrud,BierwischManfred,457,0.00010833812433230346,0.00012427787415593365,0.00011749959963028516,0.00015584569897492077,0.0001180385245467109,0.00021358763390713056,9.903018705152244e-05,0.0001365466044720994,0.00011968944555445002,0.00014549854474525868,5.598981799981e-05,0.00012671854950794758,5.113323444739835e-05,0.00014690669861910493,0.00012419975958224272,0.0001988449408504405,2.441927420354583e-05,8.54996811576643e-05,9.89942005818906e-05,0.00015457556876656542,9.90871181758932e-05,0.4859869867302393,0.0001233586534905113,0.0001244999393579743,0.00020309582568141184,0.00015915835378299458,0.00010074072000721618,0.00011311539625329688,0.00013828614090868888,0.0001106884933148556,7.052978627414414e-05,0.0002834635367012511,0.00016406940588338704,0.0001285458177291641,0.00011780785351624,0.1070821158974821,0.4021480108191945,0.0001627394026704403,0.00013274518643013633,0.00014532095981922833
592,uj0394,uj0394,0124_060105.xml,letters-leipzig,Brief,"Bierwisch, Manfred","Johnson, Uwe",1958-08-05,1958,8.0,BierwischManfred,JohnsonUwe,763,5.460053626693172e-05,6.2633893810223e-05,5.921776097290622e-05,7.854353018726074e-05,0.0035525692168169,0.00010764446424735756,4.990949726102498e-05,6.881712117091005e-05,6.032140535052727e-05,7.332874385735062e-05,2.821789750485828e-05,6.386395187052955e-05,2.577026359923999e-05,7.403842899480538e-05,6.259452541945499e-05,0.00010021440255970072,1.2306890810415288e-05,4.309035688619709e-05,4.989136070427396e-05,7.790340658412068e-05,4.993818956062016e-05,0.5313615625908967,6.217062253255385e-05,6.274581082182321e-05,0.00010235677481148612,8.021305077479901e-05,5.0771576212998206e-05,5.700819848544237e-05,6.96938173743843e-05,5.5785081482786496e-05,3.5545789417106404e-05,0.00014286070772774582,8.268813588420878e-05,6.478486337233774e-05,5.93731155868358e-05,0.0225298111695335,0.0385008720883279,0.4017862002458,6.690127238780456e-05,7.323924413364817e-05
593,uj0950,uj0950,0206_060178.xml,letters-leipzig,Brief,"Baumgärtner, Klaus","Johnson, Uwe",1960-08-01,1960,8.0,BaumgärtnerKlaus,JohnsonUwe,391,0.000106131350315561,0.00012174641826048088,0.0001151062125835755,0.00015267122792663091,0.00011563415996545492,0.0137887842440719,9.701300939586974e-05,0.00013376524287219592,0.00011725145283345996,0.00014253483820154166,5.484934343164103e-05,0.00012413737871311547,5.009168518792983e-05,0.00014391430893730025,0.00012166989482760592,0.0001947946044473152,2.3921870171934525e-05,8.375811071806755e-05,9.697775594618476e-05,0.0001514269694080335,9.706878087190085e-05,0.3810309311434531,0.00012084592149574084,0.0001219639601451676,0.4551137916162863,0.00015591640620599476,9.868869995693398e-05,0.00011081131245192288,0.0001354693461329472,0.00010843384387814976,6.909314242678733e-05,0.1157038411612808,0.00016072742351035574,0.00012592742672162246,0.00011540818754721858,0.0302134160708881,0.00014965883927750494,0.00015942451155960874,0.00013004125713408232,0.0001423608705598509
594,uj1083,uj1083,0426_101388.xml,letters-leipzig,Brief,"Bierwisch, Manfred","Johnson, Uwe",1964-02-17,1964,2.0,BierwischManfred,JohnsonUwe,894,5.498466793787057e-05,6.307454263771994e-05,5.963437624863488e-05,7.909610823053797e-05,5.990789591454881e-05,0.0071437112660204,5.026062602072924e-05,6.93012709165343e-05,0.0035784005299321,7.384463426487451e-05,2.841641914695225e-05,6.431325453717098e-05,2.595156537929056e-05,7.455931225691148e-05,0.2287105933109775,0.00010091944189702884,1.2393473596121916e-05,4.339351088291105e-05,5.02423618676884e-05,7.845148115973818e-05,5.028952017953204e-05,0.4752997249725845,6.260801210323471e-05,6.318724702013391e-05,0.00010307688640064756,8.07773744121089e-05,5.112876996493412e-05,0.0176456829929359,7.018413494912839e-05,5.617754679592337e-05,3.579586504670976e-05,0.00014386577702052127,8.326987251127661e-05,6.524064493640698e-05,5.979082383035409e-05,0.0824884460258991,7.75354460032176e-05,8.259485819410174e-05,6.73719435443043e-05,0.1829918012358424
595,uj0173,uj0173,0180_000006.xml,letters-leipzig,Brief,"Johnson, Uwe","Klemm, Eberhardt",1959-06-13,1959,6.0,JohnsonUwe,KlemmEberhardt,182,0.0002728870931431387,0.00031303687440995654,0.00029596344210502896,0.0003925513759282057,0.00029732091118410165,0.000537994440160883,0.00024944182894491384,0.0003439399214505937,0.00030147932760110564,0.0003664884838720776,0.00014102975082637447,0.0003191845607043425,0.00012879676288798882,0.00037003540717078174,0.000312840115798175,0.0005008598610075488,6.150840062203218e-05,0.0002153605630481024,0.0002493511845558695,0.0003893521130407641,0.0002495852297018925,0.52580638774628,0.00031072149875720103,0.0003135962225419884,0.0005115671869092965,0.00040089544452578593,0.00025375039870169727,0.0002849203072652104,0.00034832154652046697,0.0002788073115650041,0.00017765369739393953,0.0007140011055130766,0.0004132656303695056,0.00032378716866302514,0.0002967398862922135,0.1126013607093702,0.0003848058607770917,0.3495700047223211,0.00033436473334680746,0.0003660411747226057
596,uj0516,uj0516,0334_s000029.xml,letters-leipzig,Brief,"Johnson, Uwe","Baumgärtner, Klaus",1962-11-01,1962,11.0,JohnsonUwe,BaumgärtnerKlaus,358,0.0001379856570497265,0.00015828743785105848,0.00014965423813628227,0.0001984940324928284,0.00015034064386050712,0.00027203747696399893,0.00012613053357050957,0.000173913597379623,0.0884290337981878,0.00018531530262488796,7.13118477213175e-05,0.0001613960221483066,6.512622399350667e-05,0.0001871088082694365,0.00015818794664385573,0.0002532603364084719,3.110179003393557e-05,0.00010889730420193984,0.00012608469913606967,0.0001968763217154012,0.0001262030443200845,0.5748426414957416,0.00015711666562038057,0.0001585702728456673,0.0002586745074591461,0.0002027132199034296,0.00012830916657944596,0.00014407026492886562,0.00017612917088750922,0.0001409792219684986,8.983078635147383e-05,0.0003610354397625352,0.00020896821790209843,0.0884403137824143,0.00015004684798857346,0.2423178411099136,0.0001945775042869507,0.00020727424942749395,0.00016907189304448013,0.00018508912026432515
597,uj0554,uj0554,0760_101210.xml,letters-leipzig,Brief,"Johnson, Uwe","Zeibig, Brigitte",1970-08-06,1970,8.0,JohnsonUwe,ZeibigBrigitte,413,0.00010401268260917206,0.0067735474788568,0.00011280838244497408,0.0001496234988688063,0.0001133257905746407,0.0002050600646055514,9.507636834216122e-05,0.00013109492821523596,0.00011491079791946124,0.00013968945879352425,5.375440275388904e-05,0.0001216592621655237,4.909172018747786e-05,0.000141041391576632,0.0001192410359066129,0.00019090597929938069,2.344432518961769e-05,8.208607315519013e-05,9.504181864631677e-05,0.2064295789401726,9.513102646926333e-05,0.42665837870747,0.0001184335113025173,0.00011952923088812366,0.00019498714590122972,0.0267697296831712,9.671860760474418e-05,0.00010859922009187648,0.0001327650129834667,0.00010626921219654784,6.771385714343499e-05,0.000272146144821056,0.00015751887108253875,0.00012341357599278044,0.0001131043291747192,0.3290506900017636,0.00014667124561352032,0.00015624196876481823,0.00012744528326614403,0.00013951896401468984
598,uj0460,uj0460,0142_060120.xml,letters-leipzig,Brief,"Baumgärtner, Klaus","Johnson, Uwe",1958-10-24,1958,10.0,BaumgärtnerKlaus,JohnsonUwe,463,8.670419014862176e-05,9.946094690573876e-05,0.2441583974620309,0.00012472502363359956,9.44675269231069e-05,0.000170936528002601,7.925494576804828e-05,0.00010927974645364469,9.5788777128033e-05,0.00011644408252118052,4.480926595472502e-05,0.00010141424618165183,4.092248882621041e-05,0.00011757104352395728,0.0056463157319238,0.000159137788916356,1.9543013199502708e-05,6.842633337459629e-05,7.92261454013725e-05,0.00012370852448542378,7.930050837182454e-05,0.510972900860926,9.872528451676422e-05,9.963866812457828e-05,0.00016253981870924703,0.00012737617764005984,8.062390406929267e-05,0.0056374447942768,0.0001106719165590259,8.858521624574666e-05,5.644576217230718e-05,0.0002268589800480584,0.0833350660610798,0.0001028766289973164,9.428291836530704e-05,0.0302298198011326,0.0001222640475180712,0.0001302421303744476,0.00010623742986586809,0.1166015652797036
599,uj1060,uj1060,0716_101158.xml,letters-leipzig,Brief,"Johnson, Uwe","Baumgärtner, Sabine",1969-11-07,1969,11.0,JohnsonUwe,BaumgärtnerSabine,243,0.00016234947599203073,0.0001862358968365793,0.00017607835235118857,0.0002335416799960782,0.0105632250195491,0.00032007052602129053,0.00014840111986703084,0.00020462113241447776,0.00017935993342417235,0.00021803601126175733,8.390322122687849e-05,0.00018989335691269008,7.662541574792164e-05,0.00022014619218785371,0.00018611883868937376,0.0002979779477417964,3.659336355954694e-05,0.00012812505772073462,0.00014834719254898338,0.00023163833364373,0.000148486433677531,0.3751374885443592,0.00018485840397086727,0.0001865686713737937,0.00030434808686931027,0.00023850583989406255,0.00015096442923513638,0.00016950842947977788,0.00020722790478283723,0.00016587160797518053,0.00010569200744435452,0.0004247826601200806,0.00024586526890376845,0.00019263159924464576,0.00017654028444726006,0.3889667511582607,0.00022893361916187776,0.00024387220020315745,0.02097160266787,0.197558212115033
600,uj0393,uj0393,0093_060081.xml,letters-leipzig,Brief,"Bierwisch, Manfred","Johnson, Uwe",1958-03-16,1958,3.0,BierwischManfred,JohnsonUwe,535,8.718781374109591e-05,0.00010001572586591337,9.456074000132938e-05,0.00012542072200639686,9.49944532996106e-05,0.00017188998754839657,7.9697018539018e-05,0.00010988929327570696,9.63230732495233e-05,0.00011709359098685812,4.505920564206893e-05,0.00010197992036628302,4.1150748625710194e-05,0.0001182268380171937,9.99528612100648e-05,0.00016002543678022733,1.965202133665401e-05,6.880800569181339e-05,7.966805752800921e-05,0.00012439855297111476,7.974283528449241e-05,0.6086466073740172,9.927596005717569e-05,0.0001001944383883354,0.00016344644260953974,0.0726402304412173,0.1172160750993376,9.103244273947656e-05,0.00011128922870715312,8.907933193320571e-05,5.676060857401994e-05,0.0002281243670464007,0.0001320389557132816,0.00010345046014448504,9.480881502163492e-05,0.0694434379151255,0.0001229460189174899,0.1284216845163237,0.00010683000708040503,0.00011695067507845204
601,uj0237,uj0237,0643_101093.xml,letters-leipzig,Brief,"Bierwisch, Manfred","Johnson, Uwe",1968-12-18,1968,12.0,BierwischManfred,JohnsonUwe,755,5.8701518061549286e-05,6.73382516023515e-05,6.36655370621492e-05,8.444284197805045e-05,6.395754609322997e-05,0.00011572951282658064,5.365814065612547e-05,7.398589386757705e-05,6.485207486554594e-05,7.883637920567407e-05,3.0337310460512595e-05,6.8660697870843e-05,2.770583766295088e-05,7.959936795564986e-05,6.72959262982478e-05,0.0001077413879806244,1.3231246844486445e-05,4.632682270129371e-05,5.363864188401654e-05,8.375463944707809e-05,0.4093967524223791,0.5487388563141853,6.68401845661498e-05,6.745857456851663e-05,0.0001100446712820543,8.623775828517949e-05,5.458496934004788e-05,6.129001694579212e-05,7.492843768749744e-05,5.9975033069593885e-05,3.821559167989387e-05,0.0001535908067636502,8.889874411402901e-05,6.965077794793598e-05,6.383256017765393e-05,0.0392437624740492,8.277668220368313e-05,8.817810022151302e-05,7.192614794503058e-05,7.874015726342541e-05
602,uj0725,uj0725,1116_101838.xml,letters-leipzig,Brief,"Klemm, Erika","Johnson, Uwe",1982-05-25,1982,5.0,KlemmErika,JohnsonUwe,145,0.0003171866624853686,0.0003638542236838736,0.0003440091480242151,0.0004562768409108891,0.0003455869840503121,0.0006253306411263865,0.00028993537325630304,0.000399773967042005,0.00035042046374823984,0.0004259829869554604,0.00016392404441164613,0.0003709999046146331,0.00014970519451402547,0.0004301057058068699,0.0003636255239433787,0.0005821677597721315,7.149346670596062e-05,0.00025032146972362205,0.00028983001396318714,0.000452558220488088,0.0002901020532080005,0.753208567139407,0.00036116297776513686,0.0206565823324524,0.0005946132768092346,0.00046597545743221785,0.00029494338168022176,0.0003311733079598385,0.0004048668903318813,0.0003240679491771907,0.0002064933988102256,0.0008299096342741434,0.00048035377747989816,0.0003763496844093754,0.0003449116375392104,0.0294202956371093,0.000447273944981608,0.183105161485567,0.0003886443752305063,0.0004254630631489293
603,uj1155,uj1155,0474_101433.xml,letters-leipzig,Brief,"Baumgärtner, Klaus","Johnson, Uwe",1964-07-10,1964,7.0,BaumgärtnerKlaus,JohnsonUwe,975,4.850143802154956e-05,5.563743740232607e-05,5.260290026385391e-05,6.976990377433902e-05,5.284416928704761e-05,9.562014712698186e-05,4.433440683179449e-05,6.112997354045812e-05,5.358326315108507e-05,6.51376299311068e-05,2.506584551183624e-05,0.0031596189525523,2.2891622101421e-05,0.0062715457593886,5.5602466618238745e-05,8.902005304222043e-05,1.0932161892352012e-05,3.827699170618025e-05,4.431829620095959e-05,6.920128453748672e-05,4.435989408678605e-05,0.5837103501073223,5.5225915378967416e-05,5.573685283618092e-05,9.092311374625948e-05,7.125293223593362e-05,4.510018811742877e-05,5.064015474215152e-05,6.19087392721472e-05,4.9553664799866e-05,3.157518259367309e-05,0.00012690259538290324,7.345154044090107e-05,0.3661984335553536,5.27409011461535e-05,0.0386304743234573,6.83932588816849e-05,7.285611691110709e-05,5.942813272779327e-05,6.50581276844461e-05
604,uj0773,uj0773,0783_101232.xml,letters-leipzig,Brief,"Bierwisch, Manfred","Johnson, Uwe",1971-02-11,1971,2.0,BierwischManfred,JohnsonUwe,1092,4.1762973095729135e-05,4.7907544520974216e-05,4.529460564654959e-05,0.285942062913009,4.550235436773172e-05,8.23353243691355e-05,0.1256125053439207,5.263698447824335e-05,4.613876348090689e-05,5.608784393410574e-05,2.158336483275831e-05,4.884839391900256e-05,1.9711213459577747e-05,5.663066939569214e-05,0.0080632602278293,7.665220314768422e-05,9.413320544961974e-06,3.2959042865912555e-05,3.816100898012296e-05,0.0080749697170746,3.819682753432414e-05,0.5694084005078852,4.755319661107944e-05,4.799314784035489e-05,7.829086534460733e-05,6.135352709828862e-05,3.88342700709954e-05,4.360455084074776e-05,5.33075537155092e-05,4.266901053350387e-05,2.718833822136175e-05,0.00010927159880083625,6.324667540600082e-05,4.95527826467165e-05,4.5413433610621584e-05,0.0012018837941028,5.889115760518204e-05,6.273397603316364e-05,5.117158602880032e-05,5.601938719707322e-05
605,uj0067,uj0067,1099_101815.xml,letters-leipzig,Brief,"Johnson, Uwe","Klemm, Erika",1981-06-01,1981,6.0,JohnsonUwe,KlemmErika,756,5.8263904754032505e-05,6.68362524040479e-05,6.319091754346168e-05,8.381332995528836e-05,6.348074967959773e-05,0.00011486676214213932,5.325812516788704e-05,7.343433723336824e-05,6.436860983911373e-05,7.82486627411583e-05,3.0111149175247903e-05,6.814883998225884e-05,2.74992937155781e-05,7.90059634946137e-05,6.679424263039268e-05,0.00010693818788107649,1.3132609366523513e-05,4.5981461375411135e-05,5.323877175696189e-05,8.313025789786703e-05,0.395162411373256,0.2129055037644088,6.634189840236857e-05,6.695567837584333e-05,0.00010922430046091396,8.559486536039275e-05,5.4178044446750325e-05,6.083310666614168e-05,7.436985449363334e-05,5.9527925848917e-05,3.7930698681790914e-05,0.0001524458043314893,8.823601383497493e-05,6.91315391221708e-05,6.335669552016214e-05,0.3893309925699623,8.215959121727223e-05,8.752074226276274e-05,7.138994648826137e-05,7.81531581228187e-05
606,uj0829,uj0829,0527_100903.xml,letters-leipzig,Brief,"Johnson, Uwe","Bierwisch, Manfred",1965-02-17,1965,2.0,JohnsonUwe,BierwischManfred,340,0.00012995525243294836,0.00014907552265005285,0.00014094475259593422,0.00018694219856302448,0.0001415912113009206,0.0002562056067706997,0.00011879006615702836,0.0001637922805327965,0.00014357154701034753,0.0001745304363309785,6.716168455641786e-05,0.00015200319546544117,6.133604796352761e-05,0.00017621956463431538,0.00014898182157109047,0.0002385212467217195,2.929174713803825e-05,0.00010255976569891406,0.00011874689916688524,0.00018541863432497985,0.00011885835697048385,0.2504013695311797,0.0001479728863034041,0.0001493418973871606,0.0002436203271671021,0.00019091584029311387,0.00012084190841867046,0.00013568575203555614,0.000165878913452893,0.00013277459969708648,8.460286935727696e-05,0.0003400241207292478,0.00019680681375560684,0.0001541950656350089,0.00014131451358090222,0.7436781423226397,0.0001832536020629391,0.00019521142981906227,0.0001592323507362348,0.00017431741719267614
607,uj0679,uj0679,0228_060199.xml,letters-leipzig,Brief,"Johnson, Uwe","Baumgärtner, Klaus",1961-02-15,1961,2.0,JohnsonUwe,BaumgärtnerKlaus,348,0.00012090826589737264,0.00013869745619294826,0.0001311327191834842,0.0001739279992777495,0.0542776417189421,0.00023836955450348205,0.00011052035709207708,0.0001523896898035298,0.00013357664623967982,0.0156326395949362,6.248614551884032e-05,0.000141421315649157,5.706606741497095e-05,0.0001639518340216244,0.00013861027822393237,0.1858650278947768,2.725256798213572e-05,9.54199479385768e-05,0.00011048019522232192,0.00017251049974189756,0.00011058389376086916,0.1401478302205471,0.0001376715811621757,0.0001389452869419146,0.1549292533996267,0.00017762501130218027,0.00011242935796049594,0.00012623983008354804,0.0001543310593381195,0.00012353134101198045,7.871314188865254e-05,0.0003163529448097084,0.0079182355270633,0.0001434605962193006,0.0001314767388260304,0.4366468422621866,0.00017049618872703282,0.00018162155835099855,0.00014814720484048068,0.00016218210679364343
608,uj0281,uj0281,0853_101514.xml,letters-leipzig,Brief,"Baumgärtner, Klaus","Johnson, Uwe",1972-12-03,1972,12.0,BaumgärtnerKlaus,JohnsonUwe,393,0.00010986100715834463,0.0001260248181922589,0.0001191512631000608,0.00015803638429409166,0.00011969776355376677,0.0002165899836481529,0.00010042223045314002,0.0001384660070848581,0.1477173338111361,0.0001475437826185571,5.677685333746775e-05,0.00012849980152773136,5.1852001964002485e-05,0.00014897173057102636,0.00012594560558088755,0.0002016400561187968,2.4762530038351545e-05,8.670152950855162e-05,0.0001003857381304033,0.00015674840017241578,0.00010047996184456456,0.4998467674680516,0.00012509267626413845,0.0001262500049111666,0.0002059506946103052,0.00016139560429006134,0.00010215680795711868,0.2601647335767575,0.0001402299957646526,0.00011224441470954884,7.152120643120535e-05,0.049486102088443,0.0353082713850953,0.00013035275521664278,0.00011946385003637876,0.0031616562308618,0.0001549181345972646,0.00016502699111609992,0.00013461115342836515,0.00014736370142414768
609,uj0406,uj0406,0100_060083.xml,letters-leipzig,Brief,"Johnson, Uwe","Baumgärtner, Klaus",1958-03-20,1958,3.0,JohnsonUwe,BaumgärtnerKlaus,204,0.0001712423832659692,0.00019643721440490804,0.0001857232769857704,0.00024633423440448835,0.0001865751173481445,0.0003376028124154133,0.00015652998748586386,0.00021582952557824475,0.00018918461100230776,0.00022997922215715555,8.849913114156155e-05,0.00020029501669411337,8.082267424173224e-05,0.0002322049910344439,0.000196313744242866,0.0003143000839405997,3.859781344759305e-05,0.00013514327721800257,0.0001564731062276451,0.00024432662973828854,0.00015661997447317185,0.7572098699276029,0.00019498426754557867,0.18643628512115,0.0003210191558640892,0.0002515703127265762,0.00015923370551488867,0.0001787934778995744,0.00021857908735084736,0.0001749574446869341,0.0001114814269423589,0.0004480506921537055,0.00025933286419400816,0.00020318324987145283,0.00018621051202336427,0.0377939255996211,0.00024147376094338653,0.00025723062251925094,0.011165085417672,0.00022969852626960008
610,uj1030,uj1030,0655_s000214.xml,letters-leipzig,Brief + Umschlag,"Johnson, Uwe","Bierwisch, Manfred",1969-02-15,1969,2.0,JohnsonUwe,BierwischManfred,410,0.0001006634917473556,0.00011547407559966876,0.00010917597152984892,0.00014480564740537117,0.00010967671920488404,0.00019845716506222352,0.0065319812405584,0.00012687369360619573,0.00011121068958015416,0.0001351914817473856,5.202352003872819e-05,0.00011774185441409458,4.7510975065649286e-05,0.0001364998825225748,0.0065553678098972,0.0001847588389190284,2.2689421867091545e-05,7.94429154248316e-05,9.19814880931983e-05,0.00014362549275035173,9.20678234392707e-05,0.1295615329008562,0.3736326662574868,0.00011568040978507912,0.000188708592643663,0.00014788363497428598,9.360428472957532e-05,0.00010510234349559844,0.00012849000192617126,0.00010284736146207089,6.553348234803345e-05,0.00026338308479367345,0.00015244678996358907,0.00011943967963158164,0.00010946238882474068,0.4730145047699668,0.00014194845620767605,0.00015121100368543862,0.0001233415666097779,0.0065749927921355
611,uj0260,uj0260,0831_101492.xml,letters-leipzig,Brief,"Klemm, Eberhardt","Johnson, Uwe",1972-07-15,1972,7.0,KlemmEberhardt,JohnsonUwe,143,0.0002728870931431387,0.00031303687440995654,0.00029596344210502896,0.0003925513759282057,0.00029732091118410165,0.000537994440160883,0.00024944182894491384,0.0003439399214505937,0.00030147932760110564,0.0003664884838720776,0.00014102975082637447,0.0003191845607043425,0.00012879676288798882,0.1924080844483279,0.000312840115798175,0.0005008598610075488,6.150840062203218e-05,0.0002153605630481024,0.0002493511845558695,0.0003893521130407641,0.0002495852297018925,0.4908903788297059,0.00031072149875720103,0.0003135962225419884,0.0005115671869092965,0.00040089544452578593,0.00025375039870169727,0.0002849203072652104,0.00034832154652046697,0.0002788073115650041,0.00017765369739393953,0.0007140011055130766,0.0004132656303695056,0.00032378716866302514,0.0002967398862922135,0.3046394097505274,0.0003848058607770917,0.00040991555658071794,0.00033436473334680746,0.0003660411747226057
612,uj0425,uj0425,0143_060121.xml,letters-leipzig,Brief,"Bierwisch, Manfred","Johnson, Uwe",1958-10-24,1958,10.0,BierwischManfred,JohnsonUwe,214,0.0282775272536318,0.00025155403412130016,0.0002378339547194824,0.0003154512783860916,0.00023892480647194544,0.0565488027628774,0.00020044954278297824,0.0002763874859769814,0.0002422664780473,0.00029450733799585847,0.00011333042734459362,0.00025649426773045555,0.00010350009195340868,0.0002973576183859551,0.0002513959204082271,0.0004024871472517973,4.942767952812512e-05,0.0001730620986025973,0.0002003767016463628,0.00031288037523908235,0.00020056477853270277,0.8013201882534192,0.0002496934159846837,0.0002520035219950724,0.0004110914723183348,0.0143512751460636,0.0002039118764318649,0.00022895977616292095,0.0002799085263157952,0.0002240474196494861,0.00014276115023268576,0.0005737658184756325,0.0143612157326404,0.0002601928882257814,0.00023845789932001692,0.0203399976441833,0.0003092270417485294,0.0003294050009326247,0.0563851674904752,0.0002941478837901483
613,uj0812,uj0812,0538_100918.xml,letters-leipzig,Brief,"Bierwisch, Manfred","Johnson, Uwe",1965-03-23,1965,3.0,BierwischManfred,JohnsonUwe,681,7.883313436449342e-05,0.0152205267890444,8.549955781970761e-05,0.00011340241492214048,8.589171100318575e-05,0.00015541881259406747,0.2320668495780363,9.935926880501385e-05,8.709301736168486e-05,0.00010587322236223323,4.074145525986796e-05,9.220780312932844e-05,3.72075219736933e-05,0.00010689787720305648,9.037498475746912e-05,0.00014469116976477406,1.7768887326006068e-05,6.221455184279715e-05,7.203395078025038e-05,0.0051558431820024,7.210156303787416e-05,0.706668009195023,8.97629469364997e-05,9.059341305996738e-05,0.00014778436135465313,0.00011581289565731602,7.330482011987985e-05,8.230935588452118e-05,0.00010062505691499592,8.054339984074759e-05,5.132158372055869e-05,0.00020626459257926417,0.0001193864634340089,9.35374299997484e-05,8.57238613154495e-05,0.017398809559483,0.00011116484762059828,0.0202918786269958,9.659313545053108e-05,0.00010574400121851176
614,uj0305,uj0305,0560_101011.xml,letters-leipzig,Brief,"Bierwisch, Manfred","Johnson, Uwe",1966-08-12,1966,8.0,BierwischManfred,JohnsonUwe,879,5.120231457671636e-05,5.873569296750615e-05,5.5532172999917854e-05,7.365514728560626e-05,5.578687745667421e-05,0.0001009449008685538,4.6803235899213445e-05,0.0164429238816165,0.0033322450873415,6.876491820783565e-05,2.646167535193854e-05,5.988919482037322e-05,2.4166376994585108e-05,6.943043404600858e-05,5.869877478196621e-05,9.397727047760064e-05,1.154093600208506e-05,4.040850437299238e-05,4.678622812332706e-05,0.2621272915397532,4.683014245087476e-05,0.5015664227369471,0.0098853351300676,5.884064450143294e-05,9.598630601967055e-05,7.522076044913869e-05,4.761166088377962e-05,5.346012900007614e-05,6.535622184752538e-05,5.2313136208138205e-05,3.333349479782818e-05,0.0296150709860356,7.754180150552294e-05,6.075279074152642e-05,5.567785867184017e-05,0.175084467505496,7.220184182231694e-05,7.691322090827666e-05,6.273747894409561e-05,6.868098875730539e-05
615,uj0722,uj0722,1115_101837.xml,letters-leipzig,Brief,"Klemm, Erika","Johnson, Uwe",1982-03-31,1982,3.0,KlemmErika,JohnsonUwe,76,0.0005527186867894556,0.0006340399912200731,0.0005994586375405194,0.000795092499617134,0.0006022081209187925,0.00108967990036,0.0005052315173164845,0.0006966325139420414,0.0006106307781967772,0.0007423034603654963,0.00028564846280256466,0.0006464918117011694,0.00026087117872167486,0.0007494875699736936,0.000633641466833061,0.0363747504085283,0.0001245820827462032,0.0004362016767562825,0.0005050479217968124,0.0007886125581824784,0.0005055219681295624,0.64067021473654,0.1067102043478566,0.0006351729219183844,0.0010361528663606,0.0008119929788029214,0.0005139583024146018,0.0005770913393425727,0.0007055072687966207,0.0005647097828649444,0.00035982837149195707,0.001446172293676,0.0008370481501418454,0.0006558141559624107,0.0006010312850650427,0.1927079449531023,0.00077940435946539,0.0008302627490301291,0.0006772384658999425,0.0007413974588289731
616,uj1203,uj1203,0973_101657.xml,letters-leipzig,Brief,"Klemm, Erika","Johnson, Uwe",1975-12-09,1975,12.0,KlemmErika,JohnsonUwe,529,0.00012185079761479249,0.00013977866226779398,0.0001321549548933806,0.00017528384252510695,0.00013276109821850905,0.00024022774727400337,0.00011138191061124068,0.00015357763270372417,0.00013461793340770794,0.0001636461203132996,6.297325178584118e-05,0.00014252375537508703,5.7510921851744384e-05,0.00016522990878804026,0.00013969080470917146,0.00022364624451106407,2.746501342177262e-05,9.616378730091616e-05,0.00011134143566250952,0.00017385529297326104,0.0001114459425755786,0.5154209008787232,0.00013874479010177646,0.0001400284249635939,0.00022842732882847125,0.00017900967434169045,0.0001133057929590498,0.00012722392362729656,0.0001555341360453204,0.00012449432072337606,7.932674454234369e-05,0.0003188190515077848,0.1872748124148109,0.00014457893301069434,0.0001325016563163833,0.2919375537534541,0.0001718252795413104,0.0001830373761864668,0.0001493020757533409,0.00016344638577834686
617,uj0301,uj0301,0564_s000172.xml,letters-leipzig,Brief,"Johnson, Uwe","Bierwisch, Manfred",1966-09-16,1966,9.0,JohnsonUwe,BierwischManfred,320,5.441047612929715e-05,6.241587019192075e-05,5.901162864215588e-05,7.827012638615674e-05,5.928229200725831e-05,0.000107269762402115,4.973576625823174e-05,6.857757422841455e-05,6.011143132120303e-05,7.307349231399648e-05,2.811967324095523e-05,6.364164651764694e-05,2.5680559354896936e-05,7.378070709375654e-05,6.237663883939961e-05,9.98655641700859e-05,1.226405149928021e-05,4.294036277037971e-05,4.971769283339678e-05,7.763223100252576e-05,4.976435868220696e-05,0.0073738281658024,6.195421152483779e-05,6.252739762927714e-05,0.000102000478993925,7.9933835504901e-05,5.0594844381724775e-05,5.680975746652139e-05,6.945121872191509e-05,5.559089803717453e-05,3.54220573424631e-05,0.9887238459238352,8.24003050392869e-05,6.455935239953362e-05,5.916644247899196e-05,0.0015658624049423,7.672576178325579e-05,8.173233973606678e-05,6.666839436302124e-05,7.298430413173609e-05
618,uj0496,uj0496,0347_s000033.xml,letters-leipzig,Brief,"Johnson, Uwe","Baumgärtner, Klaus + Baumgärtner, Sabine",1962-12-18,1962,12.0,JohnsonUwe,BaumgärtnerKlaus+BaumgärtnerSabine,500,8.718781374109591e-05,0.00010001572586591337,9.456074000132938e-05,0.00012542072200639686,9.49944532996106e-05,0.00017188998754839657,7.9697018539018e-05,0.00010988929327570696,9.63230732495233e-05,0.00011709359098685812,4.505920564206893e-05,0.00010197992036628302,4.1150748625710194e-05,0.0001182268380171937,9.99528612100648e-05,0.00016002543678022733,1.965202133665401e-05,0.067003094569488,7.966805752800921e-05,0.00012439855297111476,7.974283528449241e-05,0.290708746195985,9.927596005717569e-05,0.0001001944383883354,0.00016344644260953974,0.0224395155183701,8.107361269419817e-05,9.103244273947656e-05,0.00011128922870715312,8.907933193320571e-05,5.676060857401994e-05,0.0002281243670464007,0.0001320389557132816,0.00010345046014448504,9.480881502163492e-05,0.616073444852795,0.0001229460189174899,0.0001309686023808778,0.00010683000708040503,0.00011695067507845204
619,uj0273,uj0273,0856_s000093.xml,letters-leipzig,Brief,"Johnson, Uwe","Baumgärtner, Klaus + Baumgärtner, Sabine",1972-12-13,1972,12.0,JohnsonUwe,BaumgärtnerKlaus+BaumgärtnerSabine,362,0.000106131350315561,0.00012174641826048088,0.0001151062125835755,0.00015267122792663091,0.00011563415996545492,0.0205785578666786,9.701300939586974e-05,0.00013376524287219592,0.00011725145283345996,0.0273016293286281,5.484934343164103e-05,0.00012413737871311547,5.009168518792983e-05,0.00014391430893730025,0.00012166989482760592,0.0069845682270539,2.3921870171934525e-05,8.375811071806755e-05,9.697775594618476e-05,0.0001514269694080335,9.706878087190085e-05,0.3878207047660598,0.00012084592149574084,0.0001219639601451676,0.00019895890164119232,0.00015591640620599476,9.868869995693398e-05,0.00011081131245192288,0.0001354693461329472,0.00010843384387814976,6.909314242678733e-05,0.00027768957696785627,0.00016072742351035574,0.00012592742672162246,0.00011540818754721858,0.335753229088187,0.00014965883927750494,0.00015942451155960874,0.2174027971805466,0.0001423608705598509
620,uj0805,uj0805,0525_100901.xml,letters-leipzig,Brief,"Johnson, Uwe","Bierwisch, Manfred",1965-01-08,1965,1.0,JohnsonUwe,BierwischManfred,352,0.00011906627967705138,0.00013658445919307506,0.00012913496774791022,0.00017127827987585523,0.00012972725956779868,0.00023473809530190676,0.0001088366262626118,0.0001500680974239369,0.1067735768167098,0.00015990650131716754,6.153419555783112e-05,0.00013926682180415753,5.61966900482033e-05,0.00016145409727200824,0.0001364986093434929,0.00021853551079622884,2.6837386651737087e-05,9.396626544679566e-05,0.00010879707624193184,0.00016988237534505088,0.00010889919497716576,0.5112598604260161,0.0001355742129338875,0.00013682851434554944,0.00022320733842181063,0.0077922071947807,0.0001107165443113565,0.00012431661974103127,0.00015197989101593305,0.00012164939335329009,7.751398051088408e-05,0.00031153344168663693,0.00018031633727974908,0.00014127503479855106,0.00012947374639691155,0.369056406759494,0.00016789875150533738,0.0001788546308352258,0.00014589024492239782,0.00015971133108877867
621,uj0266,uj0266,0848_s000089.xml,letters-leipzig,Brief,"Johnson, Uwe","Baumgärtner, Klaus",1972-11-09,1972,11.0,JohnsonUwe,BaumgärtnerKlaus,289,0.000160680592873387,0.0001843214715363628,0.00017426834226029104,0.00023114097149447337,0.0001750676432969226,0.00031678033802167804,0.00014687561987868428,0.000202517714762418,0.0412958039688676,0.00021579469439745764,8.304073202788506e-05,0.0001879413344884863,7.583773927394864e-05,0.0002178831835669079,0.0001842056166968031,0.0002949148619900518,3.621719944613817e-05,0.00012680798697197604,0.00014682224691038248,0.00022925719072788985,0.00014696005669973151,0.4535178112992812,0.00018295813870766717,0.0001846508252937805,0.00030121951881410667,0.0002360541019536415,0.00014941257952372388,0.0001677659553837081,0.0002050976906266735,0.00016416651884741727,0.00010460553884985096,0.0106999880209002,0.0002433378791833702,0.00019065142886138864,0.0001747255258921474,0.4877640589025926,0.00022658027955314364,0.00024136529837585785,0.0001968796800585064,0.0002155313111113264
622,uj1055,uj1055,0667_101116.xml,letters-leipzig,Brief,"Bierwisch, Manfred","Johnson, Uwe",1969-05-30,1969,5.0,BierwischManfred,JohnsonUwe,830,5.1882110925502815e-05,5.9515507512079686e-05,5.626945545985354e-05,0.1494371957913167,5.652754154420142e-05,0.0001022851132321226,4.742462712222165e-05,6.539088731121652e-05,5.731815211993966e-05,6.967788748878967e-05,2.6812998342622256e-05,6.068432403098051e-05,2.448722606127528e-05,0.1925820997820365,5.947809917589048e-05,9.522497589614908e-05,1.1694161226777602e-05,4.094499484143642e-05,4.740739353966922e-05,7.402478909936583e-05,4.74518909033506e-05,0.5679705808399023,0.0100165794846149,5.962185245312396e-05,9.726068474463828e-05,0.0266295639305038,4.8243785300342046e-05,5.416990161095008e-05,6.622393498412309e-05,5.300768057164697e-05,3.3776052683017227e-05,0.0001357480272536389,7.857129858934715e-05,6.15593856321304e-05,5.641707535269266e-05,0.0512806202744473,7.316044201162924e-05,7.793437253353207e-05,6.35704238894723e-05,6.959284373445307e-05
623,uj1005,uj1005,0717_s000234.xml,letters-leipzig,Brief,"Johnson, Uwe","Bierwisch, Manfred",1969-11-09,1969,11.0,JohnsonUwe,BierwischManfred,536,9.28870302501864e-05,0.00010655346607942907,0.0119856732833228,0.00013361911371700337,0.0001012039673737315,0.0001831259414363128,8.490658331984436e-05,0.00011707244018049048,0.00010261943538678446,0.00012474766210329488,4.800459626104185e-05,0.00010864605432249326,4.384065465576054e-05,0.00012595498623118616,0.00010648649214191512,0.00017048583912361595,2.0936617424490824e-05,7.330578703498217e-05,8.487572921087865e-05,0.0001325301284330852,8.495539497413684e-05,0.4523307170043564,0.1189550791422857,0.00010674386052521248,0.00017413046626035104,0.00013645932042412865,8.637316147392164e-05,9.698297158361384e-05,0.0001185638853629008,9.490219154383936e-05,6.047088623291025e-05,0.0002430362005126853,0.00014066996231792942,0.00011021271905464918,0.00010100619445568216,0.3889334372000325,0.0001309826464079122,0.00013952964306803274,0.0238836759369248,0.0001245954041931841
624,uj0652,uj0652,0058_s000002.xml,letters-leipzig,Brief,"Johnson, Uwe","Baumgärtner, Klaus",1957-09-07,1957,9.0,JohnsonUwe,BaumgärtnerKlaus,238,0.00017909031015137655,0.2637241945097371,0.0001942348537981461,0.0002576235719160821,0.0001951257334494769,0.00035307492940895544,0.00016370365485566924,0.00022572085215374237,0.0001978548184981024,0.0002405190201103816,9.255498867738152e-05,0.00020947440684593936,8.452672475793562e-05,0.00024284679452554923,0.00020531067527147515,0.00032870425206650203,4.036672609699729e-05,0.0001413368055865837,0.00016364416676643625,0.0002555239600356947,0.000163797765887992,0.2992468071254198,0.0002039202695231131,0.0116631440540378,0.00033573125467974043,0.00026309961629712275,0.00016653128252088257,0.0001869874665335927,0.00022859642455144109,0.0001829756304174385,0.00011659054812508416,0.1608713048192065,0.0002712179204421264,0.0002124950058685297,0.0001947444185001497,0.2572154026538384,0.00025254034612215426,0.0002690193344007217,0.00021943684880454268,0.00024022546011313227
625,uj1204,uj1204,0967_101650.xml,letters-leipzig,Brief,"Klemm, Erika","Johnson, Uwe",1975-11-19,1975,11.0,KlemmErika,JohnsonUwe,442,0.00013921459603758525,0.00015969719019650212,0.00015098710078212738,0.00020026187605427792,0.0001516796198283744,0.0002744603190821424,0.0001272538875014791,0.00017546252068736622,0.00015380105494273364,0.00018696577271947533,7.194697105105163e-05,0.00016283346041793696,6.570625642230323e-05,0.00018877525182864813,0.00015959681289268545,0.00025551594404295546,3.137879130480769e-05,0.00010986717415558473,0.00012720764485270252,0.00019862975749065053,0.00012732704405214016,0.6868377192359858,0.00015851599073975634,0.00015998254419895158,0.00026097833522051365,0.00020451864073208812,0.0001294519240274343,0.0001453533951421632,0.0001776978267147224,0.00014223482248567875,9.063084454605526e-05,0.0003642509227149628,0.2228678456879484,0.00016518150187459644,0.00015138320732795046,0.0841629400450933,0.00019631046614901085,0.00020912029206516324,0.00017057769477457274,0.00018673757591533045
626,uj0995,uj0995,0709_s000231.xml,letters-leipzig,Brief,"Johnson, Uwe","Bierwisch, Manfred",1969-10-17,1969,10.0,JohnsonUwe,BierwischManfred,123,0.00031087829587013736,0.000356617709325064,0.000337167322432541,0.0004472021794230713,0.00033871377766843283,0.0006128937533043936,0.0002841689938792728,0.318607806839826,0.0003434511267102891,0.00041751082475131895,0.00016066384122057463,0.0003636212733878775,0.0001467277829047257,0.0004215515489130324,0.00035639355807912614,0.0005705893168721879,7.007156896586937e-05,0.00024534295142683533,0.0002840657300243512,0.0004435575167787786,0.0002843323588169199,0.2410159046641241,0.00035397998824805336,0.0003572549296203933,0.0005827873112563178,0.0004567079050195494,0.00028907740053273024,0.00032458676796026995,0.0003968146955940273,0.0003176227240985664,0.0002023865550573608,0.0008134039773543626,0.00047080026186354013,0.0003688646540925965,0.0003380518627857324,0.4266051498383139,0.00043837833758035127,0.000466983792500692,0.00038091482196779737,0.0004170012414488869
627,uj1192,uj1192,1085_101786.xml,letters-leipzig,Brief,"Johnson, Uwe","Klemm, Eberhardt + Klemm, Erika",1980-10-06,1980,10.0,JohnsonUwe,KlemmEberhardt+KlemmErika,373,0.00012577260284400802,0.00014427748130997677,0.00013640840257950952,0.00018092540666476184,0.00013703405481314474,0.0002479595508723697,0.00011496677150690832,0.00015852057583432284,0.00013895065281142933,0.00016891312080035775,6.50000651755669e-05,0.00014711092607941402,0.0241983415616719,0.0001705478839920785,0.00014418679602892998,0.0002308443673661207,2.8348983287923967e-05,9.92588482383927e-05,0.00011492499385955971,0.00017945087880819993,0.0001150328643596236,0.3469443698626959,0.00014321033365174749,0.00014453528269461273,0.00023577933234614443,0.00018477115551912828,0.00011695257459713136,0.00013131866456235532,0.1691333974821782,0.0001285012085532289,8.187990010351042e-05,0.0968849988730633,0.0001904725261970469,0.0001492322502364727,0.0081830928070912,0.3496116125721292,0.0001773555287723973,0.0001889284901809708,0.0001541074087744118,0.0001687069577482433
628,uj0450,uj0450,0107_060090.xml,letters-leipzig,Brief,"Baumgärtner, Klaus","Johnson, Uwe",1958-05-20,1958,5.0,BaumgärtnerKlaus,JohnsonUwe,355,0.00013442566523119207,0.00015420366569839571,0.00014579320015041267,0.00019337294130979536,0.00014646189679664578,0.00026501898523788,0.0001228764006614886,0.00016942667462952707,0.1033474049259831,0.00018053421903040903,6.947202175765972e-05,0.00015723204937985493,6.344598541258392e-05,0.00018228145272497677,0.00015410674133684368,0.00024672628971948507,3.029937244626785e-05,0.3269025872575995,0.00012283174874279056,0.00019179696702335957,0.00012294704065376338,0.5342121365644675,0.0001530630990677178,0.00015447920362830715,0.00025200077665329777,0.00019748327485120644,0.00012499882554087562,0.00014035329190857545,0.00017158508695319985,0.00013734199700235348,8.751317688900256e-05,0.000351720825191454,0.0002035768956301242,0.00015949931907560327,0.00014617568077701534,0.029668318634274,0.000189557458449268,0.00020192663107402388,0.0001647098849281904,0.0001803138721122416
629,uj1033,uj1033,0696_101141.xml,letters-leipzig,Brief,"Bierwisch, Manfred","Johnson, Uwe",1969-08-16,1969,8.0,BierwischManfred,JohnsonUwe,293,0.00017909031015137655,0.00020543980399062055,0.0001942348537981461,0.0002576235719160821,0.0001951257334494769,0.00035307492940895544,0.00016370365485566924,0.00022572085215374237,0.0001978548184981024,0.0002405190201103816,9.255498867738152e-05,0.00020947440684593936,8.452672475793562e-05,0.00024284679452554923,0.00020531067527147515,0.00032870425206650203,4.036672609699729e-05,0.0001413368055865837,0.1147370157779605,0.0002555239600356947,0.000163797765887992,0.5742228989922857,0.0002039202695231131,0.00020580689291847847,0.00033573125467974043,0.00026309961629712275,0.00016653128252088257,0.0001869874665335927,0.00022859642455144109,0.0001829756304174385,0.00011659054812508416,0.0004685845635348172,0.0002712179204421264,0.0002124950058685297,0.0001947444185001497,0.0624406709148084,0.00025254034612215426,0.0002690193344007217,0.2408235172323121,0.00024022546011313227
630,uj0711,uj0711,0028_060029.xml,letters-leipzig,Brief,"Baumgärtner, Klaus","Johnson, Uwe",1956-10-31,1956,10.0,BaumgärtnerKlaus,JohnsonUwe,185,0.00021928997748007204,0.00025155403412130016,0.0002378339547194824,0.0003154512783860916,0.00023892480647194544,0.0004323282105738916,0.00020044954278297824,0.0002763874859769814,0.0002422664780473,0.00029450733799585847,0.00011333042734459362,0.00025649426773045555,0.00010350009195340868,0.0002973576183859551,0.0703969891107876,0.2669557412706937,4.942767952812512e-05,0.0001730620986025973,0.0002003767016463628,0.00031288037523908235,0.00020056477853270277,0.4786504595776737,0.0002496934159846837,0.0002520035219950724,0.0004110914723183348,0.000322156507987756,0.0002039118764318649,0.00022895977616292095,0.0002799085263157952,0.0703696406100289,0.00014276115023268576,0.0426611217327033,0.00033209709456460344,0.0002601928882257814,0.0282966951754717,0.0063108790061074,0.0003092270417485294,0.0003294050009326247,0.00026869293817165387,0.0283523851599419
631,uj0882,uj0882,0409_101373.xml,letters-leipzig,Brief,"Bierwisch, Manfred","Johnson, Uwe",1963-11-28,1963,11.0,BierwischManfred,JohnsonUwe,1156,3.518287486499481e-05,4.035931877041036e-05,3.8158069801903294e-05,5.061098998228989e-05,3.83330860116918e-05,6.9362720120716e-05,3.216011630590747e-05,0.1958666589291385,3.886922366023661e-05,0.2701469960311061,1.818272904890771e-05,4.115192964516204e-05,1.660555044766306e-05,4.770804392451845e-05,4.0333951012862056e-05,6.45750211626319e-05,7.930174847426048e-06,2.77660759008555e-05,3.214842967697889e-05,5.019851438832679e-05,3.217860472479975e-05,0.4616867968566141,4.006080127396863e-05,4.043143458618082e-05,6.595549871838903e-05,5.168677674066036e-05,3.271561297251053e-05,3.6734296963431945e-05,4.490851231862005e-05,3.594615868875805e-05,2.2904593004829645e-05,9.205496404902488e-05,5.328164403754651e-05,0.0180483950219001,3.825817544765854e-05,0.0190191668509598,4.961237371507191e-05,5.284972464721613e-05,4.310908382331409e-05,0.0338096612349955
632,uj0562,uj0562,0743_101194.xml,letters-leipzig,Brief,"Zeibig, Brigitte","Johnson, Uwe",1970-05-08,1970,5.0,ZeibigBrigitte,JohnsonUwe,525,9.691857750078552e-05,0.0001111781734476945,0.00010511437338668696,0.00013941854307847977,0.00010559649209237456,0.0001910741004389466,8.859175768292717e-05,0.0001221536993515429,0.00010707339522894223,0.0001301620465745887,0.4960808644027403,0.0001133615856556894,4.574345712738485e-05,0.00013142177182086292,0.0001111082926609367,0.00017788538364704008,2.1845323001439572e-05,7.648745559923572e-05,8.855956442254457e-05,0.0001382822929006846,8.864268789446202e-05,0.3479553941452933,0.00011035584465207312,0.00011137683152514273,0.00018168819741621448,0.00014238202240515594,9.012198927827536e-05,0.00010119229371814368,0.00012370987727121883,9.902120222125984e-05,6.30954855389376e-05,0.0002535846260930263,0.00014677541749608756,0.0001149962478561304,0.00010539013529709438,0.1515984229004825,0.00013666764598836714,0.00014558560531995193,0.00011875297563232096,0.0001300031802611601
633,uj0062,uj0062,1092_101805.xml,letters-leipzig,Brief,"Johnson, Uwe","Menzhausen, Joachim + Menzhausen, Ingelore",1981-03-19,1981,3.0,JohnsonUwe,MenzhausenJoachim+MenzhausenIngelore,1073,0.0053853515034196,4.7907544520974216e-05,4.529460564654959e-05,6.007654067750956e-05,4.550235436773172e-05,0.0214566894456649,3.817488130782208e-05,0.0053962255148021,4.613876348090689e-05,5.608784393410574e-05,2.158336483275831e-05,4.884839391900256e-05,1.9711213459577747e-05,5.663066939569214e-05,4.787743234338628e-05,7.665220314768422e-05,9.413320544961974e-06,3.2959042865912555e-05,3.816100898012296e-05,5.958692158869357e-05,3.819682753432414e-05,0.259480265749096,4.755319661107944e-05,4.799314784035489e-05,7.829086534460733e-05,6.135352709828862e-05,3.88342700709954e-05,4.360455084074776e-05,0.1790635233195679,4.266901053350387e-05,2.718833822136175e-05,0.00010927159880083625,0.2084631993580401,4.95527826467165e-05,4.5413433610621584e-05,0.319145401348378,5.889115760518204e-05,6.273397603316364e-05,5.117158602880032e-05,5.601938719707322e-05
634,uj0409,uj0409,0082_060070.xml,letters-leipzig,Brief,"Bierwisch, Manfred","Johnson, Uwe",1958-01-16,1958,1.0,BierwischManfred,JohnsonUwe,533,8.045621458731396e-05,9.229370891520588e-05,8.725989175131863e-05,0.00011573723540548178,8.76601189011759e-05,0.00015861870059813118,7.354376891001252e-05,0.0001014049576571872,8.888615872495895e-05,0.00010805302574982784,4.158027323677949e-05,9.410625183183683e-05,3.797358047869247e-05,0.00010909877701185472,9.223569791545848e-05,0.0001476701883964086,1.813472752547119e-05,6.349547527025849e-05,7.351704392154901e-05,0.00011479398602556988,7.358604823492515e-05,0.741806268189487,9.161105896565102e-05,0.2368637441102154,0.000150827065112287,0.0052653992034734,7.481407894528541e-05,8.400400736281425e-05,0.010397100523653,8.220169239011912e-05,5.2378233924970525e-05,0.00021051133455625613,0.0001218444883398346,9.546325413385048e-05,8.748881338854104e-05,0.0023154247238504,0.0001134535992616483,0.00012085677487735634,9.858187291573324e-05,0.00010792114409686192
635,uj0566,uj0566,0744_101195.xml,letters-leipzig,Brief,"Zeibig, Brigitte","Johnson, Uwe",1970-05-10,1970,5.0,ZeibigBrigitte,JohnsonUwe,2125,2.3963713715733816e-05,2.7489486418815387e-05,2.599017460018849e-05,3.447209130747212e-05,2.6109381412112706e-05,4.724424521576552e-05,2.190485635914458e-05,3.020325262774796e-05,2.647455478612648e-05,3.218336567870256e-05,0.4737350966711363,2.802934850124642e-05,1.131035080410368e-05,3.2494840485087883e-05,2.7472207964970146e-05,0.0015770664645599,5.401390320962872e-06,1.891199330500007e-05,2.189689637773257e-05,3.419114647034929e-05,2.191744916684126e-05,0.3619890868075562,2.7286160572041428e-05,2.7538605848939596e-05,4.492352303019103e-05,3.5204829777414975e-05,2.2283215522220384e-05,2.5020416306464983e-05,3.058802717891755e-05,2.448360059554964e-05,1.560074643272668e-05,6.270035672320338e-05,3.629112370489593e-05,2.843352877301096e-05,0.0276215561491746,0.1340678836893509,3.379191510153916e-05,3.599693533462009e-05,2.9362402795494896e-05,3.214408500669675e-05
636,uj0661,uj0661,0237_060206.xml,letters-leipzig,Brief,"Bierwisch, Manfred","Johnson, Uwe",1961-05-26,1961,5.0,BierwischManfred,JohnsonUwe,1388,0.44468893724151,3.870410694443454e-05,3.659313535016455e-05,4.853533777369889e-05,3.676097381491163e-05,6.651802407223279e-05,3.084116924594561e-05,4.252498216823746e-05,3.727512344672924e-05,0.0043623536531521,1.7437021017474547e-05,3.946421135145446e-05,1.592452548700487e-05,4.575144701198751e-05,3.867977956649549e-05,6.192667768342057e-05,7.604943411677951e-06,2.6627336730021597e-05,3.0829961907723564e-05,4.813977858223847e-05,3.085889941988911e-05,0.5031907205598836,3.841783221386261e-05,3.877326515450847e-05,0.0043802912895673,4.9567004486961246e-05,3.137388394595796e-05,3.522775412264053e-05,4.306672948032153e-05,3.4471938885928824e-05,2.1965232421802345e-05,8.827961625387238e-05,5.109646326628335e-05,4.003328114871695e-05,3.6689135474475205e-05,0.0419828790535474,4.7577676644116255e-05,5.068225770523759e-05,4.1341098943360005e-05,4.525759720555007e-05
637,uj0397,uj0397,0141_060119.xml,letters-leipzig,Brief,"Baumgärtner, Klaus","Johnson, Uwe",1958-10-17,1958,10.0,BaumgärtnerKlaus,JohnsonUwe,785,5.240392321008607e-05,6.011409385309428e-05,5.683539413470666e-05,7.538367580237664e-05,5.709607595941457e-05,0.1844936245107026,4.790160758008485e-05,6.60485661853045e-05,5.789463822222534e-05,7.037868352439561e-05,2.708267418410413e-05,0.2548551784721777,2.473351009147768e-05,7.105981759356853e-05,6.007630927682885e-05,9.618271568998869e-05,1.1811777046126045e-05,4.135680540425523e-05,4.788420066813385e-05,0.0704783424617556,4.792914557087226e-05,0.4865167033606531,5.966946026301879e-05,6.022150837468666e-05,9.823889899231232e-05,7.698603055287385e-05,4.87290045671653e-05,5.471472370108916e-05,6.688999236289432e-05,5.35408134455053e-05,3.411576051102054e-05,0.00013711333384902017,7.936154147052928e-05,6.217852859068057e-05,5.698449873724934e-05,0.001508116433886,7.38962643732526e-05,7.871820943326189e-05,6.420979317360422e-05,7.029278442946187e-05
638,uj1135,uj1135,0478_s000050.xml,letters-leipzig,Brief,"Johnson, Uwe","Baumgärtner, Klaus",1964-07-16,1964,7.0,JohnsonUwe,BaumgärtnerKlaus,72,0.0005527186867894556,0.0006340399912200731,0.0005994586375405194,0.000795092499617134,0.0006022081209187925,0.00108967990036,0.0005052315173164845,0.0006966325139420414,0.0006106307781967772,0.0007423034603654963,0.00028564846280256466,0.0006464918117011694,0.00026087117872167486,0.0007494875699736936,0.000633641466833061,0.0010144657317905,0.0001245820827462032,0.0004362016767562825,0.0005050479217968124,0.0007886125581824784,0.0005055219681295624,0.2163467986156856,0.0006293503176430821,0.0006351729219183844,0.0010361528663606,0.1068928470090164,0.0005139583024146018,0.0005770913393425727,0.0007055072687966207,0.0005647097828649444,0.00035982837149195707,0.001446172293676,0.0008370481501418454,0.0006558141559624107,0.0006010312850650427,0.6523916457506943,0.00077940435946539,0.0008302627490301291,0.0006772384658999425,0.0007413974588289731
639,uj0640,uj0640,0076_110112.xml,letters-leipzig,Brief,"Johnson, Uwe","Baumgärtner, Klaus",1957-12-10,1957,12.0,JohnsonUwe,BaumgärtnerKlaus,783,0.0430235516081194,0.3473854959818962,6.070201999185935e-05,8.05121784634797e-05,6.0980436523949e-05,0.00011034251064888594,5.116045001952231e-05,7.05419826158243e-05,6.183332657916695e-05,7.516668652236582e-05,2.8925162828291288e-05,6.54646649841711e-05,2.641618039074907e-05,7.58941595084082e-05,6.416342109137045e-05,0.00010272621875106752,1.2615355929334383e-05,4.417039182482824e-05,5.114185888043842e-05,7.985601053148297e-05,5.118986147505566e-05,0.4050351903827668,6.3728893323138e-05,6.431849837507987e-05,0.0108468179235543,8.222354462147978e-05,0.0394389947989815,5.843707609523585e-05,7.144065270391542e-05,5.718330237046484e-05,3.6436724124217126e-05,0.00014644142895758004,8.476066631140124e-05,6.640865860154328e-05,6.0861268479570585e-05,0.1484166236344639,7.892357545154648e-05,0.0036647054455142,6.857811418812982e-05,7.50749435397168e-05
640,uj0304,uj0304,0544_100993.xml,letters-leipzig,Brief,"Johnson, Uwe","Bierwisch, Manfred",1966-04-14,1966,4.0,JohnsonUwe,BierwischManfred,120,0.00031087829587013736,0.000356617709325064,0.000337167322432541,0.0004472021794230713,0.00033871377766843283,0.0006128937533043936,0.0002841689938792728,0.0003918230629038378,0.0003434511267102891,0.00041751082475131895,0.00016066384122057463,0.0003636212733878775,0.0001467277829047257,0.0004215515489130324,0.00035639355807912614,0.0005705893168721879,7.007156896586937e-05,0.00024534295142683533,0.0002840657300243512,0.0004435575167787786,0.0002843323588169199,0.0620194137896054,0.0202424789743056,0.0003572549296203933,0.0005827873112563178,0.0004567079050195494,0.00028907740053273024,0.00032458676796026995,0.0003968146955940273,0.0003176227240985664,0.0002023865550573608,0.0008134039773543626,0.00047080026186354013,0.0003688646540925965,0.0003380518627857324,0.6851556366570631,0.00043837833758035127,0.000466983792500692,0.00038091482196779737,0.2191904900880828
641,uj0481,uj0481,0275_060252.xml,letters-leipzig,Brief,"Baumgärtner, Klaus","Johnson, Uwe",1962-01-24,1962,1.0,BaumgärtnerKlaus,JohnsonUwe,376,0.00012577260284400802,0.0162369305701045,0.00013640840257950952,0.00018092540666476184,0.00013703405481314474,0.1692208169832156,0.00011496677150690832,0.00015852057583432284,0.00013895065281142933,0.00016891312080035775,6.50000651755669e-05,0.00014711092607941402,5.936192848009818e-05,0.0001705478839920785,0.00014418679602892998,0.0002308443673661207,2.8348983287923967e-05,9.92588482383927e-05,0.00011492499385955971,0.00017945087880819993,0.0001150328643596236,0.6929364112717797,0.00014321033365174749,0.0403761680046811,0.00023577933234614443,0.00018477115551912828,0.00011695257459713136,0.00013131866456235532,0.00016054004983500584,0.0001285012085532289,8.187990010351042e-05,0.0003290803402958114,0.0001904725261970469,0.0001492322502364727,0.0001367662626939638,0.076036510062621,0.0001773555287723973,0.0001889284901809708,0.0001541074087744118,0.0001687069577482433
642,uj1072,uj1072,0480_101439.xml,letters-leipzig,Brief,"Baumgärtner, Klaus + Baumgärtner, Sabine","Johnson, Uwe",1964-07-17,1964,7.0,BaumgärtnerKlaus+BaumgärtnerSabine,JohnsonUwe,270,0.0254241049740492,0.00022617027694046596,0.00021383466018602348,0.00028361979263430626,0.0002148154365183028,0.0003887029339689436,0.0001802226259744852,0.00024849784049239376,0.00021781990745943505,0.0002647892586107514,0.00010189450639439268,0.0002306120025817828,9.305612824789128e-05,0.00026735192355642777,0.00022602811812993948,0.0003618730658679154,4.444004250001442e-05,0.0001555987877736578,0.00018015713507469293,0.0002813083135965031,0.00018032623354142277,0.6321664524980359,0.0002244974096350024,0.0002265744079942475,0.0003696091476603712,0.00028964841245451785,0.00018333558324811568,0.00020585595521805297,0.00025166358049465533,0.00020143929365683096,0.00012835544060047342,0.0005158683879465515,0.0002985859165851498,0.3281841971792444,0.0002143956439269177,0.0056740622647332,0.0002780236298497269,0.00029616547612423204,0.0002415797323644859,0.0002644660761281612
643,uj1173,uj1173,0432_101394.xml,letters-leipzig,Brief,"Bierwisch, Manfred","Johnson, Uwe",1964-03-11,1964,3.0,BierwischManfred,JohnsonUwe,278,0.00014303636198820355,0.00016408125121649482,0.00015513204949566545,0.0002057595324846752,0.00015584357980787477,0.0002819948961460358,0.0001307473040553415,0.0093310582448777,0.000158023253273077,0.0001920984200456036,7.392208351798573e-05,0.0001673036193837297,6.751004669059922e-05,0.0001939575735843593,0.00016397811832114637,0.00026253045374652003,3.224021244593499e-05,0.0001128832848022378,0.00013069979193780523,0.0002040826084528614,0.0001308224689242561,0.5501297787406096,0.00016286762507466596,0.00016437443885307086,0.00026814280032534747,0.0093609120233103,0.0001330056818198752,0.00014934368547214494,0.00018257604726750016,0.00014613950070937055,9.31188729972414e-05,0.00037425046165366366,0.0002166171057119563,0.0001697161200648176,0.0001555390300917155,0.1688304192168963,0.00020169964714462815,0.2564366694370248,0.00017526045106866438,0.0001918639587059793
644,uj0636,uj0636,0059_060053.xml,letters-leipzig,Brief,"Johnson, Uwe","Bierwisch, Manfred",1957-09-10,1957,9.0,JohnsonUwe,BierwischManfred,190,0.0002162560950661816,0.00024807377766346376,0.00023454351590900357,0.0003110870019292626,0.00023561927569973632,0.0004263469387886452,0.0001976763182621406,0.00027256365808133045,0.00023891471516388377,0.2354858650469523,0.00011176249800085196,0.00025294566301503087,0.00010206816554974058,0.00029324366817525986,0.0002479178514576311,0.000396918727336322,4.87438463251534e-05,0.1108508711802873,0.00019760448488450225,0.0003085516672926575,0.0001977899597223378,0.4443582674496608,0.0002462389012260737,0.00024851704686107407,0.0004054040113467987,0.00031769946450890737,0.000201090750436965,0.0002257921118383984,0.0002760359847375342,0.0278909985679569,0.0001407860460895104,0.0005658277537890105,0.0003275025228177244,0.0002565931130017664,0.00023515882822012588,0.1722438729349323,0.0003049488777638325,0.0003248476743695907,0.00026497556454052373,0.0002900783403391936
645,uj0362,uj0362,0869_101536.xml,letters-leipzig,Brief,"Klemm, Ine","Johnson, Uwe",1973-04-01,1973,4.0,KlemmIne,JohnsonUwe,362,0.00013442566523119207,0.00015420366569839571,0.00014579320015041267,0.00019337294130979536,0.00014646189679664578,0.00026501898523788,0.0001228764006614886,0.00016942667462952707,0.0001485103553247699,0.00018053421903040903,6.947202175765972e-05,0.00015723204937985493,6.344598541258392e-05,0.00018228145272497677,0.00015410674133684368,0.421642212453241,3.029937244626785e-05,0.0001060877838480986,0.00012283174874279056,0.00019179696702335957,0.00012294704065376338,0.4998125050409147,0.0001530630990677178,0.00015447920362830715,0.00025200077665329777,0.00019748327485120644,0.00012499882554087562,0.0345399848154613,0.00017158508695319985,0.00013734199700235348,8.751317688900256e-05,0.000351720825191454,0.0002035768956301242,0.00015949931907560327,0.00014617568077701534,0.0382682265151622,0.000189557458449268,0.00020192663107402388,0.0001647098849281904,0.0001803138721122416
646,uj0051,uj0051,0015_060009.xml,letters-leipzig,Brief,"Menzhausen, Joachim","Johnson, Uwe",1955-08-11,1955,8.0,MenzhausenJoachim,JohnsonUwe,181,0.0002593061874152672,0.0002974578148372153,0.00028123408440683845,0.0003730150791820977,0.0002825239956568505,0.0005112198071440278,0.00023702773517276252,0.00032682289478776834,0.0002864754581256627,0.0003482492718503992,0.0001340110540872306,0.0003032995462143242,0.00012238687125592365,0.00035161967367867075,0.0002972708484077132,0.00047593332279399406,5.8447281898173e-05,0.00020464260834174536,0.00023694160192745968,0.0003699750355789857,0.0002371639992339767,0.4664599967225228,0.0002952576696195181,0.00029798932561657984,0.0004861077719590873,0.0003809438844276981,0.00024112187822649135,0.0002707405386717016,0.00033098645737501033,0.00026493177142496724,0.00016881231875369234,0.0006784670625069357,0.00039269843716893286,0.0003076730939266271,0.000281971886915563,0.0074624932389419,0.000365655038880195,0.0003895150881445263,0.514581789418766,0.0003478242241546304
647,uj0944,uj0944,0220_060191.xml,letters-leipzig,Brief,"Bierwisch, Manfred","Johnson, Uwe",1960-10-22,1960,10.0,BierwischManfred,JohnsonUwe,341,0.00011998020346819792,0.00013763284826759733,0.00013012617633873766,0.00017259297027610773,0.0001307230144465169,0.0002365398878040889,0.00010967202972326682,0.0231784900123535,0.00013255134440551546,0.00016113390471222746,6.200651707020138e-05,0.00014033580004139994,5.662804216702356e-05,0.00016269337963705063,0.0001375463394554591,0.00022021293620221917,2.704338390150207e-05,9.468752763614052e-05,0.00010963217612625156,0.0308742130560936,0.00010973507870004922,0.5996174901516488,0.00013661484760394118,0.0001378787767280377,0.00022492062363988827,0.00017626160493580982,0.00011156637756552496,0.00012527084386497646,0.0001531464516790533,0.0001225831444964825,7.810895896429266e-05,0.0079896813728245,0.00018170040160945977,0.0001423594275900925,0.00013046755537021585,0.0418316568591409,0.2918479411987008,0.00018022747546193624,0.00014701006294385964,0.000160937236404655
648,uj0160,uj0160,0150_060128.xml,letters-leipzig,Brief,"Bierwisch, Manfred","Johnson, Uwe",1959-01-10,1959,1.0,BierwischManfred,JohnsonUwe,623,7.61449470449911e-05,0.0731581634041063,8.258404736833688e-05,0.00010953542502947498,8.296282824049407e-05,0.00015011907556603356,0.2923528640185918,9.597114617574336e-05,8.412317039598657e-05,0.00010226297578097857,3.935218329585766e-05,8.90635434328236e-05,3.593875612331712e-05,0.0001032526901849896,8.729322364288548e-05,0.00013975724228692906,1.7162973353708793e-05,6.009305343098652e-05,6.957761367501994e-05,0.0001086427199171102,6.96429203740096e-05,0.5023294879800052,8.670205613644368e-05,8.750420360278351e-05,0.0196282956977284,0.0001118637090614693,7.08051467338954e-05,7.950263040609304e-05,9.719377127344816e-05,7.779689295798915e-05,4.9571532404109694e-05,0.0001992310290059804,0.0001153154191997449,9.034783040750623e-05,0.0682822282949776,0.0411624535591061,0.00010737415813251552,0.0001143806326244405,9.329933717697116e-05,0.0001021381610412744
649,uj0892,uj0892,0363_101325.xml,letters-leipzig,Brief,"Johnson, Uwe","Bierwisch, Manfred",1963-05-16,1963,5.0,JohnsonUwe,BierwischManfred,291,0.0001513459626064722,0.0001736134404277062,0.0001641443408912532,0.0002177129932311833,0.0001648972070752651,0.00029837719873533787,0.00013834298017233353,0.00019075258522186856,0.00016720350719485303,0.00020325824771313765,7.821653691687335e-05,0.00017702300989216752,7.143199715076132e-05,0.0002052254075181348,0.00017350431609662042,0.0002777819827314808,3.411318576230015e-05,0.0001194411628141396,0.0001382927078704933,0.0002159386494329699,0.0001384225116934233,0.4562181625847664,0.0485842651671887,0.00017392366060154965,0.0002837203747854106,0.0002223406987023717,0.0775998299291715,0.00015801970577833952,0.0001931826791348584,0.0001546293760709112,9.8528550885261e-05,0.0003959922888668102,0.00022920132982484368,0.0001795756631671308,0.00016457496474951683,0.3238743157011191,0.0873549017954463,0.00022734334476396417,0.000185442088327296,0.00020301016550071144
650,uj0387,uj0387,0894a_000066.xml,letters-leipzig,Brief + Telegramm + Postkarte,"Johnson, Uwe","Klemm, Eberhardt",0000-00-00,0,0.0,JohnsonUwe,KlemmEberhardt,694,2.9701013478544943e-05,3.407091306166992e-05,3.221264179946813e-05,4.272526623803848e-05,3.236038864579148e-05,5.855527989452805e-05,0.0038274053731955,3.743439869270572e-05,3.2812990418298376e-05,3.988858276088009e-05,1.5349668912237092e-05,3.474002683831765e-05,1.401823130023435e-05,0.0114410430519069,3.404949786715401e-05,5.451355471342998e-05,6.694570325319374e-06,2.3439829682540434e-05,2.713936671786941e-05,4.237705867333893e-05,2.7164840176348347e-05,0.007825403232285,3.3818907726136106e-05,3.4131792475999586e-05,5.567893936854143e-05,4.363343412178898e-05,2.761817689952832e-05,3.101070772136647e-05,3.791129448048112e-05,3.0345369666734183e-05,1.9335816875893944e-05,0.9748434119358445,4.497980434488966e-05,3.5240974389345964e-05,3.2297149934328177e-05,0.0008547563576584236,4.1882244872492085e-05,4.461518253149114e-05,3.639223584192925e-05,3.98398976621291e-05
651,uj0151,uj0151,1068_101761.xml,letters-leipzig,Brief,"Bierwisch, Manfred","Johnson, Uwe",1979-12-17,1979,12.0,BierwischManfred,JohnsonUwe,428,0.0001106386173082066,0.000126916837847782,0.0001199946308603976,0.00015915498587670273,0.000120544999513665,0.000218123035037355,0.00010113303174371608,0.000139446087054131,0.00012223097680658055,0.00014858811623501348,5.717872711028693e-05,0.0001294093394293746,5.2219017013844106e-05,0.00015002617138429474,0.00012683706455949542,0.00020306729002382296,2.4937802368290504e-05,8.731521393670575e-05,0.0001010962811236882,0.0001578578852399704,0.00010119117176525516,0.7015722994755211,0.00012597809810080692,0.2903303464562843,0.00020740843976158768,0.0001625379828580838,0.00010287988680738314,0.00011551733163985608,0.00014122256146964862,0.00011303889492050902,7.202744260625805e-05,0.00028948270935284413,0.0001675533181083912,0.0001312754085596331,0.00012030943032671764,0.0031840348348732,0.00015601466481282038,0.00016619507310089456,0.00013556394825428234,0.000148406760403058
652,uj0070,uj0070,1097_101813.xml,letters-leipzig,Brief,"Menzhausen, Joachim","Johnson, Uwe",1981-05-23,1981,5.0,MenzhausenJoachim,JohnsonUwe,501,9.179604060663572e-05,0.00010530195951641406,9.955865569392186e-05,0.00013204971195172974,0.2291341225509125,0.00018097506520489096,8.390932672953545e-05,0.00011569738470247486,0.00010141413534723696,0.0059959518754259,4.744076601237781e-05,0.00010736996960152388,4.332573131213453e-05,0.0412331615204192,0.00010523577221048924,0.00016848342517675023,2.069070975880726e-05,7.244478572778045e-05,8.387883501253396e-05,0.00013097351716895617,8.395756507440922e-05,0.5233626418876959,0.0001045230941073107,0.00010549011771491966,0.00017208524493284166,0.00013485655946872188,8.53586794262669e-05,9.584387372125885e-05,0.0001171713123558658,9.378753314809006e-05,5.976063518452664e-05,0.0413488675761679,0.00013901774594677233,0.00010891823332556171,9.981984247749096e-05,0.1553311749379101,0.00012944421084450797,0.00013789082013284434,0.00011247640291888318,0.0001231319889538052
653,uj0049,uj0049,0013_060006.xml,letters-leipzig,Brief,"Bierwisch, Manfred","Johnson, Uwe",1955-07-25,1955,7.0,BierwischManfred,JohnsonUwe,170,0.0002777358060839787,0.00031859897676675625,0.00030122218027113745,0.00039952630799437445,0.0003026037691347506,0.0005475536339434185,0.0002538739617001175,0.00035005111538358874,0.0003068360731338395,0.0003730003252125814,0.000143535595899511,0.0003248558963918523,0.0001310852497627628,0.0003766102709602424,0.00031839872210825384,0.0005097592400937586,6.260129429696311e-05,0.00021918713299309505,0.0002537817067232761,0.0003962701999583228,0.0002540199104306852,0.3752352055124392,0.00031624246105214915,0.0003191682635092771,0.0005206568159229162,0.0004080186356866679,0.00025825908699382864,0.00028998282878292943,0.0003545105940519357,0.0002837612161414912,0.00018081028414056971,0.0007266876212445459,0.00042060861748881935,0.0003295402844175723,0.0003020124204753299,0.1856748916283581,0.4268284864795494,0.0004171990189128922,0.0003403057934052573,0.00037254506818387256
654,uj0293,uj0293,0533_100972.xml,letters-leipzig,Brief,"Bierwisch, Manfred","Johnson, Uwe",1966-02-03,1966,2.0,BierwischManfred,JohnsonUwe,529,8.968918096629172e-05,0.00010288511836413637,9.727363215540916e-05,0.00012901896893937763,9.771978843376868e-05,0.0059147040751592,8.198347924453927e-05,0.355861767164767,9.908652571057436e-05,0.0001204529374162199,4.635192781676551e-05,0.00010490566445237498,4.233133946160709e-05,0.00012161869663900648,0.0001028204501581927,0.0001646164726782984,2.021582629942468e-05,7.078206700707566e-05,8.195368735911536e-05,0.00012796747447415578,8.203061044556173e-05,0.5687294948138338,0.00010212412910834916,0.00010306895804398026,0.00016813562515783026,0.00013176139500952882,8.33995670784162e-05,9.364411011508266e-05,0.00011448205138799274,9.1634965705624e-05,5.838903713389677e-05,0.00023466912130177024,0.0001358270758885511,0.00010641839315408258,9.752882430250748e-05,0.0656978467433696,0.0001264732680706999,0.0001347260147469917,0.00010989489730889354,0.00012030592133424703
655,uj0635,uj0635,0056_060051.xml,letters-leipzig,Brief + Postkarte,"Baumgärtner, Klaus","Johnson, Uwe",1957-09-02,1957,9.0,BaumgärtnerKlaus,JohnsonUwe,225,0.00020491602159133525,0.0002350652431986874,0.00022224448358511493,0.000294774169415257,0.0264423479035806,0.2888139148681792,0.0001873105342473883,0.0002582709191494207,0.0002263864651584849,0.0264942871274373,0.000105901877338696,0.00023968165580701977,9.671589792268197e-05,0.0002778665073968632,0.000234917493477454,0.0003761050363734897,4.618780831565964e-05,0.0001617182743206507,0.00018724246768048476,0.0002923717830826228,0.0001874182165575877,0.5914809803677832,0.0002333265843204413,0.00023548526817158123,0.0003841453676342911,0.00030103988657031663,0.0001905459198537193,0.00021395198711264413,0.000261561163356582,0.00020936162432024137,0.00013340348373259945,0.0005361567828963244,0.00031032889045922856,0.0002431378401980608,0.00022282753004580677,0.0058972153380486,0.0527271260593921,0.00030781325740041,0.00025108073133358526,0.00027486716355408963
656,uj0577,uj0577,0772_101222.xml,letters-leipzig,Brief,"Bierwisch, Manfred","Johnson, Uwe",1970-12-31,1970,12.0,BierwischManfred,JohnsonUwe,457,9.875554460524564e-05,0.00011328541287096936,0.00010710668127126892,0.3918521728133197,0.0001075979379175416,0.00019469566449892067,9.027090061698972e-05,0.00012446896576571493,0.00010910283385536896,0.00013262910092033358,5.103748106215952e-05,0.0001155102088518692,4.661046558081171e-05,0.00013391270264001193,0.0001132142075836894,0.00018125697252659447,2.2259373029563695e-05,7.793717704029289e-05,9.023809717472217e-05,0.00014090325608171993,9.032279614524328e-05,0.5504054974339008,0.00011244749788964904,0.00011348783625701704,0.00018513186374447373,0.00014508069069114738,9.183013578601128e-05,0.00010311026362214468,0.00012605463903830302,0.00010089802187560396,6.429137939503583e-05,0.0002583909968461044,0.0001495573569408914,0.00011717585397391874,0.00010738766989435768,0.053385295758572,0.0001392580056118624,0.0001483449934037638,0.00012100378569803369,0.00013246722350006353
657,uj1172,uj1172,0489_s000053.xml,letters-leipzig,Brief,"Johnson, Uwe","Baumgärtner, Klaus",1964-07-30,1964,7.0,JohnsonUwe,BaumgärtnerKlaus,445,8.575286208006276e-05,9.836965027572932e-05,9.300444348337376e-05,0.00012335652672899853,9.343101865545272e-05,0.00016906099330523343,7.838535164172029e-05,0.00010808071685717232,9.473777195540364e-05,0.00011516644502834291,4.431761367862181e-05,0.00010030151773359204,4.047348270333522e-05,0.0001162810408889936,0.0110704196285595,0.00015739171130343965,1.932858507360663e-05,6.767555199417803e-05,7.83568672758878e-05,0.00012235118072312956,7.843041432751364e-05,0.3352987160329762,9.76420596567398e-05,9.854542151748505e-05,0.00016075641364506795,0.0001259785919772789,7.973928957942252e-05,0.0110616460238322,0.00010945761191650112,8.761324934853565e-05,5.5826432958647765e-05,0.3348737800111848,0.00012986583643557516,0.00010174785512149658,9.324843564338982e-05,0.3042009300458958,0.0001209225527185673,0.00012881309915782762,0.00010507178090715308,0.00011502588125392616
658,uj0408,uj0408,0092_060072.xml,letters-leipzig,Brief,"Johnson, Uwe","Baumgärtner, Klaus",1958-03-08,1958,3.0,JohnsonUwe,BaumgärtnerKlaus,528,7.92327339608437e-05,9.089021801792663e-05,8.593294904623063e-05,0.00011397724376274592,8.63270900265291e-05,0.2333269612812459,7.242540438192055e-05,9.986291392870722e-05,8.753448572220626e-05,0.00010640988625694333,4.09479708222366e-05,9.267519797805362e-05,3.7396124277556256e-05,0.0001074397350008644,9.083308917917422e-05,0.00014542459909622907,1.785895656225178e-05,6.252991301679979e-05,7.23990857947002e-05,0.00011304833817651323,0.0203481848374398,0.4213210808751289,9.021794898167008e-05,9.105262467932756e-05,0.00014853346985604996,0.00011639994305470664,7.367639708135135e-05,8.272657620250615e-05,0.00010113511822931638,8.095166865213635e-05,5.158172920765769e-05,0.00020731013324690956,0.00011999162499434138,9.401156463327348e-05,0.0710511706778505,0.2506577575592953,0.00011172833439041442,0.000119018931481435,9.70827592394036e-05,0.00010628001010036096
659,uj0410,uj0410,0085_100104.xml,letters-leipzig,Brief,"Baumgärtner, Klaus","Johnson, Uwe",1958-02-03,1958,2.0,BaumgärtnerKlaus,JohnsonUwe,927,5.293633855063073e-05,6.0724843273934754e-05,5.741283249942428e-05,7.614956169345637e-05,5.7676162809092354e-05,0.00010436351347615804,4.838828012576705e-05,6.671960888027714e-05,5.848283833467156e-05,7.10937195075892e-05,2.735782975100288e-05,6.191740976447224e-05,2.4984798533097336e-05,7.178177378817342e-05,6.068667481251708e-05,9.715991644504092e-05,1.19317827806822e-05,4.1776983823815005e-05,4.837069636242046e-05,7.552894874554666e-05,4.841609789806403e-05,0.4101809345286185,6.0275692278867865e-05,6.0833349109604207e-05,9.923699023544384e-05,7.776819610772491e-05,4.922408333172688e-05,5.527061639895716e-05,6.75695838110412e-05,5.408477940601836e-05,3.4462371091636745e-05,0.00013850638303050566,8.016784183011855e-05,6.281025233284118e-05,0.5859415219549047,0.0015234386516808,7.464703840601989e-05,7.951797364393856e-05,6.486215423370605e-05,7.100694769181549e-05
660,uj0040,uj0040,0020_100101.xml,letters-leipzig,Brief,"Bierwisch, Manfred","Johnson, Uwe",1955-09-17,1955,9.0,BierwischManfred,JohnsonUwe,592,7.577581367939728e-05,8.692468228106147e-05,8.21836987105143e-05,0.0049567767291128,8.256064333924908e-05,0.0001493913324687696,6.926548755482294e-05,9.550589991105271e-05,8.371536042017367e-05,0.00010176722815896804,3.916141287146059e-05,8.863178365341705e-05,3.576453321663866e-05,0.00010275214465289958,8.687004597073091e-05,0.00013907973099808407,1.7079771166780905e-05,5.980173599072771e-05,6.924031724626713e-05,0.00010811604474815152,6.930530735324999e-05,0.5629153489887302,8.628174430975558e-05,8.708000314782204e-05,0.00014205296187972871,0.00011132141927053584,7.046189950437401e-05,7.911721975608599e-05,9.672259800066716e-05,7.741975133474583e-05,4.933122090211127e-05,0.00019826520234089327,0.00011475639630399172,8.990984469726974e-05,8.239930322805624e-05,0.0409629073566588,0.3879286381833418,0.00011382614136115992,9.284704323395404e-05,0.00010164301849270252
661,uj0484,uj0484,0342_101304.xml,letters-leipzig,Brief,"Johnson, Uwe","Bierwisch, Manfred",1962-11-24,1962,11.0,JohnsonUwe,BierwischManfred,931,4.805411825697246e-05,5.512430363937612e-05,5.211775347394543e-05,6.912642889598515e-05,0.0184979857445811,9.473826025008834e-05,4.392551882278634e-05,6.056618313571645e-05,5.308907465615082e-05,6.453687765500011e-05,2.4834667869055856e-05,0.3628202428447832,2.2680496917779104e-05,6.516147396580818e-05,5.5089655384342425e-05,8.819903760857919e-05,1.083133659142314e-05,3.792397011306541e-05,4.390955677731069e-05,0.0031428345451394,4.395077101355367e-05,0.2801225631945178,5.471657700729072e-05,5.522280218312871e-05,9.008454673681282e-05,7.059577966121935e-05,4.468423744969583e-05,5.017310999004866e-05,6.133776645554375e-05,4.90966405429283e-05,3.12839705426406e-05,0.00012573219628946437,7.277411051061218e-05,5.7017379289763286e-05,5.225448159971037e-05,0.2934387263962216,0.0400332918662812,7.218417846156673e-05,5.888003808513047e-05,6.445810864281062e-05
662,uj0471,uj0471,0295_060267.xml,letters-leipzig,Brief,"Baumgärtner, Klaus","Johnson, Uwe",1962-05-12,1962,5.0,BaumgärtnerKlaus,JohnsonUwe,326,0.00013327947403210275,0.00015288883579454637,0.00014455008275454878,0.00019172413144086063,0.0001452130777052801,0.3583791225422452,0.00012182868519159118,0.00016798204452100318,0.00014724406988772838,0.0087055749572362,6.887966300098464e-05,0.00015589139772003967,6.290500813735614e-05,0.0001807272153216412,0.00015279273786632458,0.00024462255825292273,3.004102242080126e-05,0.00010518321786385409,0.00012178441400105356,0.00019016159482537848,0.00012189872286631516,0.5978697746250304,0.00015175799429657889,0.000153162024328234,0.00024985207185152555,0.0001957994178941849,0.00012393301304528526,0.0001391565583259508,0.0001701220529691575,0.00013617093946688427,8.676698877840621e-05,0.0003487218494104709,0.0002018410809275682,0.00015813933535916954,0.00014492930212946058,0.0294153493396687,0.0001879411816004786,0.00020020488748435483,0.00016330547290476454,0.00017877641144255986
663,uj1109,uj1109,0488_000020.xml,letters-leipzig,Brief,"Johnson, Uwe","Klemm, Eberhardt",1964-07-30,1964,7.0,JohnsonUwe,KlemmEberhardt,939,4.8351408973305456e-05,5.546533463340397e-05,5.244018420050834e-05,6.955408517830695e-05,5.268070690847104e-05,9.532436621302115e-05,4.419726762246866e-05,6.0940880760458736e-05,5.341751454031606e-05,6.493614030477658e-05,2.498830956447105e-05,5.655461038784035e-05,2.2820811659159183e-05,6.556460073153128e-05,5.543047202411861e-05,8.874468813805759e-05,1.0898345537397106e-05,3.815858984286283e-05,4.418120682649865e-05,6.898722484606446e-05,4.422267603797082e-05,0.207616586913968,5.505508556730215e-05,5.556444254641964e-05,9.06418621220771e-05,7.103252620172059e-05,4.496068012395687e-05,5.048351002131823e-05,6.171723754333525e-05,4.9400380908290906e-05,3.147751137430516e-05,0.00012651004876198564,7.322433347232591e-05,5.737012195048257e-05,0.5939643964154186,0.1962688058664616,6.8181698648527e-05,7.263075176061242e-05,5.924430423619032e-05,6.485688398167787e-05
664,uj1092,uj1092,0511_101462.xml,letters-leipzig,Brief,"Bierwisch, Manfred","Johnson, Uwe",1964-10-02,1964,10.0,BierwischManfred,JohnsonUwe,762,6.171446335844478e-05,7.079449047259232e-05,6.693326823503986e-05,8.877700013947129e-05,6.724026507675823e-05,0.00012166950727471826,0.0592793328151841,0.0908862615685472,6.818070690799476e-05,8.28827770808185e-05,0.0355656467723509,7.218481332071283e-05,2.9127882203530088e-05,8.368492739665725e-05,7.0749992757448e-05,0.00011327137968981406,1.3910360848154284e-05,4.870461781098104e-05,5.639172730894301e-05,8.805347455983722e-05,5.644465751689861e-05,0.655867612448298,7.027085938312903e-05,7.092098919923158e-05,0.00011569288253342318,0.1382774787493049,5.738662647064955e-05,6.44358209113701e-05,7.877425448047313e-05,6.305334347425355e-05,4.0177065437681314e-05,0.00016147409009543244,9.34616082753517e-05,7.322571077375e-05,6.710886406768975e-05,0.0175688404368382,8.702532216349983e-05,9.270397623161932e-05,7.561786761993859e-05,8.278161640005115e-05
665,uj0457,uj0457,0084_060073.xml,letters-leipzig,Brief,"Bierwisch, Manfred","Johnson, Uwe",1958-02-02,1958,2.0,BierwischManfred,JohnsonUwe,255,0.00018546511936391548,0.2612464223786012,0.00020114874062062115,0.00026679381188177126,0.00020207133157896663,0.00036564280821161233,0.00016953076837296742,0.00023375549884431732,0.00020489755977562215,0.0477097476589909,9.584952981692332e-05,0.00021693075318552583,8.753549582565654e-05,0.0002514910477052354,0.00021261881150199985,0.00034040464441326314,4.180359991326164e-05,0.00014636775991103937,0.00016946916277542836,0.00026461946326578647,0.000169628229334582,0.452280648710014,0.00021117891356522,0.000213132692264472,0.0003476817767010638,0.0002724647788029484,0.00017245904685996222,0.00019364337897955424,0.0002367334286805435,0.0001894887395491904,0.00012074064703135394,0.0004852640655690165,0.0002808720580466606,0.00022005887194193264,0.0002016764435331956,0.005337443788398,0.00026152964612189463,0.2257167646212164,0.0002272478132511803,0.0002487764055826062
666,uj0599,uj0599,1002_101686.xml,letters-leipzig,Brief,"Johnson, Uwe","Klemm, Erika",1976-12-10,1976,12.0,JohnsonUwe,KlemmErika,950,4.39964109042196e-05,5.04695872424017e-05,4.771691127454654e-05,6.328936791193332e-05,4.793577016854827e-05,0.011345454047134,4.021643191898403e-05,5.54519524401545e-05,4.86062137402323e-05,5.908736005935869e-05,2.273761941471612e-05,5.146075223009927e-05,2.0765347447858128e-05,5.965921522882866e-05,5.0437864698718246e-05,0.0563743290800156,9.916734561017938e-06,3.472165618129252e-05,0.1379594669412892,6.277356453345448e-05,0.0056695973119514,0.1692138660385909,5.009628919652152e-05,5.055976853302974e-05,0.1689632105789804,6.463464616017782e-05,4.091108406704112e-05,4.593647419895164e-05,5.615838298174577e-05,4.495090222636689e-05,2.8642340607504747e-05,0.0367059407645146,0.1689473618423317,5.220281089124312e-05,4.78420940272744e-05,0.2433285429020765,6.204059185833476e-05,6.608891998383107e-05,5.390818609544723e-05,5.901524233141961e-05
667,uj0568,uj0568,0735_101180.xml,letters-leipzig,Brief,"Zeibig, Brigitte","Johnson, Uwe",1970-01-17,1970,1.0,ZeibigBrigitte,JohnsonUwe,576,8.045621458731396e-05,9.229370891520588e-05,8.725989175131863e-05,0.00011573723540548178,8.76601189011759e-05,0.0104530224174163,7.354376891001252e-05,0.0001014049576571872,8.888615872495895e-05,0.00010805302574982784,4.158027323677949e-05,9.410625183183683e-05,3.797358047869247e-05,0.00010909877701185472,9.223569791545848e-05,0.0001476701883964086,1.813472752547119e-05,6.349547527025849e-05,7.351704392154901e-05,0.00011479398602556988,7.358604823492515e-05,0.5204765882778952,9.161105896565102e-05,9.245862339621491e-05,0.000150827065112287,0.00011819734506433634,7.481407894528541e-05,8.400400736281425e-05,0.00010269680683481748,8.220169239011912e-05,5.2378233924970525e-05,0.00021051133455625613,0.2780707448424319,9.546325413385048e-05,8.748881338854104e-05,0.1876146916265784,0.0001134535992616483,0.00012085677487735634,9.858187291573324e-05,0.00010792114409686192
668,uj0028,uj0028,1047_101736.xml,letters-leipzig,Brief + Postkarte,"Baumgärtner, Klaus + Baumgärtner, Sabine","Johnson, Uwe",1978-12-30,1978,12.0,BaumgärtnerKlaus+BaumgärtnerSabine,JohnsonUwe,132,0.0003530024262493544,0.0004049395480726037,0.0003828536261675975,0.0005077982492103189,0.0003846096266913004,0.0458627378122843,0.00032267400341812386,0.00044491524079663,0.0003899888883765996,0.0004740837043964959,0.00018243385438877733,0.000412892097798361,0.0001666094547339936,0.0004786719482586054,0.0004046850242453889,0.0006479043919231422,7.956629389908758e-05,0.0002785870170654448,0.0003225567472705722,0.0005036597333557635,0.00032285950436855885,0.7930918160154988,0.00040194441476055424,0.00040566311196656087,0.0006617552193053552,0.0005185920043337678,0.0003282475010881341,0.0003685684016560448,0.00045058324166382,0.0003606607271340665,0.00022981001222851735,0.0009236205336345148,0.0005345938810282365,0.0004188459586342684,0.0003838580220837487,0.1456593387087638,0.0004977787733552985,0.0005302602785777309,0.00043252892895791824,0.00047350507235777097
669,uj0629,uj0629,0036_060035.xml,letters-leipzig,Brief,"Johnson, Uwe","Baumgärtner, Klaus",1957-03-05,1957,3.0,JohnsonUwe,BaumgärtnerKlaus,437,0.0734928667884517,0.00013157330043234402,0.00012439712400807523,0.00016499423659747944,0.0001249676851833524,0.0002261257694948642,0.00010484351008814772,0.0294958298129481,0.0001267155194395836,0.00015403967818291452,5.927656225916813e-05,0.00013415724961500722,5.413488494004632e-05,0.0001555304942590414,0.00013149060033514502,0.00021051764298076007,2.5852747505896424e-05,9.05187291964141e-05,0.00010480541112151728,0.00016364954652591895,0.00010490378321384818,0.2870433311839364,0.00013060011918349608,0.00013180840142471375,0.0222284687479981,0.00016850135264087485,0.00010665445566480388,0.0074575724509349,0.00014640388795658898,0.00011718618848473162,7.467006353225357e-05,0.00030010356492912195,0.00017370069594983004,0.00013609178311321414,0.00012472347317860646,0.3335026143949409,0.00016173870002881893,0.00017229261817652136,0.00014053766540297666,0.2423018091757437
670,uj0871,uj0871,0378_000015.xml,letters-leipzig,Brief,"Johnson, Uwe","Klemm, Eberhardt",1963-07-22,1963,7.0,JohnsonUwe,KlemmEberhardt,361,0.0001106386173082066,0.000126916837847782,0.0001199946308603976,0.00015915498587670273,0.000120544999513665,0.000218123035037355,0.00010113303174371608,0.000139446087054131,0.00012223097680658055,0.00014858811623501348,5.717872711028693e-05,0.0001294093394293746,5.2219017013844106e-05,0.00015002617138429474,0.00012683706455949542,0.00020306729002382296,2.4937802368290504e-05,8.731521393670575e-05,0.0001010962811236882,0.0001578578852399704,0.00010119117176525516,0.2627284317695532,0.00012597809810080692,0.00012714361846686195,0.0072855353382449,0.0001625379828580838,0.00010287988680738314,0.00011551733163985608,0.00014122256146964862,0.00011303889492050902,7.202744260625805e-05,0.00028948270935284413,0.0001675533181083912,0.0001312754085596331,0.368182908151461,0.3570903797590408,0.00015601466481282038,0.00016619507310089456,0.00013556394825428234,0.000148406760403058
671,uj0863,uj0863,0391_101356.xml,letters-leipzig,Brief,"Bierwisch, Manfred","Johnson, Uwe",1963-08-22,1963,8.0,BierwischManfred,JohnsonUwe,1277,3.42575785411857e-05,3.92978839265268e-05,3.715452697469444e-05,4.9279940056590215e-05,3.732494032425205e-05,6.753850677307523e-05,3.131431739080128e-05,4.31773769027713e-05,0.2586508005535211,4.6008068304286696e-05,1.7704530140764738e-05,4.006964943456433e-05,1.6168830741186296e-05,4.645334038397858e-05,0.2323526043615619,6.287672248974182e-05,7.72161424339231e-06,2.703583858920169e-05,3.1302938115800624e-05,4.8878312414996544e-05,3.133231957125797e-05,0.4670776900317145,3.9007217327520544e-05,3.93681031235736e-05,6.422089400705426e-05,5.0327434029435264e-05,3.185520470482959e-05,0.013185579397592,4.372743540220527e-05,3.500078828860182e-05,0.0022139374106522,8.963395325471681e-05,5.188035691863914e-05,4.064744958561857e-05,3.725199987976646e-05,0.0229022403440531,0.0022399427868147,5.145979684518062e-05,4.197533119685723e-05,4.595191420720674e-05
672,uj0279,uj0279,0851_s000092.xml,letters-leipzig,Brief,"Johnson, Uwe","Baumgärtner, Klaus + Baumgärtner, Sabine",1972-11-28,1972,11.0,JohnsonUwe,BaumgärtnerKlaus+BaumgärtnerSabine,7196,6.197193326833411e-06,7.108984183904223e-06,6.721251075945396e-06,8.914737371127724e-06,6.7520788377912045e-06,1.2217710687730016e-05,5.664757610795815e-06,7.810784165329511e-06,6.8465153689324345e-06,8.322856022442993e-06,3.20274814260911e-06,7.248596505030199e-06,0.4511819604716376,0.0166600022566026,7.104515848147171e-06,1.1374394268938822e-05,1.3968394235454446e-06,4.890781124209222e-06,5.66269910082222e-06,8.842082961611774e-06,5.668014203857712e-06,0.2545785065139993,7.056402618469604e-06,7.121686831256571e-06,1.1617554793177086e-05,9.10422895035914e-06,5.76260408435889e-06,0.0329132015269033,7.910289705628047e-06,6.331639913056294e-06,4.034468231150514e-06,1.6214775259144835e-05,9.385152581738725e-06,7.353120507976051e-06,6.738883916986194e-06,0.2432123970212948,0.0008016721173955719,9.309073296752589e-06,0.00040405997349648526,8.312697750594332e-06
673,uj1031,uj1031,0710_s000232.xml,letters-leipzig,Brief,"Johnson, Uwe","Bierwisch, Manfred",1969-10-21,1969,10.0,JohnsonUwe,BierwischManfred,385,0.00010986100715834463,0.0001260248181922589,0.0001191512631000608,0.00015803638429409166,0.00011969776355376677,0.0002165899836481529,0.00010042223045314002,0.0001384660070848581,0.0001213718911590479,0.0001475437826185571,5.677685333746775e-05,0.00012849980152773136,5.1852001964002485e-05,0.00014897173057102636,0.00012594560558088755,0.0002016400561187968,2.4762530038351545e-05,8.670152950855162e-05,0.0001003857381304033,0.00015674840017241578,0.00010047996184456456,0.2538534976014232,0.00012509267626413845,0.0001262500049111666,0.0002059506946103052,0.00016139560429006134,0.00010215680795711868,0.0001147054320359602,0.0001402299957646526,0.00011224441470954884,7.152120643120535e-05,0.00028744811511731395,0.00016637568986272014,0.00013035275521664278,0.00011946385003637876,0.3967508880174674,0.0001549181345972646,0.00016502699111609992,0.00013461115342836515,0.344537941514704
674,uj0224,uj0224,0645_s000206.xml,letters-leipzig,Brief,"Johnson, Uwe","Bierwisch, Manfred",1968-12-24,1968,12.0,JohnsonUwe,BierwischManfred,214,0.00017706165507092316,0.00020311267360740413,0.00019203464808838065,0.0002547053271066876,0.00019291543625274475,0.00034907545423511286,0.00016184929293719898,0.0002231639871111897,0.00019561360744431007,0.000237794528027699,9.150656708582266e-05,0.0002071015742827829,8.356924375592422e-05,0.00024009593445350143,0.00020298500760074104,0.0003249808370455681,3.99094698450609e-05,0.00013973580535119452,0.00016179047870248296,0.0002526294986923321,0.3173334420392888,0.3071846264505824,0.0002016103517479648,0.00020347560431577025,0.0229870353624365,0.00026011934130170083,0.0001646448904985847,0.00018486935599124204,0.0002260069863085357,0.00018090296416357055,0.00011526986244651852,0.00046327664679362976,0.00026814568492167934,0.00021008795730815923,0.0001925384406689296,0.3449222098897287,0.00024967968182520187,0.0002659720034814167,0.0002169511661465041,0.00023750429334704184
675,uj0344,uj0344,0607_s000190.xml,letters-leipzig,Brief + Umschlag,"Johnson, Uwe","Bierwisch, Manfred",1966-10-07,1966,10.0,JohnsonUwe,BierwischManfred,1498,1.3413990207417532e-05,1.5387585830939942e-05,1.4548327179651609e-05,1.9296186756063247e-05,1.461505469220568e-05,2.644556057540537e-05,1.2261518902369984e-05,1.69066506046082e-05,1.4819465082061663e-05,1.8015043794001272e-05,6.932433757675825e-06,1.56897804228546e-05,6.33111114280635e-06,1.8189395735118257e-05,1.5377913999043235e-05,2.4620179699446853e-05,3.023496179737145e-06,1.058622615865483e-05,1.2257063202640864e-05,1.9138924349297143e-05,1.2268567884891264e-05,0.0018178936455583,1.5273771630441042e-05,1.541508104985701e-05,2.514650713816648e-05,1.9706346332204323e-05,1.2473310203526e-05,1.4005492775523829e-05,1.7122032999953024e-05,1.3705003428387352e-05,8.732714067586307e-06,0.9963618907461478,2.0314413023304857e-05,1.5916025414419543e-05,1.458649393427359e-05,0.0012441997229114,1.8915449568416376e-05,2.01497373822574e-05,1.6435974333411313e-05,1.7993055943709072e-05
676,uj0112,uj0112,0937_101612.xml,letters-leipzig,Brief,"Klemm, Ine","Johnson, Uwe",0000-00-00,0,0.0,KlemmIne,JohnsonUwe,127,0.0003530024262493544,0.0004049395480726037,0.0003828536261675975,0.0005077982492103189,0.0003846096266913004,0.0232793394541406,0.00032267400341812386,0.00044491524079663,0.0003899888883765996,0.0004740837043964959,0.00018243385438877733,0.000412892097798361,0.0001666094547339936,0.0004786719482586054,0.0004046850242453889,0.3393988797640785,7.956629389908758e-05,0.0002785870170654448,0.0003225567472705722,0.0005036597333557635,0.00032285950436855885,0.5898412307922056,0.00040194441476055424,0.00040566311196656087,0.0006617552193053552,0.0005185920043337678,0.0003282475010881341,0.0003685684016560448,0.00045058324166382,0.0003606607271340665,0.00022981001222851735,0.0009236205336345148,0.0005345938810282365,0.0004188459586342684,0.0003838580220837487,0.0327423469180453,0.0004977787733552985,0.0005302602785777309,0.00043252892895791824,0.00047350507235777097
677,uj0867,uj0867,0356_101317.xml,letters-leipzig,Brief,"Bierwisch, Manfred","Johnson, Uwe",1963-02-15,1963,2.0,BierwischManfred,JohnsonUwe,423,0.00010541560224006024,0.00012092536242438765,0.00011432993818501264,0.00015164161568436774,0.00011485432509845912,0.00020782590799050952,9.635875526109078e-05,0.00013286313228121603,0.00011646071097004552,0.0001415735856043474,5.447944036447991e-05,0.00012330019827917735,4.975386768946921e-05,0.1013026962729837,0.00012084935506428144,0.00019348091284877668,2.3760541474174325e-05,8.319324740128333e-05,9.632373956008882e-05,0.0001504057484246911,9.641415061520769e-05,0.6077567038751451,0.000120030938594972,0.00012114143721019316,0.00019761712609108376,0.0001548649085349567,9.802314499265787e-05,0.00011006400278898772,0.00013455574309769228,0.00010770256782405102,6.862717941420686e-05,0.00027581684304229707,0.00015964348041799253,0.2631404347256393,0.0001146298766344831,0.0232656737900694,0.00014864954253459103,0.00015834935528394504,0.0001291642610414794,0.00014140079119756197
678,uj0697,uj0697,0233_060204.xml,letters-leipzig,Brief,"Baumgärtner, Klaus + Baumgärtner, Sabine","Johnson, Uwe",1961-05-16,1961,5.0,BaumgärtnerKlaus+BaumgärtnerSabine,JohnsonUwe,1459,0.0941416981162685,3.3750263942174615e-05,3.1909481293880234e-05,4.232316903052799e-05,3.2055837660996404e-05,0.1732245931942775,2.6893724839854985e-05,3.7082095044196914e-05,3.2504179895181745e-05,3.951318222737982e-05,1.5205209683558817e-05,3.441308053673814e-05,1.3886302534041154e-05,3.989559595336515e-05,3.372905029092973e-05,5.400051523932544e-05,6.631566199884648e-06,0.1242514243781513,2.688395195906932e-05,4.197823852649367e-05,2.690918568103116e-05,0.4086700550067784,3.3500630286225685e-05,3.381057040647605e-05,5.515493219413316e-05,4.322278993956869e-05,2.735825594910148e-05,3.0718858891022994e-05,3.755450265714224e-05,3.0059782484295435e-05,1.9153843101232967e-05,7.698047014906032e-05,4.455648916598165e-05,3.4909313556316715e-05,3.199319410344377e-05,0.1326038993270859,4.148808153097719e-05,4.419529889147976e-05,3.6049740225270585e-05,0.0659180585933679
679,uj1213,uj1213,0954_101631.xml,letters-leipzig,Brief,"Klemm, Erika","Johnson, Uwe",1975-09-14,1975,9.0,KlemmErika,JohnsonUwe,144,0.0004430532607900129,0.0005082395299732855,0.0004805194946705976,0.0006373374611798517,0.0004827234505080738,0.0008734755032006902,0.0004049880645454317,0.0005584130123538526,0.000489474960563223,0.0005950223440444702,0.00022897268702720715,0.0005182207732327939,0.0002091114868037735,0.00060078104781885,0.0005079200771785995,0.0008131846474022461,9.986363645009574e-05,0.00034965449851446747,0.00040484089638267306,0.0006321432109202325,0.0004052208867439732,0.9103760950290104,0.0005044803388694064,0.0005091476748436021,0.0008305688175382163,0.0006508847006547297,0.000411983360138554,0.00046259011280144833,0.0005655269188871615,0.0004526651923994743,0.00028843449140520907,0.0011592359109461,0.0006709686522682407,0.0005256934625444968,0.00048178011174482873,0.0694393296689077,0.0006247620194296642,0.0006655295488686857,0.0005428669553263955,0.0005942961031110054
680,uj0742,uj0742,0813_101263.xml,letters-leipzig,Brief,"Johnson, Uwe","Baumgärtner, Klaus + Baumgärtner, Sabine",1971-12-11,1971,12.0,JohnsonUwe,BaumgärtnerKlaus+BaumgärtnerSabine,293,0.00013677822551019003,0.00015690235733718368,0.0001483447016886939,0.0789504775372485,0.00014902510107908616,0.0002696570365860262,0.00012502683926207347,0.0001723917815103495,0.0001511094093250313,0.00018369371712149464,7.068783957494682e-05,0.0001599837402368079,6.455634261176032e-05,0.0001854715288502561,0.00015680373671917152,0.0090014575826161,3.082963651431663e-05,0.3151228260461471,0.00012498140589788193,0.0001951535725158852,0.00012509871551261522,0.3510521962837751,0.00015574182984749667,0.00015718271740867168,0.0002564109985883098,0.00020093939543191816,0.0001271864083315809,0.00014280959055513852,0.0001745879678341705,0.0001397455954984465,8.904472983675185e-05,0.0003578762304202004,0.0002071396596124148,0.0001622906890267145,0.00014873387604248092,0.2314470464522892,0.00019287487069021613,0.00020546051406221383,0.0089180058229332,0.00018346951395008577
681,uj0319,uj0319,0576_000027.xml,letters-leipzig,Brief,"Johnson, Uwe","Klemm, Eberhardt",1966-11-11,1966,11.0,JohnsonUwe,KlemmEberhardt,300,0.00014303636198820355,0.00016408125121649482,0.00015513204949566545,0.0002057595324846752,0.00015584357980787477,0.0002819948961460358,0.0001307473040553415,0.000180279376866668,0.000158023253273077,0.0001920984200456036,7.392208351798573e-05,0.0916750922994948,6.751004669059922e-05,0.0001939575735843593,0.0093147569863322,0.00026253045374652003,3.224021244593499e-05,0.0001128832848022378,0.2746540658322712,0.0002040826084528614,0.0001308224689242561,0.2573048549642541,0.00016286762507466596,0.00016437443885307086,0.00026814280032534747,0.0002101331552992648,0.0824900154939198,0.00014934368547214494,0.00018257604726750016,0.00014613950070937055,9.31188729972414e-05,0.00037425046165366366,0.0002166171057119563,0.0001697161200648176,0.0001555390300917155,0.2786397656330296,0.00020169964714462815,0.00021486113271366984,0.00017526045106866438,0.0001918639587059793
682,uj0138,uj0138,1048_101737.xml,letters-leipzig,Brief,"Johnson, Uwe","Bierwisch, Manfred",1979-02-04,1979,2.0,JohnsonUwe,BierwischManfred,1101,4.375012579407338e-05,5.0187066291315725e-05,0.028036677225496,6.293508380950485e-05,0.0056455129183574,8.625297797138606e-05,3.999130654713454e-05,5.514154097854055e-05,4.833412366609273e-05,5.875659814761663e-05,2.261033773453072e-05,5.11726828905618e-05,2.0649106241398035e-05,0.0784291620452901,0.2687467388120567,8.029944425692721e-05,9.861222213227383e-06,3.4527289714998584e-05,3.99767741506861e-05,6.24221678186395e-05,4.001429701210861e-05,0.2382397015278441,4.981585791021632e-05,0.0028491994853727,8.201607676498755e-05,0.0140588865444568,4.068207013980083e-05,4.567932891424995e-05,5.584401703111395e-05,4.469927402128229e-05,2.848200521044879e-05,0.011310161896219,6.625605889520432e-05,5.191058762197959e-05,4.7574281377220185e-05,0.3511244142786257,6.169329821129998e-05,6.571896442147627e-05,5.360641639929624e-05,5.86848841235753e-05
683,uj1018,uj1018,0659_101108.xml,letters-leipzig,Brief,"Johnson, Uwe","Doherty, Monika",1969-03-20,1969,3.0,JohnsonUwe,DohertyMonika,416,7.541024199659083e-05,8.650532416617071e-05,8.178721292464105e-05,0.00010847854295297586,8.216233902744307e-05,0.00014867061119696153,6.893132419033622e-05,9.504514270036611e-05,8.33114853088481e-05,0.00010127626389153004,3.897248314693042e-05,8.820418982463409e-05,3.559199134664157e-05,0.00010225642876931091,8.645095144242459e-05,0.00013840875685955018,1.6997371778582888e-05,5.9513229405323376e-05,6.890627531303412e-05,0.00010759445134653943,6.897095188273348e-05,0.0343416868598983,8.586548797503316e-05,0.014559814259438,0.00014136764373135846,0.0001107843619088384,7.01219641882778e-05,7.873552784463292e-05,9.625597097022552e-05,7.704624866412264e-05,4.909322811042206e-05,0.7576257203967275,0.00011420276729134728,8.947608501022879e-05,0.0049063865651939,0.185496830166866,0.00010633812962229704,0.00011327700025631056,9.239911337097364e-05,0.00010115265346048896
684,uj1194,uj1194,1072_101766.xml,letters-leipzig,Brief,"Johnson, Uwe","Klemm, Ine",1980-05-02,1980,5.0,JohnsonUwe,KlemmIne,537,9.02067768675194e-05,0.00010347886796680713,9.783499789382629e-05,0.00012976353688820013,9.82837289382668e-05,0.000177841846093112,8.245660557224323e-05,0.00011369431728253928,9.96583536503786e-05,0.00012114807083170846,4.661942460504564e-05,0.005876507037021,4.257563345072312e-05,0.00012232055764626286,0.00010341382656090806,0.132898473608939,2.033249175137529e-05,7.1190550029984e-05,8.242664175796884e-05,0.0058997019366553,8.25040087672365e-05,0.3527137838608021,0.00010271348704509732,0.00010366376858470112,0.00016910593517175214,0.00013252178948812936,8.388086564329187e-05,9.41845298964596e-05,0.0982220740876897,9.216379072272606e-05,5.872600003144507e-05,0.00023602339585330332,0.0001366109333950889,0.00010703253327130018,9.809166275377514e-05,0.4007947545710192,0.0001272031447900878,0.0001355035180341272,0.00011052910031755184,0.00012100020632052012
685,uj1131,uj1131,0517_101469.xml,letters-leipzig,Brief,"Bierwisch, Manfred","Johnson, Uwe",1964-11-18,1964,11.0,BierwischManfred,JohnsonUwe,1012,4.620741447589704e-05,5.300589498570751e-05,5.011488554310942e-05,6.646992322602763e-05,0.0207432425654853,9.10975004200823e-05,4.223747574473092e-05,5.8238644863056434e-05,0.0030071771395287,0.0650968784746878,2.3880279843241165e-05,5.404687015752877e-05,2.1808892965111538e-05,6.265734019501226e-05,5.297257825159022e-05,8.480957792964016e-05,1.0415091928884163e-05,3.646656455571701e-05,4.222212711535368e-05,6.592819857150236e-05,4.2261757502206334e-05,0.5767948853407876,5.261383715247699e-05,5.3100608263185815e-05,8.662262756922515e-05,0.1951723479906554,0.020735864859541,4.824497406148042e-05,5.898057649254328e-05,4.720987297716257e-05,3.008173796021747e-05,0.00012090034980652572,6.997742564947964e-05,0.1094315718534448,5.02463592524791e-05,0.0072420455301883,6.515839095531984e-05,6.941016449285852e-05,5.661729780592665e-05,6.198100496742736e-05
686,uj0540,uj0540,0348_101309.xml,letters-leipzig,Brief,"Baumgärtner, Klaus","Johnson, Uwe",1962-12-20,1962,12.0,BaumgärtnerKlaus,JohnsonUwe,230,0.00019716191437828688,0.00022617027694046596,0.00021383466018602348,0.00028361979263430626,0.0002148154365183028,0.0003887029339689436,0.0001802226259744852,0.0128619693703278,0.0885121206163076,0.0002647892586107514,0.00010189450639439268,0.0002306120025817828,9.305612824789128e-05,0.00026735192355642777,0.00022602811812993948,0.0003618730658679154,4.444004250001442e-05,0.0001555987877736578,0.00018015713507469293,0.0002813083135965031,0.00018032623354142277,0.6069395094383649,0.0002244974096350024,0.0002265744079942475,0.0003696091476603712,0.00028964841245451785,0.00018333558324811568,0.00020585595521805297,0.00025166358049465533,0.00020143929365683096,0.00012835544060047342,0.0005158683879465515,0.0002985859165851498,0.000233937403522569,0.1515760540019523,0.1318087775630878,0.0002780236298497269,0.00029616547612423204,0.0002415797323644859,0.0002644660761281612
687,uj1038,uj1038,0688_101134.xml,letters-leipzig,Brief,"Johnson, Uwe","Bierwisch, Manfred",1969-07-29,1969,7.0,JohnsonUwe,BierwischManfred,438,9.81355336238826e-05,0.00011257417989373242,0.00010643423985209607,0.00014116914914439376,0.00010692241227138614,0.00019347331844740904,8.970415826440803e-05,0.0001236875197626361,0.00010841786011178268,0.00013179642363271782,5.0717055522042905e-05,0.00011478500807216644,4.6317833905070726e-05,0.00013307196659311256,0.00011250342165031436,0.00018011899780462492,2.2119623349971e-05,7.744786876079757e-05,8.967156077001421e-05,0.00014001863166463344,8.975572798009551e-05,0.4339416050709884,0.0942853371208173,0.0001127753324172403,0.00018396956152660232,0.00014416983933822531,9.125360418127988e-05,0.00010246291267093975,0.00012526323779832294,0.00010026455990837222,6.388774270414179e-05,0.0002567687562299414,0.0001486184000041681,0.00011644019587487402,0.00010671346436125434,0.2225626021464981,0.00013838371047160267,0.00014741364797593782,0.244971592642638,0.00013163556251769528
688,uj0404,uj0404,0130_060109.xml,letters-leipzig,Brief,"Baumgärtner, Klaus + Baumann, Sabine","Johnson, Uwe",1958-08-14,1958,8.0,BaumgärtnerKlaus+BaumannSabine,JohnsonUwe,828,5.4221734570334405e-05,6.219935915430283e-05,5.880692639400088e-05,7.79986193763811e-05,5.907665086958941e-05,0.20823765378242,4.956324054760428e-05,6.833968918879467e-05,5.990291402699511e-05,7.282001162719966e-05,2.8022130426729364e-05,6.342088345080384e-05,2.559147745096063e-05,7.352477318784552e-05,6.216026388929941e-05,9.951914591373092e-05,1.2221509394085744e-05,4.2791409267520296e-05,4.95452298166956e-05,7.736293675355882e-05,4.959173378886581e-05,0.5276751397976844,6.17393019100107e-05,6.231049972016146e-05,0.0590720275563645,7.965655734451117e-05,5.041933866144047e-05,5.66126931702442e-05,6.921030314414497e-05,5.5398061776474616e-05,3.529918368282819e-05,0.00014186958415709442,8.2114471076078e-05,6.433540595237226e-05,0.1977831795193878,0.0050292766048752,7.645961193635565e-05,8.144882284158492e-05,6.643713197421732e-05,7.273113282500279e-05
689,uj0174,uj0174,0156_060132.xml,letters-leipzig,Brief,"Baumgärtner, Klaus + Baumgärtner, Sabine","Johnson, Uwe",1959-02-04,1959,2.0,BaumgärtnerKlaus+BaumgärtnerSabine,JohnsonUwe,61,0.0005729794015418836,0.0006572816577509448,0.0006214326737932759,0.0008242377822384071,0.0006242829435205095,0.001129623716555,0.0005237515201695542,0.0007221686012674603,0.0006330143456639121,0.0007695136832685161,0.00029611932648537125,0.0006701899179887305,0.000270433794688055,0.0007769611369593377,0.0006568685248675671,0.0010516524622361,0.3300373591467757,0.00045219128948065983,0.0005235611946866244,0.0008175203090391162,0.0005240526178835132,0.4442161149590596,0.0006524200773054211,0.0006584561176869341,0.0010741345705566,0.0008417577732955075,0.0005327981983847393,0.0005982454694488528,0.0007313686732877226,0.0005854100488447165,0.00037301840861007294,0.0014991838618125,0.0008677313787161881,0.0006798539864623339,0.0006230629690211646,0.1997719375347547,0.000807974570282131,0.0008606972487670159,0.0007020636359275253,0.00076857447091583
690,uj1048,uj1048,0681_101128.xml,letters-leipzig,Brief,"Bierwisch, Manfred","Johnson, Uwe",1969-07-18,1969,7.0,BierwischManfred,JohnsonUwe,821,5.384815267923712e-05,6.177081229201531e-05,0.0035033477148042,7.746121731869134e-05,0.0103935075044622,0.00010616114679769104,4.922175517685013e-05,6.786883611619454e-05,5.949018942344311e-05,7.231828961721624e-05,2.782906097662144e-05,6.298392041813143e-05,2.541515493715942e-05,7.301819544687738e-05,6.173198638916248e-05,9.88334697540608e-05,1.2137304515217784e-05,4.249658108241048e-05,4.920386853793088e-05,7.682991448043798e-05,0.0551683854405419,0.5447091908843964,6.1313924792415e-05,6.188118711138685e-05,0.00010094632057929654,7.910773227340504e-05,5.007195486720603e-05,5.622263783279985e-05,6.873345163548534e-05,5.501637511806029e-05,3.50559761222638e-05,0.00014089211805501237,8.154871124500395e-05,6.38921419585024e-05,5.855496688771974e-05,0.0256643012032786,7.593281347359722e-05,8.088764925490563e-05,0.3583403594121697,7.22300231803608e-05
691,uj0454,uj0454,0079_060067.xml,letters-leipzig,Brief,"Bierwisch, Manfred","Johnson, Uwe",1958-01-02,1958,1.0,BierwischManfred,JohnsonUwe,640,7.227222096584538e-05,8.290560721370202e-05,7.838382914800256e-05,0.0001039644618393461,7.874334525448834e-05,0.0001424840310688811,6.606290818662964e-05,9.109006115219344e-05,7.984467249828021e-05,9.706188879349872e-05,3.73507343168316e-05,8.453377854705088e-05,3.411091378456558e-05,0.0093452598398951,8.28534970838171e-05,0.00013264919982372688,1.6290065865004153e-05,5.703672541147695e-05,6.603890165983178e-05,0.00010311715963950288,6.61008868651947e-05,0.569253635060523,8.229239631073304e-05,0.374597025973174,0.00013548495953156518,0.00010617432952672026,0.0370562382964636,7.545913281258314e-05,9.22505036326052e-05,7.384014903830536e-05,4.705032812497111e-05,0.0001890981543800304,0.00010945048595606424,8.57527467861775e-05,7.858946491192787e-05,0.00670352936818,0.00010191311680852052,0.00010856324255321064,8.855414015110975e-05,9.694342212173965e-05
692,uj1125,uj1125,0476_101435.xml,letters-leipzig,Brief,"Johnson, Uwe","Bierwisch, Manfred",1964-07-14,1964,7.0,JohnsonUwe,BierwischManfred,387,0.00010470944348079355,0.00012011530677722627,0.00011356406401097996,0.00015062579778920445,0.00011408493815777418,0.00020643372237271227,9.57132665704822e-05,0.00013197310781946388,0.0001156805631606668,0.0001406252114981346,5.411449311572527e-05,0.00012247423406530435,4.942057613935973e-05,0.00014198620061784195,0.00012003980857574524,0.0001921848215828184,2.3601374195988143e-05,8.263595190502015e-05,9.567848543289824e-05,0.00014939820936560303,9.5768290841821e-05,0.3491307984803042,0.0001192268745202934,0.0001203299341197747,0.00019629332713149016,0.1743228058164757,9.736650687670045e-05,0.00010932670529224335,0.0001336543801629941,0.0402998222394437,6.816745919407525e-05,0.0002739691992824668,0.00015857405957647177,0.0001242402997020589,0.00011386199323070802,0.4317370398965036,0.00014765376795956427,0.00015728860353674787,0.0001282990146037563,0.00014045357460770646
693,uj0435,uj0435,0139_060118.xml,letters-leipzig,Brief,"Bierwisch, Manfred + Baumgärtner, Klaus","Johnson, Uwe",1958-10-04,1958,10.0,BierwischManfred+BaumgärtnerKlaus,JohnsonUwe,147,0.00030481596388154506,0.0003496634285802836,0.0003305923370718883,0.1369431023299889,0.0003321086354098236,0.0201016020474237,0.0197792876378074,0.039385502508317,0.00033675360301811213,0.0004093690880585432,0.039158851044051,0.0003565304185206312,0.00014386649427912762,0.00041333101543171257,0.0003494436484316098,0.0005594624485318254,6.870512711490758e-05,0.00024055860191653092,0.0002785262607694476,0.0004349078523973455,0.0002787876901245524,0.7238324385945025,0.0003470771448055053,0.0003502882226592077,0.0005714225739732405,0.0004478017993864963,0.0002834402003945748,0.0003182571117165889,0.0003890765470818904,0.00031142887130734126,0.00019843988363293385,0.0007975420628461094,0.00046161934596928553,0.0003616715498403116,0.0003314596283042836,0.0087722051381088,0.000429829670612203,0.0004578773002783668,0.0003734867314873061,0.0004088694419668983
694,uj0893,uj0893,0411_101375.xml,letters-leipzig,Brief,"Bierwisch, Manfred","Johnson, Uwe",1963-12-16,1963,12.0,BierwischManfred,JohnsonUwe,451,0.00010401268260917206,0.00011931603172558744,0.00011280838244497408,0.0001496234988688063,0.0001133257905746407,0.0002050600646055514,9.507636834216122e-05,0.00013109492821523596,0.00011491079791946124,0.2330377901083886,5.375440275388904e-05,0.0001216592621655237,4.909172018747786e-05,0.0134495042858392,0.0001192410359066129,0.00019090597929938069,2.344432518961769e-05,8.208607315519013e-05,9.504181864631677e-05,0.0001484040791026973,9.513102646926333e-05,0.6861734051455902,0.0001184335113025173,0.00011952923088812366,0.00019498714590122972,0.0600408869188276,9.671860760474418e-05,0.00010859922009187648,0.0001327650129834667,0.00010626921219654784,6.771385714343499e-05,0.000272146144821056,0.00015751887108253875,0.00012341357599278044,0.0001131043291747192,0.0029933490923304,0.00014667124561352032,0.00015624196876481823,0.00012744528326614403,0.00013951896401468984
695,uj0043,uj0043,0019_060022.xml,letters-leipzig,Brief,"Bierwisch, Manfred","Johnson, Uwe",1955-09-10,1955,9.0,BierwischManfred,JohnsonUwe,374,0.000124768673355677,0.0001431258440319532,0.0001353195770745182,0.00017948124198317126,0.00013594023528948335,0.0162101802361434,0.0001140490952444782,0.00015725524875204348,0.00013784153481095944,0.0001675648393853041,6.448122815782524e-05,0.00014593667196200513,5.888809563305691e-05,0.00016918655373381495,0.00014303588260988474,0.00022900174455023283,2.8122698869510138e-05,9.846655418968094e-05,0.00011400765107048688,0.0001780184839553566,0.00011411466053743636,0.5916201240308233,0.00014206721445300568,0.00014338158762016676,0.00023389731814647908,0.00018329629368575492,0.000116019047455931,0.00013027046585499527,0.00015925860310938317,0.0001274754990613711,8.122632655603869e-05,0.00032645358812417413,0.00018895215545300427,0.00014804106349759123,0.00013567458071376664,0.0435011791921852,0.3194599383230639,0.0001874204440867528,0.0240991771928215,0.00016736032194728003
696,uj1063,uj1063,0730_101173.xml,letters-leipzig,Brief + Postkarte,"Bierwisch, Manfred","Johnson, Uwe",1969-12-18,1969,12.0,BierwischManfred,JohnsonUwe,634,7.541024199659083e-05,8.650532416617071e-05,8.178721292464105e-05,0.101420559089082,8.216233902744307e-05,0.00014867061119696153,0.1062053966582303,9.504514270036611e-05,8.33114853088481e-05,0.00010127626389153004,3.897248314693042e-05,0.0049125889777355,3.559199134664157e-05,0.00010225642876931091,8.645095144242459e-05,0.00013840875685955018,1.6997371778582888e-05,5.9513229405323376e-05,6.890627531303412e-05,0.00010759445134653943,0.0048933557397936,0.5891459374696528,8.586548797503316e-05,8.665989570530445e-05,0.178643604796435,0.0001107843619088384,7.01219641882778e-05,7.873552784463292e-05,9.625597097022552e-05,7.704624866412264e-05,4.909322811042206e-05,0.0001973086947147478,0.00011420276729134728,8.947608501022879e-05,8.200177728302834e-05,0.0118189778020733,0.00010633812962229704,0.00011327700025631056,9.239911337097364e-05,0.00010115265346048896
697,uj0819,uj0819,0530_000021.xml,letters-leipzig,Brief,"Johnson, Uwe","Klemm, Eberhardt",1965-03-04,1965,3.0,JohnsonUwe,KlemmEberhardt,131,0.00030481596388154506,0.0003496634285802836,0.0003305923370718883,0.0004384814417141346,0.0198327687623062,0.0006009419205273067,0.000278627510911031,0.0003841822545242705,0.00033675360301811213,0.0004093690880585432,0.00015753079025825054,0.0003565304185206312,0.00014386649427912762,0.00041333101543171257,0.0003494436484316098,0.0005594624485318254,6.870512711490758e-05,0.00024055860191653092,0.0002785262607694476,0.0004349078523973455,0.0002787876901245524,0.3143185759296782,0.0003470771448055053,0.0003502882226592077,0.0005714225739732405,0.1759537429414541,0.0002834402003945748,0.1368228779999913,0.0003890765470818904,0.0978147295057893,0.00019843988363293385,0.0007975420628461094,0.00046161934596928553,0.0003616715498403116,0.0003314596283042836,0.2427801266608656,0.000429829670612203,0.0004578773002783668,0.0003734867314873061,0.0004088694419668983
698,uj0057,uj0057,0016_060008.xml,letters-leipzig,Brief + Postkarte,"Baumgärtner, Klaus","Johnson, Uwe",1955-08-12,1955,8.0,BaumgärtnerKlaus,JohnsonUwe,127,0.0002879691956475304,0.0003303380013087245,0.0555809755751255,0.0004142471623496021,0.0003137534379391345,0.0005677286690679394,0.0002632281432395836,0.0003629490181833196,0.0003181416844369049,0.0003867438093137191,0.00014882427541759984,0.0003368254619536993,0.0001359151866937331,0.0003904867662912246,0.00033013036811318266,0.0005285417116844839,6.490788717296291e-05,0.00022726325162850832,0.00026313248905710684,0.0004108710805065582,0.0002633794695634737,0.3890610354985343,0.00032789465795867416,0.0003309282638594846,0.000539840817083525,0.0004230523963927256,0.0002677748418502116,0.0003006674693250249,0.1477506518277897,0.0002942166165766985,0.00018747237823925952,0.019176347863272,0.0004361062657655724,0.0003416824498620557,0.0003131403005831641,0.1372475713027338,0.2214806920900173,0.0004325710379055613,0.0187757294995669,0.0003862717779893513
699,uj0786,uj0786,0544_000023.xml,letters-leipzig,Brief,"Johnson, Uwe","Klemm, Eberhardt",1965-05-12,1965,5.0,JohnsonUwe,KlemmEberhardt,158,0.0001811659899807136,0.00020782087785735208,0.5797029450039731,0.00026060946239410946,0.00019738726590627664,0.00035716711345062306,0.0001656010013624984,0.00022833698598856715,0.0002001479814031558,0.0002433066666234344,9.362771295230054e-05,0.00021190224228094943,8.550640041694625e-05,0.00024566142024477305,0.000207690252519671,0.00033251397680959414,4.0834581666989255e-05,0.00014297491742106,0.00016554082379862655,0.00025848551574080296,0.00016569620315384293,0.1056829202357019,0.0002062837317890745,0.00020819222139330403,0.0003396224232908602,0.0002661489748369156,0.00016846140159762127,0.0001891546754255453,0.0002312458866418184,0.00018509634161056044,0.0117080710265014,0.1279654364866456,0.000274361371175673,0.0002149578504364091,0.0001970015314674289,0.167475528966489,0.0002554673213565847,0.0002721373032380377,0.00022198015022878984,0.0002430097042278952
700,uj0961,uj0961,0197_060166.xml,letters-leipzig,Brief,"Baumgärtner, Klaus + Baumgärtner, Sabine","Johnson, Uwe",1960-03,1960,3.0,BaumgärtnerKlaus+BaumgärtnerSabine,JohnsonUwe,427,9.632134808748612e-05,0.00011049307388255356,0.00010446664002982298,0.0001385594213617465,0.00010494578783478997,0.0001898966680431715,8.804583960583087e-05,0.00012140096665490916,0.00010641359003305976,0.00012935996502619863,4.9779473127786514e-05,0.00011266303151841586,4.5461577855454205e-05,0.00013061192762273995,0.00011042362371356124,0.00017678922245638288,2.1710708258054795e-05,7.601612637206122e-05,8.801384472601167e-05,0.00013743017295847742,8.809645597639591e-05,0.586136128097876,0.00010967581242238854,0.00011069050779379856,0.0556401601308864,0.00014150463920476047,8.956664164348775e-05,0.000100568728909764,0.00012294755513105502,9.841101606261211e-05,6.270667999946345e-05,0.00025202199278402974,0.00014587096141822927,0.3513583672996961,0.0001047407026465737,0.0027720025350475,0.0001358254757859621,0.00014468848107512518,0.00011802119879661704,0.00012920207767508671
701,uj0738,uj0738,0790_101240.xml,letters-leipzig,Brief,"Bierwisch, Manfred","Johnson, Uwe",1971-05-08,1971,5.0,BierwischManfred,JohnsonUwe,191,0.0002256204907437212,0.0002588159535570576,0.00024469979976264963,0.0003245577980948626,0.0002458221424731902,0.0004448087603132723,0.0002062361660653641,0.0002843663031850908,0.0002492602821884645,0.3900240992872643,0.00011660207606162251,0.0002638988029608227,0.00010648795629827823,0.00030594180617634546,0.0002586532753811245,0.0004141062383448107,5.085456909435087e-05,0.0001780580948776129,0.000206161222134144,0.000321912677527346,0.00020635472846708812,0.5790729372805448,0.0002569016226701924,0.00025927841734965407,0.0004229589550368314,0.00033145659579944227,0.00020979845115452777,0.0002355694393882876,0.00028798898972234394,0.00023051527184262305,0.00014688241179450955,0.0005903294214538789,0.0003416841495049124,0.0002677041960791929,0.00024534175653872847,0.0209271773518414,0.0003181538787693684,0.0003389143398977666,0.00027644962741249745,0.0003026394122275438
702,uj1178,uj1178,1074_101768.xml,letters-leipzig,Brief,"Johnson, Uwe","Klemm, Erika",1980-06-04,1980,6.0,JohnsonUwe,KlemmErika,402,0.0001130389289591307,0.00012967030650091818,0.0001225979218044646,0.00016260786314683628,0.0001231602307397319,0.0002228552277840937,0.0001033271191274321,0.00014247137854434726,0.00012488278541437765,0.00015181174461419166,5.841922313425208e-05,0.00013221688305860684,5.335191182026571e-05,0.0001532809984589508,0.00012958880252620435,0.00020747284745055712,2.5478829534296227e-05,0.0941011444186841,0.00010328957120042788,0.0001612826218315008,0.00010338652050033726,0.3262818397568284,0.0001287112007370254,0.0001299020071395666,0.0002119081787005956,0.0001660642544571327,0.00010511187231983405,0.000118023487300193,0.00014428639368227155,0.00011549128074280689,7.35900824320293e-05,0.00029576305465095167,0.00017118839771613982,0.00013412343667415418,0.00012291955086469227,0.4805444744462614,0.0941713343083994,0.0001698006854991315,0.00013850501650293525,0.00015162645425623617
703,uj0997,uj0997,0700_s000230.xml,letters-leipzig,Brief + Umschlag,"Johnson, Uwe","Bierwisch, Manfred",1969-08-30,1969,8.0,JohnsonUwe,BierwischManfred,339,0.00012090826589737264,0.0156089567547731,0.0001311327191834842,0.0001739279992777495,0.00013173417391140673,0.00023836955450348205,0.00011052035709207708,0.0001523896898035298,0.00013357664623967982,0.0001623802963560729,6.248614551884032e-05,0.000141421315649157,5.706606741497095e-05,0.0001639518340216244,0.0697547771218349,0.00022191631181419416,2.725256798213572e-05,9.54199479385768e-05,0.00011048019522232192,0.00017251049974189756,0.00011058389376086916,0.3722017196992504,0.0001376715811621757,0.0001389452869419146,0.000226660413824542,0.0079127546605922,0.00011242935796049594,0.00012623983008354804,0.0001543310593381195,0.00012353134101198045,7.871314188865254e-05,0.0003163529448097084,0.00018310587777323705,0.0001434605962193006,0.0001314767388260304,0.3902360643664459,0.00017049618872703282,0.00018162155835099855,0.1393804808920624,0.00016218210679364343
704,uj0943,uj0943,0221_060192.xml,letters-leipzig,Brief,"Baumgärtner, Klaus","Johnson, Uwe",1960-10-23,1960,10.0,BaumgärtnerKlaus,JohnsonUwe,219,0.0001811659899807136,0.00020782087785735208,0.0001964860608447041,0.00026060946239410946,0.00019738726590627664,0.00035716711345062306,0.0001656010013624984,0.00022833698598856715,0.0002001479814031558,0.1856853735284245,9.362771295230054e-05,0.00021190224228094943,8.550640041694625e-05,0.00024566142024477305,0.000207690252519671,0.0235127723345347,4.0834581666989255e-05,0.081273879169459,0.00016554082379862655,0.00025848551574080296,0.00016569620315384293,0.534517699853617,0.0002062837317890745,0.00020819222139330403,0.0003396224232908602,0.0350365365114246,0.00016846140159762127,0.0001891546754255453,0.0002312458866418184,0.00018509634161056044,0.00011794184763888824,0.0004740155191574067,0.000274361371175673,0.0002149578504364091,0.0001970015314674289,0.0052137204624131,0.0002554673213565847,0.1277635582707262,0.00022198015022878984,0.0002430097042278952
705,uj0757,uj0757,0816a_000065.xml,letters-leipzig,Brief + Telegramm + Postkarte,"Johnson, Uwe","Klemm, Eberhardt",1972,1972,,JohnsonUwe,KlemmEberhardt,172,0.00016579344996397913,0.0001901865814780199,0.0001798135615892573,0.0002384958781070168,0.0001806382963879853,0.0003268602896104213,0.00015154920267485667,0.00020896182923434712,0.00018316475594391715,0.00022266128241304705,8.568308844420281e-05,0.519920651863679,7.825089643280244e-05,0.0002248162273159975,0.00019006704013701457,0.00030429905404636933,3.7369630873469846e-05,0.00013084301761095475,0.0001514941313784958,0.00023655215542910896,0.00015163632627587827,0.0542886992245336,0.0001887798673934092,0.00019052641527328047,0.0003108043250751031,0.00024356534439651728,0.00015416688838567515,0.00017310426873695453,0.0002116238999406444,0.0001693902981160701,0.00010793408750317284,0.0110404616813691,0.0002510808914460441,0.000196717958069764,0.00018028529280605867,0.4078247014793745,0.000233790064930364,0.0002490455431095595,0.0002031443922442141,0.00022238951826972605
706,uj0177,uj0177,0162_060137.xml,letters-leipzig,Brief,"Baumgärtner, Klaus","Johnson, Uwe",1959-02-20,1959,2.0,BaumgärtnerKlaus,JohnsonUwe,487,8.25815337061262e-05,0.5284116876532973,8.9564935770551e-05,0.00011879453260032805,8.997573525988288e-05,0.00016280874805079269,7.548648991591234e-05,0.0001040836555844589,9.12341619650433e-05,0.00011090733803197478,4.2678651405934605e-05,9.659214825691544e-05,3.89766848009016e-05,0.00011198071370017224,9.46721820729871e-05,0.0054347405808953,1.8613771727613054e-05,6.517276208075713e-05,7.545905896422123e-05,0.00011782636648836232,7.55298860850368e-05,0.433845196989144,9.403104275575383e-05,9.490099631931316e-05,0.0001548112899078695,0.00012131962814149332,7.679035626773123e-05,8.622304443559723e-05,0.00010540963005334136,8.437311978490225e-05,5.3761849380176296e-05,0.00021607216992930927,0.00012506311379864877,9.798499692519844e-05,8.979990456689957e-05,0.0287924364273303,0.00011645057227169672,0.00012404930904767923,0.00010118599666615838,0.00011077197261333696
707,uj0946,uj0946,0219_060190.xml,letters-leipzig,Brief,"Baumgärtner, Klaus","Johnson, Uwe",1960-10-15,1960,10.0,BaumgärtnerKlaus,JohnsonUwe,281,0.00015433461765060113,0.0001770418152289026,0.0001673857277371345,0.00022201220957093228,0.00016815346090061286,0.0595457910344274,0.00014107486306099006,0.0001945194096959797,0.010044092258806,0.00020727202367932057,7.976109247398943e-05,0.000180518714054536,7.284257722121836e-05,0.0002092780293310953,0.0001769305360006731,0.00028326739185347526,3.478682477416399e-05,0.00012179978822821352,0.00014102359802326255,0.00022020282749715987,0.0001411559651048581,0.415859247207734,0.00017573232634113725,0.00017735816137446925,0.0002893230503680383,0.00022673129914686335,0.00014351162713940443,0.0001611401483895123,0.00019699749109608635,0.4938370306130684,0.00010047421131466816,0.0004038120174619841,0.00023372740834524144,0.00018312177501765128,0.00016782485519961694,0.0143151355821286,0.00021763163918343104,0.000231832733330243,0.0001891040454956828,0.00020701904254430165
708,uj1129,uj1129,0459_s000046.xml,letters-leipzig,Brief,"Johnson, Uwe","Baumgärtner, Klaus + Baumgärtner, Sabine",1964-06-04,1964,6.0,JohnsonUwe,BaumgärtnerKlaus+BaumgärtnerSabine,133,0.0002933739909080085,0.00033653800217970146,0.00031818278824817644,0.0004220220255418236,0.0003196421688171683,0.1319589880552912,0.0002681685821563458,0.00036976108406717697,0.00032411277681134674,0.0003940024714872819,0.00015161750729996294,0.00034314722375284657,0.00013846613230865376,0.000397815678743074,0.0003363264719877859,0.0005384617301498402,6.612612108916786e-05,0.0753061594670447,0.0002680711326732608,0.0004185825791743096,0.0002683227486722096,0.3025199004106182,0.000334048800554677,0.0003371393431662283,0.0005499729045904016,0.0004309925220086472,0.0002728006161968494,0.00030631059413750266,0.0566804447499508,0.0002997386675420872,0.0001909909831341328,0.0195362621722023,0.0004442913949873785,0.0003480953708046949,0.00031901752369604226,0.4025847317506392,0.0004136950187004672,0.0004406898156457808,0.0003594670422517615,0.0003935215807685647
709,uj0336,uj0336,0578_000028.xml,letters-leipzig,Brief,"Johnson, Uwe","Klemm, Eberhardt",1966-11-19,1966,11.0,JohnsonUwe,KlemmEberhardt,358,0.0001130389289591307,0.0290564195052013,0.0001225979218044646,0.00016260786314683628,0.0001231602307397319,0.0146862298271343,0.0001033271191274321,0.00014247137854434726,0.00012488278541437765,0.00015181174461419166,5.841922313425208e-05,0.00013221688305860684,5.335191182026571e-05,0.0001532809984589508,0.00012958880252620435,0.00020747284745055712,2.5478829534296227e-05,8.920952290778922e-05,0.00010328957120042788,0.0001612826218315008,0.00010338652050033726,0.3407452143561786,0.0001287112007370254,0.3255558304925193,0.0002119081787005956,0.0001660642544571327,0.00010511187231983405,0.000118023487300193,0.00014428639368227155,0.00011549128074280689,7.35900824320293e-05,0.00029576305465095167,0.00017118839771613982,0.0145974980360243,0.00012291955086469227,0.0249481745667297,0.0001593994126230902,0.0001698006854991315,0.00013850501650293525,0.2460289946432098
